doc_id,title,text_len,word_count,line_count,has_pipe,has_tab,has_brackets,num_count,year_count,unique_years,has_currency,pct_count,is_relevant
d8e4ea4ac,,4672,710,32,True,False,False,20,4,1,True,0,False
d8d3b0d4e,,2086,339,9,False,False,False,33,16,1,True,0,False
d89382114,,2367,350,14,False,False,False,19,5,1,True,0,False
d8d151e68,,1203,212,12,True,False,False,35,11,1,True,0,False
d88daccb2,,309,50,2,False,False,False,6,3,1,True,0,False
d8695f904,,4481,769,37,True,False,False,110,28,1,True,0,False
d85eaad4c,,153,24,1,False,False,False,0,0,0,False,0,False
d8ee54588,,3524,544,28,True,False,False,25,6,1,True,1,False
d8327a646,,3796,581,28,True,False,False,77,4,1,True,2,True
d8876a00c,,6429,1052,51,True,False,False,159,45,1,True,16,False
d8a1177de,,1995,299,9,True,False,False,18,7,1,True,0,False
d8c9cf906,,2550,384,16,False,False,False,9,3,1,False,1,False
d8d24b238,,6834,1051,47,True,False,False,99,20,1,True,0,False
d8cc5eb18,,1630,281,17,True,False,False,37,10,1,True,13,False
d8f5489f2,,5698,1004,50,True,False,False,134,11,1,True,34,False
d886d0c2c,,1347,206,11,False,False,False,9,5,1,False,0,False
d80ee2864,,475,67,3,False,False,False,5,4,1,False,0,True
d8deebccc,,5412,909,45,True,False,False,125,7,1,True,3,False
d8d772824,,2267,378,16,True,False,False,20,3,1,True,4,False
d86caca6c,,2629,477,24,True,False,False,105,11,1,True,0,False
d8d259b4e,,1341,231,18,True,False,False,35,6,1,True,0,False
d89ed6358,,2765,437,17,False,False,False,33,2,1,False,0,False
d863b7268,,947,147,4,False,False,False,10,10,1,False,0,False
d8aa1dd4c,,550,121,8,True,False,False,30,0,0,True,0,False
d8e075caa,,488,77,2,False,False,False,11,2,1,True,0,False
d8edcec58,,3386,515,23,False,False,False,19,11,1,True,0,False
d8b16dcc8,,998,178,14,True,False,False,70,9,1,True,0,False
d8e075ed0,,1541,240,10,False,False,False,7,2,1,False,0,False
d8d07ea90,,2965,471,15,True,False,False,22,6,2,True,0,False
d89c1cc52,,3732,600,34,True,False,False,76,12,2,True,1,False
d8ed899d2,,1551,268,20,True,False,False,58,4,1,True,0,False
d8a99492a,,3465,503,18,False,False,False,39,14,1,True,0,False
d8eed09b2,,1851,293,10,False,False,False,19,12,1,True,0,False
d869ea540,,2883,452,15,True,False,False,33,11,1,True,1,False
d868d969c,,3365,584,31,True,False,False,109,8,1,True,12,False
d8cf74208,,4103,654,40,True,False,False,66,10,2,True,1,False
d8d858572,,615,122,11,True,False,False,25,3,1,False,6,False
d8ca88370,,2411,368,12,False,False,False,63,25,1,True,3,False
d87516414,,472,70,3,False,False,False,3,1,1,True,0,False
d8b976050,,1424,354,22,True,False,False,111,3,1,True,2,False
d862755bc,,5125,932,31,True,False,False,100,8,1,True,5,False
d8d4f6fe6,,1427,220,11,False,False,False,15,4,1,True,0,False
d87bfca08,,2085,343,16,False,False,False,21,9,1,False,0,False
d8b57cd50,,1167,161,7,False,False,False,7,1,1,True,0,False
d87c97be8,,1614,245,10,False,False,False,18,7,1,True,0,False
d8694b81e,,1089,188,13,True,False,False,19,3,1,True,0,False
d8a312624,,3709,555,27,True,False,False,26,11,1,True,3,False
d88755a1c,,2040,413,21,True,False,False,52,10,1,False,1,False
d8bea8e88,,5057,758,35,True,False,False,57,18,1,True,0,False
d88d22d00,,5196,848,39,True,False,False,102,24,1,True,0,False
d8d4d279a,,4298,646,27,True,False,False,66,9,1,True,20,False
d89813aca,,980,148,7,False,False,False,29,13,1,True,0,False
d8dd40df0,,2114,411,35,True,False,False,90,6,1,True,0,False
d8f34d33c,,5255,831,18,True,False,False,81,44,1,True,0,False
d8751607c,,2405,376,15,False,False,False,45,15,1,True,0,False
d8777ecf6,,3290,581,29,True,False,False,106,18,1,True,6,False
d8b000746,,4970,819,48,True,False,False,54,8,1,True,0,False
d8c14bcee,,4502,696,28,True,False,False,80,30,1,True,7,False
d8ae9850c,,145,23,1,False,False,False,2,0,0,True,0,False
d87ec1d10,,3404,603,28,True,False,False,117,29,1,True,2,False
d8d64e6fa,,4072,783,57,True,False,False,171,21,1,True,0,False
d8c6d6b6e,,3408,522,23,True,False,False,63,23,1,True,0,False
d8c9a79e2,,232,33,2,False,False,False,4,2,1,False,0,False
d87a98702,,4791,854,36,True,False,False,140,19,1,True,0,False
d8890902a,,2098,349,21,True,False,False,76,20,1,True,0,False
d89532536,,5005,1155,61,True,False,False,357,6,1,True,0,False
d8a5cbb04,,1146,206,13,True,False,False,45,9,1,True,3,False
d8223560a,,569,79,3,False,False,False,7,2,1,True,0,False
d862f09ec,,4327,738,36,True,False,False,56,2,1,True,0,False
d8eca4d96,,4751,895,40,True,False,False,322,7,1,True,0,False
d89c4f74c,,697,104,4,False,False,False,3,1,1,False,0,False
d87a1dd72,,1226,181,12,False,False,False,18,15,2,False,0,False
d87cbde88,,5094,819,35,True,False,False,79,12,1,True,4,False
d8a2b42e0,,893,170,17,True,False,False,46,11,1,True,0,False
d8223524a,,1139,184,8,False,False,False,7,4,1,False,1,False
d8c0d7f4c,,4567,635,29,True,False,False,65,3,1,True,0,False
d8b8a5ae0,,2054,322,18,False,False,False,15,6,1,False,0,False
d8cd9d632,,4490,704,38,True,False,False,32,7,1,True,1,False
d887d2bfc,,903,146,6,False,False,False,12,5,1,True,0,False
d86afc1f4,,132,18,1,False,False,False,0,0,0,False,0,False
d88916b1c,,6845,1050,48,True,False,False,62,11,1,True,0,False
d8a4eece0,,3530,534,29,True,False,False,38,8,1,True,1,False
d8870b502,,1408,255,20,True,False,False,26,3,1,True,0,False
d8f340b32,,4003,599,21,False,False,False,56,33,1,True,0,False
d819b3162,,2264,359,17,False,False,False,49,22,1,True,0,False
d8a266ebe,,295,41,2,False,False,False,1,0,0,False,0,False
d88465e9c,,10740,1727,96,True,False,False,211,22,1,True,7,False
d8b0a1d4e,,3994,620,24,False,False,False,6,4,1,False,1,False
d863d99bc,,2758,469,22,True,False,False,81,19,1,True,14,False
d842dcf7a,,946,178,15,True,False,False,34,9,1,True,0,True
d8f25f614,,2063,290,10,False,False,False,18,3,1,True,0,False
d8c882530,,3591,585,26,True,False,False,49,17,1,True,0,False
d8d8da3b0,,3494,555,27,True,False,False,80,22,1,True,5,False
d8c95a548,,3287,637,32,True,False,False,157,6,1,True,0,False
d8665d558,,5260,814,33,True,False,False,92,49,1,True,10,False
d88c5dd34,,7697,1253,55,True,False,False,100,34,1,True,17,False
d82441b60,,769,110,4,False,False,False,2,1,1,False,0,True
d87b35a48,,3091,583,24,True,False,False,87,9,1,True,10,False
d8df9897c,,3140,555,30,True,False,False,108,7,1,True,6,False
d89151b74,,1338,205,7,False,False,False,13,3,1,True,0,False
d8adb2cd2,,704,145,12,True,False,False,66,4,1,True,0,False
d88df2b22,,2319,422,29,True,False,False,73,6,1,True,25,False
d8c75e258,,3655,620,32,True,False,False,117,27,1,True,16,False
d8beec3e0,,3163,502,22,True,False,False,19,1,1,True,5,False
d8b8276ae,,4246,645,36,True,False,False,57,2,1,True,0,False
d8e65ddfc,,1409,212,10,False,False,False,10,2,1,False,0,False
d87fed9be,,4213,674,21,False,False,False,71,27,2,True,0,False
d8e5fd8f8,,5140,860,38,True,False,False,103,37,1,True,6,False
d8abd3060,,6250,1017,43,True,False,False,122,20,1,True,3,False
d87876a6e,,1141,179,5,False,False,False,25,12,1,True,0,False
d87d9aafe,,6814,1154,50,True,False,False,172,21,1,True,0,False
d8ee05b40,,8965,1527,79,True,False,True,204,38,1,True,14,False
d8e0b4d24,,5347,818,32,True,False,False,66,19,1,True,8,False
d869d06a4,,2027,303,12,False,False,False,12,4,1,True,0,False
d8ccee808,,8371,1538,84,True,False,False,183,64,1,True,0,False
d879a9e36,,651,131,9,True,False,False,24,4,1,True,0,False
d8ea69f72,,6137,990,51,True,False,False,93,37,2,True,0,False
d8a0bce42,,4067,616,25,True,False,False,38,7,1,True,7,False
d8c3f3abe,,2148,314,12,False,False,False,3,0,0,False,0,False
d87eff462,,4515,702,27,True,False,False,72,12,1,True,1,False
d8e37405a,,4457,683,36,True,False,False,85,13,2,True,4,False
d8a3e183e,,916,142,9,False,False,False,4,3,1,True,0,False
d89b1abec,,332,66,5,True,False,False,8,4,1,False,4,False
d8b35f9c8,,5115,794,35,True,False,False,78,24,1,True,1,False
d8c5b61bc,,2347,386,21,True,False,False,68,9,1,True,0,False
d87f2965e,,13292,2325,135,True,False,False,369,31,1,True,7,False
d8f8897e2,,2648,405,20,True,False,False,48,7,1,True,14,False
d8a8783d4,,4262,818,63,True,False,False,244,1,1,True,12,False
d8c0c05ae,,4856,731,39,True,False,False,69,13,1,True,5,False
d8ebde632,,3163,464,13,False,False,False,13,6,1,True,0,False
d82d2c6a8,,1200,210,10,True,False,False,37,11,1,True,8,True
d8c3f3b86,,3354,532,21,True,False,False,46,11,1,True,9,False
d8f529a70,,763,130,5,False,False,False,4,3,1,False,0,False
d8e0599ba,,3337,529,24,True,False,False,87,17,1,True,0,False
d8ab1117c,,770,106,7,False,False,False,2,0,0,False,0,False
d8b316e76,,543,125,9,True,False,False,23,2,1,True,10,False
d8945848a,,9299,1544,64,True,False,False,142,37,1,True,24,False
d8ce707bc,,3132,476,26,True,False,False,125,10,1,True,0,False
d8ef60922,,3043,524,33,True,False,False,59,16,1,True,0,False
d8b736934,,6644,1090,38,True,False,False,88,29,1,True,2,False
d8ba001ce,,3526,559,29,True,False,False,83,35,1,True,5,False
d87851e1c,,1311,225,17,True,False,False,23,6,1,True,0,False
d8c1b41c2,,2116,335,13,False,False,False,27,8,1,True,0,False
d81a04f30,,3391,502,24,True,False,False,48,12,1,True,7,True
d88908f30,,3571,576,30,True,False,False,83,17,1,True,3,False
d8ba12cac,,2510,390,19,True,True,False,56,12,1,True,0,False
d8e34404e,,2463,373,21,True,False,False,29,4,1,True,0,False
d87c97d64,,6193,1001,38,True,False,False,58,3,1,True,0,False
d819229aa,,225,31,2,False,False,False,0,0,0,False,0,True
d87264946,,686,99,3,False,False,False,7,4,1,True,0,False
d86bdf99a,,4312,697,35,True,False,False,50,18,1,True,0,False
d8b9e7f48,,226,49,5,True,False,False,12,3,1,False,9,False
d8b2d5732,,793,129,6,False,False,False,6,2,1,True,1,False
d89864556,,4341,820,40,True,False,False,163,19,1,True,3,False
d87dd6c16,,5312,959,48,True,False,False,131,16,1,True,7,False
d8c518d5e,,2435,376,24,True,False,False,68,8,1,True,0,False
d8c8d06fe,,2686,421,21,True,False,False,29,9,1,True,0,False
d8740b920,,3451,515,29,True,False,False,51,16,1,True,0,False
d8eaec7f6,,3530,564,34,True,False,False,83,19,1,True,0,False
d8aff5012,,1095,166,8,False,False,False,2,1,1,False,0,False
d885791a8,,5098,760,28,False,False,False,14,2,1,True,4,False
d8c77398c,,3521,545,23,True,False,False,51,15,1,True,0,False
d8e92afda,,196,26,6,False,False,False,2,2,1,False,0,False
d8deebdd0,,2345,390,19,True,False,False,38,14,1,True,0,False
d87397d04,,625,78,2,False,False,False,4,4,1,False,0,False
d8e98cc9e,,206,29,2,False,False,False,2,0,0,False,0,False
d89b9aaf4,,279,73,5,True,False,False,26,6,1,False,0,False
d863c233e,,4751,759,37,True,False,False,80,31,2,True,0,False
d896ad1f4,,2539,411,24,True,False,False,44,16,1,True,0,False
d813171b4,,1719,282,10,True,False,False,53,10,1,True,0,False
d89d5ba78,,607,80,5,False,False,False,0,0,0,False,0,False
d89bf252e,,133,20,1,False,False,False,0,0,0,False,0,False
d88c35992,,9999,1583,81,True,False,False,204,37,1,True,0,False
d86a21d10,,3346,675,35,True,False,False,212,7,1,True,0,False
d8711958c,,2285,332,13,False,False,False,8,3,1,False,0,False
d8c2c6d58,,2298,353,13,False,False,False,24,2,1,True,0,False
d8b0f8d9c,,4557,646,18,False,False,False,18,6,1,False,0,False
d8c170620,,3042,480,20,False,False,False,45,14,1,True,13,False
d8c3d34f8,,3157,459,21,False,False,False,31,12,1,True,0,False
d8dbcea9e,,2934,423,13,False,False,False,25,8,1,True,1,False
d8ca743f2,,1589,266,12,True,False,False,43,9,1,True,1,False
d8a27a590,,2747,469,24,True,False,False,87,26,1,True,6,False
d8f5d5bb8,,1511,257,13,True,False,False,54,8,1,True,0,False
d8ea04708,,1522,222,9,False,False,False,29,6,1,True,0,False
d81da98d4,,1379,213,9,False,False,False,8,3,1,True,1,False
d83c8ad0c,,2713,474,30,True,False,False,80,14,2,True,3,False
d88bf532e,,2143,344,21,True,False,False,31,6,1,True,0,False
d8b57cbe8,,852,135,6,False,False,False,10,3,1,True,0,False
d88e03ea4,,2900,470,20,False,False,False,23,5,1,True,5,False
d81a102ae,,3454,550,19,True,False,False,44,8,1,True,0,False
d8756703a,,1592,251,8,False,False,False,8,3,1,True,1,False
d88aec8ec,,2959,470,27,True,False,False,24,6,1,False,11,False
d812de4cc,,2995,447,17,False,False,False,7,3,1,False,1,True
d873b57aa,,3518,562,24,True,False,False,64,33,1,True,0,False
d815b510a,,6217,1060,56,True,False,False,351,13,1,True,0,True
d8f13f4d2,,1524,269,16,True,False,False,60,6,1,True,0,False
d8d1fd538,,2710,443,20,True,False,False,39,12,1,True,9,False
d8cf59818,,1710,308,21,True,False,False,78,8,1,True,8,False
d8889dea6,,3905,603,29,False,False,False,19,8,1,True,0,False
d8e305d26,,2700,415,14,False,False,False,27,18,1,True,1,False
d88ffb75c,,1760,294,11,False,False,False,39,17,1,True,0,False
d8b4da884,,10198,1663,80,True,False,False,104,18,1,True,15,False
d8a6beb74,,3383,571,38,True,False,False,157,6,1,True,2,False
d885d2ec4,,2946,471,29,True,False,False,81,25,1,True,0,False
d8f8f8336,,4011,685,40,True,False,False,89,28,1,True,0,False
d8ad9781a,,3476,640,27,True,False,False,91,19,1,True,17,False
d8809f9c0,,4183,661,32,True,False,False,62,17,1,True,14,False
d8ac40fd4,,2928,482,21,True,False,False,27,6,1,True,9,False
d8f548a56,,3786,560,18,False,False,False,11,4,1,True,0,False
d8876a0d4,,1573,255,18,True,False,False,43,13,1,True,3,False
d819d25ee,,1894,286,8,False,False,False,18,6,1,True,0,False
d8f0947da,,4192,793,40,True,False,False,158,26,1,True,32,False
d85fb44fe,,2202,378,18,True,False,False,10,5,1,False,0,False
d8afd3b1a,,1330,296,22,True,False,True,55,1,1,True,0,False
d81128272,,875,136,8,False,False,False,17,6,1,False,0,True
d88a71174,,5151,779,31,True,False,False,87,20,1,True,0,False
d887d2d8c,,1417,216,9,False,False,False,7,3,1,False,1,False
d8c692b08,,3885,638,35,True,False,False,85,6,1,True,23,False
d89028824,,3535,569,29,True,False,False,80,17,1,True,0,False
d8d783728,,3086,534,26,True,False,False,59,1,1,True,1,False
d81cd67f4,,3910,583,24,False,False,False,5,4,1,False,0,False
d88d78cc8,,5087,820,48,True,False,False,37,5,1,True,26,False
d873b58cc,,4109,641,24,True,False,False,37,11,1,True,4,False
d8ced76c4,,6074,969,33,True,False,False,147,31,1,True,15,False
d8cc34020,,3098,474,20,False,False,False,56,19,1,True,0,False
d8cd809c4,,2357,350,18,True,False,False,57,14,1,True,0,False
d85efc9bc,,1157,254,17,True,False,False,88,2,1,True,6,False
d8a840ea2,,1174,186,7,False,False,False,6,5,1,True,0,False
d8a44de76,,3146,465,18,False,False,False,48,20,1,True,6,False
d8c9cf672,,1779,237,11,False,False,False,0,0,0,False,0,False
d89854f20,,1521,253,17,True,False,False,48,12,1,True,3,False
d86afc2d0,,797,148,12,True,False,False,19,2,1,True,0,False
d8dc9ccf0,,1263,196,8,False,False,False,13,1,1,True,0,False
d8eeb9c30,,484,90,7,True,False,False,15,3,1,False,12,False
d86444744,,1751,301,15,True,False,False,26,4,1,True,0,False
d8f12569a,,1142,204,5,False,False,False,8,3,1,False,0,False
d8b044586,,1335,251,13,True,False,False,55,11,2,True,0,False
d8d7680ea,,2427,420,20,True,False,False,56,14,1,True,4,False
d87e0e6f2,,4555,769,34,True,False,False,138,23,1,True,0,False
d8afb07e6,,2116,307,9,False,False,False,20,10,1,True,0,False
d8b611734,,790,112,5,False,False,False,1,0,0,False,0,False
d8199c930,,2089,310,11,False,False,False,25,13,1,True,3,True
d85efc87c,,2352,355,12,True,False,False,20,7,1,True,1,False
d80ee27b0,,2180,414,23,True,False,False,88,11,1,True,7,True
d81818a3c,,2583,439,23,True,False,False,57,4,1,True,0,True
d888dafea,,2340,378,15,True,False,False,49,2,1,True,1,False
d8b3ef2b2,,11747,1876,83,True,False,False,162,31,1,True,3,False
d87a5cd88,,4776,741,30,False,False,False,59,30,2,True,0,False
d8a7b5e88,,1822,307,23,True,False,False,47,22,1,True,7,False
d8b2fbb8a,,822,108,5,False,False,False,6,2,1,True,0,False
d8a67f4e2,,5033,774,36,True,False,False,111,44,1,True,7,False
d897ab2e0,,1384,335,17,True,False,False,76,11,2,True,0,False
d8b8658e6,,1344,191,7,False,False,False,5,3,1,False,0,False
d812ed486,,281,42,3,False,False,False,2,0,0,False,0,True
d85f2a2b8,,4887,897,57,True,False,False,173,9,1,True,36,False
d8816fe40,,1850,318,13,True,False,False,24,5,1,True,0,False
d8c017ba2,,843,131,5,False,False,False,1,1,1,False,0,False
d8b7a8e1c,,4367,857,46,True,False,False,137,28,1,True,0,False
d8ea5b13e,,5169,817,41,True,False,False,132,12,1,True,29,False
d8c13b4ac,,5438,855,39,True,False,False,37,9,1,True,0,False
d8dcbeff8,,29,3,1,False,False,False,1,0,0,False,0,False
d87f0c270,,534,112,10,True,False,False,15,5,1,True,0,False
d8f4eda8e,,1476,229,9,False,False,False,16,10,1,True,0,False
d877630c8,,723,116,5,False,False,False,0,0,0,False,0,False
d8d04d526,,1644,250,9,False,False,False,5,1,1,True,0,False
d868870ea,,843,155,9,True,False,False,25,5,1,True,5,False
d87574cbc,,3090,502,21,True,False,False,136,19,1,True,1,False
d870f4994,,1650,273,16,True,False,False,23,2,1,True,0,False
d8eabdff0,,3304,550,29,True,False,False,120,39,1,True,12,False
d8ef60ba2,,495,96,6,True,False,False,18,5,1,True,0,False
d81b7d772,,6873,1053,44,True,False,False,24,5,1,True,0,False
d81b48964,,1754,294,14,True,False,False,73,11,1,True,0,False
d811283ee,,2877,463,16,False,False,False,23,15,1,False,0,True
d8b090760,,2871,450,24,True,False,False,67,6,1,True,3,False
d8cda675a,,5042,757,26,False,False,False,96,42,1,True,0,False
d8203ffd0,,4619,768,28,True,False,False,51,12,2,True,1,True
d891a87e4,,5599,928,40,True,False,False,108,39,1,True,42,False
d87144d0e,,1035,185,17,True,False,False,58,6,1,True,0,False
d8e447680,,1065,162,6,False,False,False,10,5,1,True,0,False
d82267b64,,4311,741,41,True,False,False,169,31,1,True,17,True
d8d27b488,,4280,970,50,True,False,False,172,8,1,True,0,False
d8c4e9680,,3515,551,22,True,False,False,51,25,1,True,6,False
d88a4a236,,1613,269,18,True,False,False,39,11,1,True,15,False
d8ac67fda,,7016,1052,40,True,False,False,70,15,2,True,10,False
d8cf2bd8c,,1297,210,12,True,False,False,24,7,1,True,0,False
d8cfa9c28,,2267,340,16,False,False,False,35,5,1,True,0,False
d8e73f1f8,,1002,171,12,True,False,False,8,2,1,False,0,False
d842dce6c,,1327,221,15,True,False,False,30,2,1,True,0,True
d8deebd62,,2364,395,22,True,False,False,59,14,1,True,0,False
d8acff86c,,444,67,2,False,False,False,0,0,0,False,0,False
d819d23c8,,1389,217,7,False,False,False,31,12,1,True,3,False
d865ee43c,,9308,1624,92,True,False,False,227,41,1,True,0,False
d8327a81c,,3912,602,22,False,False,False,71,25,2,True,6,True
d85f4a504,,1137,210,12,True,False,False,21,6,1,False,4,False
d8f43c3b0,,5995,969,46,True,False,False,77,13,1,True,0,False
d8d845eea,,1021,197,14,True,False,False,72,6,1,True,0,False
d8d5bdc90,,7748,1244,50,True,False,False,47,17,1,True,7,False
d8a4a4320,,810,148,10,True,False,False,28,6,1,True,0,False
d8bb01bb8,,7502,1256,72,True,False,False,166,31,1,True,10,False
d8852ca9c,,2125,399,27,True,False,False,105,3,1,True,0,False
d8ecca1ae,,3903,576,27,True,False,False,41,7,1,True,1,False
d8de39874,,1351,257,15,True,False,False,69,8,1,True,2,False
d8a39124e,,6455,1067,30,True,False,False,306,60,2,False,0,False
d8dc3a0fa,,1246,184,8,False,False,False,10,4,1,True,0,False
d8d66fa9e,,4096,646,39,True,False,False,45,13,1,False,0,False
d86760e00,,1840,370,25,True,False,False,74,7,1,True,10,False
d8f767bc0,,656,118,7,True,False,False,49,1,1,True,1,False
d8d1db1fe,,2985,490,25,True,False,False,97,19,1,True,12,False
d89a6ec20,,3290,506,17,False,False,False,15,2,1,True,0,False
d81cc5a1c,,1952,303,11,False,False,False,33,9,1,True,6,True
d8b5fc17c,,2696,448,18,True,False,False,58,24,1,True,2,False
d8cdc746e,,7537,1382,58,True,False,False,257,9,1,True,16,False
d8669055c,,1314,185,7,False,False,False,7,1,1,False,0,False
d8803866c,,677,134,13,True,False,False,29,4,1,True,2,False
d889d02d8,,970,163,2,False,False,False,15,7,1,True,0,False
d81decb70,,3643,601,32,True,False,False,101,28,1,True,0,True
d8d0fa55a,,3578,580,26,True,False,False,48,2,1,True,0,False
d8f43c248,,3812,608,27,True,False,False,57,16,1,True,0,False
d8646ec42,,3190,661,31,True,False,False,131,18,1,True,29,False
d8629a9ac,,2727,551,34,True,False,False,205,15,1,True,0,False
d8a5a3230,,2174,355,18,True,False,False,38,14,1,True,0,False
d8c23539e,,4538,707,20,True,False,False,47,9,1,True,0,False
d8d09a416,,440,67,5,False,False,False,4,0,0,False,0,False
d8b3b76b4,,3437,557,27,True,False,False,55,22,1,True,0,False
d896447d0,,3528,556,20,False,False,False,32,16,1,True,0,False
d8f32b0de,,2607,374,17,False,False,False,4,0,0,False,0,False
d8b7e81ca,,5648,936,43,True,False,False,93,4,1,True,0,False
d8c6f41fa,,7556,1188,49,True,False,False,78,16,1,True,0,False
d85f771b2,,7586,1229,58,True,False,False,187,30,1,True,10,False
d8292c544,,1465,227,8,True,False,False,21,7,1,True,0,True
d85f0aab2,,898,176,15,True,False,False,34,3,1,True,7,False
d8ab28d04,,2185,330,18,True,False,False,6,1,1,True,0,False
d8f6c9f06,,4096,692,29,True,False,False,74,31,2,True,4,False
d8ae05fea,,1398,216,8,False,False,False,24,11,1,True,5,False
d86444848,,1701,236,11,False,False,False,0,0,0,False,0,False
d884241fe,,1969,297,15,False,False,False,7,5,1,True,0,False
d82e92858,,2216,360,22,True,False,False,57,13,1,True,2,False
d87d041ee,,2823,471,24,True,False,False,42,15,1,True,0,False
d8dfb97c6,,3207,545,25,True,False,False,54,9,1,True,5,False
d8af42a3e,,5173,990,49,True,False,False,236,8,1,True,16,False
d8a894a34,,2023,313,15,True,False,False,37,12,1,True,0,False
d8775a48c,,4507,738,25,True,False,False,52,3,1,True,0,False
d8196f3f4,,5265,811,42,True,False,False,42,12,2,True,1,True
d8c54000c,,1458,271,18,True,False,False,60,7,1,True,0,False
d8ea045f0,,1610,223,11,False,False,False,21,2,1,True,0,False
d8776310e,,1118,188,14,True,False,False,20,6,1,False,0,False
d8a6a4026,,5436,831,34,False,False,False,71,30,1,True,2,False
d8865dae2,,2025,381,19,True,False,False,241,29,1,True,0,False
d85dae664,,2506,435,26,True,False,False,32,5,1,True,0,False
d8d0d521e,,2583,400,12,False,False,False,5,1,1,False,0,False
d87a5cc16,,244,42,2,False,False,False,2,1,1,False,0,False
d8b52db6a,,5257,906,49,True,False,False,170,25,1,True,2,False
d89fc2cbc,,3384,542,23,False,False,False,42,18,1,True,0,False
d8373b14e,,2005,364,16,True,False,False,85,28,1,True,0,True
d8a97f656,,1386,233,21,True,False,False,49,11,1,True,0,False
d8c40841e,,877,191,12,True,False,False,65,1,1,True,10,False
d8e29deb0,,1699,271,11,True,False,False,27,1,1,False,0,False
d8ad4c450,,896,172,13,True,False,False,31,6,1,True,6,False
d8c127722,,6518,1069,47,True,False,False,99,17,1,True,0,False
d8e7fb9ca,,1061,170,14,True,False,False,28,4,2,False,1,False
d8789c552,,8052,1359,62,True,False,False,220,41,1,True,4,False
d8c29a758,,1724,239,10,False,False,False,0,0,0,False,0,False
d8bfb34c2,,2591,495,22,True,False,False,89,4,1,True,0,False
d8ef7f8f4,,679,88,4,False,False,False,4,1,1,True,1,False
d8e4cbf8e,,3925,761,43,True,False,False,220,7,1,True,0,False
d88e57fb8,,431,86,9,True,False,False,19,2,1,True,0,False
d8dded44c,,2455,374,11,False,False,False,9,6,1,True,0,False
d8f34d47c,,5890,967,43,True,False,False,106,13,1,True,0,False
d8a355848,,2079,372,27,True,False,False,70,26,1,True,0,False
d8eaff554,,3177,468,23,False,False,False,41,22,1,False,0,False
d86b2243a,,3160,447,15,False,False,False,17,3,1,True,0,False
d8855e150,,989,157,7,False,False,False,5,2,1,True,0,False
d8e62557e,,4024,667,16,True,False,False,82,34,1,True,9,False
d897ab286,,350,66,7,True,False,False,12,2,1,True,0,False
d87228de2,,3729,576,22,True,False,False,52,15,1,True,6,False
d8c1c8c9e,,748,157,10,True,False,False,36,2,1,True,0,False
d827068f0,,9398,1687,95,True,False,False,389,36,1,True,46,True
d82200bbc,,2960,450,17,False,False,False,48,19,1,True,0,False
d8ac57554,,2173,346,17,True,False,False,55,13,1,True,0,False
d87f0c324,,365,78,7,True,False,False,21,3,1,False,6,False
d88dcb874,,1251,176,9,False,False,False,5,0,0,False,2,False
d8873b180,,3342,592,33,True,False,False,84,17,1,True,20,False
d829ed99c,,4232,822,50,True,False,False,261,7,2,True,0,True
d87821a96,,1141,177,8,True,False,False,12,4,1,True,2,False
d81e4fb4e,,6166,983,38,True,False,False,72,10,1,True,2,True
d8b41480a,,2809,426,14,False,False,False,44,20,1,True,1,False
d8f54886c,,5251,812,33,True,False,False,66,10,1,True,1,False
d8788d71e,,2345,408,20,True,False,False,60,15,2,True,1,False
d8e20241a,,2245,355,21,True,False,False,40,7,1,True,10,False
d8c08eae0,,5243,769,27,True,False,False,61,21,1,True,0,False
d8afbdd56,,1376,193,8,False,False,False,8,4,1,True,0,False
d89cb99f8,,959,143,2,False,False,False,12,4,1,True,0,False
d87ee56de,,3077,483,13,False,False,False,19,7,1,True,2,False
d88cba89a,,1651,298,22,True,False,False,74,3,1,True,0,False
d88e61c98,,2252,342,13,False,False,False,13,3,1,True,3,False
d86e8e04c,,1378,210,13,True,False,False,39,9,1,True,0,False
d861f425a,,633,125,16,True,False,False,14,1,1,True,0,False
d8b3ef14a,,4095,658,31,True,False,False,90,17,1,True,1,False
d8eed08d6,,1044,154,4,False,False,False,6,4,1,True,0,False
d899fdaf2,,997,149,8,False,False,False,12,5,1,False,3,False
d8b865a94,,2391,450,20,True,False,False,71,3,1,True,0,False
d89c3809c,,4010,756,35,True,False,False,159,13,1,True,11,False
d8779f852,,1396,214,8,False,False,False,26,6,1,True,0,False
d8b2d57b4,,736,128,10,True,False,False,21,3,1,True,12,False
d8f40b4f4,,1323,297,13,True,False,False,44,2,1,True,0,False
d87068a48,,1645,262,14,True,False,False,18,4,1,True,0,False
d8def81c0,,3872,628,28,True,False,False,32,4,1,True,0,False
d8dd215d6,,859,167,11,True,False,False,31,2,1,True,17,False
d8623ce38,,2556,471,31,True,False,False,100,3,1,False,4,False
d81b36264,,965,238,15,True,False,False,52,2,1,True,0,False
d86de5820,,1424,266,24,True,False,False,31,2,1,True,1,False
d87f3c42a,,606,99,4,False,False,False,17,4,1,True,1,False
d8a5e5b62,,4942,716,30,True,False,False,61,17,1,True,0,False
d8e350e52,,3946,600,37,False,False,False,43,28,1,True,0,False
d8616f6a4,,3021,473,27,True,False,False,34,14,1,True,0,False
d8a5e5a54,,1297,219,16,True,False,False,49,3,1,True,0,False
d87b2254c,,1759,298,13,True,False,False,42,12,1,True,11,False
d885114f4,,8435,1423,65,True,False,False,189,14,1,True,0,False
d8a5582d0,,3617,552,33,True,False,False,53,5,1,True,0,False
d8665d454,,7278,1191,62,True,False,False,111,27,1,True,15,False
d8f72f0e0,,1378,198,9,False,False,False,2,1,1,False,0,False
d8247dfb6,,2599,416,17,False,False,False,23,7,1,True,2,True
d86081a76,,4354,632,22,False,False,False,19,6,1,False,1,False
d89168144,,5032,849,39,True,False,False,122,34,1,True,2,False
d8c07e33e,,2745,414,24,True,False,False,77,21,2,True,5,False
d8e83c4fc,,1580,258,15,True,False,False,24,8,1,True,0,False
d8dd1347c,,4170,694,38,True,False,False,178,11,1,True,44,False
d89d89144,,2595,431,22,True,False,False,69,20,1,True,0,False
d89ca87fc,,1793,355,20,True,False,False,75,12,1,True,0,False
d8ec03d74,,5593,954,49,True,False,False,177,23,1,True,0,False
d8373b22a,,4041,637,35,True,False,False,45,12,1,True,1,True
d8972a780,,4368,734,35,True,False,False,41,3,1,False,0,False
d86d240bc,,3695,596,28,True,False,False,58,15,1,True,0,False
d8959cdc8,,1867,331,14,True,False,False,40,8,1,True,0,False
d8d637ef0,,1625,248,9,False,False,False,20,3,1,True,0,False
d8983be8a,,1703,219,11,True,False,False,22,4,1,True,4,False
d8e62f934,,392,61,2,False,False,False,12,6,1,True,0,False
d86481c2a,,3175,570,29,True,False,False,105,10,1,True,11,False
d8a5978ae,,3462,541,23,True,False,False,31,7,1,True,2,False
d877b0e54,,11331,1751,81,True,False,False,114,33,1,True,9,False
d8f444cf4,,6427,1000,42,True,False,False,63,16,1,True,8,False
d8f8467a8,,4324,769,44,True,False,False,159,34,2,True,1,False
d82e4efe0,,310,46,1,False,False,False,4,2,1,False,0,True
d8d4a9ea8,,1376,219,11,False,False,False,11,5,2,True,0,False
d8b083934,,4693,806,45,True,False,False,221,9,1,True,0,False
d87b8cc80,,3719,606,29,True,False,False,132,42,1,True,0,False
d88b06936,,703,140,12,True,False,False,27,4,1,True,0,False
d8b044658,,6587,1047,35,True,False,False,66,33,2,True,0,False
d8bef670a,,1125,178,8,False,False,False,13,6,1,False,0,False
d8c594918,,1164,183,5,False,False,False,15,6,1,True,0,False
d8943f48a,,9233,1602,77,True,False,False,286,50,1,True,5,False
d89cb9ba6,,1251,184,7,False,False,False,12,4,1,True,1,False
d8f26f53c,,481,93,7,True,False,False,17,3,1,True,0,False
d8ece1e6c,,718,103,5,False,False,False,1,1,1,False,0,False
d88a7a594,,7076,1122,45,True,False,False,48,13,1,True,0,False
d86a8762e,,3688,597,33,True,False,False,59,15,1,True,11,False
d88791ec2,,5272,836,45,True,False,False,195,20,1,True,0,False
d8aa2d99a,,4022,607,27,True,False,False,30,3,1,True,0,False
d8bc1746c,,6577,1011,40,True,False,False,129,27,1,True,2,False
d812a0f14,,5414,820,30,False,False,False,35,7,1,True,0,False
d8cfc2d54,,3199,513,24,True,False,False,72,11,1,True,0,False
d8ad4c23e,,2960,483,22,True,False,False,47,12,1,True,0,False
d8f8e15dc,,1952,356,23,True,False,False,106,6,1,True,0,False
d8ded01ca,,3882,662,23,True,False,False,82,16,1,True,20,False
d8b827730,,1817,382,26,True,False,False,149,4,1,True,0,False
d8d6c6010,,3545,537,17,False,False,False,41,22,1,True,0,False
d896354b0,,1055,148,7,False,False,False,0,0,0,False,0,False
d813f946a,,946,160,5,False,False,False,17,5,1,True,0,False
d80f34cfe,,3165,518,32,True,False,False,64,12,1,True,9,True
d82787ad6,,2167,354,21,True,False,False,103,11,1,True,4,True
d8f4254ee,,3529,566,23,False,False,False,65,32,1,True,6,False
d84d3772c,,4441,675,37,True,False,False,48,21,1,True,2,False
d8d4c5266,,2636,391,13,False,False,False,38,1,1,True,0,False
d8b8cce24,,1081,166,8,False,False,False,5,2,1,True,0,False
d8926f704,,692,105,3,False,False,False,1,1,1,False,0,False
d8327a68c,,403,74,6,True,False,False,16,2,1,True,0,True
d8202fb30,,3519,566,22,True,False,False,46,17,1,True,10,True
d89c1cb44,,671,107,4,False,False,False,5,1,1,True,0,False
d893bfab4,,4291,686,33,True,False,False,103,22,1,True,0,False
d8e579f30,,1027,249,13,True,False,False,92,6,1,True,4,False
d883f9328,,681,93,5,False,False,False,1,0,0,False,0,False
d88e3768c,,6040,966,42,True,False,False,81,19,1,True,0,False
d8f696b6a,,3827,688,32,True,False,False,114,10,1,True,10,False
d810cc5e4,,2752,427,14,False,False,False,9,4,1,True,0,True
d86a78610,,6152,939,45,True,False,False,31,3,1,True,12,False
d886d0bd2,,1746,317,20,True,False,False,50,13,1,True,0,False
d830e4f70,,3104,456,14,False,False,False,23,13,2,True,0,True
d83ac8726,,1160,267,12,True,False,False,63,2,1,True,0,True
d864b4e54,,2485,367,12,False,False,False,10,4,1,True,0,False
d8ab68fd0,,3692,601,29,True,False,False,71,24,1,True,1,False
d89678486,,1046,169,5,False,False,False,5,2,1,True,0,False
d8b1d27d6,,4069,793,31,True,False,False,131,5,1,True,0,False
d8e7d750c,,4953,798,29,True,False,False,67,17,1,True,42,False
d8727eecc,,4892,748,28,False,False,False,71,27,2,True,2,False
d867e1492,,1721,285,10,False,False,False,4,0,0,False,2,False
d873d519a,,1952,275,19,False,False,False,5,1,1,True,1,False
d8d3fbc40,,2674,438,21,True,False,False,22,2,1,False,3,False
d85fde010,,456,96,9,True,False,False,30,5,1,True,4,False
d87acf00e,,1432,245,11,True,False,False,56,10,1,True,0,False
d883dba26,,4739,813,47,True,False,False,171,2,2,True,0,False
d8dce4eba,,6873,1088,42,True,False,False,141,27,1,True,12,False
d896fc65a,,1156,257,13,True,False,False,111,10,1,True,21,False
d8d575e40,,363,55,3,False,False,False,0,0,0,False,0,False
d88000aaa,,211,34,2,False,False,False,2,0,0,False,0,False
d89c28714,,1875,336,17,True,False,False,59,14,1,True,11,False
d8867855e,,3547,554,18,True,False,False,42,8,1,True,32,False
d8e6e6a12,,4005,751,33,True,False,False,119,21,1,True,4,False
d8734bd46,,4773,733,34,False,False,False,33,11,1,True,2,False
d88f99930,,3796,657,32,True,False,False,94,19,1,True,0,False
d8ae624b6,,4735,728,28,True,False,False,31,4,1,True,0,False
d84dc5f18,,4098,688,32,True,False,False,95,39,1,True,2,True
d8f529c00,,5094,1166,50,True,False,False,200,14,1,True,0,False
d89ec48d8,,821,150,11,True,False,False,23,7,1,True,0,False
d888db08a,,3045,500,20,True,False,False,44,6,1,True,4,False
d89b31b26,,361,76,7,True,False,False,15,3,1,True,0,False
d8156667c,,3869,577,28,True,False,False,45,11,1,True,0,True
d8f508f8c,,2867,458,23,True,False,False,40,21,1,True,0,False
d8d6f44b0,,3458,673,35,True,False,False,146,27,1,True,36,False
d81114790,,941,131,5,False,False,False,0,0,0,False,0,False
d8dd8d600,,1901,296,11,False,False,False,14,4,1,True,0,False
d85ee0956,,5761,921,36,True,False,False,98,12,1,True,3,False
d8f5488d0,,1444,211,8,False,False,False,11,7,1,True,1,False
d876fa082,,5367,1022,48,True,False,False,177,16,1,True,12,False
d879c5758,,2194,410,26,True,False,False,60,6,1,True,0,False
d8cb2d53c,,795,158,13,True,False,False,29,3,1,True,0,False
d8a2425b4,,4202,671,25,True,False,False,59,11,1,True,6,False
d8f57e0e8,,8474,1497,74,True,False,False,305,33,1,True,32,False
d8dd01100,,3636,605,32,True,False,False,92,10,1,True,0,False
d89337aba,,541,86,2,False,False,False,9,2,1,True,2,False
d8143a280,,1925,295,10,False,False,False,21,6,1,True,0,False
d8f8899d6,,5469,905,52,True,False,False,180,5,1,True,0,False
d8d2c9bce,,946,151,9,True,False,False,27,5,1,True,0,False
d811dc146,,3914,618,29,True,False,False,57,13,1,True,0,True
d89644848,,903,155,15,True,False,False,24,2,1,True,0,False
d8f25f772,,2033,313,11,False,False,False,16,2,1,True,0,False
d8ce2f4d8,,6046,1057,54,True,False,False,304,38,1,True,4,False
d8ccdf70e,,3464,695,32,True,False,False,86,12,1,True,0,False
d8a700452,,999,153,8,False,False,False,12,3,1,True,1,False
d8bf4f094,,819,122,4,False,False,False,8,5,1,False,0,False
d8826ed5a,,7085,1157,51,True,False,False,130,28,2,True,0,False
d8ed98a7c,,2529,399,14,False,True,False,48,17,1,True,0,False
d8751627a,,285,42,1,False,False,False,3,2,1,False,0,False
d8e95dbd8,,2980,453,24,False,False,False,19,12,1,False,0,False
d8a4e646e,,10997,1775,69,True,False,False,159,46,1,True,7,False
d8a321a7a,,3256,540,23,True,False,False,58,10,1,True,33,False
d8848a530,,798,201,12,True,False,False,83,1,1,True,13,False
d824b7ec8,,1236,226,16,True,False,False,40,4,1,True,0,True
d8ec82156,,1687,280,17,True,False,False,36,12,2,True,0,False
d8b2ec806,,590,109,8,True,False,False,10,4,1,False,5,False
d89d0b096,,4635,736,25,True,False,False,54,17,1,True,1,False
d88c35866,,953,172,18,True,False,False,59,6,1,True,0,False
d88909070,,1593,258,21,True,False,False,71,4,1,True,12,False
d8c6e8ecc,,1193,197,6,False,False,False,11,3,1,True,0,False
d89c92baa,,5375,842,36,True,False,False,78,12,1,True,10,False
d81143a0e,,1115,144,5,False,False,False,1,0,0,False,0,True
d8863d1a2,,3330,545,28,True,False,False,71,38,1,True,0,False
d83b5a1d0,,349,66,6,True,False,False,17,3,1,True,0,True
d890e026c,,842,142,7,True,False,False,16,3,1,True,2,False
d8ecca0be,,468,80,3,False,False,False,17,6,1,True,0,False
d83dd4b18,,2680,416,15,False,False,False,66,24,1,True,0,True
d85db9e9c,,4490,694,31,True,False,False,35,13,1,True,8,False
d8e5a95f0,,965,150,10,True,False,False,12,4,1,False,6,False
d899b62b0,,1869,294,9,False,False,False,25,9,1,True,1,False
d82afa754,,1033,178,7,False,False,False,10,5,1,True,0,False
d8ccb96c6,,822,153,9,True,False,False,18,3,1,True,0,False
d88f87672,,529,77,4,False,False,False,8,5,1,True,2,False
d873aca9c,,2389,346,12,False,False,False,31,18,1,True,9,False
d8d3ef580,,1801,316,23,True,False,False,33,2,1,True,1,False
d87085e54,,1128,202,18,True,False,False,56,8,1,True,0,False
d8926f8bc,,720,119,5,False,False,False,26,12,1,True,6,False
d8709773a,,1112,164,8,False,False,False,3,1,1,False,2,False
d879d7692,,1243,235,16,True,False,False,52,5,1,False,42,False
d8ba69a84,,2887,461,22,False,False,False,48,17,1,True,7,False
d882e5842,,2210,612,34,True,False,False,160,8,1,True,0,False
d8e90cb84,,3354,564,33,True,False,False,49,11,1,True,17,False
d85ff2ce0,,702,165,10,True,False,False,45,9,1,True,0,False
d8e41ac8e,,3619,749,59,True,False,False,172,1,1,True,0,False
d87b8cb5e,,2814,460,23,True,False,False,65,23,1,True,18,False
d8170caf8,,3585,636,36,True,False,False,127,9,1,True,29,False
d8ca0347c,,3954,687,38,True,False,False,98,18,1,True,5,False
d8e3fa1c8,,3852,656,37,True,False,False,59,10,1,True,2,False
d85e5ecee,,837,124,8,False,False,False,5,2,1,True,0,False
d8a813a92,,695,157,10,True,False,False,58,2,1,True,2,False
d866ce2a8,,2671,459,27,True,False,False,56,15,1,True,0,False
d81f401c0,,137,23,3,False,False,False,2,1,1,False,0,True
d883e6d86,,495,91,7,True,False,False,16,1,1,True,0,False
d8ba69afc,,2217,340,17,True,False,False,33,5,2,True,1,False
d879e4356,,4160,686,28,True,False,False,114,26,1,True,2,False
d838f1e52,,2908,524,40,True,False,False,151,12,1,True,0,True
d8d1fd4e8,,1444,248,9,True,False,False,37,17,1,True,5,False
d8882d53e,,2332,340,12,False,False,False,2,0,0,False,0,False
d8843b2d2,,1140,173,6,False,False,False,0,0,0,False,0,False
d8ee29b6c,,3900,635,25,True,False,False,71,8,1,True,0,False
d8a41d028,,3504,533,24,False,False,False,28,2,1,True,15,False
d8e42d032,,4452,820,44,True,False,False,110,4,1,True,0,False
d8606f236,,6333,971,55,True,False,False,47,9,1,True,0,False
d816616ee,,2939,445,15,False,False,False,24,11,1,True,0,False
d8df05fe6,,1328,223,19,True,False,False,27,2,1,False,0,False
d82074226,,628,89,5,False,False,False,1,1,1,False,0,True
d867e14ce,,378,61,3,False,False,False,1,0,0,False,0,False
d8ef0c430,,3253,516,24,False,False,False,47,14,1,True,16,False
d8d19cb34,,2458,411,27,True,False,False,42,3,1,True,0,False
d87097820,,2676,387,9,False,False,False,45,17,1,True,8,False
d87516022,,224,37,1,False,False,False,0,0,0,False,0,False
d8b838044,,2988,459,22,False,False,False,0,0,0,False,0,False
d88eb2a80,,3874,631,20,True,False,False,84,26,1,True,0,False
d8e7d7746,,2128,333,17,True,False,False,42,5,1,True,0,False
d8e5fd81c,,5132,854,39,True,False,False,135,35,1,True,6,False
d8f62a0a0,,937,145,7,False,False,False,2,0,0,True,0,False
d8dca4590,,1244,254,13,True,False,False,64,5,1,True,5,False
d824419da,,981,150,7,False,False,False,15,5,1,True,0,True
d8e92aef4,,845,135,6,False,False,False,1,1,1,False,0,False
d8d5fee66,,4675,853,39,True,False,False,205,31,1,True,26,False
d89854df4,,3773,531,23,False,False,False,24,8,1,True,0,False
d86d0316e,,582,108,5,False,False,False,17,12,1,True,0,False
d8f6ea332,,1909,308,10,False,False,False,17,5,1,True,3,False
d8202fac2,,502,75,4,False,False,False,14,7,1,True,2,True
d8f35fcb2,,6720,1059,52,True,False,False,62,31,1,True,18,False
d8666bb44,,7662,1169,50,True,False,False,131,17,1,True,0,False
d8a0e3dc6,,2219,432,26,True,False,False,84,9,1,True,16,False
d857773cc,,837,124,5,False,False,False,13,5,1,True,0,True
d8bcb8524,,4936,953,68,True,False,False,243,14,1,True,25,False
d8cbe8abc,,1108,163,6,False,False,False,14,6,1,True,0,False
d8a2233da,,1975,379,24,True,False,False,81,3,1,True,14,False
d8799ac56,,2642,566,39,True,False,False,147,16,1,True,0,False
d8cac697c,,3735,592,23,True,False,False,52,11,2,True,4,False
d8c37ccf2,,1840,280,8,False,False,False,30,10,2,True,0,False
d8e8c6468,,3832,650,42,True,False,False,71,6,1,True,0,False
d88ea2518,,2790,444,21,True,False,False,28,9,1,True,0,False
d8926f79a,,317,49,3,False,False,False,6,3,1,True,0,False
d815b556a,,3368,562,24,True,False,False,79,8,1,True,14,True
d8baa674a,,3526,565,25,True,False,False,77,35,1,True,2,False
d875d8a96,,2617,392,19,False,False,False,32,10,1,True,4,False
d886f80ce,,9201,1507,81,True,False,False,348,50,2,True,0,False
d8de8a26a,,9709,1622,86,True,False,False,268,45,2,True,20,False
d8b728406,,1498,265,18,True,False,False,28,0,0,True,0,False
d894e00ec,,978,207,15,True,False,False,31,6,1,True,0,False
d8f861a12,,5924,1083,54,True,False,False,300,12,1,True,24,False
d8a255e48,,752,150,14,True,False,False,54,7,1,True,0,False
d881fa07c,,2424,394,17,True,False,False,58,10,1,True,0,False
d862d1d4e,,3123,516,23,True,False,False,111,30,1,True,30,False
d8d54204a,,2309,512,27,True,False,False,133,17,1,True,12,False
d87a5caf4,,794,124,6,False,False,False,5,2,1,True,0,False
d87528bdc,,5068,828,37,True,False,False,137,27,1,True,0,False
d8afe3e0c,,2056,314,9,False,False,False,14,4,1,True,0,False
d8bd67542,,967,150,4,False,False,False,11,4,1,True,0,False
d8b890320,,3134,686,29,True,False,False,255,8,1,True,0,False
d8bd01382,,9150,1502,52,True,False,False,101,26,1,True,13,False
d8e2263e2,,2241,404,23,True,False,False,61,18,1,True,7,False
d8d3b0c86,,1420,218,7,False,False,False,7,3,1,True,0,False
d8d33013a,,5384,854,39,True,False,False,113,45,1,True,8,False
d89710f92,,2636,497,22,True,False,False,101,8,1,True,0,False
d87bac65c,,690,96,4,False,False,False,3,1,1,False,0,False
d8b3fe500,,1457,250,19,True,False,False,44,11,1,True,1,False
d8eddb5a2,,3083,493,26,True,False,False,29,10,2,True,1,False
d8e09d1a6,,3205,532,33,True,False,False,154,10,1,True,0,False
d88a7a486,,4644,741,38,True,False,False,89,11,1,True,0,False
d8adbdd26,,3825,589,28,True,False,False,48,20,1,True,7,False
d8f8cb480,,3597,557,31,True,False,False,58,23,1,True,0,False
d8bef6944,,2638,419,15,True,False,False,30,12,1,True,4,False
d86cf7292,,3310,541,23,False,False,False,48,19,1,True,7,False
d87a7e35c,,799,122,4,False,False,False,11,2,1,True,0,False
d8668670a,,3418,509,23,False,False,False,2,0,0,False,0,False
d867e9a84,,697,111,5,False,False,False,12,4,1,True,0,False
d89813bc4,,3850,588,28,True,False,False,58,13,1,True,0,False
d8e3a8f6c,,3342,491,15,False,False,False,2,2,1,False,0,False
d817f63ce,,4439,683,22,False,False,False,22,6,1,True,6,True
d8e0a66fc,,735,133,12,True,False,False,21,3,1,True,0,False
d81114754,,516,73,2,False,False,False,4,2,1,False,0,False
d822f829a,,2476,412,27,True,False,False,109,17,1,True,8,False
d8ad8a372,,2167,340,10,False,False,False,4,2,1,False,0,False
d871f3354,,1782,292,13,True,False,False,21,3,1,False,9,False
d89ec4874,,2138,319,15,False,False,False,15,2,1,True,0,False
d85ed27de,,465,93,12,True,False,False,28,2,1,True,0,False
d89fa912c,,2117,377,22,True,False,False,73,27,1,True,0,False
d8c6c1836,,2449,423,22,True,False,False,10,5,1,False,0,False
d8612d998,,1185,204,16,True,False,False,39,6,1,True,0,False
d87a0894a,,4248,688,37,True,False,False,65,9,1,True,2,False
d8888dfa6,,5772,894,42,True,False,False,92,59,1,True,3,False
d8746a61e,,4048,672,28,True,False,False,25,0,0,True,0,False
d8240078c,,3432,735,35,True,False,False,223,4,1,True,3,True
d8f303f48,,1477,228,15,True,False,False,57,11,1,True,0,False
d8d0c33fc,,848,129,5,False,False,False,18,5,1,True,0,False
d8f25f542,,643,93,4,False,False,False,7,2,1,True,0,False
d82d8f19a,,353,54,2,False,False,False,6,2,1,True,0,False
d8c5b6248,,3007,454,19,False,False,False,16,5,2,True,3,False
d8b3c9922,,4578,744,39,True,False,False,69,19,1,True,8,False
d8bffd1b2,,5579,867,49,True,False,False,61,14,1,True,2,False
d8d3725ee,,1992,340,22,True,False,False,77,6,1,True,2,False
d8908b58c,,7478,1341,71,True,False,False,563,7,1,True,0,False
d8da9f876,,1583,281,21,True,False,False,91,6,1,True,0,False
d8a4fc0c0,,3512,611,35,True,False,False,126,8,1,True,8,False
d8f24863a,,2673,424,26,True,False,False,31,9,1,True,1,False
d820d05c6,,1798,328,15,True,False,False,86,10,1,True,9,False
d8880b650,,2720,424,15,False,False,False,17,10,1,False,0,False
d8259f4bc,,228,33,2,False,False,False,0,0,0,False,0,True
d8b5c2aee,,7607,1261,59,True,False,False,158,28,1,True,2,False
d88aec766,,2459,530,24,True,False,False,106,3,1,True,0,False
d8d44bf88,,787,128,8,True,False,False,17,5,1,True,0,False
d89b24318,,5762,950,40,True,False,False,109,30,1,True,3,False
d8efed278,,554,82,3,False,False,False,7,2,1,True,0,False
d86e8e326,,1671,338,16,True,False,False,180,8,1,True,0,False
d8366a422,,838,161,11,True,False,False,50,2,1,True,0,True
d87b9bd7a,,2917,483,23,True,False,False,55,16,1,True,0,False
d825901a6,,3934,645,30,True,False,False,80,32,1,True,14,True
d899b640e,,2784,430,15,False,False,False,9,1,1,True,0,False
d89337cfe,,352,56,3,False,False,False,2,2,1,False,0,False
d8f5d59d8,,1837,301,15,True,False,False,23,6,1,True,0,False
d824fcf78,,2853,486,29,True,False,False,50,10,1,True,4,True
d8caf35e4,,2647,424,20,True,False,False,33,11,1,True,0,False
d8db94826,,1420,230,10,False,False,False,28,15,1,True,4,False
d8afbde0a,,581,88,4,False,False,False,3,0,0,False,0,False
d85173836,,1063,164,8,False,False,False,3,2,1,False,0,True
d87f0c36a,,1137,211,18,True,False,False,69,1,1,True,0,False
d8c7084de,,5381,802,41,True,False,False,62,4,1,True,0,False
d873fec2a,,2826,561,32,True,False,False,67,4,1,True,0,False
d88a712aa,,3402,643,37,True,False,False,197,14,1,True,5,False
d89b097c0,,3912,618,27,True,False,False,48,18,1,True,0,False
d862c3e88,,3962,629,35,True,False,False,88,30,1,True,8,False
d89883302,,2418,360,29,True,False,False,36,3,1,True,1,False
d887b730c,,849,152,9,True,False,False,26,5,1,True,5,False
d89fc2e1a,,56,8,1,False,False,False,1,0,0,False,0,False
d8740ba10,,2351,406,18,True,False,False,64,11,1,True,0,False
d86ca15fe,,1244,195,8,False,False,False,26,15,1,True,0,False
d8adec39c,,4135,633,16,False,False,False,47,0,0,True,0,False
d81b7d86c,,1668,391,19,True,False,False,84,16,1,True,0,False
d8ab28c3c,,1132,219,16,True,False,False,95,2,1,True,0,False
d8e4da75a,,4321,751,34,True,False,False,42,8,1,True,5,False
d87e7deee,,758,113,7,False,False,False,0,0,0,False,0,False
d89aed4ee,,2204,326,11,False,False,False,1,0,0,False,0,False
d8a120898,,839,138,8,True,False,False,23,5,1,True,3,False
d89a25642,,1433,274,21,True,False,False,94,9,1,True,0,False
d8f3d39d2,,1002,163,12,True,False,False,23,6,1,True,0,False
d813b8ffa,,1801,269,11,True,False,False,56,5,1,True,1,True
d8f5e014e,,4519,732,35,True,False,False,66,19,2,True,0,False
d88ea2554,,671,110,4,False,False,False,1,1,1,False,0,False
d88f877f8,,5619,829,42,True,False,False,105,29,1,True,7,False
d8a82362c,,7422,1104,53,True,False,False,40,7,1,True,0,False
d87940364,,2538,400,18,True,False,False,49,22,1,True,2,False
d812184de,,2293,352,11,False,False,False,6,3,1,False,0,True
d8e2dc7aa,,4235,603,21,False,False,False,21,6,1,True,0,False
d8187d63a,,5060,907,41,True,False,False,145,20,1,True,11,True
d87b80228,,2488,409,19,True,False,False,34,12,1,True,0,False
d8beb8a90,,3162,493,27,True,False,False,44,14,1,True,12,False
d8151169a,,1192,207,18,True,False,False,37,8,1,True,0,True
d843a7b1c,,1169,172,9,False,False,False,22,5,1,True,0,True
d8b57cdd2,,1258,188,7,False,False,False,13,5,1,True,0,False
d8a7305a8,,1839,309,17,True,False,False,47,12,1,False,0,False
d81e6863a,,1348,230,16,True,False,False,19,9,1,True,0,False
d8186c024,,3042,615,27,True,False,False,81,13,1,False,2,True
d8bd4baa4,,2162,383,28,True,False,False,64,9,1,True,0,False
d86b96fce,,3832,684,30,True,False,False,79,11,1,True,55,False
d80f34d62,,939,299,14,True,False,False,82,8,1,True,0,True
d8c975a6e,,1236,213,16,True,False,False,26,8,1,True,0,False
d89ac63d0,,4553,736,34,True,False,False,70,26,1,True,1,False
d884a14d8,,1772,277,10,False,False,False,13,4,1,True,0,False
d86f84a50,,8548,1471,79,True,False,False,377,61,1,True,0,False
d8a713fd4,,1731,272,14,True,False,True,19,0,0,False,8,False
d8a63548c,,2188,372,17,True,False,False,80,14,1,True,1,False
d8646ece2,,4333,672,31,True,False,False,57,8,1,True,7,False
d8eed0728,,525,84,4,False,False,False,8,3,1,True,0,False
d8f8aa8e8,,370,71,8,True,False,False,12,3,1,True,0,False
d8e6256a0,,3384,694,37,True,False,False,130,6,1,True,0,False
d86b15e88,,15287,2483,117,True,False,False,299,44,1,True,0,False
d8b083b14,,1630,290,10,True,False,False,55,13,1,True,0,False
d877f3632,,1853,266,8,False,False,False,4,1,1,False,1,False
d812a0e06,,2052,298,14,False,False,False,3,1,1,False,0,False
d8cb1d8f8,,4699,720,41,True,False,False,62,11,1,True,8,False
d8c05c158,,2551,382,13,False,False,False,21,6,1,True,0,False
d811fbece,,5511,891,50,True,False,False,85,17,1,True,5,True
d8c4fa7f0,,3429,623,33,True,False,False,136,8,1,True,0,False
d8b59448c,,2430,391,22,False,False,False,24,8,2,False,1,False
d8f7cde66,,3918,601,37,True,False,False,81,17,1,True,1,False
d88bf53f6,,5887,980,45,True,False,False,80,7,1,True,0,False
d8c161936,,7078,1062,41,True,False,False,45,15,2,True,0,False
d87b59bc8,,6994,1164,52,True,False,False,82,20,1,True,9,False
d8c23f8da,,3249,542,42,True,False,False,110,21,1,True,6,False
d8ad0b356,,2823,442,14,False,False,False,25,7,2,True,4,False
d8de10e92,,6846,1131,66,True,False,False,98,9,1,True,8,False
d8ed6da8e,,3186,508,25,True,False,False,77,26,1,True,6,False
d8ced7444,,1997,313,13,False,False,False,22,4,1,True,9,False
d8e0b4d92,,2808,429,17,False,False,False,41,12,1,True,0,False
d8193ecc2,,1664,289,9,True,False,False,44,14,2,True,0,True
d8b39b1d0,,2941,445,14,False,False,False,0,0,0,False,0,False
d8ef26dc6,,511,104,9,True,False,False,44,5,1,True,0,False
d86e1fa66,,1204,202,9,True,False,False,13,5,1,False,6,False
d8add2c26,,5247,878,45,True,False,False,192,25,1,True,0,False
d8cebeeb2,,1733,284,12,False,False,False,29,10,1,True,4,False
d864c92e6,,895,179,14,True,False,False,33,2,1,True,1,False
d894f010e,,1659,271,16,True,False,False,30,9,1,True,0,False
d8977486c,,1061,238,19,True,False,False,53,4,1,False,0,False
d8c5fb08c,,5435,862,44,True,False,False,94,14,1,True,0,False
d8f340c0e,,530,80,2,False,False,False,3,1,1,True,0,False
d87d579b6,,306,64,7,True,False,False,28,2,1,True,0,False
d88760084,,1072,147,9,False,False,False,0,0,0,False,0,False
d888ea922,,1121,174,5,False,False,False,11,6,1,True,0,False
d8aae8a4c,,3555,558,22,False,False,False,44,24,1,True,0,False
d8259025a,,2086,311,11,False,False,False,21,7,1,True,0,True
d8c554ff2,,1129,174,9,False,False,False,16,9,1,True,0,False
d88fd8d2e,,3781,577,26,True,False,False,34,4,1,True,3,False
d87d15d68,,2228,337,18,True,False,False,45,11,1,True,4,False
d8775a568,,4314,709,30,True,False,False,148,41,1,True,19,False
d8730394c,,1110,203,11,True,False,False,36,5,1,True,0,False
d871195e6,,2330,392,20,True,False,False,44,6,1,True,2,False
d8157da48,,3664,557,19,False,False,False,7,5,1,False,0,True
d81bf4174,,3899,613,28,True,False,False,42,11,1,True,2,True
d8da46a28,,2292,346,15,False,False,False,16,6,1,True,0,False
d8f1771d4,,2636,427,21,True,False,False,59,12,1,True,0,False
d8a120a64,,1853,293,8,False,False,False,17,7,1,True,1,False
d8e3bfd70,,3532,621,29,True,False,False,70,12,1,True,4,False
d8b71019e,,490,71,2,False,False,False,10,5,1,True,1,False
d8ea0473a,,782,114,4,False,False,False,17,3,1,True,0,False
d890b88d4,,7395,1208,67,True,False,False,167,37,1,True,3,False
d89420846,,1686,265,12,True,False,False,49,8,1,True,0,False
d8c27974c,,5158,1032,59,True,False,False,401,17,1,True,25,False
d87574c08,,1610,284,15,True,False,False,56,3,1,True,15,False
d8ed765d0,,3902,667,23,True,False,False,73,15,1,True,0,False
d8de10ce4,,825,184,10,True,False,False,37,2,1,True,9,False
d8a255d12,,1320,247,19,True,False,False,24,17,1,True,0,False
d8861211e,,3931,618,33,True,False,False,65,8,1,True,0,False
d8ece1e26,,3153,501,25,True,False,False,62,15,1,True,0,False
d8cb2d708,,3687,559,20,False,False,False,7,2,1,True,2,False
d8174dd78,,4584,763,33,True,False,False,67,15,1,True,6,False
d8b7e8062,,3188,529,21,True,False,False,41,17,1,True,2,False
d8bac1d10,,4292,717,31,True,False,False,89,34,1,True,16,False
d8a925a70,,1312,231,9,True,False,False,67,17,1,True,0,False
d828e3b82,,4156,652,30,True,False,False,30,11,1,True,2,False
d8c6316b4,,5397,950,39,True,False,False,232,17,1,True,21,False
d83ac85aa,,846,129,4,False,False,False,12,5,1,True,0,True
d8c37cb9e,,893,139,5,False,False,False,13,8,1,True,0,False
d8e3eb95c,,1606,339,16,True,False,False,133,5,1,True,0,False
d8af974da,,576,81,4,False,False,False,4,1,1,True,0,False
d8a149c34,,1282,235,13,True,False,False,68,12,1,True,10,False
d8b0c0ce4,,211,33,2,False,False,False,0,0,0,False,0,False
d86ada392,,1374,193,7,False,False,False,6,6,1,False,0,False
d871513e2,,817,147,9,True,False,False,24,5,1,True,0,False
d82384cae,,1625,250,16,True,False,False,24,1,1,True,0,True
d86d0306a,,460,76,3,False,False,False,16,5,1,True,0,False
d8edb981c,,1146,169,6,False,False,False,8,4,1,True,0,False
d8259020a,,3317,555,29,True,False,False,140,16,1,True,0,True
d875162b6,,1197,170,5,False,False,False,1,0,0,False,0,False
d8acf027c,,2324,381,14,False,False,False,23,6,1,True,0,False
d86887068,,8633,1436,58,True,False,False,133,39,2,True,8,False
d89504adc,,2354,363,16,True,False,False,35,15,1,True,7,False
d86b3c51a,,1114,229,14,True,False,False,101,1,1,True,0,False
d8e0085ec,,8217,1279,60,True,False,False,88,9,1,True,4,False
d86a90134,,3998,635,19,False,False,False,36,13,1,True,2,False
d86875ade,,3222,456,19,False,False,False,21,6,1,True,1,False
d87bac4fe,,661,97,3,False,False,False,8,4,1,False,0,False
d869a26fa,,3634,551,24,True,False,False,30,10,1,True,0,False
d8e39a2a0,,1354,208,17,True,False,False,18,3,1,False,0,False
d875d89e2,,3217,488,17,False,False,False,5,2,1,False,1,False
d89151b10,,865,132,4,False,False,False,11,3,1,True,0,False
d88a4a1e6,,1934,287,9,False,False,False,22,18,1,False,1,False
d877e0bae,,2864,597,46,True,False,False,164,6,2,True,0,False
d8d259ce8,,3466,534,30,True,False,False,30,6,2,True,0,False
d8d914b1e,,1975,333,16,True,False,False,38,5,1,True,0,False
d8bc8d216,,5157,833,32,True,False,False,90,25,1,True,0,False
d8dba39e8,,3146,477,27,True,False,False,47,10,1,True,0,False
d8df83a0e,,4383,698,30,True,False,False,38,5,1,True,2,False
d8e2262a2,,2446,349,10,False,False,False,1,1,1,False,0,False
d8693f2b2,,905,130,14,False,False,False,27,3,1,True,6,False
d8c692c84,,2335,371,19,True,False,False,14,4,1,True,3,False
d87cbddca,,2376,372,14,True,False,False,26,4,1,True,0,False
d8d3a9ac6,,916,138,7,False,False,False,9,3,1,True,2,False
d86458c80,,5328,1053,51,True,False,False,205,13,1,True,26,False
d81da9a50,,1761,356,17,True,False,True,51,3,1,True,0,False
d8916820c,,3792,592,25,True,False,False,35,9,1,True,6,False
d8b781e98,,5991,932,47,True,False,False,182,36,1,True,0,False
d827f3dee,,726,120,5,False,False,False,9,2,1,True,0,True
d8e4cc056,,2106,316,12,False,False,False,6,2,1,False,0,False
d8f89e4d0,,3490,525,22,True,False,False,27,10,1,True,4,False
d8f6f5502,,3650,593,31,True,False,False,73,20,1,True,0,False
d8a266dd8,,1877,331,15,True,False,False,32,8,1,True,12,False
d88cc7e14,,1469,215,13,False,False,False,2,0,0,False,0,False
d8a97f7fa,,14332,2304,93,True,False,False,259,79,1,True,23,False
d8ca47dde,,753,113,4,False,False,False,1,0,0,False,0,False
d87818054,,3861,552,22,False,False,False,9,4,1,False,1,False
d8f5d5c76,,2241,350,12,False,False,False,16,4,1,True,0,False
d81114650,,744,117,3,False,False,False,10,3,1,True,1,False
d86e58280,,5620,898,39,True,False,False,65,23,1,True,0,False
d8957e56c,,3121,514,26,True,False,False,100,21,1,True,0,False
d8c2f10ee,,424,67,5,False,False,False,5,0,0,False,4,False
d87e6be2e,,1479,238,10,False,False,False,18,5,1,False,4,False
d878b7ec4,,1349,230,12,True,False,False,31,8,1,True,0,False
d8f35fb4a,,4605,770,27,True,False,False,84,26,1,True,9,False
d8b86597c,,4357,707,35,True,False,False,86,29,1,True,6,False
d8600bb3c,,3618,620,35,True,False,False,74,8,1,False,0,False
d87876c44,,1006,177,14,True,False,False,8,0,0,False,0,False
d889fef3e,,730,108,5,False,False,False,10,3,1,True,0,False
d80f0a882,,3187,515,21,True,False,False,65,16,1,True,0,False
d8c4c9ba0,,1953,372,20,True,False,False,44,7,1,True,6,False
d8e83c72c,,3171,478,17,False,False,False,39,19,1,True,4,False
d8c803f6e,,2192,337,13,False,False,False,32,16,1,True,0,False
d827f3c0e,,1429,209,11,False,False,False,7,4,1,True,0,True
d8749dc94,,1346,247,14,True,False,False,61,19,1,True,7,False
d87574ba4,,2389,397,19,True,False,False,78,14,1,True,19,False
d8c1617a6,,3330,582,26,True,False,False,125,21,1,True,10,False
d8aeee01a,,4806,895,48,True,False,False,165,45,1,True,0,False
d89a2573c,,905,133,5,False,False,False,22,5,1,True,0,False
d81b3616a,,479,72,3,False,False,False,1,0,0,False,0,False
d8776306e,,4178,686,32,True,False,False,78,28,1,True,12,False
d896d2f44,,4109,695,38,True,False,False,74,14,1,True,0,False
d8b3a6a76,,4650,739,33,True,False,False,82,23,1,True,5,False
d8a2da198,,4552,712,17,False,False,False,87,23,1,True,6,False
d8c0d80fa,,3518,540,20,False,False,False,0,0,0,False,0,False
d89abe2ca,,6348,984,45,True,False,False,77,10,1,True,0,False
d8366a4b8,,1817,289,10,False,False,False,16,4,1,True,2,True
d87c4529e,,745,121,10,True,False,False,26,4,1,True,0,False
d8a7b5d0c,,2208,381,17,True,False,False,67,23,1,True,20,False
d8c07e2bc,,3395,539,22,True,False,False,56,19,1,True,6,False
d898c4456,,2617,585,36,True,False,False,125,7,1,True,6,False
d82aee6fc,,5629,862,39,True,False,False,46,10,1,True,0,True
d8f415a08,,2759,416,21,False,False,False,71,12,1,True,0,False
d89309548,,3182,446,14,False,False,False,10,9,1,False,1,False
d8f8cb5b6,,6149,1035,49,True,False,False,63,20,1,True,9,False
d8c37ceaa,,954,141,4,False,False,False,0,0,0,False,0,False
d890288e2,,5340,1003,47,True,False,False,235,30,1,True,15,False
d80ef6bca,,1996,306,24,True,False,False,30,1,1,True,0,False
d8ed318b8,,3311,746,41,True,False,False,185,5,1,True,11,False
d8b37878e,,307,73,5,True,False,False,21,3,1,False,10,False
d8f7acea0,,9817,1637,83,True,False,False,215,34,1,True,5,False
d89ed639e,,939,166,14,True,False,False,20,4,1,False,0,False
d89cc915a,,5977,963,40,True,False,False,87,20,1,True,18,False
d87ee57ce,,1326,258,15,True,False,False,35,3,1,True,0,False
d824b7f9a,,2141,346,16,True,False,False,13,2,1,True,0,True
d8a73eef0,,6799,1068,47,True,False,True,63,22,1,True,1,False
d8177aaf8,,2325,373,17,False,False,False,48,17,1,True,0,True
d8a994bd2,,1572,244,12,False,False,False,12,5,1,True,0,False
d8ad65946,,1619,247,13,False,False,False,10,5,1,True,0,False
d889d9d06,,2798,473,18,True,False,False,102,12,1,True,0,False
d8e23967c,,3052,565,39,True,False,False,131,17,1,True,6,False
d89a384fe,,4454,720,36,True,False,False,102,24,1,True,7,False
d8267f0e4,,433,66,4,False,False,False,0,0,0,False,0,False
d8673d4d2,,1653,291,17,True,False,False,26,6,1,True,0,False
d83dd4c44,,5318,939,51,True,False,False,130,9,1,True,0,True
d8aeb4842,,2884,476,23,True,False,False,82,26,1,True,6,False
d88940cfa,,2993,454,22,True,False,False,50,14,1,True,1,False
d8d146248,,1000,145,6,False,False,False,5,2,1,True,0,False
d8c6835cc,,2340,383,17,False,False,False,24,9,1,True,2,False
d8cbb1f44,,12268,2070,103,True,False,False,247,31,2,True,2,False
d8a28fb2a,,1158,173,8,False,False,False,18,6,1,True,0,False
d8cc5ea14,,1528,279,15,True,False,False,64,14,1,True,0,False
d8a4885bc,,4792,799,31,True,False,False,79,16,1,True,13,False
d81decc88,,4170,636,23,False,False,False,44,21,1,True,0,True
d8c8d0690,,1817,285,9,False,False,False,14,8,1,True,0,False
d863153c8,,1079,173,7,False,False,False,4,0,0,False,0,False
d87981bde,,1039,150,6,False,False,False,0,0,0,False,0,False
d8c38eeca,,4389,712,42,True,False,False,42,3,1,True,2,False
d88a1c28c,,2604,437,21,True,False,False,48,6,1,True,4,False
d883aff3e,,2406,368,11,False,False,False,12,3,1,False,9,False
d8aacbb68,,492,77,3,False,False,False,4,1,1,True,0,False
d875e602e,,5205,808,39,True,False,False,82,38,1,True,10,False
d8dd8d4f2,,1065,176,10,True,False,False,21,5,1,True,0,False
d88778f9e,,5585,895,43,True,False,False,67,15,1,True,0,False
d8b8f37fe,,944,153,11,True,False,False,24,2,1,True,0,False
d8c4fa5fc,,3537,561,34,True,False,False,49,13,1,True,0,False
d899c585a,,3439,530,26,True,False,False,55,7,1,True,8,False
d867319e8,,1583,272,17,True,False,False,75,6,1,True,1,False
d8822dc7e,,2337,342,10,False,False,False,17,6,1,True,0,False
d8bf3a518,,2756,415,24,True,False,False,57,8,1,True,0,False
d8eca4e5e,,4993,803,27,True,False,False,58,13,1,True,0,False
d8bf90de6,,4142,721,38,True,False,False,99,7,1,True,32,False
d8d3c5654,,1020,155,3,False,False,False,8,3,1,True,0,False
d8b1ea304,,1801,336,19,True,False,False,75,21,1,True,16,False
d8a7f556a,,1271,186,9,False,False,False,9,2,1,True,0,False
d8bc5c328,,6817,1052,41,True,False,False,134,8,1,True,64,False
d8af2482c,,9068,1571,110,True,False,False,237,14,1,True,3,False
d8db716e6,,2656,378,15,False,False,False,26,14,1,True,2,False
d89e28a14,,1884,311,16,True,False,False,72,9,1,True,13,False
d89b680cc,,4386,818,38,True,False,False,223,5,1,True,0,False
d8f0a72e0,,915,139,5,False,False,False,3,3,1,False,0,False
d87d418b4,,247,37,3,False,False,False,0,0,0,False,0,False
d82400930,,3804,604,32,True,False,False,56,11,1,True,1,True
d8e211730,,3884,634,36,True,False,False,37,3,1,False,5,False
d87f3c25e,,4719,742,32,True,False,False,54,3,1,True,2,False
d8cd01188,,1554,313,18,True,False,False,64,4,1,True,0,False
d8e5fd7ae,,1387,215,10,False,False,False,18,4,1,True,2,False
d81d75aca,,1748,273,10,False,False,False,25,10,1,True,0,True
d8aa044a0,,865,147,6,True,False,False,26,4,1,True,0,False
d8e2396e0,,3484,573,24,True,False,False,57,10,1,True,2,False
d88a93404,,10676,1897,97,True,False,False,393,38,1,True,1,False
d8b445612,,10101,1912,103,True,False,False,318,41,2,True,0,False
d8f696c0a,,3049,507,26,True,False,False,33,15,1,True,0,False
d8a854452,,1330,212,9,True,False,False,20,3,1,False,0,False
d864a8af0,,5319,928,61,True,False,False,163,27,1,True,11,False
d8110acf4,,914,146,7,False,False,False,1,0,0,True,0,False
d8d83b68e,,3149,507,22,False,False,False,50,27,1,True,0,False
d8c783c9c,,3317,517,21,False,False,False,79,29,2,False,0,False
d88fc65b6,,1159,169,10,False,False,False,7,4,1,False,0,False
d8f68a2de,,5086,848,42,True,False,False,106,19,1,True,0,False
d86a8753e,,2441,365,17,True,False,False,32,6,2,True,0,False
d85dae4e8,,3215,482,18,False,False,False,12,3,1,True,0,False
d8dfa1716,,1568,258,14,True,False,False,23,3,1,True,6,False
d8d3fbc9a,,1378,241,14,True,False,False,22,3,1,False,3,False
d87772046,,2167,449,34,True,False,False,85,15,1,True,0,False
d8ce92006,,2347,368,13,False,False,False,31,13,1,True,0,False
d80f34dda,,2729,560,23,True,False,False,94,16,1,True,7,True
d8943f3e0,,814,119,5,False,False,False,1,0,0,False,1,False
d8779f320,,1921,263,10,False,False,False,1,1,1,False,0,False
d8e08326a,,2060,332,17,False,False,False,45,30,1,True,12,False
d87b224ca,,1497,249,9,True,False,False,35,12,1,True,8,False
d8aaf8636,,2516,357,12,False,False,False,1,1,1,False,0,False
d8acd36e0,,3056,698,39,True,False,False,146,10,2,True,0,False
d89e28a82,,4917,741,38,True,False,False,86,10,2,True,9,False
d88c9d506,,6102,1006,44,True,False,False,89,14,1,True,0,False
d8f2d7826,,2021,321,20,True,False,False,27,8,1,True,0,False
d81e68806,,1767,280,9,False,False,False,12,3,1,True,0,False
d8e3d6c1e,,854,129,3,False,False,False,13,7,1,True,0,False
d8cea6470,,772,130,9,True,False,False,45,9,1,True,0,False
d8acd376c,,4106,636,27,True,False,False,32,6,1,True,9,False
d8c22a11a,,2561,399,17,False,False,False,11,8,1,False,0,False
d8f058186,,2360,442,22,True,False,False,56,8,1,True,0,False
d86287370,,1737,292,16,True,False,False,35,5,1,True,0,False
d8afbdc66,,734,128,6,False,False,False,10,5,1,False,0,False
d871b1f12,,2285,373,10,False,False,False,23,3,1,True,2,False
d83f65b1c,,2873,484,26,True,False,False,56,14,1,True,0,True
d87b4dd5a,,2863,440,19,True,False,False,45,12,1,True,1,False
d85eea65e,,1888,282,9,False,False,False,34,10,1,True,6,False
d8a6e6fd4,,4192,1047,49,True,False,False,226,3,1,True,0,False
d8924d3e8,,1246,198,17,True,False,False,23,2,1,True,0,False
d8637aaac,,872,182,12,True,False,False,38,1,1,True,2,False
d88e580da,,2641,480,24,True,False,False,79,7,1,True,5,False
d8c2f12b0,,585,120,7,True,False,False,45,9,1,True,0,False
d83392ad8,,1773,271,11,False,False,False,26,11,1,True,1,False
d8bd86d98,,3576,604,31,True,False,False,99,19,1,True,12,False
d815ddb0a,,4338,727,24,False,False,False,50,28,2,True,0,True
d8ce142d2,,3786,667,33,True,False,False,179,28,1,True,7,False
d82729ada,,1244,221,16,True,False,False,21,3,1,True,0,True
d82375240,,2894,580,45,True,False,False,124,11,1,True,28,True
d8d5bdce0,,1854,299,22,True,False,False,16,3,1,True,0,False
d85ed25cc,,2117,324,18,True,False,False,27,9,1,True,0,False
d87c0c16a,,3489,587,35,True,False,False,53,6,1,True,15,False
d82d2c9c8,,2437,339,14,False,False,False,1,1,1,False,0,True
d89dd0dbe,,2215,436,28,True,False,False,153,1,1,True,0,False
d8ad5a9f6,,1270,202,15,True,False,False,29,11,1,True,0,False
d86e3849e,,6982,1129,46,True,False,False,149,25,1,True,12,False
d8f3eb2a8,,1321,297,14,True,False,False,158,3,1,True,0,False
d8f29f7e6,,2207,354,10,False,False,False,9,4,1,False,5,False
d8cbbf536,,4333,805,39,True,False,False,162,41,1,True,12,False
d8a4a4244,,2974,486,23,True,False,False,48,12,1,True,0,False
d81f77a3a,,3654,541,18,False,False,False,7,2,1,False,1,False
d8db8ace0,,1189,230,13,True,False,False,65,1,1,True,0,False
d8ae62420,,2511,353,9,False,False,False,4,2,1,False,1,False
d8c0c0680,,3590,589,25,True,False,False,139,2,1,True,0,False
d8e6b83e2,,4268,712,36,True,False,False,48,4,1,True,0,False
d82a93bbc,,4426,669,30,False,False,False,27,8,1,True,0,False
d815cd1ec,,1836,286,9,False,False,False,24,12,1,True,4,True
d83f65c16,,3462,548,25,True,False,False,49,19,1,True,8,True
d87b01e96,,3069,565,23,True,False,False,142,18,1,True,4,False
d8d1db1a4,,3600,711,39,True,False,False,136,22,1,True,31,False
d8f5bea12,,2975,446,16,False,False,False,24,17,1,False,0,False
d8e8eef12,,3092,519,25,True,False,False,55,18,2,True,0,False
d8a779fdc,,92,14,1,False,False,False,2,2,1,False,0,False
d828cab46,,1505,235,13,False,False,False,16,3,1,True,4,True
d8a8543c6,,3652,626,28,True,False,False,109,21,1,True,0,False
d8cdd3fb6,,3347,520,31,True,False,False,43,9,1,False,0,False
d816cab26,,1873,293,15,True,False,False,36,4,1,True,0,True
d8a919ee6,,5495,885,46,True,False,False,35,12,1,True,1,False
d8ea0ede8,,3677,572,26,True,False,False,57,11,1,True,0,False
d887e67d8,,3978,650,23,True,False,False,51,7,1,True,3,False
d884dadaa,,539,75,3,False,False,False,2,0,0,True,0,False
d8f8896ac,,2392,378,16,False,False,False,19,5,1,True,5,False
d8b8ccf1e,,1393,221,13,False,False,False,24,11,1,True,0,False
d8ae06184,,721,103,8,False,False,False,9,2,1,False,0,False
d8d45d030,,3018,485,16,False,False,False,48,9,1,True,2,False
d8d415500,,1727,298,19,True,False,False,54,10,1,True,0,False
d80ef6d0a,,4615,768,29,True,False,False,51,17,1,True,3,False
d8b57ce22,,1862,269,13,False,False,False,4,2,1,False,0,False
d81baf8ee,,3731,632,26,True,False,False,94,20,1,True,8,True
d8694b7d8,,853,134,6,False,False,False,4,1,1,True,0,False
d88be204e,,5224,1147,54,True,False,False,530,3,1,True,12,False
d89ed6308,,1433,244,14,True,False,False,35,9,1,True,12,False
d88a71106,,3790,623,35,True,False,False,52,18,1,True,6,False
d8b5dccbe,,4327,712,34,True,False,False,102,26,2,True,0,False
d815210b8,,3784,580,23,True,False,False,83,33,1,True,10,True
d8a606984,,817,171,8,True,False,False,37,13,1,True,0,False
d881433b8,,3209,525,31,True,False,False,53,19,1,True,1,False
d867cd352,,2307,375,19,True,False,False,46,16,1,True,0,False
d8ddb6a32,,2825,405,24,False,False,False,3,1,1,False,0,False
d8ee6b2ba,,1150,225,11,True,False,False,40,1,1,True,30,False
d8e1c13c0,,5515,832,50,True,False,False,28,8,1,False,16,False
d8b8276ea,,524,124,10,True,False,False,36,5,1,True,5,False
d8aff4ee6,,879,180,13,True,False,False,34,3,1,True,3,False
d8c773a0e,,4128,635,23,True,False,False,96,15,1,True,5,False
d894f0014,,3949,635,29,True,False,False,121,31,2,True,0,False
d871672e6,,3673,638,38,True,False,False,96,4,1,True,0,False
d89854f98,,3628,763,51,True,False,False,347,5,1,True,10,False
d8cbf2558,,6369,1060,47,True,False,False,105,38,1,True,19,False
d8a70056a,,1268,193,8,False,False,False,30,14,1,True,1,False
d814986f0,,1178,269,18,True,False,False,76,1,1,True,0,False
d8a0d6dce,,1390,235,15,True,False,False,36,17,1,True,0,False
d882b615a,,2005,396,24,True,False,False,193,8,1,True,0,False
d8adb2b38,,1493,259,13,True,False,False,28,12,1,True,0,False
d8dd13382,,1562,235,9,False,False,False,11,5,1,False,0,False
d8ab7ea24,,1931,303,14,True,False,False,61,16,1,True,0,False
d8c73c7a2,,1881,291,22,True,False,False,21,2,1,True,0,False
d82def72a,,4097,636,25,False,False,False,57,16,1,True,0,False
d8600bbaa,,2427,389,18,True,False,False,37,4,1,False,0,False
d884240c8,,3476,566,31,False,False,False,67,26,1,True,0,False
d86261d96,,4372,721,39,True,False,False,129,21,1,True,0,False
d897543c8,,883,135,6,False,False,False,1,0,0,False,0,False
d8a3a4362,,6993,1105,39,True,False,False,63,21,1,True,10,False
d8b5a1998,,1326,196,8,False,False,False,6,5,1,False,0,False
d814988f8,,752,137,11,True,False,False,30,6,1,True,2,False
d86c04c36,,2498,681,27,True,False,False,137,9,1,True,0,False
d8259f318,,2688,456,22,True,False,False,53,12,1,True,0,True
d87a4d248,,1171,172,10,False,False,False,11,0,0,False,0,False
d81486db0,,421,65,2,False,False,False,5,2,1,True,0,True
d89bcbe24,,4711,775,33,True,False,False,78,30,2,True,0,False
d8a02a13c,,1640,254,8,False,False,False,9,3,1,True,0,False
d8757dad8,,5179,804,60,True,False,False,56,20,1,True,6,False
d88362d4c,,2549,379,19,True,False,False,12,4,1,True,0,False
d884fed36,,1857,312,20,True,False,False,29,6,1,True,0,False
d8968dfb6,,1699,264,9,False,False,False,13,4,1,True,1,False
d8ca7447e,,3391,559,24,True,False,False,23,3,1,True,0,False
d8d09a4d4,,627,97,4,False,False,False,3,1,1,True,0,False
d8c1da4a8,,2696,426,18,False,False,False,59,30,1,True,3,False
d889f7734,,1143,184,5,False,False,False,11,5,1,True,0,False
d86e0ddac,,3214,524,15,True,False,False,46,11,1,True,1,False
d87479790,,5211,797,37,True,False,False,42,3,1,True,0,False
d8c70859c,,2645,432,20,True,False,False,67,24,1,True,4,False
d8c8411c0,,3242,533,27,True,False,False,127,12,1,True,0,False
d8d4a9f48,,6566,1205,69,True,False,False,191,27,1,True,0,False
d8721b02a,,1002,192,11,True,False,False,65,7,1,True,16,False
d85f42e76,,2232,342,14,False,False,False,13,6,1,True,1,False
d8bac1c2a,,626,102,5,False,False,False,10,4,1,False,1,False
d8bea8ef6,,3875,614,39,True,False,False,70,17,1,True,3,False
d8efddf6c,,3580,602,36,True,False,False,37,2,1,True,0,False
d89ec49c8,,734,102,4,False,False,False,10,3,1,False,0,False
d875cff72,,3801,587,27,True,False,False,9,0,0,False,0,False
d865ee324,,6412,1085,61,True,False,False,144,43,2,True,22,False
d813f955a,,3352,473,25,False,False,False,41,8,1,True,9,False
d830e4e9e,,1049,187,18,True,False,False,31,2,1,False,0,True
d8db8aad8,,3370,509,20,False,False,False,43,22,1,True,2,False
d8d0d5110,,759,115,5,False,False,False,10,5,1,True,1,False
d87821ac8,,902,173,15,True,False,False,52,2,1,True,0,False
d897545a8,,2190,391,20,True,False,False,45,13,2,True,7,False
d8de48f4a,,85,12,1,False,False,False,2,1,1,False,0,False
d811393e2,,5015,739,27,False,False,False,39,17,1,True,0,True
d87851e94,,2422,379,15,False,False,False,7,2,1,True,1,False
d89abe540,,3578,623,35,True,False,False,88,12,1,True,5,False
d8a7004f2,,6792,1027,37,False,False,False,36,17,1,False,1,False
d886e7bac,,1145,190,12,True,False,False,46,13,1,True,0,False
d8691c38e,,9443,1682,87,True,False,False,450,46,1,True,10,False
d88e6bfd6,,3422,545,25,True,False,False,25,7,1,True,0,False
d8ef39516,,3943,703,39,True,False,False,138,12,1,True,11,False
d8e2f51d8,,2499,391,15,False,False,True,20,9,1,True,2,False
d8a789310,,2078,360,21,True,False,False,60,15,1,True,4,False
d8c68370c,,2627,405,27,False,False,False,31,11,1,True,0,False
d895ff360,,3750,589,30,True,False,False,54,23,1,True,4,False
d8d4d29fc,,1980,346,20,True,False,False,85,21,1,True,13,False
d861f4296,,993,144,4,False,False,False,5,2,1,True,0,False
d8dd217f2,,7105,1160,48,True,False,False,103,12,1,True,6,False
d890550fe,,4928,744,40,True,False,False,77,16,1,True,0,False
d89813a16,,1373,292,19,True,False,False,88,4,1,True,0,False
d8ee11ce2,,2856,486,30,True,False,False,125,14,1,True,18,False
d8bd674ca,,4701,643,24,False,False,False,0,0,0,False,0,False
d896c46ce,,923,166,13,True,False,False,25,5,1,True,0,False
d8b8f37b8,,649,97,5,False,False,False,2,0,0,False,0,False
d81e4fd60,,5928,910,37,True,False,False,58,17,1,True,11,True
d894a3be2,,1198,220,9,True,False,False,22,9,1,True,10,False
d89774768,,421,59,2,False,False,False,8,2,1,True,0,False
d8bd67506,,150,27,1,False,False,False,1,1,1,False,0,False
d8785f0d0,,708,112,7,False,False,False,13,7,1,True,0,False
d8612d92a,,2481,393,12,False,False,False,50,18,1,True,0,False
d89d89068,,738,142,10,True,False,False,30,6,1,True,0,False
d8145f1de,,1932,296,14,True,False,False,29,13,1,True,0,False
d8885235c,,2366,422,24,True,False,False,69,8,1,True,1,False
d8c17079c,,2019,294,13,False,False,False,9,2,1,True,0,False
d89b7be92,,3586,638,34,True,False,False,289,12,1,True,0,False
d87053b20,,1960,313,16,True,False,False,56,20,1,True,3,False
d8bd014c2,,8758,1392,56,True,False,False,149,20,1,True,0,False
d8b642e74,,1222,197,10,False,False,False,15,6,1,True,2,False
d8d42a8a6,,4955,823,33,True,False,False,226,50,2,True,0,False
d81f77ad0,,2071,305,12,False,False,False,35,18,1,True,5,False
d8f36b8be,,5355,852,34,True,False,False,50,11,1,True,8,False
d87843204,,5137,795,31,True,False,False,105,6,1,True,0,False
d881ef1b8,,5927,1064,50,True,False,False,165,27,1,True,0,False
d8dd5582c,,1603,239,11,True,False,False,22,5,1,True,0,False
d8d4e16a0,,973,153,7,False,False,False,19,13,1,True,1,False
d8b70ffd2,,969,150,7,False,False,False,11,5,1,False,4,False
d8a84115e,,2032,339,23,True,False,False,33,5,1,True,0,False
d8c813126,,1100,211,17,True,False,False,50,6,1,True,3,False
d8924d596,,27,3,1,False,False,False,0,0,0,False,0,False
d8da5be5a,,4275,691,28,True,False,False,98,18,1,True,0,False
d872648d8,,1731,251,10,False,False,False,7,6,1,False,0,False
d89ee5ede,,6573,1037,42,True,False,False,118,45,1,True,14,False
d817bbf1c,,2898,596,49,True,False,False,248,2,1,True,12,True
d81b7d4ac,,945,154,7,False,False,False,13,6,1,True,0,False
d8b10a768,,1265,213,15,True,False,False,36,7,1,True,0,False
d8aac3242,,1965,380,22,True,False,False,107,4,1,True,35,False
d8adec220,,997,143,7,False,False,False,0,0,0,False,0,False
d86de588e,,1785,338,26,True,False,False,37,3,1,True,1,False
d88d5e53a,,7150,1118,40,True,False,False,174,56,1,True,14,False
d814987e0,,6074,959,42,True,False,False,84,31,1,True,1,False
d8aaa2c36,,5534,932,52,True,False,False,143,38,1,True,17,False
d889bcb3e,,2149,316,11,False,False,False,15,7,1,True,2,False
d811147cc,,310,46,1,False,False,False,4,2,1,False,0,False
d8ed18c64,,1242,300,19,True,False,False,67,4,1,True,6,False
d880386d0,,1122,176,14,True,False,False,33,3,1,True,1,False
d8f43c32e,,5601,1039,46,True,False,False,123,10,1,True,2,False
d8ea8bd7a,,5519,872,35,True,False,False,64,5,1,True,6,False
d817bbfa8,,3554,596,32,True,False,False,82,7,1,True,0,True
d88791e18,,4326,738,36,True,False,False,56,2,1,True,0,False
d8738a30c,,1352,281,21,True,False,False,89,6,1,True,0,False
d872efdac,,3161,477,20,False,False,False,33,14,1,True,0,False
d8e325450,,3015,561,26,True,False,False,137,19,1,True,38,False
d891c709a,,3629,549,25,True,False,False,43,19,1,True,2,False
d81f02028,,3823,610,45,True,False,False,46,11,1,True,5,True
d818188b6,,1730,254,16,True,False,False,20,0,0,False,0,True
d8e96bbac,,3336,562,19,False,False,False,34,15,2,True,0,False
d8f82455e,,1730,305,14,True,False,False,69,11,1,True,0,False
d8259f3ea,,3429,551,27,True,False,False,43,31,1,True,0,True
d87903374,,925,176,13,True,False,False,62,6,1,True,0,False
d8a8bacf2,,1377,259,15,True,False,False,35,12,1,False,6,False
d82d2c8b0,,1448,237,12,True,False,False,20,1,1,True,0,True
d8ea4e01a,,6073,1124,72,True,False,False,323,21,1,True,0,False
d8785f260,,1450,297,13,True,False,False,55,12,1,True,12,False
d869a2862,,2908,529,30,True,False,False,66,2,1,True,0,False
d88589832,,2593,459,28,True,False,False,69,11,1,True,10,False
d8e6bf822,,670,154,12,True,False,False,43,6,1,True,12,False
d85f62082,,3206,494,20,False,False,False,8,1,1,True,0,False
d8889de10,,3744,599,30,True,False,False,59,17,1,True,0,False
d898ef25a,,7175,1173,51,True,False,False,57,21,1,True,6,False
d82a64f60,,524,81,3,False,False,False,4,0,0,True,0,False
d8c518e6c,,786,173,13,True,False,False,41,8,1,True,0,False
d8f767c56,,3070,710,33,True,False,False,275,2,1,True,0,False
d8dc2386e,,1383,332,19,True,False,False,120,1,1,True,2,False
d8b1d274a,,1288,205,14,True,False,False,40,8,1,True,0,False
d8ee8ceec,,3542,562,25,True,False,False,60,26,1,True,0,False
d8abfd144,,2016,331,20,True,False,False,59,10,1,True,0,False
d89dd0cba,,3581,535,24,True,False,False,28,9,1,True,1,False
d8a312660,,648,114,11,True,False,False,19,8,1,True,0,False
d8e16fe3a,,881,173,12,True,False,False,32,7,1,True,3,False
d8a411e58,,1939,265,16,False,False,False,0,0,0,False,0,False
d89fc2c12,,485,76,3,False,False,False,6,4,1,True,0,False
d8c692bda,,1505,284,20,True,False,False,56,4,1,True,0,False
d8695f616,,842,141,6,False,False,False,4,1,1,True,0,False
d8caa03ee,,11614,1798,74,True,False,False,94,18,1,True,6,False
d86875c00,,572,91,4,False,False,False,13,5,1,True,0,False
d8b890212,,4069,645,31,True,False,False,75,34,1,True,4,False
d879202bc,,2770,441,16,False,False,False,24,7,1,True,1,False
d8aeb4752,,1125,210,12,True,False,False,37,17,2,True,15,False
d87b642bc,,600,95,4,False,False,False,16,7,1,True,3,False
d880f1018,,3285,814,51,True,False,False,183,4,1,True,0,False
d86efaa44,,2917,471,21,True,False,False,13,1,1,False,0,False
d879c5834,,4296,657,33,True,False,False,45,10,1,True,0,False
d8cbbf5ae,,1426,218,9,False,False,False,12,3,1,True,0,False
d895acfe8,,1637,277,14,True,False,False,61,2,1,True,0,False
d8a85420e,,3368,505,22,False,False,False,53,5,1,True,0,False
d86c3bc22,,1921,332,16,True,False,False,22,4,1,False,9,False
d8983bfc0,,2290,418,23,True,False,False,115,9,1,True,0,False
d8ce547c4,,2115,343,16,True,False,False,33,15,1,True,0,False
d88ec564e,,2298,377,21,True,False,False,37,13,1,True,0,False
d8b477afe,,1566,285,23,True,False,False,80,14,1,False,0,False
d8b8ed264,,3608,587,21,True,False,False,18,4,1,False,0,False
d8126d164,,5204,880,53,True,False,False,109,19,1,True,4,True
d8ea8bc1c,,876,137,5,False,False,False,16,8,1,True,0,False
d88a4a132,,2431,416,18,True,False,False,61,18,1,True,1,False
d82afa6b4,,3260,505,22,False,False,False,12,6,1,False,0,False
d89007c64,,4275,748,38,True,False,False,82,20,1,True,7,False
d8852c9f2,,1508,264,13,True,False,False,29,6,1,True,0,False
d8ed317fa,,433,67,4,False,False,False,2,0,0,False,1,False
d895aceee,,858,155,9,True,False,False,18,6,1,True,0,False
d8f5a2326,,4891,1102,57,True,False,False,207,9,1,True,0,False
d8f238dde,,6010,1069,47,True,False,False,169,24,2,True,11,False
d811146c8,,140,20,1,False,False,False,0,0,0,False,0,False
d89aed55c,,5583,816,37,True,False,False,42,4,1,True,0,False
d8c661526,,1156,216,21,True,False,False,51,2,1,True,0,False
d89055220,,4786,762,36,True,False,False,35,3,1,True,0,False
d8d51168e,,4136,651,17,False,False,False,41,12,1,True,2,False
d8130c78c,,3197,566,32,True,False,False,62,4,1,True,0,False
d8a5e5ae0,,1504,226,11,False,False,False,2,0,0,False,0,False
d8f5d5ae6,,1424,217,7,False,False,False,2,0,0,False,0,False
d860c5050,,2095,309,11,False,False,True,8,2,1,False,0,False
d8b4b0674,,3188,623,44,True,False,False,125,5,1,True,32,False
d8f1eee78,,9337,1486,84,True,False,False,299,67,1,True,39,False
d8606f0ce,,1879,310,18,True,False,False,42,7,1,True,0,False
d8c3d3732,,1045,173,10,True,False,False,14,2,1,True,7,False
d8ef60b5c,,577,94,5,False,False,False,5,1,1,False,1,False
d8b0443b0,,2673,397,23,False,False,False,9,1,1,False,0,False
d8c8b5d18,,3284,503,20,False,False,False,30,11,1,True,3,False
d8eed0a3e,,1014,151,7,False,False,False,15,6,1,True,0,False
d8cc6f986,,4206,746,42,True,False,False,67,3,1,True,0,False
d8cfb2030,,484,96,10,True,False,False,20,8,1,True,0,False
d8e47c2c2,,5247,850,41,True,False,False,116,13,1,True,2,False
d8962985e,,1854,321,16,True,False,False,88,6,1,True,2,False
d87078696,,4347,706,40,True,False,False,87,31,1,True,0,False
d8df51446,,4530,665,28,False,False,False,0,0,0,False,0,False
d8f4a8772,,3265,579,30,True,False,False,50,7,1,True,0,False
d87a1dcd2,,2206,336,9,False,False,False,11,4,1,True,0,False
d8e56167e,,1338,311,20,True,False,False,99,5,1,True,9,False
d89e99458,,1666,259,9,False,False,False,5,2,1,True,0,False
d870a787e,,1185,206,9,True,False,False,49,15,1,True,0,False
d8a488486,,1856,296,9,False,False,False,13,3,1,True,0,False
d8e11c208,,3475,545,19,False,False,False,8,6,2,True,0,False
d815cd25a,,1716,299,13,True,False,False,55,15,1,True,11,True
d874be368,,4102,624,25,True,False,False,21,9,1,True,0,False
d8b1ea28c,,2010,371,17,True,False,False,66,24,1,False,36,False
d8f8aa8a2,,2802,503,22,True,False,False,101,13,1,True,0,False
d8bbf2edc,,1957,314,19,False,False,False,46,23,1,False,22,False
d820d0490,,3471,513,24,False,False,False,50,20,1,True,2,False
d8b7101ee,,1042,165,5,False,False,False,20,11,1,True,0,False
d8d8f5ea8,,2810,619,44,True,False,False,186,2,1,True,6,False
d8a0867d4,,670,89,5,False,False,False,2,0,0,False,0,False
d8cea64de,,678,121,4,True,False,False,32,11,1,True,0,False
d87d15cbe,,1776,284,11,False,False,False,29,20,1,True,2,False
d8c708556,,3316,636,24,True,False,False,288,31,1,True,2,False
d81c799fa,,3184,548,26,True,False,False,48,6,1,True,23,False
d8afd3c0a,,1124,175,12,True,False,False,36,12,1,True,0,False
d8e79b55c,,1573,253,9,False,False,False,32,11,1,True,0,False
d8d3b0dd0,,2438,345,17,False,False,False,4,1,1,True,0,False
d87981b7a,,6709,1022,40,True,False,False,58,19,1,True,20,False
d8d1eaadc,,1051,169,8,True,False,False,22,7,1,False,0,False
d87f293fc,,3179,503,20,True,False,False,35,13,2,True,0,False
d815dd812,,913,153,11,True,False,False,34,4,1,True,0,True
d8634d0e8,,3672,648,30,True,False,False,149,15,1,True,19,False
d8622c5a6,,3393,612,42,True,False,False,130,9,1,True,4,False
d88000c08,,1463,242,12,False,False,False,38,19,1,True,0,False
d8972a6d6,,2666,422,18,True,False,False,45,4,1,True,5,False
d87019b46,,7668,1305,75,True,False,False,273,28,1,True,0,False
d8d07369a,,4147,629,26,True,False,False,58,29,1,True,4,False
d8b7367e0,,1808,287,12,True,False,False,53,10,1,True,0,False
d8d120106,,447,93,9,True,False,False,40,3,1,True,0,False
d8c1ec176,,907,153,7,True,False,False,27,10,1,True,0,False
d870687fa,,1821,310,17,True,False,False,78,5,1,True,27,False
d8a2da21a,,3225,528,19,False,False,False,54,27,1,True,6,False
d8c2c6e2a,,4222,685,35,True,False,False,47,1,1,True,2,False
d8b4da924,,1381,322,19,True,False,False,86,1,1,True,8,False
d87b3591c,,3984,617,23,True,False,False,61,4,1,True,0,False
d8e373fba,,892,186,14,True,False,False,28,2,1,True,0,False
d8d0597b8,,2220,358,8,False,False,False,11,2,2,True,3,False
d8b55238e,,3299,608,27,True,False,False,103,8,1,True,8,False
d8d885568,,979,145,4,False,False,False,1,1,1,False,0,False
d8cc91932,,1803,273,10,False,False,False,24,6,1,True,0,False
d88318aa8,,5914,916,50,True,False,False,67,9,1,True,5,False
d88424258,,1391,212,8,False,False,False,0,0,0,False,0,False
d8e64bb7a,,344,71,9,True,False,False,22,6,1,True,0,False
d8695f710,,728,127,8,False,False,False,11,2,1,False,0,False
d8e65dd34,,1232,199,4,False,False,False,10,3,1,True,2,False
d8366a062,,1036,151,5,False,False,False,13,8,1,True,2,True
d8bdb72b8,,852,141,1,False,False,False,14,4,1,True,0,False
d8f5af3a0,,2510,385,18,True,False,False,45,12,1,True,1,False
d8f31013a,,2592,420,19,True,False,False,43,15,1,True,0,False
d8e63ce86,,11325,1901,89,True,False,False,184,28,1,True,16,False
d8366a152,,1813,255,10,False,False,False,9,2,1,False,3,True
d8aae8aa6,,887,156,11,True,False,False,27,8,1,True,0,False
d81566618,,2044,395,23,True,False,False,105,12,1,True,9,True
d8a5a3398,,2095,363,22,True,False,False,89,12,1,True,0,False
d8db94970,,6424,1042,40,True,False,False,82,13,1,True,26,False
d8aa8038e,,2514,431,18,True,False,False,36,9,1,False,0,False
d88000afa,,609,98,5,False,False,False,11,6,1,False,0,False
d81cc59b8,,1375,243,12,True,False,False,39,13,1,True,9,True
d8c1da566,,1532,242,11,False,False,False,12,5,2,False,0,False
d8ea37748,,3525,582,26,True,False,False,61,19,1,True,0,False
d8b57ce90,,17,3,1,False,False,False,2,1,1,False,0,False
d8364bba8,,4076,656,27,True,False,False,92,38,1,True,14,True
d8c2afba8,,3606,575,33,True,False,False,21,1,1,True,16,False
d88f70e72,,4146,641,35,True,False,False,77,29,1,True,1,False
d88283fde,,3400,566,18,True,False,False,67,7,1,True,6,False
d8ad741f8,,2818,544,34,True,False,False,134,13,1,True,6,False
d888522ee,,1680,317,19,True,False,False,59,2,1,True,0,False
d8d1db028,,731,108,5,False,False,False,3,2,1,False,0,False
d875d006c,,1601,293,16,True,False,False,57,7,1,True,27,False
d8b2ec7ca,,2024,432,22,True,False,False,171,14,1,True,6,False
d8889dee2,,1319,256,17,True,False,False,77,7,1,True,0,False
d8e6a0008,,302,61,9,True,False,False,21,2,1,True,0,False
d89a14f9a,,1906,369,22,True,False,False,195,4,1,True,0,False
d8e79b6ec,,127,22,1,False,False,False,2,1,1,False,0,False
d88755ac6,,4950,968,50,True,False,False,113,6,1,False,1,False
d8d33fc48,,528,86,4,False,False,False,18,7,1,True,0,False
d8adec2a2,,1485,231,10,False,False,False,9,2,1,True,0,False
d8b477aa4,,2464,391,14,False,False,False,35,17,1,True,4,False
d89d37434,,7639,1350,66,True,False,False,352,43,1,True,0,False
d8c28a902,,4391,794,43,True,False,False,142,31,1,True,0,False
d89381f7a,,1410,244,11,True,False,False,32,7,1,True,0,False
d87da9b94,,3242,525,26,True,False,False,77,26,1,True,0,False
d87914156,,163,26,1,False,False,False,14,5,1,False,0,False
d8ab11032,,792,118,5,False,False,False,12,6,1,True,0,False
d86989218,,4948,826,38,True,False,False,103,33,1,True,2,False
d86b5f24a,,321,54,6,True,False,False,5,0,0,True,2,False
d8619483c,,1095,163,7,False,False,False,17,9,1,True,0,False
d8ea2f246,,3104,592,35,True,False,False,102,3,1,True,0,False
d8df60068,,3472,543,26,True,False,False,33,14,2,True,1,False
d8dd2a820,,1425,222,9,False,False,False,5,1,1,True,0,False
d866867e6,,50,5,1,False,False,False,0,0,0,False,0,False
d86ba989a,,3960,625,26,False,False,False,47,26,2,True,5,False
d8ed317be,,597,83,5,False,False,False,2,0,0,False,0,False
d8c3c0024,,962,150,4,False,False,False,21,4,1,True,0,False
d87f8a3e6,,3744,623,38,True,False,False,224,20,1,True,4,False
d87ea49c2,,5979,895,41,True,False,False,45,16,1,False,9,False
d8eaff496,,4166,612,29,False,False,False,38,8,1,True,0,False
d8c2d5ef2,,2602,513,29,True,False,False,187,9,1,True,0,False
d8a1179f0,,6718,1053,47,True,False,False,85,23,1,True,0,False
d85e79792,,3469,787,42,True,False,False,164,14,1,True,28,False
d82bda0d4,,6278,1033,53,True,False,False,161,11,1,True,23,True
d817f6306,,1919,310,16,True,False,False,42,9,1,True,0,True
d82990b7a,,1477,248,10,True,False,False,30,8,1,True,4,False
d8955b986,,4010,658,33,True,False,False,66,21,1,True,0,False
d8130c5ca,,3975,617,24,True,False,False,81,14,1,True,0,False
d8a779f0a,,3508,561,25,False,False,False,13,1,1,True,0,False
d8ee543b2,,3122,493,24,True,False,False,25,5,1,True,12,False
d89f60bd4,,2445,406,15,True,False,False,38,10,1,True,5,False
d86d88d00,,760,185,10,True,False,False,55,2,1,True,19,False
d8ce91eda,,1210,275,14,True,False,False,98,8,1,True,45,False
d8968e0f6,,3739,576,21,False,False,False,43,23,1,True,2,False
d8ebf394c,,1606,280,13,False,False,False,28,12,1,True,0,False
d8e2b4b60,,291,57,6,True,False,False,22,5,1,True,0,False
d8237510a,,1785,305,15,True,False,False,25,4,1,True,0,True
d8b1baa0a,,1705,298,19,True,False,False,50,5,1,True,0,False
d868c1696,,2386,377,20,True,False,False,25,4,1,True,12,False
d883f92a6,,638,115,8,True,False,False,29,12,1,True,0,False
d8695f7e2,,2396,401,25,True,False,False,28,4,1,True,0,False
d8da2d5d2,,4132,895,45,True,False,False,244,9,1,True,17,False
d87ef3fcc,,4342,698,36,True,False,False,65,10,1,True,0,False
d8744515c,,1895,308,14,True,False,False,37,12,1,True,6,False
d8d930c10,,1257,269,17,True,False,False,88,5,1,True,0,False
d87abdaf2,,4125,715,30,True,False,False,117,47,1,True,19,False
d8e8c64d6,,4563,679,27,True,False,False,100,20,1,False,6,False
d86a58c20,,305,46,3,False,False,False,2,1,1,False,0,False
d890e03b6,,4321,829,38,True,False,False,177,20,1,True,31,False
d87fed8b0,,4552,835,35,True,False,False,196,28,1,True,20,False
d888ea972,,869,146,5,False,False,False,3,1,1,False,0,False
d88127cc6,,2792,562,32,True,False,False,149,14,1,True,0,False
d8aed1a0a,,6073,943,43,True,False,False,58,10,2,True,0,False
d8e083314,,877,130,3,False,False,False,15,9,1,True,0,False
d842c8dd6,,4222,629,27,True,False,False,138,28,1,True,0,True
d86439e02,,4871,831,40,True,False,False,123,24,1,True,23,False
d883919a8,,4309,707,38,True,False,False,85,2,1,True,0,False
d8c756cba,,103,14,1,False,False,False,2,1,1,False,0,False
d8207429e,,4811,726,27,False,False,False,32,10,1,True,0,True
d8d04d418,,4570,744,26,True,False,False,107,25,1,True,3,False
d8d845eae,,780,119,4,False,False,False,2,1,1,False,0,False
d8703ffe4,,2058,328,9,False,False,False,4,0,0,False,2,False
d8e2643f4,,2150,340,10,False,False,False,26,9,1,True,0,False
d8c7d2c0c,,1224,237,18,True,False,False,57,0,0,True,0,False
d81be6600,,851,146,8,True,False,False,24,7,1,False,14,True
d89212b30,,4386,699,36,True,False,False,60,31,1,True,6,False
d89477b8c,,4030,666,35,True,False,False,86,27,1,False,23,False
d896449ce,,1684,285,17,True,False,False,33,5,1,True,2,False
d8c9b0844,,2988,462,19,False,False,False,33,12,1,True,0,False
d80f0a9e0,,2147,333,9,False,False,False,14,6,1,True,1,False
d8e361a40,,2938,488,19,False,False,False,14,2,1,False,0,False
d8b477b44,,701,111,6,False,False,False,0,0,0,False,0,False
d86eac65a,,3811,616,31,True,False,False,73,18,2,True,3,False
d8a4cf110,,3259,534,23,True,False,False,70,7,1,True,10,False
d8cdd40e2,,138,19,1,False,False,False,2,1,1,False,0,False
d8dde1f16,,421,80,6,True,False,False,13,1,1,True,0,False
d8b611810,,4930,842,29,True,False,False,66,21,1,True,9,False
d8bf79902,,1466,228,13,True,False,False,29,6,1,True,0,False
d8291ab28,,5279,913,43,True,False,False,148,22,1,True,0,True
d89a14ffe,,1906,369,22,True,False,False,196,4,1,True,0,False
d8ef609ae,,1630,249,11,False,False,False,12,5,1,True,0,False
d8bd97274,,1523,234,6,False,False,False,18,8,1,True,0,False
d8b0a1dda,,563,123,12,True,False,False,29,4,1,False,4,False
d8826eddc,,2175,419,24,True,False,False,133,5,1,True,0,False
d8b8f36aa,,679,122,9,True,False,False,30,3,1,True,0,False
d8f44f686,,3283,504,18,False,False,False,25,5,1,False,6,False
d8bc26ec6,,3271,473,18,False,False,False,17,6,1,True,3,False
d8b326b50,,2118,325,19,True,False,False,24,5,2,True,0,False
d8db94894,,2114,327,16,True,False,False,20,9,1,True,6,False
d8e2f5278,,3508,541,14,False,False,False,36,10,1,True,10,False
d8b0312a6,,4235,655,21,True,False,False,62,16,1,True,5,False
d8e1e3a2e,,3418,614,32,True,False,False,114,8,1,True,0,False
d898645f6,,1955,306,14,False,False,False,1,0,0,False,1,False
d86389e1c,,925,153,12,True,False,False,29,2,1,False,3,False
d89f4dc8c,,483,74,2,False,False,False,6,2,1,True,0,False
d8f70d4cc,,4416,675,27,True,False,False,45,9,1,True,1,False
d8775a644,,2657,403,15,False,False,False,2,0,0,False,0,False
d8bc9fcb8,,3933,645,19,False,False,False,58,17,2,False,0,False
d87d04158,,3014,679,48,True,False,False,319,15,1,False,65,False
d8a22dc4a,,877,143,8,True,False,False,50,5,1,True,0,False
d8269a16e,,5086,825,29,True,False,True,43,7,1,True,0,True
d8b326a1a,,1235,217,10,True,False,False,51,4,2,True,0,False
d8d8cc6b6,,3228,540,25,True,False,False,49,17,1,True,0,False
d84dc5eaa,,3443,695,32,True,False,False,213,8,1,True,0,True
d8af4c2f0,,3534,570,30,True,False,False,92,16,2,True,10,False
d8ed989c8,,2079,387,19,True,True,False,58,34,1,True,9,False
d8959cc7e,,3037,715,37,True,False,False,129,11,1,True,0,False
d87a4d202,,280,42,2,False,False,False,2,1,1,False,0,False
d8e29dfb4,,1254,192,7,False,False,False,0,0,0,False,0,False
d8df987ba,,2663,447,22,True,False,False,59,14,1,True,0,False
d8c7e0af0,,839,168,12,True,False,False,46,6,1,True,0,False
d887559a4,,2855,468,21,True,False,False,29,15,1,True,0,False
d89498bc0,,2462,382,11,False,False,False,22,7,1,True,0,False
d89663c7a,,1104,178,15,True,False,False,24,9,1,True,0,False
d8c91595c,,5868,925,48,True,False,False,122,33,1,True,2,False
d81ffb9e8,,4672,783,49,True,False,False,119,19,1,True,12,True
d8f4ed91c,,3825,589,26,True,False,False,39,14,2,True,2,False
d8b61193c,,988,155,6,False,False,False,3,0,0,False,0,False
d894aff28,,3530,553,24,True,False,False,58,34,1,True,0,False
d8992635e,,1636,273,12,True,False,False,43,15,1,True,4,False
d8b3fe686,,1607,247,16,True,False,False,29,10,1,True,0,False
d8e3b3f84,,2834,539,27,True,False,False,72,11,1,True,4,False
d85d84f4e,,944,140,3,False,False,False,1,1,1,False,0,False
d8be2ab8c,,2484,476,27,True,False,False,158,18,1,True,0,False
d8190ffb2,,3557,576,33,True,False,False,77,12,1,True,19,True
d89813b6a,,1876,285,15,True,False,False,35,8,1,True,0,False
d8b10a5f6,,3403,557,30,True,False,False,38,4,1,True,5,False
d8833bee0,,1194,198,12,True,False,False,23,3,1,False,6,False
d8d09a2c2,,1116,177,10,False,False,False,13,4,1,True,0,False
d884ac0f4,,2007,310,11,False,False,False,32,10,1,True,1,False
d828caa88,,2282,405,21,True,False,False,36,8,1,True,8,True
d8ea8be56,,3461,520,22,False,False,False,45,11,1,False,0,False
d8621525c,,3539,537,25,True,False,False,47,20,1,True,0,False
d8f6c9e16,,1407,214,7,False,False,False,9,3,2,True,1,False
d81486d60,,2256,384,22,True,False,False,46,10,1,True,0,True
d8d66f990,,863,136,11,False,False,False,14,3,1,True,0,False
d87817f3c,,440,71,3,False,False,False,6,2,1,False,0,False
d8130c840,,5302,919,38,True,False,False,144,30,1,True,2,False
d885c4518,,3065,455,21,False,False,False,30,10,1,True,0,False
d884f255e,,696,164,15,True,False,False,54,1,1,True,1,False
d8ac36d90,,3026,565,28,True,False,False,108,19,1,True,32,False
d811fbf64,,1613,269,12,True,False,False,72,10,1,True,1,True
d8c4e95ae,,2995,480,20,False,False,False,34,12,2,True,5,False
d8ba002fa,,1109,195,13,True,False,False,27,6,1,True,3,False
d886aa414,,966,182,10,True,False,False,33,7,1,True,3,False
d8ae71290,,2419,528,28,True,False,False,158,17,1,True,24,False
d8ecca230,,3454,652,25,True,False,False,100,17,1,True,1,False
d85f4a4aa,,837,142,7,True,False,False,26,9,1,True,0,False
d8d9d07ec,,1987,310,12,False,False,False,4,1,1,True,0,False
d85f770a4,,5393,862,33,True,False,False,81,15,2,True,0,False
d8e1a7df8,,2979,608,42,True,False,False,317,5,1,True,0,False
d887d2bc0,,1502,223,10,False,False,False,14,6,1,True,0,False
d8aa0eaae,,2964,455,18,True,False,False,52,18,2,True,0,False
d881c8090,,2115,319,18,True,False,False,44,12,1,True,0,False
d811d0e9a,,6658,944,43,False,False,False,8,1,1,True,0,True
d8f46fab2,,2024,339,14,True,False,False,45,13,1,True,1,False
d8b7c2efc,,4510,682,29,True,False,False,66,14,1,True,0,False
d813a40b4,,5029,741,40,True,False,False,95,27,1,True,7,True
d8b962fa0,,2463,404,20,True,False,False,36,12,1,True,0,False
d87194c28,,2068,346,19,True,False,False,87,13,1,True,0,False
d87f7b49a,,7298,1142,50,True,False,False,140,38,1,True,2,False
d8b57ce5e,,195,31,2,False,False,False,3,2,1,False,0,False
d8800fb7c,,2741,453,20,True,False,False,82,6,2,True,0,False
d8ebc6e6a,,6797,1191,65,True,False,False,256,9,1,True,12,False
d89629642,,3001,471,27,True,False,False,35,11,1,True,1,False
d81f7797c,,1169,166,6,False,False,False,5,1,1,True,0,False
d893a24fa,,1718,273,12,False,False,False,13,6,1,True,0,False
d8cd9d5c4,,3136,652,33,True,False,False,118,18,1,True,29,False
d8a77a054,,1637,248,11,False,False,False,13,2,1,True,1,False
d826da6d8,,4796,739,22,True,False,False,119,35,1,True,7,False
d8e561570,,4042,652,26,True,False,False,39,4,1,True,1,False
d8834ee82,,5323,833,33,True,False,False,50,17,1,True,0,False
d8b9db338,,2977,550,29,True,False,False,130,19,1,True,32,False
d81b362b4,,653,144,11,True,False,False,46,2,1,True,0,False
d89a8e6c4,,2516,356,15,False,False,False,0,0,0,False,0,False
d82e4ef72,,2387,345,13,False,False,False,6,2,1,False,0,True
d8b728316,,661,108,3,False,False,False,5,0,0,False,0,False
d85fff4b8,,4310,730,27,True,False,False,95,23,1,True,0,False
d8963546a,,472,71,1,False,False,False,6,1,1,True,0,False
d8d6f4348,,2012,314,14,False,False,False,14,6,1,False,1,False
d8f68a432,,2769,454,24,True,False,False,76,20,1,True,0,False
d8ced76f6,,95,13,1,False,False,False,0,0,0,False,0,False
d86f2ae42,,730,104,4,False,False,False,3,0,0,False,0,False
d86052244,,5169,856,36,True,False,False,133,25,1,True,24,False
d82a93e14,,3132,459,21,False,False,False,9,3,1,True,0,False
d8977490c,,1638,236,12,False,False,False,4,2,2,False,0,False
d82615108,,3732,771,34,True,False,False,178,12,1,True,12,False
d8a28fd5a,,2297,358,19,False,False,False,0,0,0,False,0,False
d85ff2c68,,2339,349,15,False,False,False,0,0,0,False,0,False
d8c3581b8,,7512,1246,65,True,False,False,142,34,1,True,0,False
d81907006,,3007,439,20,False,False,False,14,4,1,True,0,True
d86023944,,4397,682,35,True,False,False,42,5,1,True,0,False
d8ed432e8,,96,14,1,False,False,False,2,2,1,False,0,False
d8968e132,,796,134,9,True,False,False,15,3,1,False,9,False
d8700527c,,8868,1616,81,True,False,False,328,20,1,True,18,False
d8de10faa,,2257,333,8,False,False,False,17,9,1,True,1,False
d8b4e965e,,3006,504,24,True,False,False,151,18,1,True,0,False
d8c0d814a,,793,164,12,True,False,False,29,7,1,True,0,False
d885b6350,,2580,405,18,True,False,False,34,4,1,True,10,False
d87e56be6,,3279,502,17,False,False,False,19,7,1,True,0,False
d8ab3a9d2,,3927,722,36,True,False,False,209,8,1,True,1,False
d86826362,,6285,987,36,False,False,False,67,36,2,True,5,False
d8a4eed76,,5103,797,37,True,False,False,116,20,1,True,2,False
d8e6bf8b8,,515,104,8,True,False,False,16,2,1,True,0,False
d8bfb33b4,,864,126,5,False,False,False,6,3,1,False,1,False
d8c22a07a,,957,190,13,True,False,False,114,2,1,True,0,False
d892c83c2,,556,113,10,True,False,False,19,4,1,True,0,False
d8d36255e,,5134,766,46,True,False,False,48,9,1,True,5,False
d8ef396ec,,3848,586,33,True,False,False,62,14,1,True,0,False
d8159e28e,,792,119,4,False,False,False,11,4,1,True,0,False
d8bc6e46a,,3319,511,22,False,False,False,66,28,1,True,6,False
d87321316,,1446,253,20,True,False,False,52,7,1,True,0,False
d88465cc6,,1804,282,11,False,False,False,45,24,1,True,0,False
d8da80d7c,,3050,510,24,True,False,False,34,9,1,True,2,False
d8942ed6a,,3278,494,21,False,False,False,13,4,1,True,5,False
d81f402d8,,8293,1369,58,True,False,False,181,35,2,True,39,True
d87097956,,1124,162,6,False,False,False,5,2,1,True,0,False
d8c3d355c,,1501,211,10,False,False,False,2,1,1,False,1,False
d8adec41e,,1106,165,8,False,False,False,4,0,0,False,0,False
d888b5b8c,,405,92,8,True,False,False,22,3,1,True,0,False
d869b4dbe,,3251,641,31,True,False,False,200,23,1,True,38,False
d8aefb5b2,,3756,629,31,True,False,False,99,16,1,True,3,False
d8c3dd638,,3567,566,17,False,False,False,51,17,1,True,15,False
d8b8f377c,,698,93,6,False,False,False,5,2,1,True,0,False
d8dfc2998,,2344,375,13,False,False,False,14,9,1,False,0,False
d8a89eb92,,859,124,6,False,False,False,4,1,1,False,0,False
d89ed62c2,,1519,256,14,True,False,False,35,7,1,True,14,False
d86261e54,,3680,541,15,False,False,False,43,12,1,True,5,False
d8bec3ddc,,852,131,9,False,False,False,9,3,1,False,0,False
d8d6c5eee,,596,114,9,True,False,False,28,8,1,True,0,False
d899c58c8,,4661,722,23,True,False,False,68,6,1,True,0,False
d87dc68a2,,877,164,14,True,False,False,26,5,1,True,10,False
d8b8659f4,,1163,192,10,False,False,False,14,4,1,True,0,False
d8aa515de,,2840,442,22,True,False,False,38,6,1,True,1,False
d8b9aa238,,3923,603,27,True,False,False,67,10,1,True,1,False
d8b642c80,,562,100,9,True,False,False,14,2,1,True,0,False
d89a6eab8,,322,46,4,False,False,False,6,0,0,False,0,False
d8d845c9c,,509,73,3,False,False,False,3,2,1,False,0,False
d86dcdd06,,4139,751,45,True,False,False,106,11,1,True,5,False
d89a38602,,3400,555,29,True,False,False,101,5,1,True,25,False
d8a7a8008,,853,182,13,True,False,False,25,4,1,True,0,False
d8e68d7b4,,6683,1080,50,True,False,False,128,17,1,True,1,False
d8ec72f4e,,880,211,11,True,False,False,45,7,1,True,16,False
d8b3e32fa,,6065,925,40,True,False,False,56,14,1,True,0,False
d8eca4f1c,,3671,571,26,True,False,False,42,11,1,True,0,False
d85e20818,,143,23,2,False,False,False,0,0,0,False,0,False
d8c73c540,,1127,178,8,False,False,False,19,8,1,True,0,False
d872efe9c,,2965,546,40,True,False,False,133,10,1,True,11,False
d8b8ed44e,,1789,353,20,True,False,False,144,11,1,True,0,False
d8c898880,,3748,604,23,True,False,False,44,6,1,True,18,False
d8a0bce88,,1283,197,8,False,False,False,15,4,1,True,1,False
d8bc26cf0,,1896,289,10,False,False,False,32,10,1,True,0,False
d8a522cfc,,4488,700,32,False,False,False,74,21,2,True,4,False
d8aba74ba,,2658,420,19,False,False,False,26,6,1,True,4,False
d8a9f8826,,7250,1154,55,True,False,False,133,16,1,True,0,False
d8d77291e,,1464,219,4,False,False,False,17,6,1,True,2,False
d8e95dcfa,,3279,494,39,True,False,False,47,5,1,True,2,False
d8b74089e,,815,121,5,False,False,False,11,5,1,True,0,False
d8aadb4b4,,4864,732,37,True,False,False,43,12,1,True,2,False
d860bbc26,,4433,727,33,True,False,False,65,19,1,True,0,False
d8b849164,,4432,784,41,True,False,False,163,15,1,True,5,False
d88c885a2,,4719,734,31,True,False,False,56,12,1,True,0,False
d8c2e4402,,2158,440,29,True,False,False,106,6,1,True,0,False
d86e581c2,,837,179,11,True,False,False,43,0,0,False,0,False
d8e0fbef4,,5078,813,29,True,False,False,43,12,1,True,0,False
d8c8545f4,,2095,336,18,True,False,False,34,10,1,True,1,False
d86d88cba,,2059,413,25,True,False,False,99,12,1,True,37,False
d89e8d02c,,3862,809,45,True,False,False,167,26,1,True,40,False
d89774a38,,5218,811,29,True,False,False,46,9,1,True,0,False
d8b5b92be,,4705,797,32,True,False,False,81,29,2,True,0,False
d8199c9bc,,2161,352,24,True,False,False,26,3,1,True,0,True
d8c555088,,1629,249,10,False,False,False,3,1,1,False,0,False
d8d4906b0,,5282,861,41,True,False,False,152,13,1,True,0,False
d8f65b9b6,,2506,430,22,True,False,False,40,12,1,True,0,False
d87ab1964,,2573,419,24,True,False,False,54,9,1,True,12,False
d877631cc,,1681,290,14,True,False,False,31,7,1,True,0,False
d8e57a020,,655,95,3,False,False,False,3,1,1,False,0,False
d8f0dc3fa,,1003,192,13,True,False,False,51,6,1,True,0,False
d82787b30,,1939,285,12,False,False,False,11,3,1,True,0,True
d862f0a82,,688,146,16,True,False,False,54,3,1,True,3,False
d885d3022,,3774,609,24,True,False,False,63,20,1,True,1,False
d861c8bdc,,3024,494,21,True,False,False,105,16,1,True,4,False
d8e1f74ca,,2407,364,8,False,False,False,16,9,1,True,0,False
d8e675c18,,1838,388,28,True,False,False,193,5,1,True,0,False
d8d9ff9a2,,1123,175,7,False,False,False,1,0,0,False,0,False
d8b642ca8,,250,31,2,False,False,False,0,0,0,False,0,False
d863c21ae,,3699,577,16,False,False,False,14,4,1,True,0,False
d878d600e,,2609,444,22,True,False,True,79,5,1,True,22,False
d8dcf0de6,,566,93,5,False,False,False,10,5,1,True,4,False
d837f6070,,3796,741,32,True,False,False,147,21,1,True,29,True
d896fc6d2,,2253,355,13,False,False,False,26,8,1,True,2,False
d8f629fce,,1647,261,9,False,False,False,16,11,2,False,0,False
d86f0e8aa,,3436,531,21,False,False,False,25,7,1,True,6,False
d8bad3d9e,,3480,526,28,True,False,False,53,13,1,True,0,False
d8a411e08,,3384,569,30,True,False,False,80,15,1,True,11,False
d8d45d134,,8017,1303,63,True,False,False,97,21,1,True,0,False
d8d0256b6,,6503,999,43,True,False,False,25,2,1,True,0,False
d8684b95a,,8532,1587,98,True,False,False,499,22,1,True,15,False
d8ab1a006,,5244,863,45,True,False,False,97,20,1,True,0,False
d8ba5aae8,,2899,452,21,False,False,False,27,10,1,True,0,False
d8982ec80,,2153,355,22,True,False,False,93,7,1,True,2,False
d8788d7c8,,3779,631,30,True,False,False,101,18,1,True,12,False
d8d4f7194,,3251,515,31,True,False,False,103,20,1,True,0,False
d8c73c7f2,,1987,309,11,False,False,False,6,3,1,False,1,False
d8a95ff40,,3049,498,21,True,False,False,174,10,1,True,0,False
d8d2c9cdc,,4720,762,31,False,False,False,90,45,1,True,4,False
d8797956a,,6511,1113,57,True,False,False,151,30,1,True,37,False
d8f1c9894,,1796,275,14,False,False,False,22,9,2,False,0,False
d828a59b8,,3812,757,36,True,False,False,149,26,1,True,29,True
d87d9a96e,,2569,390,11,False,False,False,7,2,1,False,0,False
d8f3100c2,,3460,516,20,True,False,False,32,6,1,True,0,False
d87085f3a,,1456,222,15,True,False,False,32,6,1,True,0,False
d8ead8634,,1595,252,19,True,False,False,22,2,1,True,0,False
d813cd23e,,1147,176,8,False,False,False,7,1,1,True,0,True
d8b1d2830,,1808,317,15,True,False,False,40,7,1,True,0,False
d88100aa4,,2361,436,19,True,False,False,48,5,2,True,0,False
d80ee2724,,947,167,11,True,False,False,27,8,1,True,0,True
d8bd74170,,4000,608,32,True,False,False,24,7,2,True,0,False
d8685be90,,3736,559,24,False,False,False,9,3,1,False,0,False
d8afb0700,,3629,513,24,False,False,False,6,1,1,False,0,False
d8e37ebf4,,3468,594,29,True,False,False,117,10,1,True,23,False
d8e9c7f4c,,2807,467,21,True,False,False,85,19,1,True,0,False
d86bdfa80,,667,125,7,True,False,False,13,3,1,False,0,False
d8836bee2,,4435,641,24,True,False,False,74,32,1,True,15,False
d8f4d542a,,2321,457,33,True,False,False,98,1,1,True,0,False
d8c18d5ae,,5395,842,31,True,False,False,81,14,1,True,0,False
d8a9b52b0,,3868,590,31,True,False,False,41,16,1,True,0,False
d8d2ea518,,2198,321,15,False,False,False,11,4,1,True,4,False
d8ba8007c,,2077,367,19,True,False,False,54,21,2,True,0,False
d8629a93e,,1722,283,16,True,False,False,53,6,1,True,0,False
d8b93b1bc,,3274,537,31,True,False,False,68,19,1,True,0,False
d829d9a14,,1378,194,6,False,False,False,5,0,0,False,0,True
d8d86da08,,3419,562,25,True,False,False,100,21,1,True,10,False
d89f4dc3c,,3594,619,24,True,False,False,99,3,1,True,0,False
d8d3e0de6,,4673,748,28,True,False,False,104,30,1,True,5,False
d88000b7c,,474,71,3,False,False,False,13,5,1,True,0,False
d8df05f82,,2222,357,11,False,False,False,0,0,0,False,0,False
d8ecb5e7a,,3005,559,26,True,False,False,114,19,1,True,32,False
d87053896,,4557,722,35,True,False,False,61,13,1,True,0,False
d8bbf2e82,,2314,350,18,False,False,False,41,20,1,False,19,False
d8e65dda2,,2448,361,13,False,False,False,16,3,1,True,3,False
d86356184,,2324,374,18,True,False,False,33,8,1,True,0,False
d8d34d96a,,1228,181,6,False,False,False,8,4,1,True,0,False
d8e903cf0,,2789,412,22,True,False,False,55,11,1,True,0,False
d89a6eaf4,,497,67,3,False,False,False,3,1,1,False,0,False
d895acf52,,912,159,14,True,False,False,45,3,1,False,0,False
d8e1b1b78,,689,102,4,False,False,False,0,0,0,False,0,False
d88c9d498,,2211,345,13,True,False,False,29,9,1,True,0,False
d8ed3175a,,989,143,7,False,False,False,2,0,0,False,0,False
d89b8a33e,,1448,215,8,False,False,False,8,3,1,True,1,False
d8cf9f3ea,,654,117,14,True,False,False,34,2,1,True,0,False
d8db0b0ee,,1556,237,9,False,False,False,11,4,1,True,2,False
d8202fc70,,2179,318,9,False,False,False,2,0,0,False,0,True
d89bf2484,,3946,618,20,False,False,False,18,5,1,True,1,False
d8a242848,,543,66,2,False,False,False,0,0,0,False,0,False
d89901676,,13966,2342,107,True,False,False,319,35,1,True,39,False
d8ddaa228,,1895,309,15,True,False,False,42,10,2,True,0,False
d8dc58a1e,,3001,528,28,True,False,False,109,19,1,True,0,False
d8dfd4f3a,,1773,256,12,False,False,False,8,4,1,False,0,False
d86e1fab6,,2118,353,16,True,False,False,60,11,1,True,19,False
d8ea5b1f2,,4726,704,32,True,False,False,28,5,1,True,1,False
d8983c010,,1963,319,17,True,False,False,28,12,1,True,1,False
d8b38862a,,498,100,11,True,False,False,32,4,1,True,0,False
d8de48f0e,,1826,277,9,False,False,False,26,5,2,True,0,False
d8b7f72ec,,9913,1477,63,True,False,False,88,19,1,True,0,False
d8d43dbb8,,5572,909,36,True,False,False,127,34,1,True,10,False
d8f6b5bb4,,3178,564,33,True,False,False,98,16,1,True,6,False
d8cda66e2,,4106,673,25,True,False,False,62,10,1,True,10,False
d8b190a66,,3435,565,32,True,False,False,54,17,1,True,0,False
d8a4fc020,,3919,605,32,True,False,False,45,7,1,True,0,False
d8ba46d54,,1485,242,8,False,False,False,21,12,1,True,0,False
d85f8acb2,,5268,876,45,True,False,False,140,12,1,True,15,False
d8e8c65c6,,2812,480,31,True,False,False,155,10,1,True,17,False
d8848a666,,459,69,4,False,False,False,6,1,1,True,0,False
d8df3f962,,1624,227,10,False,False,False,6,1,1,False,0,False
d8cfea250,,3890,612,32,True,False,False,55,13,1,True,0,False
d8c3c0060,,319,51,1,False,False,False,11,2,1,True,0,False
d873e1eea,,800,135,12,True,False,False,17,0,0,True,0,False
d8e01a6b6,,974,144,6,False,False,False,3,1,1,True,0,False
d887b73f2,,4219,684,24,False,False,False,62,26,1,True,9,False
d89f337f6,,7013,1127,62,True,False,False,174,20,1,True,5,False
d8d4f7112,,3926,720,41,True,False,False,174,8,1,True,8,False
d8adf5f6e,,1788,278,11,False,False,False,10,4,1,False,0,False
d866e5066,,1735,271,11,False,False,False,10,6,1,True,1,False
d8694b92c,,1757,279,18,True,False,False,38,24,2,True,0,False
d8b0c0d20,,681,100,7,False,False,False,0,0,0,False,0,False
d81447c00,,1220,221,13,True,False,False,29,2,1,True,0,True
d8f8245fe,,875,150,10,True,False,False,16,3,1,True,0,False
d8121854c,,1885,285,10,False,False,False,13,7,1,False,0,True
d8d49850e,,653,122,9,True,False,False,31,7,1,True,6,False
d86731b32,,3878,750,41,True,False,False,143,21,1,True,12,False
d8bf5be66,,4142,695,30,True,False,False,104,36,1,True,0,False
d899f1bc6,,4002,633,23,True,False,False,56,32,1,True,1,False
d89854e8a,,1984,338,20,True,False,False,28,7,1,True,4,False
d86a787dc,,1494,311,19,True,False,False,140,9,1,True,0,False
d812c0c38,,985,177,17,True,False,False,58,6,1,True,0,True
d8d09a236,,2246,335,12,False,False,False,31,10,1,True,2,False
d82384dda,,4188,654,28,True,False,False,38,14,1,True,0,True
d820400fc,,8524,1382,75,True,False,False,167,32,1,True,11,True
d8a569a1c,,1987,300,15,False,False,False,9,2,1,True,0,False
d89a38666,,5293,878,41,True,False,False,121,36,2,True,1,False
d8d0e7c16,,2404,343,15,False,False,False,6,0,0,False,0,False
d827cc76c,,3072,527,27,True,False,False,49,8,1,True,12,True
d8c3d3764,,98,22,3,True,False,False,3,0,0,False,3,False
d8cd9d4c0,,4047,640,25,True,False,False,57,18,2,True,2,False
d863561f2,,1416,241,16,True,False,False,29,2,1,True,0,False
d8a69937e,,1707,276,18,True,False,False,24,9,1,True,0,False
d8ac576ee,,2449,340,15,True,False,False,31,7,1,True,0,False
d8b57cc56,,2200,343,15,False,False,False,30,7,1,True,0,False
d8d8aeba2,,641,115,8,True,False,False,19,5,1,True,1,False
d8e14a02c,,3072,497,33,True,False,False,38,4,2,True,0,False
d8e09d098,,1104,214,15,True,False,False,48,13,1,True,0,False
d899ac2a6,,2351,363,22,True,False,False,49,3,1,True,0,False
d869ea428,,1693,275,23,True,False,False,28,11,1,True,0,False
d878b7fb4,,278,47,5,True,False,False,16,4,1,True,0,False
d8ee6b22e,,4266,680,33,True,False,False,38,8,1,False,22,False
d8b131462,,3240,585,34,True,False,False,253,20,1,True,9,False
d8ded88fc,,447,84,9,True,False,False,24,2,1,True,0,False
d8e18a424,,1141,233,14,True,False,False,51,2,1,True,0,False
d86a9017a,,1676,277,7,False,False,False,14,2,1,False,6,False
d8f767b02,,2097,357,20,True,False,False,68,24,1,True,24,False
d82b42112,,1470,257,14,True,False,False,30,11,1,True,0,True
d8afd39da,,1876,363,20,True,False,True,56,10,1,True,0,False
d8267f24c,,339,44,6,False,False,False,0,0,0,False,0,False
d8b3885e4,,642,97,4,False,False,False,0,0,0,False,0,False
d82604236,,747,123,8,True,False,False,13,5,1,False,6,True
d81f4036e,,6088,974,48,True,False,False,49,30,1,True,0,True
d86e2d99a,,234,37,2,False,False,False,2,1,1,False,0,False
d85fb445e,,515,76,4,False,False,False,1,0,0,False,0,False
d8b10a70e,,2050,331,22,True,False,False,30,9,1,True,0,False
d87df9a40,,5619,871,47,True,False,False,41,9,1,True,0,False
d8694b864,,1922,295,12,False,False,False,12,2,1,True,0,False
d8ab4aea4,,6679,1163,62,True,False,False,210,25,1,True,15,False
d8d24b2ce,,3441,556,39,True,False,False,47,14,1,True,7,False
d86338094,,4818,916,57,True,False,False,304,20,1,True,5,False
d8b505106,,1344,238,12,True,False,False,44,19,1,True,4,False
d899fdaac,,1366,227,11,True,False,False,34,16,1,True,4,False
d82200db0,,2362,375,13,False,False,False,31,10,1,True,2,False
d833d3f60,,11576,1896,91,True,False,False,286,73,1,True,1,True
d889f7702,,1306,191,8,False,False,False,3,3,1,False,0,False
d8198beaa,,3127,509,12,False,False,False,35,11,1,True,9,True
d8e727e54,,1490,226,8,False,False,False,1,0,0,False,0,False
d8f727804,,1422,232,11,True,False,False,39,7,2,True,0,False
d8ab10ef2,,512,74,3,False,False,False,2,1,1,False,0,False
d8ccb9662,,903,162,11,True,False,False,34,6,1,False,0,False
d8724e038,,2577,441,20,True,False,False,47,4,1,True,0,False
d87903324,,719,138,7,True,False,False,25,7,1,True,4,False
d89d7405a,,3883,762,51,True,False,False,348,7,1,True,15,False
d8c05c054,,4960,800,40,True,False,False,64,27,1,True,5,False
d8efddd5a,,2276,416,25,True,False,False,46,1,1,True,4,False
d8e92afa8,,525,81,3,False,False,False,6,2,1,True,0,False
d8de64ede,,2841,466,25,True,False,False,56,9,1,True,0,False
d8ba69b4c,,2572,497,29,True,False,False,142,12,1,True,5,False
d8937492e,,5331,837,37,True,False,False,44,14,1,True,3,False
d86ed2c24,,1694,276,9,False,False,False,29,3,1,True,14,False
d8f790912,,1412,209,12,False,False,False,8,2,1,True,0,False
d8b642b22,,1162,185,7,False,False,False,15,5,1,True,0,False
d8bc26e12,,453,68,3,False,False,False,8,1,1,True,0,False
d8aac317a,,3943,634,21,False,False,False,45,13,1,True,10,False
d8efa6634,,4938,799,36,True,False,False,62,9,1,True,0,False
d83392a88,,3329,618,24,True,False,False,95,24,1,True,15,False
d88908e90,,3683,575,29,True,False,False,71,21,1,True,2,False
d8c7d2a18,,2432,435,28,True,False,False,90,6,1,True,28,False
d8ad658ce,,1115,179,7,False,False,False,19,8,1,False,0,False
d87851f2a,,4164,621,23,False,False,False,15,5,1,True,1,False
d8cfea156,,4387,707,34,True,False,False,98,21,1,True,1,False
d89be0ffe,,2331,387,19,True,False,False,72,3,1,True,0,False
d874ac4ec,,3871,623,18,False,False,False,36,13,1,True,8,False
d8ba46c46,,1951,318,18,True,False,False,63,11,1,True,0,False
d8f3a7256,,1383,248,19,True,False,False,53,10,1,True,0,False
d8a362494,,867,110,5,False,False,False,0,0,0,False,0,False
d87e2e4f2,,776,97,4,False,False,False,0,0,0,False,0,False
d868cc3c0,,1160,206,11,True,False,False,5,1,1,False,0,False
d8ef70430,,2472,373,19,False,False,False,35,18,1,True,2,False
d8a216518,,843,139,13,True,False,False,33,5,1,True,0,False
d86ca15a4,,5074,794,35,True,False,False,48,2,1,True,0,False
d88e4a746,,4575,765,26,False,False,False,55,18,1,True,0,False
d8b1ea1c4,,1622,258,14,True,False,False,56,13,1,True,0,False
d8d8cc8b4,,7278,1161,46,True,False,False,83,15,1,True,0,False
d81c09164,,2566,438,37,True,False,False,60,19,1,True,0,True
d828fb11a,,6716,1112,59,True,False,False,117,24,1,True,5,False
d86a786ec,,2348,403,21,True,False,False,50,10,1,True,2,False
d87b2259c,,930,168,9,True,False,False,35,4,1,True,11,False
d893820a6,,3952,661,29,True,False,False,72,22,1,True,0,False
d89bf2420,,731,121,3,False,False,False,16,9,2,True,0,False
d8e26449e,,2636,447,24,True,False,False,72,16,1,True,0,False
d8cb62a16,,4390,688,39,True,False,False,62,16,1,True,6,False
d8a751ec4,,5283,867,36,True,False,False,60,15,1,True,7,False
d8c00bfa0,,3848,626,25,True,False,False,62,20,1,True,9,False
d8726498c,,2746,396,18,False,False,False,5,4,1,False,0,False
d8e09d0d4,,516,91,4,False,False,False,9,1,1,True,2,False
d872905f0,,3137,593,31,True,False,False,128,16,1,True,7,False
d86c1f086,,126,20,1,False,False,False,4,3,1,False,0,False
d863aba12,,9690,1647,55,True,False,True,149,18,1,True,6,False
d88244cee,,1572,324,15,True,False,False,38,8,1,True,0,False
d8968e010,,2047,321,15,True,False,False,41,3,1,True,0,False
d8ac36c32,,624,106,13,True,False,False,15,5,1,True,3,False
d8b13a634,,4627,766,32,True,False,False,65,20,1,True,7,False
d8bf4eff4,,836,130,7,True,False,False,30,9,1,False,0,False
d8cb6294e,,3145,509,30,True,False,False,26,2,1,False,0,False
d86de574e,,1717,301,21,True,False,False,34,2,1,True,1,False
d8609ee82,,7308,1145,51,True,False,False,74,15,1,True,34,False
d8bf28408,,3647,801,31,True,False,False,429,10,1,True,10,False
d86040102,,7294,1186,67,True,False,False,153,35,1,True,1,False
d8c38ecf4,,1079,179,14,True,False,False,17,2,1,True,1,False
d8e11c118,,273,67,5,True,False,False,15,5,1,False,0,False
d89f60abc,,658,103,3,False,False,False,7,2,1,True,0,False
d8d8c1428,,1338,194,9,False,False,False,12,3,1,True,0,False
d8e541aa4,,4865,803,33,True,False,False,106,21,1,True,10,False
d8982ec1c,,6557,991,46,True,False,False,70,25,1,True,9,False
d826da7a0,,4078,592,36,True,False,False,3,2,2,False,0,False
d8a2d0896,,1189,195,7,False,False,False,11,3,1,True,0,False
d86760e3c,,334,66,7,True,False,False,7,2,1,True,0,False
d8c4c9a7e,,7640,1221,63,True,False,False,183,28,1,True,16,False
d8e18a3ca,,1952,288,8,False,False,False,3,0,0,False,0,False
d8a5699cc,,757,118,4,False,False,False,0,0,0,False,0,False
d85e93d72,,2457,386,13,True,False,False,46,16,1,True,2,False
d86fac708,,6129,1100,60,True,False,False,251,21,1,True,0,False
d889bcbd4,,1297,188,8,False,False,False,6,2,1,False,0,False
d880bf112,,5931,1015,57,True,False,False,82,4,1,True,3,False
d8e98cbd6,,1597,242,10,False,False,False,6,3,1,False,0,False
d8b0129dc,,1093,222,13,True,False,False,86,3,1,True,0,False
d8bac1e0a,,2067,340,18,True,False,False,53,12,1,True,0,False
d87419912,,3561,646,34,True,False,False,124,15,1,True,7,False
d8ad65a5e,,3046,443,18,False,False,False,35,10,1,True,2,False
d889d033c,,756,131,7,True,False,False,37,6,1,True,0,False
d8ebf37f8,,722,102,6,False,False,False,5,2,1,True,0,False
d8a2ea1d8,,8089,1232,52,True,False,False,65,25,1,True,1,False
d8ece1da4,,2343,356,15,False,False,False,46,15,1,True,4,False
d8673d572,,1036,186,10,True,False,False,21,5,1,True,9,False
d8ba5ac14,,1007,154,7,False,False,False,21,8,1,True,0,False
d8115194c,,3642,576,29,True,False,False,41,11,1,True,1,True
d88975806,,912,162,9,True,False,False,44,6,1,True,0,False
d8e11c154,,276,64,5,True,False,False,15,5,1,False,0,False
d8dcf1098,,10495,1701,80,True,False,True,198,47,1,True,32,False
d8d09a312,,1947,294,15,False,False,False,37,14,1,True,3,False
d8267f13e,,1909,278,8,False,False,False,0,0,0,False,0,False
d8912bc3a,,4329,679,29,True,False,False,50,18,1,True,17,False
d8c18d6c6,,1195,235,12,True,False,False,50,6,1,True,0,False
d8641cca8,,4190,650,26,True,False,False,57,19,1,True,0,False
d88e7c818,,10344,1747,74,True,False,False,248,46,1,True,20,False
d85eaac48,,3312,470,31,False,False,False,12,7,1,False,0,False
d893f204a,,4778,1056,66,True,False,False,242,17,1,True,0,False
d8c8b5c96,,594,93,5,False,False,False,8,5,1,True,0,False
d86979160,,6218,919,44,True,False,False,49,10,1,True,0,False
d8ea04578,,478,65,2,False,False,False,8,8,1,False,0,False
d8ac40f5c,,7087,1084,53,True,False,False,141,40,2,True,0,False
d8693f41a,,1854,294,11,False,False,False,42,12,1,True,6,False
d89be0f0e,,3744,589,34,True,False,False,50,5,1,True,0,False
d86d031aa,,532,88,5,False,False,False,10,6,1,True,0,False
d86d31154,,2332,395,23,True,False,False,36,7,1,True,15,False
d8def80e4,,3195,522,19,True,False,False,63,21,1,True,11,False
d89261578,,6002,957,41,True,False,False,54,14,1,True,1,False
d8691c280,,583,128,13,True,False,False,42,6,1,True,0,False
d8bc63ede,,3465,590,29,True,False,False,76,16,1,True,4,False
d8ad8a232,,718,102,4,False,False,False,3,3,1,False,0,False
d8c5fadd0,,1838,311,9,False,False,False,24,8,1,True,4,False
d8a28fca6,,675,109,3,False,False,False,9,3,1,True,0,False
d8bac1e6e,,2140,335,18,False,False,False,38,14,2,True,4,False
d87a4d28e,,1725,275,12,False,False,False,4,3,1,False,0,False
d8df51554,,6871,1097,51,True,False,False,85,23,1,True,8,False
d8af8a74e,,1751,270,6,False,False,False,15,4,1,True,0,False
d8f86de66,,3789,627,30,True,False,False,33,5,1,True,8,False
d8e64bbca,,1088,233,19,True,False,False,91,2,1,True,2,False
d81ca2c74,,4727,716,36,True,False,False,58,9,1,True,5,True
d8bdc4e5e,,3557,595,36,True,False,False,97,10,1,True,11,False
d89b8a280,,1651,265,10,False,False,False,10,2,1,True,0,False
d87d2d9fe,,3754,640,29,True,False,False,82,6,1,True,5,False
d8d303284,,153,28,2,False,False,False,2,1,1,True,0,False
d8e2434d8,,6361,959,33,False,False,False,33,14,1,True,4,False
d8a411ec6,,3715,712,41,True,False,False,194,14,1,True,0,False
d8e075f16,,995,152,7,False,False,False,3,2,1,False,0,False
d8e62f8f8,,5792,871,36,True,False,False,55,21,1,True,3,False
d86d9fe60,,237,39,3,False,False,False,8,2,1,True,1,False
d8d39c7fe,,5242,1208,63,True,False,False,234,17,1,True,0,False
d8b0a1ef2,,986,199,14,True,False,False,42,5,1,True,2,False
d8ded89c4,,735,137,9,True,False,False,22,5,1,True,0,False
d81392de6,,4829,876,44,True,False,False,200,42,1,True,7,True
d8d8c15d6,,540,74,3,False,False,False,2,1,1,False,0,False
d8aaf86c2,,2389,425,31,True,False,False,140,3,1,True,0,False
d8ce46868,,11164,1763,82,True,False,False,110,19,1,True,28,False
d860bbd16,,3151,633,36,True,False,False,211,5,1,True,0,False
d87b359f8,,767,172,12,True,False,False,41,5,1,False,10,False
d8bc8d11c,,4115,619,24,True,False,False,26,7,1,True,3,False
d8b4592ca,,698,151,11,True,False,False,26,3,1,False,5,False
d8e728106,,6834,1115,50,True,False,False,100,21,1,True,0,False
d81a4d578,,3816,595,19,False,False,False,9,2,1,False,0,True
d8c305166,,1667,257,15,True,False,False,18,5,1,True,0,False
d85e3e9f8,,2489,415,13,False,False,False,1,0,0,False,0,False
d8afe4000,,1334,219,9,False,False,False,7,2,1,False,0,False
d86df4d84,,4167,642,24,True,False,False,94,16,1,True,0,False
d8e059938,,946,144,7,False,False,False,24,6,1,True,0,False
d8d960532,,3746,589,34,True,False,False,41,5,1,True,0,False
d871194d8,,755,140,9,True,False,False,17,4,1,False,9,False
d89b1ab9c,,5103,816,32,True,False,False,55,18,1,True,8,False
d89c03572,,2926,454,20,True,False,False,31,4,1,True,1,False
d87397e30,,4149,685,32,True,False,False,66,28,1,True,5,False
d873e1f3a,,1474,273,14,True,False,False,87,10,1,True,0,False
d8ed318fe,,796,108,5,False,False,False,0,0,0,False,0,False
d8b3885a8,,1459,202,9,False,False,False,0,0,0,False,0,False
d87194ca0,,3372,528,31,True,False,False,55,8,1,True,0,False
d819d24e0,,680,109,6,False,False,False,15,10,1,True,2,False
d8a616bea,,1379,250,13,True,False,False,38,7,1,True,0,False
d8de10d8e,,1618,297,20,True,False,False,45,5,1,True,10,False
d8ac67ef4,,2569,472,27,True,False,False,103,24,1,True,18,False
d8ce2f410,,2223,352,21,True,False,False,53,4,1,True,0,False
d87d351cc,,2472,375,16,True,False,False,55,15,1,True,2,False
d88000c4e,,1187,163,5,False,False,False,3,2,1,False,0,False
d8b6617ca,,5034,809,34,True,False,False,70,40,1,True,5,False
d8be45f18,,1103,252,18,True,False,False,83,4,1,True,7,False
d8aefb4b8,,1646,250,11,False,False,False,23,9,1,True,0,False
d8c1618a0,,6306,956,39,True,False,False,140,16,1,True,8,False
d8623d086,,1208,179,7,False,False,False,5,3,1,False,0,False
d8a4806b4,,8584,1769,71,True,False,True,314,36,1,True,13,False
d8d025544,,3511,583,29,True,False,False,70,10,1,False,49,False
d8642a416,,4356,671,32,True,False,False,53,24,1,True,6,False
d8f4d538a,,2255,388,21,True,False,False,49,11,1,False,0,False
d83dd4cbc,,3080,448,22,False,False,False,10,3,1,False,3,True
d8aac3080,,1322,197,10,False,False,False,18,2,1,True,0,False
d8649596e,,4046,643,27,True,False,False,85,28,1,True,1,False
d83562f2a,,3528,569,25,True,False,False,95,9,1,True,1,True
d8b3e3282,,2144,333,14,False,False,False,23,8,1,True,0,False
d8dd011c8,,4752,742,44,True,False,False,62,31,1,True,0,False
d892ba0e2,,2838,497,19,True,False,False,84,25,1,True,16,False
d8dba3812,,3855,564,26,True,False,False,40,6,1,True,2,False
d8d96060e,,7353,1333,84,True,False,False,384,9,2,True,6,False
d85dcd4f6,,12454,1992,93,True,False,False,212,24,1,True,1,False
d83583d10,,3098,506,28,True,False,False,60,12,2,True,8,True
d8f458ee8,,4311,646,36,True,False,False,32,11,1,True,9,False
d8dcbeeb8,,2121,329,9,False,False,False,37,7,1,True,0,False
d879d76d8,,1124,241,16,True,False,False,60,2,1,True,0,False
d8bc04470,,3849,585,23,False,False,False,27,12,1,True,0,False
d8b6cc4a8,,2451,364,16,False,False,False,17,5,1,True,0,False
d8b89017c,,3942,604,20,False,False,False,78,37,1,True,8,False
d8193ec72,,5440,907,50,True,False,False,89,3,1,True,1,True
d8b51fb00,,3987,650,27,True,False,False,48,18,2,True,0,False
d8f921592,,3152,460,22,False,False,False,9,4,1,True,1,False
d8a713ef8,,3639,529,17,False,False,False,16,4,1,True,1,False
d8dbbb8d6,,3002,471,14,False,False,False,38,8,1,True,0,False
d8d151f3a,,4997,815,30,True,False,False,154,40,1,True,27,False
d8632221c,,5293,930,55,True,False,False,235,31,1,True,47,False
d87b9bcf8,,850,128,5,False,False,False,9,6,1,True,0,False
d81ad2782,,3956,615,31,True,False,False,42,9,1,True,12,False
d87e41d36,,1558,270,17,True,False,False,62,19,2,True,0,False
d8a3e19b0,,1739,251,13,False,False,False,3,1,1,True,0,False
d8aba7546,,1969,291,10,False,False,False,16,6,1,True,1,False
d86e6dd92,,1443,247,10,False,False,False,2,1,1,False,1,False
d892da932,,1525,273,15,True,False,False,82,13,1,True,2,False
d883affd4,,2618,480,25,True,False,False,98,17,1,True,2,False
d88f63bfa,,2563,421,18,True,False,False,75,4,2,True,0,False
d8dfaed62,,3153,583,30,True,False,False,140,9,1,True,5,False
d8af248b8,,4437,643,27,True,False,False,49,12,1,True,0,False
d8880226c,,9197,1556,76,True,False,False,201,20,1,True,17,False
d8d3b0cc2,,426,66,4,False,False,False,7,3,1,True,0,False
d8d1ead7a,,3865,746,34,True,False,False,152,31,1,True,33,False
d8125cdc8,,1127,174,7,False,False,False,9,4,1,True,0,True
d8d609c1c,,3514,553,24,True,False,False,48,10,1,True,0,False
d89c4f7ce,,684,107,5,False,False,False,3,1,1,False,0,False
d8b7c2e20,,4158,618,27,True,False,False,63,9,1,True,17,False
d8d89b1e2,,1221,190,8,True,False,False,6,1,1,True,0,False
d8c118f4c,,957,142,4,False,False,False,5,3,1,False,0,False
d89d5ba00,,6743,1253,68,True,False,False,226,12,1,True,9,False
d8b728460,,2960,484,23,True,False,False,55,11,1,True,0,False
d87c72000,,4387,660,25,True,False,False,37,16,1,True,0,False
d855e743a,,5207,988,61,True,False,False,203,5,1,True,1,True
d8da9f902,,3521,582,31,True,False,False,113,22,1,True,2,False
d8c5b6144,,3302,526,25,True,False,False,43,6,1,True,0,False
d834c5112,,1627,415,24,True,False,False,94,2,1,True,2,True
d8d232a9e,,6134,999,47,True,False,False,124,3,1,True,0,False
d888eaa12,,3646,567,19,True,False,False,22,6,1,False,0,False
d8e1f7394,,6911,1178,61,True,False,False,222,31,1,True,0,False
d89fa9244,,7039,789,64,True,False,False,143,23,1,True,4,False
d885de83c,,1647,240,12,False,False,False,14,5,1,True,0,False
d8a5c0092,,1230,211,11,True,False,False,34,19,1,True,1,False
d8f3b2516,,1127,169,7,True,False,False,29,1,1,False,1,False
d8799abe8,,2753,465,25,True,False,False,140,19,1,True,0,False
d893a246e,,2162,343,9,False,False,False,27,20,1,True,0,False
d8d44bbf0,,779,140,10,True,False,False,35,3,1,True,0,False
d8f838acc,,569,109,6,True,False,False,4,2,1,False,0,False
d883a3be4,,4289,655,28,True,False,False,69,18,1,True,4,False
d8577735e,,2269,350,22,True,False,False,40,15,1,True,8,True
d8c93dce0,,1141,172,6,False,False,False,12,4,1,True,2,False
d8dde1fac,,3661,604,28,True,False,False,87,3,1,True,5,False
d8f696c5a,,2759,467,21,True,False,False,63,22,1,True,2,False
d888ccb84,,208,30,2,False,False,False,4,2,1,False,0,False
d8ae38e68,,2941,467,21,True,False,False,59,18,1,True,1,False
d8ca5499e,,9669,1476,62,True,False,False,144,54,1,True,10,False
d8e68d714,,11139,1698,68,True,False,False,138,19,1,True,9,False
d8e2518d0,,4255,694,24,True,False,False,91,37,1,True,0,False
d86ada3e2,,2153,343,14,False,False,False,48,5,1,True,24,False
d87befc36,,3075,523,23,True,False,False,95,20,1,True,1,False
d8a321ad4,,1915,327,15,True,False,False,59,10,1,True,0,False
d8c8df884,,3493,526,19,True,False,False,47,16,1,True,0,False
d8b5c290e,,2893,458,21,True,False,False,36,18,1,True,0,False
d8c783b66,,4236,654,28,True,False,False,36,13,1,True,0,False
d8125cce2,,2579,400,15,False,False,False,37,16,1,True,0,True
d837f60d4,,4009,653,39,True,False,False,103,5,1,True,14,True
d8143a212,,3554,549,34,True,False,False,170,30,1,True,0,False
d877e0bf4,,1733,282,16,True,False,False,33,1,1,False,0,False
d83b59fbe,,2144,343,12,False,False,False,18,5,1,True,0,True
d8eed0796,,1841,294,8,False,False,False,16,11,1,True,0,False
d8a7dd12c,,3620,564,31,True,False,False,58,10,1,True,0,False
d8b14cc30,,5079,822,36,True,False,False,92,27,1,True,1,False
d8dd410c0,,8259,1309,46,True,False,False,71,18,1,True,14,False
d8bda351a,,160,23,1,False,False,False,2,1,1,False,0,False
d89ba82da,,2059,414,29,True,False,False,106,9,1,True,0,False
d8824509a,,1494,241,20,True,False,False,30,0,0,True,1,False
d89813c32,,5489,824,39,True,False,False,55,7,1,True,0,False
d8e7eb868,,4448,677,37,True,False,False,71,9,1,True,2,False
d87adb16a,,2757,464,28,True,False,False,66,17,2,True,0,False
d88c886ec,,2962,559,32,True,False,False,182,11,1,True,0,False
d8bbd0562,,13568,2193,102,True,False,False,250,47,1,True,11,False
d8e4ea3f8,,4832,778,38,True,False,False,108,61,1,True,26,False
d8ab4af12,,1458,213,10,False,False,False,14,6,1,True,0,False
d87a1de12,,779,130,4,False,False,False,0,0,0,False,0,False
d8cb62bd8,,3198,591,30,True,False,False,198,17,1,True,0,False
d86abb3ca,,4778,728,33,True,False,False,23,5,1,True,0,False
d8a2c359c,,5042,870,42,True,False,False,113,11,1,True,13,False
d896b9eae,,1919,297,14,False,False,False,26,11,1,True,0,False
d86023ac0,,2219,356,25,True,False,False,33,5,1,True,1,False
d8366a0b2,,1024,163,6,False,False,False,22,12,1,True,5,True
d87208074,,2293,475,27,True,False,False,137,12,1,True,0,False
d88852276,,2596,370,16,False,False,False,20,9,2,True,1,False
d863d0060,,503,81,3,False,False,False,11,4,1,True,0,False
d8f838bc6,,7313,1219,62,True,False,False,159,24,1,True,32,False
d8f2486ee,,2762,466,26,True,False,False,75,14,1,True,1,False
d85dd9af8,,2010,342,23,True,False,False,23,1,1,True,0,False
d885c44be,,1574,251,13,False,False,False,16,8,1,True,0,False
d8ed98ac2,,969,141,5,False,True,False,7,3,1,True,0,False
d8e1b1cf4,,116,20,1,False,False,False,0,0,0,False,0,False
d877bdca8,,2548,431,25,True,False,False,68,5,1,True,6,False
d89a56f26,,4895,805,34,True,False,False,70,23,2,True,0,False
d86322122,,3406,537,20,False,False,False,10,2,1,True,0,False
d873cd490,,1708,323,19,True,False,False,85,13,1,True,14,False
d860d8998,,2998,541,30,True,False,False,102,9,1,True,8,False
d88f7b8b8,,1195,214,13,True,False,False,41,8,1,True,3,False
d8373b1b2,,3327,534,21,False,False,False,52,19,1,True,6,True
d88caa42c,,691,127,9,True,False,False,20,5,2,True,2,False
d88d34e74,,948,187,13,True,False,False,27,8,1,True,0,False
d8ea8bdd4,,1106,208,11,True,False,False,26,5,1,True,6,False
d8b6bd4bc,,2813,407,16,False,False,False,0,0,0,False,0,False
d871ce4b4,,403,65,4,False,False,False,11,3,1,True,0,False
d8e675bc8,,12,2,1,False,False,False,1,0,0,False,0,False
d89e3c726,,4890,781,40,True,False,False,56,15,1,True,2,False
d89aed4a8,,1862,296,16,True,False,False,17,3,1,True,0,False
d8a02a0b0,,894,160,11,True,False,False,26,6,1,True,0,False
d830e507e,,7764,1214,46,True,False,False,60,23,1,True,11,True
d8181896a,,4221,673,31,True,False,False,79,29,1,True,2,True
d8786d0d6,,2840,431,18,False,False,False,24,8,1,True,1,False
d8df14d2a,,3841,586,33,True,False,False,38,2,1,True,0,False
d8c63156a,,8684,1383,59,True,False,False,92,29,1,True,21,False
d8ef19536,,6702,1085,37,False,False,False,128,53,1,True,13,False
d8dbce6fc,,2986,478,23,True,False,False,68,10,2,True,0,False
d8ece1f8e,,3198,656,49,True,False,False,229,10,1,False,0,False
d8ce1443a,,3847,615,26,True,False,False,64,25,1,True,0,False
d8110ab6e,,2160,318,16,False,False,False,7,0,0,False,0,False
d819e6468,,6371,1234,76,True,False,False,239,31,2,True,42,True
d89d374f2,,3038,451,18,False,False,False,22,8,1,True,0,False
d8b3d7b80,,1129,192,13,True,False,False,20,1,1,True,0,False
d8e285c5c,,5535,854,35,True,False,False,15,5,1,True,0,False
d881435f2,,1328,252,12,True,False,False,47,9,1,True,0,False
d81b48aae,,6066,963,47,True,False,False,131,18,1,True,1,False
d82581f3e,,759,150,12,True,False,False,57,5,1,True,0,True
d860fdf72,,999,173,10,True,False,False,57,5,1,True,0,False
d89eb88bc,,1038,154,6,False,False,False,6,2,1,True,1,False
d8d33fd7e,,946,145,6,False,False,False,1,0,0,False,0,False
d8e41ac34,,1896,287,11,False,False,False,14,3,1,True,0,False
d873ac9ac,,935,142,7,False,False,False,8,4,1,True,0,False
d87559156,,570,99,9,True,False,False,13,2,1,True,0,False
d8b5b90b6,,1026,163,8,True,False,False,16,4,1,False,0,False
d874f9f9e,,759,138,8,True,False,False,37,1,1,True,0,False
d810a53e0,,3872,628,29,True,False,False,74,20,1,True,5,False
d8e29dda2,,1282,289,16,True,False,False,81,13,2,True,0,False
d8c3ab19c,,123,18,1,False,False,False,2,1,1,False,0,False
d8b642db6,,3998,624,21,False,False,False,50,16,1,True,0,False
d8e83c574,,2772,409,10,False,False,False,22,7,1,True,0,False
d86389e9e,,1456,235,11,True,False,False,33,8,1,True,2,False
d829edae6,,1009,181,12,True,False,False,22,7,1,True,4,True
d8e1d0dac,,240,33,3,False,False,False,2,0,0,False,0,False
d8a925b1a,,2292,325,10,False,False,False,35,14,1,True,0,False
d86aa3df6,,1039,240,12,True,False,False,97,7,1,True,22,False
d87b8035e,,2601,428,22,True,False,False,67,9,1,True,0,False
d82aee67a,,3096,504,23,True,False,False,32,1,1,True,0,True
d8f65ba6a,,1264,219,8,True,False,False,48,11,2,True,0,False
d8ce5486e,,2736,471,28,True,False,False,105,19,1,True,23,False
d8f25f376,,713,111,4,False,False,False,2,1,1,False,0,False
d8e275884,,6465,1039,44,True,False,False,79,10,1,True,0,False
d88eb29fe,,5043,834,31,True,False,False,84,27,1,True,0,False
d872ba0bc,,3001,540,34,True,False,False,80,13,1,True,8,False
d8a7a7ee6,,2018,320,17,False,False,False,36,10,1,True,0,False
d87cadb14,,898,197,10,True,False,False,82,9,1,True,0,False
d8c29a708,,1989,344,17,True,False,False,74,4,1,True,0,False
d8b740a9c,,9210,1480,61,True,False,False,158,37,1,True,7,False
d8ce4699e,,4010,833,48,True,False,False,122,10,1,True,2,False
d8cc340ca,,320,49,3,False,False,False,3,3,1,False,0,False
d8959cd0a,,2359,428,19,True,False,False,68,14,1,True,0,False
d8771f0a8,,2861,469,24,True,False,False,82,10,1,True,5,False
d8bf90c88,,4610,711,38,True,False,False,84,28,1,True,0,False
d87119686,,2137,333,12,True,False,False,21,11,1,True,0,False
d85ee0a1e,,5395,823,37,True,False,False,83,22,1,True,0,False
d8f66c612,,861,149,10,True,False,False,22,7,1,True,0,False
d878430d8,,4929,763,34,True,False,False,57,6,1,True,1,False
d8b781ee8,,2122,343,21,True,False,False,50,12,1,True,4,False
d8ded00b2,,548,90,7,True,False,False,18,3,1,True,0,False
d86ada310,,2175,348,16,True,False,False,26,8,1,True,9,False
d8a391334,,2236,443,26,True,False,False,72,13,1,True,0,False
d883cacbc,,2678,546,23,True,False,False,180,2,1,True,0,False
d87434b5e,,6037,997,45,True,False,False,108,23,1,True,0,False
d88d15d8a,,855,164,11,True,False,False,38,10,1,True,0,False
d87d4cea8,,3731,575,20,False,False,False,27,9,1,True,0,False
d88ac731c,,3548,525,30,True,False,False,37,1,1,True,0,False
d8d0257a6,,6629,1161,50,True,False,False,153,40,1,True,19,False
d87078902,,6944,1129,48,True,False,False,122,29,1,True,5,False
d88a712dc,,251,41,2,False,False,False,1,0,0,False,0,False
d8942ee8c,,1784,282,20,True,False,False,37,3,1,True,2,False
d8a58d156,,5421,1209,63,True,False,False,503,10,1,True,8,False
d842dcd36,,4358,680,35,True,False,False,84,19,2,True,0,True
d87e7ddf4,,1269,182,9,False,False,False,0,0,0,False,0,False
d8e9eb6e0,,4079,672,32,True,False,False,49,11,2,True,6,False
d8145f238,,2407,355,14,False,False,False,33,19,1,True,0,False
d8ca47eba,,3971,747,38,True,False,False,256,4,1,True,0,False
d88000cc6,,543,83,2,False,False,False,3,2,1,False,0,False
d82a10366,,2728,469,22,True,False,False,58,12,1,False,20,True
d8b1ac9c8,,3550,612,29,True,False,False,114,20,1,True,0,False
d8247e10a,,2463,352,16,False,False,False,5,2,1,True,0,True
d86b7c05c,,308,48,2,False,False,False,6,2,1,True,0,False
d8a3edcc4,,3178,481,21,False,False,False,21,9,1,True,0,False
d8e11c2da,,504,108,10,True,False,False,36,4,1,True,0,False
d882a701a,,1655,281,10,False,False,False,12,4,1,True,0,False
d8834ecca,,5432,877,58,True,False,False,92,11,1,True,1,False
d8646ec7e,,649,104,7,False,False,False,18,8,1,True,2,False
d8c711fe8,,4391,667,33,True,False,False,75,17,2,True,0,False
d8d11ffda,,5330,1170,61,True,False,False,438,6,1,True,0,False
d85e93d18,,1191,250,14,True,False,False,64,2,1,True,0,False
d8a266c84,,708,116,7,False,False,False,7,3,1,False,0,False
d8beec4f8,,4086,652,31,True,False,False,65,7,1,True,0,False
d8cf926e0,,4210,629,31,True,False,False,54,11,1,False,0,False
d8e316dba,,3953,704,38,True,False,False,106,36,1,True,0,False
d888f5782,,3377,495,30,True,False,False,39,6,1,True,0,False
d86a901ca,,2754,431,16,False,False,False,21,10,1,True,0,False
d8bf799ca,,5175,842,44,True,False,False,54,5,1,True,2,False
d8b661900,,3300,567,15,True,False,False,82,19,1,True,8,False
d88cf8d98,,1367,216,13,True,False,False,40,17,1,True,0,False
d8c6c1520,,458,75,3,False,False,False,5,1,1,False,0,False
d89a8e700,,436,67,4,False,False,False,5,2,1,False,0,False
d83b5a2de,,1997,310,12,False,False,False,7,2,1,False,1,True
d81a10434,,4089,652,25,True,False,False,132,10,1,True,0,False
d8b044536,,1802,417,24,True,False,False,156,8,1,True,0,False
d8aa6445e,,623,108,4,False,False,False,7,1,1,True,0,False
d8d757588,,3136,563,31,True,False,False,128,10,1,True,0,False
d863d002e,,691,114,3,False,False,False,12,4,1,True,0,False
d8f058316,,2236,320,18,False,False,False,7,2,1,False,0,False
d8f2cb2ba,,3888,652,33,True,False,False,51,6,1,True,0,False
d8c18d676,,1893,320,17,True,False,False,25,7,1,True,0,False
d874e97ca,,765,146,11,True,False,False,41,6,1,True,0,False
d8f3b2476,,2593,441,27,True,False,False,99,17,1,True,0,False
d8873b28e,,7752,1246,46,True,False,False,102,22,1,True,4,False
d88e1c4cc,,4558,732,25,True,False,False,152,31,1,True,25,False
d88c88674,,1192,216,10,True,False,False,18,4,1,True,0,False
d8e88eaae,,4071,681,32,True,False,False,62,26,1,True,6,False
d8ddb69a6,,418,84,8,True,False,False,10,1,1,True,0,False
d896fc768,,548,90,5,False,False,False,28,9,1,True,0,False
d8acf02fe,,1344,195,7,False,False,False,7,3,1,True,0,False
d886784be,,2078,320,8,False,False,False,38,10,1,True,8,False
d81f4017a,,141,22,3,False,False,False,1,0,0,False,0,True
d8d9603fc,,3469,533,22,True,False,False,54,6,1,True,2,False
d8e98cb2c,,3154,528,18,False,False,False,21,10,1,False,7,False
d88f3715e,,4491,747,40,True,False,False,68,12,1,True,0,False
d87bac620,,3687,722,41,True,False,False,216,17,2,True,17,False
d8ef60a94,,1112,191,10,True,False,False,33,6,1,True,0,False
d8d372670,,6841,1021,33,True,False,False,50,12,1,True,2,False
d8a5ad050,,3498,521,14,False,False,False,39,11,1,True,16,False
d8269a0b0,,4256,883,41,True,False,True,304,6,1,True,2,True
d82581e94,,3990,685,36,True,False,False,111,27,1,True,12,True
d863cffc0,,710,112,4,False,False,False,13,4,1,True,0,False
d8a8e9c0a,,665,94,5,False,False,False,6,4,1,False,1,False
d8955bac6,,2830,507,26,True,False,False,75,10,1,True,0,False
d88244b4a,,1906,295,13,False,False,False,21,6,1,True,0,False
d8619f818,,1013,185,15,True,False,False,37,3,1,True,0,False
d8d0738b6,,1992,312,17,True,False,False,20,4,1,True,0,False
d8746a57e,,2903,462,24,True,False,False,76,10,1,True,0,False
d812c0cf6,,3461,755,46,True,False,False,131,3,1,True,0,True
d8abeaa12,,3668,536,15,False,False,False,20,14,2,False,0,False
d8b1acb12,,3750,649,28,True,False,False,83,21,1,True,13,False
d8694b97c,,1927,284,15,False,False,False,10,5,2,False,0,False
d88f44142,,4143,748,44,True,False,False,119,22,1,True,7,False
d89e1e73a,,3063,496,20,False,False,False,49,33,1,True,10,False
d8e62f826,,4939,799,41,True,False,False,73,7,1,True,1,False
d8b698892,,4627,722,28,True,False,False,68,32,1,True,1,False
d8c0f5ae2,,391,89,8,True,False,False,23,2,1,True,0,False
d8239fc98,,7410,1141,49,True,False,False,94,9,2,True,9,True
d8f2d7790,,7980,1257,51,True,False,False,107,30,1,True,0,False
d815594ae,,3718,858,55,True,False,False,250,3,1,True,0,False
d8df5fef6,,1426,244,13,True,False,False,36,8,1,True,12,False
d869ea4dc,,5630,928,38,True,False,False,81,26,2,True,0,False
d8b80507c,,982,158,9,True,False,False,24,5,1,True,0,False
d8a3e192e,,1386,213,7,False,False,False,25,10,1,True,6,False
d87eb430e,,9988,1667,79,True,False,False,193,38,1,True,29,False
d8e470ae4,,9537,1607,81,True,False,False,200,26,1,True,7,False
d86d03218,,4538,696,35,False,False,False,65,15,2,True,0,False
d88020968,,1215,218,15,True,False,False,59,10,1,True,4,False
d8aa51642,,1035,164,6,False,False,False,11,7,1,True,0,False
d86248fe4,,794,122,7,False,False,False,17,3,1,True,0,False
d8c1fedee,,2710,436,26,True,False,False,40,11,1,True,1,False
d8664f82c,,1773,308,14,True,False,False,28,13,1,True,5,False
d8d8ae9cc,,690,118,7,False,False,False,10,3,1,True,1,False
d8b0839a2,,2130,383,19,True,False,False,51,11,1,False,14,False
d8b1ea386,,3425,529,26,True,False,False,42,13,1,True,0,False
d8e73f23e,,1180,170,7,False,False,False,3,1,1,True,0,False
d8efba5da,,6081,993,47,True,False,False,102,19,2,True,0,False
d8bf4ef9a,,868,139,5,False,False,False,8,6,1,False,0,False
d8ed31994,,1410,246,9,True,False,False,34,8,1,True,0,False
d8968e1fa,,5866,890,38,True,False,False,44,10,1,True,0,False
d8f8056d6,,3074,452,24,True,False,False,17,14,1,False,0,False
d88143598,,5750,901,39,True,False,False,59,9,1,True,0,False
d86458d02,,4146,658,38,True,False,False,82,22,1,True,1,False
d89e646b8,,122,19,2,False,False,False,1,0,0,False,0,False
d8740b966,,998,187,13,True,False,False,67,10,1,True,0,False
d8bcd07e6,,1330,269,20,True,False,False,65,3,1,True,0,False
d880d3e50,,2353,413,18,True,False,False,28,9,1,True,4,False
d8deebe52,,3379,633,29,True,False,False,110,14,1,True,0,False
d8dd2a91a,,4302,695,32,True,False,False,77,20,1,True,18,False
d8d5c95d6,,2585,445,18,True,False,False,61,13,1,True,14,False
d8e503dee,,3353,681,37,True,False,False,366,16,1,True,0,False
d8c7913ce,,4935,813,39,True,False,False,78,11,1,True,4,False
d82d2c798,,988,157,9,False,False,False,8,2,1,True,0,True
d87cdce1e,,2587,383,12,False,False,False,16,4,1,True,0,False
d87a1442a,,3571,612,31,True,False,False,86,32,1,True,0,False
d88a37c3a,,2737,431,31,True,False,False,39,1,1,True,0,False
d89d74122,,2693,439,17,True,False,False,83,14,1,True,0,False
d8628732a,,2931,439,17,False,False,False,12,6,1,False,0,False
d8b3c9b16,,12548,2020,101,True,False,False,310,81,1,True,34,False
d8ea7c42e,,1936,285,15,False,False,False,4,2,1,False,0,False
d8a5d64c8,,4337,656,29,True,False,False,23,8,1,False,0,False
d8bb01c4e,,2926,440,16,False,False,False,26,13,2,True,0,False
d885402b8,,4049,615,23,False,False,False,20,8,1,False,0,False
d88d47b96,,4224,683,34,True,False,False,114,15,1,True,10,False
d87e7e038,,1084,173,8,False,False,False,6,3,1,False,1,False
d8247e146,,262,40,2,False,False,False,2,1,1,False,0,True
d8ce65b46,,3335,642,44,True,False,False,220,17,1,True,0,False
d8ed319da,,2923,453,13,False,False,False,15,5,1,True,1,False
d86481bd0,,2816,491,25,True,False,False,55,19,2,True,0,False
d8cc34174,,3025,470,15,False,False,False,41,18,1,True,9,False
d86e9b7a6,,2632,472,24,True,False,False,92,10,2,True,5,False
d87e6bf8c,,4022,775,41,True,False,False,229,12,1,True,0,False
d8dd7a820,,1436,219,10,True,False,False,19,5,1,True,3,False
d891ea7c0,,3904,586,22,False,False,False,60,16,1,True,7,False
d8aa3ae88,,1094,218,15,True,False,False,39,4,1,True,3,False
d87af088a,,3172,655,40,True,False,False,209,12,1,True,0,False
d8cc02af2,,3734,595,29,True,False,False,66,29,1,True,0,False
d86978fee,,2360,368,19,True,False,False,66,6,1,True,0,False
d8d2b2ee2,,5658,905,38,True,False,False,36,3,1,True,0,False
d8cd63e1e,,4179,680,40,True,False,False,96,10,1,True,7,False
d826cd56e,,3166,517,24,True,False,False,35,23,1,True,0,False
d8bcea2f4,,762,137,12,True,False,False,22,8,1,True,0,False
d878099b4,,2420,389,21,True,False,False,26,8,1,True,0,False
d8b1f138e,,1155,186,8,False,False,False,5,3,1,False,1,False
d8cd01110,,1446,299,20,True,False,False,67,5,1,True,0,False
d8e305c9a,,3920,658,18,True,False,False,67,11,1,True,6,False
d8b5469a8,,427,60,3,False,False,False,2,1,1,False,0,False
d88fe4e26,,3407,534,22,False,False,False,8,4,1,False,0,False
d87ea4940,,3874,673,35,True,False,False,90,9,1,True,17,False
d8c1c8c3a,,496,76,3,False,False,False,5,1,1,True,0,False
d8913765c,,2018,408,24,True,False,False,141,8,1,True,4,False
d8785f030,,2196,333,13,False,False,False,39,15,1,True,3,False
d8f6a88a6,,1464,222,8,False,False,False,10,2,1,True,3,False
d8789c49e,,5343,864,38,True,False,False,72,10,1,True,21,False
d889d03b4,,6255,1163,61,True,False,False,180,17,2,False,0,False
d87bc81d6,,16414,2742,127,True,False,False,330,23,1,True,45,False
d827cc708,,3418,637,35,True,False,False,206,16,1,True,0,True
d86d030ec,,3086,520,24,False,False,False,76,19,1,True,5,False
d866fc8a6,,1778,289,9,False,False,False,25,6,1,True,4,False
d8f696ca0,,970,166,10,True,False,False,23,8,1,True,3,False
d8ddf995e,,4724,771,39,True,False,False,163,14,1,True,15,False
d8f63a900,,3046,559,29,True,False,False,142,10,1,True,5,False
d89a9d016,,1383,199,9,False,False,False,7,3,1,True,0,False
d8c70843e,,5183,808,29,True,False,False,92,16,1,True,0,False
d8a00cc9a,,5605,907,32,True,False,False,93,24,1,True,5,False
d8cf2bcd8,,6549,1211,68,True,False,False,369,39,1,True,60,False
d8191002a,,3847,611,28,True,False,False,102,31,1,True,0,True
d8d8c13c4,,1840,312,18,True,False,False,38,9,1,True,0,False
d81589686,,2307,343,13,False,False,False,20,6,1,True,0,True
d8d64e646,,7472,1166,49,True,False,False,73,19,1,True,18,False
d870c584c,,2174,349,8,False,False,False,25,5,2,True,0,False
d8c58c254,,1284,201,8,True,False,False,24,5,1,True,0,False
d8e1b1c7c,,261,42,2,False,False,False,0,0,0,False,0,False
d8f8aa802,,3585,566,23,False,False,False,44,16,2,True,0,False
d88d47c4a,,3964,632,40,True,False,False,71,11,1,True,1,False
d87db6e70,,3732,577,29,True,False,False,71,10,1,True,0,False
d8c803dfc,,1908,312,15,True,False,False,50,15,1,True,3,False
d89fd9764,,5746,921,38,True,False,False,122,16,1,True,3,False
d8663bfac,,4216,649,24,False,False,False,6,2,1,False,0,False
d874e9766,,4342,720,37,True,False,False,120,27,1,True,0,False
d89e1e8d4,,1077,163,8,False,False,False,12,6,2,True,0,False
d8751613a,,796,124,5,False,False,False,8,3,1,True,0,False
d851738c2,,1539,246,8,False,False,False,37,10,1,True,5,True
d81b48892,,2232,408,24,True,False,False,75,7,1,True,1,False
d8f3d3932,,3620,758,28,True,False,False,119,17,1,True,0,False
d87180d86,,1243,217,13,True,False,False,42,9,1,True,0,False
d8b8134b0,,2117,344,17,True,False,False,48,18,1,True,9,False
d8e84a91c,,1670,272,15,True,False,False,35,14,1,True,0,False
d8c981756,,724,123,7,False,False,False,10,6,1,True,0,False
d8c803e42,,903,168,13,True,False,False,46,8,1,True,6,False
d891c6fbe,,6104,1057,58,True,False,False,355,28,1,True,0,False
d878ee41a,,1414,242,13,True,False,False,27,7,1,True,9,False
d875591d8,,3283,587,29,True,False,False,100,5,1,True,0,False
d8ec4f526,,3705,777,38,True,False,False,402,22,2,True,0,False
d8cf80db4,,4517,815,46,True,False,False,125,37,2,True,20,False
d8960fb84,,1205,232,16,True,False,False,35,8,1,True,0,False
d8c854734,,372,59,4,False,False,False,2,0,0,False,0,False
d895323ba,,3391,501,18,False,False,False,3,2,1,True,0,False
d89aa9622,,491,77,3,False,False,False,4,1,1,True,0,False
d8af42b38,,12184,1897,87,True,False,False,197,51,2,True,2,False
d8c9482bc,,1821,310,15,True,False,False,32,8,1,True,10,False
d8cfc2c82,,4918,821,38,True,False,False,53,13,1,True,1,False
d8b0af3e0,,4876,809,43,True,False,False,92,15,1,True,0,False
d8982eb18,,1858,318,19,True,False,False,36,6,1,True,0,False
d82bda156,,2808,461,19,True,False,False,38,5,1,True,0,True
d888ccc4c,,1206,225,16,True,False,False,32,9,1,True,0,False
d8a3e18e8,,1234,209,12,False,False,False,30,17,1,True,0,False
d817d4602,,4717,724,25,False,False,False,9,0,0,True,4,True
d880b0446,,3099,513,22,False,False,False,50,7,1,True,17,False
d8da8a3ae,,4468,707,36,True,False,False,97,6,1,True,0,False
d8db0b292,,1680,237,13,False,False,False,11,3,1,True,0,False
d86c4ff10,,5638,972,51,True,False,False,306,35,1,True,7,False
d8c1c8d48,,2366,445,12,True,False,False,91,7,1,True,7,False
d8d312950,,3542,548,27,True,False,False,43,18,1,True,4,False
d8a6e6e94,,3389,544,20,True,False,False,33,6,1,True,0,False
d89e1e898,,644,93,4,False,False,False,8,4,1,True,0,False
d8c56f244,,1950,336,12,True,False,False,57,13,2,True,0,False
d810fb240,,1716,260,17,True,False,False,24,1,1,False,0,False
d8c975b7c,,3720,577,25,False,False,False,70,27,1,True,0,False
d8e02cab4,,3985,644,25,True,False,False,72,24,1,True,0,False
d88c1719a,,3201,634,27,True,False,False,92,18,1,False,42,False
d828efaf4,,854,130,6,False,False,False,19,6,1,True,0,True
d8cbb2052,,6745,1004,50,True,False,False,90,29,1,True,0,False
d8c14bdc0,,2847,543,31,True,False,False,208,17,1,True,0,False
d81329026,,3678,619,26,True,False,False,107,10,1,True,0,False
d8d010a36,,8204,1374,65,True,False,False,187,16,1,True,31,False
d87bac490,,1848,285,11,False,False,False,12,5,1,True,1,False
d81251f9a,,3282,517,20,True,False,False,21,4,1,False,9,False
d8a9b5062,,901,196,14,True,False,False,74,1,1,True,0,False
d889bcac6,,1882,275,8,False,False,False,25,12,1,True,1,False
d869b4cb0,,4030,643,29,True,False,False,38,10,1,True,0,False
d813b8eb0,,1095,164,9,False,False,False,3,0,0,False,0,True
d88916b58,,41,6,3,False,False,False,0,0,0,False,0,False
d8782c176,,1616,328,23,True,False,False,77,16,1,True,25,False
d8a349016,,3460,515,24,False,False,False,37,12,1,True,1,False
d8125cc60,,4874,705,24,False,False,False,21,9,1,True,1,True
d88de6e3a,,2423,372,18,False,False,False,27,12,1,True,0,False
d896ad30c,,7564,1199,47,True,False,False,60,14,2,True,0,False
d8c60e13c,,7576,1309,69,True,False,False,146,23,1,True,6,False
d8dd2a8b6,,1386,276,19,True,False,False,33,4,1,True,0,False
d8ab3aa90,,5256,807,40,True,False,False,23,6,1,True,0,False
d89c6bbc2,,3251,495,22,True,False,False,63,14,1,True,0,False
d8c229f76,,4180,635,28,True,False,False,57,16,1,True,2,False
d8c5aa236,,1226,194,7,False,False,False,28,6,1,True,0,False
d8a0e3e02,,359,78,5,True,False,False,37,6,1,True,0,False
d8ed62328,,8777,1282,86,True,False,False,83,9,1,True,0,False
d8dc8cc7e,,5952,946,39,True,False,False,76,18,1,True,8,False
d81c28636,,6002,988,47,True,False,False,107,27,1,True,18,False
d810fb2f4,,2160,347,15,False,False,False,15,5,1,True,0,False
d8bf4f03a,,1032,155,5,False,False,False,21,3,1,True,0,False
d88a11d46,,4568,915,54,True,False,False,200,28,1,False,0,False
d8f0dc454,,269,51,4,True,False,False,6,0,0,True,2,False
d8d27b1fe,,717,110,4,False,False,False,9,7,1,True,1,False
d8ca0ff42,,4473,679,28,False,False,False,50,23,1,True,1,False
d89f7048a,,3453,605,25,True,False,False,68,12,1,True,0,False
d869890b0,,4036,599,30,True,False,False,67,5,1,False,11,False
d8e64bb20,,3389,555,20,False,False,False,46,15,1,True,13,False
d89a6ea36,,71,12,1,False,False,False,0,0,0,False,0,False
d85fde1dc,,5240,931,51,True,False,False,171,20,1,True,0,False
d8a8623a4,,4948,783,36,True,False,False,81,31,1,True,6,False
d81537462,,914,145,7,False,False,False,30,14,1,True,3,False
d81922a68,,1044,206,19,True,False,False,69,1,1,True,0,True
d8def801c,,4663,730,32,True,False,False,54,3,1,True,2,False
d8c6e900c,,1124,217,11,True,False,False,38,2,1,True,3,False
d82080602,,2278,376,12,False,False,False,4,0,0,False,0,True
d8dfe9804,,1013,170,15,True,False,False,38,9,1,True,0,False
d81decb02,,745,112,5,False,False,False,0,0,0,False,0,True
d88ee0ce6,,840,132,6,False,False,False,1,0,0,False,0,False
d88963a7a,,1314,224,9,True,False,False,29,8,1,True,0,False
d8a951d8c,,12367,2297,116,True,False,False,554,22,1,True,11,False
d8f4e1144,,4601,756,29,True,False,False,140,24,1,True,1,False
d85d724d4,,4712,779,44,True,False,False,108,23,1,True,2,False
d8cdd4042,,3896,609,28,False,False,False,68,29,1,False,0,False
d879201e0,,2330,358,18,True,False,False,24,7,1,True,0,False
d8b10a7a4,,758,163,11,True,False,False,38,2,1,True,0,False
d8f73def6,,4022,753,40,True,False,False,124,6,1,True,27,False
d8e2dc73c,,1159,180,11,True,False,False,9,3,1,True,3,False
d82e928d0,,2289,350,19,True,False,False,8,1,1,False,0,False
d8dfe985e,,1432,308,22,True,False,False,93,5,1,True,0,False
d8af8a8ca,,252,38,2,False,False,False,3,1,1,True,0,False
d834278f4,,4262,730,42,True,False,False,125,11,1,True,0,True
d89d96c90,,726,167,12,True,False,False,56,4,1,True,6,False
d89197f16,,1833,324,19,True,False,False,52,9,1,True,0,False
d8b728384,,2201,343,9,False,False,False,7,1,1,True,0,False
d8843b1ec,,2684,633,22,True,False,False,193,14,1,True,9,False
d861e38ce,,465,101,8,True,False,False,17,4,1,True,0,False
d8ea0ef8c,,9684,1506,80,True,False,False,108,21,1,True,7,False
d82a93c34,,2350,388,19,True,False,False,60,4,1,True,0,False
d83dd4d5c,,3667,558,26,True,False,False,73,20,1,True,10,True
d8827ae2a,,4232,671,29,True,False,False,58,15,1,True,0,False
d8e7eb75a,,2523,414,19,True,False,False,78,13,1,True,0,False
d88afa64a,,3655,579,28,True,False,False,96,26,1,True,0,False
d8b4e9528,,461,73,2,False,False,False,6,1,1,True,0,False
d86605100,,944,181,12,True,False,False,32,5,1,True,0,False
d8f7e6da8,,6214,1014,43,True,False,False,138,29,1,True,4,False
d87b22614,,2716,429,22,False,False,False,26,23,2,True,0,False
d87bb676a,,4042,635,29,True,False,False,53,4,1,True,12,False
d86b05b96,,5753,881,38,True,False,False,93,29,1,True,0,False
d8cb482ec,,4388,692,30,True,False,False,35,9,1,True,7,False
d86194756,,2565,388,11,False,False,False,40,13,1,True,1,False
d8612dae2,,2423,416,26,True,False,False,56,5,2,True,0,False
d8c043964,,2006,392,26,True,False,False,172,5,1,True,0,False
d8dc06480,,2007,309,15,False,False,False,34,16,2,True,0,False
d89e3c578,,787,126,5,False,False,False,11,4,1,True,0,False
d816caa4a,,1917,322,13,True,False,False,30,8,1,False,9,True
d868cc37a,,2912,465,22,True,False,False,35,16,2,True,0,False
d8ea8bcd0,,3403,559,26,True,False,False,78,24,1,True,16,False
d8f7275de,,4165,867,50,True,False,False,260,5,1,True,0,False
d87479920,,7486,1286,56,True,False,False,223,41,1,True,5,False
d8870b4bc,,4513,680,30,True,False,False,29,8,1,True,0,False
d81317114,,1183,193,11,True,False,False,11,5,1,True,0,False
d88e7c8fe,,2455,355,17,False,False,False,8,5,1,False,1,False
d8d998446,,6594,1209,69,True,False,False,345,26,1,True,60,False
d81143afe,,2399,343,19,False,False,False,4,0,0,False,1,True
d89a6eb44,,1032,157,4,False,False,False,6,1,1,False,0,False
d869bcef6,,299,49,3,False,False,False,9,1,1,False,0,False
d8b1ba9b0,,3177,502,16,False,False,False,42,12,1,True,4,False
d85e51f8a,,2790,499,35,True,False,False,45,9,1,True,1,False
d8f13f0ea,,1078,179,10,True,False,False,38,7,1,True,0,False
d87ee5562,,2488,503,29,True,False,False,139,5,1,True,0,False
d86052276,,370,92,6,True,False,False,41,3,2,True,2,False
d896298e0,,224,24,1,False,False,False,1,0,0,False,0,False
d8cf9f318,,3069,501,21,False,False,False,36,13,2,False,0,False
d8bbb82c8,,1058,169,7,False,False,False,23,7,1,True,2,False
d89337cc2,,1399,221,10,False,False,False,19,6,1,False,0,False
d8823b2a2,,2934,414,20,False,False,False,23,8,1,True,2,False
d8e487a6e,,629,105,4,False,False,False,15,7,1,True,0,False
d8b7a8d86,,2168,344,10,False,False,False,28,9,2,True,0,False
d8152104a,,213,32,2,False,False,False,0,0,0,False,0,True
d893656b8,,4219,682,10,True,False,False,118,15,1,True,9,False
d80f0aa58,,2495,381,17,True,False,False,24,6,1,True,0,False
d8a531946,,596,118,14,True,False,False,46,2,1,True,0,False
d8a0d6d10,,2938,455,15,False,False,False,28,11,1,True,1,False
d889ff092,,929,135,6,False,False,False,5,4,1,False,0,False
d8c37cb30,,895,126,4,False,False,False,9,2,1,True,0,False
d819b3216,,8124,1258,55,False,False,False,70,35,1,True,0,False
d8bfc299a,,915,184,13,True,False,False,99,2,1,True,0,False
d8f9216b4,,2115,321,15,False,False,False,3,1,1,False,0,False
d899fdc32,,716,99,4,False,False,False,3,1,1,False,0,False
d8b13a472,,1837,294,13,False,False,False,23,14,1,True,0,False
d8714501a,,4178,626,30,True,False,False,52,22,1,True,2,False
d8a6c7b70,,3153,522,25,True,False,False,69,9,1,True,0,False
d8bf3a48c,,1420,220,14,True,False,False,40,3,1,True,0,False
d818cb3a8,,1483,238,13,False,False,False,17,7,1,True,0,True
d8e98cd66,,2231,332,10,False,False,False,15,6,1,True,0,False
d8d42a6e4,,5208,773,43,True,False,False,115,36,1,True,9,False
d8e3618c4,,2681,416,16,False,False,False,19,8,1,True,0,False
d8806fce8,,2317,409,15,True,False,False,68,23,1,True,0,False
d8df5ff96,,4232,667,27,True,False,False,79,17,1,True,0,False
d8dfaeeac,,1337,209,6,False,False,False,0,0,0,False,0,False
d8f4d54a2,,2647,417,23,True,False,False,59,4,1,True,0,False
d8953df44,,2754,415,12,False,False,False,4,4,1,False,0,False
d8bbd02e2,,2619,426,25,True,False,False,35,14,1,True,0,False
d81559512,,1491,286,18,True,False,False,75,4,1,True,0,False
d87357542,,5886,948,39,True,False,False,126,40,1,True,20,False
d88dbe62e,,2335,335,13,False,False,False,2,0,0,False,0,False
d8da9f9a2,,2644,420,20,True,False,False,30,8,1,True,2,False
d87a7e294,,1695,248,9,False,False,False,12,2,1,True,0,False
d88e1c530,,1841,300,14,False,False,False,4,0,0,False,1,False
d8c279896,,2094,387,21,True,False,False,78,7,1,True,0,False
d810cc71a,,3548,539,24,True,False,False,23,6,1,True,0,True
d8875fe9a,,198,31,2,False,False,False,2,1,1,False,0,False
d88f1e636,,2261,347,15,False,False,False,17,12,1,True,2,False
d8ed62454,,1355,232,10,False,False,False,47,18,1,True,0,False
d8e91eb7c,,5510,876,38,True,False,False,46,9,1,True,0,False
d8ed8993c,,4151,650,44,True,False,False,52,5,1,True,0,False
d889e4d5a,,3594,560,20,False,False,False,35,12,1,True,9,False
d89c1ccf2,,4437,757,37,True,False,False,139,21,1,True,36,False
d8bd740a8,,6484,1172,54,True,False,False,191,42,1,True,3,False
d85e7965c,,3103,481,21,True,False,False,31,7,1,True,0,False
d8f05837a,,2235,341,15,True,False,False,33,14,1,True,1,False
d8c3dd5b6,,3984,628,22,True,False,False,44,18,1,True,0,False
d82bd9f08,,2023,323,12,False,False,False,23,4,1,True,9,True
d8a89ea70,,1973,306,19,True,False,False,52,5,2,True,2,False
d8ea4e09c,,2223,369,17,True,False,False,51,26,1,True,7,False
d8ac80968,,4923,779,33,True,False,False,59,33,1,True,15,False
d8637a976,,908,177,14,True,False,False,27,5,1,False,6,False
d8f7e6aba,,933,141,4,False,False,False,3,1,1,True,0,False
d8a3e1b0e,,1003,155,4,False,False,False,16,3,1,True,1,False
d8799ab0c,,8656,1321,52,True,False,False,94,48,2,True,0,False
d815c514a,,2829,433,18,True,False,False,14,0,0,True,0,True
d8d39c970,,5147,799,40,True,False,False,63,14,1,True,12,False
d8a765424,,4435,701,28,True,False,False,95,12,2,True,0,False
d8ac21896,,4163,640,30,False,False,False,21,13,1,False,0,False
d860d8a56,,1318,211,12,True,False,False,8,6,1,True,0,False
d87df9964,,1490,271,15,True,False,False,99,10,1,True,5,False
d8af973e0,,181,23,1,False,False,False,2,1,1,False,0,False
d8e4ea448,,2353,341,14,False,False,False,5,2,1,True,0,False
d8cc91b1c,,2507,360,19,True,False,False,35,8,1,True,4,False
d86bb71b6,,568,86,4,False,False,False,5,2,1,True,0,False
d8f29f732,,6232,991,40,True,False,False,83,24,1,True,9,False
d8d1c5d36,,4723,802,36,True,False,False,79,11,1,True,0,False
d8775a6da,,6398,1023,44,True,False,False,36,11,2,True,5,False
d88ec5734,,7055,1163,54,True,False,False,123,10,1,True,6,False
d8da668fa,,3039,453,13,False,False,False,13,1,1,True,1,False
d8f9144b4,,4108,850,44,True,False,False,67,1,1,True,1,False
d8de397b6,,3624,591,29,True,False,False,102,19,1,True,3,False
d89fc2d3e,,151,23,1,False,False,False,0,0,0,False,0,False
d8c2f1274,,2832,523,22,True,False,False,86,18,2,True,2,False
d8f238bb8,,2645,417,12,False,False,False,55,13,1,True,9,False
d8abbd94a,,2432,394,19,True,False,False,25,7,1,True,0,False
d88cc7f86,,1465,214,6,False,False,False,10,2,1,True,0,False
d85d722b8,,3526,555,27,True,False,False,51,8,1,True,0,False
d87e2e416,,2912,424,18,False,False,False,4,1,1,True,0,False
d8ab5b93e,,1252,183,4,False,False,False,13,4,1,True,0,False
d8cbd7d8e,,121,17,1,False,False,False,2,1,1,False,0,False
d86826286,,818,133,12,True,False,False,37,10,1,True,0,False
d88e2861e,,1637,278,19,True,False,False,30,2,1,False,0,False
d865beeee,,6467,1339,61,True,False,False,545,5,1,True,12,False
d8cb746ee,,5031,1027,59,True,False,False,121,12,1,True,0,False
d8c868f40,,2606,436,25,True,False,False,83,17,1,True,2,False
d8dcf0d6e,,494,77,3,False,False,False,5,3,1,False,2,False
d8712c4a2,,2767,411,23,True,False,False,49,1,1,False,0,False
d8b0af322,,2802,435,22,True,False,False,26,9,1,True,0,False
d866173b4,,5320,788,41,True,False,False,35,14,1,True,0,False
d86e2d7c4,,2263,432,23,True,False,False,93,15,1,True,0,False
d88540204,,4155,682,31,True,False,False,98,33,1,True,15,False
d8db8ad30,,892,199,13,True,False,False,53,2,1,True,0,False
d8ef0c660,,8024,1616,71,True,False,False,249,31,1,True,10,False
d85ed2752,,2937,459,15,True,False,False,25,8,1,True,0,False
d86ce3d1e,,1388,228,13,True,False,False,43,10,1,True,0,False
d82080530,,1824,284,8,False,False,False,8,2,1,True,1,True
d89899120,,3456,523,21,False,False,False,51,20,1,True,10,False
d8edb98ee,,1210,200,6,False,False,False,16,6,1,True,1,False
d8e503d76,,693,129,9,True,False,False,22,9,1,True,0,False
d838d65da,,1077,183,10,True,False,False,33,7,1,True,0,True
d8e00868c,,3082,499,22,True,False,False,54,18,1,True,8,False
d8ad659e6,,1432,241,15,True,False,False,32,11,1,True,0,False
d88d34f64,,977,180,7,True,False,False,39,3,1,True,0,False
d86e5800a,,619,102,4,False,False,False,7,3,2,True,0,False
d8f2cb4b8,,5458,833,35,True,False,False,39,16,1,True,0,False
d8e9c7e52,,3824,584,25,True,False,False,28,10,1,True,2,False
d8df83914,,2270,374,22,True,False,False,34,3,1,True,0,False
d8e2f5336,,2018,308,12,False,False,False,31,13,1,True,0,False
d8eeb9e4c,,7187,1064,56,True,False,False,57,14,2,True,0,False
d8b8ccdc0,,1696,247,10,False,False,False,3,0,0,False,2,False
d87e7dfe8,,3418,565,16,False,False,False,69,11,1,True,11,False
d873e1fc6,,1007,168,9,False,False,False,10,6,1,False,0,False
d88caa3c8,,2939,424,15,False,False,False,14,6,1,True,2,False
d8e80f6c8,,4178,642,29,True,False,False,72,29,1,True,6,False
d88c8862e,,1636,264,8,False,True,False,17,2,1,True,0,False
d8e503d12,,2768,419,18,False,False,False,56,22,1,True,0,False
d86783c8e,,8340,1263,53,True,False,False,96,27,1,True,17,False
d89f336f2,,604,118,11,True,False,False,19,4,1,True,0,False
d88ffb680,,50,12,5,False,False,False,3,0,0,False,0,False
d898cf6bc,,2135,327,11,False,False,False,31,6,1,True,0,False
d87b64302,,943,151,6,False,False,False,21,8,1,True,5,False
d889a7f18,,694,162,14,True,False,False,36,2,1,True,0,False
d8df060ea,,4127,662,27,True,False,False,62,9,1,True,3,False
d87c97f12,,2858,475,24,True,False,False,76,6,1,True,0,False
d8808fac0,,12365,2103,104,True,False,False,221,47,1,True,21,False
d8b8cce60,,364,60,3,False,False,False,0,0,0,False,0,False
d8b33d99a,,4522,885,49,True,False,False,276,22,1,True,26,False
d891f851e,,1723,318,23,True,False,False,51,4,1,False,0,False
d81b7d5ec,,2525,388,11,False,False,False,20,7,1,True,2,False
d818cb43e,,2386,367,12,False,False,False,27,6,1,True,1,True
d8247e0ba,,732,95,3,False,False,False,3,1,1,False,0,True
d8e29e036,,5675,885,31,False,False,False,15,7,1,True,0,False
d82729c1a,,3044,544,30,True,False,False,52,13,1,False,22,True
d881c82c0,,2714,483,39,True,False,False,83,12,1,True,16,False
d8d259c0c,,2141,339,13,False,False,False,38,16,1,True,0,False
d8e586726,,7346,1143,41,True,False,False,115,42,1,True,0,False
d86b7bfee,,2439,400,13,True,False,False,52,17,1,True,7,False
d870403f4,,7308,1331,84,True,False,False,378,9,2,True,7,False
d8d72ebec,,1633,272,15,True,False,False,35,11,1,True,0,False
d8b52dc3c,,4139,634,35,True,False,False,33,5,1,True,20,False
d8721b066,,922,160,9,True,False,False,38,2,1,True,0,False
d8904be0a,,4502,804,42,True,False,False,83,9,2,True,2,False
d86cf71ca,,2912,440,20,False,False,False,17,9,1,True,0,False
d866fc9dc,,1945,314,14,True,False,False,56,14,2,True,0,False
d899fdba6,,2051,362,19,True,False,False,73,4,1,True,0,False
d81a4d4e2,,3185,470,19,False,False,False,31,16,1,True,4,True
d8622c83a,,2014,343,20,True,False,False,52,5,1,True,0,False
d889b208a,,364,61,3,False,False,False,2,2,1,False,0,False
d870978fc,,1722,254,12,False,False,False,10,4,1,True,0,False
d8d2dc8f0,,584,94,10,True,False,False,12,5,1,True,0,False
d8794022e,,1641,286,13,True,False,False,30,9,1,True,0,False
d8882d5a2,,1494,230,8,False,False,False,5,0,0,False,0,False
d88c17294,,4248,690,33,True,False,False,55,30,2,True,3,False
d8dbbb796,,444,68,3,False,False,False,6,4,1,True,0,False
d8a5cb9f6,,1833,272,10,False,False,False,14,6,1,True,0,False
d8a7a7fb8,,3258,496,20,True,False,False,35,22,1,True,4,False
d877bdd2a,,2665,446,26,True,False,False,63,6,1,True,6,False
d876fa14a,,3343,576,29,True,False,False,43,2,1,True,0,False
d894f00be,,2669,447,22,True,False,False,66,3,1,True,0,False
d8f67caee,,2411,400,21,True,False,False,55,20,2,True,0,False
d8eda63f2,,503,75,3,False,False,False,4,1,1,False,0,False
d8e69ffd6,,5308,924,42,True,False,False,92,20,1,True,4,False
d86eeb36e,,7787,1234,63,True,False,False,76,25,2,True,25,False
d88cba99e,,689,111,12,True,False,False,16,1,1,True,0,False
d8d9ffb6e,,1296,215,7,False,False,False,5,5,1,False,0,False
d8b20367e,,4963,760,31,True,False,False,86,17,1,True,3,False
d8cc5e992,,1807,291,12,True,False,False,24,2,1,True,0,False
d88dacb5e,,445,66,3,False,False,False,7,4,1,True,0,False
d8a994c18,,2497,405,17,True,False,False,59,31,1,True,0,False
d8b0249d4,,2197,433,20,True,False,False,44,3,1,True,0,False
d8159e342,,861,127,6,False,False,False,26,11,1,True,0,False
d8cf13c00,,30,3,1,False,False,False,0,0,0,False,0,False
d8cbe89fe,,1441,218,8,False,False,False,23,8,1,True,0,False
d8d73ede4,,1369,248,17,True,False,False,136,11,1,True,8,False
d8b62739a,,4538,733,36,True,False,False,82,13,1,True,0,False
d8cd3492a,,813,171,12,True,False,False,58,6,1,True,21,False
d864b4dfa,,2090,310,12,False,False,False,11,2,1,True,0,False
d8271c6e6,,23,3,1,False,False,False,0,0,0,False,0,True
d868d9700,,4078,672,27,True,False,False,145,4,1,True,6,False
d8a569968,,2999,477,20,False,False,False,14,9,1,True,0,False
d86bb7382,,828,158,7,True,False,False,45,8,1,True,0,False
d880432f6,,1599,339,23,True,False,False,52,5,1,True,1,False
d8ecb5e20,,380,82,6,True,False,False,15,5,1,False,0,False
d86249124,,1154,203,12,True,False,False,36,12,1,True,0,False
d89412e26,,3818,634,34,True,False,False,63,11,1,True,0,False
d8a28fbb6,,941,147,7,False,False,False,9,4,1,True,0,False
d89e1e816,,634,105,3,False,False,False,0,0,0,False,0,False
d8848a5c6,,4056,636,29,False,False,False,59,15,1,True,0,False
d8a5cba6e,,2033,357,19,True,False,False,132,7,1,True,9,False
d8d000d48,,2424,395,26,True,False,False,46,4,1,True,2,False
d80f0a972,,2583,542,30,True,False,False,240,5,1,True,0,False
d8b012ac2,,6270,981,52,True,False,False,133,24,1,True,21,False
d8a3d47ba,,2519,387,11,False,False,False,35,6,2,True,4,False
d8b0128c4,,354,66,5,True,False,False,3,1,1,False,0,False
d8f8d6984,,3431,529,25,False,False,False,5,0,0,False,2,False
d8ec31792,,732,184,11,True,False,False,39,2,1,True,0,False
d863cff8e,,753,126,3,False,False,False,15,4,1,True,0,False
d8d3ef60c,,1885,339,26,True,False,False,35,4,1,True,1,False
d8316feb8,,3176,613,31,True,False,False,131,21,1,True,32,True
d8e817e40,,1510,266,20,True,False,False,27,5,2,True,0,False
d8a813b50,,1655,360,23,True,False,False,116,10,1,True,0,False
d873d5294,,9209,1442,55,True,False,False,211,42,1,True,23,False
d81bf4296,,4413,694,26,True,False,False,59,2,1,True,0,True
d8d07385c,,3348,599,27,True,False,False,119,10,1,True,2,False
d8a6c7ae4,,1795,303,15,True,False,False,28,14,1,True,1,False
d8c6e8f4e,,3656,551,23,True,False,False,52,5,1,True,0,False
d85f42ffc,,5042,804,37,True,False,False,102,51,1,True,0,False
d8ebf3866,,2437,378,11,False,False,False,27,11,1,True,0,False
d8e4ea36c,,633,99,4,False,False,False,15,4,1,True,0,False
d891db036,,7896,1360,69,True,False,False,157,38,2,True,11,False
d885f4272,,4063,641,22,True,False,False,15,3,1,True,0,False
d8dc6d6b2,,3628,612,34,True,False,False,114,12,1,True,0,False
d8f4ed98a,,1531,255,14,True,False,False,20,7,1,False,10,False
d89cfc672,,4775,761,30,True,False,False,107,33,1,True,4,False
d89151cf0,,548,84,4,False,False,False,1,0,0,False,0,False
d87876bfe,,4208,661,35,True,False,False,61,18,1,True,0,False
d880bf090,,2442,428,27,True,False,False,62,12,1,True,3,False
d8f3eb140,,1754,269,15,True,False,False,16,7,1,True,0,False
d8c803ee2,,1756,294,17,True,False,False,37,6,1,True,0,False
d8c86908a,,2839,500,18,True,False,False,59,17,1,True,17,False
d8749de1a,,4147,681,28,True,False,False,115,30,1,True,2,False
d88682734,,872,174,13,True,False,False,41,7,1,True,1,False
d81ce4372,,8314,1409,77,True,False,False,177,22,1,True,3,False
d8d698b60,,2993,581,33,True,False,False,79,10,1,True,2,False
d89aed412,,3408,614,27,True,False,False,103,8,1,True,0,False
d89821864,,2276,376,23,True,False,False,40,9,1,True,0,False
d88975856,,2300,482,28,True,False,False,165,2,1,True,0,False
d871f32d2,,3677,576,18,False,False,False,11,7,1,False,0,False
d85e3eb92,,6622,1411,71,True,False,False,172,15,1,True,0,False
d8d36263a,,1895,358,21,True,False,False,66,7,1,True,15,False
d8b74092a,,2761,427,13,False,False,False,38,22,1,True,0,False
d8e6bf7b4,,3271,489,34,False,False,False,9,5,1,False,3,False
d8b6574e6,,5511,1004,47,True,False,False,176,32,1,True,1,False
d8b813622,,5863,1005,51,True,False,False,182,23,1,True,0,False
d86fbfaec,,2825,449,20,True,False,False,31,11,1,True,4,False
d8c3bff98,,3366,506,17,False,False,False,49,27,1,True,0,False
d89793f64,,4758,722,34,False,False,False,30,16,1,True,0,False
d8b8bf080,,4743,769,34,True,False,True,105,14,1,True,25,False
d8b42c388,,3470,537,23,False,False,False,7,3,1,True,0,False
d8d5fecfe,,1172,161,7,False,False,False,5,5,1,False,0,False
d8d46fc44,,6465,1111,60,True,False,False,166,14,1,True,3,False
d8e675ad8,,710,136,10,True,False,False,31,2,1,True,0,False
d8b68d5fa,,2201,374,19,True,False,False,63,25,1,True,10,False
d8d1c5c82,,4222,668,33,True,False,False,100,31,1,True,6,False
d8118097c,,4587,911,48,True,False,False,357,12,1,True,40,True
d8c326f1e,,6682,1039,46,True,False,False,46,30,1,True,1,False
d8e8f9f52,,2134,380,21,True,False,False,79,10,1,True,14,False
d8816fdc8,,1696,306,16,True,False,False,44,6,1,True,0,False
d898ab186,,952,194,14,True,False,False,56,5,1,True,0,False
d8f303ed0,,3149,534,31,True,False,False,148,11,1,True,0,False
d86f847ee,,2705,401,13,False,False,False,5,0,0,False,0,False
d8cd214ba,,2207,327,14,False,False,False,11,3,1,True,0,False
d8a3a41be,,1762,403,36,True,False,False,138,4,1,True,12,False
d88d47d62,,3612,593,25,True,False,False,50,25,2,True,1,False
d83374420,,4360,736,28,True,False,False,81,39,1,True,10,True
d8afd3bba,,1764,266,8,False,False,False,22,10,1,True,0,False
d8f29f5c0,,1734,270,10,False,False,False,13,7,1,True,2,False
d89aed5b6,,2928,446,18,False,False,False,4,2,1,False,1,False
d8b459144,,1980,308,13,False,False,False,31,6,1,True,0,False
d8d1db244,,1429,207,9,False,False,False,6,4,1,False,0,False
d8e08335a,,1646,328,19,True,False,False,82,7,1,True,0,False
d8ec82106,,1819,303,9,False,False,False,11,6,2,True,0,False
d8ab7e9c0,,3811,588,23,True,False,False,49,10,1,True,0,False
d8402e864,,6052,941,41,True,False,False,101,19,1,True,10,True
d8e62f736,,382,55,2,False,False,False,0,0,0,False,0,False
d8247e1a0,,893,137,6,False,False,False,2,0,0,False,0,True
d8f7484fa,,3260,552,23,True,False,False,100,29,1,True,16,False
d87a5cbe4,,87,13,1,False,False,False,0,0,0,False,0,False
d8d504a10,,1390,240,15,True,False,False,60,3,1,True,0,False
d8753478e,,676,107,9,False,False,False,15,8,1,True,0,False
d8c2f10bc,,410,64,5,False,False,False,4,0,0,False,4,False
d85d723f8,,1270,204,4,False,False,False,25,7,1,True,0,False
d8961a458,,4126,640,39,True,False,False,51,8,1,True,0,False
d8ed4336a,,1414,212,9,False,False,False,30,15,1,True,0,False
d8b3e3232,,1120,196,13,True,False,False,24,6,1,True,2,False
d87f4fdd6,,689,161,10,True,False,False,29,7,1,False,6,False
d8d3fbd26,,2627,416,18,False,False,False,34,19,1,True,2,False
d8a2e98c8,,5927,1016,46,True,False,False,169,33,1,True,1,False
d8f3c11c4,,4417,695,29,True,False,False,44,13,1,True,0,False
d824b7e64,,1630,233,10,False,False,False,29,15,2,True,0,True
d8922bf2c,,871,145,6,False,False,False,10,3,1,True,2,False
d8ced75a2,,2233,407,20,True,False,False,68,18,1,False,42,False
d89c034dc,,1111,165,9,False,False,False,1,0,0,False,0,False
d8712c510,,250,36,4,False,False,False,3,0,0,False,0,False
d8bc0f686,,3368,498,27,True,False,False,15,4,1,True,0,False
d85f62028,,2772,453,19,True,False,False,36,10,1,True,14,False
d89392f28,,608,89,5,False,False,False,4,2,1,False,0,False
d815dd8ee,,1349,240,12,True,False,False,63,2,1,True,0,True
d8983be1c,,1371,204,7,False,False,False,19,7,1,True,4,False
d87f6f0fa,,3231,488,22,True,False,False,21,3,1,True,0,False
d88a932c4,,5236,815,25,False,False,False,79,26,1,True,0,False
d815895aa,,3586,641,25,True,False,False,91,16,1,True,12,True
d8cfb218e,,1567,283,16,True,False,False,48,6,1,True,5,False
d8cd8092e,,7499,1402,76,True,False,False,283,16,1,True,3,False
d896ad348,,317,69,6,True,False,False,17,6,1,True,0,False
d8ac36d40,,332,55,3,False,False,False,9,4,1,True,1,False
d8ab7eb64,,714,133,14,True,False,False,29,1,1,True,3,False
d87d040d6,,1148,198,13,True,False,False,52,7,1,True,0,False
d86ce3bac,,2514,359,14,False,False,False,2,0,0,False,0,False
d80ee28b4,,547,87,4,False,False,False,3,2,1,False,0,True
d87cead48,,9541,1527,75,True,False,False,162,16,2,True,0,False
d8873b0f4,,1406,254,11,True,False,False,38,12,1,True,13,False
d8c803f1e,,942,147,4,False,False,False,10,3,1,True,0,False
d8c3ab0de,,1470,211,6,False,False,False,14,9,2,True,1,False
d88ef259a,,3913,641,32,True,False,False,41,6,1,True,3,False
d87cada4c,,2040,343,23,True,False,False,82,21,1,True,2,False
d87a4d194,,1142,175,5,False,False,False,15,13,1,True,0,False
d820b0ef6,,990,181,14,True,False,False,6,6,2,False,0,False
d887d2dbe,,687,112,5,False,False,False,6,4,1,False,0,False
d89b9a9a0,,2986,538,33,True,False,False,60,12,1,True,0,False
d88e03e04,,685,104,5,False,False,False,2,1,1,False,0,False
d8aacb992,,1212,165,7,False,False,False,9,3,1,True,0,False
d8ab7ea9c,,1518,224,9,False,False,False,21,5,1,True,0,False
d8e503ec0,,629,116,8,True,False,False,17,6,1,True,1,False
d86c8b3e4,,13830,2372,115,True,False,False,301,73,2,True,38,False
d8a779faa,,1777,280,10,False,False,False,24,12,1,True,0,False
d878ee456,,321,65,4,True,False,False,37,6,1,False,0,False
d814c1528,,7640,1358,72,True,False,False,344,14,1,True,0,True
d869b4b98,,2410,377,18,False,False,False,19,8,1,True,2,False
d8b6cc57a,,5063,743,27,False,False,False,22,4,1,True,0,False
d8a255da8,,1243,222,13,True,False,False,59,15,1,True,0,False
d817e581c,,2977,567,32,True,False,False,210,9,1,True,0,True
d8d480d6e,,3589,584,26,True,False,False,44,2,1,True,12,False
d89b67fdc,,5028,803,38,True,False,False,43,2,1,False,0,False
d8f0f27c2,,1323,215,7,False,False,False,16,4,1,True,0,False
d8f3101bc,,5819,972,49,True,False,False,122,26,1,True,19,False
d8d3ef68e,,4731,737,35,True,False,False,51,19,1,True,2,False
d8df6000e,,6131,1001,44,True,False,False,131,40,1,True,21,False
d86e6dca2,,2992,484,19,True,False,False,86,13,1,True,0,False
d879f63c6,,8156,1324,58,True,False,False,113,8,1,True,8,False
d8865d95c,,4485,933,38,True,False,False,347,2,1,True,32,False
d87befb8c,,3539,553,30,True,False,False,81,15,1,True,2,False
d8bdb73a8,,641,129,7,True,False,False,29,2,1,True,0,False
d8a242758,,585,71,2,False,False,False,0,0,0,False,0,False
d8c756cec,,527,90,3,False,False,False,15,2,2,False,0,False
d8b445694,,3759,626,29,True,False,False,77,33,2,True,3,False
d865d5950,,1175,197,14,True,False,False,38,6,1,True,0,False
d827f3da8,,1905,270,14,False,False,False,13,6,1,True,0,True
d8a02a06a,,1455,327,17,True,False,False,52,6,1,True,0,False
d882fa0a8,,4496,667,30,False,False,False,21,8,1,False,0,False
d8124317a,,2203,360,18,True,False,False,55,7,1,True,0,True
d89bf23bc,,5203,820,34,False,False,False,82,45,1,True,5,False
d8c326fa0,,3716,569,32,False,False,False,70,31,1,True,0,False
d8c1a89d0,,598,117,12,True,False,False,19,3,1,True,0,False
d8bbdcfe2,,2384,364,17,True,False,False,43,7,1,False,0,False
d864d215c,,8116,1342,59,True,False,False,169,30,2,True,5,False
d8e4da822,,2753,478,33,True,False,False,116,18,1,True,1,False
d86d4d5f2,,2732,410,13,False,False,False,32,9,1,True,2,False
d8ac2a61c,,2896,519,25,True,False,False,61,7,2,True,0,False
d81ffbb3c,,7892,1456,69,True,False,False,413,20,1,True,50,True
d86feb494,,1617,256,14,True,False,False,45,6,1,True,0,False
d89f86ae6,,1438,219,10,False,False,False,13,1,1,True,6,False
d8cf9273a,,2010,366,24,True,False,False,39,10,1,True,0,False
d8bfc2a30,,4354,657,20,False,False,False,18,13,2,True,1,False
d8953e0fc,,2046,324,13,False,False,False,1,0,0,False,0,False
d86a5070a,,2446,381,13,False,False,False,27,14,2,True,0,False
d8de64e16,,2630,462,24,True,False,False,49,15,1,True,0,False
d864d2044,,4234,679,32,True,False,False,47,14,1,True,0,False
d8c7d2bbc,,774,178,15,True,False,False,62,4,1,True,0,False
d8d1c5e12,,4597,1063,58,True,False,False,191,5,1,True,0,False
d873aca1a,,2507,403,21,True,False,False,26,9,1,True,0,False
d884b7a3a,,4840,820,34,True,False,False,190,47,1,True,0,False
d81589636,,3344,545,31,True,False,False,75,29,1,True,1,True
d8160f312,,5502,876,30,True,False,False,28,4,1,True,0,False
d8edb98a8,,1972,312,12,False,False,False,41,18,1,True,3,False
d8ef19630,,3518,525,16,False,False,False,16,7,1,True,0,False
d8c3d36ec,,1835,313,18,True,False,False,44,9,1,True,19,False
d8a9b4ffe,,1209,253,17,True,False,False,80,4,1,True,0,False
d85eea730,,3356,472,16,False,False,False,13,4,1,True,2,False
d81d04e60,,2201,345,10,False,False,False,6,2,1,False,0,True
d8973c1f6,,1931,337,20,True,False,False,135,11,1,True,0,False
d862b5b1c,,5065,820,38,True,False,False,91,26,1,True,0,False
d8b93b13a,,1801,271,9,False,False,False,3,2,1,False,0,False
d838d6576,,990,175,12,True,False,False,42,5,1,True,0,True
d81329094,,3742,728,40,True,False,False,209,8,1,True,0,False
d8973c3e0,,305,44,2,False,False,False,0,0,0,False,0,False
d89c6ba0a,,4497,702,29,False,False,False,81,42,1,True,0,False
d872e401a,,2871,509,30,True,False,False,48,2,1,True,4,False
d815dd970,,1764,253,10,False,False,False,19,7,1,True,0,True
d8786d19e,,2247,360,18,True,False,False,58,12,1,True,0,False
d8dd4bb06,,3792,614,27,True,False,False,60,14,1,True,11,False
d8eeb9dd4,,1948,329,18,True,False,False,90,12,1,True,3,False
d8a06df22,,1213,190,13,True,False,False,26,9,1,True,0,False
d87c450f0,,3452,612,24,True,False,False,83,27,1,True,14,False
d8a7c2502,,1152,251,17,True,False,False,96,10,1,True,4,False
d8199ca70,,5198,917,44,True,False,False,123,10,1,True,5,True
d89b9a900,,915,147,7,True,False,False,10,3,1,True,0,False
d8b1aca72,,3830,575,31,True,False,False,40,8,1,True,5,False
d8f26f4ce,,3264,508,22,False,False,False,42,17,2,True,7,False
d8efde03e,,5242,792,38,True,False,False,68,24,2,True,1,False
d8e285d74,,2812,566,27,True,False,False,119,14,1,True,0,False
d8dce4fa0,,1419,232,15,True,False,False,52,10,1,True,0,False
d8da46974,,4528,876,48,True,False,False,249,8,1,True,0,False
d8e2e88ca,,1464,247,11,True,False,False,35,8,1,True,0,False
d88c78d50,,4698,727,29,True,False,False,55,22,1,True,2,False
d889ff146,,1149,167,8,False,False,False,21,8,1,True,0,False
d890fbc4c,,3730,673,42,True,False,False,204,4,1,True,0,False
d8db6463a,,3562,583,31,True,False,False,71,11,1,True,4,False
d8ae498c6,,1119,168,7,False,False,False,17,12,1,True,0,False
d8c812fdc,,2551,403,15,False,False,False,44,18,1,True,2,False
d81a6af56,,1014,254,21,True,False,False,40,2,1,True,0,True
d88f99ade,,4516,768,38,True,False,False,95,8,1,True,22,False
d8b7a8bc4,,2276,351,13,False,False,False,35,19,1,True,10,False
d8b72851e,,128,29,4,True,False,False,12,3,1,False,0,False
d8f4a85ec,,3570,614,36,True,False,False,85,13,1,True,0,False
d8d4d28e4,,2782,448,21,True,False,False,53,23,1,True,3,False
d8ed434dc,,1388,216,9,False,False,False,4,1,1,True,0,False
d83b5a036,,4095,647,33,True,False,False,26,7,1,True,4,True
d8ad4c2ac,,1217,178,8,False,False,False,8,4,1,True,0,False
d82a93cf2,,1752,307,17,True,False,False,39,16,2,True,0,False
d8bd1795c,,3659,548,27,False,False,False,22,9,2,True,6,False
d8614a84a,,6987,1229,59,True,False,False,249,14,2,True,4,False
d8a522c0c,,2900,545,38,True,False,False,210,4,1,True,0,False
d866053bc,,16357,2625,136,True,False,False,402,73,2,True,3,False
d8dc9cca0,,2114,453,21,True,False,False,80,6,1,True,0,False
d89d0b1e0,,1464,244,17,True,False,False,44,4,1,True,0,False
d8bd973e6,,789,124,10,False,False,False,7,3,1,False,0,False
d81114696,,648,102,2,False,False,False,9,4,1,True,0,False
d87a1db56,,1796,268,9,False,False,False,12,8,1,False,0,False
d8a44df02,,5932,956,26,False,False,False,61,23,1,True,4,False
d87f8a4c2,,1823,282,13,False,False,False,13,4,1,True,0,False
d8afe3ef2,,913,135,6,False,False,False,11,7,1,True,0,False
d897d09f0,,1928,317,16,True,False,False,85,5,1,True,6,False
d8e226464,,3015,505,30,True,False,False,129,9,1,True,0,False
d88391926,,2832,474,19,True,False,False,61,18,1,True,0,False
d8f62a208,,3807,580,28,True,False,False,53,21,2,True,0,False
d8888e078,,3052,436,19,True,False,False,46,5,1,True,3,False
d8f7e6d08,,2956,481,16,False,False,False,37,6,1,True,6,False
d8c51904c,,1223,203,7,False,False,False,17,4,1,True,2,False
d8a117900,,7692,1324,59,True,False,False,197,13,1,True,0,False
d875d8b5e,,2736,437,10,False,False,False,39,14,2,True,0,False
d886e7b16,,3010,483,20,False,False,False,35,13,2,True,4,False
d874ac690,,485,72,3,False,False,False,4,1,1,False,0,False
d8b57ccba,,2174,317,14,False,False,False,19,1,1,True,0,False
d8ad5a9a6,,6630,1058,60,True,False,False,221,10,1,True,0,False
d8ed432b6,,1196,185,5,False,False,False,26,10,1,True,0,False
d8bd86ae6,,1113,182,8,False,False,False,7,2,1,False,4,False
d86e9b8aa,,5283,856,41,True,False,False,69,15,1,True,0,False
d8e436060,,3688,591,26,True,False,False,99,24,1,True,26,False
d8a5d6586,,4383,667,30,True,False,False,55,12,1,True,0,False
d87a70a72,,9195,1583,79,True,False,False,185,33,1,True,0,False
d89f869ec,,5181,870,39,True,False,False,152,19,1,True,30,False
d86feb692,,6910,1194,57,True,False,False,144,11,1,True,2,False
d8b6f9a98,,1680,291,22,True,False,False,52,13,1,True,1,False
d8807da50,,3073,525,31,True,False,False,45,10,1,True,5,False
d86bc28c2,,10242,1573,69,True,False,False,59,14,1,True,10,False
d8ec8225a,,5986,978,38,True,False,False,151,39,1,True,0,False
d8721afe4,,2019,323,10,False,False,False,37,18,1,True,4,False
d89b31bc6,,3330,511,25,True,False,False,12,3,1,True,0,False
d8e075e4e,,2987,421,22,False,False,False,30,4,1,False,0,False
d8a7e4918,,3535,550,22,True,False,False,18,3,2,True,0,False
d8f094672,,650,96,6,False,False,False,0,0,0,False,0,False
d87d810ae,,1374,241,15,True,False,False,40,12,1,True,0,False
d8614a782,,2113,342,19,True,False,False,46,13,1,True,0,False
d8eed05fc,,729,112,3,False,False,False,9,5,1,True,0,False
d8a355776,,4320,804,46,True,False,False,183,33,1,True,14,False
d8caf36de,,2790,584,37,True,False,False,153,13,1,True,0,False
d8f4917b6,,2946,722,37,True,False,False,151,6,1,False,41,False
d8d18d666,,17439,3012,133,True,False,False,443,62,1,True,15,False
d8a58d1b0,,3464,548,18,True,False,False,50,10,1,True,39,False
d8df988fa,,2621,469,23,True,False,False,50,12,1,False,36,False
d8bc6e4e2,,2867,431,19,False,False,False,31,10,1,True,4,False
d8abeaa80,,2524,400,17,True,False,False,42,9,1,True,6,False
d81b36200,,2518,541,37,True,False,False,141,2,1,True,0,False
d8b9aa17a,,640,94,5,False,False,False,11,3,1,True,0,False
d88a2ab2a,,6219,1109,39,True,False,False,147,12,1,True,0,False
d8c711eee,,3529,546,23,False,False,False,15,4,1,True,0,False
d8c9f283e,,1154,214,16,True,False,False,69,5,1,True,0,False
d89663ef0,,5274,1035,71,True,False,False,315,14,1,True,0,False
d8d8da2a2,,327,68,9,True,False,False,19,7,1,True,0,False
d8e2395be,,4715,755,33,True,False,False,92,11,1,True,2,False
d8c7a8d80,,4413,679,42,True,False,False,64,19,1,True,0,False
d812de512,,363,56,2,False,False,False,0,0,0,False,0,True
d8cebf088,,849,143,5,False,False,False,6,3,1,True,0,False
d874d7818,,477,69,10,True,False,False,31,2,1,True,0,False
d870a75ea,,3191,486,18,False,False,False,24,0,0,True,0,False
d87a5ca40,,251,39,2,False,False,False,4,2,1,True,0,False
d8ef9047e,,1433,239,14,True,False,False,41,7,1,True,0,False
d8721af80,,1625,284,13,True,False,False,50,2,1,True,15,False
d8805f000,,1987,374,20,True,False,False,120,12,1,True,6,False
d874df6f8,,3580,594,22,True,False,False,61,15,1,True,14,False
d86fcff78,,3625,558,33,False,False,False,36,7,1,True,18,False
d85f76f64,,7758,1281,65,True,False,False,133,28,1,True,55,False
d88fbd736,,3669,564,29,True,False,False,43,15,1,True,0,False
d88e61db0,,3476,557,31,True,False,False,79,12,1,True,4,False
d8b4f5576,,3040,493,17,True,False,False,56,13,1,True,5,False
d89c0dfa4,,673,113,6,True,False,False,14,5,1,True,1,False
d875c518a,,2222,436,18,True,False,False,87,19,1,True,23,False
d8aa0452c,,996,164,6,False,False,False,9,4,1,True,0,False
d8729050a,,2355,380,18,True,False,False,81,11,1,True,0,False
d8bda34c0,,842,146,7,False,False,False,11,5,2,True,0,False
d8d3d33e4,,1705,279,20,True,False,False,49,16,1,True,4,False
d861b4786,,1982,332,17,True,False,False,29,11,1,True,1,False
d8a6bebd8,,1730,300,20,True,False,False,31,3,1,False,2,False
d8dbbb912,,194,29,2,False,False,False,0,0,0,False,0,False
d866867b4,,1835,265,9,False,False,False,0,0,0,False,0,False
d8177a9b8,,1613,252,14,True,False,False,13,3,1,True,0,True
d8f0a7236,,1757,300,17,True,False,False,47,13,1,True,0,False
d8f40b616,,1027,172,4,False,False,False,10,3,2,True,0,False
d8932b904,,6239,1420,58,True,False,False,484,15,1,True,0,False
d88a7121e,,4226,671,31,True,False,False,60,12,1,True,0,False
d8c38ec36,,3140,472,21,False,False,False,51,22,2,True,6,False
d8adf5e6a,,1753,294,11,False,False,False,45,18,1,True,0,False
d8adec25c,,698,115,4,False,False,False,9,4,1,False,0,False
d8d27b0fa,,1503,218,7,False,False,False,13,13,1,False,0,False
d8c07e208,,1863,299,15,True,False,False,92,9,1,True,0,False
d88f876ea,,2742,488,28,True,False,False,73,27,1,True,22,False
d86d03132,,755,107,6,False,False,False,0,0,0,False,0,False
d8866b71e,,4765,868,35,True,False,False,210,31,1,True,20,False
d8d9d0a08,,7794,1540,92,True,False,False,330,65,1,True,55,False
d8c8df8f2,,2661,384,15,True,False,False,30,6,1,True,0,False
d897fc910,,3493,576,25,True,False,False,48,18,1,True,7,False
d8de223fe,,4495,812,43,True,False,False,146,24,1,True,3,False
d89ee5f1a,,1132,219,13,True,False,False,70,13,1,True,14,False
d8a3ffaf0,,1845,283,12,False,False,False,17,3,1,True,5,False
d8e50d826,,4594,690,30,True,False,False,73,30,1,True,3,False
d828fb21e,,5832,926,29,True,False,False,80,13,1,True,0,False
d8bf4f0da,,1720,303,14,True,False,False,36,8,1,True,0,False
d8e16ff66,,2007,346,19,True,False,False,41,5,1,True,9,False
d86dfdb00,,1313,211,7,False,False,False,27,9,1,True,0,False
d825b98a8,,2437,431,18,True,False,False,52,8,2,True,0,True
d8cdeb3be,,8657,1593,81,True,False,False,435,38,1,True,2,False
d8f3c1372,,2810,495,31,True,False,False,103,12,1,True,1,False
d8ca5485e,,3399,599,34,True,False,False,109,22,1,True,4,False
d8db71844,,10689,1779,74,True,False,False,232,52,1,True,7,False
d89337baa,,211,35,2,False,False,False,8,4,1,True,2,False
d87821a5a,,971,146,6,False,False,False,16,6,1,True,0,False
d8ed43450,,775,106,4,False,False,False,14,5,1,True,0,False
d899d97d8,,1644,225,15,False,False,False,3,0,0,False,0,False
d8800fc6c,,4312,689,23,True,False,False,94,13,1,True,1,False
d8c1a8a84,,2387,499,20,True,False,False,132,11,1,True,10,False
d85e5ec4e,,2839,431,23,False,False,False,12,2,1,False,0,False
d8a029f70,,1767,259,16,True,False,False,21,1,1,False,0,False
d81392f30,,6537,1046,44,True,False,False,53,19,2,True,4,True
d87e56b50,,1548,273,15,True,False,False,36,1,1,False,0,False
d82a3a666,,7555,1267,65,True,False,False,362,8,1,True,9,True
d8e0599f6,,1104,175,7,False,False,False,31,12,1,True,0,False
d8c8acd80,,1453,333,16,True,False,False,98,2,1,True,0,False
d8de58030,,2434,397,21,True,False,False,71,23,1,True,1,False
d8f38c2e4,,7439,1147,47,True,False,False,78,10,1,True,0,False
d8f5eaf54,,6649,1040,40,True,False,True,117,35,1,True,3,False
d884f25fe,,506,98,7,True,False,False,18,6,1,True,0,False
d8c8c178a,,3854,595,33,True,False,False,49,14,1,True,0,False
d8c8accc2,,4378,722,34,True,False,False,55,18,1,True,6,False
d8160f3b2,,3825,643,28,True,False,False,91,12,1,True,2,False
d88c9d452,,2579,435,10,False,False,False,39,7,1,True,0,False
d8e0b4e3c,,969,178,11,True,False,False,58,2,1,True,0,False
d8956dafa,,2477,396,20,True,False,False,34,15,1,True,5,False
d8e0d95f2,,4841,799,33,True,False,False,79,4,1,True,0,False
d8bb341bc,,1537,240,7,False,False,False,23,9,1,True,1,False
d87dd6cd4,,2881,467,20,True,False,False,41,13,1,True,0,False
d8abfd25c,,5011,824,34,True,False,False,67,15,1,True,10,False
d898dd852,,638,107,4,False,False,False,9,3,1,True,0,False
d86e6dee6,,871,209,18,True,False,False,57,7,1,True,0,False
d8c397d36,,4069,605,29,False,False,False,18,7,1,True,2,False
d815f4936,,2783,458,18,True,False,False,82,10,1,True,3,True
d8c9b0966,,2031,300,15,False,False,False,9,3,1,True,2,False
d82cf6936,,6662,1326,60,True,False,False,326,6,1,True,0,True
d82729b84,,2086,303,13,False,False,False,0,0,0,False,0,True
d8d3c5618,,752,160,7,True,False,False,45,10,1,True,0,False
d8c043a5e,,2856,487,26,True,False,False,82,5,1,True,0,False
d8f26f348,,4210,665,25,True,False,False,70,19,1,True,7,False
d8dd2166c,,943,158,5,False,False,False,10,3,1,True,4,False
d87ec1b80,,3866,570,26,True,False,False,42,8,1,True,2,False
d8c06ca3a,,2009,309,14,False,False,False,28,10,1,True,0,False
d8f49187e,,1663,275,19,True,False,False,28,7,1,True,0,False
d866e50f2,,2221,339,14,True,False,False,51,8,1,True,1,False
d86b2253e,,5603,883,30,True,False,False,53,11,1,True,0,False
d89cb9c0a,,1705,252,12,False,False,False,6,2,1,True,0,False
d8cbd7e4c,,2503,395,14,False,False,False,25,9,1,True,5,False
d88dbe58e,,1192,187,12,True,False,False,14,3,1,True,0,False
d86d24152,,1799,262,7,False,False,False,0,0,0,False,0,False
d86a900d0,,461,63,4,False,False,False,6,6,1,False,0,False
d8d34d74e,,2670,369,13,False,False,False,1,0,0,False,0,False
d86b5f0c4,,2428,428,18,True,False,False,52,10,1,True,0,False
d87cad9a2,,2484,337,13,False,False,False,2,0,0,False,0,False
d8694b710,,3257,490,15,False,False,False,51,15,1,True,0,False
d8a89e980,,1213,201,8,False,False,False,19,8,1,True,0,False
d8d1fd3a8,,1290,206,8,False,False,False,18,7,1,True,0,False
d8d624954,,2717,384,19,True,False,False,32,1,1,False,0,False
d8143a17c,,4778,819,36,True,False,False,133,38,1,True,15,False
d8b7100cc,,4998,767,25,False,False,False,25,9,1,True,7,False
d8e2e8a1e,,333,73,6,True,False,False,23,2,1,True,6,False
d8883c160,,5092,793,30,True,False,False,62,23,2,True,5,False
d81537412,,4318,687,38,True,False,False,83,15,1,True,1,False
d8815523e,,1287,201,8,False,False,False,19,8,1,True,4,False
d8a5e5996,,1460,209,6,False,False,False,5,4,1,False,0,False
d8ccee88a,,3025,477,20,True,False,False,28,6,1,True,6,False
d8e5a96cc,,1918,295,9,True,False,False,30,7,1,True,0,False
d8d44bef2,,1949,405,16,True,False,False,91,12,1,True,0,False
d8f1105f6,,64,9,1,False,False,False,0,0,0,False,0,False
d81ca2d96,,4419,681,31,True,False,False,32,8,1,True,12,True
d86cf709e,,3946,592,31,False,False,False,40,25,1,True,0,False
d8aff4fc2,,6249,1131,56,True,False,False,208,20,1,True,12,False
d86df4e2e,,3867,674,32,True,False,False,113,13,1,True,0,False
d8166161c,,4728,711,37,True,False,False,90,31,1,True,9,False
d88d0ba38,,561,100,7,True,False,False,17,6,1,False,4,False
d8e2f5390,,2958,486,23,True,False,False,50,4,1,True,0,False
d8a8fcdc8,,6384,1034,51,True,False,False,225,54,1,True,0,False
d8d2ea612,,4200,689,39,True,False,False,57,11,1,True,0,False
d8eda6546,,3376,539,32,True,False,False,53,8,1,True,1,False
d8c504d5e,,4966,840,37,True,False,False,70,27,1,True,0,False
d882f9fae,,2880,526,37,True,False,False,113,5,1,True,0,False
d8a149b76,,2413,438,26,True,False,False,79,14,1,True,5,False
d8157dae8,,3622,592,28,True,False,False,50,22,2,True,5,True
d8b9db23e,,4004,723,44,True,False,False,212,20,1,True,1,False
d8ce0719a,,3734,583,27,True,False,False,53,4,1,True,12,False
d8e7cc878,,3685,625,21,True,False,False,83,28,1,True,0,False
d8ca0fea2,,3977,606,29,False,False,False,17,7,1,True,0,False
d8ab5b81c,,91,16,2,False,False,False,1,1,1,False,0,False
d8df72a88,,2352,339,16,False,False,False,25,14,1,True,2,False
d81521004,,4574,780,31,True,False,False,82,40,1,True,0,True
d8923b08a,,3447,560,31,True,False,False,54,12,1,False,30,False
d8de48eaa,,1333,202,6,False,False,False,15,5,1,False,1,False
d8db949d4,,2744,465,21,True,False,False,63,15,1,True,9,False
d8833bf80,,1078,185,13,True,False,False,25,6,1,True,0,False
d89ba81ae,,3930,608,18,False,False,False,34,14,1,True,6,False
d8eddb458,,884,200,16,True,False,False,66,1,1,True,0,False
d8e98cc12,,1238,186,8,False,False,False,7,2,1,True,0,False
d8c9e1e94,,4790,716,33,True,False,False,30,6,1,True,1,False
d81392eae,,1650,255,14,True,False,False,37,5,1,True,0,True
d8bdb7434,,3795,711,44,True,False,False,78,7,1,True,0,False
d8f5bea8a,,569,82,5,False,False,False,6,3,1,True,0,False
d893a23a6,,3240,476,18,False,False,False,31,23,1,False,9,False
d87549332,,901,208,12,True,False,False,100,6,1,True,18,False
d8e727de6,,1371,207,7,False,False,False,2,2,1,False,0,False
d835c7272,,3402,619,37,True,False,False,131,45,1,True,21,True
d887d2dfa,,746,127,5,False,False,False,11,2,1,False,3,False
d88ad96fc,,3934,623,33,True,False,False,69,15,1,True,0,False
d8eed091c,,1686,260,6,False,False,False,10,8,1,True,0,False
d8a216464,,2612,373,15,False,False,False,20,8,1,True,0,False
d8b4591b2,,834,135,11,True,False,False,13,1,1,True,3,False
d8e06a210,,1625,238,9,False,False,False,4,1,1,True,1,False
d87dc66ae,,2274,366,18,True,False,False,37,12,1,True,0,False
d8e49363e,,2160,354,15,True,False,False,46,8,1,True,0,False
d883f9378,,1169,195,12,True,False,False,37,4,1,True,0,False
d8e9d792e,,1663,311,19,True,False,False,105,15,1,True,0,False
d8b7a8d18,,2139,416,24,True,False,False,105,13,1,True,29,False
d89e5442a,,4822,722,32,False,False,False,25,6,1,True,0,False
d89dc26d8,,2717,430,18,True,False,False,53,15,1,True,7,False
d8b47790a,,1021,158,3,False,False,False,27,11,1,True,0,False
d875f1e60,,2767,399,16,False,False,False,32,20,1,True,2,False
d86fbf9ca,,4655,785,35,True,False,False,116,28,1,True,0,False
d86d78c8e,,1008,131,7,False,False,False,2,0,0,False,0,False
d87821884,,2194,377,28,True,False,False,72,13,2,True,0,False
d8b6dd9ec,,1949,273,8,False,False,False,8,4,1,True,0,False
d87ee55ee,,624,99,7,True,False,False,17,4,1,True,0,False
d8771f1c0,,5346,959,57,True,False,False,184,15,1,True,0,False
d8ddb696a,,1278,279,16,True,False,False,88,7,1,True,26,False
d87310660,,1811,282,11,False,False,False,14,8,1,True,0,False
d8364bc66,,3887,838,48,True,False,False,251,5,1,True,30,True
d81f93334,,3018,775,54,True,False,False,239,5,1,True,5,True
d8d6f4442,,916,169,13,True,False,False,20,3,1,True,2,False
d8776314a,,1234,179,11,False,False,False,7,3,1,True,0,False
d8e41abd0,,5412,824,35,True,False,False,79,17,2,True,0,False
d8d43dab4,,5033,844,37,True,False,False,136,15,1,True,9,False
d8e7860f8,,780,122,6,False,False,False,4,1,1,True,0,False
d8943f372,,4646,692,28,True,False,False,58,17,1,True,0,False
d8c37cd38,,677,154,11,True,False,False,29,1,1,True,0,False
d85173926,,1844,302,9,False,False,False,12,3,1,True,0,True
d8e3619b4,,1838,294,13,False,False,False,25,10,1,True,0,False
d89cb9a7a,,984,150,5,False,False,False,13,3,1,True,0,False
d8ddd9262,,5425,859,44,True,False,False,73,22,2,True,9,False
d86d9ff82,,721,142,12,True,False,False,44,2,1,True,0,False
d87fdd5a0,,6966,1278,57,True,False,False,209,25,1,True,0,False
d87914098,,823,116,5,False,False,False,3,2,1,False,0,False
d89fc2dd4,,3082,431,19,False,False,False,13,7,1,True,0,False
d89348b94,,486,101,10,True,False,False,25,3,1,True,0,False
d89c036c6,,2678,453,10,False,False,False,46,14,1,True,8,False
d8afe3f24,,59,10,1,False,False,False,0,0,0,False,0,False
d8b45928e,,6819,1206,67,True,False,False,221,23,2,True,5,False
d8f4c3cde,,1012,168,8,False,False,False,8,1,1,True,0,False
d8126cf70,,626,94,3,False,False,False,4,2,1,False,0,True
d89d4797e,,2910,442,21,False,False,False,22,7,1,False,0,False
d8b19f05c,,536,94,9,True,False,False,17,2,1,True,0,False
d8c5faf24,,2851,435,14,False,False,False,12,1,1,True,0,False
d89bd4844,,2059,319,17,True,False,False,29,11,1,True,6,False
d8b1f12da,,1333,186,9,False,False,False,0,0,0,False,0,False
d86c3bdbc,,497,74,3,False,False,False,6,2,1,True,0,False
d8a103540,,4303,712,39,True,False,False,128,34,1,True,4,False
d89cb9b42,,3879,756,34,True,False,False,142,22,1,True,29,False
d8f5d5b18,,364,52,3,False,False,False,0,0,0,False,0,False
d8b1ea336,,403,64,2,False,False,False,8,6,1,True,0,False
d8c8498ac,,4522,714,29,True,False,False,84,30,2,True,3,False
d8f110420,,1478,213,9,False,False,False,3,1,1,False,1,False
d8f67cc1a,,1113,248,19,True,False,False,71,3,1,True,3,False
d8a22dcae,,1811,294,21,True,False,False,54,5,1,True,0,False
d82d2c752,,1256,203,10,False,False,False,0,0,0,False,0,True
d86c04ce0,,5281,820,37,True,False,False,124,11,1,True,2,False
d8ddc6b30,,3575,556,26,True,False,False,46,14,1,True,1,False
d87876b68,,3602,544,22,False,False,False,16,5,1,False,2,False
d8b316f2a,,4342,717,30,True,False,False,28,5,1,False,1,False
d8ee997e6,,3790,613,26,True,False,False,51,5,1,True,1,False
d8ee299d2,,3114,500,21,True,False,False,45,3,1,True,0,False
d8c210daa,,7690,1342,80,True,False,False,306,43,2,True,5,False
d8616f5a0,,1596,306,13,True,False,False,54,33,1,True,0,False
d8f11057e,,1206,181,5,False,False,False,15,4,1,True,2,False
d885a06b8,,2319,417,20,True,False,False,81,9,1,True,24,False
d8b0008cc,,5233,858,41,True,False,False,97,8,1,True,22,False
d8dbe55dc,,80,14,1,False,False,False,0,0,0,False,0,False
d8e82ff9a,,6093,1030,49,True,False,False,134,37,1,True,25,False
d897ab222,,1837,411,31,True,False,False,84,6,1,True,0,False
d8d46fd16,,365,70,6,True,False,False,16,5,1,True,0,False
d895f0fcc,,3709,582,32,True,False,False,74,22,1,True,0,False
d8e14a144,,1652,308,17,True,False,False,59,12,1,True,11,False
d8ea7c46a,,924,155,7,False,False,False,11,4,1,True,0,False
d89b8a136,,342,50,3,False,False,False,2,2,1,False,0,False
d875f1d66,,2364,367,17,False,False,False,3,0,0,False,0,False
d8e3bfc26,,4448,671,34,True,False,False,42,9,2,True,0,False
d8a779f64,,2954,472,19,False,False,False,13,10,2,False,0,False
d899b6454,,1712,257,9,False,False,False,7,0,0,False,0,False
d8bda3560,,587,92,3,False,False,False,10,3,1,True,0,False
d863f5036,,3021,665,44,True,False,False,342,4,1,True,108,False
d8bd86bfe,,2111,304,12,False,False,False,5,3,1,False,2,False
d823e9b0e,,4498,696,38,True,False,False,179,17,1,True,0,True
d8ec72efe,,2608,401,21,False,False,False,14,12,1,False,2,False
d870688d6,,2424,387,15,True,False,False,26,4,1,True,0,False
d8e09d28c,,1122,184,6,False,False,False,19,5,1,True,0,False
d88a1c17e,,4642,731,33,True,False,False,36,7,1,True,1,False
d87fc1b20,,2917,560,28,True,False,False,139,13,1,True,0,False
d869bcf5a,,1605,228,12,False,False,False,17,5,1,True,0,False
d82441c32,,699,114,5,False,False,False,10,3,2,True,0,True
d8a0159d0,,2046,344,24,True,False,False,32,5,1,True,0,False
d8a02a010,,2526,435,29,True,False,False,35,6,1,True,0,False
d888521fe,,1059,184,15,True,False,False,26,3,1,True,0,False
d8d480e36,,4019,727,38,True,False,False,224,20,1,True,0,False
d8e7d758e,,2550,407,10,False,False,False,7,7,1,False,0,False
d8bef6994,,2102,312,12,False,False,False,32,14,1,True,0,False
d8cb2d4f6,,2879,457,18,False,False,False,32,12,1,True,0,False
d867a35c0,,2453,420,21,True,False,False,45,13,1,True,0,False
d89151d22,,300,48,4,True,False,False,4,2,1,False,0,False
d87851c1e,,588,137,10,True,False,False,38,2,1,True,0,False
d8c408482,,2157,364,21,True,False,False,57,7,1,True,11,False
d89b098c4,,3121,520,20,True,False,False,51,16,1,True,0,False
d811aafb0,,2470,387,14,False,False,False,31,10,1,True,2,False
d8b0c0ca8,,49,8,1,False,False,False,1,0,0,False,0,False
d8d2ea43c,,2343,381,23,True,False,False,27,5,1,True,2,False
d8f7e6cc2,,2756,387,16,False,False,False,12,2,1,False,0,False
d8dc39fec,,2318,363,12,False,False,False,23,11,1,True,2,False
d85e003d8,,6897,1118,52,True,False,False,66,10,1,True,1,False
d8f32b124,,359,58,4,False,False,False,4,0,0,False,0,False
d8b13a4e0,,211,34,2,False,False,False,5,2,1,True,1,False
d8edb9862,,945,148,4,False,False,False,18,7,1,True,3,False
d82ba71d4,,1833,311,18,True,False,False,43,8,1,True,0,True
d8a73ef5e,,1366,279,18,True,False,False,44,1,1,False,2,False
d8b2fbc02,,413,60,2,False,False,False,3,2,1,True,0,False
d8b6118f6,,3479,514,18,True,False,False,30,8,2,True,15,False
d8f38c230,,9158,1687,81,True,False,False,315,41,1,True,0,False
d8f304024,,4579,667,31,True,False,False,49,6,1,True,3,False
d8e4da7d2,,3059,520,21,True,False,False,52,16,1,True,9,False
d8e4ea5ce,,1444,286,20,True,False,False,72,10,1,True,4,False
d8ca63b9c,,1778,274,25,False,False,False,13,7,1,False,0,False
d8b837fd6,,1160,175,4,False,False,False,0,0,0,False,0,False
d86f0e92c,,5163,766,25,False,False,False,18,8,1,True,2,False
d8d3d345c,,2812,486,23,True,False,False,87,6,1,True,2,False
d8c56f1c2,,2968,602,28,True,False,False,287,6,1,True,3,False
d8e65de6a,,314,45,2,False,False,False,0,0,0,False,0,False
d876af618,,1332,196,8,False,False,False,6,6,1,False,0,False
d81143b4e,,2098,346,19,True,False,False,58,13,1,True,8,True
d8648986c,,3267,496,15,False,False,False,29,18,1,True,3,False
d898dd9a6,,1356,202,11,True,False,False,20,3,1,True,3,False
d8c2c6c9a,,847,139,7,True,False,False,11,4,1,True,0,False
d88c3569a,,2321,338,10,False,False,False,7,3,1,True,0,False
d8a6068bc,,7026,1102,41,True,False,False,156,28,1,True,5,False
d820d0562,,1819,333,20,True,False,False,80,14,1,True,2,False
d8f2d7894,,2036,330,15,True,False,False,48,15,1,True,4,False
d8870b408,,635,103,10,True,False,False,29,5,1,True,0,False
d8a606ab0,,665,133,11,True,False,False,36,2,1,False,24,False
d87e7de9e,,3209,448,15,False,False,False,4,2,1,False,0,False
d8a49a23a,,6892,1200,53,True,False,False,219,47,1,True,3,False
d86ed2d28,,5335,958,35,True,False,False,149,19,1,False,1,False
d8b190bd8,,6396,979,45,True,False,False,94,13,1,True,0,False
d8bd4bb94,,4238,954,52,True,False,False,185,19,1,True,2,False
d82787a22,,3923,658,31,True,False,False,89,18,1,True,0,True
d8cb62b6a,,4909,731,32,True,False,False,49,21,1,True,1,False
d8dcdc72e,,2961,474,23,True,False,False,64,10,1,True,3,False
d8afb089a,,5040,816,34,True,False,False,60,15,1,True,1,False
d8f529aca,,433,71,7,False,False,False,2,0,0,False,0,False
d8829b0ee,,4411,738,37,True,False,False,107,30,1,True,0,False
d8ae7115a,,2349,343,15,False,False,False,33,7,1,False,0,False
d8a2da2c4,,2976,431,22,False,False,False,25,10,1,True,0,False
d890cdc8e,,9705,1603,69,True,False,False,127,34,2,True,0,False
d8b40666a,,3262,512,25,True,False,False,62,23,1,True,0,False
d86aa3f2c,,6147,963,36,True,False,False,68,10,1,True,0,False
d8a4cf1a6,,4062,902,39,True,False,False,274,10,1,True,0,False
d87c45258,,5152,751,37,True,False,False,42,5,1,True,0,False
d8681acd8,,6002,984,45,True,False,False,109,27,1,True,8,False
d8caba280,,6054,929,43,True,False,False,112,15,1,True,2,False
d869d08e8,,2382,406,24,True,False,False,69,14,1,True,2,False
d89cd4c8a,,4161,665,31,True,False,False,101,15,1,True,15,False
d86a9001c,,1355,190,8,False,False,False,1,0,0,False,0,False
d8c5aa1d2,,4460,728,24,True,False,False,53,16,1,True,0,False
d8f5beb34,,861,122,4,False,False,False,1,0,0,False,0,False
d8c93dd62,,35,4,1,False,False,False,0,0,0,False,0,False
d8d569dde,,5417,1018,49,True,False,False,531,2,1,True,0,False
d8a606aec,,1573,257,16,True,False,False,39,3,1,False,24,False
d8e1f7448,,2736,450,19,True,False,False,54,16,1,True,0,False
d8ef48f98,,872,116,6,False,False,False,8,3,1,True,0,False
d8afe3f60,,170,30,1,False,False,False,0,0,0,False,0,False
d88043350,,1487,224,9,False,False,False,1,0,0,False,0,False
d8193ebe6,,2457,405,16,True,False,False,38,10,1,True,2,True
d88963980,,3969,655,33,True,False,False,82,29,2,True,0,False
d8abb32e2,,2000,300,13,False,False,False,12,3,1,True,0,False
d8be6bc68,,2296,364,17,True,False,False,16,2,1,True,1,False
d88c78ddc,,4283,695,33,True,False,False,49,13,2,True,0,False
d887d2ef4,,2952,451,17,False,False,False,47,8,1,True,1,False
d8e9c7ec0,,1480,300,22,True,False,False,70,5,1,True,0,False
d883e6c8c,,8148,1277,53,True,False,False,123,10,1,True,44,False
d8b369f0e,,1240,206,14,True,False,False,18,5,1,False,6,False
d87abda52,,4270,700,28,True,False,False,77,11,1,True,2,False
d8c72cf64,,6783,1213,68,True,False,False,227,11,1,True,70,False
d8b0de460,,3779,579,20,False,False,False,29,11,1,True,1,False
d895e2abc,,2833,424,12,False,False,False,1,0,0,False,0,False
d8d5bdb14,,4873,723,25,False,False,False,25,11,2,True,6,False
d8e5c1100,,9872,1513,65,True,False,False,155,20,1,True,0,False
d8a51080e,,1735,322,14,True,False,False,61,9,1,True,0,False
d8f7e6ba0,,2486,506,22,True,False,False,160,12,1,True,0,False
d8e44761c,,1341,215,9,False,False,False,17,3,1,True,0,False
d8e625600,,3663,559,24,True,False,False,41,2,1,True,0,False
d87ccfda4,,12785,2159,154,True,False,False,329,40,1,True,2,False
d86b2f950,,2078,333,14,False,False,False,19,6,1,True,0,False
d8804322e,,2280,404,16,True,False,False,58,12,1,True,2,False
d8aec2f3c,,1312,229,12,True,False,False,47,8,1,True,0,False
d8a3e1a5a,,3642,568,18,False,False,False,5,3,2,False,0,False
d8c823f26,,2845,475,32,True,False,False,69,22,1,True,9,False
d8d9ffad8,,1906,287,13,False,False,False,40,11,1,True,8,False
d8b3fe6ea,,1603,277,16,True,False,False,35,5,1,True,0,False
d85e2085e,,1736,272,7,False,False,False,36,12,1,True,2,False
d820b0e60,,3063,508,30,True,False,False,45,5,2,True,0,False
d881c8234,,2018,384,28,True,False,False,50,14,1,True,0,False
d8ef0c30e,,748,121,5,False,False,False,15,7,1,True,4,False
d88465d52,,1863,299,14,True,False,False,31,18,1,True,3,False
d8a3a4286,,2096,335,21,True,False,False,31,6,1,True,0,False
d8a08677a,,2370,358,16,False,False,False,23,9,1,True,3,False
d8bf4f148,,2439,365,10,False,False,False,16,5,2,True,0,False
d8dd40fa8,,1944,324,18,True,False,False,31,7,1,True,0,False
d87be6dd4,,935,137,5,False,False,False,7,1,1,True,0,False
d86d9ff3c,,288,59,7,True,False,False,13,2,1,True,0,False
d8ab5b984,,999,138,6,False,False,False,3,1,1,True,0,False
d8623cf64,,2073,357,13,True,False,False,48,12,1,True,0,False
d8f094622,,1046,203,13,True,False,False,36,1,1,True,0,False
d8c28aa7e,,2162,336,14,False,False,False,12,5,1,False,0,False
d81622174,,2659,406,19,True,False,False,21,9,1,False,4,True
d894a3b10,,1036,179,9,True,False,False,33,10,1,True,4,False
d89458548,,3471,695,37,True,False,False,212,6,1,True,0,False
d89a256f6,,3539,531,23,True,False,False,54,12,1,True,1,False
d88f63b8c,,2079,362,22,True,False,False,72,4,1,True,0,False
d8aed1b68,,2935,433,19,False,False,False,13,1,1,True,0,False
d813330ee,,978,170,10,True,False,False,20,5,1,True,0,True
d85ff2b78,,457,71,4,False,False,False,3,3,1,False,0,False
d896b9e22,,3022,492,15,False,False,False,54,23,1,True,0,False
d8775a5f4,,7404,1571,80,True,False,False,540,18,1,True,7,False
d827f3d12,,45,7,1,False,False,False,1,0,0,False,0,True
d8e6131da,,1890,307,15,True,False,False,51,6,1,True,0,False
d89110b9c,,718,124,12,True,False,False,25,2,1,True,0,False
d8c1090c4,,5187,759,31,True,False,False,22,6,1,True,4,False
d88100b3a,,2710,466,29,True,False,False,58,1,1,True,0,False
d8beec48a,,1668,267,13,True,False,False,39,10,1,True,2,False
d86a2e5d8,,7179,1098,50,True,False,False,76,23,1,True,0,False
d8be9babc,,4960,874,44,True,False,False,162,11,1,True,8,False
d8b505084,,6241,922,46,True,False,False,78,34,1,True,2,False
d8bff25a0,,1681,249,10,False,False,False,0,0,0,False,0,False
d87dc680c,,415,67,4,True,False,False,6,2,1,True,0,False
d8e2645b6,,3922,678,27,True,False,False,166,40,1,True,0,False
d8e6d7da0,,1628,233,8,False,False,False,9,3,1,True,0,False
d8d1371e4,,28,5,1,False,False,False,2,1,1,False,0,False
d8e4614b8,,1675,397,23,True,False,False,99,3,1,True,0,False
d88f63b28,,4453,735,31,True,False,False,100,24,1,True,7,False
d895caa0c,,10743,1669,74,True,False,False,125,45,1,True,13,False
d889f766c,,2981,454,17,False,False,False,10,2,1,True,0,False
d8d0d5296,,3070,457,23,False,False,False,17,6,1,True,0,False
d8d3b0d08,,1692,271,5,False,False,False,14,10,1,False,0,False
d8e5e5924,,2062,297,14,False,False,False,18,9,2,True,0,False
d813ebdb0,,6346,1048,46,True,False,False,74,11,1,True,11,False
d87e8c534,,534,75,5,False,False,False,3,0,0,True,0,False
d898dd960,,1083,167,7,False,False,False,27,7,1,True,0,False
d8f238e60,,850,186,17,True,False,False,43,7,1,True,1,False
d8bd4baf4,,1015,173,11,True,False,False,28,6,1,True,0,False
d898ef05c,,1850,369,20,True,False,False,96,8,1,True,0,False
d8726490a,,988,148,4,False,False,False,8,2,1,True,0,False
d89e289a6,,5624,863,35,True,False,False,67,13,1,True,23,False
d873106c4,,2157,314,13,False,False,False,31,10,1,True,0,False
d89678440,,4205,816,41,True,False,False,137,25,1,True,31,False
d8204fe08,,1100,157,7,False,False,False,5,3,1,True,0,True
d8247e06a,,1109,169,8,False,False,False,17,7,1,True,0,True
d8d4c53e2,,2950,500,20,True,False,False,32,10,2,True,4,False
d8eca4eb8,,1544,260,16,True,False,False,35,6,1,True,0,False
d8e3a8ec2,,2255,343,19,True,False,False,39,7,1,True,3,False
d88e376f0,,1129,188,11,True,False,False,23,5,1,True,0,False
d8a08687e,,3622,547,24,False,False,False,25,5,1,True,9,False
d87eff296,,5754,814,31,False,False,False,30,6,1,True,5,False
d882a7074,,652,91,3,False,False,False,9,5,1,True,0,False
d8204fe4e,,921,137,4,False,False,False,0,0,0,False,0,True
d82267a42,,10815,1821,99,True,False,False,285,36,2,True,0,True
d8a255e02,,2070,397,21,True,False,False,61,5,1,True,0,False
d8eedf75a,,586,108,11,True,False,False,21,7,1,True,0,False
d862005a0,,5136,863,38,True,False,False,114,37,1,True,0,False
d83b9f62c,,2311,356,13,False,False,False,27,11,1,True,0,True
d88e6bf36,,3274,553,32,True,False,False,69,7,1,True,4,False
d8c9e1d86,,3642,561,26,False,False,False,26,6,1,True,0,False
d8bfcceea,,5469,836,35,True,False,False,44,1,1,True,0,False
d8ee058c0,,3869,601,31,True,False,False,88,24,1,True,0,False
d8a5c0006,,5437,823,34,True,False,False,40,2,1,True,0,False
d8bf4ef18,,899,135,5,False,False,False,2,1,1,False,0,False
d86978f76,,855,116,4,False,False,False,7,1,1,True,0,False
d89d96c2c,,508,86,3,False,False,False,19,6,1,True,2,False
d81b7d574,,629,112,7,True,False,False,24,5,1,True,0,False
d8c2f11ca,,78,11,2,False,False,False,1,1,1,False,0,False
d8a3913c0,,3576,600,26,True,False,False,95,32,1,True,0,False
d8a35567c,,3526,550,17,False,False,False,51,19,1,True,3,False
d87fae2dc,,110,17,1,False,False,False,0,0,0,False,0,False
d8c2797c4,,284,56,5,True,False,False,6,1,1,True,0,False
d8d3a9b98,,142,19,1,False,False,False,2,1,1,False,0,False
d89a14dc4,,2122,339,8,False,False,False,31,7,1,True,7,False
d87f5ca86,,1135,173,8,False,False,False,16,5,1,True,0,False
d8b6dd99c,,3142,486,17,True,False,False,43,19,1,True,5,False
d8d698976,,903,153,8,True,False,False,13,6,1,False,6,False
d85f36054,,4030,627,19,False,False,False,54,26,1,True,0,False
d8f304088,,3526,563,30,True,False,False,99,29,1,True,7,False
d8b8f3740,,2868,449,27,True,False,False,31,7,1,True,3,False
d871ce338,,522,84,3,False,False,False,13,6,1,True,0,False
d895f0f40,,3239,637,35,True,False,False,98,14,1,True,2,False
d8dfa178e,,2975,507,24,True,False,False,45,10,1,True,0,False
d8acffa4c,,2685,409,16,False,False,False,68,29,1,True,5,False
d8e41ad2e,,3875,621,30,True,False,False,73,25,1,True,3,False
d8800fbc2,,1065,166,9,True,False,False,22,3,1,True,1,False
d8698915a,,3886,715,31,True,False,False,102,4,1,True,1,False
d84dc5fc2,,3734,605,31,True,False,False,110,12,1,True,0,True
d86e9b7ec,,912,199,12,True,False,False,68,1,1,True,0,False
d86ed2bb6,,1363,236,8,False,False,False,37,8,1,True,4,False
d862490ca,,2738,454,15,False,False,False,58,23,1,True,10,False
d863d9868,,3069,470,23,True,False,False,83,4,1,True,0,False
d87085ecc,,562,91,5,True,False,False,13,4,1,True,0,False
d880f0f64,,372,58,2,False,False,False,4,3,1,False,0,False
d8d89b192,,7064,1104,57,True,False,False,75,9,1,True,0,False
d86d78cd4,,952,127,6,False,False,False,5,0,0,False,0,False
d8c2f0f9a,,732,113,5,False,False,False,6,2,1,False,4,False
d888eaa6c,,1665,309,18,True,False,True,46,14,1,True,0,False
d8dc58b2c,,2607,453,20,True,False,False,81,16,1,True,4,False
d817f6414,,316,58,4,True,False,False,6,0,0,True,0,True
d892b0790,,4354,674,38,True,False,False,44,9,1,True,0,False
d8a149ac2,,1686,297,20,True,False,False,29,4,1,False,4,False
d81d75c5a,,12718,2274,125,True,False,False,379,46,2,True,84,True
d82223978,,1083,180,5,False,False,False,23,6,2,False,1,True
d8779f08c,,2638,443,30,True,False,False,115,15,1,True,0,False
d88ffb70c,,1020,161,5,False,False,False,16,9,1,True,0,False
d8e202550,,3612,584,29,True,False,False,44,15,1,True,16,False
d889b204e,,2055,313,6,False,False,False,9,2,1,True,5,False
d8152111c,,1538,272,13,True,False,False,58,7,1,True,0,True
d8eaab99a,,1240,189,6,False,False,False,10,6,1,True,0,False
d8d498414,,562,94,8,True,False,False,23,3,1,True,0,False
d88362dba,,2951,451,22,True,False,False,16,2,1,True,0,False
d89c4f616,,1851,310,14,False,False,False,26,2,1,False,21,False
d88fd8dec,,3868,709,32,True,False,False,154,5,1,True,10,False
d82384ec0,,3144,479,17,False,False,False,35,11,1,True,1,True
d8b3269ac,,635,95,3,False,False,False,4,1,1,True,0,False
d8ec20596,,5222,765,34,True,False,False,87,26,1,True,0,False
d8ecca05a,,2524,424,22,True,False,False,85,16,1,True,5,False
d88d0bb0a,,2309,397,23,True,False,False,54,19,1,True,0,False
d8ef60ae4,,1114,173,10,False,False,False,13,5,1,True,0,False
d869bce88,,546,79,3,False,False,False,10,4,1,True,0,False
d8972a636,,943,144,7,False,False,False,3,1,1,False,0,False
d87b9bb90,,3434,544,21,False,False,False,9,3,1,False,0,False
d828a5abc,,3017,458,17,False,False,False,26,6,1,True,1,True
d8dca46da,,10187,1540,65,True,False,False,73,15,1,True,0,False
d8b0a1e48,,4073,645,29,True,False,False,81,16,1,True,2,False
d8ad65806,,2192,333,12,False,False,False,24,14,1,True,2,False
d8b15bea6,,2925,589,36,True,False,False,59,1,1,True,0,False
d8cd34790,,2910,412,17,False,False,False,7,2,1,False,0,False
d87af0722,,3841,600,29,True,False,False,38,12,1,True,5,False
d8dcbef94,,225,36,2,False,False,False,1,1,1,False,0,False
d8c8690d0,,1159,216,10,True,False,False,41,11,1,True,0,False
d8dc6d81a,,4160,729,48,True,False,False,78,34,1,True,0,False
d8a5109b2,,3979,622,42,True,False,False,48,6,1,True,0,False
d8bff24ce,,688,121,13,True,False,False,23,8,1,True,0,False
d8c58c312,,2638,452,28,True,False,False,134,12,1,True,2,False
d85ed2798,,677,108,5,False,False,False,12,4,1,True,0,False
d8b39b176,,2154,398,29,True,False,False,54,2,1,True,0,False
d8786d022,,2113,366,17,True,False,False,39,8,1,True,0,False
d86aa3e3c,,1446,290,13,True,False,False,119,11,1,True,22,False
d811aaf06,,14432,2373,122,True,False,False,297,37,1,True,0,False
d872e40b0,,697,108,6,False,False,False,3,0,0,False,0,False
d8664f778,,2194,400,19,True,False,False,106,19,1,True,14,False
d8a65c65e,,2266,385,20,True,False,False,53,16,1,True,15,False
d8a4a42d0,,4297,658,22,False,False,False,74,30,1,True,3,False
d8cccba38,,5796,931,41,True,False,False,153,23,2,True,1,False
d877e0b04,,2418,386,25,True,False,False,49,8,1,True,0,False
d827158d2,,3320,551,29,True,False,False,100,12,2,True,3,True
d8adec306,,2145,337,12,False,False,False,30,11,1,True,1,False
d818fa7ca,,3184,524,28,True,False,False,90,18,1,True,0,True
d8c0ad120,,8370,1550,84,True,False,False,241,24,1,True,8,False
d890ea6ea,,6645,1035,51,True,False,False,104,34,1,True,0,False
d8aefb508,,2470,390,17,True,False,False,34,7,1,True,0,False
d86abb316,,5099,959,53,True,False,False,174,15,1,True,8,False
d863aba62,,1800,364,31,True,False,True,93,9,1,True,0,False
d8afd3a34,,250,49,6,True,False,False,15,2,1,True,0,False
d82200d06,,5251,902,53,True,False,False,170,15,1,True,3,False
d88f8774e,,3664,549,25,False,False,False,11,3,1,True,0,False
d811c3808,,9188,1708,94,True,False,False,415,32,2,True,38,True
d8e06a080,,1932,390,22,True,False,False,117,2,1,True,1,False
d812de468,,1742,280,11,False,False,False,27,17,1,True,0,True
d896ad42e,,2067,362,16,True,False,False,85,10,1,True,4,False
d8606f2cc,,1648,376,36,True,False,False,93,4,1,True,10,False
d85e00216,,3287,716,33,True,False,False,170,13,1,True,4,False
d87303a32,,5180,814,35,True,False,False,87,25,1,True,2,False
d8e78617a,,934,147,5,False,False,False,4,2,1,False,0,False
d8e586686,,3362,603,30,True,False,False,133,29,1,True,20,False
d8aa3ae10,,3447,498,20,False,False,False,0,0,0,False,0,False
d8a0bcdb6,,4665,929,54,True,False,False,328,25,1,True,0,False
d816359f4,,730,113,4,False,False,False,14,6,1,True,0,True
d8ae623b2,,2397,403,15,True,False,False,61,16,1,True,13,False
d81b4890a,,1660,315,16,True,False,False,65,4,1,True,1,False
d89498c6a,,4765,788,48,True,False,False,124,26,1,True,7,False
d87c97daa,,1140,229,18,True,False,False,54,6,1,True,0,False
d877721b8,,7115,1093,54,True,False,False,79,11,1,True,0,False
d8777edb4,,7211,1172,43,True,False,False,121,42,2,True,27,False
d8126cfd4,,1347,216,9,False,False,False,8,2,1,True,0,True
d8a28fac6,,2287,330,12,False,False,False,1,0,0,False,0,False
d8cc02a98,,1203,316,22,True,False,False,98,5,1,True,0,False
d86c1ef50,,2180,331,11,False,False,False,18,6,1,True,2,False
d89e8cf46,,3662,634,32,True,False,False,37,7,1,True,0,False
d811dc222,,5301,816,44,True,False,False,67,6,1,True,18,True
d8d3625ea,,3289,534,24,True,False,False,40,6,1,True,0,False
d8c58c2b8,,1138,245,18,True,False,False,125,5,1,True,0,False
d8cc44b82,,5230,827,44,True,False,False,112,8,1,True,0,False
d8ae71060,,1072,151,5,False,False,False,12,4,1,False,0,False
d867e9ad4,,356,47,1,False,False,False,10,6,1,True,0,False
d8c23f970,,4277,639,19,False,False,False,36,12,1,True,5,False
d863f4f6e,,430,82,5,True,False,False,17,1,1,True,12,False
d88e1c616,,1783,265,10,False,False,False,9,5,1,False,0,False
d85da43b2,,4482,940,62,True,False,False,264,17,1,True,13,False
d8c8497a8,,5209,799,34,True,False,False,74,22,1,True,5,False
d86edfe6a,,2976,434,20,False,False,False,12,2,1,False,1,False
d8ab690b6,,751,111,4,False,False,False,0,0,0,False,0,False
d89cb9a3e,,930,163,8,True,False,False,20,7,1,True,0,False
d81143aae,,3083,464,20,False,False,False,24,10,1,True,1,True
d8f8055aa,,3724,613,28,True,False,False,59,20,1,True,0,False
d86f2adde,,3060,465,18,False,False,False,6,3,1,False,1,False
d861be29a,,3842,663,38,True,False,False,52,2,1,True,2,False
d8afbdcca,,1466,214,9,False,False,False,4,2,1,False,1,False
d8f45901e,,3410,513,22,False,False,False,47,17,1,True,0,False
d8a5e5a0e,,2944,541,25,True,False,False,108,8,1,True,0,False
d81b7d68c,,812,118,4,False,False,False,2,1,1,False,0,False
d87bac562,,2011,327,16,True,False,False,36,6,1,True,0,False
d8d4e1722,,3336,509,25,True,False,False,63,21,1,True,0,False
d820b0dc0,,4608,919,47,True,False,False,198,4,1,True,0,False
d8b388544,,1931,268,9,False,False,False,2,2,1,False,0,False
d86cd29ec,,145,22,1,False,False,False,0,0,0,False,0,False
d8e533d1e,,933,146,5,False,False,False,9,2,1,True,1,False
d8add2bb8,,3350,559,28,True,False,False,102,21,1,True,1,False
d8af8aa5a,,1765,338,17,True,False,False,98,9,1,True,4,False
d87b4ddc8,,2397,407,17,True,False,False,50,10,1,True,0,False
d8c38ee5c,,11488,1780,81,True,False,False,98,15,1,True,11,False
d82441bf6,,243,35,4,False,False,False,5,1,1,True,0,True
d89cb9c64,,1610,267,17,True,False,False,18,3,1,True,0,False
d8a73f03a,,894,141,11,True,False,False,33,7,1,True,0,False
d8bb24a32,,2155,354,13,True,False,False,29,9,1,True,0,False
d8a3e1b9a,,1745,281,9,False,False,False,7,3,1,True,1,False
d8f62a17c,,3631,890,56,True,False,False,251,7,1,True,1,False
d8f86df24,,2989,555,23,True,False,False,86,14,1,True,15,False
d8be2ad26,,5470,918,41,True,False,False,117,12,1,True,0,False
d8671f496,,2300,399,21,True,False,False,55,14,1,True,0,False
d8b642df2,,723,104,5,False,False,False,0,0,0,False,0,False
d8d4156f4,,4185,660,29,True,False,False,50,9,1,True,6,False
d8eaaba76,,544,82,3,False,False,False,1,1,1,False,0,False
d86bb7238,,3863,630,30,True,False,False,81,5,1,True,0,False
d8e42d0aa,,3982,642,31,True,False,False,42,26,1,True,0,False
d816dc7f4,,8102,1314,72,True,False,False,121,23,1,True,1,True
d8b20349e,,2336,321,13,False,False,False,0,0,0,False,0,False
d8c9b07cc,,628,91,3,False,False,False,1,0,0,False,0,False
d8e73f1b2,,2677,546,26,True,False,False,92,12,1,True,3,False
d862d1c90,,5700,983,37,True,False,False,181,44,1,True,29,False
d8c791310,,2721,433,21,True,False,False,39,7,1,True,5,False
d8ae06058,,1490,232,13,False,False,False,24,14,1,True,0,False
d885113e6,,5143,823,31,True,False,False,75,10,1,True,0,False
d87aa3756,,2283,359,21,True,False,False,37,9,1,True,18,False
d8a89eb4c,,3007,505,26,True,False,False,87,21,1,True,18,False
d878098f6,,1185,191,6,False,False,False,11,5,1,True,1,False
d8bd97346,,759,113,4,False,False,False,11,5,1,True,0,False
d88ee0b24,,1524,343,26,True,False,False,161,2,1,True,0,False
d89151cb4,,984,251,12,True,False,False,79,9,1,True,0,False
d8d720646,,5316,765,30,True,False,False,36,16,1,True,0,False
d8738a1d6,,1512,234,7,False,False,False,17,6,1,True,4,False
d8b546aac,,6188,932,38,False,False,False,17,9,2,True,0,False
d8c2d5ea2,,1823,287,12,False,False,False,15,9,1,True,0,False
d89c1cb9e,,794,157,10,True,False,False,44,8,1,True,0,False
d8ca47da2,,1510,239,15,True,False,False,38,3,1,True,5,False
d875b8e80,,3688,587,23,True,False,False,26,6,1,True,0,False
d8a24280c,,3919,733,34,True,False,False,312,17,1,True,0,False
d8e0fbf9e,,8199,1308,60,True,False,False,79,29,1,True,11,False
d8e0598d4,,6831,1182,77,True,False,False,186,21,1,True,0,False
d8d14643c,,1429,218,12,True,False,False,13,4,1,True,3,False
d81cd672c,,1056,224,26,True,False,False,46,4,1,True,8,False
d8cb74608,,2545,376,16,False,False,False,25,9,1,True,2,False
d88a37bd6,,8545,1354,48,True,False,False,126,4,1,True,1,False
d8f38c398,,3904,609,31,True,False,False,50,14,1,True,0,False
d8af8a85c,,1547,244,12,False,False,False,38,14,1,True,0,False
d8dacbf3e,,13363,2256,116,True,False,False,393,71,1,True,7,False
d8ca0ff9c,,2814,437,18,False,False,False,47,15,1,True,1,False
d8aff5152,,1274,208,9,False,False,False,16,1,1,False,0,False
d880b06f8,,2199,336,15,True,False,False,38,6,1,True,0,False
d8ae985de,,1605,236,10,False,False,False,6,2,1,False,0,False
d8c043a04,,3550,569,27,True,False,False,78,5,1,True,1,False
d8882d3ae,,1615,280,18,True,False,False,29,4,1,True,2,False
d88f70ddc,,3570,629,34,True,False,False,83,5,1,False,4,False
d813cd1d0,,1442,222,10,False,False,False,18,6,1,False,1,True
d86e5817c,,1108,240,17,True,False,False,85,7,1,True,3,False
d8827af24,,7401,1141,51,True,False,False,112,39,1,True,2,False
d8d8c155e,,2617,407,22,True,False,False,51,10,1,True,0,False
d87c0c0e8,,4181,724,41,True,False,False,157,29,1,True,16,False
d8a27a662,,3108,459,22,False,False,False,14,4,1,True,0,False
d8ad23a3c,,5236,820,30,True,False,False,79,24,1,True,3,False
d8120e420,,3975,752,41,True,False,False,188,14,1,True,34,True
d8a91a044,,5348,940,51,True,False,False,218,12,1,True,46,False
d8c4c9b32,,1230,240,20,True,False,False,75,4,1,True,0,False
d8f0a73bc,,1616,264,14,True,False,False,30,7,1,True,0,False
d8b0de38e,,2495,378,14,False,False,False,36,11,1,True,0,False
d8df3f872,,8564,1444,51,True,False,False,132,9,1,True,9,False
d8ea7c33e,,1679,262,10,False,False,False,11,7,1,False,0,False
d8779f384,,4552,741,38,True,False,False,62,11,1,True,0,False
d897e440a,,913,213,10,True,False,False,78,5,1,True,10,False
d8184fece,,5649,879,37,True,False,False,55,16,1,True,12,True
d8f444b64,,3425,536,18,False,False,False,51,15,1,True,1,False
d8b66f56e,,2577,418,18,True,False,False,47,11,1,True,8,False
d880d3df6,,2688,436,23,True,False,False,56,8,1,True,11,False
d8dcbef1c,,2465,358,16,False,False,False,4,2,1,False,0,False
d8f2c1864,,1562,353,24,True,False,False,119,2,1,True,0,False
d89e775b0,,6284,930,34,True,False,False,63,15,1,True,2,False
d81a10312,,2035,334,22,True,False,False,45,8,1,True,1,False
d8a3edbd4,,5057,874,38,True,False,False,124,14,1,True,9,False
d892970e2,,14035,2344,118,True,False,False,334,28,2,True,8,False
d824b7d7e,,2144,327,17,False,False,False,31,10,1,True,6,True
d8a312714,,3627,616,40,True,False,False,97,10,1,True,0,False
d890382f6,,4710,726,39,True,False,False,39,12,1,True,1,False
d813cd3f6,,2322,376,15,False,False,False,27,13,1,True,0,True
d8cd2165e,,1231,168,8,False,False,False,1,0,0,False,0,False
d88dacb22,,695,109,4,False,False,False,21,8,1,True,0,False
d86481a0e,,1753,332,22,True,False,False,40,1,1,True,4,False
d85eaad88,,1522,243,9,False,False,False,14,2,1,True,5,False
d8834ee14,,3369,611,29,True,False,False,110,16,1,True,0,False
d892da716,,2881,424,21,True,False,False,14,1,1,True,0,False
d8c07e172,,953,158,7,False,False,False,12,3,1,False,1,False
d873214a6,,2402,433,25,True,False,False,118,15,1,True,1,False
d8dc3a0be,,2252,357,12,False,False,False,11,4,1,False,0,False
d8b1ac91e,,4877,721,30,True,False,False,39,4,1,True,1,False
d8ab1a0c4,,3191,514,24,True,False,False,46,3,1,True,0,False
d86edfdca,,931,161,12,True,False,False,22,6,1,False,6,False
d8c8130e0,,364,69,7,True,False,False,12,2,1,True,0,False
d897d0874,,5555,842,31,True,False,False,76,25,1,True,4,False
d881b3456,,3167,539,36,True,False,False,155,6,1,True,0,False
d87d4183c,,4366,633,27,False,False,False,56,18,1,True,0,False
d8e4da872,,2384,349,12,False,False,False,8,2,1,False,0,False
d87b64398,,3969,584,22,False,False,False,36,13,1,True,3,False
d8d34d924,,3281,520,23,True,False,False,102,6,1,True,0,False
d88dac9a6,,3761,581,24,False,False,False,37,15,1,True,0,False
d8e075dea,,734,113,5,False,False,False,18,3,1,False,0,False
d8d8f5e1c,,4045,603,34,True,False,False,58,12,1,True,0,False
d81114614,,291,44,3,False,False,False,0,0,0,False,0,False
d8f63aaae,,5118,883,41,True,False,False,112,31,1,True,0,False
d8b8f3678,,191,33,2,False,False,False,6,3,1,False,0,False
d865bf06a,,570,103,11,True,False,False,30,4,1,True,2,False
d874fa07a,,1326,247,17,True,False,False,40,3,1,True,12,False
d87264a04,,791,130,3,False,False,False,27,6,1,True,0,False
d812ed6a2,,1178,184,8,False,False,False,44,14,1,True,0,True
d8ee84030,,2224,345,12,False,False,False,8,5,1,False,0,False
d88c6ede6,,1278,254,19,True,False,False,127,8,1,True,0,False
d8967838c,,363,48,2,False,False,False,2,0,0,False,0,False
d8dd8d646,,1631,268,18,True,False,False,34,8,1,True,1,False
d8616f622,,3329,534,24,True,False,False,102,15,1,True,2,False
d86b5f1b4,,5041,823,43,True,False,False,80,16,1,True,0,False
d8bcb8470,,4211,662,32,True,False,False,67,9,1,True,11,False
d8a1209b0,,2004,310,11,False,False,False,7,4,1,False,0,False
d8ad8a444,,4010,599,22,False,False,False,42,14,1,True,0,False
d8d2a59f4,,2061,390,26,True,False,False,104,6,1,True,3,False
d85777430,,1221,203,11,True,False,False,8,2,1,True,0,True
d8ef7037c,,1216,185,8,False,False,False,9,4,1,False,0,False
d89d0b000,,4052,610,31,True,False,False,67,9,1,True,0,False
d8924d514,,1135,169,6,False,False,False,17,9,1,True,0,False
d8d29572a,,422,68,3,False,False,False,4,0,0,True,0,False
d861f4336,,1015,163,9,True,False,False,16,3,1,True,0,False
d8d2b2df2,,753,159,10,True,False,False,24,2,1,True,0,False
d8bcb8358,,3018,481,21,True,False,False,36,9,1,True,15,False
d8754921a,,2056,352,14,True,False,False,25,6,1,False,1,False
d81143a4a,,437,69,2,False,False,False,6,4,1,False,2,True
d89d22bc4,,3973,618,25,False,False,False,29,8,1,True,4,False
d87964e6c,,3375,598,33,True,False,False,98,10,1,True,8,False
d89337b3c,,769,131,5,False,False,False,19,8,1,True,4,False
d8942088c,,656,99,5,False,False,False,3,1,1,False,0,False
d8b4e95e6,,5023,783,33,True,False,False,46,14,1,True,0,False
d8cb9c07c,,3054,460,16,False,False,False,24,8,1,False,3,False
d819070a6,,2373,361,21,True,False,False,62,5,1,True,4,True
d816dc6dc,,2902,515,17,True,False,False,115,18,1,True,4,True
d8c1091b4,,4804,898,53,True,False,False,120,11,1,True,0,False
d8b6a5556,,4523,703,30,True,False,False,59,19,1,True,9,False
d834c5022,,546,98,11,True,False,False,19,8,1,True,0,True
d8779f2d0,,3064,472,17,False,False,False,19,5,1,True,0,False
d8bd86dfc,,1993,363,22,True,False,False,72,15,1,True,8,False
d811e944a,,9555,1447,62,True,False,False,120,34,2,True,3,True
d8115b2c6,,3764,598,18,True,False,False,50,12,1,True,1,True
d86826402,,3851,696,40,True,False,True,82,2,1,True,9,False
d8bb24906,,757,121,5,False,False,False,10,2,1,True,0,False
d8abd3150,,3197,683,38,True,False,False,131,12,1,True,12,False
d89c6bb40,,3932,823,43,True,False,False,277,7,1,True,19,False
d8f3a71d4,,3360,566,26,True,False,False,76,33,1,True,19,False
d8799ab52,,1184,222,12,True,False,False,67,15,1,True,0,False
d8f80573a,,2050,342,19,True,False,False,23,3,1,False,18,False
d8cc50b30,,9000,1440,61,True,False,False,134,36,1,True,3,False
d8c0438f6,,4214,679,28,True,False,False,36,8,1,True,0,False
d89ec4a72,,214,26,1,False,False,False,4,1,1,False,0,False
d88e61e14,,3814,585,27,True,False,False,28,6,1,True,0,False
d8c182dac,,3599,541,23,False,False,False,35,12,1,True,1,False
d87851cbe,,1138,160,6,False,False,False,5,2,1,False,1,False
d8c81323e,,8986,1417,55,True,False,False,66,11,1,True,7,False
d8f838a86,,3011,502,27,True,False,False,8,4,1,False,0,False
d87f3c3bc,,336,53,2,False,False,False,8,2,1,True,0,False
d8a9f8772,,7143,1359,62,True,False,False,367,4,2,True,8,False
d88dbe52a,,3164,584,38,True,False,False,186,12,1,True,0,False
d82441c8c,,1291,182,11,False,False,False,2,0,0,False,1,True
d822351e6,,512,84,4,False,False,False,0,0,0,False,0,False
d8dc0635e,,2549,407,12,False,False,False,28,15,1,True,4,False
d8a43f68c,,6067,1224,67,True,False,False,253,9,1,True,0,False
d815dda4c,,1280,177,8,False,False,False,7,1,1,True,0,True
d8e0fbe5e,,8994,1580,59,True,False,False,246,35,1,True,9,False
d872995f6,,3152,534,29,True,False,False,57,7,1,True,12,False
d8a0d6e78,,4229,772,38,True,False,False,149,18,1,True,12,False
d8c66fe96,,3187,484,21,True,False,False,55,22,1,True,7,False
d8e541c66,,7643,1197,61,True,False,False,137,31,1,True,0,False
d8ce2f3a2,,4260,702,30,True,False,False,85,35,1,True,0,False
d8d46fd7a,,3408,543,23,True,False,False,40,20,1,True,0,False
d8bba35c6,,3409,533,30,True,False,False,39,6,1,True,0,False
d813ebcd4,,3276,521,22,False,False,False,32,26,1,True,0,False
d8e6d7d32,,1671,254,9,False,False,False,22,3,1,True,0,False
d89393072,,5157,938,52,True,False,False,214,10,1,True,1,False
d8738a3b6,,487,79,3,False,False,False,6,2,1,True,2,False
d87419796,,282,56,5,True,False,False,14,4,1,True,0,False
d862f094c,,1342,257,12,True,False,False,85,2,1,True,0,False
d89ff7b38,,6877,1113,35,True,False,False,144,20,1,True,7,False
d8dc7b00a,,12742,2085,102,True,False,False,269,63,1,True,1,False
d879401ca,,1049,194,11,True,False,False,51,9,1,True,0,False
d875671b6,,3371,542,22,True,False,False,41,17,1,True,0,False
d886d0b82,,4424,823,36,True,False,False,130,20,1,True,7,False
d8a58d084,,4217,642,26,True,False,False,76,20,1,True,0,False
d8efba35a,,1716,309,18,True,False,False,112,10,1,True,0,False
d889959ee,,5507,965,38,True,False,False,115,21,1,True,9,False
d8445e632,,1913,345,20,True,False,False,33,8,1,False,0,True
d880b05ea,,3520,601,31,True,False,False,89,4,1,True,0,False
d87bfcb66,,5238,861,40,True,False,False,96,5,1,True,0,False
d8d7681ee,,2851,448,20,True,False,False,37,6,1,True,4,False
d8745aca0,,1927,287,12,False,False,False,20,6,1,True,0,False
d86e9b68e,,3318,500,19,False,False,False,11,5,1,True,0,False
d874ac604,,734,118,4,False,False,False,9,2,1,False,0,False
d8aeb4716,,1650,286,15,True,False,False,50,19,1,True,0,False
d881638e8,,2153,328,13,True,False,False,51,9,1,True,0,False
d88f7b976,,4769,761,31,True,False,False,62,12,1,True,3,False
d8c259118,,7960,1318,62,True,False,False,126,19,1,True,2,False
d8c0cb0da,,3286,531,14,False,False,False,37,10,1,False,1,False
d8ae62312,,1404,324,24,True,False,False,136,5,1,True,0,False
d878b7dfc,,1046,194,11,True,False,False,50,9,1,True,0,False
d8cf63fc0,,6532,1075,46,True,False,False,175,31,1,True,5,False
d8c95a692,,2704,473,20,True,False,False,39,17,1,True,7,False
d8e61311c,,7174,1129,47,True,False,False,104,23,1,True,0,False
d871e165e,,2259,415,26,True,False,False,74,20,1,True,15,False
d89ec4982,,321,47,3,False,False,False,8,2,1,False,0,False
d891f8424,,1308,227,12,True,False,False,38,13,1,True,3,False
d8acc07fc,,4440,658,29,True,False,False,23,6,1,False,12,False
d8d5af488,,3662,589,25,True,False,False,60,11,1,True,0,False
d8b1f133e,,2117,345,16,True,False,False,27,5,1,True,4,False
d8c6f3f8e,,702,115,7,True,False,False,18,6,1,True,6,False
d86e3821e,,3634,570,29,True,False,False,66,17,1,True,7,False
d8f8bc796,,6394,978,37,True,False,False,36,3,1,True,1,False
d8e88e9f0,,3099,485,24,False,False,False,29,11,1,True,0,False
d88fb4e10,,5993,1146,75,True,False,False,318,14,1,True,10,False
d88cf8d52,,3637,562,28,True,False,False,66,32,1,True,3,False
d880f1176,,895,177,10,True,False,False,41,6,1,True,0,False
d8e350d26,,752,131,6,False,False,False,11,5,1,False,0,False
d8c975b18,,1934,318,18,True,False,False,27,17,1,True,0,False
d88a71016,,3421,524,13,False,False,False,25,5,1,False,0,False
d8dbe5802,,474,79,4,False,False,False,16,8,1,True,0,False
d81f2e6b4,,2946,442,13,False,False,False,5,0,0,False,0,True
d8b326af6,,424,65,3,False,False,False,1,0,0,False,0,False
d8c3051d4,,1218,196,15,True,False,False,26,6,1,True,0,False
d87e0e8aa,,6664,1109,53,True,False,False,98,52,1,True,0,False
d885f411e,,2743,480,23,True,False,False,69,9,1,True,5,False
d8f458fc4,,6289,1023,42,True,False,False,175,34,1,True,0,False
d888b5a42,,395,76,7,True,False,False,14,3,1,True,0,False
d88eb2ad0,,797,123,7,False,False,False,17,4,1,True,3,False
d885d2f82,,3377,520,22,False,False,False,73,20,2,True,2,False
d88d9aa8a,,2053,342,17,True,False,False,62,10,1,True,0,False
d8d1462de,,2155,343,18,True,False,False,82,13,1,True,0,False
d8f7cdef2,,4682,711,54,True,False,False,64,5,1,True,0,False
d8b4b05e8,,8387,1325,61,True,False,False,113,19,1,True,3,False
d8eaabab2,,707,99,3,False,False,False,1,1,1,False,0,False
d87882954,,3958,695,29,True,False,False,112,9,1,True,8,False
d81922ae0,,2767,462,24,True,False,False,58,10,1,True,0,True
d8bd86ce4,,2243,386,21,True,False,False,25,0,0,False,0,False
d8b0de3de,,1013,156,6,False,False,False,6,6,1,False,0,False
d825e6b32,,6112,945,35,True,False,False,96,30,1,True,0,True
d89aed354,,5103,766,33,True,False,False,100,29,1,True,6,False
d8e8fa006,,5358,888,35,True,False,False,72,19,2,True,1,False
d865bf02e,,1022,163,9,False,False,False,16,6,1,True,0,False
d8d5ff050,,3517,549,31,True,False,False,109,3,1,True,0,False
d861be182,,483,78,2,False,False,False,10,2,1,True,1,False
d8c93dc9a,,3502,558,32,True,False,False,28,6,1,True,0,False
d884f264e,,805,168,11,True,False,False,33,6,1,True,0,False
d8c6c17b4,,1100,168,9,False,False,False,2,1,1,False,0,False
d8a266e8c,,1437,228,10,False,False,False,19,8,1,False,0,False
d863ab88c,,1676,298,15,True,False,False,69,5,1,True,0,False
d8f1dae78,,4011,661,27,True,False,False,84,37,1,True,32,False
d81f93492,,3536,552,39,True,False,False,79,12,1,True,1,True
d89d0b0dc,,1350,202,11,False,False,False,6,1,1,False,2,False
d8c37cd92,,630,140,10,True,False,False,28,1,1,True,0,False
d880433a0,,1294,215,12,True,False,False,34,10,1,True,0,False
d82c60742,,3938,580,23,False,False,False,46,10,1,True,13,False
d8a49a168,,5112,781,33,True,False,False,126,19,1,True,15,False
d883874b2,,3249,738,43,True,False,False,323,10,1,True,10,False
d88212b5e,,3015,481,20,True,False,False,61,13,1,True,10,False
d81907196,,4102,701,34,True,False,False,97,14,1,True,0,True
d88552300,,6115,1044,50,True,False,False,235,23,1,True,28,False
d88a37aaa,,4130,640,25,True,False,False,87,16,1,True,0,False
d8c3580c8,,2369,381,20,True,False,False,114,10,1,True,0,False
d870a7824,,5185,858,33,True,False,False,76,13,1,True,0,False
d8b96318a,,10061,1637,85,True,False,False,111,15,1,True,40,False
d88ac73bc,,2952,450,23,True,False,False,38,2,1,True,0,False
d8ca1cce2,,4928,768,31,True,False,False,94,16,1,True,5,False
d8a7a804e,,1268,267,29,True,False,False,48,2,1,True,0,False
d8ac21a58,,2311,372,18,True,False,False,62,15,1,True,1,False
d88d0bb64,,1867,391,23,True,False,False,115,6,1,True,2,False
d8cc919be,,2233,413,25,True,False,False,149,6,1,True,0,False
d867e9b56,,663,107,5,False,False,False,0,0,0,False,0,False
d8f5a2240,,3151,476,23,False,False,False,53,23,1,True,4,False
d867d8cfc,,4123,616,27,False,False,False,45,14,1,True,5,False
d864c9296,,4767,847,41,True,False,False,187,17,1,True,19,False
d8865da42,,303,65,8,True,False,False,18,8,1,True,0,False
d88791be8,,2350,380,17,False,False,False,52,24,2,True,0,False
d88387340,,3050,458,28,True,False,False,46,5,1,True,0,False
d886121d2,,5241,1094,60,True,False,False,281,16,1,True,39,False
d815dda9c,,1271,221,14,True,False,False,21,7,1,True,0,True
d8b2fbc52,,986,146,5,False,False,False,14,6,1,True,0,False
d8e0d9534,,3587,561,24,False,False,False,41,16,1,True,1,False
d8c882346,,1440,238,16,True,False,False,34,9,1,True,0,False
d865d59c8,,3586,550,27,True,False,False,49,8,1,True,0,False
d81decc1a,,3292,607,33,True,False,False,214,6,1,True,58,True
d8779f424,,3843,727,30,True,False,False,181,24,1,True,2,False
d8dfd4f80,,1205,192,9,False,False,False,18,10,1,True,0,False
d885b63be,,2043,338,14,True,False,False,45,24,1,True,2,False
d870d5e22,,1531,265,20,True,False,False,67,8,1,True,0,False
d8817e260,,4121,658,37,True,False,False,61,10,1,True,0,False
d8c2afa22,,1427,222,9,False,False,False,24,14,1,True,6,False
d891c7004,,1074,210,17,True,False,False,47,8,1,True,0,False
d828efc02,,2383,390,12,False,False,False,29,10,2,True,0,True
d8140c2d6,,2258,333,17,True,False,False,21,14,1,True,0,True
d85fddfde,,237,37,3,False,False,False,9,4,1,True,0,False
d8cac6abc,,8276,1342,73,True,False,False,141,27,2,True,20,False
d8bcdd900,,6239,1063,53,True,False,False,246,18,1,True,0,False
d8ac9fed0,,4384,688,24,True,False,False,86,5,1,True,4,False
d87516180,,1642,241,7,False,False,False,0,0,0,False,0,False
d8bb12af8,,3518,572,29,True,False,False,55,17,1,True,3,False
d81d1e608,,12076,1910,106,True,False,False,165,33,2,True,5,False
d8953246e,,683,115,9,True,False,False,18,6,1,True,0,False
d82d2c702,,2075,322,10,False,False,False,19,3,1,True,0,True
d8eed0890,,1148,170,7,False,False,False,1,0,0,False,0,False
d874df77a,,3364,531,24,True,False,False,40,10,1,True,0,False
d8711953c,,2154,386,19,True,False,False,53,1,1,True,0,False
d84d378f8,,3375,533,32,True,False,False,89,18,1,True,2,False
d8dd55796,,5939,928,35,True,False,False,187,24,1,True,0,False
d8d89b0f2,,1984,333,19,True,False,False,25,4,2,True,0,False
d8c37cdce,,700,154,10,True,False,False,30,3,1,True,0,False
d8ce65a6a,,4507,727,35,True,False,False,60,22,1,True,0,False
d89e54470,,598,84,6,False,False,False,0,0,0,False,0,False
d89b0986a,,4154,642,24,True,False,False,28,6,1,True,0,False
d8160f43e,,4963,770,32,True,False,False,39,13,1,True,14,False
d88f1e7b2,,2410,377,12,False,False,False,27,4,1,True,1,False
d8da8a214,,6227,1013,49,True,False,False,120,41,2,True,14,False
d86315238,,1042,166,7,False,False,False,4,2,1,False,0,False
d8de5817a,,3507,567,25,True,False,False,60,16,1,True,6,False
d89a9cfc6,,3512,608,39,True,False,False,89,23,1,True,13,False
d86194634,,1832,293,17,False,False,False,9,1,1,False,0,False
d8110ac4a,,1146,259,15,True,False,False,47,6,1,False,0,False
d8b910638,,12800,2082,116,True,False,False,244,42,2,True,17,False
d8b97effc,,3537,539,25,True,False,False,30,15,1,True,0,False
d88100ca2,,3984,655,25,True,False,False,52,18,1,True,0,False
d8c88249a,,4002,905,52,True,False,False,176,4,1,True,0,False
d889ff006,,1408,219,9,False,False,False,27,11,1,True,0,False
d8dfe9930,,4144,663,34,True,False,False,131,9,1,True,0,False
d8acd37bc,,2236,370,16,True,False,True,69,9,1,True,0,False
d89913416,,3653,589,27,True,False,False,72,13,1,True,1,False
d8ea20ebc,,2281,360,16,True,False,False,68,18,1,True,0,False
d8f47a52a,,1806,279,13,True,False,False,44,6,1,True,0,False
d8b7c2f9c,,3446,740,30,True,False,False,256,10,1,True,0,False
d8f6c9e98,,2099,357,21,True,False,False,58,11,1,True,0,False
d874451ac,,3075,465,17,False,False,False,38,13,1,True,0,False
d8806fa2c,,3289,486,17,False,False,False,34,7,1,False,0,False
d8c981828,,3770,529,18,False,False,False,12,6,1,True,0,False
d88d47cc2,,2637,457,28,True,False,False,73,10,1,True,4,False
d8f44f76c,,2740,408,15,False,False,False,44,19,1,True,2,False
d8c783c42,,2470,464,21,True,False,False,134,16,1,True,24,False
d8ec685c6,,12730,2228,93,True,False,False,426,39,1,True,14,False
d8f8057b2,,2947,732,43,True,False,False,227,6,1,True,18,False
d86afc10e,,647,92,2,False,False,False,4,2,1,False,1,False
d8e75807c,,4697,738,31,True,False,False,125,43,1,True,18,False
d85fbdd2e,,1392,281,19,True,False,False,95,3,1,True,32,False
d889b1fae,,1088,151,6,False,False,False,5,2,1,False,0,False
d8883c23c,,6265,1062,52,True,False,False,110,23,2,True,40,False
d8a789270,,2011,346,10,False,False,False,30,15,1,True,0,False
d8ab978c6,,5528,1013,45,True,False,False,186,14,1,True,0,False
d87dc685c,,1866,307,15,True,False,False,25,8,1,True,0,False
d8ed43220,,814,126,6,False,False,False,5,2,1,False,0,False
d8b7d5002,,6784,1115,58,True,False,False,208,22,1,True,0,False
d8dce4f46,,1516,221,7,False,False,False,5,3,1,False,0,False
d8efed232,,578,84,6,False,False,False,7,3,1,True,0,False
d8afb073c,,307,65,8,True,False,False,13,2,1,True,0,False
d8b605434,,945,143,5,False,False,False,5,3,1,True,0,False
d8a65c51e,,3357,620,34,True,False,False,116,8,1,True,8,False
d8d930c4c,,180,27,1,False,False,False,0,0,0,False,0,False
d8ec82188,,344,78,11,True,False,False,15,6,1,True,0,False
d8d504a60,,1961,311,14,False,False,False,30,13,1,True,3,False
d88212b9a,,298,46,1,False,False,False,5,3,1,False,0,False
d8d34d834,,2750,373,13,False,False,False,0,0,0,False,0,False
d82080486,,2764,486,22,True,False,False,86,18,1,True,20,True
d881a7868,,1697,237,9,False,False,False,9,5,1,True,0,False
d89663d24,,3026,486,21,False,False,False,45,21,1,True,0,False
d8c62058a,,14593,2383,118,True,False,False,237,35,2,True,8,False
d8cc161ce,,4853,759,39,True,False,False,44,10,1,True,0,False
d8b1ba92e,,10125,1616,76,True,False,False,188,25,1,True,14,False
d8e6fadb4,,9400,1472,80,True,False,False,264,49,1,True,12,False
d8ec4f49a,,4213,669,24,True,False,False,44,7,2,True,0,False
d8b3e31ec,,455,77,3,False,False,False,17,8,1,True,5,False
d8d6c5f34,,867,228,14,True,False,False,40,6,1,True,13,False
d85fddf16,,3010,505,27,True,False,False,36,9,1,True,0,False
d89b8a3d4,,445,73,3,False,False,False,7,1,1,True,0,False
d8efed0f2,,2158,335,17,False,False,False,16,12,1,True,0,False
d8d42a8e2,,857,168,11,True,False,False,36,5,1,True,0,False
d87a08bde,,5302,866,50,True,False,False,86,16,1,True,11,False
d8223559c,,1838,266,10,False,False,False,7,3,1,False,1,False
d8d2c9b06,,1640,286,23,True,False,False,48,8,1,True,0,False
d8b3fe618,,2152,321,13,False,False,False,16,5,1,True,0,False
d89348a7c,,3875,616,22,True,False,False,38,11,1,True,0,False
d8cf64060,,4475,692,31,True,False,False,34,13,1,True,8,False
d8f32b03e,,1849,273,10,False,False,False,1,0,0,False,0,False
d86249160,,787,156,12,True,False,False,79,5,1,True,0,False
d883f93c8,,879,152,13,True,False,False,38,6,1,True,0,False
d8eed0962,,95,14,1,False,False,False,0,0,0,False,0,False
d8ca03350,,4266,590,24,False,False,False,35,20,1,True,6,False
d8a28fb70,,939,127,6,False,False,False,4,1,1,True,0,False
d8b69875c,,4315,681,38,True,False,False,42,11,1,True,3,False
d87b0fc6c,,4672,777,32,True,False,False,83,9,1,True,0,False
d8b16dc82,,3453,620,27,True,False,False,178,14,1,True,9,False
d8beec43a,,1627,246,11,False,False,False,13,13,1,False,0,False
d8637a9a8,,526,96,8,True,False,False,22,4,1,True,0,False
d87492fba,,3280,528,21,True,False,False,100,19,1,True,0,False
d8b71cad4,,2998,495,24,True,False,False,56,13,1,True,2,False
d8159e39c,,2723,408,13,False,False,False,30,12,1,True,7,False
d89bf24fc,,5226,821,23,False,False,False,64,18,1,True,17,False
d82604178,,710,122,5,False,False,False,7,1,1,False,3,True
d86f2aeba,,2185,312,10,False,False,False,0,0,0,False,0,False
d8857920c,,2345,404,22,True,False,False,69,11,1,True,4,False
d818189c4,,1109,218,16,True,False,False,58,3,1,True,0,True
d8668673c,,43,5,1,False,False,False,0,0,0,False,0,False
d898ddabe,,3127,545,25,True,False,False,73,7,1,True,12,False
d89c0de6e,,579,107,9,True,False,False,25,5,1,True,0,False
d88afa578,,3755,610,27,True,False,False,62,23,1,True,0,False
d886d0ab0,,4190,644,28,True,False,False,76,27,1,True,4,False
d825e6c7c,,4165,783,38,True,False,False,307,10,1,True,3,True
d87c97e36,,422,85,11,True,False,False,22,2,1,True,0,False
d8848a634,,2006,342,21,True,False,False,26,8,1,True,0,False
d87cadb64,,3282,586,22,True,False,False,150,11,1,True,0,False
d87c1d76c,,6860,1080,39,True,False,False,72,20,2,True,3,False
d86745a1a,,5295,923,46,True,False,False,91,12,1,True,13,False
d8ce91fac,,4689,738,37,True,False,False,45,10,1,True,0,False
d8af8a80c,,1236,210,10,True,False,False,37,10,1,False,8,False
d8ab5b894,,1475,228,8,False,False,False,10,1,1,True,0,False
d8d3726c0,,2286,369,22,True,False,False,29,3,1,True,0,False
d82715972,,3601,614,30,True,False,False,114,27,2,True,15,True
d8cfea05c,,2771,501,25,True,False,False,70,20,1,True,8,False
d8a411d90,,3925,627,33,True,False,False,84,25,2,True,0,False
d8d3b0d8a,,533,81,4,False,False,False,14,5,1,False,0,False
d8ca74276,,3597,611,27,True,False,False,92,28,1,True,5,False
d87cdcdc4,,4629,727,43,True,False,False,46,5,1,True,24,False
d8b16dee4,,5015,788,25,False,False,False,6,1,1,False,0,False
d867cd1cc,,4053,684,35,True,False,False,49,19,1,True,1,False
d819d262a,,602,85,3,False,False,False,5,3,1,False,0,False
d88e95a16,,6992,1122,54,True,False,False,66,13,1,True,6,False
d8792024e,,1958,302,12,False,False,False,11,4,1,True,0,False
d8b51fc0e,,2759,502,26,True,False,False,67,6,1,True,2,False
d8e18a4f6,,904,180,12,True,False,False,41,1,1,True,0,False
d811519d8,,5977,928,41,True,False,False,58,7,1,True,0,True
d896ed93e,,3205,510,28,True,False,False,34,12,1,True,1,False
d8cfb1f90,,3000,428,15,False,False,False,1,0,0,False,0,False
d8637aa66,,1439,353,17,True,False,False,75,11,1,True,0,False
d88d0baba,,3314,527,30,True,False,False,36,16,1,True,2,False
d8c5401b0,,1991,350,15,True,False,False,64,11,1,True,0,False
d8efed2c8,,2190,311,13,False,False,False,4,2,1,False,0,False
d8d32ffc8,,1481,227,17,True,False,False,47,4,1,True,8,False
d86e7a7a4,,5463,906,46,True,False,False,120,26,1,True,1,False
d8c7d2b76,,2236,351,18,False,False,False,12,6,1,True,2,False
d81dfb328,,2383,357,15,False,False,False,26,13,1,True,3,True
d8f3eb546,,2067,449,20,True,False,False,177,3,1,True,0,False
d8a120ab4,,560,84,2,False,False,False,6,2,1,True,0,False
d89c28778,,4976,754,34,True,False,False,67,12,1,True,0,False
d8d7574f2,,2509,504,26,True,False,False,130,3,1,True,0,False
d89392e42,,530,70,4,False,False,False,0,0,0,False,0,False
d8f1c997a,,1614,260,11,False,False,False,16,6,1,True,0,False
d8bffd0e0,,3902,687,31,True,False,False,119,20,1,True,18,False
d877f3808,,678,158,11,True,False,False,52,0,0,True,0,False
d897e4496,,485,90,7,True,False,False,12,1,1,True,0,False
d8d698ade,,3490,562,24,True,False,False,36,16,1,True,5,False
d8a49a0b4,,3487,577,25,True,False,False,73,21,1,True,5,False
d8d960370,,1775,270,10,False,False,False,29,11,1,True,3,False
d87809afe,,2695,457,20,True,False,False,69,19,1,True,5,False
d8aa2d9e0,,1639,278,16,True,False,False,63,10,1,True,6,False
d8ae711aa,,2222,352,12,False,False,False,37,21,1,True,0,False
d89028766,,1755,296,17,True,False,False,31,12,1,True,0,False
d88822710,,4439,713,36,True,False,False,122,10,1,True,0,False
d8789c5e8,,3170,496,23,True,False,False,41,9,1,True,0,False
d88d9aa1c,,2781,424,13,False,False,False,17,3,1,True,0,False
d89ec493c,,733,113,4,False,False,False,14,4,1,True,0,False
d8aac3274,,783,119,5,False,False,False,7,5,1,True,1,False
d87434c8a,,8034,1257,58,True,False,False,75,15,1,True,0,False
d8806fdec,,2086,329,16,True,False,False,27,6,1,True,0,False
d8184fd02,,1507,227,9,False,False,False,8,2,1,True,0,True
d89985eda,,5047,854,45,True,False,False,73,6,1,True,25,False
d86e48678,,4122,707,37,True,False,False,167,23,1,True,0,False
d8e8797da,,4922,888,51,True,False,False,240,12,1,True,10,False
d8d3e1016,,1522,255,11,False,False,False,6,2,1,False,4,False
d897fca50,,4269,666,28,False,False,False,54,37,2,True,0,False
d87bfca76,,4170,640,29,True,False,False,106,23,1,True,4,False
d87534752,,2548,387,15,False,False,False,32,13,1,True,1,False
d8e95dc3c,,1106,147,7,False,False,False,1,0,0,False,0,False
d81218600,,3910,576,25,False,False,False,8,4,1,True,0,True
d870d5f76,,2175,324,9,False,False,False,18,9,1,True,4,False
d8dd21572,,510,69,3,False,False,False,0,0,0,False,0,False
d8d415690,,794,130,7,False,False,False,1,0,0,False,0,False
d8c72d054,,1643,278,15,True,False,False,49,10,1,True,0,False
d863b748e,,1261,176,10,False,False,False,8,5,1,True,0,False
d8121866e,,1817,267,11,False,False,False,2,1,1,False,0,True
d8bf3a40a,,2810,481,25,True,False,False,58,14,1,True,8,False
d87d15e9e,,2005,306,12,False,False,False,34,9,1,True,0,False
d8ee5448e,,2081,400,28,True,False,False,55,3,1,True,1,False
d8e88161a,,1768,282,13,True,False,False,31,10,1,True,0,False
d81e7a3c6,,6232,1013,47,True,False,False,83,30,1,True,0,False
d8ef26d76,,5327,849,44,True,False,False,169,12,1,True,13,False
d8ddaa106,,4215,653,26,True,False,False,49,6,1,True,0,False
d8d930bb6,,1286,198,8,True,False,False,32,7,1,True,0,False
d8b9aa2e2,,3872,641,37,True,False,False,62,10,1,False,0,False
d8a8e996c,,1907,298,12,False,False,False,24,11,1,True,0,False
d8bee0af4,,6214,965,49,True,False,False,93,29,1,True,0,False
d819d26a2,,43,6,1,False,False,False,0,0,0,False,0,False
d8eaabb20,,116,22,1,False,False,False,1,0,0,False,0,False
d85d52cf6,,3617,680,35,True,False,False,108,2,1,True,0,False
d8c4c9c18,,3832,635,30,True,False,False,30,10,1,True,6,False
d8c783bf2,,1281,274,14,True,False,False,103,9,1,True,21,False
d8f1b610e,,2280,356,19,True,False,False,11,5,1,True,0,False
d86e2d904,,1355,211,14,True,False,False,18,1,1,True,0,False
d8a9f85c4,,2350,362,17,True,False,False,23,4,1,True,3,False
d8cbe8b70,,3874,575,27,False,False,False,1,0,0,False,0,False
d8c5b6298,,2094,382,20,True,False,False,64,1,1,True,18,False
d864a89c4,,5014,766,50,True,False,False,78,4,1,True,0,False
d897bc70c,,3600,731,37,True,False,False,130,20,1,True,31,False
d8d28a046,,528,75,4,False,False,False,2,0,0,False,0,False
d81aa1ba0,,5420,827,44,True,False,False,85,22,2,True,2,True
d874ac564,,808,135,7,False,False,False,3,2,1,True,0,False
d8af97462,,550,77,5,False,False,False,1,1,1,False,0,False
d8c31327a,,3782,535,20,False,False,False,5,2,1,False,0,False
d8c07e262,,3184,497,19,True,False,False,72,8,1,True,0,False
d8c9759ce,,5327,856,31,True,False,False,29,10,1,True,1,False
d8a2165d6,,1419,224,9,False,False,False,22,10,1,True,0,False
d8198bf9a,,3615,568,35,True,False,False,92,32,1,True,3,True
d8e8f9eda,,3365,538,26,True,False,False,64,16,1,True,2,False
d8c504c32,,2007,319,15,True,False,False,40,8,1,False,1,False
d8dfaee66,,6921,1006,46,True,False,False,59,23,1,True,0,False
d8960fb3e,,3736,631,24,True,False,False,88,29,1,True,15,False
d8ac7302e,,10234,1626,68,True,False,False,135,29,1,True,3,False
d8953e070,,640,108,9,True,False,False,18,2,1,True,0,False
d8e65deec,,630,94,5,False,False,False,2,0,0,False,0,False
d89be0fa4,,2815,466,25,True,False,False,45,17,1,True,0,False
d8857909a,,450,67,4,False,False,False,8,4,1,True,0,False
d8a0f7ab0,,12285,2067,90,True,False,False,387,54,1,True,25,False
d8291a948,,3548,503,16,False,False,False,18,8,1,True,2,True
d8ce70870,,3756,605,23,True,False,False,89,20,1,True,11,False
d8691c244,,4539,1059,62,True,False,False,195,3,1,True,0,False
d880b0662,,2365,358,21,True,False,False,29,3,1,True,0,False
d87a5cc52,,302,44,2,False,False,False,5,1,1,True,0,False
d8327a74a,,1959,337,18,True,False,False,25,5,2,True,12,True
d884feea8,,3947,674,33,True,False,False,158,8,1,True,33,False
d8ec131ca,,1414,270,23,True,False,False,65,13,1,True,2,False
d8d511724,,4088,652,32,True,False,False,53,10,1,True,8,False
d8b0d1634,,972,143,5,False,False,False,4,2,1,False,0,False
d8649584c,,1119,158,4,False,False,False,10,3,1,False,0,False
d87aa37b0,,1508,246,16,True,False,False,36,13,1,True,0,False
d8da80e3a,,4951,965,61,True,False,False,162,27,1,False,0,False
d843a796e,,428,81,10,True,False,False,18,9,1,True,2,True
d8c017b34,,8443,1416,63,True,False,False,164,32,1,True,51,False
d81114556,,4810,709,32,False,False,False,75,37,1,True,16,False
d8a4b40f4,,5345,826,44,True,False,False,86,5,1,True,1,False
d89c7a082,,12008,1950,85,True,False,False,233,18,1,True,12,False
d81b7d52e,,944,185,12,True,False,False,28,6,1,False,6,False
d861e3928,,1718,283,12,True,False,False,8,2,1,True,0,False
d8c981878,,873,132,3,False,False,False,6,1,1,False,0,False
d8c9e1e26,,4434,845,47,True,False,False,146,12,1,True,1,False
d81b363f4,,4997,786,41,True,False,False,39,8,1,True,14,False
d8d5af50a,,3357,600,24,True,False,False,120,34,1,True,12,False
d8d684ca0,,5094,839,41,True,False,False,108,22,1,True,1,False
d88ea2644,,4958,821,42,True,False,False,108,19,1,True,6,False
d8a8542c2,,2844,505,25,True,False,False,85,9,1,True,12,False
d8aa75a42,,5011,707,31,False,False,False,17,8,2,False,0,False
d8a70052e,,27,5,1,False,False,False,1,0,0,False,0,False
d8aa2d8a0,,3928,631,30,True,False,False,80,7,1,False,2,False
d85f2a36c,,4439,709,33,True,False,False,55,5,1,True,15,False
d8ee8d036,,1196,189,7,False,False,False,13,9,1,True,0,False
d86023a66,,8345,1489,78,True,False,False,363,36,1,True,5,False
d864447f8,,5298,858,28,True,False,False,82,14,1,True,10,False
d8622c6e6,,4694,708,41,True,False,False,63,14,1,True,3,False
d8e56c36c,,3641,557,30,True,False,False,47,17,1,True,0,False
d8cd34830,,2533,406,19,True,False,False,82,12,1,True,3,False
d8a3e1adc,,2377,366,12,False,False,False,0,0,0,False,0,False
d8a89eaf2,,1817,255,8,False,False,False,3,2,1,False,0,False
d8a751dde,,3339,647,44,True,False,False,135,10,1,True,0,False
d8c66156c,,1474,337,27,True,False,False,146,3,1,True,0,False
d871ce4e6,,271,40,2,False,False,False,9,4,1,True,0,False
d8ce5481e,,3085,532,24,True,False,False,49,17,1,True,2,False
d86e2d8b4,,1355,227,15,True,False,False,51,5,1,True,3,False
d81498844,,1526,277,17,True,False,False,43,5,1,True,2,False
d8619f9b2,,4332,674,27,True,False,False,29,7,1,True,0,False
d8e88e950,,4757,815,31,True,False,False,66,12,2,True,4,False
d8bb01c9e,,1407,207,12,False,False,False,2,0,0,False,0,False
d86773c9e,,2487,410,24,True,False,False,60,14,1,True,1,False
d8ae984b2,,5143,780,30,False,False,False,33,8,1,True,1,False
d82080652,,1673,284,19,True,False,False,27,6,1,True,0,True
d875670c6,,2050,342,23,True,False,False,25,5,1,True,0,False
d864b4e9a,,981,170,14,True,False,False,38,6,1,True,0,False
d88f4ef02,,7370,1140,43,True,False,False,42,12,1,True,0,False
d812ed3be,,362,60,5,False,False,False,5,0,0,False,0,True
d89b8a2bc,,1178,193,5,False,False,False,12,3,1,True,0,False
d8e16fee4,,4159,713,29,True,False,False,96,27,1,True,5,False
d82699f70,,2847,471,20,True,False,True,52,11,1,True,3,True
d8b414986,,1493,238,7,False,False,False,28,9,1,True,0,False
d8a95feb4,,3838,635,22,True,False,False,48,5,1,True,14,False
d8f4e0f96,,3986,607,31,True,False,False,50,8,1,True,0,False
d8bb12a4e,,1996,303,12,False,False,False,9,4,1,True,3,False
d81d04de8,,1439,233,13,True,False,False,27,3,1,True,9,True
d8d6e5b72,,646,145,11,True,False,False,48,3,1,True,10,False
d8a362624,,2364,334,11,False,False,False,5,1,1,True,0,False
d8ae98598,,1394,205,8,False,False,False,4,2,1,True,0,False
d87914124,,1596,257,11,False,False,False,18,2,1,True,0,False
d88995976,,4207,703,42,True,False,False,81,4,1,True,0,False
d886f7ea8,,1805,263,13,False,False,False,19,7,1,True,4,False
d8e5d26e4,,1592,226,9,False,False,False,5,3,1,False,1,False
d8f5af404,,1230,228,11,True,False,False,23,3,1,False,0,False
d88682838,,4638,753,40,True,False,False,106,3,1,True,0,False
d829d9b5e,,2561,380,17,False,False,False,22,8,1,True,0,True
d8e5e57b2,,1459,252,18,True,False,False,43,11,1,True,0,False
d87a144b6,,3658,573,26,True,False,False,36,17,1,True,0,False
d8a9b524c,,9421,1508,63,True,False,False,189,32,1,True,0,False
d8953275c,,9898,1600,86,True,False,False,173,54,1,True,2,False
d8f790a02,,5717,929,36,True,False,False,59,8,1,True,3,False
d87ec1c16,,4275,721,27,True,False,False,72,36,2,False,1,False
d85f42e26,,1188,180,6,False,False,False,26,6,1,True,2,False
d8e350e8e,,1130,174,8,False,False,False,37,21,1,True,2,False
d81635922,,3093,468,12,False,False,False,47,17,1,True,3,True
d88d15ea2,,2189,411,21,True,False,False,93,15,1,True,0,False
d8dbe596a,,926,138,9,False,False,False,31,10,1,True,0,False
d898eefda,,3358,517,29,True,False,False,44,8,1,True,2,False
d85f61fd8,,886,126,5,False,False,False,2,1,1,False,0,False
d8c1c8cf8,,2081,454,20,True,False,False,114,4,1,True,8,False
d8a348f80,,1192,187,12,True,False,False,14,3,1,True,0,False
d8b6ddadc,,4139,796,34,True,False,False,75,13,1,True,37,False
d8b78e7ba,,3392,522,22,True,False,False,51,12,1,True,2,False
d8a71df5c,,4395,718,34,True,False,False,69,18,1,True,0,False
d8a606934,,2473,424,27,True,False,False,62,5,1,True,15,False
d8b838094,,1921,280,12,False,False,False,2,0,0,False,0,False
d8e33b016,,2853,456,14,False,False,False,41,9,1,True,1,False
d89794004,,4703,722,26,False,False,False,44,15,1,True,4,False
d89212c70,,10423,1690,75,True,False,False,118,34,1,True,0,False
d82223a22,,3022,515,32,True,False,False,53,15,1,True,0,True
d8f238f14,,3905,633,36,True,False,False,141,34,1,True,14,False
d864959e6,,3133,563,28,True,False,False,127,12,1,True,9,False
d8737bc6c,,1761,307,20,True,False,False,43,5,1,True,0,False
d8e9eb7ee,,4240,797,48,True,False,False,210,16,1,True,0,False
d8c2351a0,,4417,754,37,True,False,False,89,10,1,True,0,False
d8624905c,,3061,465,20,True,False,False,23,6,1,True,4,False
d8f91439c,,2206,394,22,True,False,False,74,15,1,True,0,False
d8d2c9b56,,2346,348,15,False,False,False,34,18,1,True,0,False
d82200d60,,3216,526,20,True,False,False,36,10,2,True,2,False
d8a2e981e,,1741,271,11,False,False,False,10,6,1,True,1,False
d8b657568,,2575,415,21,True,False,False,37,8,1,True,5,False
d8cbe8a76,,2703,418,15,False,False,False,23,10,1,True,1,False
d8992f8be,,3965,641,34,True,False,False,48,7,1,True,21,False
d863d994e,,3387,554,22,False,False,False,33,15,1,True,0,False
d8db8ab78,,977,162,10,True,False,False,31,7,1,True,4,False
d87097a14,,1496,213,8,False,False,False,7,3,1,True,0,False
d88df297e,,2569,404,17,False,False,False,40,16,1,True,1,False
d8da469d8,,2280,373,24,True,False,False,26,3,1,True,0,False
d8e1b1d58,,2208,357,13,False,False,False,23,10,1,True,3,False
d8c13b3c6,,4593,699,33,True,False,False,53,12,1,True,0,False
d8988f616,,1207,183,10,False,False,False,6,3,1,True,0,False
d8d3b0c2c,,713,109,5,False,False,False,9,3,1,True,0,False
d8af692a6,,5137,783,39,True,False,False,100,23,1,True,0,False
d81e68856,,1812,321,20,True,False,False,111,2,1,True,0,False
d8e675b0a,,154,21,1,False,False,False,0,0,0,False,0,False
d86d5f220,,4885,815,51,True,False,False,92,8,1,True,1,False
d87dc6a0a,,4830,709,24,False,False,False,4,3,1,False,0,False
d82a93cac,,4538,652,22,False,False,False,40,19,1,True,0,False
d82afa5ce,,3493,537,20,False,False,False,33,16,1,True,0,False
d8bc5c4a4,,6593,1297,56,True,False,False,147,13,1,True,0,False
d8b865792,,219,32,3,False,False,False,1,0,0,False,0,False
d8d4c5388,,6560,1148,59,True,False,False,254,20,1,True,9,False
d8163599a,,1525,236,7,False,False,False,13,7,1,True,0,True
d8271c6aa,,4416,672,24,True,False,False,35,12,2,True,0,True
d884fee1c,,6410,967,46,True,False,False,52,3,1,True,2,False
d8d9ffc22,,6066,969,38,True,False,False,73,33,2,True,3,False
d8f34095c,,2780,426,16,False,False,False,19,14,1,True,0,False
d8a43f6fa,,2336,406,25,True,False,False,71,14,1,True,0,False
d8ba9095e,,1627,247,10,False,False,False,21,10,1,True,0,False
d8843b232,,1971,294,10,False,False,False,24,5,1,True,4,False
d86a046b6,,4048,594,31,False,False,False,7,3,1,False,0,False
d81a04e72,,3423,589,34,True,False,False,77,3,1,True,0,True
d816dc86c,,2239,379,12,True,False,False,66,17,1,True,0,True
d87b59cb8,,6797,1067,45,True,False,False,100,16,1,True,7,False
d8ea98476,,530,106,7,True,False,False,19,5,1,True,0,False
d8ebde5b0,,1802,311,30,True,False,False,86,12,1,True,0,False
d8bb3423e,,1792,308,15,True,False,False,52,14,1,True,2,False
d8ebde7d6,,8699,1367,58,True,False,False,205,26,1,True,33,False
d85f8abfe,,1786,290,12,False,False,False,22,4,1,True,0,False
d8f194036,,1729,277,14,True,False,False,37,17,1,True,3,False
d860c4fc4,,2628,405,15,False,False,False,51,24,2,True,4,False
d89e3c5be,,1389,228,11,True,False,False,34,13,1,False,9,False
d88755be8,,6410,1060,55,True,False,False,97,24,1,True,7,False
d86315378,,4277,333,26,False,False,False,78,27,1,True,6,False
d8dd8d45c,,4114,637,28,True,False,False,39,7,1,True,0,False
d827ba6de,,381,81,6,True,False,False,26,6,1,True,0,True
d884c6d1e,,4970,774,27,False,False,False,47,16,1,True,0,False
d85e51ed6,,1381,305,17,True,False,False,57,8,1,True,0,False
d8e8c63b4,,4505,780,40,True,False,False,101,11,1,True,5,False
d8a994a24,,5229,825,40,True,False,False,111,26,1,True,0,False
d8d8aeaa8,,1165,167,8,False,False,False,13,2,1,True,0,False
d8b8902b2,,3825,602,31,True,False,False,43,13,1,True,1,False
d8a8e9a16,,1136,169,8,False,False,False,13,6,1,False,0,False
d873acb14,,2711,444,22,True,False,False,54,11,1,True,2,False
d89710f24,,10848,1604,78,True,False,False,68,14,1,True,0,False
d87a98770,,1345,262,13,True,False,False,127,9,1,True,0,False
d879140de,,1052,142,5,False,False,False,10,1,1,True,0,False
d8f72f202,,143,19,2,False,False,False,1,0,0,False,0,False
d886a0fd6,,3448,564,31,True,False,False,94,15,1,True,3,False
d893b472c,,1411,232,17,True,False,False,29,9,1,True,0,False
d828efb58,,2643,425,14,False,False,False,48,22,1,False,0,True
d8609ed92,,3500,556,33,True,False,False,74,12,1,True,2,False
d878829ae,,1800,305,16,True,False,False,67,10,1,True,0,False
d8c9a78de,,3304,654,31,True,False,False,193,24,1,True,37,False
d838e404a,,5830,921,48,True,False,False,103,17,1,True,1,True
d8f1fed3c,,1385,237,16,True,False,False,30,4,1,True,4,False
d8192290a,,3429,529,22,False,False,False,62,30,1,True,0,True
d8c1a8890,,1283,209,11,True,False,False,44,5,1,True,0,False
d89be1076,,6038,946,40,True,False,False,67,26,1,True,5,False
d87b64280,,1630,256,10,False,False,False,21,10,1,True,4,False
d8f6b5b3c,,3622,572,19,True,False,False,92,12,1,True,0,False
d87e41e08,,1422,298,14,True,False,False,44,8,1,True,4,False
d8d1371a8,,1443,225,7,False,False,False,25,6,1,True,5,False
d8125cd82,,541,77,3,False,False,False,8,3,1,True,0,True
d89aa956e,,581,126,12,True,False,False,31,1,1,True,0,False
d8d059646,,2515,479,25,True,False,False,84,6,1,True,6,False
d8cdeb210,,1151,193,8,True,False,False,23,4,1,True,3,False
d8c868ec8,,1021,237,19,True,False,False,76,5,1,True,0,False
d86afc294,,8872,1345,54,True,False,False,146,35,1,True,0,False
d8ae81500,,10849,1748,74,True,False,False,87,21,1,True,19,False
d8d62fe94,,3964,632,29,True,False,False,37,25,1,True,0,False
d8957e62a,,2487,429,28,True,False,False,37,6,1,True,0,False
d83ac865e,,1860,279,9,False,False,False,2,1,1,False,0,True
d8bec3d50,,626,99,4,False,False,False,9,2,1,False,0,False
d8b6053ee,,2434,383,7,False,False,False,38,5,1,True,5,False
d891682e8,,7402,1318,63,True,False,False,149,33,2,True,0,False
d8a522c8e,,3215,520,24,True,False,False,70,16,2,True,0,False
d8a7f552e,,2175,309,9,False,False,False,11,2,1,True,0,False
d871e158c,,1070,198,13,True,False,False,61,10,1,True,0,False
d8e3d6be2,,8197,1467,73,True,False,False,202,12,1,True,1,False
d8d3a9b5c,,2520,406,11,False,False,False,24,4,1,True,0,False
d8f1b621c,,3479,753,35,True,False,False,153,16,1,True,37,False
d8628744c,,5355,944,42,True,False,False,221,12,1,True,31,False
d8b39b22a,,1827,418,30,True,False,False,117,6,1,True,2,False
d8b605330,,1259,187,7,False,False,False,0,0,0,False,0,False
d8d66fb52,,5108,782,36,True,False,False,39,13,1,True,4,False
d86afc1c2,,1468,215,7,False,False,False,0,0,0,False,0,False
d87981c7e,,3660,593,35,True,False,False,34,6,1,True,1,False
d8a7893f6,,3159,580,29,True,False,False,118,23,1,True,33,False
d8ef54abe,,2455,402,18,True,False,False,19,4,1,False,0,False
d8f8cb3f4,,983,196,15,True,False,False,47,8,1,True,13,False
d8a71de8a,,3590,554,29,True,False,False,66,16,1,True,0,False
d8f0dc4fe,,3150,567,30,True,False,False,72,23,1,True,8,False
d8ba46d90,,1332,200,8,False,False,False,0,0,0,False,0,False
d8f0dc5bc,,3354,701,38,True,False,False,194,3,1,True,0,False
d8d6f43f2,,3471,540,24,False,False,False,32,16,1,True,1,False
d89788f60,,460,80,6,True,False,False,12,3,1,True,0,False
d8cebeff2,,4974,790,32,True,False,False,70,27,2,True,3,False
d877b0d0a,,5858,930,40,True,False,False,96,29,1,True,20,False
d8dc3a15e,,4484,649,24,False,False,False,24,11,1,True,0,False
d886aa45a,,1391,249,14,True,False,False,60,10,1,True,0,False
d82699ffc,,3111,477,14,False,False,False,21,5,1,True,0,True
d885c459a,,615,94,6,False,False,False,8,3,1,True,1,False
d8c7d2ab8,,3637,598,38,True,False,False,49,9,1,True,22,False
d8bda363c,,1664,255,8,False,False,False,7,2,1,False,3,False
d862152e8,,4291,721,38,True,False,False,89,21,1,True,0,False
d8c803d98,,3066,485,21,True,False,False,31,12,1,True,1,False
d8aa5178c,,6501,982,43,True,False,False,130,55,1,True,7,False
d883b0038,,1909,354,21,True,False,False,57,14,1,True,0,False
d8ef60b20,,435,82,8,True,False,False,16,5,1,True,0,False
d88f37096,,2875,571,30,True,False,False,182,9,1,True,0,False
d8cef8220,,5093,838,36,True,False,False,99,26,1,True,11,False
d8c948384,,4663,766,31,True,False,False,58,21,1,True,0,False
d899d976a,,3414,514,20,False,False,False,10,6,1,False,0,False
d8a994ab0,,3627,608,29,True,False,False,112,16,1,True,0,False
d8eddb4bc,,1557,261,15,True,False,False,57,6,1,True,0,False
d8e9eb74e,,5560,830,32,True,False,False,25,5,2,True,3,False
d8a878460,,3825,602,24,True,False,False,43,1,1,True,0,False
d885de92c,,2080,290,11,False,False,False,6,1,1,False,0,False
d85ed26e4,,408,67,4,True,False,False,6,2,1,True,0,False
d8f1b628a,,542,131,8,True,False,False,48,0,0,True,6,False
d8b1d2632,,3392,522,20,False,False,False,14,5,1,True,1,False
d88916bb2,,1502,244,18,True,False,False,16,3,1,False,0,False
d891c6e56,,4502,760,33,True,False,False,70,22,1,True,0,False
d8dded3de,,1858,311,15,True,False,False,27,10,1,True,6,False
d8bad3e8e,,401,58,2,False,False,False,7,1,1,True,0,False
d89fd96f6,,6391,993,35,True,False,False,108,25,1,True,6,False
d8e73f0fe,,1312,213,13,True,False,False,41,10,1,True,2,False
d87a9864e,,2289,369,15,False,False,False,27,8,1,True,0,False
d8aacbb36,,3168,510,13,True,False,False,75,23,1,True,5,False
d881c818a,,2359,413,28,True,False,False,37,8,1,True,0,False
d815dd9fc,,2340,408,18,True,False,False,133,17,1,True,0,True
d885f420e,,2854,550,34,True,False,False,118,3,1,True,0,False
d8e99e52a,,4320,793,50,True,False,False,197,12,1,True,0,False
d87e4cb32,,2278,361,18,True,False,False,32,12,1,True,1,False
d8e99e660,,5836,873,38,True,False,False,34,13,1,True,13,False
d8a8cff9e,,4332,666,31,True,False,False,54,13,1,True,3,False
d880d3bee,,2245,350,16,True,False,False,45,7,2,True,0,False
d8247e1dc,,133,19,1,False,False,False,1,0,0,False,0,True
d8e8a6550,,4600,716,32,True,False,False,88,26,1,True,34,False
d8198bf04,,1346,260,13,True,False,False,48,12,1,True,7,True
d813b9086,,2934,548,32,True,False,False,186,12,1,True,39,True
d86b05a60,,1068,178,11,True,False,False,33,4,1,True,0,False
d8e8a6690,,2297,380,13,True,False,False,31,4,1,True,4,False
d88f442d2,,5452,858,33,True,False,False,90,22,1,True,9,False
d86e2d968,,1775,298,10,False,False,False,15,6,1,True,0,False
d8aec3036,,2586,442,21,True,False,False,83,2,1,True,29,False
d88c9d31c,,1827,286,10,False,False,False,0,0,0,False,0,False
d8c66ff2c,,1542,256,18,True,False,False,42,8,1,True,4,False
d8bdc4dd2,,3368,539,20,True,False,False,21,1,1,True,0,False
d8d2a5b98,,3625,550,19,False,False,False,28,11,1,True,2,False
d8ead85c6,,10113,1606,69,True,False,False,163,16,1,True,14,False
d8d64e51a,,5086,801,38,True,False,False,69,29,1,True,0,False
d8d4d2812,,1993,292,9,False,False,False,23,12,1,True,0,False
d815c529e,,5753,906,28,True,False,False,75,11,1,True,0,True
d8847cf8e,,3874,737,44,True,False,False,384,6,1,True,0,False
d86a41714,,5686,858,40,True,False,False,112,39,1,True,12,False
d8d2c9c6e,,3161,543,26,True,False,False,96,32,1,True,8,False
d8dc58bb8,,4038,666,30,True,False,False,92,27,1,True,0,False
d810b791e,,3743,627,33,True,False,False,42,21,2,True,0,False
d877f3768,,2491,446,27,True,False,False,88,6,1,True,27,False
d8e1d0d34,,876,130,5,False,False,False,1,1,1,False,0,False
d8267f2a6,,1898,297,14,False,False,False,19,12,1,False,7,False
d875f1dac,,409,82,7,True,False,False,21,5,1,True,0,False
d8f1c990c,,2255,382,17,False,False,False,49,28,1,True,0,False
d8dec84b6,,6335,1051,50,True,False,False,106,28,1,True,23,False
d8e305c04,,4683,752,33,True,False,False,73,19,1,True,37,False
d8e305a60,,2481,435,21,True,False,False,125,14,1,True,0,False
d8151164a,,3409,534,22,True,False,False,66,24,1,True,4,True
d8c9261a8,,4370,760,32,True,False,False,127,17,1,True,12,False
d89cfc60e,,6241,948,40,True,False,False,60,15,1,True,0,False
d8d13711c,,2567,396,12,False,False,False,36,15,1,True,0,False
d82bd9f94,,2512,387,12,False,False,False,9,2,1,True,1,True
d886e7dbe,,8192,1430,76,True,False,False,273,29,1,True,7,False
d8b8658a0,,602,96,4,False,False,False,4,0,0,False,0,False
d8754940e,,3838,598,30,True,False,False,67,18,1,True,0,False
d8b083aba,,5125,806,43,True,False,False,86,18,1,True,0,False
d8e675c72,,1917,377,24,True,False,False,80,7,1,True,10,False
d88c4b04e,,6337,982,41,True,False,False,86,24,1,True,0,False
d896ed7a4,,3248,607,18,True,False,False,102,4,1,True,0,False
d8beec32c,,717,113,3,False,False,False,5,2,1,False,0,False
d89a14eaa,,4160,630,28,True,False,False,51,17,1,True,0,False
d80ee2918,,541,79,5,False,False,False,0,0,0,False,0,True
d87a5cbb2,,1062,173,8,False,False,False,13,6,2,True,0,False
d8b6bd58e,,579,79,4,False,False,False,1,0,0,False,0,False
d8b3d7b26,,2784,425,21,True,False,False,23,4,1,True,1,False
d89f86aa0,,1490,237,11,False,False,False,24,5,1,True,11,False
d8da148ca,,472,92,6,True,False,False,17,3,1,False,9,False
d8e42cf92,,4187,632,31,True,False,False,40,4,1,True,0,False
d8d20b750,,3132,495,19,False,False,False,8,4,1,True,0,False
d8d9d0904,,5217,876,49,True,False,False,77,17,1,True,3,False
d8bd316ea,,4782,752,37,True,False,False,39,6,1,True,0,False
d81a6afce,,1812,296,13,False,False,False,6,0,0,False,1,True
d8f21a834,,2025,337,18,True,False,False,45,12,1,True,3,False
d8ef0c534,,4474,722,31,True,False,False,126,25,1,True,20,False
d875346bc,,5140,779,28,False,False,False,51,17,1,True,2,False
d87a4d310,,662,105,5,False,False,False,18,8,1,True,2,False
d891ea91e,,2691,479,29,True,False,False,123,18,1,True,17,False
d8267f1c0,,1865,292,11,False,False,False,10,4,1,False,0,False
d88daca64,,3174,482,21,False,False,False,6,2,1,True,0,False
d8c37ce6e,,4648,723,30,True,False,False,98,25,1,True,0,False
d886120b0,,5884,959,49,True,False,False,72,20,1,True,29,False
d8ac9ffa2,,1140,190,11,True,False,False,20,2,1,True,0,False
d8a2c36be,,3142,464,17,False,False,False,19,8,1,True,0,False
d828a5a26,,957,174,13,True,False,False,26,7,1,True,1,True
d8dcf0daa,,372,50,2,False,False,False,1,1,1,False,0,False
d815dd894,,1588,246,11,False,False,False,23,8,1,True,0,True
d8a54c6e2,,12715,2216,119,True,False,False,510,66,2,True,148,False
d8b9233fa,,4468,832,51,True,False,False,190,15,2,True,3,False
d872c719a,,4030,629,26,True,False,False,56,17,1,True,0,False
d861b4678,,2188,375,15,True,False,False,50,8,1,True,0,False
d8f5af4b8,,4964,749,25,False,False,False,40,31,1,True,0,False
d8271c5ec,,2318,377,21,True,False,False,45,20,1,True,0,True
d834c52b6,,3149,490,17,False,False,False,27,13,1,True,2,True
d86e6de46,,4333,650,33,False,False,False,19,10,1,False,0,False
d8f01670e,,2908,427,16,True,False,True,30,1,1,True,0,False
d8ab10ff6,,1326,190,7,False,False,False,8,5,1,True,0,False
d8ec316c0,,2665,399,18,True,False,False,13,0,0,True,5,False
d8876014c,,2724,408,15,False,False,False,43,8,1,True,2,False
d86d1648a,,3808,759,38,True,False,False,147,25,1,True,31,False
d8a7f55ec,,3774,735,37,True,False,False,190,7,1,True,31,False
d8d1eac30,,5432,832,45,True,False,False,75,5,1,False,5,False
d87feda7c,,4359,713,37,True,False,False,89,12,1,True,0,False
d8d34d9b0,,1521,275,15,True,False,False,38,5,1,True,6,False
d8bc95402,,4574,714,33,True,False,False,89,15,2,True,4,False
d86bc2a48,,4704,745,44,True,False,False,101,16,1,True,1,False
d8c64e944,,3605,536,25,True,False,False,76,13,1,True,8,False
d8d1726c2,,3896,678,43,True,False,False,161,17,1,True,0,False
d8cb1d88a,,480,90,8,True,False,False,20,4,1,True,0,False
d8aaf85d2,,4325,671,29,True,False,False,45,5,1,True,1,False
d8b51fb96,,2823,468,16,True,False,False,50,18,1,True,9,False
d8c029884,,1472,234,9,False,False,False,13,10,1,False,0,False
d8d8cc7c4,,1939,308,14,True,False,False,40,7,1,True,9,False
d89420940,,808,184,11,True,False,False,101,6,1,True,0,False
d8f094758,,2725,441,23,True,False,False,84,21,1,True,0,False
d8ad8a4f8,,1285,199,9,False,False,False,36,15,1,True,4,False
d8d000cf8,,1694,269,15,True,False,False,36,15,1,True,0,False
d8170ca8a,,1697,285,15,True,False,False,26,4,1,True,0,False
d813a3fec,,1514,216,8,False,False,False,16,11,1,True,0,True
d8daf9e84,,8917,1531,82,True,False,False,242,45,2,True,12,False
d88e1c6a2,,2718,450,16,False,False,False,37,19,1,True,2,False
d863f4fe6,,2179,374,16,True,False,False,43,7,1,True,12,False
d8cff51fa,,2070,356,21,True,False,False,33,16,1,True,0,False
d8cc44ad8,,2227,423,28,True,False,False,102,12,1,True,0,False
d8110ad8a,,3510,534,24,True,False,False,12,1,1,True,0,False
d8c408284,,2116,344,13,True,False,False,51,7,1,True,0,False
d8e817e7c,,1043,176,10,True,False,False,18,6,1,False,9,False
d8f5bea58,,844,138,6,False,False,False,15,5,1,True,0,False
d89d740d2,,2883,458,20,True,False,False,55,12,1,True,0,False
d8271c646,,1024,165,6,False,False,False,20,14,1,True,0,True
d8def8094,,2556,383,17,False,False,False,31,22,1,True,7,False
d8ad65996,,1374,272,18,True,False,False,79,7,1,True,0,False
d821ebb40,,3536,577,37,True,False,False,115,26,1,True,5,True
d85eb42c0,,5034,795,42,True,False,False,107,17,1,True,11,False
d8ef195cc,,259,35,1,False,False,False,0,0,0,False,0,False
d8b14cdc0,,2160,352,15,True,False,False,58,8,1,True,7,False
d8880b6be,,4431,709,25,False,False,False,64,29,1,True,0,False
d8e606002,,1786,285,13,True,False,False,28,6,1,True,0,False
d8606f3bc,,7195,1154,57,True,False,False,120,34,1,True,11,False
d8247e01a,,408,63,5,False,False,False,3,0,0,False,0,True
d89d0b14a,,921,135,5,False,False,False,7,4,1,False,0,False
d8c4083c4,,1221,238,15,True,False,False,48,4,1,True,0,False
d8ebc6ce4,,1202,210,9,True,False,False,39,8,1,True,0,False
d8d930b66,,3006,423,18,True,False,False,8,0,0,False,4,False
d81151a82,,3871,685,44,True,False,False,132,29,1,True,0,True
d87a1ddcc,,1251,195,4,False,False,False,8,5,1,True,0,False
d884dade6,,742,111,5,False,False,False,0,0,0,False,0,False
d8637a912,,2063,350,15,True,False,False,57,10,1,True,0,False
d85eea604,,1679,267,12,False,False,False,28,6,1,True,14,False
d8afd3aca,,882,130,5,False,False,False,2,1,1,False,0,False
d87b22704,,3843,644,24,True,False,False,72,18,1,True,15,False
d823e9a3c,,2170,337,19,True,False,False,30,9,1,True,0,True
d8366a472,,951,186,9,True,False,False,52,12,1,True,9,True
d8e2dc87c,,5499,888,47,True,False,False,67,12,1,False,34,False
d8140c286,,1754,292,18,True,False,False,43,16,1,True,6,True
d85eaaca2,,360,51,4,False,False,False,0,0,0,False,0,False
d81a6b06e,,742,109,5,False,False,False,1,0,0,False,0,True
d89c28804,,1263,196,7,False,False,False,10,6,1,False,0,False
d8126d092,,1497,236,20,True,False,False,21,5,1,True,0,True
d8eda647e,,5168,805,34,True,False,False,121,21,1,True,1,False
d81f020dc,,3847,637,32,True,False,False,60,22,1,True,0,True
d812ed4e0,,1825,282,11,False,False,False,3,0,0,False,0,True
d8b901c14,,4309,680,32,True,False,False,115,18,1,True,6,False
d891980e2,,10179,1939,89,True,False,False,458,12,1,True,10,False
d8d3c5712,,4453,727,27,True,False,False,93,17,2,True,3,False
d897d09a0,,3729,632,24,True,False,False,96,18,1,True,11,False
d81f01f6a,,3648,644,44,True,False,False,198,1,1,True,0,True
d8dea638e,,9507,1589,73,True,False,False,155,24,1,True,2,False
d866ce370,,11259,1926,93,True,False,False,263,83,2,True,38,False
d8c0ad06c,,2417,384,18,True,False,False,39,13,1,True,0,False
d8bee0bda,,913,158,10,True,False,False,38,5,1,True,0,False
d860c5168,,2677,392,13,False,False,True,31,16,1,False,6,False
d8d3e0fd0,,3124,515,32,True,False,False,70,7,1,True,0,False
d8ef48ffc,,3250,482,21,False,False,False,8,3,1,True,0,False
d83b9f4b0,,3889,626,31,True,False,False,81,15,1,True,0,True
d88863ddc,,5342,846,45,True,False,False,42,12,1,True,6,False
d8c8130a4,,1242,219,14,True,False,False,47,12,1,True,0,False
d8749dd2a,,1732,264,10,False,False,False,13,8,1,True,0,False
d8ae49a1a,,2222,331,11,False,False,False,2,1,1,False,0,False
d88116a5c,,5355,843,35,True,False,False,72,18,1,True,0,False
d8e2cfa6e,,5031,787,31,True,False,False,73,4,1,True,0,False
d815595c6,,1025,156,11,True,False,False,21,10,1,True,0,False
d8ac73128,,6213,1016,52,True,False,False,77,9,1,True,23,False
d8267f04e,,2770,413,17,False,False,False,31,17,1,True,0,False
d8942edf6,,2554,393,13,True,False,False,55,13,1,True,11,False
d8cf0403e,,3921,641,29,True,False,False,58,10,1,True,2,False
d8b9db2c0,,2076,316,16,True,False,False,36,7,1,True,4,False
d85fde0e2,,2370,384,17,False,False,False,11,2,1,False,7,False
d8806fc16,,3402,554,25,True,False,False,60,16,2,True,0,False
d8f29f836,,606,105,4,False,False,False,7,4,1,False,3,False
d894c30dc,,6733,1231,63,True,False,False,207,47,1,True,1,False
d8f7e6c0e,,4794,702,28,False,False,False,14,3,1,True,0,False
d888225ee,,3989,618,28,True,False,False,65,14,1,True,0,False
d89dd0d50,,2608,443,23,True,False,False,60,16,1,True,0,False
d8c00c0c2,,2099,320,13,True,False,False,40,10,1,True,0,False
d8d3ef710,,2926,474,25,True,False,False,34,7,1,True,0,False
d810cc81e,,2460,388,18,True,False,False,45,12,1,True,0,True
d8e79b71e,,91,17,1,False,False,False,2,1,1,False,0,False
d897bc81a,,1131,175,8,False,False,False,6,2,1,True,1,False
d8865d9c0,,496,96,7,True,False,False,22,6,1,True,0,False
d8a216586,,1776,329,21,True,False,False,150,23,1,True,0,False
d8e39a386,,5303,984,45,True,False,False,318,10,1,True,0,False
d85ff2d94,,1085,169,5,False,False,False,12,3,1,True,0,False
d8792ec22,,4128,624,27,False,False,False,10,5,1,False,0,False
d8e1c123a,,1546,293,19,True,False,False,68,3,1,True,0,False
d8a266e3c,,2291,503,35,True,False,False,151,7,1,True,0,False
d89a8e796,,7164,1087,43,True,False,False,67,25,1,True,3,False
d87fae0ac,,3308,515,23,False,False,False,25,12,1,True,1,False
d88589896,,2963,446,19,False,False,False,11,2,1,True,2,False
d87cbdd52,,6672,1216,53,True,False,False,105,7,1,True,2,False
d8b97ef3e,,1515,297,18,True,False,False,71,9,1,True,0,False
d888db166,,784,166,12,True,False,False,37,4,1,True,1,False
d882b6100,,3456,494,25,False,False,False,42,9,1,True,10,False
d884b7986,,4230,718,31,True,False,False,73,38,1,True,0,False
d8ae167b4,,4387,693,26,True,False,False,54,24,1,True,0,False
d867d8d9c,,4650,741,25,False,False,False,62,27,1,True,15,False
d887d2a6c,,807,129,5,False,False,False,19,7,1,True,0,False
d89d22dc2,,1252,209,13,True,False,False,34,6,1,True,5,False
d87be6fe6,,5429,804,37,True,False,False,68,16,1,True,0,False
d87d0405e,,2677,409,15,False,False,False,21,8,1,True,0,False
d8b8cce9c,,336,48,2,False,False,False,2,0,0,False,0,False
d8dacbdae,,2316,379,19,True,False,False,42,14,1,True,0,False
d8666ba7c,,1958,395,25,True,False,False,87,9,1,True,1,False
d85fff364,,1345,228,12,True,False,False,34,6,1,True,8,False
d8e29df6e,,774,134,4,False,False,False,8,3,1,True,0,False
d8a4636e0,,2715,430,11,False,False,False,11,5,1,True,0,False
d8942099a,,4080,662,30,True,False,False,83,12,1,True,6,False
d8b0129a0,,4993,838,33,True,False,False,65,36,2,True,4,False
d88c35780,,4045,652,25,True,False,False,70,20,1,True,0,False
d814a3b68,,5248,801,38,True,False,False,85,10,2,True,5,True
d89f60ce2,,3690,635,24,True,False,False,116,22,1,True,4,False
d889169f0,,5599,917,41,True,False,False,194,29,1,True,1,False
d8e579fda,,3640,590,28,True,False,False,42,15,1,True,3,False
d879a9dfa,,3097,522,27,True,False,False,39,8,1,True,2,False
d82cf6b5c,,8050,1586,90,True,False,False,393,32,2,True,51,True
d889bcc1a,,2244,323,14,False,False,False,22,9,1,True,0,False
d8a7b5e1a,,3957,738,33,True,False,False,100,14,1,True,55,False
d8ecb5db2,,3465,559,23,True,False,False,36,9,2,True,0,False
d894eff4c,,2575,443,24,True,False,False,169,17,1,True,0,False
d8d0c3488,,1733,252,10,False,False,False,3,0,0,False,0,False
d8d40a43e,,3040,507,28,True,False,False,6,3,1,False,0,False
d8d91e47a,,1611,279,16,True,False,False,65,4,1,True,0,False
d8b66f3e8,,4852,905,38,True,False,False,187,19,1,True,16,False
d88f1e74e,,782,125,6,False,False,False,10,5,1,True,0,False
d884dac2e,,2408,396,19,True,False,False,69,16,1,True,4,False
d8110aca4,,1398,214,9,False,False,False,4,0,0,False,0,False
d8d3a9c1a,,246,35,2,False,False,False,3,2,1,True,0,False
d8b7a8c8c,,1525,261,12,True,False,False,38,10,1,True,16,False
d89175b1e,,3878,668,32,True,False,False,71,4,1,True,0,False
d882b604c,,2117,333,13,False,False,False,40,23,1,True,0,False
d8c981918,,1859,283,12,False,False,False,8,3,1,True,0,False
d8817e350,,3761,562,21,False,False,False,60,24,2,True,3,False
d89f868de,,1176,183,8,False,False,False,0,0,0,False,0,False
d866b22ec,,4266,1012,65,True,False,False,332,9,1,True,0,False
d89c4f80a,,805,134,5,False,False,False,16,5,1,True,0,False
d8c4fa732,,1238,211,16,True,False,False,37,7,1,True,0,False
d8de7ef50,,1258,280,21,True,False,False,111,6,1,True,26,False
d8e8a662c,,1741,288,18,True,False,False,76,11,1,True,0,False
d889ff0ce,,574,88,4,False,False,False,5,1,1,True,0,False
d8ad8a282,,2206,323,10,False,False,False,0,0,0,False,0,False
d8646eb84,,1961,336,13,False,False,False,28,14,1,True,0,False
d85eaad10,,4110,643,23,False,False,False,12,2,1,True,2,False
d8a103464,,3833,589,25,True,False,False,21,7,1,True,1,False
d8b9e7e9e,,1879,285,13,False,False,False,6,4,1,False,0,False
d8f29f4bc,,2693,420,18,False,False,False,2,0,0,False,0,False
d889ff10a,,1432,217,10,False,False,False,23,9,1,True,0,False
d82441bba,,1198,203,10,True,False,False,38,4,1,True,8,True
d877c9d1e,,3913,603,19,False,False,False,37,9,2,True,1,False
d87053ac6,,4084,670,31,True,False,False,45,7,1,True,0,False
d823e99a6,,1988,336,22,True,False,False,53,13,1,True,0,True
d8dfc2a7e,,6892,1111,48,True,False,False,101,18,1,True,0,False
d8617c8d6,,4104,628,31,True,False,False,33,4,1,True,6,False
d815cd192,,3488,574,24,True,False,False,69,17,1,True,0,True
d8de982e8,,2935,525,29,True,False,False,121,12,1,True,11,False
d8e11c2a8,,1046,253,11,True,False,False,99,7,1,True,0,False
d87528da8,,19,2,1,False,False,False,0,0,0,False,0,False
d8733ff96,,5263,821,28,True,False,False,12,1,1,True,0,False
d8e80f7d6,,3029,558,34,True,False,False,160,6,1,True,0,False
d87e0e7ce,,3821,591,33,True,False,False,91,27,1,True,2,False
d8d9d0a9e,,7108,1382,66,True,False,False,227,16,1,True,0,False
d8cc91a9a,,2162,324,16,True,False,False,44,4,1,True,0,False
d8b4c192e,,2389,354,14,True,False,False,17,6,1,False,0,False
d88f63998,,5077,784,27,True,False,False,73,16,1,True,3,False
d8b06e264,,11275,1923,95,True,False,False,371,20,1,True,8,False
d8bc8d28e,,5241,843,40,True,False,False,92,23,1,True,0,False
d81ee4208,,3993,627,23,True,False,False,69,12,1,True,3,True
d87180c96,,3026,431,23,False,False,False,0,0,0,False,0,False
d8a8e9afc,,1241,189,6,False,False,False,0,0,0,False,0,False
d8185ccc8,,3880,630,18,True,False,False,49,11,1,True,5,True
d896ed81c,,2034,328,23,True,False,False,38,26,2,True,0,False
d8232f0ba,,1238,247,15,True,False,False,62,6,1,True,0,True
d8d5a132e,,2192,404,17,True,False,False,73,16,1,False,0,False
d8da46852,,4064,693,28,True,False,False,43,11,1,True,0,False
d8b6dd924,,2482,400,12,True,False,False,66,9,1,True,0,False
d8e91ea14,,3123,507,23,True,False,False,85,22,1,True,16,False
d8c85457c,,733,105,5,False,False,False,1,0,0,False,0,False
d87ceada2,,472,95,8,True,False,False,25,1,1,True,0,False
d8f8cb390,,3340,532,15,False,False,False,43,13,1,True,0,False
d897fcac8,,1854,352,25,True,False,False,69,4,1,True,4,False
d8e3d6a48,,3003,486,19,True,False,False,40,11,1,True,0,False
d8f0f2aec,,4299,655,21,True,False,False,10,0,0,False,0,False
d812ed580,,1807,272,14,False,False,False,25,3,1,True,0,True
d86a21c98,,3106,500,17,True,False,False,13,3,1,False,0,False
d86afc172,,1246,241,20,True,False,False,66,4,1,True,0,False
d828fb160,,771,132,9,True,False,False,18,1,1,True,0,False
d88292052,,684,155,9,True,False,False,34,8,1,True,0,False
d8e83c47a,,2768,400,17,False,False,False,29,13,1,True,0,False
d8e44778e,,2310,363,9,False,False,False,34,9,1,True,7,False
d8d9f1898,,2903,679,39,True,False,False,179,3,1,True,0,False
d817f6360,,2365,343,14,False,False,False,2,0,0,False,0,True
d82590106,,2353,386,20,True,False,False,83,4,1,True,1,True
d861f4124,,1335,195,8,False,False,False,15,4,1,False,7,False
d8c37cc0c,,2401,370,16,True,False,False,16,3,1,True,0,False
d89151bc4,,1280,267,15,True,False,False,77,4,1,True,0,False
d8816fe7c,,341,67,7,True,False,False,13,3,1,True,0,False
d872b9da6,,2339,381,19,True,False,False,104,8,1,True,0,False
d8c8b5bb0,,2824,444,20,False,False,False,30,12,1,True,3,False
d8a2b4272,,7877,1302,71,True,False,False,145,41,1,True,3,False
d8b75929a,,4617,729,34,True,False,False,84,18,1,True,5,False
d8a27a798,,5930,1011,44,True,False,False,172,38,1,True,91,False
d8f4c3c52,,736,114,3,False,False,False,5,3,1,False,0,False
d8eabdf96,,3566,587,26,True,False,False,71,9,1,True,4,False
d8a626ebe,,3190,490,25,True,False,False,42,5,1,True,0,False
d8c926298,,7000,1093,64,True,False,False,183,28,1,True,6,False
d875f1e06,,3882,612,19,False,False,False,37,23,1,True,2,False
d86cd28ac,,1934,285,12,False,False,False,16,2,1,True,2,False
d826151da,,5170,771,41,True,False,False,40,9,1,True,0,False
d8861efb8,,2432,402,22,True,False,False,36,14,1,True,0,False
d8c854694,,3103,468,19,False,False,False,63,26,1,True,0,False
d89e544ca,,1258,231,20,True,False,False,40,9,1,True,0,False
d81635a3a,,1120,168,6,False,False,False,7,3,1,True,0,True
d8dcca04c,,1441,252,16,True,False,False,39,4,1,True,0,False
d86d5f126,,1307,232,13,True,False,False,47,11,1,True,20,False
d82441980,,668,101,5,False,False,False,7,2,1,True,0,True
d86f2b0d6,,137,21,1,False,False,False,3,1,1,False,0,False
d8617c796,,2955,471,26,True,False,False,42,15,1,True,0,False
d8e06a15c,,4651,800,36,True,False,False,89,11,2,True,5,False
d8de399d2,,4088,637,25,True,False,False,124,18,1,True,24,False
d8b16dbd8,,2959,478,19,True,False,False,52,5,1,True,5,False
d88fd8e64,,5354,818,36,True,False,False,67,6,2,True,5,False
d8785f094,,1965,305,17,True,False,False,39,23,1,True,0,False
d867cd2e4,,6082,1432,64,True,False,False,510,24,2,True,1,False
d889b20d0,,909,152,7,False,False,False,11,5,1,True,0,False
d87fc1c06,,3941,664,31,True,False,False,45,7,1,False,8,False
d81dfb3aa,,4829,732,33,True,False,False,80,30,1,True,30,True
d8bef684a,,1105,166,10,True,False,False,4,1,1,True,0,False
d876c85c8,,6176,1000,43,True,False,False,94,31,2,True,9,False
d8cda67a0,,1513,223,9,False,False,False,4,3,1,False,0,False
d8f01654c,,6061,1279,72,True,False,False,426,6,1,True,6,False
d87a98586,,2054,338,17,True,False,False,38,9,1,True,0,False
d8c4fa6d8,,2465,373,13,False,False,False,37,8,1,True,0,False
d871ce39c,,623,100,4,False,False,False,9,3,1,True,0,False
d8d845db4,,3121,490,16,True,False,False,79,4,1,True,7,False
d8bd67678,,2529,395,15,False,False,False,31,11,1,True,0,False
d881553c4,,4477,711,29,True,False,False,121,37,1,True,15,False
d8dd01218,,1295,261,17,True,False,False,60,3,1,True,0,False
d8b505156,,1072,196,11,True,False,False,45,3,1,True,0,False
d88fb4cc6,,1691,301,17,True,False,False,24,3,1,True,0,False
d8670e790,,1125,198,18,True,False,False,13,0,0,True,2,False
d8c07e438,,5112,855,32,True,False,False,152,15,1,True,1,False
d8e170038,,3930,678,34,True,False,False,87,29,2,True,16,False
d8ba20e88,,23,4,1,False,False,False,2,2,1,False,0,False
d8989918e,,3113,487,25,True,False,False,62,15,1,True,0,False
d890abf1c,,2856,532,27,True,False,False,70,4,1,True,0,False
d87e2e560,,565,77,3,False,False,False,0,0,0,False,0,False
d8a4e6522,,3801,748,41,True,False,False,192,20,1,True,106,False
d8b5c29d6,,4811,716,27,False,False,False,12,4,1,True,0,False
d8e02c94c,,3424,541,21,True,False,False,64,11,2,True,8,False
d80f19972,,2490,389,15,False,False,False,26,13,1,True,0,False
d8f32af44,,3951,637,20,False,False,False,28,14,1,False,0,False
d8d33fcd4,,1167,181,6,False,False,False,13,7,2,False,0,False
d8ea04514,,716,103,6,False,False,False,2,1,1,False,0,False
d8a69931a,,2084,357,16,True,False,False,29,14,1,True,0,False
d8c9cf7da,,1695,309,17,True,False,False,66,8,1,True,27,False
d8e4aa564,,15944,2564,127,True,False,False,273,39,1,True,12,False
d8c35803c,,3266,654,37,True,False,False,219,5,1,True,0,False
d8a6b00ec,,2002,368,25,True,False,False,57,13,1,True,2,False
d8f6dc49e,,2187,346,18,True,False,False,39,4,1,True,0,False
d86dfdb50,,2363,365,16,False,False,False,20,7,1,True,1,False
d8cd8acbc,,5639,967,42,True,False,False,76,0,0,True,0,False
d8be6bbe6,,4172,644,31,True,False,False,39,10,2,True,3,False
d8ac67e86,,1454,286,22,True,False,False,63,3,1,True,0,False
d8d2957f2,,1940,327,15,True,False,False,37,11,1,True,0,False
d86dfdbbe,,2410,391,22,True,False,False,37,6,2,True,0,False
d81447ac0,,2355,379,15,False,False,False,38,19,1,True,0,True
d8110abd2,,1671,279,14,True,False,False,48,10,1,True,3,False
d875160fe,,969,141,6,False,False,False,5,2,1,False,0,False
d81a5d608,,4892,712,17,False,False,False,6,1,1,False,1,True
d85dae5ec,,2394,348,15,False,False,False,12,5,1,False,0,False
d88fbd786,,2422,357,15,False,False,False,6,2,1,True,0,False
d81b7d812,,4167,864,45,True,False,False,192,18,1,True,0,False
d864b4d82,,1956,311,19,True,False,False,23,6,1,False,0,False
d8dc58a82,,1059,189,14,True,False,False,29,6,1,True,0,False
d8d42a784,,2210,375,22,True,False,False,38,11,1,True,0,False
d898644a2,,3012,455,15,False,False,False,5,2,1,True,0,False
d89d22c64,,5211,794,33,True,False,False,95,37,1,True,9,False
d877e0c44,,2031,306,12,False,False,False,18,4,1,False,3,False
d88f99a2a,,4844,767,28,True,False,False,76,35,1,True,0,False
d88c06fca,,6204,1037,54,True,False,False,129,14,2,True,0,False
d8b0311c0,,6204,1044,51,True,False,False,184,50,1,True,16,False
d8794db5e,,13192,2226,100,True,False,False,237,45,1,True,14,False
d85db9dfc,,4360,701,32,True,False,False,57,26,1,True,0,False
d8c170760,,5803,884,34,False,False,False,25,7,1,True,2,False
d88318b84,,5834,854,35,True,False,False,34,5,1,True,0,False
d8c3f3b0e,,2530,385,16,False,False,False,37,14,1,True,0,False
d87151586,,2202,353,17,True,False,False,30,15,1,True,0,False
d8201bb30,,3753,617,29,True,False,False,70,22,1,True,15,True
d8acaae98,,3962,622,29,True,False,False,41,10,2,True,10,False
d8f4a86dc,,520,105,9,True,False,False,51,0,0,True,0,False
d8dfb9654,,1255,193,8,False,False,False,18,8,1,True,0,False
d8a0e3c90,,3078,461,19,False,False,False,27,9,1,True,0,False
d819d249a,,720,117,8,False,False,False,15,11,1,True,1,False
d89635596,,898,146,5,False,False,False,12,7,1,True,2,False
d8445e6a0,,4282,723,26,True,False,False,34,4,1,True,4,True
d8ae168fe,,4001,615,34,True,False,False,49,14,1,True,4,False
d899263a4,,626,98,5,False,False,False,10,2,1,True,1,False
d8de3991e,,4056,672,35,True,False,False,33,5,1,False,20,False
d8691c1ae,,3092,492,28,True,False,False,20,1,1,True,0,False
d8b19efee,,3865,597,27,False,False,False,28,9,1,True,1,False
d89477c0e,,3061,505,23,True,False,True,62,16,1,True,0,False
d8f3b23d6,,1763,286,11,False,False,False,19,15,1,True,0,False
d8f72f14e,,2169,320,14,False,False,False,1,0,0,False,0,False
d8954de94,,13782,2222,107,True,False,False,175,22,1,True,0,False
d8b406610,,5676,948,46,True,False,False,74,25,1,True,10,False
d8eabe054,,2835,431,20,True,False,False,42,9,1,True,0,False
d89d89202,,3344,540,25,True,False,False,30,3,1,True,9,False
d81e6873e,,1412,257,15,True,False,False,54,2,1,True,0,False
d8a8bae46,,3120,476,21,False,False,False,11,0,0,False,0,False
d8ea98340,,572,75,4,False,False,False,2,1,1,False,0,False
d842dcf34,,4241,694,32,True,False,False,84,15,1,True,12,True
d812cfc9c,,3126,483,26,True,False,False,65,24,1,True,5,True
d85f42f48,,3374,569,30,True,False,False,130,31,1,True,0,False
d8e757f64,,2868,569,33,True,False,False,156,14,1,True,2,False
d87fdd44c,,5540,946,43,True,False,False,117,21,1,True,19,False
d8c59d680,,446,93,10,True,False,False,46,3,1,True,0,False
d81cd6664,,1262,216,12,True,False,False,25,7,1,True,0,False
d890b8974,,5065,761,38,True,False,False,35,10,1,True,0,False
d8b878266,,1599,259,13,True,False,False,31,9,1,True,0,False
d88791c74,,5020,775,32,True,False,False,56,7,1,True,0,False
d8b9aa440,,6202,1061,49,True,False,False,136,26,1,True,62,False
d86275774,,9570,1477,60,True,False,False,89,18,1,True,8,False
d86d96fe0,,640,94,4,False,False,False,3,3,1,False,0,False
d85ff2c9a,,271,47,3,False,False,False,3,2,1,False,0,False
d81317164,,1013,201,12,True,False,False,40,7,1,True,0,False
d87abd8fe,,2141,344,15,True,False,False,47,18,1,True,9,False
d878218e8,,1222,184,8,False,False,False,7,2,1,True,0,False
d8c56f168,,1050,216,22,True,False,False,65,13,1,True,2,False
d8d34d7d0,,1764,275,18,True,False,False,43,6,1,True,0,False
d86d96f72,,3947,628,32,True,False,False,50,18,1,True,4,False
d8d9ffa92,,1010,182,10,True,False,False,20,3,1,True,9,False
d899e3bac,,2964,456,16,False,False,False,35,16,2,True,0,False
d89c381b4,,3942,616,26,True,False,False,64,20,1,True,1,False
d8641ce24,,3641,806,42,True,False,False,189,7,1,True,25,False
d878c12ee,,3702,601,18,True,False,False,58,20,2,True,0,False
d85fff3a0,,1205,208,10,True,False,False,25,3,1,True,6,False
d88540312,,1054,226,15,True,False,False,61,4,1,True,4,False
d8ac2a586,,2076,338,13,True,False,False,51,7,1,True,0,False
d89aa944c,,2541,406,13,False,False,False,21,12,1,True,0,False
d8ea045aa,,47,4,1,False,False,False,0,0,0,False,0,False
d8b8ccece,,115,18,1,False,False,False,0,0,0,False,0,False
d815116fe,,3150,501,18,False,False,False,31,13,2,True,0,True
d8751623e,,717,109,4,False,False,False,6,3,1,True,0,False
d8202fc16,,2311,357,22,True,False,False,66,8,1,True,10,True
d8dcbefc6,,499,75,2,False,False,False,9,1,1,True,0,False
d8dfa1694,,484,72,3,False,False,False,0,0,0,False,0,False
d820741cc,,1739,279,13,False,False,False,20,4,2,True,0,True
d89710db2,,3657,553,23,True,False,False,69,6,1,True,0,False
d8953dfda,,1285,242,20,True,False,False,22,6,1,True,0,False
d8ced73b8,,2368,365,14,True,False,False,27,10,1,True,0,False
d8992fa26,,4277,709,30,True,False,False,58,7,1,True,0,False
d89ee5e3e,,5717,950,51,True,False,False,148,15,1,True,0,False
d8f26f672,,175,27,1,False,False,False,5,2,1,False,0,False
d8ded0166,,3473,567,24,True,False,False,78,20,1,True,0,False
d8ba7ffd2,,3094,562,28,True,False,False,86,16,1,True,8,False
d873b5818,,2527,416,27,True,False,False,34,18,1,True,0,False
d8903847c,,6322,984,40,True,False,False,57,9,1,True,0,False
d884a1410,,4065,602,28,False,False,False,11,6,1,True,0,False
d8bfe62b4,,5126,872,52,True,False,False,169,16,1,True,3,False
d810cc698,,4137,684,25,True,False,False,68,15,1,True,22,True
d8b5b9426,,508,111,10,True,False,False,27,4,1,True,0,False
d8ce2f2e4,,6724,1094,48,True,False,False,150,34,1,True,11,False
d8b5f3f04,,4496,864,57,True,False,False,278,21,1,True,5,False
d8953261c,,1704,316,21,True,False,False,43,6,1,True,0,False
d8e728020,,910,154,13,True,False,False,20,2,1,True,0,False
d8bb576a8,,6257,1029,44,True,False,False,116,22,1,True,4,False
d8cc029a8,,3585,534,23,False,False,False,13,9,2,False,2,False
d82a64f1a,,1554,244,11,False,False,False,12,8,1,False,0,False
d89392eec,,861,147,9,True,False,False,13,5,1,True,6,False
d8de98252,,3129,508,23,True,False,False,68,21,1,True,2,False
d8a796a7e,,3239,585,36,True,False,False,98,16,1,True,9,False
d818cb592,,3812,635,30,True,False,False,91,26,1,True,0,True
d8823b1a8,,2712,430,15,False,False,False,41,21,1,True,1,False
d89aa94b0,,1268,201,9,True,False,False,29,11,1,True,0,False
d8784315a,,3260,541,23,True,False,False,98,22,1,True,0,False
d86a2e556,,210,48,8,True,False,False,12,5,1,True,0,False
d8f3d3996,,3104,486,16,False,False,False,17,9,1,True,0,False
d8e2e8956,,2322,344,11,False,False,False,20,7,1,True,1,False
d8366a4ea,,74,8,1,False,False,False,0,0,0,False,0,True
d889f77b6,,780,111,2,False,False,False,16,3,1,True,1,False
d865d58b0,,4805,930,56,True,False,False,259,15,1,True,6,False
d88916c52,,472,74,5,False,False,False,6,1,1,False,0,False
d88d34ed8,,4184,603,25,False,False,False,17,6,1,True,0,False
d89eb8ad8,,208,36,1,False,False,False,0,0,0,False,0,False
d8157dc32,,995,243,11,True,False,False,93,2,1,True,41,True
d889ff056,,2894,437,19,False,False,False,30,13,1,True,0,False
d86e8e218,,3145,480,18,False,False,False,31,20,1,True,4,False
d8b024a4c,,2762,457,16,False,False,False,52,15,1,True,5,False
d8a41cfb0,,2745,429,21,True,False,False,36,9,1,True,0,False
d8b5a1a1a,,2756,551,37,True,False,False,174,20,1,True,0,False
d89a46aea,,1345,205,7,False,False,False,14,6,1,True,2,False
d89cc91a0,,638,93,3,False,False,False,4,3,1,False,0,False
d898ab1f4,,2169,393,22,True,False,False,82,12,1,True,0,False
d8cebef48,,1936,300,12,False,False,False,22,11,1,True,7,False
d8c2f1166,,1099,171,9,False,False,False,8,0,0,False,8,False
d8e134510,,4101,760,48,True,False,False,304,6,1,True,0,False
d8870b35e,,1633,266,18,True,False,False,33,4,1,True,4,False
d8a3edc74,,980,165,12,True,False,False,29,8,1,True,0,False
d88c4b18e,,5721,873,32,True,False,False,52,18,1,True,0,False
d8c71201a,,987,184,13,True,False,False,28,8,1,True,0,False
d8612db46,,2395,405,20,True,False,False,50,8,1,True,8,False
d8b5c2b34,,705,109,5,False,False,False,5,5,1,False,0,False
d87bac59e,,182,29,2,False,False,False,3,1,1,False,0,False
d8cbd7d34,,2662,403,16,False,False,False,37,19,1,True,0,False
d8caae958,,3066,504,28,True,False,False,93,21,1,True,1,False
d87f5cc34,,4647,743,38,True,False,False,123,25,1,True,0,False
d8a8fcc74,,3414,557,23,True,False,False,50,7,1,True,0,False
d8a120a0a,,1394,205,6,False,False,False,10,5,1,True,0,False
d813f9596,,125,20,1,False,False,False,1,1,1,False,0,False
d87aa36fc,,6176,996,49,True,False,False,89,14,1,True,5,False
d89e993f4,,2894,427,17,False,False,False,10,4,1,True,0,False
d8e134452,,3028,452,20,True,False,False,37,12,1,True,0,False
d81f2e650,,3096,553,26,True,False,False,101,12,1,True,0,True
d8af8aab4,,2191,360,15,False,False,False,33,10,1,True,3,False
d87b641a4,,1540,251,7,False,False,False,13,5,1,True,0,False
d88fd8ee6,,4681,761,32,True,False,False,72,22,1,True,0,False
d8a0e3d62,,2524,406,21,True,False,False,102,15,1,True,6,False
d86731aa6,,3198,471,18,False,False,False,4,1,1,True,0,False
d88424046,,763,112,5,False,False,False,5,0,0,False,0,False
d8aa75a92,,1757,279,16,True,False,False,27,4,1,True,1,False
d895cab2e,,3662,650,30,True,False,False,116,13,1,True,0,False
d86155baa,,1553,271,18,True,False,False,54,6,1,True,6,False
d823751e6,,5094,816,36,True,False,False,138,35,1,True,0,True
d8b901d68,,4620,734,42,True,False,False,62,11,1,True,20,False
d8e83c6b4,,2010,322,10,False,False,False,25,4,1,True,0,False
d884a138e,,951,136,5,False,False,False,0,0,0,False,0,False
d8cf9f4a8,,2048,303,13,False,False,False,1,0,0,False,0,False
d89d0b118,,751,102,5,False,False,False,11,4,1,True,0,False
d8aea74da,,2177,343,16,True,False,False,31,7,1,True,2,False
d86e8e29a,,480,81,2,False,False,False,5,2,1,True,0,False
d8c8d078a,,2100,401,20,True,False,False,83,17,1,True,18,False
d866fc8ec,,1770,258,10,False,False,False,0,0,0,False,0,False
d8957e68e,,1458,319,16,True,False,False,49,5,1,True,0,False
d831eadca,,5475,876,49,True,False,False,97,14,1,True,22,False
d8a02a100,,2389,369,15,True,False,False,26,16,1,False,9,False
d8b054260,,3805,636,31,True,False,False,48,8,1,True,9,False
d894b0054,,1653,297,17,True,False,False,66,6,1,True,0,False
d8685befe,,4888,726,36,False,False,False,16,4,1,True,0,False
d8bb12b52,,3774,636,32,True,False,False,90,14,1,True,1,False
d8ab11140,,2072,300,11,False,False,False,6,4,1,False,0,False
d81511794,,6548,1059,44,True,False,False,86,27,2,True,0,True
d8606f286,,972,195,24,True,False,False,73,2,1,True,0,False
d81cc5c06,,5228,844,24,False,False,False,60,19,1,True,11,True
d822f8074,,3564,591,26,True,False,False,128,36,1,True,0,False
d8693f3d4,,6173,915,47,False,False,False,66,17,1,True,0,False
d87fc1d1e,,8356,1363,65,True,False,False,146,48,1,True,25,False
d8634d05c,,3326,521,30,True,False,False,46,13,2,True,1,False
d86dabb66,,5071,876,57,True,False,False,142,22,1,True,1,False
d86793706,,3663,538,22,False,False,False,11,5,1,True,0,False
d8d590bfa,,3187,695,50,True,False,False,205,2,1,True,2,False
d86ec35c6,,12373,2103,102,True,False,False,313,59,2,True,18,False
d86a58b30,,904,138,8,False,False,False,5,1,1,True,0,False
d87c97dfa,,1686,318,24,True,False,False,74,4,1,True,0,False
d884c6c7e,,127,19,1,False,False,False,0,0,0,False,0,False
d8e6e6922,,2100,360,18,True,False,False,51,8,1,True,0,False
d87dc6924,,269,44,2,False,False,False,5,2,1,False,2,False
d8ce143d6,,2032,307,19,True,False,False,32,6,1,True,0,False
d8a59798a,,754,121,4,False,False,False,8,3,1,True,0,False
d8d73ee3e,,1652,301,20,True,False,False,185,9,1,True,8,False
d89f60b48,,2095,343,21,True,False,False,37,9,1,True,0,False
d8715150e,,6524,1029,46,True,False,False,147,24,1,True,1,False
d8b48ddc2,,6282,967,40,True,False,False,78,24,1,True,11,False
d8e96bc74,,2892,454,20,False,False,False,34,19,1,True,0,False
d8c9f2794,,7389,1101,40,True,False,False,104,40,1,True,15,False
d88b067ec,,548,84,4,True,False,False,5,1,1,True,0,False
d8d3624aa,,4803,775,32,True,False,False,69,20,1,True,1,False
d8b7593d0,,9390,1688,77,True,False,False,323,40,2,True,0,False
d8ec31648,,3250,522,24,True,False,False,68,13,1,True,0,False
d8af8aa14,,7845,1369,62,True,False,False,167,36,1,True,0,False
d89629728,,5544,923,33,True,False,False,91,34,1,True,18,False
d892f2636,,4202,668,23,False,False,False,30,13,1,True,0,False
d86a4187c,,1267,217,13,True,False,False,11,2,1,False,4,False
d8e3eb77c,,2583,422,15,True,False,False,74,11,1,True,0,False
d8c8df80c,,8774,1411,73,True,False,False,174,21,1,True,11,False
d8f8f83c2,,4694,721,31,True,False,False,50,14,1,True,6,False
d8eedf840,,1567,255,6,False,False,False,11,4,1,True,0,False
d8dd2a870,,241,41,2,False,False,False,3,1,1,False,0,False
d8bef6804,,1667,267,8,False,False,False,20,5,1,True,2,False
d8e879730,,6536,983,26,True,False,False,50,24,1,True,4,False
d8e29df1e,,1963,294,13,True,False,False,12,2,1,True,0,False
d899480ee,,4000,601,29,True,False,False,77,2,1,True,0,False
d83b5a252,,1011,171,6,False,False,False,32,7,1,True,3,True
d87f4fd7c,,1912,315,15,True,False,False,36,11,1,True,0,False
d8196f4da,,4247,650,32,True,False,False,27,5,1,True,0,True
d881637da,,746,124,12,True,False,False,33,8,1,True,3,False
d8c8c18fc,,4887,811,32,True,False,False,108,46,1,True,17,False
d880b06a8,,1049,165,10,True,False,False,41,9,1,True,0,False
d88020a1c,,1548,283,18,True,False,False,36,3,1,True,0,False
d8a569ac6,,2506,389,16,False,False,False,39,9,1,True,5,False
d8646ebe8,,1945,369,18,True,False,False,56,9,1,True,1,False
d871f34bc,,4446,834,41,True,False,False,263,7,1,True,0,False
d86c4fdee,,3844,648,30,True,False,False,72,12,1,True,3,False
d8e5e583e,,6563,1065,44,True,False,False,55,7,2,True,0,False
d8866b78c,,2146,317,10,False,False,False,17,8,1,False,0,False
d86c6676a,,8084,1380,61,True,False,False,103,4,1,True,0,False
d8ead86d4,,3931,736,45,True,False,False,333,5,1,True,5,False
d86c1f054,,150,25,1,False,False,False,2,2,1,False,0,False
d8cdb1e70,,2666,438,25,True,False,False,35,5,1,True,0,False
d89663e32,,3864,658,33,True,False,False,46,6,1,True,0,False
d8ae71100,,356,51,2,False,False,False,5,1,1,False,0,False
d8d9f1802,,1271,306,18,True,False,False,76,2,1,True,0,False
d88cf8c44,,4265,637,44,True,False,False,41,7,1,True,0,False
d8a5581c2,,6972,1111,53,True,False,False,132,19,1,True,0,False
d8acc08c4,,4886,922,52,True,False,False,258,6,1,True,8,False
d875b8d18,,6939,1213,50,True,False,False,102,18,1,True,9,False
d8cd2160e,,4363,745,53,True,False,False,80,13,1,True,0,False
d8a312750,,607,93,2,False,False,False,0,0,0,False,0,False
d896b9e68,,457,66,3,False,False,False,3,1,1,False,0,False
d8808fb56,,868,120,11,True,False,False,40,5,1,True,0,False
d871ce478,,151,24,1,False,False,False,1,0,0,False,0,False
d86ada45a,,407,62,5,True,False,False,7,2,1,True,0,False
d88143480,,3706,596,27,True,False,False,35,7,1,True,0,False
d81b3643a,,429,67,3,False,False,False,7,4,1,True,0,False
d8366a314,,2244,358,16,True,False,False,42,0,0,True,0,True
d8f748478,,3581,561,25,True,False,False,55,11,1,True,1,False
d8cc84aac,,3517,572,30,True,False,False,60,21,1,True,2,False
d8f66c6c6,,898,142,7,False,False,False,11,5,1,True,0,False
d8f0f2c04,,382,90,7,True,False,False,18,3,1,True,0,False
d87528b1e,,1877,292,17,True,False,False,30,2,1,False,2,False
d88940a84,,3894,773,45,True,False,False,214,21,1,True,16,False
d899e3c60,,1288,198,6,False,False,False,3,2,1,False,0,False
d84845926,,932,156,7,False,False,False,8,4,1,True,0,False
d8c555182,,5941,1092,44,True,False,False,144,10,1,True,0,False
d897e434c,,6731,1046,41,True,False,False,84,21,1,True,0,False
d8f8e1550,,1315,236,12,True,False,False,44,3,2,False,0,False
d8ded88c0,,43,6,1,False,False,False,1,0,0,False,0,False
d81ee4294,,3785,588,23,True,False,False,68,13,1,True,3,True
d8d83b49a,,3683,691,32,True,False,False,126,15,1,True,10,False
d86826452,,1807,252,10,False,False,False,6,3,1,False,0,False
d8177a896,,3566,830,40,True,False,False,227,32,1,True,8,True
d8923b166,,4883,833,45,True,False,False,169,14,1,True,0,False
d896ed98e,,1975,379,23,True,False,False,201,6,1,True,0,False
d8c9f28d4,,8460,1295,46,False,False,False,54,18,2,True,1,False
d813f95d2,,675,113,6,False,False,False,15,5,1,True,1,False
d899e3d0a,,2193,330,13,False,False,False,18,8,1,True,2,False
d885a08de,,5207,822,37,True,False,False,90,18,1,True,3,False
d88d22e5e,,3656,579,33,True,False,False,128,26,1,True,0,False
d8db8abe6,,1527,250,14,True,False,False,25,3,1,True,0,False
d89ed642a,,2617,400,27,True,False,False,54,8,1,True,1,False
d8b865850,,5695,840,34,False,False,False,38,8,1,True,0,False
d8e533c2e,,2892,450,19,True,False,False,47,9,1,True,2,False
d80ee281e,,2393,361,12,True,False,False,4,1,1,False,0,True
d88038892,,3234,493,20,False,False,False,31,11,1,True,1,False
d86089ce4,,3866,639,31,True,False,False,76,28,1,True,0,False
d899f1c8e,,3230,592,35,True,False,False,126,9,1,True,8,False
d8692d8b4,,6336,954,39,True,False,False,20,5,1,True,0,False
d899c5792,,2784,420,21,True,False,False,86,10,1,True,0,False
d8ee84184,,2998,513,25,True,False,False,72,30,1,True,0,False
d8ca88564,,2859,475,18,False,False,False,13,3,1,False,1,False
d8170ca26,,3642,539,29,True,False,False,48,20,1,True,0,False
d8b97f092,,3509,547,26,True,False,False,62,24,1,True,0,False
d8a7c2570,,2594,424,21,True,False,False,66,14,1,True,8,False
d813cd34c,,1189,188,9,False,False,False,2,2,1,False,0,True
d8a391104,,465,75,2,False,False,False,12,2,1,False,0,False
d8f415ada,,3463,534,20,False,False,False,12,6,1,False,5,False
d8e541bc6,,3576,637,28,True,False,False,82,8,1,True,6,False
d85e3eaac,,1871,309,14,True,False,False,33,9,1,True,0,False
d81139478,,5475,929,47,True,False,False,168,26,1,True,15,True
d8ab28bf6,,1542,239,16,True,False,False,43,1,1,True,0,False
d8d5049a2,,6041,991,45,True,False,False,138,25,1,True,0,False
d8b8275be,,1172,192,13,True,False,False,34,15,1,False,0,False
d89a3858a,,4898,752,32,True,False,False,63,4,1,True,15,False
d8d5dd70c,,5487,850,41,True,False,False,93,26,1,True,6,False
d87445238,,3722,708,41,True,False,False,258,10,1,True,12,False
d8b2d576e,,1160,178,8,False,False,False,18,5,1,True,0,False
d8199caca,,1722,256,12,False,False,False,15,7,1,True,3,True
d89c92ac4,,6026,903,44,True,False,False,42,7,1,True,0,False
d8ef7f7dc,,2719,422,23,True,False,False,34,6,1,True,2,False
d897d0afe,,7936,1222,45,True,False,False,148,23,1,True,7,False
d8187d7d4,,4547,735,34,True,False,False,94,46,1,True,0,True
d8c0f5c22,,3631,801,31,True,False,False,423,10,1,True,10,False
d86fcfd5c,,2920,472,16,False,False,False,41,15,1,True,0,False
d85fc67b2,,856,155,6,True,False,False,44,9,2,True,0,False
d8bad3e52,,3578,609,33,True,False,False,160,36,1,True,0,False
d8b6f9994,,3851,602,34,True,False,False,48,4,1,True,0,False
d8d4984be,,3554,582,29,True,False,False,64,19,1,True,0,False
d8bc6e564,,115,17,1,False,False,False,0,0,0,False,0,False
d89309656,,1966,380,21,True,False,False,53,14,2,True,12,False
d860fdf18,,7395,1553,78,True,False,False,288,25,1,True,0,False
d894c2fd8,,2754,483,31,True,False,False,82,20,1,True,0,False
d8acffae2,,1991,295,11,False,False,False,22,8,1,True,1,False
d8a8410b4,,3854,621,28,True,False,False,80,5,1,True,2,False
d8c9cfa32,,3771,609,30,True,False,False,56,19,1,True,11,False
d8373b0ea,,1135,204,18,True,False,False,49,5,1,True,0,True
d8d858518,,3598,546,44,True,False,False,26,6,2,True,0,False
d88fe4d2c,,1007,154,8,False,False,False,8,3,1,True,0,False
d8d33019e,,1319,249,17,True,False,False,61,2,1,True,4,False
d816bd994,,6757,1242,71,True,False,False,304,21,1,True,0,True
d8960fa12,,3213,474,21,False,False,False,9,0,0,False,0,False
d87f3c466,,1607,240,10,False,False,False,7,4,1,False,1,False
d8cef8130,,977,151,4,False,False,False,5,4,1,True,0,False
d873e1ea4,,1646,265,8,False,False,False,12,3,1,True,1,False
d8a391294,,597,101,6,False,False,False,0,0,0,False,0,False
d8db8ad80,,1197,240,13,True,False,False,52,1,1,True,1,False
d8ebf3906,,768,113,5,False,False,False,2,0,0,False,0,False
d8a51094e,,4274,690,28,True,False,False,102,31,1,True,0,False
d870a76bc,,3160,532,22,True,False,False,102,13,1,True,8,False
d8823b360,,5034,805,35,True,False,False,140,36,1,True,35,False
d8200a948,,4881,755,23,False,False,False,50,14,1,True,2,True
d8996d98e,,5855,939,41,True,False,False,85,16,1,True,16,False
d8e1a7ea2,,1512,296,18,True,False,False,55,6,1,True,0,False
d881ef082,,2053,313,11,False,False,False,13,7,1,True,0,False
d87c65300,,2948,456,16,False,False,False,21,2,1,False,0,False
d88f4ee76,,5074,885,38,True,False,False,139,31,1,True,3,False
d8c5ed9be,,3344,526,27,True,False,False,35,8,1,True,0,False
d8b190b56,,5273,963,46,True,False,False,400,18,1,True,0,False
d875f1cee,,4332,700,31,True,False,False,100,21,1,True,12,False
d8771f0ee,,661,135,13,True,False,False,59,3,1,True,0,False
d88c78e7c,,1623,305,19,True,False,False,46,4,1,True,0,False
d8861eebe,,3751,556,22,False,False,False,12,4,1,True,1,False
d8e316d06,,4849,873,39,True,False,False,175,19,1,True,8,False
d8f3d38b0,,3650,603,27,True,False,False,33,3,1,True,0,False
d8738a384,,595,89,3,False,False,False,5,1,1,True,2,False
d8922bfe0,,3352,496,17,False,False,False,17,7,2,True,2,False
d8e7d7624,,614,97,4,False,False,False,5,4,1,True,0,False
d8992644e,,2745,421,23,True,False,False,35,12,1,True,3,False
d811fc02c,,4355,652,22,False,False,False,47,21,1,True,0,True
d885792ac,,3995,852,38,True,False,False,242,3,1,True,15,False
d89bd48f8,,1758,276,6,False,False,False,27,6,1,False,11,False
d8f458e84,,940,144,8,False,False,False,3,2,1,False,0,False
d8aa044e6,,492,74,3,False,False,False,11,5,1,True,0,False
d8f64b016,,371,51,3,False,False,False,4,2,1,False,0,False
d87290578,,1195,240,12,True,False,False,74,7,1,True,0,False
d8d3c556e,,706,137,12,True,False,False,32,6,1,True,0,False
d8f77068a,,5432,795,28,True,False,False,53,17,2,True,4,False
d86e2d724,,1705,247,12,False,False,False,18,7,1,True,0,False
d86f5c884,,2307,350,14,True,False,False,35,15,1,True,7,False
d8e1d0c12,,178,32,1,False,False,False,3,2,1,False,0,False
d8def8148,,4065,639,30,True,False,False,65,36,1,True,0,False
d87817e9c,,1937,298,12,False,False,False,9,3,1,True,1,False
d8a9cb484,,889,147,7,False,False,False,22,7,1,True,0,False
d8bf5bf24,,4370,709,35,True,False,False,79,31,2,True,0,False
d8ef90762,,1873,304,17,True,False,False,48,21,1,True,4,False
d8a779e38,,7086,1048,37,False,False,False,25,9,1,True,0,False
d89b8a23a,,2086,318,11,False,False,False,13,7,1,True,0,False
d8ed98c98,,5265,855,28,True,True,False,59,10,1,True,0,False
d886a1080,,4269,915,41,True,False,False,479,29,1,True,0,False
d86ae82f8,,9337,1541,89,True,False,False,211,32,1,True,20,False
d8ef609f4,,443,66,3,False,False,False,0,0,0,False,0,False
d8aa3afdc,,3592,550,31,True,False,False,43,4,1,True,2,False
d8bdc4eb8,,2786,446,18,True,False,False,92,37,1,True,5,False
d89eb8934,,737,106,5,False,False,False,8,1,1,True,0,False
d89b2417e,,3665,596,40,True,False,False,57,8,1,True,11,False
d8f565598,,2550,489,25,True,False,False,69,8,1,True,3,False
d8aa644cc,,1901,272,10,False,False,False,21,4,1,True,0,False
d82def5b8,,194,29,2,False,False,False,5,2,1,False,0,False
d8dec8510,,1745,466,25,True,False,False,98,3,1,False,0,False
d8f92177c,,4115,634,26,False,False,False,63,23,1,True,2,False
d8904bd6a,,3501,598,39,True,False,False,89,17,1,True,0,False
d83427aa2,,4317,662,27,True,False,False,60,19,1,True,0,True
d8815546e,,4095,778,52,True,False,False,151,23,1,True,15,False
d8f1dad60,,6177,979,43,True,False,False,87,21,1,True,1,False
d8e98cb86,,558,99,3,False,False,False,9,5,1,True,1,False
d86760da6,,1860,396,29,True,False,False,202,5,1,True,0,False
d88e0d51c,,1955,312,17,True,False,False,24,5,1,True,0,False
d8b8b1d4a,,7157,1082,57,True,False,False,119,19,1,True,6,False
d8d1725aa,,2361,408,23,True,False,False,55,19,1,True,0,False
d8c85463a,,972,148,4,False,False,False,11,2,1,True,0,False
d8cdb1ee8,,2794,441,21,True,False,False,58,9,1,True,1,False
d861946de,,882,136,6,False,False,False,6,3,1,False,0,False
d8c9260ea,,4772,758,29,True,False,False,55,15,1,True,0,False
d80f34c5e,,4527,697,26,False,False,False,55,14,2,True,3,True
d8cea6632,,2946,642,32,True,False,False,153,16,1,True,0,False
d892b089e,,4194,777,41,True,False,False,133,23,1,True,11,False
d8b975fba,,2707,465,27,True,False,False,72,8,1,True,1,False
d82787a7c,,1242,225,14,True,False,False,21,2,1,True,0,True
d8cc9e0b0,,3743,573,25,True,False,False,41,6,1,True,0,False
d8b15bee2,,494,94,9,True,False,False,19,7,1,True,0,False
d85d850de,,3107,456,17,False,False,False,18,4,1,True,5,False
d8c504cf0,,6161,1003,45,True,False,False,102,26,1,True,0,False
d890650e4,,6258,990,47,True,False,False,160,16,1,True,0,False
d865befd4,,1102,243,23,True,False,False,82,4,1,True,28,False
d88511288,,2619,448,23,True,False,False,59,6,1,True,0,False
d88cdb45a,,5675,952,43,True,False,False,381,17,1,True,2,False
d8dfc292a,,4883,722,30,True,False,False,43,15,1,True,2,False
d8912bd02,,3968,640,28,True,False,False,60,12,1,True,4,False
d8e1a7ede,,349,64,6,True,False,False,17,5,1,True,0,False
d8894d3c4,,1101,171,9,False,False,False,4,2,2,True,1,False
d8c397cb4,,2633,418,27,False,False,False,53,25,1,True,21,False
d84d37858,,6482,1414,68,True,False,False,244,7,1,True,0,False
d81635a8a,,827,113,4,False,False,False,2,0,0,False,0,True
d887e6742,,3804,546,22,False,False,False,50,20,1,True,0,False
d8df06176,,3545,568,31,True,False,False,79,5,1,True,0,False
d8749dcd0,,1081,193,13,True,False,False,24,6,1,True,2,False
d899fdbf6,,1441,200,7,False,False,False,1,1,1,False,0,False
d8e9bc5c0,,5016,918,41,True,False,False,167,15,1,True,23,False
d8b4779b4,,940,152,3,False,False,False,23,3,1,True,0,False
d896784c2,,638,118,4,False,False,False,3,2,1,False,0,False
d8b6272c8,,4388,733,39,True,False,False,85,25,1,True,7,False
d829eda8c,,5719,852,34,True,False,False,50,24,2,False,22,True
d867936a2,,2023,314,13,False,False,False,17,4,1,True,0,False
d81bf4304,,3708,612,30,True,False,False,94,25,2,True,2,True
d8dd7a7bc,,5571,958,42,True,False,False,255,27,1,True,14,False
d8e79b796,,1230,176,7,False,False,False,0,0,0,False,0,False
d8baf47d8,,809,200,12,True,False,False,57,6,1,True,0,False
d89fc2e56,,445,63,3,False,False,False,9,2,1,True,0,False
d8861f0c6,,3375,555,28,True,False,False,95,4,1,True,2,False
d877b0daa,,1517,277,16,True,False,False,34,9,1,True,0,False
d8e5614b2,,2400,368,19,True,False,False,68,6,1,True,0,False
d8acffa88,,1301,260,18,True,False,False,65,9,1,True,4,False
d8f66c86a,,4351,692,30,True,False,False,63,7,1,True,0,False
d89db7396,,4392,667,36,True,False,False,49,4,1,True,0,False
d8a488648,,4083,636,23,True,False,False,51,34,1,True,0,False
d8a626b58,,1157,201,14,True,False,False,14,2,1,True,0,False
d86bb72ce,,1767,265,11,False,False,False,35,18,1,True,0,False
d8b34cea4,,3319,551,35,True,False,False,118,16,1,True,0,False
d8d3a9a58,,3152,482,16,False,False,False,23,2,1,True,0,False
d8e561610,,4337,674,32,True,False,False,64,19,1,True,3,False
d89eb8a42,,887,145,4,False,False,False,3,2,1,False,0,False
d884c6b7a,,1444,218,10,False,False,False,47,9,1,True,3,False
d8e29e072,,1006,181,11,True,False,False,14,7,2,False,6,False
d8ad8a16a,,642,91,4,False,False,False,7,3,1,True,0,False
d8aa3af82,,3753,612,27,True,False,False,66,25,1,True,0,False
d8e77b018,,192,22,1,False,False,False,0,0,0,False,0,False
d834c4fbe,,677,95,3,False,False,False,7,3,1,True,1,True
d8ec03e78,,6003,967,52,True,False,False,130,47,1,True,12,False
d8267f33c,,3607,567,24,False,False,False,42,20,1,True,0,False
d8c28a966,,4517,729,31,True,False,False,97,27,1,True,0,False
d82ba7300,,4571,844,34,True,False,False,198,14,1,True,5,True
d861be1f0,,2211,367,10,False,False,False,40,8,1,True,5,False
d8be45e46,,7381,1339,67,True,False,False,198,35,1,True,31,False
d8baf4710,,5464,911,46,True,False,False,126,17,1,True,2,False
d89d478d4,,2682,429,27,True,False,False,32,9,1,True,0,False
d8855245e,,8128,1325,53,True,False,False,79,23,1,True,5,False
d86c4fd12,,3904,605,31,True,False,False,46,21,1,True,2,False
d89db754e,,3094,589,30,True,False,False,89,3,1,True,14,False
d8f0945a0,,1048,204,13,True,False,False,39,1,1,True,0,False
d8c823ff8,,2484,477,34,True,False,False,84,1,1,True,4,False
d8d5c9702,,4068,695,26,True,False,False,91,23,1,True,0,False
d8d97be04,,6815,1294,57,True,False,False,431,16,2,True,22,False
d8a00cde4,,2484,405,19,True,False,False,54,21,1,True,5,False
d8bb57810,,5145,1037,43,True,False,False,163,17,1,True,2,False
d87aa3602,,572,113,8,True,False,False,14,2,1,False,0,False
d8d5a12a2,,2424,404,20,True,False,False,50,8,1,True,8,False
d89710e5c,,4678,758,28,True,False,False,76,25,1,True,0,False
d894cfe18,,2165,355,17,True,False,False,38,7,1,True,3,False
d86bc2976,,2312,368,14,False,False,False,29,9,1,True,0,False
d89bd4948,,2457,444,29,True,False,False,58,8,1,True,4,False
d82384d26,,1814,290,9,False,False,False,25,7,1,True,2,True
d8adec3d8,,123,16,2,False,False,False,1,0,0,False,0,False
d89bcbf0a,,743,145,10,True,False,False,70,5,1,True,0,False
d811dc0c4,,4733,722,35,True,False,False,51,13,1,True,8,True
d8cff52b8,,4196,664,34,True,False,False,66,17,1,True,0,False
d8192296e,,1133,166,8,False,False,False,16,3,1,True,0,True
d87adb1ba,,3168,515,18,True,False,False,84,10,1,True,4,False
d8e90cb20,,3509,620,26,True,False,False,76,26,1,True,1,False
d80f19ad0,,3020,512,23,True,False,False,146,18,1,True,0,False
d8d90421e,,433,56,2,False,False,False,0,0,0,False,0,False
d8805ef2e,,2701,599,35,True,False,False,219,4,1,True,0,False
d86f2acb2,,740,119,3,False,False,False,9,3,1,True,1,False
d811145d8,,315,40,2,False,False,False,1,1,1,False,0,False
d873efd9c,,3962,554,20,False,False,False,48,23,1,True,8,False
d887d2e5e,,659,99,4,False,False,False,0,0,0,False,0,False
d89788e98,,3190,491,17,False,False,False,54,26,1,True,0,False
d8a2a82c4,,7178,1153,54,True,False,False,184,63,1,True,23,False
d81447bb0,,393,69,4,False,False,False,9,3,1,True,0,True
d8366a198,,1127,175,5,False,False,False,11,3,2,False,2,True
d8a3e19ec,,1020,149,2,False,False,False,30,12,1,True,0,False
d8ed98b44,,3031,522,23,True,False,False,79,29,1,True,0,False
d8ac21a12,,5021,930,58,True,False,False,259,5,1,True,12,False
d8c5948b4,,1383,232,13,True,False,False,55,10,1,True,0,False
d8731061a,,2216,388,26,True,False,False,67,11,1,True,6,False
d88fb4c3a,,4284,656,22,True,False,False,54,11,1,True,4,False
d87e7df5c,,173,25,1,False,False,False,4,2,1,False,0,False
d8e92add2,,346,55,2,False,False,False,0,0,0,False,0,False
d82223aea,,1964,389,16,True,False,False,107,16,1,True,0,True
d8f536d6a,,5475,873,36,True,False,False,108,36,1,True,17,False
d85fc68ac,,1440,244,18,True,False,False,42,4,1,True,0,False
d88908e0e,,1153,160,7,False,False,False,0,0,0,False,0,False
d86337fcc,,5471,862,38,True,False,False,38,9,1,True,4,False
d8848a472,,3683,549,20,False,False,False,35,10,1,True,6,False
d867e1334,,1847,293,10,False,False,False,34,9,1,True,2,False
d87f294e2,,897,148,8,False,False,False,25,3,1,True,0,False
d8b42c23e,,1224,222,14,True,False,False,59,5,1,True,1,False
d89ca8734,,4063,593,26,False,False,False,7,2,1,True,0,False
d87cdcd38,,6356,1049,43,True,False,False,122,16,1,True,2,False
d8614a6ba,,1567,251,16,True,False,False,25,5,1,True,14,False
d86fac618,,5840,902,36,True,False,False,70,20,1,True,10,False
d87508bfc,,1474,232,8,False,False,False,8,7,1,False,1,False
d8c6d6af6,,4699,730,44,True,False,False,70,33,1,True,6,False
d874d7764,,3634,540,29,True,False,False,82,19,1,True,0,False
d8e11c19a,,1316,209,12,False,False,False,5,0,0,True,0,False
d89b8a1ea,,5098,722,34,False,False,False,48,9,1,True,0,False
d8b4b954e,,4125,723,35,True,False,False,104,30,1,True,2,False
d8292c4f4,,4344,718,27,True,False,False,126,44,1,True,5,True
d81ad282c,,4701,807,37,True,False,False,119,32,2,True,9,False
d896fc722,,2750,496,19,True,False,False,81,11,1,True,17,False
d8e3440ee,,3519,531,19,True,False,False,61,22,1,True,0,False
d827ba4e0,,1505,247,11,False,False,False,35,12,1,True,1,True
d8eabdf1e,,3920,616,22,False,False,False,73,44,1,True,0,False
d81a04fe4,,956,194,11,True,False,False,52,4,1,True,23,True
d876def6c,,4307,675,23,True,False,False,127,23,1,True,10,False
d855e7660,,5058,913,45,True,False,False,247,12,1,True,57,True
d86b8b296,,8570,1422,57,True,False,False,167,44,1,True,8,False
d8cbf245e,,1866,299,17,True,False,False,78,2,1,True,0,False
d89e8cfd2,,2470,338,12,False,False,False,0,0,0,False,0,False
d838f2014,,4442,716,32,True,False,False,67,22,1,True,1,True
d8aa1de78,,7664,1262,58,True,False,False,96,31,1,True,10,False
d8d78367e,,5304,863,45,True,False,False,80,3,1,True,5,False
d8201ba86,,660,103,4,False,False,False,15,8,1,True,3,True
d86efa9c2,,2808,441,22,True,False,False,65,25,1,True,0,False
d8abbd9ea,,1077,203,16,True,False,False,58,4,1,True,0,False
d8d3031ee,,1978,290,7,False,False,False,7,0,0,True,0,False
d8d3a9cf6,,4064,603,16,False,False,False,13,5,1,True,0,False
d8733fe06,,6071,1173,62,True,False,False,420,16,1,True,8,False
d8130c8b8,,3819,534,19,False,False,False,27,23,1,True,0,False
d87c7cba4,,5773,935,36,True,False,False,63,22,2,True,13,False
d8200a704,,4074,654,29,False,False,False,52,28,1,True,12,True
d87a7e320,,3981,550,25,False,False,False,26,7,1,True,5,False
d862a7d1e,,9007,1440,71,True,False,False,148,44,2,True,10,False
d8882d4d0,,7302,1179,51,True,False,True,17,5,1,True,7,False
d88d9aaf8,,4830,755,30,True,False,False,79,13,1,True,13,False
d8ba90ae4,,906,178,11,True,False,False,69,9,1,True,15,False
d8b9e8010,,2673,513,21,True,False,False,134,23,1,True,29,False
d8c279846,,5081,760,36,True,False,False,17,8,1,True,0,False
d8bd9730a,,3754,553,24,False,False,False,30,14,1,True,1,False
d828efd06,,3608,543,19,False,False,False,15,6,1,False,2,True
d8157dbe2,,4212,668,36,True,False,False,24,3,1,False,1,True
d88362cf2,,5679,1001,44,True,False,False,247,15,1,True,0,False
d8b54696c,,849,146,4,False,False,False,14,8,1,True,2,False
d8a7e495e,,1510,231,9,False,False,False,1,1,1,False,0,False
d817bc002,,668,100,3,False,False,False,6,4,1,True,1,True
d87558fa8,,1791,248,14,False,False,False,9,3,1,False,0,False
d8ecca10e,,743,137,9,True,False,False,14,3,1,False,10,False
d894afe60,,2230,335,21,True,False,False,45,5,1,True,0,False
d8e29de60,,2816,540,24,True,False,False,168,8,1,True,0,False
d870f47fa,,5996,1137,53,True,False,False,336,7,1,True,8,False
d82223914,,2726,435,23,True,False,False,50,14,1,True,0,True
d8a7dd1d6,,4405,655,26,True,False,False,31,10,1,True,1,False
d8757db50,,2507,466,30,True,False,False,57,10,1,True,9,False
d8d530ad4,,1109,183,14,True,False,False,22,5,1,True,0,False
d8a3625c0,,4845,706,20,False,False,False,22,8,1,True,0,False
d8d064956,,786,123,5,False,False,False,6,2,1,False,0,False
d8c13b57e,,5958,1078,47,True,False,False,210,21,1,True,6,False
d8f6f561a,,5460,927,38,True,False,False,179,42,2,True,35,False
d8922c0f8,,873,141,7,False,False,False,5,2,1,True,0,False
d89337c86,,221,34,2,False,False,False,2,0,0,False,0,False
d810fb3a8,,4950,851,32,True,False,False,83,17,1,True,6,False
d88c07088,,3185,518,23,True,False,False,56,20,1,True,4,False
d8c32704a,,2173,317,11,False,False,False,3,1,1,False,0,False
d8b605380,,1044,166,6,False,False,False,13,4,1,True,1,False
d8e09d250,,4111,664,34,True,False,False,21,7,2,True,6,False
d8f5fa986,,7350,1272,74,True,False,False,259,34,1,True,2,False
d88df2a50,,2487,373,13,False,False,False,23,6,1,True,0,False
d87303884,,2882,595,26,True,False,False,126,9,1,True,8,False
d89efb8ec,,4468,660,37,True,False,False,29,5,1,True,0,False
d8f1daee6,,1384,232,12,True,False,False,35,10,1,True,14,False
d8e316c34,,813,150,10,True,False,False,27,8,1,True,0,False
d85fbdbf8,,831,128,7,False,False,False,15,9,1,True,4,False
d8dc8cc10,,2907,587,42,True,False,False,178,8,1,True,24,False
d8f3a7328,,5936,1044,41,True,False,False,126,8,1,True,9,False
d8989909e,,2953,476,21,True,False,False,87,7,1,True,12,False
d8d1db14a,,3227,458,15,False,False,False,16,3,1,False,1,False
d8a9a08ce,,5858,929,41,True,False,False,155,26,2,True,1,False
d88d15d1c,,2474,367,13,False,False,False,21,7,1,True,0,False
d8b8ccf8c,,2898,444,16,False,False,False,13,9,1,False,0,False
d8dcbef62,,1505,227,9,False,False,False,21,10,1,True,0,False
d8b2d5822,,2757,444,17,False,False,False,44,15,1,True,2,False
d8f29f8a4,,757,122,4,False,False,False,2,1,1,False,0,False
d8dd6ab28,,2372,362,14,True,False,False,36,15,1,True,7,False
d85f8ac4e,,2608,435,17,True,False,False,77,11,1,True,0,False
d8f3c12b4,,2602,425,20,True,False,False,43,14,1,True,2,False
d87119492,,2614,414,12,False,False,False,14,3,1,True,0,False
d87194b2e,,2622,510,24,True,False,False,124,6,1,True,0,False
d8b2fbb1c,,2585,376,12,False,False,False,4,2,1,False,0,False
d8c1619cc,,2426,346,12,False,False,False,2,2,1,False,0,False
d88453bca,,9056,1409,63,True,False,False,124,34,2,True,4,False
d8cfe9f80,,1872,304,10,False,False,False,40,23,1,True,0,False
d8b8a5a90,,303,47,2,False,False,False,1,0,0,False,0,False
d89821922,,5179,838,31,True,False,False,124,7,1,True,0,False
d8f25f5b0,,2570,411,20,False,False,False,51,24,1,True,0,False
d8922c0b2,,5044,786,29,False,False,False,18,5,1,True,0,False
d8f5faa62,,1862,243,10,False,False,False,1,0,0,False,0,False
d8f2cb3aa,,4382,668,28,True,False,False,38,9,1,True,0,False
d8843b296,,2348,334,7,False,False,False,0,0,0,False,0,False
d8a480560,,2200,340,15,True,False,False,36,9,1,True,0,False
d892f27b2,,1337,245,15,True,False,False,55,2,1,True,3,False
d8d0d5322,,3016,568,25,True,False,False,123,9,1,True,14,False
d87e20550,,3974,616,25,True,False,False,65,19,1,True,0,False
d8e0b4df6,,1631,325,14,True,False,False,84,6,1,True,10,False
d85fbdd7e,,3093,507,20,True,False,False,35,11,1,True,0,False
d881a79ee,,2136,349,13,False,False,False,23,4,1,True,4,False
d8e65de38,,733,113,5,False,False,False,3,3,1,False,0,False
d8de7ef0a,,1993,417,29,True,False,False,177,4,1,True,0,False
d817d4832,,911,180,13,True,False,False,35,1,1,True,0,True
d8e00839e,,2902,558,23,True,False,False,176,13,1,True,0,False
d8ac2194a,,1569,242,13,True,False,False,31,4,2,True,0,False
d8f861922,,5764,945,52,True,False,False,147,29,2,True,21,False
d8b406534,,3460,569,31,True,False,False,84,19,1,True,4,False
d822f8178,,4734,946,40,True,False,False,353,4,1,True,32,False
d8af691c0,,4228,836,48,True,False,False,418,9,1,True,0,False
d8bd31654,,4426,694,36,True,False,False,57,6,1,True,2,False
d821eba82,,1474,268,14,True,False,False,42,9,1,True,0,True
d8aec2f00,,3047,499,14,False,False,False,43,19,1,True,2,False
d8684b77a,,3989,592,25,False,False,False,15,6,1,False,3,False
d88465f0a,,2259,367,16,True,False,True,68,9,1,True,0,False
d8d575d1e,,4031,636,23,False,False,False,40,22,1,True,9,False
d88863c6a,,3107,503,20,True,False,False,69,20,1,True,0,False
d871ce2ca,,184,27,1,False,False,False,0,0,0,False,0,False
d8f65b948,,6023,957,50,True,False,False,73,21,1,True,1,False
d829d9be0,,241,34,2,False,False,False,0,0,0,False,0,True
d871ce36a,,1248,192,8,False,False,False,21,10,1,True,2,False
d82b41fe6,,4136,640,28,True,False,False,66,22,1,True,0,True
d816429f6,,368,54,3,False,False,False,2,2,1,False,0,False
d88a70f80,,574,107,10,True,False,False,11,3,1,False,0,False
d8956daaa,,959,145,7,False,False,False,12,3,1,True,0,False
d8ed6daca,,848,117,5,False,False,False,12,2,1,True,0,False
d8200a63c,,2303,339,15,False,False,False,5,1,1,True,0,True
d8ed76530,,1913,305,18,True,False,False,58,17,1,True,0,False
d87dd6c84,,2168,369,21,True,False,False,66,6,1,True,0,False
d8aaa2ace,,4735,793,32,True,False,False,67,12,1,True,0,False
d8ea046c2,,1055,159,5,False,False,False,6,4,1,False,0,False
d88aec84c,,3086,502,12,False,False,False,33,7,2,True,3,False
d8d8c159a,,279,42,3,False,False,False,7,3,1,True,0,False
d8d590b32,,822,124,4,False,False,False,4,1,1,False,0,False
d8785f10c,,778,115,4,False,False,False,11,4,1,True,0,False
d89f26ed4,,4002,641,29,True,False,False,39,6,1,True,0,False
d8a6a4102,,579,108,8,True,False,False,22,2,1,True,0,False
d8bb68444,,4031,674,31,True,False,False,67,14,1,True,2,False
d8c692c3e,,2007,299,10,False,False,False,34,13,1,True,0,False
d8cd8aac8,,1519,243,9,False,False,False,14,3,2,True,1,False
d888eaaee,,3601,527,22,False,False,False,14,7,1,True,0,False
d8d8c1504,,5974,1064,63,True,False,False,105,15,1,True,0,False
d895ff2de,,5435,946,43,True,False,False,164,22,1,True,2,False
d8cadcb32,,12612,2053,103,True,False,False,389,42,1,True,0,False
d8e3eb8f8,,2077,398,18,True,False,False,153,7,1,True,0,False
d81a04f9e,,1835,319,17,True,False,False,66,13,1,True,24,True
d8e2b4bd8,,3442,712,42,True,False,False,358,2,1,True,0,False
d8d0595ba,,1659,258,10,False,False,False,21,4,1,True,4,False
d8d2957ac,,2860,450,25,False,False,False,40,19,1,True,0,False
d8a4fbf62,,2181,356,26,True,False,False,31,3,1,False,8,False
d8816feb8,,393,63,2,False,False,False,6,4,1,False,0,False
d8bb57748,,2742,454,22,True,False,False,102,9,1,True,0,False
d87a987c0,,1708,345,17,True,False,False,175,8,1,True,0,False
d848458d6,,404,68,3,False,False,False,0,0,0,False,0,False
d8955ba26,,2102,325,16,True,False,False,22,11,1,True,0,False
d87a5cb6c,,258,38,1,False,False,False,0,0,0,False,0,False
d86b5f308,,2814,466,26,True,False,False,54,12,1,True,8,False
d88d34dfc,,2785,460,14,False,False,False,29,12,1,True,5,False
d8dd135ee,,4920,785,35,True,False,False,84,24,2,True,2,False
d879b9ade,,6074,950,46,True,False,False,113,26,2,True,0,False
d8836be10,,6165,987,44,True,False,False,127,27,1,True,9,False
d8670e88a,,1977,312,16,True,False,False,28,9,1,True,0,False
d8622c79a,,1191,184,6,False,False,False,18,5,1,True,1,False
d86481b4e,,4880,805,38,True,False,False,50,8,1,True,1,False
d8b33d864,,2925,492,27,True,False,False,44,8,1,True,0,False
d815665c8,,4260,675,26,False,False,False,57,19,1,True,3,True
d890e02e4,,3147,512,23,True,False,False,63,8,1,True,0,False
d8b2fbbd0,,1135,163,7,False,False,False,8,6,1,True,0,False
d8d72edfe,,2799,414,20,True,False,False,18,7,1,True,0,False
d87a37a24,,1552,270,9,True,False,False,57,5,1,True,0,False
d86f5c974,,3102,654,34,True,False,False,315,24,1,True,0,False
d86686688,,326,51,2,False,False,False,3,1,1,True,0,False
d86a78732,,610,96,10,True,False,False,10,1,1,True,0,False
d8e11c0be,,3354,506,17,False,False,False,19,4,1,True,0,False
d8b6f9af2,,2880,451,14,False,False,False,31,8,1,True,4,False
d81128380,,3996,675,15,False,False,False,33,6,2,True,4,True
d8b308d4e,,896,132,6,False,False,False,0,0,0,False,0,False
d829d9ab4,,112,16,1,False,False,False,3,1,1,False,0,True
d8aa2da3a,,3721,643,29,True,False,False,123,33,1,True,19,False
d8a149bb2,,1039,195,13,True,False,False,47,6,1,True,3,False
d8d2a5b2a,,5230,878,49,True,False,False,85,8,1,True,0,False
d8dec8560,,1645,406,20,True,False,False,74,3,1,True,0,False
d87068872,,3487,541,27,True,False,False,35,5,1,True,0,False
d86e2d864,,3208,485,18,False,False,False,19,2,1,False,9,False
d8b7d4e4a,,3880,601,33,True,False,False,18,4,1,False,0,False
d8d5feef2,,1996,327,19,True,False,False,87,21,1,True,8,False
d89c4f864,,1834,236,8,False,False,False,0,0,0,False,0,False
d8d757452,,4717,746,26,True,False,False,80,19,1,True,1,False
d8abea972,,2799,463,27,True,False,False,73,3,1,True,9,False
d8b054346,,1433,249,18,True,False,False,43,11,1,True,0,False
d8738a15e,,2505,429,25,True,False,False,40,8,1,True,3,False
d8b131368,,3348,543,27,True,False,False,29,9,1,True,0,False
d89e6465e,,466,75,3,False,False,False,10,5,1,False,2,False
d82441ab6,,2251,403,18,True,False,False,60,16,1,True,5,True
d8f0b4f76,,3506,572,26,True,False,False,52,11,1,False,37,False
d8cfb1ff4,,1086,159,7,False,False,False,15,5,1,True,0,False
d81f2e70e,,3365,531,21,True,False,False,49,14,1,True,2,True
d887e6684,,1755,299,16,True,False,False,49,11,1,True,0,False
d88100c0c,,5861,927,41,True,False,False,70,15,1,True,0,False
d8c7d2b26,,1983,329,22,True,False,False,33,6,1,True,14,False
d8cdb1dda,,2888,472,23,True,False,False,53,11,1,True,2,False
d8609ed10,,5490,1025,41,True,False,False,99,16,1,True,0,False
d810a5264,,3786,555,20,False,False,False,36,14,1,True,1,False
d855e7520,,3166,518,21,False,False,False,52,21,1,True,6,True
d86cf710c,,883,144,6,False,False,False,27,16,1,True,4,False
d8aa75894,,3181,511,22,True,False,False,62,24,1,True,0,False
d8cd349ac,,2114,312,11,False,False,False,2,0,0,False,0,False
d8abb3274,,947,155,10,True,False,False,29,7,1,True,0,False
d871ce2fc,,645,95,5,False,False,False,17,7,1,True,0,False
d8dc496ae,,3319,561,27,True,False,False,70,24,1,True,0,False
d86030c34,,7515,1156,55,True,False,False,82,17,1,True,3,False
d880d3cf2,,4125,655,18,False,False,False,72,17,1,True,8,False
d828cab8c,,597,94,5,False,False,False,15,6,1,True,2,True
d8174de7c,,6361,1034,33,True,False,False,118,47,1,True,6,False
d8ca03418,,5106,865,47,True,False,False,116,11,1,True,15,False
d88aec6a8,,614,101,8,True,False,False,14,3,1,True,0,False
d880f107c,,2426,353,15,False,False,False,14,4,1,False,4,False
d8f125794,,4954,868,37,True,False,False,112,7,1,False,1,False
d82a10406,,3500,570,32,True,False,False,108,24,1,True,12,True
d898c4514,,3687,607,37,True,False,False,101,16,1,True,0,False
d8a9cb434,,8484,1589,65,True,False,False,210,41,1,True,12,False
d895bc510,,4119,700,29,True,False,False,55,19,2,False,18,False
d8ef54d16,,4985,785,35,True,False,False,76,8,1,True,0,False
d86f5ca32,,2997,474,15,False,False,False,30,12,1,True,12,False
d86200604,,486,110,13,True,False,False,33,3,1,True,0,False
d893b46e6,,3758,705,30,True,False,False,179,11,1,True,10,False
d87851cf0,,156,23,1,False,False,False,0,0,0,False,0,False
d810dcc28,,2712,502,27,True,False,False,94,27,1,True,2,False
d83ac8546,,2177,355,17,True,False,False,39,9,1,True,1,True
d8d9982c0,,1159,208,16,True,False,False,43,7,1,True,11,False
d8bd317c6,,12619,2092,102,True,False,False,369,58,1,True,5,False
d81a4d5be,,434,70,3,False,False,False,7,3,1,False,0,True
d8df14ed8,,2375,392,20,True,False,False,40,6,1,True,0,False
d8f34d3f0,,2842,391,21,True,False,False,26,7,2,False,19,False
d8f0a74d4,,5917,1017,41,True,False,False,177,27,1,True,5,False
d8734bd96,,2406,356,13,False,False,False,8,0,0,False,0,False
d8c60dfc0,,5780,868,40,True,False,False,19,3,1,True,0,False
d8d20b836,,1854,305,14,False,False,False,7,6,2,False,0,False
d86eac52e,,3051,494,25,True,False,False,75,17,1,True,8,False
d884f24c8,,1078,175,8,False,False,False,3,0,0,False,1,False
d87c71f74,,9885,1614,68,True,False,False,129,33,1,True,8,False
d87ef40c6,,3335,621,25,True,False,False,89,10,1,True,10,False
d88d0bbf0,,5643,932,38,True,False,False,65,11,1,False,12,False
d8abfd1e4,,4301,714,34,True,False,False,83,25,1,True,3,False
d8e075f5c,,1840,286,12,False,False,False,17,11,1,True,1,False
d88aa4862,,5701,916,41,True,False,False,69,22,1,True,10,False
d8f6a87b6,,1025,223,13,True,False,False,34,3,1,False,0,False
d8edcea5a,,1366,215,12,True,False,False,22,8,1,True,0,False
d8dc6d73e,,4497,772,39,True,False,False,70,30,1,True,14,False
d8608195e,,830,124,4,False,False,False,5,1,1,True,0,False
d8888e000,,610,131,11,True,False,False,56,6,2,True,4,False
d8f40b580,,2539,475,19,True,False,False,49,10,1,True,0,False
d8edb975e,,1226,190,5,False,False,False,24,9,1,True,3,False
d88c4b120,,5822,922,40,True,False,False,59,18,1,True,0,False
d8df5fe92,,1458,249,12,True,False,False,37,8,1,True,13,False
d86ce3cba,,6139,1073,61,True,False,False,195,41,1,True,4,False
d8ae0610c,,249,35,2,False,False,False,1,0,0,False,0,False
d8bc8d338,,4675,901,59,True,False,False,424,18,1,True,0,False
d8738a348,,812,122,3,False,False,False,9,4,1,True,2,False
d8e5a9780,,4636,784,33,True,False,False,65,5,1,True,0,False
d874be264,,3858,625,27,True,False,False,68,15,1,True,14,False
d8aac31b6,,315,68,6,True,False,False,13,2,1,True,3,False
d8a44de1c,,4187,637,23,False,False,False,34,12,1,True,3,False
d89337d94,,728,105,5,False,False,False,5,2,1,True,0,False
d88ea2428,,2036,318,17,True,False,False,20,2,1,True,2,False
d88a11dc8,,4954,777,42,True,False,False,103,20,1,True,4,False
d8c28a7c2,,1053,172,11,True,False,False,14,4,1,True,2,False
d8a854402,,514,107,8,True,False,False,22,1,1,True,0,False
d875162f2,,1094,173,5,False,False,False,6,1,1,True,0,False
d8727efa8,,2460,363,15,False,False,True,18,4,1,True,1,False
d8cf9f426,,839,183,12,True,False,False,50,4,1,True,0,False
d8bd67632,,3116,514,12,False,False,False,30,12,1,False,2,False
d8c528556,,4447,771,36,True,False,False,330,44,1,True,0,False
d8c3dd70a,,5905,982,48,True,False,False,124,11,1,True,5,False
d8d7837e6,,4915,763,35,True,False,False,47,14,1,True,1,False
d8a7f54d4,,1723,273,15,True,False,False,21,5,1,True,0,False
d87f3c38a,,460,73,2,False,False,False,10,2,1,True,0,False
d86040026,,2246,359,17,True,False,False,65,15,1,True,0,False
d89309584,,547,116,10,True,False,False,40,3,1,True,0,False
d89db74b8,,1656,375,20,True,False,False,78,1,1,True,12,False
d861b4718,,2386,381,17,True,False,False,51,15,1,True,7,False
d8e42cefc,,1467,276,14,True,False,False,6,1,1,False,0,False
d877bddc0,,3392,522,19,False,False,False,27,10,1,True,1,False
d819d2670,,810,117,4,False,False,False,8,2,1,False,0,False
d8cfa9d68,,3758,677,39,True,False,False,103,10,1,True,0,False
d8f310004,,7018,1068,46,True,False,False,56,11,1,True,1,False
d8dc23724,,4569,734,35,True,False,False,100,26,1,True,7,False
d886a113e,,2384,359,12,False,False,False,5,3,1,False,0,False
d89337a42,,597,103,5,False,False,False,18,6,1,True,4,False
d838d6698,,4194,767,36,True,False,False,141,12,1,True,0,True
d81922a0e,,3930,595,24,False,False,False,0,0,0,False,0,True
d8ce7fc30,,6663,1126,52,True,False,False,154,26,1,True,50,False
d8bd97436,,1331,207,10,False,False,False,2,0,0,False,0,False
d890fbb7a,,7941,1225,57,True,False,False,97,16,1,True,3,False
d8f64afd0,,1825,282,9,False,False,False,21,8,1,True,0,False
d85dcd58c,,4944,732,20,False,False,False,23,5,1,True,1,False
d8d2dc882,,3995,639,32,False,False,False,47,24,2,True,0,False
d8b9e7f8e,,523,113,8,True,False,False,45,5,1,True,0,False
d8aff5116,,545,87,4,False,False,False,11,6,1,True,0,False
d8b78e904,,3186,529,27,True,False,False,56,7,2,True,0,False
d868cc262,,2059,314,15,False,False,False,9,0,0,False,0,False
d884a1492,,152,23,2,False,False,False,3,3,1,False,0,False
d8ebf38c0,,1997,319,10,False,False,False,7,0,0,False,0,False
d8ac575d6,,3167,583,30,True,False,False,211,16,1,True,0,False
d884c6c4c,,36,4,1,False,False,False,0,0,0,False,0,False
d8d90416a,,9273,1554,79,True,False,False,177,21,1,True,19,False
d8115b370,,4312,698,28,True,False,False,86,18,2,True,2,True
d877c9d5a,,969,180,13,True,False,False,45,7,1,True,2,False
d87e2e614,,757,125,4,False,False,False,6,1,1,False,2,False
d889639e4,,1378,247,17,True,False,False,88,1,1,True,4,False
d8b740984,,2340,351,22,True,False,False,37,11,1,True,0,False
d8ddf9a58,,132,39,7,True,False,False,11,5,1,True,0,False
d8b57cd96,,1345,190,9,False,False,False,14,0,0,True,0,False
d8ab7e902,,3301,533,27,True,False,False,58,17,1,True,0,False
d87809a7c,,6169,1025,53,True,False,False,140,22,1,True,0,False
d8d289efc,,3266,552,37,True,False,False,48,14,1,True,0,False
d85f61e70,,2633,569,25,True,False,False,245,19,1,True,10,False
d83562dcc,,4322,779,40,True,False,False,152,11,1,True,13,True
d8ba5ab88,,659,110,5,False,False,False,6,3,1,True,0,False
d8c66145e,,1764,312,19,True,False,False,47,4,1,True,0,False
d895bc588,,1969,378,25,True,False,False,69,11,1,True,9,False
d8be6b8c6,,2751,428,19,False,False,False,26,9,2,True,4,False
d8e264520,,6008,933,37,True,False,False,49,19,1,True,0,False
d8745ac5a,,5475,900,39,True,False,False,55,7,1,True,4,False
d885c461c,,1025,204,9,True,False,False,46,2,1,True,10,False
d8ef1941e,,1110,158,6,False,False,False,3,2,1,True,0,False
d8d0737d0,,5509,899,36,True,False,False,82,28,1,True,0,False
d8968dee4,,1816,287,12,False,False,False,3,1,1,False,1,False
d8d46fcd0,,445,73,7,True,False,False,15,1,1,False,0,False
d8dbce9a4,,2227,335,12,False,False,False,2,1,1,False,1,False
d814c1370,,3602,564,25,True,False,False,48,9,1,True,0,True
d8ae49862,,667,97,3,False,False,False,0,0,0,False,0,False
d8b0d15d0,,10730,1736,83,True,False,False,198,17,1,True,9,False
d8c5400d4,,1591,269,19,True,False,False,39,9,1,True,0,False
d888db120,,2479,442,25,True,False,False,84,14,1,True,0,False
d8ed4357c,,141,20,1,False,False,False,0,0,0,False,0,False
d8316fd3c,,2910,462,23,True,False,False,39,15,1,True,0,True
d8b7c30be,,9813,1498,58,True,False,False,114,19,2,True,8,False
d8d2ea5ae,,3992,672,25,True,False,False,105,1,1,True,0,False
d88ef270c,,3717,709,38,True,False,False,148,19,1,True,28,False
d86c04b96,,2550,443,19,True,False,False,29,6,1,True,2,False
d8ef54c26,,5313,860,39,True,False,False,89,17,1,True,1,False
d867e13b6,,1672,257,8,False,False,False,21,7,1,True,0,False
d882fa012,,1218,264,24,True,False,False,72,3,1,True,0,False
d86875c6e,,2476,413,13,False,False,False,60,23,1,True,1,False
d873efc5c,,722,116,5,False,False,False,18,11,1,True,0,False
d837f6002,,1781,288,16,True,False,False,33,11,1,True,3,True
d89337b00,,787,119,3,False,False,False,9,2,1,True,2,False
d888774f4,,2819,470,24,True,False,False,80,3,1,True,0,False
d8712c6dc,,3536,645,30,True,False,False,145,11,1,True,0,False
d8cc509a0,,6649,1098,48,True,False,False,148,28,1,True,0,False
d82223b9e,,1849,239,10,False,False,False,1,0,0,False,0,True
d8b308f06,,2611,380,11,False,False,False,18,6,1,False,0,False
d8c1da598,,735,117,7,False,False,False,20,8,1,True,0,False
d867e1424,,2318,341,14,False,False,False,6,2,1,True,0,False
d8c7f4014,,4212,660,25,True,False,False,61,18,1,True,2,False
d8e613194,,2974,491,24,True,False,False,102,12,1,True,0,False
d8c0d8046,,3437,591,25,True,False,False,121,21,1,True,0,False
d8817e2ec,,4738,821,42,True,False,False,173,19,1,True,2,False
d8eeb9d70,,3500,547,28,True,False,False,78,18,1,True,0,False
d8f67cbd4,,1365,230,15,True,False,False,29,3,1,True,3,False
d89813a84,,893,199,14,True,False,False,69,1,1,True,0,False
d88fb4d0c,,544,83,2,False,False,False,10,4,1,True,0,False
d8d72ed7c,,2326,409,20,True,False,False,72,16,1,True,9,False
d89d22d86,,6236,1171,54,True,False,False,224,9,1,True,12,False
d8edb97cc,,2024,317,11,False,False,False,46,17,1,True,4,False
d86fbfb82,,2834,542,25,True,False,False,98,19,1,True,18,False
d81cc5b7a,,3603,676,31,True,False,False,160,22,1,True,70,True
d81328f7c,,1150,193,8,True,False,False,23,4,1,True,3,False
d8b68d6fe,,6455,1167,52,True,False,False,549,7,1,True,0,False
d8dc495b4,,2756,505,23,True,False,False,69,16,1,True,2,False
d8e2e8a78,,1464,259,15,True,False,False,53,9,1,True,0,False
d871b1e68,,1792,292,10,False,False,False,15,4,1,True,4,False
d818cb4d4,,3893,674,35,True,False,False,113,29,1,True,17,True
d876af55a,,4579,841,34,True,False,False,199,29,1,True,20,False
d86e0dc30,,1232,167,7,False,False,False,3,1,1,False,0,False
d87d57966,,3008,469,27,True,False,False,161,10,1,True,0,False
d86bdfada,,2999,435,23,True,False,False,37,3,1,True,0,False
d8db0b21a,,1147,175,6,False,False,False,10,3,1,True,0,False
d81bc4cbc,,3555,563,28,True,False,False,84,14,1,True,16,True
d86df4e88,,2081,326,18,True,False,False,19,3,1,True,1,False
d8a0158ae,,3834,621,25,True,False,False,44,21,1,True,6,False
d875e5ef8,,3544,572,29,True,False,False,114,11,1,True,0,False
d87574c6c,,3272,508,26,True,False,False,44,3,1,True,0,False
d8cf927d0,,4413,731,35,True,False,False,143,20,1,True,4,False
d8e7eb908,,5081,975,41,True,False,False,185,14,1,True,0,False
d8b70ff82,,2750,429,17,False,False,False,2,0,0,False,0,False
d877720c8,,1628,236,11,False,False,False,29,12,1,True,0,False
d8bb3cc7c,,1264,213,10,True,False,False,30,9,1,True,0,False
d8807dadc,,3386,544,41,True,False,False,34,3,1,True,2,False
d8baf4788,,471,87,7,True,False,False,29,4,1,True,0,False
d87a5cc98,,897,134,6,False,False,False,2,1,1,False,0,False
d82715832,,4036,654,35,True,False,False,121,23,2,True,3,True
d8dd4ba5c,,8134,1313,57,True,False,False,134,15,1,True,0,False
d86e1fb56,,3135,542,20,True,False,False,70,23,1,True,17,False
d87d3528a,,4362,705,39,True,False,False,33,5,1,True,3,False
d8dbbb9b2,,3380,502,23,False,False,False,22,17,2,True,0,False
d86081ad0,,2205,319,11,False,False,False,27,11,1,True,4,False
d8be9b9f4,,4003,633,28,True,False,False,39,22,1,True,0,False
d8b513620,,3268,496,25,True,False,False,33,7,1,True,3,False
d8663c02e,,525,86,2,False,False,False,4,3,1,False,0,False
d8259f480,,2306,324,13,False,False,False,1,1,1,False,0,True
d874ac6cc,,289,40,2,False,False,False,3,1,1,False,0,False
d88f44214,,4588,702,32,True,False,False,55,1,1,True,1,False
d827ba47c,,1400,228,15,True,False,False,38,8,1,True,0,True
d8f67cb5c,,835,167,12,True,False,False,24,3,1,True,0,False
d8956da64,,1709,244,9,False,False,False,1,0,0,False,0,False
d8ce91e6c,,2372,413,15,True,False,False,62,11,1,True,25,False
d881a7994,,7269,1125,39,False,False,False,79,26,1,True,9,False
d829d9bae,,889,125,5,False,False,False,0,0,0,False,0,True
d86a8766a,,959,220,17,True,False,False,98,3,1,True,24,False
d824fd022,,4576,715,30,True,False,False,60,28,1,True,0,True
d86b2f75c,,1509,236,11,False,False,False,11,4,1,False,1,False
d85ff2d4e,,3124,676,35,True,False,False,128,12,1,True,12,False
d8ac67e0e,,4756,727,42,True,False,False,25,13,1,True,2,False
d863d0164,,3047,531,32,True,False,False,79,5,1,True,16,False
d8caf3544,,2390,413,21,True,False,False,38,9,1,True,4,False
d8cd216b8,,3372,586,32,True,False,False,103,25,1,True,16,False
d885790f4,,427,65,4,False,False,False,2,1,1,True,0,False
d89b7bdb6,,1796,291,22,True,False,False,51,11,1,True,0,False
d89e7752e,,3772,594,26,True,False,False,14,3,1,True,0,False
d8d064866,,2344,387,13,False,False,False,43,14,1,True,5,False
d8afd3a84,,2611,437,14,True,False,False,44,17,1,True,8,False
d8b6052d6,,1732,272,10,False,False,False,26,11,1,True,1,False
d81d04d98,,2508,442,20,True,False,False,105,13,1,True,32,True
d8e605f9e,,3966,655,34,True,False,False,108,11,1,True,2,False
d8a22dbf0,,6833,1106,42,True,False,False,80,35,1,True,0,False
d875e5fac,,3855,597,26,True,False,False,87,10,1,True,0,False
d810cc896,,2593,471,30,True,False,False,90,9,1,True,19,True
d89151d86,,2885,449,32,True,False,False,36,18,1,True,0,False
d8b9e804c,,303,59,4,True,False,False,13,1,1,True,0,False
d8bbdd0f0,,2674,499,23,True,False,False,137,15,1,True,4,False
d8e727fc6,,7572,1542,68,True,False,False,541,16,1,True,15,False
d8f6ea4ae,,4506,722,36,True,False,False,106,11,1,True,3,False
d89678350,,974,151,4,False,False,False,6,3,1,False,0,False
d8a71dfde,,6462,1037,51,True,False,False,99,33,1,True,0,False
d89d0af10,,2805,450,18,False,False,False,43,10,1,True,0,False
d826042f4,,4191,671,27,True,False,False,64,16,1,True,37,True
d822f8204,,3257,513,18,True,False,False,63,10,1,True,0,False
d8681abde,,8233,1445,83,True,False,False,313,16,1,True,0,False
d8bb34284,,803,148,10,True,False,False,62,6,1,True,0,False
d8c029956,,2815,574,39,True,False,False,130,9,1,True,0,False
d87119438,,2078,377,16,True,False,False,54,14,1,True,0,False
d89b1ac28,,200,42,4,True,False,False,6,2,1,True,2,False
d8c6c15a2,,3793,586,26,True,False,False,32,9,2,True,0,False
d8ced74e4,,1512,319,16,True,False,False,52,4,1,True,0,False
d8b000818,,4344,625,32,True,False,False,48,8,1,True,3,False
d8b0a1f2e,,1019,200,12,True,False,True,45,14,1,True,0,False
d8f1fedfa,,3777,590,28,True,False,False,61,19,2,True,0,False
d825b9a24,,5225,984,51,True,False,False,361,21,1,True,0,True
d86ca146e,,2536,408,18,True,False,False,35,21,1,True,0,False
d8894d572,,3151,461,25,True,False,False,28,2,2,False,0,False
d8155940e,,4569,708,38,True,False,False,35,14,1,True,0,False
d874ac64a,,290,39,2,False,False,False,3,1,1,False,0,False
d828caaf6,,3066,498,24,True,False,False,45,5,1,True,13,True
d8bc9fe52,,9928,1587,70,True,False,False,163,22,1,True,2,False
d89055176,,2758,430,21,True,False,False,44,18,1,True,0,False
d87c7cac8,,8382,1373,62,True,False,False,66,15,1,True,0,False
d8aacb9ec,,1504,258,16,True,False,False,64,7,1,True,2,False
d875a10dc,,2006,296,12,False,False,False,0,0,0,False,0,False
d896783dc,,888,123,4,False,False,False,2,1,1,False,0,False
d883f9472,,5022,834,42,True,False,False,99,35,1,True,0,False
d8630aa72,,3528,601,29,True,False,False,97,4,1,True,32,False
d87bb6846,,4189,665,28,True,False,False,51,15,1,True,0,False
d8c849834,,2642,482,24,True,False,False,110,18,1,True,11,False
d8abfd0a4,,5354,923,47,True,False,False,161,21,1,True,0,False
d8617c7fa,,875,150,8,True,False,False,40,4,1,True,0,False
d891c7040,,637,107,8,True,False,False,24,6,1,True,0,False
d8cbcc060,,4221,730,42,True,False,False,119,36,1,True,7,False
d89f26fc4,,3718,740,58,True,False,False,158,1,1,True,0,False
d842dcd9a,,958,180,12,True,False,False,62,1,1,True,0,True
d86e58208,,1650,250,8,False,False,False,7,5,1,True,0,False
d8b3fe74e,,1904,364,23,True,False,False,13,0,0,False,0,False
d8202fdb0,,1880,352,22,True,False,False,79,5,1,True,6,True
d8a0461fc,,3063,727,31,True,False,False,217,10,1,True,8,False
d8da667ce,,3027,467,15,False,False,False,22,8,1,True,0,False
d8364bcd4,,2994,470,23,True,False,False,53,21,1,True,11,True
d85eb4400,,3966,632,38,True,False,False,48,11,1,True,19,False
d8b8bf12a,,3818,568,24,True,False,True,50,13,1,True,8,False
d888b5a88,,1048,213,13,True,False,False,62,1,1,True,0,False
d8a2d0954,,3557,540,26,True,False,False,45,4,1,True,0,False
d8f25f70e,,1863,262,11,False,False,False,6,1,1,False,0,False
d82a93dba,,5235,880,38,True,False,False,126,9,2,True,0,False
d8bbdd096,,674,138,11,True,False,False,34,6,1,True,0,False
d8b5a1a56,,867,141,7,False,False,False,11,2,1,True,0,False
d861e3874,,1475,216,6,False,False,False,4,2,1,False,0,False
d8cb2d460,,1833,320,16,True,False,False,38,7,1,True,0,False
d898cf7a2,,1827,281,11,False,False,False,22,10,1,True,0,False
d89f60c42,,2815,534,35,True,False,False,86,10,1,True,0,False
d890e01ea,,2963,464,17,False,False,False,22,10,2,True,1,False
d8b6054e8,,1481,208,7,False,False,False,4,2,1,True,0,False
d8f0480ec,,2123,353,18,True,False,False,48,15,1,True,0,False
d8822dba2,,942,155,6,False,False,False,0,0,0,False,0,False
d8d63803a,,453,88,5,True,False,False,29,0,0,True,0,False
d89abe4a0,,9116,1465,61,True,False,False,102,28,1,True,3,False
d8cf74302,,3655,571,23,True,False,False,89,18,1,True,11,False
d813b8dac,,1076,202,11,True,False,False,29,10,1,True,7,True
d89d37498,,831,122,5,False,False,False,10,4,1,True,0,False
d8e226522,,3846,676,40,True,False,False,192,29,2,True,0,False
d8b3b7592,,4544,682,28,True,False,False,62,10,1,True,0,False
d86e7a89e,,3757,618,24,True,False,False,91,11,1,True,5,False
d8b4148be,,4177,732,36,True,False,False,100,5,1,True,0,False
d87e8c5de,,817,138,7,False,False,False,10,6,1,True,1,False
d88cdb522,,3232,545,24,True,False,False,54,17,1,True,10,False
d86f2af6e,,118,16,1,False,False,False,1,0,0,False,0,False
d8cbf259e,,888,149,11,True,False,False,35,5,1,True,3,False
d87809b94,,4490,741,32,True,False,False,154,24,1,True,15,False
d89aa9500,,689,116,4,False,False,False,1,1,1,False,0,False
d8ae712d6,,1813,281,10,False,False,False,10,3,2,True,0,False
d8aa80474,,3499,565,27,True,False,False,94,21,1,True,15,False
d89bcbd98,,1781,298,13,False,False,False,16,6,2,True,0,False
d8c868e5a,,535,79,10,False,False,False,4,0,0,False,0,False
d8a6aff20,,2216,331,10,False,False,False,2,1,1,False,0,False
d88c6eed6,,4307,711,33,True,False,False,85,20,1,True,2,False
d883cacf8,,635,91,3,False,False,False,0,0,0,False,0,False
d8f4c3b76,,1003,152,5,False,False,False,6,2,1,False,0,False
d8bef68b8,,4772,828,39,True,False,False,76,7,1,True,9,False
d8bf28386,,557,99,9,True,False,False,24,3,1,True,0,False
d8f47a660,,1082,202,12,True,False,False,43,4,1,True,0,False
d8d23299a,,503,97,11,True,False,False,42,3,1,True,0,False
d8f889846,,2681,439,18,True,False,False,49,10,1,True,1,False
d8b308ea2,,2239,362,15,False,False,False,42,22,2,True,0,False
d888ccc10,,677,120,8,True,False,False,13,3,1,True,0,False
d86b2f8ec,,3985,740,36,True,False,False,142,32,1,True,34,False
d86f92c72,,8266,1298,49,True,False,False,99,40,1,True,8,False
d8ec13184,,3491,555,30,True,False,False,30,4,1,True,1,False
d891ea8a6,,1175,258,18,True,False,False,132,3,1,True,23,False
d8f125474,,1757,294,14,True,False,False,49,18,1,True,0,False
d86389f84,,4418,696,35,True,False,False,96,22,1,True,0,False
d8f8e1492,,715,107,8,True,False,False,18,5,1,True,0,False
d88dcb82e,,2016,322,7,False,False,False,37,8,2,True,4,False
d8617c836,,787,129,7,True,False,False,8,2,1,False,4,False
d8a06dedc,,1005,165,12,True,False,False,12,5,1,True,0,False
d8bd741ca,,560,114,6,True,False,False,27,7,1,True,5,False
d82729a08,,704,113,3,False,False,False,8,1,1,False,0,True
d8b4b94ea,,464,81,7,True,False,False,5,1,1,False,0,False
d89e5456a,,1870,417,22,True,False,False,123,3,1,True,1,False
d8be8d0f2,,7512,1259,71,True,False,False,215,8,1,True,5,False
d889ff1a0,,1798,261,11,False,False,False,20,8,1,True,0,False
d815e5b7a,,4745,748,26,True,False,False,61,15,2,True,12,True
d821ebc62,,7639,1262,67,True,False,False,186,22,2,True,3,True
d87e41cd2,,786,132,11,True,False,False,24,4,1,True,1,False
d8c118fb0,,453,63,3,False,False,False,5,1,1,False,0,False
d875492ba,,3129,518,24,False,False,False,27,9,1,True,7,False
d8d1463e2,,7869,1336,64,True,False,False,218,25,1,True,11,False
d8f5faa08,,2260,371,17,True,False,False,41,12,1,True,0,False
d82e92a38,,5742,929,41,True,False,False,43,11,1,True,0,False
d86052168,,1912,373,23,True,False,False,118,6,1,True,8,False
d85fde092,,1019,191,8,True,False,False,38,5,1,True,1,False
d8dcdc814,,5953,1024,50,True,False,False,216,29,1,True,2,False
d87e20474,,5279,953,45,True,False,False,111,17,1,True,7,False
d8b5136ac,,3093,569,39,True,False,False,73,5,1,True,2,False
d887d2ea4,,1168,204,14,True,False,False,40,17,1,False,10,False
d8e77b1a8,,9680,1817,87,True,False,False,398,18,1,True,102,False
d82aee5bc,,6797,1158,63,True,False,False,191,16,2,True,3,True
d8ab979a2,,560,105,9,True,False,False,15,4,1,True,2,False
d82739890,,6477,1031,47,True,False,False,112,39,1,True,12,True
d883294e8,,649,104,4,False,False,False,5,1,1,True,0,False
d8bcea420,,5486,935,36,True,False,False,134,33,1,True,0,False
d891a8730,,4513,799,41,True,False,False,141,32,1,True,5,False
d871ce28e,,1758,277,9,False,False,False,7,0,0,False,0,False
d87e0e76a,,2390,378,22,True,False,False,78,21,1,True,0,False
d874df5f4,,4119,660,30,True,False,False,56,12,1,True,0,False
d8ad376cc,,841,203,9,True,False,False,28,4,1,True,0,False
d8204ff2a,,3170,502,19,False,False,False,42,23,1,True,2,True
d86f6bb2c,,3279,502,21,False,False,False,14,1,1,False,3,False
d8822dbde,,892,138,4,False,False,False,8,3,1,False,0,False
d85f2a150,,3983,644,33,True,False,False,45,16,1,True,0,False
d87981c2e,,2267,338,15,True,False,False,23,8,1,True,4,False
d86cf721a,,3282,523,24,False,False,False,50,15,1,True,9,False
d8e49359e,,2319,378,18,True,False,False,29,11,1,True,0,False
d86fac3e8,,3644,591,26,True,False,False,72,23,1,True,9,False
d85e51e86,,4640,689,29,True,False,False,34,8,1,True,2,False
d8e62f77c,,1230,172,7,False,False,False,0,0,0,False,0,False
d8ac92dca,,3416,560,29,True,False,False,35,0,0,False,0,False
d8f5e01b2,,2899,473,22,True,False,False,46,15,1,True,0,False
d8e211884,,2130,408,29,True,False,False,70,11,1,True,30,False
d86eeb1b6,,3331,544,29,True,False,False,48,16,1,True,0,False
d8b09080a,,3784,641,27,True,False,False,87,13,2,True,5,False
d898ef16a,,640,99,5,False,False,False,9,3,1,True,0,False
d8f7cddb2,,3801,799,45,True,False,False,142,22,1,True,40,False
d8a3ffbc2,,1970,323,14,True,False,False,41,5,1,True,0,False
d885c441e,,702,151,17,True,False,False,53,15,1,True,0,False
d8ed89996,,2952,490,18,False,False,False,50,18,2,False,2,False
d8adec338,,96,17,1,False,False,False,0,0,0,False,0,False
d89644988,,540,109,10,True,False,False,19,2,1,True,0,False
d8bf0d680,,3089,715,29,True,False,False,198,13,1,True,17,False
d8857913a,,412,61,4,False,False,False,10,6,1,True,0,False
d8ee8cf64,,2692,440,20,True,False,False,46,22,1,True,9,False
d8e8ef002,,2289,339,17,False,False,False,17,6,1,True,0,False
d874be48a,,9914,1648,70,True,False,False,251,41,2,True,1,False
d826041e6,,2863,464,27,True,False,False,40,10,1,True,1,True
d8bcd0868,,1924,366,21,True,False,False,65,2,1,True,0,False
d88cf8cf8,,1393,238,18,True,False,False,42,6,1,True,0,False
d81ee42da,,1012,168,10,True,False,False,35,13,1,True,0,True
d89754544,,3601,591,14,False,False,False,71,23,1,True,1,False
d855e732c,,1820,279,16,True,False,False,29,3,1,True,0,True
d8671f392,,3670,603,21,True,False,False,78,25,1,True,5,False
d8e4936fc,,3020,493,21,True,False,False,105,16,1,True,4,False
d8af97426,,967,150,8,False,False,False,9,2,1,True,0,False
d80f0a8e6,,1581,254,8,False,False,False,13,5,1,True,0,False
d8ef9083e,,2016,319,15,True,False,False,34,11,1,True,4,False
d8d34d88e,,2823,439,23,True,False,False,43,6,1,True,0,False
d8a0c9322,,4477,673,31,True,False,False,55,15,1,True,1,False
d8adf5fa0,,862,131,6,False,False,False,3,2,1,False,0,False
d873574a2,,4990,802,36,True,False,False,59,17,1,True,2,False
d8bfb33fa,,1039,145,5,False,False,False,4,2,1,False,0,False
d8c3d3804,,4822,865,51,True,False,False,207,6,1,True,2,False
d8cd2174e,,2093,316,15,False,False,False,7,1,1,True,2,False
d89883442,,5495,949,37,True,False,False,309,35,1,True,6,False
d889fefb6,,1143,174,6,False,False,False,26,7,1,True,0,False
d898dd8e8,,207,31,1,False,False,False,2,0,0,True,0,False
d86d03254,,1440,216,8,False,False,False,3,0,0,False,0,False
d8a6e7038,,2281,382,21,True,False,False,60,16,2,True,1,False
d882f9ee6,,3658,601,24,True,False,False,90,43,1,True,7,False
d8e09d34a,,6460,1118,46,True,False,False,169,30,1,True,11,False
d85fde11e,,1424,201,11,False,False,False,0,0,0,False,0,False
d8b3d7a5e,,5429,922,45,True,False,False,148,30,1,True,4,False
d86200672,,4508,308,42,True,False,False,133,22,1,True,4,False
d8d9f196a,,5342,856,36,True,False,False,95,21,1,True,0,False
d8809fa9c,,4765,748,38,True,False,False,98,21,1,True,0,False
d82267aec,,3887,658,27,True,False,False,89,26,1,True,13,True
d89a255f2,,775,159,6,True,False,False,54,12,1,True,0,False
d872efed8,,1063,146,7,False,False,False,2,0,0,False,0,False
d85eea596,,2769,450,17,False,False,False,43,23,1,True,5,False
d85e2076e,,2495,336,8,False,False,False,3,1,1,False,0,False
d8809fb3c,,3859,669,41,True,False,False,147,15,1,True,18,False
d8d569cd0,,9423,1545,66,True,False,False,204,21,1,True,1,False
d815e5c7e,,4209,647,25,True,False,False,51,16,1,True,0,True
d8e533da0,,3572,763,36,True,False,False,137,4,1,True,0,False
d888b59ac,,738,133,11,True,False,False,25,6,1,True,0,False
d86e1fba6,,2229,334,10,False,False,False,6,1,1,False,1,False
d8cccb9c0,,1719,279,12,False,False,False,44,8,1,True,0,False
d8d33fb58,,1923,307,12,False,False,False,10,5,2,True,1,False
d8e69fea0,,5808,921,45,True,False,False,47,11,1,True,5,False
d8ae49b5a,,551,80,2,False,False,False,7,1,1,True,0,False
d87a7e244,,1933,319,13,False,False,False,29,9,2,True,3,False
d862150d6,,1841,309,19,True,False,False,55,9,1,True,0,False
d8c7f40b4,,4817,878,33,True,False,False,156,9,2,True,1,False
d86b2f860,,3124,505,19,False,False,False,17,7,1,False,0,False
d8a616a3c,,1409,201,6,False,False,False,2,1,1,False,0,False
d8caa04c0,,4074,917,36,True,False,False,196,5,1,True,0,False
d89c3825e,,4396,667,38,True,False,False,90,14,1,True,3,False
d873c182a,,1496,239,10,False,False,False,44,10,1,True,0,False
d86c3bcfe,,623,128,10,True,False,False,29,6,1,True,0,False
d8692d9b8,,4812,886,35,True,False,False,158,3,1,True,0,False
d8ec31706,,1006,163,13,True,False,False,9,2,1,True,0,False
d899ac38c,,6112,996,46,True,False,False,122,11,1,True,0,False
d86389ee4,,924,167,7,True,False,False,31,3,1,True,9,False
d8926f902,,1082,160,7,False,False,False,2,1,1,False,0,False
d8ea98444,,949,163,18,True,False,False,17,0,0,True,0,False
d8b3b7650,,4081,644,29,True,False,False,50,20,1,True,0,False
d8d4983b0,,3277,477,10,False,False,False,25,5,1,True,0,False
d8a813952,,3664,692,35,True,False,False,132,16,1,True,0,False
d8b94b080,,14486,2341,109,True,False,False,287,75,1,True,43,False
d8f62a05a,,1128,183,7,False,False,False,6,2,1,False,1,False
d86dbb3cc,,3204,613,32,True,False,False,163,16,1,True,4,False
d8f5e022a,,1709,284,11,True,False,False,23,6,1,True,1,False
d86b4c2da,,3076,572,25,True,False,False,105,5,1,True,0,False
d8e39a23c,,3246,523,13,False,False,False,5,0,0,False,3,False
d8d83b5ee,,1060,166,13,True,False,False,4,1,1,True,0,False
d89337e02,,2059,301,10,False,False,False,11,7,1,True,0,False
d8b477d56,,3257,634,41,True,False,False,239,7,1,True,0,False
d88c78e36,,4032,627,30,True,False,False,48,13,1,True,5,False
d86edfc4e,,2280,380,16,True,False,False,39,12,1,True,3,False
d866e51ba,,4821,790,39,True,False,False,78,21,1,True,1,False
d81d4e1aa,,327,45,2,False,False,False,1,0,0,False,0,True
d862c3e24,,2106,374,25,True,False,False,48,20,1,True,6,False
d891db18a,,9867,1651,70,True,False,False,59,24,2,True,13,False
d8b66f44c,,1625,250,11,True,False,False,26,9,1,True,2,False
d8973c304,,3667,557,26,True,False,False,69,7,1,True,0,False
d86a506a6,,1126,203,14,True,False,False,47,2,1,True,0,False
d833929f2,,2167,337,20,True,False,False,12,6,1,False,0,False
d8f016664,,1678,292,21,True,False,False,42,1,1,True,1,False
d870402f0,,1835,242,14,False,False,False,3,2,1,False,0,False
d8e373f4c,,2404,478,23,True,False,False,71,8,1,True,0,False
d8a04618e,,5301,842,36,True,False,False,43,9,1,True,0,False
d813ebd24,,828,155,16,True,False,False,49,4,1,True,0,False
d8bcf645a,,10530,1626,73,True,False,False,133,27,1,True,18,False
d8978900a,,5085,809,24,True,False,False,53,12,1,True,0,False
d876af672,,2138,356,20,True,False,False,46,18,1,True,5,False
d8b10a3da,,685,97,9,False,False,False,9,1,1,False,0,False
d892ba196,,3697,607,19,True,False,False,92,36,1,True,14,False
d8828404c,,5475,856,30,True,False,False,68,13,1,True,3,False
d81333094,,1619,323,22,True,False,False,75,14,1,True,10,True
d87d2d972,,9019,1364,63,True,False,False,115,42,1,True,8,False
d8de7ee06,,3599,565,32,True,False,False,40,6,1,True,0,False
d8afd3b74,,1985,406,26,True,False,True,60,0,0,True,0,False
d8577758e,,8592,1295,52,True,False,False,82,19,1,True,5,True
d8a994b0a,,2465,400,21,True,False,False,64,12,1,True,2,False
d8cca9d98,,4582,801,53,True,False,False,167,22,1,True,6,False
d810cc76a,,573,104,11,True,False,False,26,6,1,True,1,True
d860819cc,,2357,359,14,False,False,False,3,0,0,False,0,False
d89cc909c,,3578,627,30,True,False,False,79,3,1,True,0,False
d8e95ddfe,,948,180,11,True,False,False,42,6,1,True,1,False
d8b5524f6,,4675,752,39,True,False,False,79,23,1,True,0,False
d8f529c50,,1010,168,13,True,False,False,17,4,1,True,0,False
d87549382,,2504,462,24,True,False,False,101,17,1,True,48,False
d8ee3f200,,4408,713,33,True,False,False,37,5,1,True,1,False
d8c313220,,3501,525,25,True,False,False,31,10,1,True,0,False
d8e92af26,,164,27,1,False,False,False,7,3,1,True,0,False
d89bd489e,,2781,441,28,False,False,False,51,17,1,True,0,False
d8aed1b04,,6058,1034,50,True,False,False,155,13,1,True,0,False
d81521180,,2023,379,22,True,False,False,199,15,1,True,0,True
d8e5fd6e6,,986,151,4,False,False,False,14,10,1,False,0,False
d88f8778a,,581,91,5,False,False,False,0,0,0,False,0,False
d8b71016c,,271,40,1,False,False,False,3,2,1,False,0,False
d8a2a83c8,,3096,655,38,True,False,False,154,8,1,True,15,False
d8d96030c,,797,136,11,True,False,False,33,6,1,True,0,False
d8b308e20,,1186,182,8,False,False,False,18,9,1,True,0,False
d89b31a36,,853,147,8,True,False,False,44,7,1,True,0,False
d8cb39e90,,3247,516,22,False,False,False,42,18,2,True,2,False
d8721b12e,,5628,903,40,True,False,False,137,20,1,True,2,False
d8e98cd0c,,6364,976,30,False,False,False,78,33,1,True,0,False
d8e7afb42,,1301,271,16,True,False,False,75,5,1,True,8,False
d8bb3cc22,,2608,399,16,False,False,False,18,12,1,True,0,False
d8f4c3ca2,,1286,188,6,False,False,False,5,2,1,True,0,False
d8a0594be,,4347,740,34,True,False,False,33,5,1,True,0,False
d8d1daf74,,995,139,6,False,False,False,3,2,1,False,0,False
d8dd21630,,3124,486,20,True,False,False,26,11,1,True,4,False
d86a04616,,4136,903,47,True,False,False,291,7,1,True,0,False
d89ac6330,,8100,1302,54,True,False,False,146,41,1,True,15,False
d87e7df2a,,504,81,2,False,False,False,10,2,1,True,1,False
d8673d5c2,,1835,327,17,True,False,False,65,11,1,True,14,False
d82b42158,,873,140,5,False,False,False,18,6,1,True,0,True
d8b024b5a,,3008,472,13,True,False,False,57,12,1,True,0,False
d8d5fefec,,4708,681,25,False,False,False,3,1,1,False,0,False
d87bb67e2,,3074,527,24,True,False,False,83,28,1,True,0,False
d8854040c,,2886,428,15,False,False,False,3,0,0,False,0,False
d8924d4ce,,1289,250,15,True,False,False,72,1,1,True,0,False
d8c9b0920,,2434,384,15,False,False,False,16,4,1,True,0,False
d8239fbee,,4745,841,40,True,False,False,171,6,1,True,10,True
d8ea20e4e,,5829,904,43,True,False,False,64,29,1,True,4,False
d88fb4d52,,512,81,2,False,False,False,10,4,1,True,0,False
d8ee34bc0,,1571,258,14,True,False,False,26,4,1,True,2,False
d8eed0a02,,1890,288,10,False,False,False,31,14,1,True,0,False
d81d1e69e,,3217,559,37,True,False,False,201,3,1,True,0,False
d89f4dbc4,,3881,608,29,True,False,False,119,25,1,True,0,False
d89f07b9c,,6192,947,37,False,False,False,24,7,1,False,0,False
d8c8acdbc,,657,92,4,False,False,False,0,0,0,False,0,False
d8c04e6f2,,2486,395,14,False,False,False,32,11,1,True,0,False
d86ada504,,3269,521,22,True,False,False,38,5,1,True,0,False
d8abbd8a0,,2280,374,14,True,False,False,47,18,1,True,0,False
d8366a3e6,,303,46,2,False,False,False,4,2,1,False,0,True
d8de10ee2,,2472,374,14,False,False,False,11,7,1,True,0,False
d882920a2,,3292,460,18,False,False,False,17,5,1,True,0,False
d8e77b090,,4235,665,30,True,False,False,76,6,1,True,0,False
d8e2cfb9a,,3454,732,46,True,False,False,366,4,1,True,0,False
d8c97588e,,2960,783,53,True,False,False,225,6,1,True,5,False
d88bf5298,,621,121,8,True,False,False,22,2,1,True,4,False
d8cb2d6ae,,623,86,6,False,False,False,3,1,1,True,0,False
d8b33d8dc,,1669,254,13,False,False,False,3,2,1,False,0,False
d8723e8e0,,5695,910,35,True,False,True,62,14,1,True,0,False
d87d2d85a,,4922,800,43,True,False,False,60,27,2,True,0,False
d89065062,,4726,755,35,True,False,False,88,11,2,True,16,False
d8c2e44c0,,1827,289,14,True,False,False,18,4,1,True,0,False
d89ad1ad2,,109,19,1,False,False,False,2,1,1,False,0,False
d8e0cdb76,,4480,726,32,True,False,False,63,17,2,True,1,False
d87b22664,,1445,295,17,True,False,False,64,10,1,True,13,False
d830e4e3a,,3512,522,26,True,False,False,65,2,1,True,0,True
d86f6b9e2,,2282,381,9,False,False,False,13,3,1,True,0,False
d8dc06426,,5355,864,33,True,False,False,96,28,1,True,5,False
d8acaaed4,,596,109,11,True,False,False,32,4,1,False,0,False
d813f93d4,,3379,561,21,False,False,False,59,28,1,True,7,False
d8983bf48,,2760,450,24,True,False,False,107,5,1,True,0,False
d8d768298,,5618,998,49,True,False,False,154,23,1,True,0,False
d899d9864,,1284,196,8,False,False,False,3,2,1,True,0,False
d82cf69e0,,897,137,6,False,False,False,11,4,1,True,0,True
d8a28fc74,,1735,266,11,False,False,False,0,0,0,False,0,False
d88c0715a,,3861,615,27,True,False,False,14,2,1,True,0,False
d8e9d7a96,,192,33,1,False,False,False,4,1,1,False,0,False
d89821814,,2335,386,23,True,False,False,41,9,1,True,0,False
d8b13a698,,3896,605,29,True,False,False,68,5,1,True,0,False
d8e13459c,,3711,554,23,True,False,False,143,30,1,True,0,False
d8e285d1a,,7471,1194,58,True,False,False,100,31,1,True,0,False
d8d5a1392,,1776,377,18,True,False,False,46,6,1,False,1,False
d8c2d5d94,,380,60,3,False,False,False,6,3,1,False,1,False
d87ec1c7a,,3906,605,39,True,False,False,49,5,1,True,0,False
d899c56de,,809,162,10,True,False,False,66,8,1,True,0,False
d8a699432,,3425,794,67,True,False,False,300,4,1,True,0,False
d85e5ed3e,,837,135,7,False,False,False,19,7,1,True,2,False
d89f12dbc,,3500,637,30,True,False,False,110,9,1,True,9,False
d8ee34ab2,,3090,503,20,True,False,False,86,5,1,True,4,False
d8cc44a06,,2001,318,13,False,False,False,18,9,1,True,4,False
d812c0dbe,,460,74,2,False,False,False,4,3,1,False,0,True
d8dc2381e,,6251,941,39,True,False,False,50,13,1,True,2,False
d8b804e38,,981,142,7,False,False,False,9,5,1,False,0,False
d87a4d2de,,987,148,4,False,False,False,22,6,1,True,0,False
d8735759c,,3548,567,26,True,False,False,25,13,1,True,0,False
d8b9aa378,,3666,617,34,True,False,False,89,6,1,True,1,False
d8c683626,,604,100,6,False,False,False,2,1,1,False,0,False
d8963555a,,2207,337,15,False,False,False,34,14,1,True,4,False
d8b804faa,,1747,265,9,False,False,False,17,6,1,True,0,False
d8a255f1a,,4376,752,33,True,False,False,124,42,1,True,12,False
d86089ba4,,5708,930,42,True,False,False,110,18,1,True,0,False
d8259f430,,649,105,4,False,False,False,0,0,0,False,0,True
d88940b74,,5818,874,48,True,False,False,80,6,1,True,0,False
d8b1dbec6,,4427,687,36,True,False,False,81,14,1,True,15,False
d8e14a0fe,,382,60,2,False,False,False,11,2,1,True,1,False
d8e075dae,,3873,577,18,False,False,False,23,4,1,True,0,False
d87f0c2de,,658,142,12,True,False,False,36,3,1,False,6,False
d867e9bb0,,3929,571,25,False,False,False,35,12,1,True,1,False
d8f40b47c,,4388,726,33,True,False,False,85,31,1,True,23,False
d8a41d0a0,,4780,849,43,True,False,False,137,10,1,True,33,False
d8b4f55d0,,3023,510,25,True,False,False,76,10,1,True,0,False
d86cacad0,,1706,264,16,True,False,False,29,13,1,True,0,False
d8c12784e,,7525,1213,63,True,False,False,148,24,1,True,1,False
d8ef90550,,3988,576,22,False,False,False,12,5,1,True,2,False
d892616f4,,3462,538,28,True,False,False,38,15,1,True,3,False
d82a77ab6,,7390,1308,122,True,False,False,212,21,1,True,25,True
d8f62a0f0,,1278,210,7,False,False,False,11,5,1,True,0,False
d8f6c9f60,,1458,265,15,True,False,False,43,18,1,True,0,False
d884a155a,,635,90,3,False,False,False,7,3,1,False,0,False
d8ddc6a9a,,3711,601,31,True,False,False,79,17,1,True,2,False
d86a58ad6,,1341,199,14,True,False,False,20,2,1,True,0,False
d8749dc30,,5867,885,43,False,False,False,25,18,1,False,0,False
d8936564a,,7646,1396,81,True,False,False,209,8,1,True,1,False
d8bea8f64,,4983,754,29,True,False,False,87,7,1,True,0,False
d8cdc7234,,2155,360,18,True,False,False,50,10,1,True,3,False
d85ed269e,,1369,215,5,False,False,False,11,3,1,True,0,False
d8292c490,,6156,969,38,True,False,False,92,38,2,True,1,True
d8bb3cd3a,,3930,673,23,True,False,False,69,13,1,True,0,False
d8f0a7358,,2316,359,17,False,False,False,11,4,1,True,0,False
d8c6a6ea0,,6242,957,40,True,False,False,47,17,1,True,6,False
d828efd56,,2097,320,15,False,False,False,27,13,1,True,7,True
d86a58be4,,2008,303,17,True,False,False,23,2,1,True,0,False
d8af9d9de,,1596,251,9,False,False,False,13,3,2,True,1,False
d86d4d87c,,4395,867,42,True,False,False,171,14,1,True,12,False
d8ccb97de,,6793,1132,47,True,False,False,72,29,1,True,6,False
d886f7fb6,,4079,617,30,False,False,False,25,8,2,True,0,False
d8bc26dcc,,3215,497,18,False,False,False,15,6,1,True,0,False
d8acff8d0,,1529,270,22,True,False,False,30,1,1,True,2,False
d8ae38df0,,3865,711,27,True,False,False,104,17,1,True,1,False
d89b096f8,,4197,680,31,True,False,False,64,33,1,True,4,False
d8c5e0304,,5547,1181,59,True,False,False,287,26,1,True,2,False
d8e1a7d12,,735,130,20,True,False,False,3,0,0,False,0,False
d88a9c428,,3757,560,21,True,False,False,27,12,1,True,2,False
d863cfff2,,333,56,1,False,False,False,8,4,1,True,0,False
d89504a1e,,6280,977,37,True,False,False,92,29,1,True,3,False
d88cbaa3e,,1584,279,20,True,False,False,25,7,1,True,0,False
d863c228a,,2703,481,22,True,False,False,81,25,1,True,0,False
d8b49cc32,,12638,2072,95,True,False,False,379,60,1,True,11,False
d8c8410c6,,8558,1508,73,True,False,False,310,18,1,True,1,False
d8b642bf4,,362,65,5,True,False,False,7,2,1,True,0,False
d8cc16084,,7793,1274,50,True,False,False,159,43,1,True,2,False
d8baa67cc,,2933,481,19,True,False,False,56,7,1,True,0,False
d88244c1c,,2662,438,23,True,False,False,45,12,1,True,0,False
d8ac0c95a,,3441,561,30,True,False,False,69,16,2,True,1,False
d81c79af4,,6750,1073,51,True,False,False,118,53,1,True,10,False
d8c8987cc,,6998,1287,72,True,False,False,299,16,2,True,44,False
d8bcea1e6,,3280,548,28,True,False,False,50,24,1,True,0,False
d8eed0b92,,2235,331,11,False,False,False,20,11,1,True,0,False
d8a0a3348,,4941,811,38,True,False,False,54,26,2,True,0,False
d89348c16,,1461,240,16,True,False,False,35,6,1,True,1,False
d8b326ab0,,1990,403,23,True,False,False,103,6,1,True,0,False
d8f72f1d0,,415,57,3,False,False,False,3,1,1,False,0,False
d817d4666,,713,120,10,True,False,False,38,6,1,True,0,True
d8832954c,,580,123,9,True,False,False,44,7,1,True,0,False
d867458f8,,5365,803,36,False,False,False,5,3,1,False,0,False
d8eddb408,,1631,262,16,True,False,False,36,5,1,True,0,False
d8c9a79a6,,874,152,10,True,False,False,32,11,1,True,0,False
d86d9fcb2,,1864,304,11,True,False,False,19,5,1,True,3,False
d89b1acf0,,3958,774,56,True,False,False,155,11,1,True,2,False
d8785f1b6,,2089,310,11,False,False,False,1,0,0,False,0,False
d8df8396e,,600,88,4,False,False,False,3,1,1,True,0,False
d89110c64,,6657,1165,55,True,False,False,267,26,1,True,6,False
d89a57034,,4086,742,39,True,False,False,147,9,1,True,1,False
d884c6c10,,2235,322,14,False,False,False,65,13,1,True,2,False
d83b59f3c,,1637,250,9,False,False,False,17,5,1,True,0,True
d86de5988,,6054,949,49,True,False,False,46,9,1,True,0,False
d8d590aec,,1055,217,16,True,False,False,40,8,1,True,0,False
d86d4d732,,4228,739,32,True,False,False,153,29,2,True,0,False
d8e79b5e8,,3542,531,18,False,False,False,20,11,1,True,0,False
d8823b39c,,1226,233,13,True,False,False,52,4,1,True,23,False
d8ece1f16,,4610,729,36,True,False,False,42,21,1,True,2,False
d8d8aeb20,,2158,334,13,False,False,False,20,11,1,True,1,False
d88e4a5e8,,1760,293,16,True,False,False,35,3,1,True,0,False
d8825d870,,2444,395,23,True,False,False,58,11,1,True,12,False
d8c06caee,,3598,592,26,True,False,False,52,16,1,True,5,False
d87a08a08,,3584,675,42,True,False,False,100,3,1,True,22,False
d8f4255b6,,3021,425,18,False,False,False,24,9,1,True,0,False
d8d3fbda8,,3179,492,25,True,False,False,42,16,1,True,5,False
d81e4fc3e,,5339,886,37,True,False,False,82,35,1,True,3,True
d8d8aeb66,,365,53,3,False,False,False,4,2,1,True,0,False
d862f071c,,2063,327,14,False,False,False,23,10,2,True,4,False
d87b6433e,,505,87,4,False,False,False,20,8,1,True,3,False
d8617c87c,,771,144,12,True,False,False,21,2,1,True,0,False
d8a133394,,4760,775,39,True,False,False,80,25,1,True,0,False
d883919f8,,1756,282,16,True,False,False,38,7,1,True,0,False
d8a3ffb72,,1901,312,14,True,False,False,41,12,1,True,5,False
d81cd677c,,1865,277,12,False,False,False,52,22,1,True,0,False
d8ee05a82,,8185,1602,83,True,False,False,292,49,2,True,17,False
d896b9dc8,,2879,413,20,False,False,False,30,11,1,False,0,False
d8ca1cbe8,,4229,698,30,True,False,False,42,7,1,True,2,False
d819d244a,,1035,158,7,False,False,False,24,16,1,True,0,False
d8f727660,,1619,230,9,False,False,False,10,3,1,True,0,False
d8caaea2a,,5786,961,35,True,False,False,112,24,2,True,10,False
d8ab97a4c,,4400,686,30,True,False,False,42,10,1,True,2,False
d8634cfda,,3693,613,31,True,False,False,105,4,1,True,32,False
d8cf13b42,,1835,276,11,False,False,False,53,12,1,True,0,False
d8977495c,,2672,427,19,True,False,False,45,3,1,True,15,False
d86e0dd20,,2924,548,34,True,False,False,238,8,1,True,0,False
d8bdeb0f4,,10073,1644,75,True,False,False,157,42,1,True,4,False
d818a3a10,,4477,711,29,False,False,False,66,33,1,True,7,True
d89926304,,1221,218,16,True,False,False,39,8,1,True,9,False
d8a531806,,1816,284,13,True,False,False,50,7,1,True,0,False
d8da2d4ba,,288,50,3,False,False,False,9,5,1,True,1,False
d87c1d62c,,1061,240,17,True,False,False,78,7,1,True,2,False
d8ca88442,,1204,185,7,False,False,False,20,9,1,True,0,False
d8b8befc2,,6291,965,43,True,False,True,102,7,1,True,0,False
d892f2690,,705,161,10,True,False,False,63,2,1,True,2,False
d86d31078,,6393,1041,51,True,False,False,138,30,1,True,11,False
d8d152020,,3307,528,16,False,False,False,45,18,1,True,1,False
d88791cba,,1212,210,11,True,False,False,23,4,1,True,12,False
d8dbe5a3c,,652,106,2,False,False,False,10,4,1,True,0,False
d8e96bcba,,691,110,4,False,False,False,0,0,0,False,0,False
d869a279a,,3013,505,27,True,False,False,67,10,1,True,10,False
d887a48e2,,5770,1022,53,True,False,False,202,18,1,True,18,False
d8e452468,,12396,2015,95,True,False,False,185,38,2,True,13,False
d8145f17a,,3659,594,30,True,False,False,71,22,1,True,0,False
d8c2f1044,,712,111,5,False,False,False,6,2,1,False,4,False
d893b45a6,,2622,381,26,False,False,False,17,2,1,True,0,False
d8779f1fe,,3012,484,23,True,False,False,58,17,1,True,0,False
d89ad194c,,1520,236,9,False,False,False,27,11,1,True,0,False
d8d6c5eb2,,2599,398,13,False,False,False,40,27,1,False,6,False
d8e435f98,,1536,260,14,True,False,False,36,10,1,True,5,False
d8e9467c6,,10417,1926,94,True,False,False,299,34,1,True,0,False
d875c5126,,2729,472,23,True,False,False,77,23,1,True,4,False
d8aa0443c,,6774,1032,48,True,False,False,88,20,1,True,0,False
d8d885522,,8694,1373,63,True,False,False,78,19,1,True,8,False
d87e2e470,,644,96,6,False,False,False,3,3,1,False,0,False
d8e69ff18,,2696,458,19,True,False,False,53,15,1,True,4,False
d88791ef4,,127,19,1,False,False,False,0,0,0,False,0,False
d86978ed6,,1055,172,11,True,False,False,24,7,1,True,0,False
d86d5f090,,5891,907,44,True,False,False,94,31,1,True,26,False
d8b781e02,,6265,1303,69,True,False,False,606,2,1,True,64,False
d8f7e6c72,,1425,251,15,True,False,False,38,2,1,True,3,False
d8863d0a8,,3925,659,36,True,False,False,117,16,1,True,0,False
d824418cc,,1578,218,9,False,False,False,4,1,1,True,0,True
d82b42036,,1431,233,9,False,False,False,31,10,1,True,0,True
d8ced7548,,748,136,10,True,False,False,19,7,1,True,0,False
d897e4450,,1185,220,12,True,False,False,68,3,1,True,0,False
d87d41760,,186,31,3,False,False,False,0,0,0,False,0,False
d896448e8,,3861,639,30,True,False,False,40,17,1,True,0,False
d862f0a46,,3403,517,14,False,False,False,26,9,1,False,0,False
d8cd8ab36,,1962,314,18,True,False,False,35,13,1,True,2,False
d8e90caa8,,3442,517,36,True,False,False,45,14,1,True,2,False
d890abdd2,,8301,1285,59,True,False,False,99,21,1,True,3,False
d8b878338,,4146,608,36,True,False,False,33,5,2,True,0,False
d80ee262a,,1818,279,9,False,False,False,9,4,1,True,0,True
d8d590b82,,1825,295,21,False,False,False,43,13,1,False,0,False
d8ef39610,,3753,536,17,False,False,False,6,0,0,False,3,False
d8201ba40,,3310,636,44,True,False,False,203,4,1,True,1,True
d8729959c,,4128,637,31,True,False,False,25,1,1,True,0,False
d873213e8,,3370,591,23,True,False,False,149,19,1,True,2,False
d8b4c1a82,,4815,777,30,True,False,False,135,20,1,True,0,False
d8959cd82,,2267,354,20,True,False,False,44,9,1,True,0,False
d8741987c,,3902,615,29,True,False,False,63,9,1,True,4,False
d89ad1a00,,3729,599,26,False,False,False,89,43,1,True,3,False
d8a6affd4,,1151,178,5,False,False,False,9,4,1,True,0,False
d8b9c12b2,,5373,857,40,True,False,False,57,10,1,True,0,False
d8aeedf3e,,3135,486,25,True,False,False,34,19,1,True,1,False
d8e09d12e,,1191,194,15,True,False,False,57,4,1,True,0,False
d8b9c13de,,8998,1557,79,True,False,False,246,40,1,True,1,False
d8ad8a3ae,,706,92,3,False,False,False,0,0,0,False,0,False
d88e03fd0,,3974,587,24,False,False,False,10,7,1,True,1,False
d8e79b75a,,1281,194,7,False,False,True,14,5,1,False,2,False
d86e7a97a,,6536,1022,38,True,False,False,39,9,1,True,4,False
d8691c0f0,,4813,795,36,True,False,False,86,20,1,True,2,False
d8d43dc6c,,3403,532,26,True,False,False,36,9,1,True,0,False
d825b9966,,4506,726,44,True,False,False,94,11,1,True,2,True
d81a4d3d4,,1840,282,10,False,False,False,7,2,1,True,0,True
d8366a1f2,,1628,249,6,False,False,False,2,0,0,False,0,True
d86e0de56,,966,164,9,True,False,False,30,7,1,True,2,False
d8aba7500,,1787,266,8,False,False,False,1,1,1,False,0,False
d860c5118,,4097,616,23,False,False,False,20,6,1,True,0,False
d89eb8a9c,,1620,245,10,False,False,False,26,8,1,True,0,False
d8908b6b8,,869,166,9,True,False,False,32,12,1,True,4,False
d861f41ce,,633,119,7,True,False,False,19,8,1,True,0,False
d87821992,,450,64,2,False,False,False,4,2,1,True,0,False
d8d4e1538,,1727,249,11,False,False,False,33,12,1,True,0,False
d8d4d286c,,1203,169,5,False,False,False,17,11,1,True,0,False
d82d2ca22,,1013,176,8,True,False,False,22,6,1,True,0,True
d88778ef4,,5487,882,37,True,False,False,85,11,1,True,0,False
d89ad1aa0,,3426,550,19,False,False,False,52,26,1,True,0,False
d8889de4c,,572,104,7,True,False,False,21,6,1,True,0,False
d87de6e90,,7550,1231,55,True,False,False,141,33,1,True,27,False
d8dbbb872,,299,43,1,False,False,False,4,3,1,False,0,False
d8db8add0,,1251,234,14,True,False,False,39,3,1,True,0,False
d8cff5182,,3565,590,27,True,False,False,88,26,1,True,0,False
d8b1dbd9a,,3502,606,30,True,False,False,75,12,1,True,12,False
d87b6415e,,2299,354,14,False,False,False,11,7,1,True,0,False
d8e86753a,,11682,2078,106,True,False,False,385,43,1,True,0,False
d8d5dd8a6,,2721,445,29,True,False,False,35,16,1,True,0,False
d813a4104,,1088,224,16,True,False,False,78,6,1,True,4,True
d881f9f78,,1870,319,18,True,False,False,22,6,1,True,2,False
d8f8245ae,,781,129,6,False,False,False,7,1,1,True,0,False
d896298ae,,988,187,13,True,False,False,42,3,1,True,0,False
d811d1048,,9847,1649,62,True,False,False,259,69,1,True,22,True
d8c56f0fa,,6067,892,36,True,False,False,25,7,1,True,0,False
d8b20f73a,,4257,733,24,True,False,False,83,23,1,True,6,False
d86d162b4,,3672,575,24,True,False,False,41,15,1,True,0,False
d88dacc76,,2397,357,16,False,False,False,29,7,1,True,2,False
d85e5ee06,,1347,200,9,False,False,False,17,2,1,True,0,False
d8868278e,,638,123,7,True,False,False,19,3,1,True,6,False
d8684b856,,2877,460,20,True,False,False,98,7,1,True,12,False
d887b738e,,6951,1108,52,True,False,False,119,28,1,True,0,False
d81694f62,,8530,1712,87,True,False,False,488,149,2,True,95,True
d8800fd16,,2269,368,18,True,False,False,96,12,2,True,2,False
d8ae499ca,,142,26,1,False,False,False,2,1,1,False,0,False
d8a216694,,2776,440,16,False,False,False,49,22,1,True,1,False
d810b7770,,3382,523,23,False,False,False,38,31,1,False,0,False
d87b4de2c,,3526,555,14,False,False,False,19,13,1,True,0,False
d8aa2d904,,622,121,11,True,False,False,37,6,1,True,0,False
d86400de6,,4679,759,29,True,False,False,106,17,1,True,0,False
d8953e17e,,3112,526,21,True,False,False,106,22,1,True,4,False
d8cb9c0f4,,4839,749,37,False,False,False,47,16,1,True,0,False
d812325d2,,4242,677,24,True,False,False,20,5,1,True,0,True
d8d3c55d2,,301,55,6,True,False,False,14,4,1,True,0,False
d81c287a8,,5223,1029,49,True,False,False,442,12,1,True,13,False
d86261cd8,,3018,489,19,False,False,False,45,16,1,True,1,False
d8aac3120,,2147,323,15,False,False,False,16,5,1,True,0,False
d8c54020a,,1494,330,25,True,False,False,97,5,1,True,0,False
d88a931d4,,3579,598,31,True,False,False,34,5,1,True,4,False
d8aff50d0,,1067,177,8,False,False,False,14,7,1,True,1,False
d81d4e236,,476,72,5,False,False,False,7,2,1,True,0,True
d8642a2d6,,3644,591,23,True,False,False,55,21,1,True,0,False
d8c6c15f2,,2091,333,24,True,False,False,82,7,1,True,4,False
d88d8cd4a,,5753,986,46,True,False,False,226,15,1,True,0,False
d8d9041e2,,2161,340,14,False,False,False,29,9,1,False,0,False
d89c035f4,,3209,651,33,True,False,False,136,19,1,True,29,False
d8f5e00c2,,4518,746,35,True,False,False,55,7,1,True,0,False
d8bdb736c,,3894,650,31,True,False,False,117,35,1,True,0,False
d8aae8b96,,1514,266,9,True,False,False,40,12,2,True,0,False
d8de3982e,,2740,454,14,False,False,False,38,19,1,True,0,False
d8af6935a,,4508,714,31,True,False,False,62,10,1,True,0,False
d8926f83a,,1803,268,10,False,False,False,4,1,1,False,0,False
d8922c030,,1334,207,9,False,False,False,2,0,0,False,0,False
d8c2d5e5c,,632,93,3,False,False,False,7,4,1,False,0,False
d838f1eca,,1129,161,7,False,False,False,0,0,0,False,0,True
d86f92b82,,4538,772,38,True,False,False,127,13,1,True,0,False
d8923afd6,,2705,446,22,True,False,False,32,6,1,True,3,False
d8db7175e,,1868,302,19,True,False,False,52,14,1,True,2,False
d8e27578a,,4403,794,49,True,False,False,208,21,1,True,5,False
d81b7d646,,1218,188,8,False,False,False,14,2,1,False,0,False
d8dbe5654,,302,44,2,False,False,False,5,1,1,True,0,False
d838f2078,,1683,252,9,False,False,False,8,3,1,True,1,True
d8b4f54e0,,6860,1092,34,True,False,False,97,49,1,True,9,False
d896987d6,,594,117,9,True,False,False,65,5,1,True,0,False
d812a0d0c,,826,131,5,False,False,False,15,4,1,True,0,False
d8937485c,,1903,324,18,True,False,False,58,13,1,True,13,False
d81da991a,,656,90,3,False,False,False,2,0,0,False,0,False
d88143638,,1910,360,20,True,False,False,78,11,1,True,9,False
d8b20f834,,1779,267,13,False,False,False,8,2,1,False,0,False
d8ced764c,,2502,373,11,False,False,False,14,6,1,True,0,False
d8ac574c8,,1715,276,13,True,False,False,25,5,1,True,0,False
d8ae2da90,,6884,1272,67,True,False,False,273,19,1,True,17,False
d82074370,,1682,260,8,False,False,False,0,0,0,False,0,True
d85dd9b7a,,3492,609,31,True,False,False,47,8,1,True,1,False
d8ac2a6c6,,4058,656,26,True,False,False,66,31,1,True,0,False
d892f2582,,2337,334,13,False,False,False,0,0,0,False,0,False
d895acf8e,,237,59,6,True,False,False,21,0,0,False,0,False
d87d4cf16,,4596,732,36,False,False,False,48,20,1,True,0,False
d8f6ea2b0,,3545,579,25,True,False,False,90,20,1,True,0,False
d8bad3df8,,2390,381,17,True,False,False,26,1,1,True,0,False
d872e4146,,4181,765,34,True,False,False,153,10,1,True,3,False
d8712c5ce,,3405,535,29,True,False,False,52,13,1,True,3,False
d8734bcd8,,2660,410,23,False,False,False,6,3,1,True,0,False
d8de64f88,,6670,1004,49,True,False,False,98,14,1,True,8,False
d860d88b2,,1634,249,9,False,False,False,18,7,1,True,0,False
d85d721e6,,2078,428,27,True,False,False,117,11,1,True,0,False
d87acf130,,961,188,12,True,False,False,46,6,1,True,4,False
d88cba94e,,1359,269,19,True,False,False,70,2,1,True,0,False
d8c1b42bc,,1463,219,10,False,False,False,21,7,1,True,3,False
d8d5dd798,,4083,818,53,True,False,False,169,27,1,False,0,False
d884dae5e,,843,156,10,True,False,False,44,2,1,True,0,False
d8114396e,,110,18,1,False,False,False,2,1,1,False,0,True
d8e879686,,2312,367,18,True,False,False,43,11,2,True,2,False
d8619f926,,3568,552,19,False,False,False,44,23,1,True,0,False
d868cc320,,3375,642,35,True,False,False,65,16,2,True,0,False
d818bcbdc,,1064,158,7,False,False,False,8,2,1,False,0,True
d8e7d7660,,976,163,11,True,False,False,24,4,1,True,1,False
d87a379c0,,3440,553,29,True,False,False,92,24,1,True,3,False
d87492f06,,6182,1095,48,True,False,False,239,2,1,True,0,False
d8a4b413a,,1713,322,17,True,False,False,72,11,1,True,22,False
d8cca9cc6,,3166,469,21,False,False,False,31,15,1,False,0,False
d8973c26e,,2051,356,18,True,False,False,118,8,1,True,1,False
d882920f2,,1472,229,21,True,False,False,21,9,1,True,0,False
d868d9610,,5166,773,33,True,False,False,36,9,1,True,0,False
d89e0a384,,4765,784,37,True,False,False,73,10,1,True,12,False
d87920366,,2543,459,23,True,False,False,77,7,1,True,4,False
d8cbcc146,,6246,972,35,True,False,False,107,25,2,True,2,False
d8a95fe28,,2914,443,21,True,False,False,74,13,1,True,0,False
d8b93b0e0,,1713,275,12,True,False,False,35,9,1,True,0,False
d87310700,,1067,224,18,True,False,True,77,1,1,True,0,False
d871193d4,,4777,859,35,True,False,False,194,21,2,True,0,False
d869d07ee,,3224,479,20,False,False,False,1,0,0,True,0,False
d87097884,,671,94,5,False,False,False,0,0,0,False,0,False
d89392e9c,,1412,212,10,False,False,False,6,0,0,False,1,False
d878431a0,,788,125,6,False,False,False,14,3,1,True,0,False
d87f6f30c,,8785,1432,60,True,False,False,274,26,1,True,1,False
d8b57cd0a,,1512,211,12,False,False,False,5,1,1,False,0,False
d8f21a71c,,3845,590,24,True,False,False,58,15,1,True,5,False
d88fbd5d8,,1998,345,17,True,False,False,40,14,1,True,4,False
d8d0fa65e,,7323,1156,61,True,False,False,84,10,1,True,14,False
d8ae49a4c,,150,25,1,False,False,False,2,1,1,False,0,False
d89d891b2,,4957,859,42,True,False,False,137,40,1,True,0,False
d819070f6,,643,133,10,True,False,False,37,7,1,True,7,True
d8cbbf6c6,,6666,1086,43,True,False,False,36,7,1,True,1,False
d8bea8d98,,3664,582,30,True,False,False,58,24,2,True,0,False
d8d1200a2,,5737,900,49,True,False,False,155,34,1,True,0,False
d8f7acf72,,4738,838,51,True,False,False,315,12,1,True,0,False
d8a5bfee4,,4588,885,43,True,False,False,211,6,1,True,27,False
d8d8f5d90,,527,93,10,True,False,False,22,9,1,True,0,False
d89a14f40,,4258,677,30,True,False,False,140,24,1,True,9,False
d8c235268,,1472,248,12,True,False,False,18,0,0,True,3,False
d8d5c94c8,,1908,303,13,False,False,False,15,6,1,True,5,False
d8d72ed18,,2573,402,17,True,False,False,31,12,1,True,6,False
d873cd530,,3362,584,28,True,False,False,104,18,2,True,15,False
d88423ff6,,449,72,1,False,False,False,3,1,1,False,0,False
d8a046120,,2240,377,22,True,False,False,27,7,1,True,0,False
d869dccf6,,1477,310,22,True,False,False,52,4,1,True,8,False
d88908fda,,5284,839,36,True,False,False,147,24,1,True,2,False
d86f84ad2,,3281,487,18,False,False,False,23,12,1,True,0,False
d8771f012,,1563,260,13,True,False,False,23,10,1,True,0,False
d8a0c9430,,7290,1223,56,True,False,False,156,39,1,True,19,False
d8c3f3a64,,1059,191,12,True,False,False,55,9,1,True,0,False
d8232f060,,1604,393,30,True,False,False,101,3,1,True,38,True
d8b710130,,1684,257,11,False,False,False,9,4,1,True,0,False
d8b42c324,,1942,320,18,True,False,False,32,9,1,True,5,False
d89f12e48,,4000,597,23,True,False,False,16,3,1,True,0,False
d863d98cc,,1049,182,16,True,False,False,27,2,1,False,0,False
d8f193fbe,,6564,1140,57,True,False,False,188,18,1,True,13,False
d8a4eedc6,,1632,265,15,True,False,False,29,8,1,True,4,False
d8d91e4e8,,2686,426,17,True,False,False,27,9,1,True,0,False
d87b4decc,,4183,846,48,True,False,False,343,19,1,True,4,False
d87df9888,,3058,472,19,True,False,False,32,1,1,True,0,False
d879e425c,,3816,613,23,True,False,False,87,17,1,True,13,False
d8b316dd6,,2541,437,19,True,False,False,51,18,1,True,0,False
d8e39a412,,2628,425,16,True,False,False,33,8,1,True,0,False
d835c742a,,5121,860,41,True,False,False,61,17,2,True,14,True
d85e51e0e,,1901,305,20,True,False,False,51,7,1,True,0,False
d8c747b8e,,3610,603,32,True,False,False,12,6,1,False,0,False
d88000b40,,1174,187,8,False,False,False,7,3,1,True,0,False
d8c7e0aaa,,1266,220,14,True,False,False,20,5,1,True,0,False
d810dccaa,,3865,628,29,True,False,False,45,18,1,True,1,False
d8dd7a6fe,,3055,470,19,True,False,False,16,2,1,True,0,False
d8ad23b7c,,4100,787,37,True,False,False,212,6,1,True,0,False
d8115b3e8,,2862,512,23,True,False,False,50,5,1,True,0,True
d881b33de,,2576,403,19,True,False,False,34,5,1,True,0,False
d8f68a388,,2093,347,17,True,False,False,41,14,1,True,2,False
d8ac92f14,,1516,244,14,True,False,False,53,10,1,True,2,False
d8a616b5e,,7209,1237,45,True,False,False,100,10,1,True,0,False
d8641cd34,,1262,216,12,True,False,False,25,7,1,True,0,False
d89cc9268,,595,97,4,False,False,False,8,4,1,True,1,False
d8695f774,,1880,287,12,True,False,False,15,2,1,True,0,False
d8b611630,,1483,238,13,True,False,False,18,4,1,True,0,False
d8c170698,,3407,545,20,False,False,False,34,12,1,True,4,False
d874ac708,,276,40,2,False,False,False,2,0,0,False,0,False
d8749ddc0,,3437,571,25,True,False,False,90,32,2,True,7,False
d8e37ec9e,,3368,492,21,False,False,False,13,2,1,True,0,False
d8ab7ebbe,,2046,404,22,True,False,False,89,19,1,True,4,False
d834c4f3c,,1441,228,9,False,False,False,25,7,1,True,5,True
d8af9749e,,843,114,5,False,False,False,4,2,1,False,0,False
d86c2cc4a,,2964,525,26,True,False,False,116,12,1,True,14,False
d80f19b2a,,2444,361,13,False,False,False,34,18,1,True,4,False
d8291a8da,,4238,672,33,True,False,False,67,12,1,True,2,True
d863cfef8,,343,57,2,False,False,False,1,0,0,False,0,False
d88fc6552,,1003,161,6,False,False,False,26,12,1,True,0,False
d8b93b252,,2404,467,27,True,False,False,61,3,1,True,0,False
d88c3582a,,1631,252,9,False,False,False,24,11,1,True,0,False
d881e1fe0,,5707,946,46,True,False,False,78,27,1,True,35,False
d873fed10,,4912,808,42,True,False,False,140,36,1,True,0,False
d8736bba0,,2315,330,12,False,False,False,0,0,0,False,0,False
d89774a9c,,4586,770,38,True,False,False,133,32,1,True,14,False
d8d20b8b8,,3021,549,29,True,False,False,101,20,1,True,3,False
d8ea984da,,2727,399,17,False,False,False,3,0,0,False,0,False
d899e3c06,,652,101,3,False,False,False,2,2,1,False,0,False
d87817fe6,,3483,562,36,True,False,False,68,10,1,True,0,False
d872efe10,,1126,194,12,True,False,False,27,6,1,True,0,False
d89754472,,3185,507,23,True,False,False,48,8,2,True,1,False
d82990bc0,,276,60,7,True,False,False,21,3,1,True,6,False
d8a3b487a,,3929,620,36,True,False,False,66,15,2,True,0,False
d880387b6,,5483,789,39,True,False,False,47,21,1,True,1,False
d8e22636a,,2805,447,26,True,False,False,56,15,1,True,0,False
d8e404704,,10921,1807,88,True,False,False,220,72,1,True,58,False
d8c3f3a28,,2057,353,17,True,False,False,63,21,1,True,4,False
d8ca47cf8,,4619,727,38,True,False,False,38,12,1,True,0,False
d8663be1c,,1946,278,12,False,False,False,12,2,1,True,0,False
d8d8853d8,,10235,1786,71,True,False,False,284,24,1,True,16,False
d88423ed4,,2691,400,16,False,False,False,20,10,1,True,1,False
d8d1fd4a2,,2183,322,11,False,False,False,22,10,1,True,2,False
d8da5bee6,,2893,541,29,True,False,False,108,3,1,True,4,False
d8b0f8d10,,15642,2785,148,True,False,False,365,57,1,True,6,False
d810a5322,,3560,574,22,False,False,False,60,27,1,True,0,False
d8db64888,,15061,2385,108,True,False,False,216,50,1,True,3,False
d89cd4bd6,,2265,377,18,True,False,False,69,10,1,True,16,False
d86dbb322,,2651,453,20,True,False,False,64,7,1,True,0,False
d8cd34a38,,3529,557,26,True,False,False,74,15,1,True,7,False
d8b5b93e0,,860,214,11,True,False,False,64,8,1,True,0,False
d87144de0,,3177,587,42,True,False,False,188,13,1,True,0,False
d89985dae,,3387,641,49,True,False,False,153,11,1,True,2,False
d87dc6960,,1189,234,18,True,False,False,59,2,1,True,0,False
d880bf018,,4322,694,34,True,False,False,182,22,1,True,3,False
d89e647da,,3739,525,22,False,False,False,11,6,2,False,0,False
d86d78b12,,533,86,3,False,False,False,5,2,1,False,0,False
d891f856e,,1494,286,18,True,False,False,71,3,1,True,0,False
d891ea838,,1231,203,10,True,False,False,17,3,1,False,9,False
d8e5fd75e,,1223,249,18,True,False,False,80,5,1,True,0,False
d862a7ddc,,6726,1052,49,True,False,False,29,3,1,True,1,False
d8153734a,,3875,727,39,True,False,False,343,4,1,True,0,False
d88ea248c,,917,138,6,False,False,False,2,1,1,True,0,False
d8dd6aaa6,,4889,802,35,True,False,False,75,27,1,True,15,False
d87019a06,,3481,548,28,True,False,False,51,7,1,True,2,False
d8c2afa90,,2404,407,20,True,False,False,55,21,1,True,20,False
d8f176ea0,,5853,919,29,False,False,False,54,10,1,True,0,False
d86a21c20,,3398,534,20,True,False,False,27,4,1,True,0,False
d8aa3aee2,,1860,298,17,True,False,False,30,15,1,True,0,False
d8c3f39ba,,2918,464,22,True,False,False,95,16,1,True,0,False
d8e3a8e54,,4023,570,17,False,False,False,29,23,1,False,1,False
d8c28a894,,4191,649,22,False,False,False,32,4,1,False,0,False
d8757da42,,1590,226,10,False,False,False,7,3,1,True,1,False
d8bee0c7a,,3998,806,50,True,False,False,229,4,1,True,0,False
d86760bd0,,2880,435,19,False,False,False,12,4,1,False,0,False
d8b5fc0fa,,3031,502,24,True,False,False,94,19,1,True,12,False
d888775f8,,4716,749,42,True,False,False,110,7,1,True,7,False
d8c66ff9a,,3704,597,27,True,False,False,79,29,1,True,0,False
d82200c8e,,1569,290,15,True,False,False,34,10,1,True,3,False
d86b7c0fc,,4145,827,49,True,False,False,428,8,1,True,0,False
d8e98cc62,,2012,300,11,False,False,False,10,3,1,True,1,False
d8dcf0d32,,780,113,6,False,False,False,1,1,1,False,0,False
d86a58a0e,,2418,341,17,False,False,False,10,5,1,True,0,False
d8beb8946,,4683,871,40,True,False,False,105,8,1,True,36,False
d88c9d2ae,,2810,436,15,True,False,False,42,8,1,True,3,False
d8aaf867c,,2052,295,11,False,False,False,16,4,1,True,0,False
d8f2f1bfe,,1500,255,19,True,False,False,29,9,1,True,0,False
d8897589c,,1824,319,12,True,False,False,52,14,1,True,0,False
d8f5d5c30,,1206,182,7,False,False,False,1,0,0,False,1,False
d8b6f9a34,,3432,728,29,True,False,False,123,14,1,True,0,False
d8eeb9b54,,6627,1182,64,True,False,False,166,9,2,True,0,False
d8e7afafc,,2163,451,27,True,False,False,145,11,1,True,4,False
d8dc06516,,2293,333,12,False,False,False,15,7,1,True,0,False
d8f3a740e,,5302,794,36,True,False,False,57,10,1,True,1,False
d8f5d5d2a,,4597,877,45,True,False,False,163,18,1,True,1,False
d89f70552,,4651,709,29,True,False,True,50,11,1,True,5,False
d89fc2ea6,,1398,226,11,False,False,False,9,6,1,False,0,False
d86dfdc0e,,3492,564,30,True,False,False,67,4,1,True,20,False
d861e3a54,,4241,670,28,True,False,False,70,22,1,True,5,False
d890e0348,,1689,287,13,True,False,False,45,4,1,True,0,False
d8efddea4,,2073,391,26,True,False,False,45,2,1,True,1,False
d8caf3788,,4965,822,37,True,False,False,133,45,1,True,7,False
d87d9a9c8,,1820,271,12,False,False,False,24,9,1,True,0,False
d88863d0a,,3040,640,27,True,False,False,261,25,1,True,10,False
d8c68366c,,498,75,5,False,False,False,2,0,0,False,1,False
d8807d938,,3688,618,36,True,False,False,63,15,1,True,3,False
d8ae16a2a,,4238,706,31,True,False,False,105,31,1,True,20,False
d8e65deb0,,2133,312,13,False,False,False,39,17,1,True,0,False
d8d83b594,,2934,504,23,True,False,False,59,16,1,True,38,False
d8e487988,,3002,475,18,True,False,False,55,9,1,True,4,False
d8f444bf0,,2256,372,15,True,False,False,52,5,1,True,0,False
d86ada586,,3501,630,29,True,False,False,170,1,1,True,0,False
d8b736858,,1451,333,16,True,False,False,96,2,1,True,0,False
d88cc7f40,,4253,643,25,False,False,False,53,21,1,True,0,False
d8f6ea404,,319,49,3,False,False,False,11,3,1,True,0,False
d82def6b2,,4012,630,23,False,False,False,65,29,1,True,7,False
d873cd404,,2838,465,21,True,False,False,88,14,1,True,9,False
d88e03efe,,939,137,9,False,False,False,3,0,0,True,0,False
d8842419a,,4123,615,30,False,False,False,24,10,1,True,0,False
d8bd97486,,409,69,1,False,False,False,10,3,1,False,0,False
d8aacbaaa,,4196,673,32,True,False,False,94,13,1,True,1,False
d890ea7e4,,6450,1060,52,True,False,False,169,24,1,True,0,False
d8cf80c6a,,6009,949,49,True,False,False,97,24,1,True,3,False
d87559110,,2972,507,24,True,False,False,36,3,1,True,0,False
d88c5dc08,,3055,508,23,True,False,False,108,28,1,True,0,False
d8621514e,,2336,346,15,False,False,False,0,0,0,False,0,False
d8b838116,,1644,285,11,False,False,False,26,0,0,False,0,False
d89eb8b14,,133,24,3,False,False,False,2,1,1,False,0,False
d88ee0cb4,,3668,562,16,True,False,False,34,17,1,True,0,False
d89d96cea,,2950,516,25,True,False,False,91,14,1,True,8,False
d866fc996,,4329,695,28,True,False,False,57,9,1,True,1,False
d8f91441e,,4693,716,32,True,False,False,59,21,1,True,0,False
d87979402,,4641,678,26,True,False,False,24,3,1,True,0,False
d8c9e1d04,,1384,211,8,False,False,False,8,2,1,True,0,False
d8b13a56c,,2989,475,19,True,False,False,72,24,1,True,6,False
d82a65046,,6210,962,44,False,False,False,14,5,1,False,0,False
d8dd40f58,,3607,542,16,False,False,False,20,11,1,True,0,False
d879a9d3c,,3867,614,23,False,False,False,108,39,1,True,0,False
d88196270,,8901,1661,96,True,False,False,228,25,1,True,0,False
d8b3a6b34,,4889,812,40,True,False,False,85,13,1,True,24,False
d8ad0b3c4,,1026,140,5,False,False,False,12,2,1,False,0,False
d8f5af530,,2921,426,21,False,False,False,14,6,1,True,0,False
d8e5fd97a,,6364,1005,47,True,False,False,111,20,1,True,5,False
d8f727778,,1714,265,14,False,False,False,34,13,1,True,5,False
d814a3a0a,,3353,551,29,True,False,False,46,15,1,True,0,True
d86edfd66,,2384,368,14,False,False,False,8,4,1,False,0,False
d8cd0c646,,2741,458,26,True,False,False,56,16,1,True,9,False
d887600c0,,124,18,2,False,False,False,0,0,0,False,0,False
d8dcf0ce2,,1112,191,10,True,False,False,25,4,1,True,0,False
d871f339a,,882,130,5,False,False,False,8,3,1,True,1,False
d87167246,,4185,624,25,True,False,False,30,16,1,True,4,False
d8cfea1ce,,2354,373,18,True,False,False,31,7,1,True,1,False
d8de398ba,,1970,348,15,True,False,False,78,2,1,True,0,False
d8b09086e,,4969,702,34,True,False,False,42,10,2,True,21,False
d87b359b2,,3472,546,26,True,False,False,91,17,1,True,1,False
d873e2002,,1030,147,5,False,False,False,8,7,1,False,0,False
d8adb2c82,,7364,1222,71,True,False,False,293,21,2,True,3,False
d86e8e36c,,761,123,5,False,False,False,8,3,1,True,0,False
d8816387a,,2685,518,33,True,False,False,158,16,1,True,50,False
d8135b2a6,,921,133,5,False,False,False,9,2,1,False,0,True
d8ec72eae,,1553,243,5,False,False,False,0,0,0,False,0,False
d8cac6b02,,709,110,4,False,False,False,11,4,1,True,0,False
d8d09a358,,1317,195,11,False,False,False,3,0,0,False,1,False
d8ca47d5c,,2105,304,11,False,False,False,20,10,1,True,0,False
d8ddaa052,,3273,504,27,True,False,False,51,17,1,True,2,False
d8712c65a,,2985,484,31,True,False,False,75,15,1,True,1,False
d8327a5ce,,1617,311,18,True,False,False,52,2,1,True,0,True
d89a46a18,,1910,283,11,False,False,False,1,0,0,False,0,False
d8b8f36e6,,61,9,1,False,False,False,1,0,0,False,0,False
d8b611860,,819,182,11,True,False,False,30,7,1,False,6,False
d896353c0,,1447,227,6,False,False,False,13,6,1,True,0,False
d81139356,,3687,572,25,True,False,False,60,5,1,True,0,True
d87964f3e,,1374,227,15,True,False,False,35,7,1,True,2,False
d8b552442,,4007,655,30,True,False,False,37,14,1,True,0,False
d8829b1d4,,1705,291,15,True,False,False,14,2,1,True,0,False
d8a3d4814,,1504,224,9,False,False,False,7,2,1,True,0,False
d89f86870,,2498,366,14,True,False,False,24,2,1,False,8,False
d87397d9a,,1953,328,16,True,False,False,50,17,1,True,0,False
d8aa0ec70,,3000,465,18,False,False,False,42,25,1,True,0,False
d899e3d96,,3829,607,24,False,False,False,56,22,1,True,11,False
d8ddaa1e2,,1580,288,17,True,False,False,69,15,1,True,0,False
d8aa7590c,,596,93,5,False,False,False,1,0,0,False,0,False
d8e8eef94,,2026,359,22,True,False,False,55,7,1,True,0,False
d87508bb6,,6915,1202,56,True,False,False,159,18,1,True,7,False
d86ed2a94,,1035,185,12,True,False,False,38,10,1,True,3,False
d8a89ea0c,,2178,365,19,True,False,False,63,14,1,True,13,False
d87f8a274,,2001,319,14,False,False,False,33,18,1,True,0,False
d891759f2,,4009,629,25,True,False,False,54,17,1,True,0,False
d89337d62,,439,68,3,False,False,False,2,1,1,False,1,False
d8a9f87a4,,351,74,5,True,False,False,23,5,1,True,9,False
d8ec72e68,,1046,155,6,False,False,False,8,4,1,False,0,False
d88995aa2,,3319,693,40,True,False,False,167,11,1,True,15,False
d88d15efc,,3531,562,26,False,False,False,31,11,1,True,0,False
d89110b38,,4355,669,36,True,False,False,92,21,1,True,0,False
d8a0a329e,,4793,1036,42,True,False,False,174,16,1,True,2,False
d8a4cf0ac,,3906,630,32,True,False,False,73,23,1,True,3,False
d870a7798,,5919,946,40,True,False,False,107,32,1,True,0,False
d812cfc10,,3529,691,30,True,False,False,141,8,1,True,0,True
d8c8b5c46,,1296,222,8,False,False,False,7,4,2,False,0,False
d889a7f68,,2228,325,10,False,False,False,14,5,1,False,0,False
d8a3a4236,,3115,480,21,True,False,False,14,0,0,True,2,False
d8dded2a8,,2867,451,16,False,False,False,50,20,1,True,3,False
d86abb366,,1192,237,16,True,False,False,90,9,1,True,1,False
d8120e466,,1113,180,5,False,False,False,17,6,1,True,2,True
d8bcea362,,1070,166,5,False,False,False,1,0,0,False,0,False
d86a87584,,1818,277,11,False,False,False,18,8,1,True,0,False
d89392fbe,,1700,279,6,False,False,False,30,6,1,True,3,False
d8f55a6f2,,6400,1186,60,True,False,False,175,28,1,True,31,False
d8ae71240,,1336,193,8,False,False,False,4,4,1,False,0,False
d8a348e68,,1545,253,19,True,False,False,42,10,1,True,0,False
d86875bba,,820,127,5,False,False,False,8,5,1,True,0,False
d82ba7170,,2684,420,22,True,False,False,65,23,1,True,3,True
d8ef39656,,455,91,11,True,False,False,16,2,1,True,0,False
d8b569278,,9449,1626,74,True,False,False,285,56,1,True,9,False
d886aa3b0,,1205,177,6,False,False,False,11,3,1,False,0,False
d8d059844,,967,148,7,False,False,False,11,5,1,True,0,False
d8cf80b70,,1952,291,14,False,False,False,11,3,1,True,3,False
d86d9fe2e,,209,36,2,False,False,False,8,2,1,True,1,False
d87515fc8,,1669,271,11,False,False,False,22,10,1,True,0,False
d8c7e0a00,,3714,568,22,False,False,False,28,9,1,True,0,False
d8acf01c8,,3493,544,22,False,False,False,17,2,1,True,3,False
d88116bf6,,2880,464,19,True,False,False,74,5,1,True,0,False
d8ae49b14,,430,65,2,False,False,False,2,0,0,False,0,False
d812ed51c,,230,33,2,False,False,False,2,1,1,False,0,True
d869ea39c,,806,156,10,True,False,False,62,10,1,True,0,False
d89e77600,,2328,389,19,True,False,False,42,5,1,True,0,False
d866ce140,,2183,334,14,True,False,False,42,18,2,True,0,False
d8e41aaea,,2794,440,19,True,False,False,16,2,2,True,0,False
d8a597944,,2799,437,28,True,False,False,32,1,1,True,3,False
d89dea9c6,,3989,819,48,True,False,False,363,5,1,True,0,False
d8dded370,,1699,255,8,False,False,False,3,1,1,False,0,False
d8ef54ba4,,2955,435,20,False,False,False,1,0,0,False,1,False
d8ce7fcda,,3304,528,22,True,False,False,65,25,1,True,15,False
d861f43cc,,3999,723,44,True,False,False,112,12,1,True,0,False
d86052082,,1813,281,10,False,False,False,10,3,2,True,0,False
d8f57df12,,3803,581,29,True,False,False,138,52,1,True,6,False
d8d3fbbaa,,2868,510,27,True,False,False,125,15,1,True,11,False
d89bb4e18,,3154,594,32,True,False,False,153,15,1,True,5,False
d89a2567e,,531,84,3,False,False,False,10,2,1,True,0,False
d867e1528,,1789,286,12,False,False,False,14,6,1,True,0,False
d8165917e,,9429,1515,77,True,False,False,249,33,1,True,0,True
d8a626afe,,2784,471,22,True,False,False,44,14,1,True,0,False
d8ce5476a,,1018,164,6,True,False,False,28,20,1,True,0,False
d88dbe5de,,2263,362,17,True,False,False,27,2,1,True,8,False
d8b39b0d6,,2470,361,16,False,False,False,12,2,1,False,0,False
d8c6c1732,,544,131,8,True,False,False,49,0,0,True,6,False
d86fac532,,908,137,7,False,False,False,11,2,1,True,0,False
d8ef7fa3e,,8240,1282,64,True,False,False,133,27,2,True,38,False
d8e8ef03e,,943,181,16,True,False,False,58,2,1,True,0,False
d882b60a6,,2955,484,21,False,False,False,47,26,1,True,4,False
d8e561430,,3835,584,25,False,False,False,38,7,1,True,7,False
d8e2e89e2,,2054,345,14,True,False,False,51,16,1,True,8,False
d8e162276,,12996,2163,114,True,False,False,362,34,1,True,15,False
d8f7276c4,,1596,234,11,False,False,False,7,3,1,False,0,False
d82bda1a6,,1103,183,10,True,False,False,18,8,1,False,9,True
d8b34ce4a,,4679,704,33,True,False,False,40,4,1,True,0,False
d88cf8b86,,6687,1265,53,True,False,False,377,17,1,True,34,False
d8d1dafe2,,626,99,4,False,False,False,1,1,1,False,0,False
d8b10a538,,3339,506,49,False,False,False,27,9,2,False,0,False
d8e92ae72,,3647,538,19,False,False,False,10,7,1,True,0,False
d8ce546fc,,4539,719,39,True,False,False,56,9,1,True,0,False
d86760e78,,734,123,8,True,False,False,11,2,1,False,6,False
d8a862336,,1968,338,16,True,False,False,26,3,1,True,0,False
d8b635422,,1675,288,17,True,False,False,56,11,1,True,0,False
d893d36fe,,1989,353,20,True,False,False,84,7,1,True,0,False
d86c1f018,,5477,785,26,False,False,False,17,3,1,False,3,False
d85d85124,,1816,270,9,False,False,False,22,2,1,True,10,False
d892f274e,,2814,609,26,True,False,False,230,19,1,True,10,False
d8992f986,,3680,519,20,True,False,False,38,7,1,False,0,False
d85f360b8,,1573,259,14,True,False,False,33,11,1,True,0,False
d8a36266a,,436,59,3,False,False,False,1,0,0,False,0,False
d8982eb90,,1922,291,14,False,False,False,11,4,1,True,2,False
d872b9c8e,,1396,251,15,True,False,False,68,12,1,True,7,False
d8bc0454c,,6523,985,42,True,False,False,76,23,2,True,7,False
d86a21b80,,2624,448,23,True,False,False,88,10,1,True,2,False
d8327a6d2,,391,70,5,True,False,False,15,2,1,True,0,True
d88882868,,4230,648,28,True,False,False,73,31,1,True,6,False
d8d5fef7e,,1825,292,16,True,False,False,55,9,1,True,0,False
d812de616,,764,116,6,False,False,False,7,3,1,True,0,True
d8f6ea382,,1279,230,12,True,False,False,55,9,1,True,0,False
d8e1d0cda,,539,80,6,False,False,False,8,2,1,False,0,False
d85ed291e,,2563,636,29,True,False,False,266,1,1,True,0,False
d82441d18,,3038,583,26,True,False,False,91,12,1,True,4,True
d8ea377f2,,3351,495,16,False,False,False,16,5,1,True,0,False
d8d40a4ac,,1133,210,10,True,False,False,4,2,1,False,0,False
d8e24342e,,4052,686,32,True,False,False,53,13,1,True,0,False
d834c518a,,2005,429,24,True,False,False,76,6,1,True,2,True
d8786d130,,1401,189,6,False,False,False,14,4,1,True,0,False
d8eedf8ea,,3747,672,31,True,False,False,53,5,1,True,0,False
d862c3dac,,478,64,4,False,False,False,4,3,1,False,0,False
d87068994,,2008,286,13,False,False,False,5,3,1,False,0,False
d8d2dc94a,,3094,489,22,True,False,False,69,19,1,True,0,False
d8cd012a0,,2405,400,22,True,False,False,65,17,2,True,1,False
d86155a9c,,920,159,8,True,False,False,39,2,1,True,0,False
d8a5317a2,,2072,322,12,False,False,False,23,8,1,False,0,False
d88f70d0a,,2276,378,23,True,False,False,53,15,1,True,0,False
d89ca88e2,,2133,338,12,False,False,False,29,16,1,True,0,False
d81f40134,,133,24,3,False,False,False,2,1,1,False,0,True
d824b7f4a,,3062,492,22,False,False,False,17,11,1,True,0,True
d88f4ed86,,4309,687,30,True,False,False,56,16,1,True,1,False
d8692d940,,2660,434,18,True,False,False,71,8,1,True,0,False
d892c8322,,4906,783,36,True,False,False,60,26,1,True,0,False
d85d85084,,4143,614,26,False,False,False,28,12,2,True,0,False
d8876a08e,,4342,720,36,True,False,False,110,41,1,True,21,False
d8dbe574e,,617,91,4,False,False,False,9,8,1,False,0,False
d8a321a02,,917,146,8,True,False,False,9,3,1,False,4,False
d87acf0a4,,5602,927,36,True,False,False,67,17,2,True,4,False
d8cf474b0,,6884,1313,55,True,False,False,130,27,1,True,0,False
d8dfe9700,,3625,549,20,False,False,False,43,23,2,True,0,False
d8b6987e8,,2657,440,26,True,False,False,98,13,1,True,22,False
d8b3886c0,,4851,870,38,True,False,False,146,10,1,True,3,False
d8ccb981a,,603,115,11,True,False,False,17,3,1,True,0,False
d878219f6,,431,62,3,False,False,False,4,2,1,True,0,False
d872649c8,,1277,207,7,False,False,False,19,8,1,True,0,False
d8614a732,,1397,227,17,True,False,False,31,16,1,True,0,False
d81566546,,1284,234,14,True,False,False,38,5,1,True,0,True
d8ddaa28c,,4827,775,38,True,False,False,89,36,1,True,7,False
d8d4d2998,,4295,679,35,True,False,False,76,14,1,True,2,False
d8ef70480,,694,98,6,False,False,False,0,0,0,False,0,False
d8f340a38,,1111,157,5,False,False,False,4,4,1,False,0,False
d89d5bad2,,1388,231,8,True,False,False,44,3,2,True,0,False
d864958e2,,3268,492,19,True,False,False,65,12,1,True,0,False
d8c04e54e,,1498,280,12,True,False,False,45,13,1,True,0,False
d87fae322,,2477,403,15,False,False,False,29,19,2,True,0,False
d8a3624f8,,1562,241,10,False,False,False,42,23,1,True,2,False
d8d70d320,,1845,304,12,True,False,False,53,11,1,True,0,False
d86e8e25e,,1602,267,12,True,False,False,41,17,1,True,7,False
d842c8cfa,,2365,384,15,True,False,False,62,14,1,True,0,True
d863b74de,,864,128,5,False,False,False,19,6,1,True,1,False
d8f1c97fe,,1066,158,4,False,False,False,0,0,0,False,0,False
d8694b8d2,,251,43,4,False,False,False,3,3,1,False,0,False
d8f3b24c6,,1625,269,15,True,False,False,53,9,1,True,0,False
d8c3ab160,,1972,296,8,False,False,False,19,12,1,True,3,False
d8126d1c8,,3339,643,46,True,False,False,102,5,1,True,1,True
d88916c16,,48,7,3,False,False,False,1,0,0,False,0,False
d891db1f8,,1912,291,19,True,False,False,30,11,1,True,0,False
d8ec4f3be,,4066,683,24,True,False,False,82,8,1,True,0,False
d83b5a090,,876,157,12,True,False,False,49,3,1,True,0,True
d889a8030,,5441,845,37,True,False,False,77,18,2,True,0,False
d86773bcc,,2406,362,18,True,False,False,48,1,1,False,0,False
d81658f8a,,3141,489,26,True,False,False,68,22,2,True,1,True
d8ae815aa,,3840,721,33,True,False,False,116,6,1,True,0,False
d879b9b56,,1809,319,20,True,False,False,83,10,1,True,3,False
d8d5dd856,,1291,202,17,True,False,False,21,3,1,True,0,False
d8f629f56,,879,149,7,False,False,False,20,5,1,True,0,False
d861b4858,,6184,957,38,True,False,False,109,26,1,True,0,False
d8dbce88c,,628,113,11,True,False,False,16,2,1,True,0,False
d8db0b18e,,2723,400,13,False,False,False,14,4,1,True,2,False
d87ee52f6,,626,99,4,False,False,False,5,1,1,True,0,False
d8ed6d9a8,,3957,689,36,True,False,False,82,14,1,True,0,False
d8e5e58d4,,3147,534,31,True,False,False,81,29,1,True,27,False
d8a823546,,3420,596,30,True,False,False,92,32,1,True,1,False
d87e56ae2,,3873,601,30,True,False,False,34,4,1,True,3,False
d8af9da56,,2467,376,20,True,False,False,32,14,1,True,1,False
d8861ef5e,,2541,392,11,False,False,False,17,3,1,True,0,False
d879c591a,,7238,1125,51,True,False,False,95,19,1,True,0,False
d89c0363a,,975,152,9,False,False,False,18,8,1,True,2,False
d8833be7c,,4574,678,25,False,False,False,19,4,2,False,1,False
d87f3c3f8,,451,63,2,False,False,False,6,2,1,True,0,False
d816221ce,,826,119,3,False,False,False,5,5,1,False,0,True
d8e264322,,4358,640,18,False,False,False,18,5,1,True,0,False
d88043486,,2087,336,14,False,False,False,20,12,1,True,4,False
d8dd8d4a2,,658,106,10,True,False,False,28,3,1,True,0,False
d87549198,,1562,256,4,False,False,False,26,7,1,True,0,False
d8740b844,,1237,185,6,False,False,False,13,5,1,True,0,False
d88cbaa8e,,1378,206,7,False,False,False,0,0,0,False,0,False
d8f8d68b2,,3980,680,31,True,False,False,54,5,1,False,2,False
d8e1e392a,,7418,1128,50,True,False,False,50,16,1,True,0,False
d8a3623ea,,2152,341,21,False,False,False,35,23,1,True,0,False
d8a5c00d8,,2287,353,11,False,False,False,20,11,1,True,0,False
d86dbb250,,3057,501,21,True,False,False,37,2,1,True,0,False
d8a8622dc,,1307,202,6,False,False,False,23,9,1,True,2,False
d86d9fdb6,,1275,225,10,True,False,False,29,8,1,True,0,False
d8c5b6072,,815,117,5,False,False,False,19,2,1,True,1,False
d8693f46a,,1000,147,4,False,False,False,30,10,1,True,1,False
d874ac5be,,1423,226,10,False,False,False,19,8,1,False,0,False
d8a8138a8,,842,131,8,False,False,False,16,6,1,False,0,False
d82cf6990,,1481,256,20,True,False,False,47,10,1,True,0,True
d811fbfc8,,3121,500,28,True,False,False,123,16,1,True,0,True
d885de986,,2160,307,11,False,False,False,2,0,0,False,1,False
d8e73f360,,4122,631,34,True,False,False,63,23,1,True,6,False
d86315422,,1667,240,11,False,False,False,9,3,1,True,2,False
d8af10660,,14987,2444,106,True,False,False,325,63,1,True,7,False
d87b803cc,,4902,837,43,True,False,False,138,13,1,True,0,False
d8b6bd548,,2824,413,14,False,False,False,2,2,1,False,0,False
d8aa64594,,4148,613,24,False,False,False,40,8,1,True,0,False
d89c4f706,,817,112,5,False,False,False,0,0,0,False,0,False
d8f24878e,,2439,389,18,True,False,False,58,4,1,True,0,False
d883cadd4,,4333,738,36,True,False,False,57,2,1,True,0,False
d8bb129e0,,1621,253,14,True,False,False,20,11,1,True,0,False
d82cf67ce,,1849,299,10,False,False,False,10,3,1,True,0,True
d8d757628,,1374,223,14,True,False,False,19,3,1,True,0,False
d8e14a086,,1072,174,6,False,False,False,22,4,1,True,2,False
d8e58679e,,5900,952,42,True,False,False,70,16,1,True,0,False
d8cc849f8,,3085,490,29,True,False,False,28,11,1,True,4,False
d8b012b3a,,2555,431,20,True,False,False,75,5,1,True,15,False
d86cf7166,,2818,457,15,False,False,False,45,10,1,True,0,False
d87821924,,486,76,3,False,False,False,5,3,1,True,0,False
d8641cf46,,7663,1219,66,True,False,False,113,28,1,True,12,False
d8d0c3578,,3310,505,19,False,False,False,42,22,1,True,3,False
d8a0d6edc,,4076,671,27,True,False,False,33,7,1,True,2,False
d81cc5b16,,3686,572,21,True,False,False,33,3,1,True,0,True
d8875ffc6,,357,50,3,False,False,False,0,0,0,False,0,False
d8785f166,,1790,294,11,True,False,False,35,14,1,True,5,False
d8b2d55de,,775,117,5,False,False,False,5,1,1,True,0,False
d8bae4ffe,,12245,2005,94,True,False,False,314,38,1,True,15,False
d8c0cb13e,,1955,301,5,False,False,False,19,8,1,True,0,False
d8c30527e,,4575,786,43,True,False,False,121,27,1,True,10,False
d8b8f361e,,5790,865,39,False,False,False,20,12,1,False,0,False
d8e8e39b4,,15002,2518,112,True,False,False,510,36,2,True,10,False
d8c8fc38a,,2551,408,23,True,False,False,30,6,1,True,0,False
d86c66670,,2430,373,21,True,False,False,35,6,1,True,0,False
d810b77fc,,1979,335,15,True,False,False,52,12,1,True,4,False
d8e344184,,4062,718,33,True,False,False,88,18,2,True,16,False
d8f77059a,,6329,1001,30,True,False,False,157,37,2,True,6,False
d8e82fe0a,,4136,641,26,True,False,False,46,14,2,True,3,False
d89e1e7da,,1371,202,5,False,False,False,20,8,1,True,0,False
d8746a4c0,,2992,422,18,False,False,False,6,2,1,True,0,False
d8d72eca0,,3768,592,29,True,False,False,59,16,2,True,0,False
d8e99e5ca,,4307,699,41,True,False,False,95,32,1,True,11,False
d8e16ffd4,,3384,485,24,False,False,False,18,1,1,False,1,False
d8cd0c6b4,,1184,234,18,True,False,False,46,6,1,True,0,False
d8aa1dcd4,,3608,556,20,False,False,False,30,12,1,True,1,False
d87b01f0e,,1958,340,18,True,False,False,63,14,1,True,0,False
d811808dc,,4070,647,28,True,False,False,72,19,1,True,1,True
d8f05805a,,1410,209,12,False,False,False,8,2,1,True,0,False
d8e3b4006,,3243,497,23,True,False,False,30,12,1,True,4,False
d889e4cf6,,7904,1219,48,False,False,False,92,42,1,True,11,False
d8ba909c2,,642,138,11,True,False,False,30,6,1,True,0,False
d89bb4cce,,1928,297,13,True,False,False,54,4,1,True,7,False
d8736bd08,,4316,694,37,True,False,False,73,20,1,True,0,False
d8f9142c0,,1963,287,14,False,False,False,10,5,1,False,0,False
d8ca63e3a,,5644,894,43,True,False,False,33,8,1,True,4,False
d87964fa2,,5177,843,41,True,False,False,102,16,1,True,2,False
d8a626bbc,,4749,740,31,True,False,False,65,11,1,True,0,False
d89d0b1a4,,680,100,3,False,False,False,6,4,1,False,0,False
d861f421e,,3049,449,14,False,False,False,5,2,1,False,0,False
d8d998220,,2960,459,15,False,False,False,38,14,1,True,2,False
d8e20249c,,3999,695,44,True,False,False,118,38,1,True,42,False
d873e1e36,,693,106,3,False,False,False,0,0,0,False,0,False
d895e2bd4,,5963,943,48,True,False,False,93,19,1,True,3,False
d8a765500,,5894,893,49,True,False,False,46,12,1,True,2,False
d8da14910,,811,218,11,True,False,False,55,2,1,True,0,False
d8177aa80,,3086,494,27,True,False,False,37,5,1,True,1,True
d88e285c4,,794,108,3,False,False,False,5,1,1,True,0,False
d8e9eb604,,2413,383,20,True,False,False,36,11,1,True,0,False
d85e0b580,,3991,707,38,True,False,False,158,27,1,True,18,False
d8eaabae4,,164,25,2,False,False,False,0,0,0,False,0,False
d8dfe97c8,,5414,824,40,True,False,False,35,5,1,True,0,False
d813f9618,,1138,171,6,False,False,False,9,1,1,False,5,False
d8d8aec56,,1193,275,22,True,False,False,33,0,0,False,1,False
d8ddb680c,,740,108,7,False,False,False,1,0,0,False,0,False
d8882274c,,1454,227,8,False,False,False,8,5,1,False,1,False
d82375092,,3322,541,21,False,False,False,47,12,2,True,0,True
d8d33fd38,,1342,211,8,False,False,False,20,7,1,False,0,False
d8b93b068,,1081,157,4,False,False,False,11,3,1,True,0,False
d8efed304,,326,45,2,False,False,False,0,0,0,False,0,False
d88dbe67e,,2625,412,23,True,False,False,55,2,1,True,0,False
d8d3e0e90,,2126,342,19,True,False,False,30,10,1,True,0,False
d89db75c6,,4827,786,27,True,False,False,123,11,1,True,8,False
d81486c70,,1232,186,6,False,False,False,10,7,1,True,0,True
d88c357e4,,3153,526,30,True,False,False,89,15,1,True,0,False
d8d4e15c4,,1869,314,15,True,False,False,37,6,1,True,0,False
d869ea586,,761,144,15,True,False,False,27,1,1,False,0,False
d8ea20f48,,3667,742,50,True,False,False,169,4,1,True,0,False
d89b09810,,1618,308,12,True,False,False,155,11,2,True,0,False
d877c9ddc,,2524,423,27,True,False,False,77,21,1,True,3,False
d8ad7413a,,7301,1134,54,True,False,False,77,16,1,True,0,False
d8dba3998,,3714,602,28,True,False,False,56,20,1,True,0,False
d87528d76,,2802,397,17,False,False,False,20,16,1,True,2,False
d8f70d5c6,,5590,1025,48,True,False,False,291,16,1,True,14,False
d892da860,,8923,1430,57,True,False,False,165,52,1,True,6,False
d82729b34,,2760,425,18,True,False,False,36,4,1,True,0,True
d8be615c4,,3774,645,28,True,False,False,98,22,1,True,2,False
d87763190,,1113,167,11,False,False,False,17,7,1,True,0,False
d887e6620,,2207,334,12,False,False,False,21,9,1,True,0,False
d8baa668c,,778,140,11,True,False,False,24,7,1,True,0,False
d8b05438c,,1849,269,11,False,False,False,4,1,1,False,2,False
d85f361d0,,4973,896,44,True,False,False,176,22,1,True,26,False
d820b0d2a,,4051,627,21,False,False,False,5,2,1,False,0,False
d8b8a5b12,,194,27,1,False,False,False,0,0,0,False,0,False
d8f425552,,3180,473,31,True,False,False,29,11,1,True,0,False
d8a5acfec,,860,140,4,False,False,False,27,10,1,True,0,False
d8c75e398,,3264,511,21,True,False,False,43,11,1,True,0,False
d8ed6db60,,1768,291,12,True,False,False,43,16,1,True,7,False
d8bfc2904,,1128,200,15,True,False,False,24,11,1,True,0,False
d87e7df98,,1068,169,4,False,False,False,13,2,1,True,1,False
d87e4cb64,,450,69,5,False,False,False,4,2,1,False,0,False
d880433f0,,1142,190,9,False,False,False,15,7,1,True,1,False
d883b00ce,,3411,536,24,True,False,False,49,12,1,True,3,False
d8ef26c36,,5214,805,36,True,False,False,91,43,1,True,1,False
d8c804018,,4785,731,32,True,False,False,77,19,1,True,0,False
d8c33786e,,3243,525,23,True,False,False,47,5,1,True,0,False
d893fda9e,,1511,307,15,True,False,False,36,9,1,False,15,False
d89a6eb9e,,1970,314,14,False,False,False,17,4,1,True,0,False
d8c22a02a,,1259,227,16,True,False,False,116,4,1,True,0,False
d862b5b62,,1284,205,5,False,False,False,16,8,1,True,0,False
d89392d8e,,1298,201,6,False,False,False,0,0,0,False,0,False
d87a5cb30,,563,87,4,False,False,False,10,5,1,True,0,False
d8a4884fe,,1327,219,11,True,False,False,54,19,1,True,2,False
d8ebde6be,,2365,448,27,True,False,False,116,6,1,True,0,False
d83ac86e0,,3170,601,25,True,False,False,69,17,1,False,48,True
d887b746a,,750,141,12,True,False,False,56,5,1,True,0,False
d8c0acfe0,,1958,314,15,True,False,False,37,12,1,True,0,False
d8b190c28,,2239,350,15,False,False,False,33,2,1,True,0,False
d814d940c,,484,103,9,True,False,False,25,4,1,True,0,True
d8cfc2e4e,,7280,1215,54,True,False,False,148,25,1,True,16,False
d8e599a6a,,3185,484,27,True,False,False,84,9,1,True,1,False
d8aaa2970,,2614,421,29,True,False,False,31,5,1,True,0,False
d885de8dc,,4408,684,23,False,False,False,64,30,1,True,2,False
d8a971df8,,1913,310,14,True,False,True,60,5,1,True,0,False
d89985e4e,,2297,380,20,True,False,False,11,2,1,True,0,False
d8402e5a8,,3133,568,40,True,False,False,295,8,1,True,0,True
d8d5af3c0,,3161,503,18,True,False,False,23,7,1,True,0,False
d8ae38eae,,809,155,7,True,False,False,45,8,1,True,0,False
d8b5692dc,,2922,448,18,False,False,False,48,10,1,True,0,False
d8e86731e,,1407,223,8,False,False,False,25,12,1,True,0,False
d886a10ee,,4822,741,21,True,False,False,110,33,1,True,6,False
d8f36b990,,2975,439,20,True,False,False,21,6,1,True,1,False
d8a3d4706,,398,80,7,True,False,False,33,4,1,True,0,False
d887d2c74,,724,147,15,True,False,False,48,3,1,True,2,False
d8c37cedc,,522,76,4,False,False,False,0,0,0,False,0,False
d8b6054a2,,1638,241,8,False,False,False,15,6,1,True,0,False
d8dbce846,,2453,380,12,True,False,False,41,5,1,True,5,False
d898dd91a,,172,26,1,False,False,False,2,0,0,True,0,False
d8da9f600,,1298,216,12,True,False,False,41,7,1,True,0,False
d87528a92,,2642,384,17,True,False,False,24,8,1,True,0,False
d88116aca,,889,169,10,True,False,False,46,13,1,True,0,False
d8c29a6a4,,2927,455,15,False,False,False,11,2,1,False,0,False
d86f2b108,,342,55,1,False,False,False,3,1,1,False,0,False
d8cc15ef4,,1482,311,24,True,False,False,89,6,1,True,4,False
d8e64bc7e,,4667,790,36,True,False,False,112,13,1,True,2,False
d863b7358,,6097,1020,39,True,False,False,112,28,1,True,2,False
d87528cfe,,3420,570,31,True,False,False,121,14,1,True,0,False
d871b1dc8,,703,99,4,False,False,False,17,7,1,True,0,False
d8ecca276,,1424,212,8,False,False,False,0,0,0,False,0,False
d8ad23c6c,,6670,1028,39,True,False,False,99,24,1,True,5,False
d875163d8,,1343,209,8,False,False,False,13,5,1,True,2,False
d88f088d6,,9027,1482,64,True,False,False,181,23,1,True,8,False
d8b992aa2,,2687,441,26,True,False,False,37,7,1,True,0,False
d8f4ed9ee,,1905,395,22,True,False,False,78,16,1,True,1,False
d86bdf9fe,,1298,227,13,True,False,False,23,14,1,True,0,False
d8e14a0cc,,810,124,5,False,False,False,16,3,1,True,0,False
d8d8aec06,,1844,398,25,True,False,False,66,1,1,False,1,False
d8ddaa1a6,,3482,566,33,True,False,False,67,7,1,True,0,False
d8bec3cce,,6049,937,42,True,False,False,89,13,2,True,4,False
d8b3b77b8,,8150,1382,66,True,False,False,117,21,1,True,12,False
d889d03fa,,1718,309,20,True,False,False,43,1,1,False,1,False
d868c1772,,2140,350,17,True,False,False,59,8,1,True,0,False
d8c73c73e,,3511,494,18,False,False,False,0,0,0,False,0,False
d8ced748a,,1190,175,6,False,False,False,6,1,1,False,1,False
d85da422c,,3358,556,27,True,False,False,42,12,1,True,0,False
d8f444d8a,,3239,511,22,False,False,False,36,9,1,True,4,False
d878d5f96,,3777,740,38,True,False,True,85,2,1,True,24,False
d8e09d02a,,1519,245,9,False,False,False,6,2,1,False,4,False
d8bc0f622,,4079,784,47,True,False,False,156,27,1,True,38,False
d87310516,,1500,224,12,False,False,False,25,14,1,True,9,False
d891375a8,,1433,221,13,True,False,False,6,0,0,False,0,False
d8e46144a,,1851,320,19,True,False,False,31,12,1,True,0,False
d8887745e,,1068,187,8,True,False,False,39,10,1,True,4,False
d8cc5eabe,,4342,710,32,True,False,False,51,14,1,True,0,False
d8ed02cca,,654,89,3,False,False,False,2,1,1,False,0,False
d8e49368e,,833,168,12,True,False,False,46,6,1,True,0,False
d8833bf3a,,2183,338,15,False,False,False,20,11,1,True,0,False
d8e0b4e82,,751,130,9,True,False,False,21,2,1,True,0,False
d88f1e6e0,,679,101,5,False,False,False,16,6,1,True,0,False
d893d3820,,8428,1433,62,True,False,False,269,76,2,True,30,False
d86d24206,,4069,628,30,True,False,False,70,5,1,True,0,False
d883873fe,,7959,1244,51,True,False,False,65,6,1,True,6,False
d88755b0c,,796,164,13,True,False,False,35,3,1,True,0,False
d8665d4e0,,4021,756,38,True,False,False,154,27,1,True,38,False
d80ed4ec6,,3596,604,29,True,False,False,82,24,1,True,0,True
d8c3d362e,,1761,281,10,False,False,False,21,8,1,True,7,False
d8ddf9a12,,2838,449,25,True,False,False,92,5,1,True,1,False
d8a5e5a9a,,1204,180,5,False,False,False,3,0,0,False,0,False
d82080594,,1871,321,19,True,False,False,49,6,1,True,0,True
d8c161a6c,,3357,539,26,True,False,False,44,5,1,True,0,False
d8d03910c,,6091,1064,45,True,False,False,327,9,1,True,58,False
d86783d1a,,3162,522,22,True,False,False,40,10,1,True,0,False
d881d191a,,3161,518,22,True,False,False,88,5,1,True,4,False
d898ef0a2,,647,150,11,True,False,False,59,5,1,True,0,False
d8afbdd10,,1460,232,6,False,False,False,10,4,1,True,0,False
d8dfd4ecc,,22,3,1,False,False,False,0,0,0,False,0,False
d8f46fa30,,1767,272,9,False,False,False,26,7,1,True,2,False
d867e9b1a,,1258,204,6,False,False,False,22,6,1,True,0,False
d8bac1bc6,,2599,410,21,True,False,False,72,18,1,True,0,False
d8ef60a4e,,1369,197,9,False,False,False,8,3,1,True,0,False
d8c95a624,,2154,333,19,True,False,False,33,2,1,True,0,False
d8d86d8fa,,3896,614,25,True,False,False,68,20,1,True,0,False
d8b083a06,,2154,346,21,True,False,False,21,9,2,True,0,False
d8f13f568,,1529,279,17,True,False,False,46,7,1,True,0,False
d83562e76,,2913,459,22,True,False,False,61,11,1,True,0,True
d8dae1776,,3988,599,26,False,False,False,66,29,2,True,4,False
d89e7745c,,5016,795,29,False,False,False,36,14,1,True,2,False
d8a9f866e,,550,84,3,False,False,False,5,1,1,True,0,False
d8df14dde,,4277,734,29,True,False,False,48,8,1,True,0,False
d87e4c9e8,,4422,768,38,True,False,False,95,10,1,True,5,False
d89e1e910,,846,128,4,False,False,False,4,1,1,False,0,False
d8d6f44ec,,618,103,5,False,False,False,4,1,1,True,0,False
d87e6bec4,,2189,357,14,True,False,False,27,4,1,True,1,False
d8e2758f2,,1773,295,15,True,False,False,47,8,1,True,6,False
d8d37256c,,10259,1597,53,True,False,False,126,50,1,True,7,False
d8f193c44,,2485,406,16,True,False,False,60,20,1,True,0,False
d8291aa56,,6451,992,34,True,False,False,15,1,1,True,2,True
d8e487a3c,,741,135,12,True,False,False,37,7,1,True,0,False
d8ec20654,,3139,537,28,True,False,False,79,12,1,True,0,False
d81f2e83a,,1599,246,11,False,False,False,5,3,1,False,0,True
d8c29a622,,3461,611,31,True,False,False,60,4,1,True,0,False
d8dded316,,2161,344,15,True,False,False,38,13,1,True,5,False
d8cda6660,,4946,811,28,True,False,False,81,15,1,True,1,False
d87851d9a,,1259,184,7,False,False,False,16,10,1,True,1,False
d8c756c7e,,375,60,2,False,False,False,6,5,2,False,0,False
d86356260,,1280,197,6,False,False,False,19,3,1,False,7,False
d89504b72,,1016,211,11,True,False,False,107,8,1,True,0,False
d8e0d94d0,,2684,427,21,True,False,False,70,9,1,True,0,False
d863ab7ce,,3574,515,25,True,False,False,61,1,1,False,0,False
d8c1a899e,,238,54,9,True,False,False,14,5,1,True,0,False
d8865da88,,2322,348,15,False,False,False,7,0,0,False,2,False
d885a087a,,2373,412,17,True,False,False,39,4,1,True,0,False
d816dc65a,,1359,224,9,False,False,False,33,21,1,True,0,True
d8aaf8546,,4811,736,36,True,False,False,60,17,1,True,0,False
d8df83bf8,,853,149,3,False,False,False,7,0,0,True,2,False
d85d529cc,,8068,1322,58,True,False,False,72,17,1,True,0,False
d88e57f5e,,3415,513,17,False,False,False,31,14,1,True,3,False
d8852cb1e,,280,73,5,True,False,False,26,6,1,False,0,False
d8d930ae4,,1036,197,14,True,False,False,28,8,1,True,0,False
d885f42b8,,1107,169,7,False,False,False,8,3,2,True,0,False
d86daba1c,,2609,375,12,False,False,False,17,5,1,True,2,False
d8927fac8,,4092,654,36,True,False,False,70,10,1,True,0,False
d8736bc22,,2184,553,34,True,False,False,106,10,1,True,0,False
d8863d148,,3231,502,25,True,False,False,21,6,1,True,0,False
d8c540138,,1979,320,28,True,False,False,29,0,0,True,0,False
d872e4290,,4520,744,33,True,False,False,134,16,1,True,0,False
d83669fea,,1095,179,6,False,False,False,14,7,1,True,3,True
d8df258fa,,5080,823,40,False,False,False,82,30,1,True,9,False
d8866b7f0,,2207,365,15,True,False,False,38,10,1,True,5,False
d860d8920,,1059,233,17,True,False,False,84,1,1,True,7,False
d8f889918,,5842,911,36,True,False,False,72,10,1,True,14,False
d8d70d12c,,3431,547,22,True,False,False,73,12,1,True,0,False
d8c518f0c,,4826,774,39,True,False,False,85,5,1,True,0,False
d8ad4c356,,2845,477,31,True,False,False,99,8,1,True,0,False
d8c1ec2c0,,4308,725,35,True,False,False,97,23,1,True,5,False
d8ea2f1d8,,3441,523,20,True,False,False,75,22,1,True,0,False
d8e47c1e6,,2054,322,22,True,False,False,53,15,2,True,2,False
d8125ce0e,,722,116,5,False,False,False,19,14,1,False,0,True
d81bc4b9a,,2371,542,22,True,False,False,121,17,1,True,1,True
d8cc91a04,,1382,207,8,False,False,False,26,8,1,True,0,False
d8e79b674,,1326,182,7,False,False,True,2,0,0,False,0,False
d8b4c18b6,,2126,308,11,False,False,False,4,1,1,False,0,False
d8c2d5e16,,3063,482,21,False,False,False,26,13,1,True,0,False
d8c7c0534,,1605,292,19,True,False,False,28,6,1,True,9,False
d8ca63d04,,951,135,7,False,False,False,9,4,1,True,0,False
d8670e8c6,,641,94,3,False,False,False,4,2,1,True,0,False
d8e487b04,,1852,311,16,True,False,False,123,6,1,True,0,False
d8a086824,,2494,390,17,False,False,False,14,4,1,True,2,False
d8d62ff20,,1604,244,10,True,False,False,42,8,1,True,0,False
d8a2d09ae,,2537,480,30,True,False,False,136,10,1,True,5,False
d8c182f0a,,1062,158,7,False,False,False,21,9,1,True,0,False
d83b5a20c,,401,64,3,False,False,False,7,2,1,True,0,True
d861e39f0,,5665,1108,66,True,False,False,364,33,1,True,5,False
d89c4f792,,1434,214,10,False,False,False,72,11,1,True,0,False
d8960fab2,,1857,306,14,True,False,False,6,0,0,True,0,False
d8c05bf6e,,896,133,6,False,False,False,28,11,1,True,0,False
d8ccdf664,,12200,1909,105,True,False,False,159,39,2,True,14,False
d8be6bd58,,2809,481,25,True,False,False,87,7,1,True,0,False
d89e3c60e,,3186,602,31,True,False,False,148,7,1,True,5,False
d8e786094,,2950,451,22,False,False,False,27,7,1,True,0,False
d87c3aef2,,3707,606,32,True,False,False,72,16,1,True,14,False
d8e9d7a64,,2364,388,19,True,False,False,52,9,1,True,0,False
d8cf2bd46,,2817,447,14,False,False,False,13,9,1,True,0,False
d8885219a,,5369,851,48,True,False,False,60,16,1,True,2,False
d88e4a692,,3755,587,24,False,False,False,34,14,1,True,0,False
d8673d52c,,956,140,6,False,False,False,11,6,1,True,0,False
d88f37230,,4314,654,31,True,False,False,68,29,1,True,0,False
d8e2b4c5a,,3736,614,29,True,False,False,72,22,1,True,1,False
d8736bd6c,,3684,619,38,True,False,False,89,25,1,True,0,False
d82e4f04e,,3143,480,19,False,False,False,49,26,1,True,3,True
d897fcb2c,,2389,494,22,True,False,False,131,11,1,True,10,False
d8942ee46,,1756,259,12,False,False,False,6,1,1,True,0,False
d8204017e,,3752,617,28,True,False,False,52,23,1,True,0,True
d8ed623fa,,4471,646,35,False,False,False,10,2,1,False,0,False
d8724e0ce,,2896,476,25,True,False,False,87,18,1,True,4,False
d8f1eecac,,3565,564,30,True,False,False,104,37,1,True,11,False
d8d65f2e8,,3978,682,27,True,False,False,55,19,1,True,6,False
d813f9424,,217,29,2,False,False,False,1,1,1,False,0,False
d8165903e,,4467,710,38,True,False,False,85,26,1,True,4,True
d88d15e5c,,5592,867,38,True,False,False,94,20,1,True,0,False
d8619f7c8,,2519,409,30,True,False,False,49,4,1,True,7,False
d89926250,,2497,457,27,True,False,False,108,6,1,True,6,False
d8694b9f4,,2489,396,21,True,False,False,27,4,1,True,2,False
d812a0e60,,887,132,6,False,False,False,8,4,1,True,0,False
d88778e04,,4469,801,34,True,False,False,118,10,1,True,9,False
d87d8104a,,4705,848,52,True,False,False,191,8,1,True,1,False
d88c4af5e,,1369,214,10,False,False,False,5,2,1,True,0,False
d8d3e0ed6,,1650,230,10,False,False,False,3,0,0,False,0,False
d8ed43324,,1075,162,6,False,False,False,14,6,1,True,0,False
d8b0541d4,,2026,376,15,True,False,False,58,2,1,True,0,False
d8ce070aa,,9457,1507,64,True,False,False,245,26,1,True,3,False
d89365532,,4128,664,34,True,False,False,95,16,1,True,0,False
d87f8a468,,964,167,11,True,False,False,32,9,1,True,0,False
d88000c94,,2298,343,11,False,False,False,24,6,1,True,1,False
d817e5916,,578,114,14,True,False,False,52,2,1,True,0,True
d89b24246,,3979,668,27,True,False,False,60,18,1,True,10,False
d8e62f6d2,,4641,724,28,True,False,False,48,14,1,True,0,False
d89c0df0e,,3822,617,28,True,False,False,95,18,2,True,1,False
d89629804,,5982,906,40,True,False,False,71,16,1,True,0,False
d81e687a2,,1391,213,9,False,False,False,4,1,1,True,0,False
d815f4a3a,,2981,496,20,True,False,False,63,3,1,True,7,True
d86c116de,,3498,581,31,True,False,False,66,12,1,True,10,False
d866ce226,,4178,709,29,True,False,False,84,17,1,True,19,False
d8c747b34,,1649,252,11,False,False,False,42,23,2,False,0,False
d8cbe8bc0,,2382,366,23,False,False,False,26,9,2,True,2,False
d89e8cea6,,2669,403,20,False,False,False,3,3,2,False,0,False
d8a30213e,,4891,769,36,True,False,False,78,10,1,False,4,False
d870d5f1c,,9460,1544,66,True,False,False,265,54,1,True,4,False
d869d0744,,1843,297,21,True,False,False,51,11,1,True,0,False
d8c28aa2e,,5012,812,32,True,False,False,60,9,1,True,2,False
d8c7c046c,,9214,1615,75,True,False,False,160,15,2,True,7,False
d8d1db064,,607,85,4,False,False,False,1,1,1,False,0,False
d8c0cb1a2,,2059,300,12,False,False,False,26,3,1,True,2,False
d8623cff0,,2494,364,13,False,False,False,24,9,1,False,9,False
d86a50656,,2132,341,22,True,False,False,86,1,1,True,0,False
d8b15be10,,3823,628,30,True,False,False,67,17,1,True,0,False
d8bff2550,,3099,493,23,True,False,False,27,9,2,True,1,False
d8a266d42,,2964,483,26,True,False,False,43,16,2,True,7,False
d8e0832ce,,1514,249,10,True,False,False,34,15,1,True,5,False
d8271c772,,5946,941,38,True,False,False,68,13,1,True,20,True
d893a23e2,,1109,164,4,False,False,False,12,10,1,True,0,False
d88de6f34,,3431,522,16,False,False,False,20,8,1,False,2,False
d8de2232c,,6917,1110,50,True,False,False,72,10,1,True,24,False
d8d0596f0,,1152,197,12,True,False,False,30,9,1,True,1,False
d81252148,,10187,1688,72,True,False,False,212,52,1,True,24,False
d8e11c258,,1896,260,14,False,False,False,4,4,2,False,0,False
d81b36304,,913,193,13,True,False,False,32,2,1,True,0,False
d8f38c0be,,3588,533,24,True,False,False,33,11,1,False,7,False
d88f7ba2a,,6255,1006,50,True,False,False,95,10,1,True,0,False
d8acf02b8,,887,134,4,False,False,False,11,4,1,True,0,False
d8f0f2998,,3029,591,34,True,False,False,135,7,1,True,3,False
d895e2cce,,4009,778,45,True,False,False,146,11,1,True,1,False
d8f5d5a8c,,1229,172,10,False,False,False,0,0,0,False,0,False
d8880b592,,924,215,13,True,False,False,55,8,1,True,0,False
d8ad0b478,,4784,734,27,False,False,False,23,15,1,False,0,False
d8a31255c,,840,139,13,True,False,False,29,10,1,True,0,False
d8ae49ad8,,1034,158,2,False,False,False,14,1,1,False,2,False
d8c397df4,,3152,483,15,False,False,False,42,20,1,True,4,False
d8f529b24,,2740,471,28,True,False,False,42,16,1,True,0,False
d8b5f3e32,,4996,797,33,True,False,False,68,20,1,True,9,False
d8d039030,,2146,333,15,True,False,False,38,14,1,True,0,False
d86d88d50,,1576,268,13,True,False,False,21,8,1,True,9,False
d8b5dcbec,,3770,611,33,True,False,False,62,24,1,True,0,False
d86c3bcae,,2294,414,20,True,False,False,53,4,1,True,0,False
d8ec205f0,,786,118,4,False,False,False,24,9,1,True,0,False
d876af708,,1460,263,15,True,False,False,32,6,1,True,0,False
d8afbddd8,,1206,185,7,False,False,False,8,2,1,True,0,False
d888523c0,,2209,372,16,True,False,False,59,13,2,True,0,False
d879f6470,,3151,550,27,True,False,False,54,8,1,True,0,False
d8c182e2e,,1646,258,18,True,False,False,30,8,1,True,0,False
d862c3eec,,3774,677,47,True,False,False,129,39,1,True,47,False
d8ae06148,,863,138,5,False,False,False,13,4,1,True,1,False
d89151c00,,331,71,5,True,False,False,15,3,1,True,0,False
d8174df58,,5646,1215,61,True,False,False,191,8,1,True,0,False
d876af74e,,1383,237,7,False,False,False,27,7,1,True,3,False
d814f5850,,3995,614,33,True,False,False,76,28,1,True,6,True
d88cc8008,,2772,435,18,False,False,False,37,16,1,True,0,False
d895e2c42,,3531,570,39,True,False,False,88,6,1,True,0,False
d86b4c24e,,3444,568,36,True,False,False,81,16,1,True,0,False
d81be6718,,3808,761,37,True,False,False,141,24,1,True,30,True
d8b19f106,,2250,433,26,True,False,False,114,14,1,True,0,False
d85fff418,,3181,501,25,True,False,False,37,10,2,True,0,False
d8bbb8386,,3387,501,23,False,False,False,51,19,1,True,1,False
d8889ddac,,1735,348,24,True,False,False,51,2,1,True,0,False
d8d9ffbaa,,1588,251,11,False,False,False,25,8,1,True,1,False
d8cd9d542,,1554,236,11,False,False,False,19,6,1,True,3,False
d8c6c162e,,764,160,13,True,False,False,51,1,1,True,0,False
d89ed6254,,3668,671,42,True,False,False,134,10,1,True,14,False
d8a840f1a,,879,136,6,False,False,False,7,3,1,True,0,False
d8a2427b2,,1956,316,15,True,False,False,24,9,1,True,7,False
d8b0c0c1c,,224,35,2,False,False,False,0,0,0,False,0,False
d8c16197c,,808,147,9,True,False,False,19,4,2,True,0,False
d87528ca4,,5680,907,36,True,False,False,75,12,1,True,0,False
d8b054300,,4474,667,31,True,False,False,68,18,1,True,0,False
d8d3a9b0c,,766,116,2,False,False,False,2,0,0,True,0,False
d811e9382,,8991,1449,64,True,False,False,102,29,1,True,2,True
d86aa3d24,,1574,246,14,True,False,False,13,2,1,True,0,False
d898c458c,,5752,852,38,True,False,False,33,7,1,True,0,False
d85f3611c,,2313,356,16,False,False,False,17,6,1,True,0,False
d81f77a80,,187,27,1,False,False,False,3,2,1,False,0,False
d81180850,,4381,720,33,True,False,False,123,15,1,True,16,True
d87f5cb94,,1807,346,18,True,False,False,110,10,1,True,0,False
d88c070f6,,1836,304,26,True,False,False,70,2,1,True,0,False
d8185cc32,,5643,978,34,True,False,False,142,48,1,True,4,True
d8cd4ced0,,2043,311,15,False,False,False,22,5,1,True,1,False
d81447b6a,,3440,603,35,True,False,False,91,8,1,True,6,True
d8bb24af0,,3160,506,24,False,False,False,62,30,1,True,0,False
d88ffb6c6,,1310,213,12,False,False,False,3,0,0,False,0,False
d8185cb56,,1126,191,12,True,False,False,19,3,1,True,0,True
d8ed18c14,,461,104,11,True,False,False,45,3,1,True,0,False
d8157db2e,,708,150,11,True,False,False,25,6,1,True,0,True
d89f86a50,,2366,383,20,True,False,False,73,11,1,True,0,False
d8f8f8444,,3069,670,28,True,False,False,113,14,1,True,0,False
d8bc3a318,,3274,509,27,True,False,False,35,8,1,True,0,False
d8e0cdaa4,,1002,147,6,False,False,False,14,3,1,True,0,False
d8b49ca3e,,870,145,9,True,False,False,21,7,1,True,0,False
d861f4160,,593,88,3,False,False,False,10,2,1,False,6,False
d8184fc8a,,2136,341,14,True,False,False,46,16,1,True,0,True
d82bda002,,3558,529,21,False,False,False,26,12,1,True,0,True
d827ba6a2,,857,182,12,True,False,False,48,12,1,True,0,True
d87d9aa18,,1509,329,21,True,False,False,100,1,1,True,0,False
d88afa6cc,,2628,503,33,True,False,False,156,20,1,True,0,False
d8ad8a322,,3432,536,17,False,False,False,54,19,1,True,0,False
d827ba558,,2244,336,14,False,False,False,25,13,1,True,0,True
d8a8fccc4,,2388,379,20,True,False,False,35,3,1,True,0,False
d898ab28a,,3047,526,26,True,False,False,64,4,1,True,2,False
d887a4824,,4149,664,29,True,False,False,45,16,1,True,1,False
d8611713e,,14356,2480,131,True,False,False,410,42,1,True,48,False
d8b0a1eac,,3361,563,27,True,False,False,79,10,1,True,5,False
d8d9ff9fc,,241,41,2,False,False,False,3,1,1,False,0,False
d862d1cfe,,1572,266,15,True,False,False,79,9,1,True,2,False
d8904be6e,,3696,591,26,True,False,False,41,10,1,False,2,False
d81e686d0,,2356,387,15,False,False,False,40,15,1,True,10,False
d88d34f28,,2624,450,30,True,False,False,66,17,1,True,0,False
d8855e02e,,507,86,6,True,False,False,19,8,1,True,0,False
d88928b5a,,2347,362,22,True,False,False,49,3,1,True,0,False
d8a28fd0a,,2307,337,10,False,False,False,17,6,1,True,0,False
d81ee40c8,,1235,220,13,True,False,False,41,10,1,True,0,True
d8eed0ade,,1134,173,6,False,False,False,8,6,1,True,0,False
d87e97524,,1855,300,10,True,False,False,9,2,1,True,0,False
d866b233c,,2615,442,20,True,False,False,44,18,1,True,1,False
d8f36b9fe,,2469,389,17,False,False,False,28,11,1,True,2,False
d88d78e26,,11061,1776,94,True,False,False,250,32,1,True,12,False
d8b59441e,,1667,431,7,False,False,False,16,5,1,False,0,False
d8afb062e,,2278,405,22,True,False,False,58,14,1,True,0,False
d8806fb62,,2242,372,14,False,False,False,43,16,1,True,0,False
d8d99831a,,2300,358,19,True,False,False,32,11,1,True,8,False
d8d295874,,2784,416,18,True,False,False,51,9,1,True,1,False
d8e579ec2,,2422,430,18,True,False,False,87,16,1,True,3,False
d8cc02a3e,,2610,423,23,True,False,False,27,5,1,True,8,False
d81e741ce,,1409,240,10,True,False,False,33,8,1,True,0,True
d86f2afe6,,1909,282,11,False,False,False,35,6,1,True,10,False
d8f072fea,,2642,416,28,True,False,False,43,15,1,True,2,False
d88f1e712,,240,37,2,False,False,False,0,0,0,False,0,False
d8663c07e,,2354,342,14,False,False,False,5,3,1,False,0,False
d89b8a442,,723,121,4,False,False,False,14,8,1,True,0,False
d8f5656f6,,3808,595,29,True,False,False,36,9,1,True,9,False
d88e95ac0,,4183,812,41,True,False,False,163,6,1,True,48,False
d8f6f55a2,,3272,541,21,True,False,False,83,24,1,True,4,False
d8b10a498,,4165,642,27,True,False,False,19,4,1,True,2,False
d888f5854,,4902,824,46,True,False,False,114,19,1,True,5,False
d8f1fec92,,3916,595,22,False,False,False,32,14,1,True,0,False
d8d530c96,,7224,1376,67,True,False,False,385,26,1,True,47,False
d87b02030,,4235,612,32,True,False,False,31,6,1,True,2,False
d81511816,,3129,649,39,True,False,False,189,14,1,True,106,True
d8dd8d5ba,,3653,544,23,True,False,False,24,7,1,True,1,False
d8d7728d8,,4093,676,23,True,False,False,68,13,2,True,2,False
d8ddc69f0,,4565,789,41,True,False,False,344,47,1,True,0,False
d8c1ec220,,3257,604,34,True,False,False,178,10,1,True,45,False
d88928bfa,,2927,452,19,False,False,False,15,3,1,True,0,False
d89bb4daa,,3340,556,24,True,False,False,56,8,1,True,1,False
d8e243302,,2593,418,13,False,False,False,0,0,0,False,0,False
d899d9828,,1736,256,12,False,False,False,13,5,1,False,1,False
d86f5c744,,4513,714,33,True,False,False,38,6,1,True,0,False
d819e656c,,2290,350,13,True,False,False,39,11,1,True,4,True
d827ba792,,4395,822,48,True,False,False,244,7,1,True,54,True
d81e74232,,4366,703,20,True,False,False,84,21,1,True,0,True
d8dd134c2,,831,139,9,True,False,False,25,5,1,True,0,False
d8ee29ad6,,5184,916,48,True,False,False,222,11,1,True,0,False
d87a08abc,,5168,834,39,True,False,False,81,18,1,True,9,False
d8829b184,,4137,662,32,True,False,False,91,39,1,True,0,False
d8e075e8a,,244,37,1,False,False,False,3,2,1,False,0,False
d8cd216fe,,1461,250,19,True,False,False,46,11,1,True,1,False
d8d845d5a,,3840,587,15,False,False,False,30,13,1,True,0,False
d8a4cefda,,3436,531,21,True,False,False,48,22,1,True,5,False
d88b068e6,,6011,1017,43,True,False,False,82,24,1,True,16,False
d86d78c34,,4769,673,23,False,False,False,25,8,1,True,0,False
d898834a6,,2586,504,18,True,False,False,311,18,1,True,0,False
d868c163c,,1939,317,19,True,False,False,29,9,1,True,0,False
d81452222,,6133,973,44,True,False,False,116,25,1,True,18,True
d8c23533a,,4431,654,24,False,False,False,12,3,1,False,0,False
d89b68144,,2321,359,20,True,False,False,57,3,1,True,6,False
d89698830,,2932,471,26,True,False,False,82,4,1,True,2,False
d8445e56a,,5648,1001,50,True,False,False,207,22,1,True,22,True
d8c109114,,1029,174,12,True,False,False,33,6,1,True,5,False
d870f4926,,4036,663,27,True,False,False,75,31,1,True,6,False
d895bc5e2,,1643,319,19,True,False,False,83,9,1,True,6,False
d8822db5c,,1358,214,10,False,False,False,21,10,1,True,4,False
d8f66c950,,7155,1154,54,True,False,False,115,38,1,True,2,False
d8a3126c4,,2039,337,24,True,False,False,69,8,1,False,1,False
d8e7cc706,,4179,727,36,True,False,False,347,5,1,True,0,False
d883b0074,,721,93,5,False,False,False,2,0,0,False,0,False
d8dd8d358,,2114,358,22,True,False,False,66,0,0,True,0,False
d8dd40efe,,1912,338,19,True,False,False,57,10,1,True,0,False
d87fdd640,,3992,657,31,True,False,True,50,13,1,True,0,False
d8c6d6c0e,,5428,1009,55,True,False,False,199,8,1,True,0,False
d86a2e506,,4750,840,36,True,False,False,240,22,1,True,5,False
d8ee998f4,,2831,544,29,True,False,False,109,20,1,True,32,False
d8ef48e6c,,1519,227,10,False,False,False,11,9,1,True,0,False
d8d2b2d84,,3203,515,26,True,False,False,60,14,1,True,0,False
d8e903c50,,5988,933,44,True,False,False,53,8,1,True,0,False
d81498952,,1642,256,8,False,False,False,11,5,1,False,1,False
d87e204ec,,3228,508,15,False,False,False,7,2,1,False,0,False
d81f21e8c,,2090,306,17,True,False,False,26,1,1,True,1,False
d87c1d5d2,,4123,634,28,True,False,False,45,7,1,True,0,False
d885c446e,,961,139,7,False,False,False,9,2,1,True,0,False
d8b10a6a0,,4056,687,34,False,False,False,70,31,2,True,1,False
d87b0fbb8,,4412,691,27,False,False,False,80,33,1,True,0,False
d813cd306,,1569,261,9,False,False,False,15,10,1,False,0,True
d8ee84292,,2888,664,32,True,False,False,185,4,1,True,0,False
d8b4c1afa,,707,137,10,True,False,False,51,1,1,True,2,False
d82441b10,,2244,317,18,False,False,False,1,0,0,False,0,True
d812186b4,,538,84,4,False,False,False,2,0,0,False,0,True
d88bf522a,,11594,1797,64,True,False,False,129,40,1,True,7,False
d89ec4a04,,447,67,3,False,False,False,8,3,1,False,0,False
d88be1e6e,,6101,939,49,True,False,False,125,24,1,True,0,False
d8b1f13e8,,4794,729,29,True,False,False,75,4,1,True,0,False
d8d4c550e,,10259,1704,81,True,False,False,247,25,1,True,0,False
d8e7afa70,,9999,1518,59,True,False,False,102,25,1,True,14,False
d8b414940,,3292,513,17,True,False,False,50,24,1,True,6,False
d8afbde50,,2561,403,17,False,False,False,15,7,1,True,0,False
d8e06a274,,2215,339,11,False,False,False,5,1,1,False,0,False
d8ba5aa8e,,321,53,4,False,False,False,1,0,0,False,0,False
d8bb342d4,,689,132,9,True,False,False,39,1,1,True,0,False
d874d767e,,2939,497,26,True,False,False,89,14,1,True,2,False
d87040200,,171,28,4,False,False,False,3,0,0,False,0,False
d8a6b0042,,1766,356,21,True,False,False,82,10,1,True,5,False
d87876ac8,,650,104,3,False,False,False,16,7,1,True,0,False
d85f8ab86,,2777,479,25,True,False,False,78,14,1,True,8,False
d8ddd9334,,4831,939,48,True,False,False,215,20,1,True,15,False
d8968e092,,3340,635,30,True,False,False,122,13,1,True,49,False
d897ab36c,,4753,791,43,True,False,False,137,56,1,True,0,False
d8a27a6d0,,2707,411,23,True,False,False,58,4,1,True,4,False
d86489948,,800,120,5,False,False,False,4,2,1,False,0,False
d86d96df6,,1038,177,12,True,False,False,22,13,1,True,0,False
d83ac85fa,,1715,275,12,True,False,False,35,9,1,True,0,True
d8d2c9a34,,1925,270,11,False,False,False,0,0,0,False,0,False
d881552f2,,2530,404,16,True,False,False,35,8,1,True,5,False
d89eaf528,,2579,403,19,True,False,False,66,1,1,True,0,False
d81da99ec,,5802,896,42,True,False,True,89,2,1,True,0,False
d86a505e8,,2623,408,23,True,False,False,48,14,1,True,4,False
d87f3c2f4,,754,118,3,False,False,False,10,0,0,True,0,False
d8c756d6e,,3021,455,24,False,False,False,35,8,1,True,0,False
d88d9abe8,,1058,179,9,True,False,False,51,7,1,True,0,False
d8b8a5c16,,2938,443,19,False,False,False,16,4,1,True,0,False
d82b4220c,,2313,387,20,True,False,False,80,10,1,True,0,True
d8bda35a6,,898,141,6,False,False,True,13,4,1,True,0,False
d88fe4dcc,,303,40,2,False,False,False,0,0,0,False,0,False
d8eaab9f4,,3265,496,23,False,False,False,12,5,1,True,0,False
d8afe3ea2,,839,123,6,False,False,False,10,6,1,True,0,False
d8afbde82,,125,18,1,False,False,False,0,0,0,False,0,False
d88d5e576,,1010,157,8,False,False,False,19,8,1,True,2,False
d87a37b0a,,6557,1195,74,True,False,False,266,13,1,True,0,False
d8d1eab54,,1429,203,7,False,False,False,0,0,0,False,0,False
d8863443a,,2935,453,18,True,False,False,57,14,1,True,0,False
d8ea0ee6a,,3493,584,28,True,False,False,61,13,1,True,0,False
d86b8b3fe,,4053,673,39,True,False,False,51,14,1,False,0,False
d8cb62ac0,,4012,636,30,True,False,False,56,16,1,True,19,False
d86745ac4,,4167,649,33,True,False,False,32,9,1,True,0,False
d819d2526,,774,122,4,False,False,False,15,9,1,True,0,False
d8a8fcc10,,5401,878,45,True,False,False,114,6,1,True,13,False
d86f2af28,,2231,310,11,False,False,False,3,0,0,False,2,False
d8a301fd6,,3866,619,28,True,False,False,71,7,1,False,2,False
d89392dfc,,1624,228,9,False,False,False,1,0,0,False,0,False
d8995d5de,,839,182,10,True,False,False,116,5,1,True,0,False
d88916a5e,,786,109,5,False,False,False,1,0,0,False,0,False
d8beb89f0,,3449,533,29,True,False,False,20,7,1,True,0,False
d8f72771e,,1412,233,12,True,False,False,13,4,1,True,0,False
d8ef908ca,,4619,740,35,True,False,False,131,55,1,True,7,False
d870401b0,,1158,190,13,True,False,False,34,15,1,False,0,False
d8a6bea98,,2438,413,20,True,False,False,51,21,1,True,0,False
d8f790a8e,,1986,297,17,True,False,False,14,5,1,True,0,False
d8e8a647e,,2427,492,34,True,False,False,168,10,1,True,7,False
d89deaa16,,1630,265,13,True,False,False,44,4,1,True,0,False
d8366a3aa,,3671,601,30,True,False,False,75,19,1,True,3,True
d8c357f42,,3301,512,29,True,False,False,39,14,1,True,0,False
d820804e0,,1134,178,6,False,False,False,6,4,1,True,1,True
d889a7de2,,4948,753,25,True,False,False,86,32,1,True,10,False
d89aa95dc,,1577,309,16,True,False,False,51,3,1,True,0,False
d81f933f2,,4451,664,37,True,False,False,36,2,1,True,2,True
d8e6d7e5e,,2333,346,17,False,False,False,32,9,1,True,5,False
d870c5752,,3180,643,38,True,False,False,184,7,1,True,32,False
d82441a20,,630,114,8,True,False,False,23,5,1,True,9,True
d88ac74a2,,1844,329,15,True,False,False,95,13,1,True,2,False
d8e01a742,,4905,762,46,True,False,False,90,21,2,True,0,False
d8159e2fc,,1433,225,8,False,False,False,31,6,1,True,0,False
d8ab4af9e,,3902,651,26,True,False,False,84,33,1,True,12,False
d87a70afe,,5116,841,40,True,False,False,66,11,1,True,29,False
d8bffd216,,2979,482,23,True,False,False,37,11,1,True,0,False
d8b1dbe1c,,3217,451,28,True,False,False,16,7,1,True,0,False
d8ed3182c,,177,25,1,False,False,False,0,0,0,False,0,False
d8f2f1b86,,2566,428,17,True,False,False,49,5,1,True,5,False
d85f61f2e,,1333,247,19,True,False,False,54,1,1,True,4,False
d8e350dee,,1654,258,11,False,False,False,21,10,1,True,1,False
d8120e344,,5087,786,33,True,False,False,14,3,1,True,0,True
d8dbe56e0,,1258,191,7,False,False,False,10,5,1,False,0,False
d8d6f4578,,3560,584,32,True,False,False,50,10,1,True,6,False
d8b6116da,,2270,352,17,False,False,False,19,10,1,False,0,False
d8e11c320,,1287,185,7,False,False,False,15,6,1,True,0,False
d8c0f5b5a,,734,122,8,True,False,False,7,1,1,True,0,False
d8825d8e8,,3344,695,32,True,False,False,275,12,1,True,0,False
d8912bde8,,920,167,13,True,False,False,60,7,1,True,0,False
d86439d08,,3800,621,32,True,False,False,78,12,1,True,0,False
d8cd34880,,1891,298,12,False,False,False,11,9,1,False,0,False
d8adbdc18,,3686,629,35,True,False,False,114,16,1,False,0,False
d8e79b638,,1812,282,12,False,False,True,4,1,1,True,0,False
d8a8410fa,,1528,279,18,True,False,False,81,5,1,True,0,False
d8848a4e0,,840,201,12,True,False,False,95,1,1,True,13,False
d8f32afbc,,1438,222,7,False,False,False,18,8,1,True,0,False
d8d930a76,,356,50,3,False,False,False,2,1,1,False,0,False
d87ab19d2,,2859,445,18,False,False,False,42,15,1,True,9,False
d814d93bc,,2523,397,18,True,False,False,34,18,2,True,3,True
d81f21f9a,,772,135,14,True,False,False,43,4,1,True,4,False
d876fa23a,,7395,1209,58,True,False,False,117,20,2,True,13,False
d8a606a74,,1870,313,18,True,False,False,34,1,1,False,22,False
d886343c2,,5625,999,58,True,False,False,233,9,1,True,0,False
d86c1f108,,2870,448,13,False,False,False,29,9,1,True,0,False
d8f565656,,1835,292,12,False,False,False,11,7,1,True,0,False
d8ad5a8a2,,1364,251,12,False,False,False,20,8,1,False,0,False
d88a11c06,,3800,554,23,True,False,False,31,3,1,True,1,False
d86cf72ce,,179,25,2,False,False,False,1,1,1,False,0,False
d8eaab92c,,2022,311,13,False,False,False,1,0,0,False,0,False
d812324e2,,9093,1440,67,True,False,False,101,35,1,True,0,True
d8dded212,,752,121,5,False,False,False,10,8,1,False,2,False
d87434d0c,,6683,1119,77,True,False,False,122,23,1,True,0,False
d8f0251a0,,4672,833,51,True,False,False,151,12,1,True,12,False
d8ab10fa6,,4519,663,19,False,False,False,42,14,1,True,1,False
d8f770612,,2814,412,21,True,False,False,21,8,1,True,1,False
d8204fea8,,1576,242,7,False,False,False,15,8,1,True,0,True
d8cccb952,,3441,481,21,False,False,False,12,2,1,False,0,False
d89b4e5dc,,844,138,3,False,False,False,11,6,1,True,0,False
d8e487a00,,2864,453,15,False,False,False,9,6,1,False,0,False
d879794d4,,5498,926,43,True,False,False,100,32,1,True,6,False
d8a64b804,,5889,1098,60,True,False,False,332,19,1,True,5,False
d8992648a,,1336,191,6,False,False,False,4,1,1,True,0,False
d825b9830,,1180,181,6,False,False,False,12,6,1,True,0,True
d8ca47c08,,4813,905,65,True,False,False,251,2,1,True,0,False
d8926f646,,895,133,4,False,False,False,15,5,1,True,6,False
d86b7c1a6,,2697,464,22,True,False,False,61,14,1,False,0,False
d8b20f8b6,,3781,660,31,True,False,False,95,11,1,True,0,False
d85f2a1fa,,3567,605,37,True,False,False,72,19,1,True,0,False
d8786d248,,5139,892,39,True,False,False,154,5,1,True,10,False
d87a5ce32,,1258,203,4,False,False,False,16,8,1,True,3,False
d8d289f9c,,3097,586,34,True,False,False,150,11,1,True,8,False
d884f25b8,,1560,339,17,True,False,False,70,10,1,True,0,False
d8bdc4d1e,,4658,701,31,True,False,False,55,9,1,True,0,False
d893fda26,,1553,256,11,True,False,False,22,6,1,True,1,False
d82990c38,,3116,708,48,True,False,False,222,12,1,True,44,False
d863cfe9e,,728,107,6,False,False,False,3,1,1,True,0,False
d88cdb568,,794,134,9,True,False,False,15,3,1,False,9,False
d8e2642a0,,890,165,9,True,False,False,36,9,1,True,2,False
d89fc2f46,,2965,423,18,False,False,False,22,6,1,True,0,False
d8d45d198,,4170,727,38,True,False,False,170,16,1,True,6,False
d897d093c,,1376,221,13,True,False,False,30,8,1,True,4,False
d8770a78e,,3694,616,38,True,False,False,80,12,1,True,1,False
d88678450,,4207,780,49,True,False,False,209,61,1,True,0,False
d8b36a008,,2026,336,12,True,False,False,41,14,1,True,0,False
d87a4d1d0,,61,8,1,False,False,False,0,0,0,False,0,False
d8888e0be,,1068,169,9,True,False,False,16,2,1,True,3,False
d85fa1fac,,5586,1031,45,True,False,False,291,22,1,True,0,False
d82604344,,1212,169,7,False,False,False,10,3,1,True,1,True
d8ebde524,,3811,666,36,True,False,False,38,2,1,False,0,False
d8d319282,,5043,747,34,True,False,True,52,13,1,True,8,False
d88a1c23c,,5979,927,46,True,False,False,34,7,1,False,0,False
d87db6da8,,3716,584,33,True,False,False,89,14,1,True,1,False
d89eaf4ce,,2835,549,32,True,False,False,161,15,1,True,0,False
d8a2d0a08,,4067,634,30,True,False,False,78,19,1,True,0,False
d8d09a39e,,1327,200,8,False,False,False,22,9,1,True,0,False
d8ab68e90,,2566,367,17,False,False,False,14,6,1,False,0,False
d8bf0d6f8,,2862,459,24,True,False,False,56,22,1,True,3,False
d83c8ac3a,,2547,418,22,False,False,False,30,13,1,False,3,False
d8e1b1e66,,2431,445,34,True,False,False,53,8,1,True,4,False
d8dcc9fe8,,8196,1395,60,True,False,False,177,27,2,True,2,False
d8c37ccb6,,2324,406,23,True,False,False,70,13,2,True,0,False
d8c5949cc,,6589,1009,43,True,False,False,105,18,1,True,0,False
d896b9d46,,1886,286,11,False,False,False,15,4,1,True,0,False
d8a6a3f04,,1813,276,10,False,False,False,26,11,1,True,1,False
d85fa207e,,10244,1642,82,True,False,False,177,18,1,True,28,False
d86052104,,311,68,5,True,False,False,37,6,1,True,0,False
d8af9daa6,,1090,200,12,True,False,False,34,4,1,True,0,False
d8bd67402,,4557,700,27,False,False,False,12,8,1,False,0,False
d8b1d2704,,4224,640,18,False,False,False,3,2,1,True,0,False
d8d65f46e,,5161,809,29,True,False,False,71,9,1,True,0,False
d8d624b5c,,6812,1074,44,True,False,False,191,30,1,True,0,False
d8875ff3a,,1554,239,11,False,False,False,2,0,0,False,0,False
d8755905c,,2602,397,21,True,False,False,18,0,0,False,0,False
d884fecaa,,2049,339,10,False,False,False,4,0,0,False,0,False
d8c7f3f4c,,3875,599,27,True,False,False,21,5,1,True,1,False
d8d0e7cc0,,3713,587,27,True,False,False,100,4,1,True,33,False
d8c8acba0,,2633,418,11,False,False,False,19,10,1,True,3,False
d87e4ca56,,1950,306,8,False,False,False,18,8,1,True,1,False
d8616f532,,2345,496,29,True,False,False,221,2,1,True,0,False
d8eed07e6,,1016,163,6,False,False,False,15,8,1,True,0,False
d8b8a5b9e,,2923,450,14,False,False,False,32,10,1,True,3,False
d826cd4d8,,3237,527,28,True,False,False,75,10,1,True,0,False
d88127d66,,4832,783,33,True,False,False,99,34,1,True,18,False
d85e002ca,,1042,185,7,False,False,False,11,3,1,True,0,False
d8f0730d0,,1220,242,15,True,False,False,113,1,1,True,0,False
d8c6e9048,,1148,225,12,True,False,False,41,4,1,True,3,False
d8cbe8b02,,1412,226,6,False,False,False,15,4,1,True,2,False
d8f40b5c6,,295,48,2,False,False,False,1,0,0,False,0,False
d89efb9dc,,7218,1287,44,True,False,False,170,22,1,True,21,False
d8a133498,,6007,1132,50,True,False,False,298,43,1,True,10,False
d885897b0,,3257,643,38,True,False,False,123,10,1,True,6,False
d8f8389e6,,3050,497,25,True,False,False,58,17,1,True,0,False
d8a751f5a,,3975,638,36,True,False,False,210,32,2,True,15,False
d8d20b9b2,,4792,776,35,True,False,False,75,21,1,True,0,False
d87c542e4,,6462,1033,38,True,False,False,115,19,1,True,2,False
d8ed02d24,,462,67,4,False,False,False,1,0,0,False,0,False
d8e599b00,,3705,677,42,True,False,False,281,5,1,True,0,False
d8c182eba,,1712,382,27,True,False,False,84,5,1,True,0,False
d8bf79a56,,4416,670,32,True,False,False,88,30,1,True,4,False
d8679374c,,2272,345,17,False,False,False,37,11,1,True,0,False
d8b62723c,,3193,501,24,True,False,False,19,3,1,True,0,False
d8d27b294,,2051,359,17,True,False,False,52,14,1,True,17,False
d8f025038,,3615,570,29,True,False,False,41,12,1,True,7,False
d8663bf0c,,1734,252,11,False,False,False,3,1,1,False,0,False
d88aec7f2,,1416,246,16,True,False,False,47,12,1,True,0,False
d8a223380,,2375,416,20,True,False,False,63,14,1,True,23,False
d8d575e90,,2188,302,12,False,False,False,1,0,0,False,0,False
d87b9bbea,,3135,473,24,False,False,False,47,28,1,True,4,False
d86e1fc14,,3205,490,18,True,False,False,55,14,1,True,8,False
d8c2afc02,,1590,230,9,False,False,False,10,9,1,False,0,False
d8b49caca,,1907,311,18,False,False,False,32,14,1,True,1,False
d820b0cb2,,945,137,4,False,False,False,5,3,1,False,0,False
d8e0a6846,,5064,863,35,True,False,False,169,41,2,True,3,False
d8a8e9b42,,1852,274,13,False,False,False,0,0,0,False,0,False
d8e5d263a,,3107,535,37,True,False,False,131,52,1,True,0,False
d8833bfe4,,3808,611,36,True,False,False,23,6,1,False,3,False
d8d65f3ba,,3472,568,30,True,False,False,44,13,1,True,0,False
d8c1feeb6,,1503,298,22,True,False,False,48,8,1,True,0,False
d8e04a8c0,,5551,897,47,True,False,False,137,16,1,True,10,False
d896c4674,,1440,275,17,True,False,False,55,2,1,True,0,False
d893a22f2,,970,152,3,False,False,False,7,3,2,True,0,False
d8da9f574,,2151,340,11,False,False,False,28,11,2,False,0,False
d8c2c6da8,,2746,412,15,False,False,False,7,0,0,False,0,False
d8db8ac9a,,3315,514,16,False,False,False,6,5,2,False,0,False
d8779f276,,2405,400,25,True,False,False,64,5,1,True,0,False
d8ec72e04,,3280,487,31,True,False,False,40,14,1,True,2,False
d8908b668,,6493,1011,43,True,False,False,42,22,1,True,3,False
d88c1723a,,3588,598,31,True,False,False,72,19,2,True,0,False
d893f1faa,,3869,599,29,False,False,False,31,9,1,True,1,False
d89064fd6,,5171,811,41,True,False,False,52,6,1,True,20,False
d8cd4ce1c,,7152,1421,86,True,False,False,251,26,1,True,3,False
d8d5bdb8c,,2237,410,24,True,False,False,69,2,1,True,2,False
d813f94b0,,1030,150,8,False,False,False,3,1,1,True,0,False
d89018384,,3474,565,25,True,False,False,52,5,1,False,0,False
d8dbbb9e4,,469,71,2,False,False,False,5,5,1,False,0,False
d8d70d23a,,3593,578,29,True,False,False,80,20,1,True,0,False
d87e8c62e,,933,141,7,False,False,False,0,0,0,False,0,False
d8ab28b88,,5081,763,33,True,False,False,77,21,1,True,0,False
d8b963220,,3308,589,36,True,False,False,139,13,1,True,19,False
d8b8492b8,,10266,1596,60,True,False,False,126,52,2,True,0,False
d8e80f588,,1336,207,10,True,False,False,19,4,1,True,10,False
d8366a242,,1064,184,9,True,False,False,32,14,1,True,5,True
d889e4db4,,4275,633,22,False,False,False,17,7,1,True,1,False
d811394dc,,2869,533,29,True,False,False,112,20,1,True,32,True
d873efe0a,,2146,333,14,False,False,False,5,3,1,False,0,False
d883cae38,,3329,507,20,False,False,False,8,2,1,True,1,False
d8c84124c,,3157,451,17,False,False,False,0,0,0,False,0,False
d88dacaa0,,214,29,1,False,False,False,0,0,0,False,0,False
d8bfccf58,,1416,240,11,True,False,True,56,4,1,True,0,False
d869dcc1a,,3801,605,30,True,False,False,56,9,1,True,18,False
d8a05945a,,3571,683,36,True,False,False,194,2,1,True,6,False
d8988337a,,2107,313,15,False,False,False,19,4,1,True,4,False
d8dae1712,,1139,177,6,False,False,False,14,5,1,True,0,False
d8f508f28,,5860,1121,54,True,False,False,336,8,1,True,8,False
d87a7e2bc,,113,17,1,False,False,False,1,0,0,False,0,False
d8cea65ba,,4975,773,34,True,False,False,57,10,1,True,1,False
d88dacbc2,,408,60,3,False,False,False,9,6,1,True,0,False
d8c2c6ef2,,4346,838,40,True,False,False,212,4,1,True,0,False
d87db6f06,,3811,637,39,True,False,False,92,9,1,True,0,False
d8dded49c,,3782,646,36,True,False,False,88,9,1,True,14,False
d8693f30c,,122,18,2,False,False,False,0,0,0,False,0,False
d89c0df68,,1507,257,14,True,False,False,51,6,1,True,7,False
d8202fb8a,,1608,215,8,False,False,False,3,0,0,False,2,True
d8316fe04,,4290,710,40,True,False,False,87,13,1,True,8,True
d87befcd6,,3516,546,26,True,False,False,34,8,1,True,0,False
d868871c6,,2878,532,29,True,False,False,129,19,1,True,32,False
d8c043ae0,,461,101,6,True,False,False,14,3,1,True,0,False
d8f790c78,,3193,684,45,True,False,False,171,1,1,True,3,False
d8b7f7422,,6357,1021,44,True,False,False,141,26,1,True,2,False
d8cc15f80,,4127,577,26,False,False,False,2,0,0,False,0,False
d8e33aeae,,914,135,6,False,False,False,0,0,0,False,0,False
d885c45cc,,681,103,4,False,False,False,8,3,1,False,0,False
d8aee39c6,,6590,1195,59,True,False,False,183,41,1,True,6,False
d866905ca,,2152,329,12,False,False,False,10,4,1,True,0,False
d88f63a6a,,4995,764,28,True,False,False,107,20,1,True,17,False
d80f0aaa8,,1141,172,6,False,False,False,16,2,1,True,5,False
d8a242708,,2178,360,13,True,False,False,42,16,1,True,7,False
d8dd133e6,,1226,204,14,True,False,False,35,3,1,True,0,False
d8c08e9aa,,7432,1200,59,True,False,False,113,38,1,True,0,False
d86f6babe,,2237,427,22,True,False,False,124,8,1,True,0,False
d85efc804,,2211,327,10,False,False,False,15,4,1,False,6,False
d863c221c,,854,159,11,True,False,False,43,4,1,False,0,False
d8bbb843a,,5164,741,31,False,False,False,31,25,1,True,0,False
d88791d78,,5065,788,28,True,False,False,88,5,1,True,4,False
d8f92165a,,1982,294,12,False,False,False,10,5,1,True,0,False
d81e688a6,,1711,276,18,True,False,False,50,2,1,True,0,False
d8d542158,,1390,223,11,False,False,False,13,5,2,False,0,False
d88292138,,2304,357,18,False,False,False,36,17,1,True,0,False
d8746a6d2,,4563,792,38,True,False,False,132,19,1,True,27,False
d8ea04672,,839,124,1,False,False,False,13,4,1,True,0,False
d8445e704,,2814,489,22,True,False,False,120,21,1,True,9,True
d8a8e9a7a,,1931,301,9,False,False,False,12,5,1,True,0,False
d8e10888e,,5202,787,32,True,False,False,47,10,1,True,7,False
d8b642e38,,1179,174,7,False,False,False,3,0,0,False,0,False
d87b7026a,,1085,158,6,False,False,False,16,1,1,True,7,False
d8f1254ec,,920,167,12,True,False,False,35,8,1,True,0,False
d8d858400,,3208,524,23,True,False,False,53,11,1,True,0,False
d8c3f3be0,,3750,612,30,True,False,False,65,18,1,True,0,False
d889f76bc,,1946,287,9,False,False,False,6,0,0,False,0,False
d8b33da6c,,5765,906,31,True,False,False,46,16,2,False,0,False
d85e51d50,,2645,399,13,False,False,False,25,7,1,True,0,False
d86aa3dba,,3680,627,28,True,False,False,39,9,1,True,20,False
d855e75d4,,3605,571,25,False,False,False,10,0,0,False,0,True
d87a1436c,,1914,314,13,True,False,False,52,12,1,True,0,False
d894cfe5e,,801,127,10,True,False,False,9,2,1,True,0,False
d8c5c0c02,,4931,765,35,True,False,False,37,8,1,True,1,False
d88877404,,3065,479,16,False,False,False,26,8,1,True,6,False
d885d3112,,6414,1115,56,True,False,False,235,57,1,True,12,False
d89e3c654,,2047,316,15,True,False,False,13,3,1,True,0,False
d8267f2e2,,106,16,1,False,False,False,0,0,0,False,0,False
d83374498,,3608,579,24,True,False,False,9,0,0,False,0,True
d8995d520,,4914,874,53,True,False,False,313,31,1,True,12,False
d8c975ab4,,1299,218,13,True,False,False,22,12,1,True,0,False
d8908b438,,6294,990,52,True,False,False,105,36,1,True,0,False
d8af972be,,3636,542,23,False,False,False,29,6,1,True,2,False
d86617314,,6642,1133,45,True,False,False,164,64,1,True,15,False
d89151e12,,8582,1328,47,True,False,False,140,49,1,True,16,False
d8c313176,,2146,337,18,True,False,False,32,13,1,True,0,False
d8ea7c550,,6840,1027,52,True,False,False,51,12,1,True,3,False
d8d5c966c,,3168,500,25,True,False,False,38,10,2,True,0,False
d896ad3c0,,505,108,10,True,False,False,36,4,1,True,0,False
d8e2f5160,,1223,205,12,True,False,False,24,8,1,True,0,False
d8e7861d4,,1788,300,15,True,False,False,53,7,1,True,7,False
d8872d67a,,4136,712,34,True,False,False,172,19,1,True,0,False
d8ce70910,,3623,572,29,True,False,False,64,7,1,True,2,False
d8ba12d6a,,3342,538,21,True,True,False,19,7,1,True,0,False
d8d29598c,,2524,370,21,True,False,False,46,16,2,True,0,False
d86bdfa3a,,966,151,8,True,False,False,12,5,2,True,0,False
d88000a0a,,1154,188,9,False,False,False,10,3,1,True,0,False
d8f21aa8c,,6223,1082,58,True,False,False,376,29,1,True,0,False
d88e958f4,,989,199,13,True,False,False,42,7,1,True,0,False
d8261505e,,3049,482,24,True,False,False,46,18,1,True,5,False
d813f9500,,578,78,3,False,False,False,4,1,1,True,0,False
d8b642b7c,,343,64,6,True,False,False,14,4,1,True,0,False
d8b546926,,3211,528,16,False,False,False,27,17,1,False,5,False
d88ec54e6,,5613,871,28,True,False,False,107,27,1,True,4,False
d8c8fc434,,4832,1023,67,True,False,False,287,9,1,True,0,False
d8926f934,,272,46,1,False,False,False,4,3,1,False,0,False
d89f12eac,,3538,596,27,True,False,False,119,37,1,True,9,False
d88362c02,,2296,361,13,True,False,False,35,10,1,True,0,False
d81d4e164,,1556,232,9,False,False,False,6,3,1,True,0,True
d893b4650,,3911,604,33,True,False,False,50,15,1,True,3,False
d89a46b3a,,3473,467,15,False,False,False,4,1,1,True,0,False
d8a7005b0,,1898,285,9,False,False,False,6,2,1,False,0,False
d812de404,,651,96,4,False,False,False,10,5,1,True,0,True
d87920302,,1499,263,15,True,False,False,64,6,1,True,0,False
d89477c72,,4062,704,37,True,False,True,77,1,1,True,0,False
d81a5d66c,,3448,547,30,True,False,False,54,6,2,True,0,True
d8a3ffc26,,2008,408,22,True,False,False,107,2,1,True,0,False
d8cd0121e,,3654,583,32,True,False,False,62,14,1,True,0,False
d8dba392a,,3549,612,34,True,False,False,107,29,1,True,0,False
d89038404,,2771,512,33,True,False,False,83,8,1,True,0,False
d8bb92366,,2743,433,19,True,False,False,64,33,1,True,6,False
d861be2fe,,4458,690,36,True,False,False,52,10,1,True,2,False
d89a9cf26,,3592,546,23,False,False,False,21,7,1,True,2,False
d8d72eb74,,2268,378,19,True,False,False,56,10,1,True,0,False
d86489902,,2919,454,13,False,False,False,17,7,1,True,1,False
d86760d42,,6396,944,42,True,False,False,119,33,1,True,32,False
d87097b40,,766,117,6,False,False,False,4,2,1,False,0,False
d87e6bf0a,,741,114,3,False,False,False,5,3,1,False,0,False
d8eed082c,,1425,233,9,False,False,False,14,6,1,True,3,False
d8f8bc7fa,,3465,626,30,True,False,False,139,23,1,True,33,False
d8b5b91f6,,3992,602,22,False,False,False,8,1,1,False,1,False
d8c6a6fae,,3228,669,50,True,False,False,183,1,1,True,0,False
d87c6540e,,3744,715,39,True,False,False,183,8,1,True,32,False
d8c6a6f18,,1473,262,13,True,False,False,44,9,1,True,17,False
d875c5022,,3068,467,23,False,False,False,51,18,1,True,1,False
d86d9fdf2,,302,46,3,False,False,False,8,2,1,True,1,False
d8a65c5f0,,4810,772,36,True,False,False,64,19,1,True,14,False
d86c1158a,,3795,618,28,True,False,False,66,15,1,True,0,False
d8c1da5d4,,220,34,3,False,False,False,6,3,1,True,1,False
d89ba8316,,300,81,8,True,False,False,22,3,1,True,0,False
d886342d2,,4084,622,22,True,False,False,24,3,1,True,0,False
d86773cee,,2933,428,16,False,False,False,2,0,0,True,0,False
d8669061a,,1210,198,11,True,False,False,35,5,1,True,0,False
d89337d30,,158,21,1,False,False,False,0,0,0,False,0,False
d87914002,,1219,186,9,False,False,False,13,3,1,True,0,False
d8880b600,,2703,419,18,False,False,False,30,11,1,True,0,False
d8a53190a,,7868,1267,66,True,False,False,355,51,1,True,0,False
d87d042c0,,1377,223,20,True,False,False,14,0,0,False,0,False
d8199c8b8,,2112,323,9,False,False,False,39,14,1,True,1,True
d869b4d32,,3476,560,30,True,False,False,42,15,1,True,0,False
d895ad128,,3922,644,29,True,False,False,16,5,1,True,7,False
d8c7e0a5a,,247,63,5,True,False,False,15,5,1,False,0,False
d8e4b3614,,3089,528,19,True,False,False,48,15,1,True,2,False
d8d20b8fe,,136,24,1,False,False,False,4,2,1,False,0,False
d87e8c66a,,483,70,7,False,False,False,4,0,0,False,0,False
d885a0726,,2050,296,10,False,False,False,9,7,1,False,2,False
d897bc860,,1008,154,7,True,False,False,15,5,1,True,1,False
d8af8a7c6,,1104,212,13,True,False,False,43,10,1,True,0,False
d88cba9e4,,422,69,6,True,False,False,13,3,1,True,0,False
d8e9eb834,,586,85,10,False,False,False,9,1,1,False,0,False
d897fc9ba,,549,111,11,True,False,False,20,3,1,True,0,False
d87208146,,5257,810,40,True,False,False,48,15,1,True,2,False
d817d47ce,,3397,557,25,True,False,False,44,10,1,True,0,True
d8e37eb72,,1397,251,13,True,False,False,44,10,1,True,0,False
d88df29d8,,563,92,4,False,False,False,6,5,1,False,0,False
d8cd63d60,,1070,184,9,True,False,False,36,0,0,False,0,False
d8d4e177c,,2417,386,16,False,False,False,51,24,1,True,9,False
d8bd86c6c,,2017,298,11,False,False,False,8,5,1,False,0,False
d8d28a00a,,3274,463,19,False,False,False,1,0,0,False,0,False
d89348c48,,18,2,1,False,False,False,0,0,0,False,0,False
d813a41c2,,3756,633,33,True,False,False,79,6,1,True,5,True
d88a9c374,,4795,753,26,True,False,False,52,15,1,True,3,False
d8924d550,,1177,177,6,False,False,False,19,10,1,True,0,False
d811438e2,,554,89,4,False,False,False,8,4,1,True,2,True
d898dd8ac,,388,59,2,False,False,False,1,0,0,False,0,False
d89ec4a40,,328,48,2,False,False,False,5,2,1,False,0,False
d8630ab80,,3758,805,52,True,False,False,295,18,1,True,0,False
d87eff408,,4059,665,34,True,False,False,65,18,1,True,2,False
d8b8a59c8,,2053,340,12,False,False,False,58,22,1,True,10,False
d8b804f64,,2051,347,22,True,False,False,58,6,1,True,0,False
d8ddd93c0,,3580,569,19,True,False,False,62,11,1,True,0,False
d8b569138,,2862,443,19,False,False,False,10,0,0,False,0,False
d827067b0,,5720,887,33,True,False,False,57,24,1,True,2,True
d863cff52,,2248,347,14,False,False,False,25,10,2,True,0,False
d8c9cf99c,,4144,793,30,True,False,False,165,10,1,True,0,False
d8983bed0,,667,102,3,False,False,False,2,2,1,False,0,False
d8a713f7a,,1507,245,15,True,False,False,31,9,1,True,0,False
d8f8244dc,,5325,1212,61,True,False,False,164,14,1,True,1,False
d89e64816,,365,61,3,False,False,False,4,2,1,False,0,False
d87f8a378,,3964,693,29,True,False,False,114,43,1,True,10,False
d89dea908,,3268,512,27,True,False,False,87,15,1,True,0,False
d8d6989e4,,1868,274,13,True,False,False,5,0,0,True,0,False
d8c915880,,6953,1213,59,True,False,False,210,7,1,True,0,False
d8ee3f19c,,3533,593,24,True,False,False,144,13,1,True,38,False
d85db9b72,,3841,658,35,True,False,False,59,6,1,True,2,False
d81520f6e,,591,99,4,False,False,False,12,3,1,True,0,True
d88dacadc,,1183,181,5,False,False,False,7,3,1,True,0,False
d83c8ad8e,,2058,362,17,True,False,False,40,12,1,True,6,False
d810fb466,,4476,709,35,True,False,False,41,12,1,True,19,False
d8a3ffd5c,,10345,1641,50,True,False,False,89,23,1,True,7,False
d877bdb9a,,4755,714,30,True,False,False,52,6,1,True,8,False
d887e66ca,,558,81,4,False,False,False,9,4,1,True,0,False
d8ed18b60,,1091,197,10,True,False,False,24,0,0,False,0,False
d81d4e07e,,3857,600,22,False,False,False,27,13,1,True,1,True
d85fb4594,,1118,251,20,True,False,False,56,4,1,False,0,False
d89e1e974,,47,7,1,False,False,False,0,0,0,False,0,False
d820b0f3c,,1350,312,15,True,False,False,41,2,1,True,0,False
d88f08994,,4757,947,36,True,False,False,257,10,1,True,0,False
d87c97e72,,406,76,8,True,False,False,13,2,1,True,0,False
d88127eba,,9146,1478,67,True,False,False,152,22,1,True,5,False
d86cd29a6,,766,110,6,False,False,False,12,2,1,True,0,False
d86d9fd20,,1520,235,10,False,False,False,2,0,0,False,2,False
d8be9bb5c,,6302,928,45,True,False,False,86,26,1,False,1,False
d8e95dc78,,226,49,5,True,False,False,12,3,1,False,9,False
d8861f03a,,3696,582,31,True,False,False,69,11,1,True,0,False
d81447c5a,,2552,397,15,False,False,False,41,21,1,True,0,True
d8dc8cb7a,,4877,803,39,True,False,False,83,25,1,True,9,False
d8126d038,,1273,188,8,False,False,False,5,2,1,True,0,True
d8e8e372a,,1221,177,8,False,False,False,8,6,1,True,0,False
d8e2dc6e2,,3964,659,48,True,False,False,119,3,1,True,1,False
d8e1b1dc6,,2511,425,17,True,False,False,49,15,1,True,10,False
d88caa53a,,4228,608,23,False,False,False,16,3,1,False,0,False
d8614a91c,,5809,982,57,True,False,False,162,36,1,True,18,False
d8a43f59c,,4008,668,30,True,False,False,117,28,1,True,0,False
d8cc44a56,,2004,335,20,True,False,False,40,14,1,True,0,False
d8e1b1c36,,154,24,1,False,False,False,4,3,1,False,0,False
d8f8bc700,,4008,651,41,True,False,False,48,13,1,True,0,False
d8b513576,,4221,675,30,True,False,False,36,11,1,False,0,False
d8bef67aa,,692,102,4,False,False,False,0,0,0,False,0,False
d8922c12a,,97,15,1,False,False,False,2,0,0,True,0,False
d8c23f84e,,2149,332,19,True,False,False,33,2,1,True,0,False
d843a7acc,,4274,687,30,True,False,False,50,12,1,True,0,True
d8259f282,,1451,304,13,True,False,False,85,5,1,True,0,True
d8dbce8dc,,2557,382,18,True,False,False,58,14,1,True,1,False
d8679362a,,2016,321,11,False,False,False,22,7,1,True,4,False
d87821960,,801,119,5,False,False,False,12,6,1,True,0,False
d8e727eb8,,1314,197,9,False,False,False,14,4,1,True,0,False
d88963a34,,2195,491,30,True,False,False,195,5,1,True,0,False
d8d0647da,,1085,169,6,False,False,False,16,5,1,True,0,False
d8865da06,,659,109,7,True,False,False,9,2,1,True,0,False
d888ccbca,,1889,332,18,True,False,False,45,10,1,True,6,False
d8b19f21e,,875,118,6,False,False,False,0,0,0,False,0,False
d8f767b7a,,1392,257,15,True,False,False,48,17,1,True,18,False
d8291a9de,,2428,398,17,True,False,False,22,2,1,True,3,True
d8bb12bde,,3283,617,28,True,False,False,109,26,1,True,7,False
d8be8d2a0,,13750,2264,118,True,False,False,272,52,1,True,18,False
d815115be,,3576,562,20,True,False,False,66,23,1,True,4,True
d8a37d0a0,,9550,1636,80,True,False,False,224,34,1,True,19,False
d89644ac8,,3837,704,36,True,False,False,125,17,1,True,9,False
d8e2643a4,,2595,421,24,True,False,False,44,9,1,True,0,False
d8a7f543e,,1822,272,10,False,False,False,16,6,1,True,0,False
d8cb3a052,,4608,725,33,True,False,False,52,16,2,True,2,False
d80ed4f70,,3938,607,25,True,False,False,59,36,1,True,0,True
d8d3128d8,,6661,1177,56,True,False,False,171,31,1,True,2,False
d8695f99a,,3788,669,35,True,False,False,130,29,1,True,4,False
d878219c4,,220,35,2,False,False,False,6,4,1,True,0,False
d8bc1753e,,5411,895,31,True,False,False,45,18,2,False,9,False
d86e1fa0c,,1245,247,14,True,False,False,71,19,1,True,24,False
d899fdc6e,,1292,178,7,False,False,False,0,0,0,False,0,False
d86dabbca,,2620,407,18,True,False,False,52,24,1,True,3,False
d8727ef30,,538,80,4,False,False,False,1,0,0,False,0,False
d8c75e2f8,,3222,510,23,True,False,False,48,10,1,False,14,False
d8ba20d84,,4116,648,27,True,False,False,65,6,1,True,0,False
d8e5999e8,,4065,606,27,True,False,False,66,16,1,True,1,False
d8619f854,,901,172,13,True,False,False,51,5,1,True,0,False
d8ab69052,,3225,561,31,True,False,False,93,13,1,True,0,False
d8bd1789e,,16306,2712,131,True,False,False,340,42,1,True,8,False
d889b1ff4,,505,66,3,False,False,False,2,0,0,False,0,False
d8e3fa100,,2952,498,25,True,False,False,66,17,2,True,20,False
d8a015962,,3435,563,25,True,False,False,72,21,1,True,0,False
d8aea7584,,3671,601,34,True,False,False,56,9,1,True,3,False
d8a7dd244,,2057,322,19,True,False,False,38,7,1,True,0,False
d8600ba92,,3216,569,35,True,False,False,55,18,1,True,0,False
d872a64ea,,8087,1335,61,True,False,False,139,34,1,True,24,False
d8dfe9750,,106,15,1,False,False,False,0,0,0,False,0,False
d8e0a6788,,2819,453,18,False,False,False,30,12,1,True,11,False
d8e0cda2c,,3563,694,41,True,False,False,240,5,1,True,0,False
d893a2414,,176,27,1,False,False,False,4,3,1,False,0,False
d86d0329a,,1244,169,9,False,False,False,8,2,1,True,2,False
d89fa928a,,669,134,8,True,False,False,34,1,1,True,0,False
d870c58e2,,3674,645,37,True,False,False,121,20,1,True,1,False
d8efed1e2,,845,138,6,False,False,False,15,5,1,True,0,False
d86e484de,,4290,659,30,True,False,False,60,13,1,True,2,False
d8c756c4c,,1228,204,7,False,False,False,17,16,1,False,0,False
d8ca884d8,,3009,482,20,False,False,False,26,12,2,True,0,False
d8631529c,,556,81,5,False,False,False,4,1,1,True,1,False
d8de39978,,3578,573,25,True,False,False,67,14,1,True,5,False
d8c5ed90a,,8269,1361,69,True,False,False,114,17,1,True,5,False
d8d09a542,,348,51,2,False,False,False,2,0,0,False,0,False
d8a4b4176,,834,189,14,True,False,False,67,3,1,True,15,False
d89b8a2f8,,1107,166,7,False,False,False,7,2,1,True,0,False
d8aea762e,,4097,767,37,True,False,False,149,33,1,True,33,False
d8135b256,,2613,383,14,False,False,False,27,5,1,True,0,True
d8ea0476c,,211,36,1,False,False,False,0,0,0,False,0,False
d8a569a58,,438,64,2,False,False,False,6,2,1,False,0,False
d882e5784,,9587,1492,69,True,False,False,92,19,1,True,9,False
d89c6ba6e,,477,112,8,True,False,False,26,0,0,True,0,False
d87ee5666,,3241,498,23,True,False,False,20,2,1,True,0,False
d828fb070,,990,150,6,False,False,False,4,2,1,False,0,False
d8a7969ca,,4136,679,38,True,False,False,75,14,1,True,1,False
d8bb3432e,,1335,247,20,True,False,False,95,2,1,True,0,False
d85fc6834,,1749,287,16,True,False,False,65,13,1,False,3,False
d8b42c2ac,,1296,231,13,True,False,False,43,9,1,True,0,False
d829d994c,,498,78,3,False,False,False,8,2,1,False,0,True
d8da5bd74,,4131,688,32,True,False,False,73,17,1,True,36,False
d863d00c4,,4543,670,20,False,False,False,29,11,1,True,0,False
d89498e68,,8283,1435,66,True,False,False,334,45,2,True,11,False
d8d66fa1c,,4861,918,45,True,False,False,137,20,1,True,5,False
d8a77a018,,440,70,2,False,False,False,11,7,1,True,0,False
d8c60e060,,4106,666,28,True,False,False,50,15,1,True,0,False
d889a7e78,,5328,854,46,True,False,False,65,10,1,True,33,False
d89abe374,,2166,377,19,True,False,False,60,12,1,True,11,False
d85dae574,,924,179,13,True,False,False,18,4,1,True,0,False
d8ad5a82a,,2546,417,24,True,False,False,21,11,1,True,0,False
d8d590a6a,,2754,423,26,True,False,False,27,7,1,True,0,False
d8ba12e3c,,6189,1045,41,True,False,False,176,20,1,True,4,False
d82d2c63a,,954,157,5,False,False,False,11,5,1,True,1,True
d87ab18ec,,2496,378,19,False,False,False,44,17,1,True,13,False
d8b39b310,,4850,773,38,True,False,False,61,4,1,True,4,False
d8159e41e,,1393,218,9,False,False,False,18,5,1,True,2,False
d8a854326,,4049,631,33,True,False,False,65,21,1,True,12,False
d8782c0f4,,5058,832,47,True,False,False,81,40,1,True,18,False
d88ee0bf6,,521,77,3,False,False,False,0,0,0,False,0,False
d87da9cd4,,3548,703,35,True,False,False,151,13,1,True,33,False
d8f62a258,,1212,181,6,False,False,False,19,10,1,False,0,False
d8ed764ae,,3902,606,29,True,False,False,45,6,1,True,9,False
d880d3e96,,1523,260,12,True,False,False,27,3,1,True,2,False
d8d70d2d0,,4143,769,39,True,False,False,232,24,1,True,65,False
d842c8c64,,3729,581,25,True,False,False,61,18,1,True,0,True
d8a6a3f5e,,292,51,5,True,False,False,20,2,1,True,0,False
d87085f80,,634,142,14,True,False,False,55,3,1,True,0,False
d85dae6fa,,2764,462,19,True,False,False,42,5,1,True,0,False
d8870b548,,2595,381,13,False,False,False,0,0,0,False,0,False
d88dacb90,,430,65,4,False,False,False,3,1,1,True,0,False
d81486cd4,,723,108,3,False,False,False,4,4,1,False,0,True
d894cfcb0,,1359,206,17,True,False,False,31,6,1,True,0,False
d88e28560,,1468,223,8,False,False,False,12,4,1,True,0,False
d889b1f54,,600,102,6,False,False,False,1,1,1,False,0,False
d8d362680,,1978,375,23,True,False,False,79,6,1,True,15,False
d82235164,,2994,440,18,False,False,False,10,3,1,False,1,False
d8f6dc426,,5075,766,34,True,False,False,21,5,1,True,0,False
d8d8f5f02,,3113,519,24,True,False,False,70,29,1,True,4,False
d811284de,,3186,625,29,True,False,False,131,18,1,True,33,True
d8292c3fa,,2433,457,33,True,False,False,199,4,1,True,0,True
d899b63be,,3094,482,26,True,False,False,47,15,1,True,7,False
d87e41d7c,,712,133,10,True,False,False,22,6,1,True,0,False
d843a7a40,,4280,606,35,True,False,False,68,5,1,True,0,True
d842dce1c,,2485,460,25,True,False,False,140,20,1,True,5,True
d872994ca,,5921,968,59,True,False,False,146,52,1,True,1,False
d86abb1e0,,3993,603,31,True,False,False,6,0,0,False,0,False
d8c59d59a,,6641,1059,47,True,False,False,127,30,1,True,12,False
d8a3d46a2,,9628,1665,71,True,False,False,578,21,1,True,4,False
d8aaa29f2,,1419,253,10,True,False,False,31,7,1,True,0,False
d8e16233e,,8536,1273,56,True,False,False,41,16,1,True,0,False
d8d4f7072,,3530,558,22,True,False,False,43,19,1,True,2,False
d8abd30d8,,1043,224,15,True,False,False,52,11,1,True,0,False
d8ae711fa,,2920,479,23,True,False,False,106,21,1,True,8,False
d8e91eab4,,3655,580,24,False,False,False,12,5,1,True,0,False
d8ab5b8f8,,911,132,4,False,False,False,9,1,1,True,0,False
d87b8ca78,,917,142,7,False,False,False,19,8,1,True,0,False
d8f66c716,,1767,297,18,True,False,False,80,1,1,True,0,False
d8988f6de,,4889,802,42,True,False,False,69,14,1,True,4,False
d88611fac,,3731,561,32,True,False,False,62,18,1,True,1,False
d89a6e95a,,1547,240,8,False,False,False,17,9,1,True,0,False
d8df72a10,,3126,507,26,True,False,False,51,13,1,True,12,False
d8bec3d14,,1642,299,20,True,False,False,49,8,1,True,6,False
d8c04e602,,4507,702,31,False,False,False,46,34,1,True,0,False
d875492f6,,750,133,9,True,False,False,2,0,0,False,0,False
d87af0812,,4605,719,33,True,False,False,48,13,1,True,0,False
d8339295c,,5039,774,45,True,False,False,97,22,1,True,0,False
d8c08ea68,,3927,628,30,True,False,False,51,9,1,True,0,False
d8c594a30,,3772,626,30,True,False,False,74,31,1,True,12,False
d8c93dbb4,,4179,636,21,True,False,False,56,16,1,True,0,False
d884dad6e,,1946,306,14,False,False,False,9,2,1,True,0,False
d812ed666,,113,18,1,False,False,False,0,0,0,False,0,True
d8f921600,,2364,361,17,False,False,False,0,0,0,False,0,False
d8b0906ca,,3352,496,23,False,False,False,20,9,1,True,0,False
d86b05ace,,2596,401,22,True,False,False,54,20,1,True,8,False
d88ad9670,,1711,292,13,True,False,False,33,10,1,True,0,False
d8792edbc,,4108,695,40,True,False,False,60,3,1,True,0,False
d8d40a52e,,6934,1134,52,True,False,False,108,19,1,True,32,False
d8cdd40b0,,2636,440,23,True,False,False,73,16,1,True,0,False
d8e7d75d4,,1189,188,8,False,False,False,20,12,1,True,0,False
d8ce1449e,,1647,262,7,False,False,False,38,13,1,True,9,False
d8bad3ce0,,5570,979,47,True,False,False,214,33,2,True,2,False
d8a3219a8,,2939,517,26,True,False,False,97,4,1,True,6,False
d8a149bee,,382,88,8,True,False,False,33,2,1,True,0,False
d88d78be2,,3432,559,25,True,False,False,68,23,1,True,18,False
d89a8e7e6,,1855,314,20,True,False,False,59,13,1,True,0,False
d8e82fec8,,4036,854,53,True,False,False,175,1,1,True,0,False
d86439d80,,3646,596,34,True,False,False,73,11,1,True,8,False
d896c4606,,4042,626,23,True,False,False,69,23,1,True,0,False
d866e523c,,3280,712,52,True,False,False,226,5,1,True,20,False
d8726482e,,3092,460,22,False,False,False,2,0,0,False,0,False
d81a10394,,2241,340,11,False,False,False,31,6,1,True,2,False
d8d0596aa,,1738,279,10,False,False,False,17,6,2,True,1,False
d814988b2,,2539,378,17,False,False,False,27,2,1,True,6,False
d8a149b26,,3129,519,31,True,False,False,52,1,1,True,3,False
d897890a0,,3673,792,46,True,False,False,102,3,1,True,5,False
d86155c04,,1810,291,18,True,False,False,63,8,1,True,12,False
d878e1a9e,,1379,229,9,True,False,False,26,6,1,True,2,False
d8f66c7a2,,3657,549,19,False,False,False,18,6,1,True,0,False
d8d8585c2,,2606,500,28,True,False,False,116,19,1,True,37,False
d8bc17368,,4492,708,33,True,False,False,14,2,1,False,10,False
d8ef60c9c,,4905,753,33,True,False,False,42,12,1,True,3,False
d8f7277be,,895,139,5,False,False,False,13,6,1,True,0,False
d88e6be8c,,3611,568,31,True,False,False,80,31,1,True,3,False
d8f248478,,1769,272,13,False,False,False,3,0,0,False,3,False
d8843b174,,1783,292,16,True,False,False,23,4,1,True,2,False
d8d42a7e8,,1639,295,14,True,False,False,25,4,1,True,2,False
d88d5e382,,2440,373,17,True,False,False,32,0,0,False,4,False
d88e7c8a4,,819,144,8,True,False,False,23,7,1,True,0,False
d88d8ca70,,3254,506,22,False,False,False,36,13,1,True,0,False
d8259f4ee,,422,71,2,False,False,False,4,3,1,False,0,True
d8e37ec44,,1550,276,14,True,False,False,26,3,1,False,12,False
d88be1f68,,3058,514,22,True,False,False,62,6,1,True,0,False
d8bcea286,,1468,247,12,True,False,False,34,10,1,True,0,False
d89fc2ed8,,152,23,1,False,False,False,1,0,0,False,0,False
d880208a0,,5658,888,31,True,False,False,136,37,1,True,0,False
d87b802c8,,651,103,4,False,False,False,12,4,1,True,0,False
d876c8690,,4758,905,44,True,False,False,436,6,1,True,75,False
d88e3774a,,3168,594,32,True,False,False,66,5,1,True,0,False
d889d9c66,,2850,464,11,True,False,False,70,31,2,True,3,False
d89151c78,,1199,179,7,False,False,False,9,4,1,False,0,False
d8f4e109a,,4093,669,38,True,False,False,63,13,1,True,0,False
d81aa1b0a,,7163,1222,78,True,False,False,199,12,1,True,1,True
d86b8b304,,2264,375,23,True,False,False,28,7,1,True,1,False
d8187d770,,627,125,9,True,False,False,27,5,1,True,6,True
d88940c82,,2332,362,13,False,False,False,28,15,1,True,0,False
d87c0c1ce,,3612,604,39,True,False,False,81,16,1,True,1,False
d89ca887e,,2038,461,24,True,False,False,119,6,1,True,3,False
d881ef226,,4324,686,22,False,False,False,14,7,1,True,0,False
d8819631a,,2039,361,21,True,False,False,51,25,1,True,8,False
d8c4e9478,,5016,1212,50,True,False,False,240,20,1,True,0,False
d8f35fbd6,,2430,394,25,True,False,False,67,26,1,True,2,False
d826cd438,,7230,1397,80,True,False,False,426,13,1,True,25,False
d8ab110f0,,386,53,2,False,False,False,2,0,0,False,0,False
d87fae246,,2174,330,12,False,False,False,27,7,1,True,1,False
d87019ba0,,1229,199,11,True,False,False,38,6,1,True,0,False
d8e2f50e8,,385,56,3,False,False,False,0,0,0,False,0,False
d86e2da44,,4336,725,34,True,False,False,88,31,2,True,0,False
d879141e2,,2963,409,19,False,False,False,27,8,1,True,0,False
d810a537c,,1516,267,17,True,False,False,67,10,1,True,0,False
d8843b0b6,,2628,420,16,True,False,False,59,4,1,True,0,False
d87eb43ae,,2413,404,22,True,False,False,73,15,1,True,0,False
d87b01fcc,,3690,596,20,True,False,False,91,40,1,True,13,False
d8d39c9b6,,685,139,13,True,False,False,5,2,1,False,0,False
d87e41e44,,759,117,3,False,False,False,5,2,1,False,0,False
d8cc91a4a,,2353,343,10,False,False,False,35,24,1,False,2,False
d85de8bf2,,3304,535,22,True,False,False,58,23,1,True,0,False
d89337c54,,1453,222,10,False,False,False,20,5,1,True,0,False
d8187d6b2,,1645,268,15,True,False,False,35,12,1,True,6,True
d8682622c,,382,61,3,False,False,False,9,3,1,True,0,False
d867fd5e8,,3542,583,25,True,False,False,53,11,1,True,1,False
d89854ed0,,541,96,7,True,False,False,17,4,2,True,0,False
d8695f6d4,,1077,178,6,False,False,False,5,2,2,True,0,False
d8a1208f2,,1191,194,10,True,False,False,43,12,1,True,0,False
d8c5faf60,,888,171,9,True,False,False,57,1,1,True,0,False
d8eaff4c8,,216,32,1,False,False,False,0,0,0,False,0,False
d87b70210,,1371,229,12,True,False,False,31,5,1,True,4,False
d8ca47e2e,,2329,401,31,True,False,False,35,4,1,True,2,False
d87d6c82a,,1982,288,13,False,False,False,1,0,0,False,0,False
d88329588,,335,48,2,False,False,False,4,2,1,False,0,False
d82223b3a,,1825,304,14,True,False,False,34,10,1,True,0,True
d82739976,,6968,1196,62,True,False,False,264,49,1,True,12,True
d818fa8b0,,6592,1231,57,True,False,False,269,18,1,True,2,True
d8aac31e8,,453,68,3,False,False,False,4,2,1,False,2,False
d810b78b0,,2426,514,35,True,False,False,106,7,1,True,33,False
d899134d4,,3435,619,27,True,False,False,111,16,1,True,4,False
d81baf98e,,9492,1572,65,True,False,False,233,53,1,True,58,True
d86bc2926,,1211,224,16,True,False,False,31,2,1,False,16,False
d8a925b60,,1207,202,11,True,False,False,47,3,1,True,0,False
d89e0a2bc,,5976,1261,66,True,False,False,265,14,1,True,0,False
d8a3e196a,,735,116,5,False,False,False,23,10,1,True,0,False
d89b4e488,,2408,387,10,False,False,False,32,12,1,True,0,False
d8c06c9ea,,2792,494,22,True,False,False,75,16,1,True,4,False
d88ad95da,,6496,1115,45,True,False,False,181,10,1,True,0,False
d88877652,,3764,564,19,False,False,False,17,6,1,False,2,False
d8a714042,,4423,776,42,True,False,True,171,10,1,True,49,False
d8e4aa32a,,2388,351,13,False,False,False,19,2,1,True,0,False
d8bf28318,,10463,1623,70,True,False,False,189,47,2,True,6,False
d8961a502,,2783,512,25,True,False,False,82,20,1,True,7,False
d80f0aaf8,,280,38,2,False,False,False,2,1,1,False,0,False
d8dd216d0,,2281,405,20,True,False,False,56,10,1,True,4,False
d85f0aa3a,,1886,392,21,True,False,False,99,8,1,True,19,False
d86dcdc98,,3880,634,35,True,False,False,106,38,1,True,22,False
d8a5cbac8,,2345,381,21,True,False,False,33,13,1,True,1,False
d8ba002b4,,3584,528,28,True,False,False,22,5,1,True,0,False
d86c7722c,,6987,1194,65,True,False,False,255,14,1,True,10,False
d8d480eb8,,3244,517,31,True,False,False,73,21,1,True,1,False
d89aed462,,1344,213,11,True,False,False,19,8,1,True,0,False
d89b31aea,,4196,684,33,True,False,False,117,16,1,True,12,False
d8f0f2baa,,2874,437,18,False,False,False,76,30,1,True,0,False
d8e503e7a,,3224,554,23,True,False,False,81,17,2,True,0,False
d88aec89c,,1598,257,8,False,False,False,39,9,1,True,1,False
d8a120960,,2251,348,16,False,False,False,62,23,1,False,0,False
d8694b792,,3522,581,28,True,False,False,102,10,1,True,0,False
d8894d360,,2254,367,21,True,False,False,42,9,2,True,3,False
d8b11ac44,,7424,1275,74,True,False,False,149,25,1,True,2,False
d8efa6756,,5909,1014,61,True,False,False,224,26,1,True,26,False
d8f1255fa,,1289,227,13,True,False,False,37,11,1,True,0,False
d8c00c054,,2998,590,36,True,False,False,141,14,1,True,0,False
d860d8a06,,979,173,9,True,False,False,16,7,1,True,1,False
d87e2e4b6,,449,72,4,False,False,False,19,7,1,True,0,False
d86d78d10,,66,8,1,False,False,False,0,0,0,False,0,False
d8afe3fa6,,713,111,4,False,False,False,4,2,1,False,0,False
d8acc09a0,,6515,1021,35,True,False,False,136,16,1,True,8,False
d8e10891a,,3621,550,21,True,False,False,21,2,1,True,0,False
d8f25f45c,,259,42,3,False,False,False,3,3,1,False,0,False
d8f5d5b72,,3223,511,20,True,False,False,44,12,1,True,2,False
d86cac9c2,,3820,634,26,True,False,False,45,14,1,True,0,False
d88292188,,2245,343,15,False,False,False,21,7,1,True,5,False
d87c543de,,6023,1045,55,True,False,False,211,26,1,True,4,False
d8e3b3e44,,1554,224,9,False,False,False,8,4,1,False,0,False
d8c0c04c8,,1515,227,9,True,False,False,75,2,1,True,0,False
d83427a02,,3871,616,29,True,False,False,47,13,1,True,3,True
d87eff34a,,5549,928,43,True,False,False,90,14,1,True,5,False
d87b8cbb8,,2736,472,20,True,False,False,71,16,1,True,0,False
d875161c6,,1340,195,9,False,False,False,10,5,1,False,0,False
d8c0c05fe,,1258,272,17,True,False,False,93,13,1,True,0,False
d828e39f2,,7227,1347,68,True,False,False,368,47,1,True,3,False
d8721aee0,,3078,500,23,True,False,False,70,10,1,True,16,False
d8edcebea,,2547,426,27,True,False,False,52,3,1,True,8,False
d8cdd4178,,4275,667,38,True,False,False,97,8,1,True,0,False
d87817f0a,,4452,733,37,True,False,False,93,16,1,True,0,False
d8c108fac,,1257,218,14,True,False,False,52,6,1,True,0,False
d8e73f2b6,,3247,540,27,True,False,False,52,5,1,True,5,False
d8f26f62c,,971,200,12,True,False,False,53,8,1,True,5,False
d8996d916,,2782,441,19,True,False,False,22,14,1,True,0,False
d891c6f14,,1889,307,22,True,False,False,90,11,1,True,0,False
d8dd8d3f8,,6949,1088,44,True,False,False,61,6,1,True,2,False
d8a3e1bcc,,544,93,2,False,False,False,5,4,1,True,0,False
d8960fbfc,,1753,364,19,True,False,False,103,29,1,True,0,False
d8c9818be,,645,90,3,False,False,False,0,0,0,False,0,False
d88038806,,1947,292,13,False,False,False,10,6,1,True,0,False
d8d5420fe,,1631,272,18,True,False,False,33,7,1,False,2,False
d80ed4d18,,4228,779,40,True,False,False,166,23,1,True,13,True
d84845840,,2418,385,16,False,False,False,16,12,1,True,0,False
d8f458e2a,,2058,312,18,True,False,False,26,10,1,False,0,False
d8e14a1b2,,3100,670,48,True,False,False,124,3,1,True,0,False
d8acaade4,,3066,555,33,True,False,False,106,16,1,True,3,False
d870539c2,,3809,638,34,True,False,False,54,18,1,True,0,False
d8ed898ba,,1021,187,12,True,False,False,43,7,1,True,0,False
d89412f16,,5654,898,45,True,False,False,73,16,1,True,0,False
d8e02ca46,,4118,713,30,True,False,False,151,22,1,True,35,False
d8be6152e,,956,167,12,True,False,False,9,1,1,False,0,False
d82990a9e,,4760,762,38,False,False,False,51,22,1,True,6,False
d881a77e6,,400,79,3,False,False,False,2,1,1,False,0,False
d8ae9861a,,845,129,4,False,False,False,9,4,1,True,0,False
d87851c6e,,1587,292,14,True,False,False,56,6,1,True,0,False
d8efba49a,,2557,474,21,True,False,False,143,18,2,True,0,False
d8d259c84,,4204,724,36,True,False,False,120,25,1,True,6,False
d8c711f5c,,891,149,11,True,False,False,17,3,1,True,0,False
d8b8900be,,4086,661,31,True,False,False,50,11,2,True,1,False
d8b68d56e,,1221,183,8,False,False,False,26,10,1,True,4,False
d8c5aa2cc,,4064,756,34,True,False,False,183,28,1,True,4,False
d8124330a,,4273,695,34,True,False,False,80,12,1,True,0,True
d899f1cde,,2425,370,18,True,False,False,41,20,1,True,7,False
d8f846622,,3793,577,28,True,False,False,19,5,1,True,0,False
d8f508dde,,5154,815,38,True,False,False,52,17,1,True,17,False
d8bcdd716,,655,96,4,False,False,False,8,2,1,False,0,False
d89dc25c0,,2025,347,16,True,False,False,28,10,1,True,0,False
d8c0cb062,,30,5,1,False,False,False,0,0,0,False,0,False
d87228ebe,,5773,995,59,True,False,False,174,16,1,True,10,False
d87b9bafa,,917,134,8,False,False,False,0,0,0,False,0,False
d88c9d3a8,,4024,713,37,True,False,False,210,17,2,True,0,False
d81f2e7e0,,6340,992,41,True,False,False,113,12,1,True,1,True
d8a7655be,,5388,846,30,True,False,False,80,18,1,True,0,False
d8f340bbe,,2639,419,14,False,False,False,41,12,1,True,2,False
d813b8e42,,1466,260,11,True,False,False,29,14,1,True,6,True
d8f7b6f9a,,6870,1126,50,True,False,False,90,17,1,True,21,False
d8bf0d52c,,4140,654,32,True,False,False,64,2,1,True,3,False
d8723e994,,7104,1339,58,True,False,False,424,31,1,True,12,False
d88d9ac24,,361,54,3,False,False,False,3,1,1,False,0,False
d8737bbfe,,1251,234,14,True,False,False,37,4,1,True,0,False
d8a37cf38,,7707,1368,85,True,False,False,121,4,1,True,4,False
d8d1372a2,,3845,599,24,False,False,False,25,8,1,True,0,False
d8e350d9e,,2715,412,20,False,False,False,32,11,1,True,2,False
d888b5b50,,1139,243,14,True,False,False,47,5,1,True,0,False
d818bcd08,,6354,918,35,False,False,False,69,27,1,True,0,True
d88c1f142,,2419,395,24,True,False,False,58,2,1,True,9,False
d87de6f58,,3928,666,31,True,False,False,49,12,1,True,1,False
d8dc064c6,,2256,387,10,False,False,False,50,5,1,True,0,False
d8e7cc7b0,,2657,416,24,True,False,False,39,8,1,True,2,False
d88a2aa4e,,1892,334,14,True,False,False,27,6,1,True,0,False
d864a8a78,,3170,510,23,True,False,False,46,10,1,True,0,False
d8e5e573a,,8031,1276,59,True,False,False,147,17,1,True,8,False
d81559580,,4557,694,40,True,False,False,44,17,1,True,0,False
d8bf90d82,,7095,1165,62,True,False,False,130,22,1,True,24,False
d8d3a9bde,,2319,372,16,False,False,False,24,5,1,True,0,False
d8f44f820,,5320,850,36,True,False,False,81,17,1,True,3,False
d89309426,,1388,246,15,True,False,False,46,10,1,True,0,False
d8ab3a91e,,5045,791,41,True,False,False,86,24,1,True,6,False
d880209cc,,1391,255,19,True,False,False,68,4,1,True,0,False
d87cdce5a,,1047,173,9,True,False,False,17,1,1,True,0,False
d89e3c686,,470,70,3,False,False,False,5,3,1,False,0,False
d88d5e44a,,6003,1072,78,True,False,False,261,39,1,True,4,False
d873d51fe,,1267,199,8,False,False,False,11,5,1,True,0,False
d87851d54,,2102,391,19,True,False,False,62,18,1,True,10,False
d88c4afd6,,2790,437,18,True,False,False,66,24,1,True,0,False
d8d45cf9a,,3536,555,21,True,False,False,47,14,1,True,0,False
d88d5e288,,3286,514,24,False,False,False,55,17,1,True,10,False
d8e251934,,3945,683,34,True,False,False,141,30,1,True,8,False
d8a30208a,,3446,587,30,True,False,False,89,23,1,True,0,False
d8aacbae6,,1093,167,2,False,False,False,19,5,1,True,0,False
d87f5cb44,,2795,446,22,True,False,False,79,19,1,True,0,False
d8f1c9736,,542,82,5,False,False,False,4,2,1,False,0,False
d8c7a8e52,,7943,1222,58,True,False,False,111,30,1,True,0,False
d875b8dea,,5214,916,43,True,False,False,93,7,2,True,0,False
d88ec55a4,,2139,371,28,True,False,False,76,9,1,True,0,False
d8bb3cbb4,,1523,252,10,True,False,False,54,8,1,True,0,False
d8b20f7da,,2349,386,18,True,False,False,59,23,1,True,2,False
d8f3fd5c0,,6964,1249,57,True,False,False,197,19,1,True,14,False
d87ea4a4e,,3853,653,35,True,False,False,64,29,1,True,0,False
d8e56c2b8,,7918,1316,61,True,False,False,140,20,1,True,9,False
d8619f750,,791,125,9,False,False,False,15,5,1,True,0,False
d884a1528,,2129,343,11,False,False,False,24,9,1,True,0,False
d87dc6744,,2048,333,12,False,False,False,29,12,1,True,4,False
d8926162c,,4213,832,42,True,False,False,246,12,1,True,3,False
d8a730530,,1980,299,17,True,False,False,21,2,1,False,0,False
d8b93b2ca,,2932,569,31,True,False,False,53,3,1,True,0,False
d89c03720,,1146,174,13,True,False,False,22,7,1,True,1,False
d8f70d54e,,4007,635,33,True,False,False,52,7,1,True,10,False
d824fceec,,2234,355,14,True,False,False,14,4,1,True,0,True
d8ab28c8c,,2993,461,26,True,False,False,50,5,1,True,2,False
d8959cba2,,5099,840,35,True,False,False,102,32,2,True,12,False
d8b8659b8,,32,4,1,False,False,False,0,0,0,False,0,False
d8a951e18,,3582,602,31,True,False,False,36,4,1,True,0,False
d887d2b66,,2140,361,19,True,False,False,35,7,1,True,0,False
d87451812,,3103,522,34,True,False,False,132,7,1,True,0,False
d8843b124,,915,156,8,True,False,False,28,5,1,True,2,False
d8c029820,,3757,658,27,True,False,False,90,26,1,True,5,False
d89663d92,,2019,339,21,True,False,False,47,9,1,True,0,False
d86f5c8e8,,1680,276,13,True,False,False,38,21,1,True,2,False
d8dae16c2,,4159,665,23,False,False,False,71,36,1,True,5,False
d8792ec90,,1131,230,11,True,False,False,57,5,1,True,6,False
d8f6a8856,,5457,1057,51,True,False,False,130,18,1,False,0,False
d8d637fb8,,3328,538,17,False,False,False,43,23,1,True,1,False
d86444618,,4382,657,31,False,False,False,6,1,1,True,0,False
d8c3ab25a,,3497,516,18,False,False,False,6,1,1,False,0,False
d8f536cd4,,4642,792,42,True,False,False,171,30,1,True,9,False
d879a9c74,,4613,706,30,True,False,False,83,33,1,True,0,False
d8873b054,,3262,482,21,False,False,False,38,19,1,True,12,False
d8bbf2de2,,1692,257,10,False,False,False,17,9,1,True,0,False
d8f46fbc0,,639,110,5,True,False,False,36,4,1,True,0,False
d889757a2,,4480,728,38,True,False,False,36,6,1,True,0,False
d82def78e,,2837,437,20,False,False,False,56,28,1,True,0,False
d8a8139de,,2936,469,26,True,False,False,63,10,1,True,0,False
d8e8815ac,,1794,288,10,False,False,False,23,16,1,True,0,False
d8c38eca4,,1458,238,15,True,False,False,28,5,1,True,3,False
d837f5f9e,,1740,256,12,False,False,False,2,2,1,False,0,True
d8bef68f4,,538,85,4,False,False,False,9,4,1,True,0,False
d8adb2b7e,,525,105,6,True,False,False,20,10,1,True,0,False
d89d0af88,,1568,328,18,True,False,False,76,11,2,True,0,False
d8add2c94,,3591,584,27,True,False,False,112,15,1,True,0,False
d83b9f406,,4727,783,33,True,False,False,61,18,1,True,7,True
d82d2c7f2,,873,136,6,False,False,False,7,2,1,True,0,True
d8806fe64,,2624,458,21,True,False,False,78,11,1,True,0,False
d867d8d38,,489,81,6,True,False,False,15,5,1,True,6,False
d86a04710,,980,168,13,True,False,False,22,7,1,True,4,False
d8e78613e,,334,47,2,False,False,False,8,4,1,True,3,False
d8e6bf87c,,3619,559,21,True,False,False,24,10,2,True,0,False
d8e9eb672,,1083,178,8,False,False,False,14,7,1,True,1,False
d8d0d51a6,,3099,514,24,True,False,False,112,15,1,True,0,False
d8b48dea8,,10305,1612,68,True,False,False,143,46,2,True,16,False
d8a840f7e,,1794,325,19,True,False,False,27,3,1,False,0,False
d8dbf2e8a,,8066,1342,66,True,False,False,134,11,1,True,57,False
d887e6904,,1991,305,19,True,False,False,18,2,1,False,3,False
d899d9cec,,1431,211,8,False,False,False,4,3,1,True,0,False
d89f33774,,3307,503,24,True,False,False,34,12,1,True,2,False
d86ce3d82,,1649,265,14,True,False,False,34,10,1,True,0,False
d8da668a0,,745,110,2,False,False,False,20,10,1,True,0,False
d8ea378a6,,4786,784,35,True,False,False,100,46,1,True,11,False
d88c1f08e,,2472,389,12,False,False,False,19,11,1,True,0,False
d87ee5724,,1010,182,15,True,False,False,33,4,1,True,0,False
d8a8e9ac0,,1226,154,5,False,False,False,0,0,0,False,0,False
d8dd21702,,280,41,2,False,False,False,0,0,0,False,0,False
d88a4a286,,3266,644,35,True,False,False,119,6,1,True,6,False
d86c2ccea,,3430,533,26,True,False,False,46,12,1,True,22,False
d8dc4960e,,756,160,13,True,False,False,26,5,1,False,0,False
d87fae2aa,,37,8,1,False,False,False,2,0,0,False,0,False
d89c287be,,1029,163,11,True,False,False,27,4,1,True,0,False
d8c9a7956,,2666,405,14,False,False,False,21,4,1,True,1,False
d8aa0ec0c,,6877,1077,47,True,False,False,118,29,1,True,31,False
d8996d7fe,,3885,639,31,True,False,False,82,11,1,True,4,False
d87c1d686,,1748,327,17,True,False,False,52,5,1,True,0,False
d8926f876,,414,55,2,False,False,False,1,0,0,False,0,False
d8b827640,,1958,300,11,False,False,False,1,0,0,False,0,False
d8be2ae66,,1363,244,14,True,False,False,94,8,1,True,1,False
d8d6d8e86,,15380,2595,111,True,False,False,222,49,1,True,19,False
d8aa80316,,4558,738,34,True,False,False,97,28,1,True,17,False
d89dc2732,,1860,301,13,True,False,False,40,14,1,True,7,False
d88c6f002,,7215,1115,42,True,False,False,120,39,2,True,8,False
d8866b868,,2485,401,12,True,False,False,73,9,1,True,0,False
d873c1780,,624,98,4,False,False,False,25,10,1,True,0,False
d896355d2,,919,141,9,False,False,False,19,6,1,True,1,False
d86e58122,,2986,455,19,False,False,False,0,0,0,False,0,False
d8277463e,,5245,929,51,True,False,False,222,14,1,True,48,False
d862153a6,,1535,261,18,True,False,False,53,8,1,True,0,False
d8dc23792,,996,163,9,True,False,False,12,5,1,True,0,False
d8b7d4f08,,3528,576,35,True,False,False,79,9,1,True,0,False
d8d0fa4c4,,8454,1340,63,True,False,False,112,38,1,True,0,False
d8d0c34e2,,3748,522,18,False,False,False,14,3,1,True,0,False
d814c142e,,3762,584,30,True,False,False,35,12,1,True,0,True
d8ecea116,,2985,440,26,True,False,False,27,3,1,True,0,False
d8a75d4ae,,1281,199,14,True,False,False,30,4,1,True,0,False
d8e8c6558,,5879,1037,55,True,False,False,162,25,1,True,2,False
d8b131278,,3699,561,26,True,False,False,35,13,1,True,0,False
d815e5bfc,,4688,743,34,True,False,False,104,25,1,True,2,True
d8c773a72,,1666,292,15,True,False,False,45,18,1,True,0,False
d884b78c8,,1040,194,17,True,False,False,60,14,1,True,8,False
d8ae2d982,,2332,366,12,False,False,False,43,16,1,True,0,False
d8894d478,,3954,652,32,True,False,False,72,10,1,False,0,False
d88ee0a98,,493,71,3,False,False,False,0,0,0,False,0,False
d87ee540e,,577,87,3,False,False,False,0,0,0,False,0,False
d8c773afe,,2419,390,19,True,False,False,105,6,1,True,17,False
d8f058280,,3740,640,29,True,False,False,61,13,1,True,11,False
d8cf640c4,,4378,674,27,True,False,False,54,9,1,True,2,False
d8aeb47b6,,2102,405,17,True,False,False,75,27,1,True,12,False
d8e96bd00,,683,117,7,False,False,False,10,10,1,False,0,False
d8cd8abcc,,3818,584,25,True,False,False,81,10,1,True,0,False
d89007bd8,,5806,956,50,True,False,False,192,23,1,True,0,False
d8aee384a,,2916,436,23,False,False,False,20,0,0,False,0,False
d8b6353aa,,3646,587,24,True,False,False,69,17,1,True,23,False
d89504bb8,,1047,221,11,True,False,False,93,8,1,True,0,False
d8ae710ba,,425,60,3,False,False,False,5,1,1,False,0,False
d8cb9c130,,275,45,2,False,False,False,7,2,1,True,0,False
d8f07321a,,4571,782,28,True,False,False,126,13,2,True,0,False
d8af9dae2,,521,77,3,False,False,False,5,1,1,True,2,False
d8685bd78,,2232,346,14,False,False,False,21,8,1,True,0,False
d8dcbee4a,,1033,143,5,False,False,False,7,3,1,True,0,False
d8823b216,,1218,218,12,True,False,False,13,1,1,True,0,False
d85f42f98,,533,81,2,False,False,False,10,2,1,True,0,False
d8d303248,,42,7,2,False,False,False,1,0,0,False,0,False
d86a417a0,,2940,487,19,True,False,False,47,18,2,True,0,False
d8a8bad60,,1073,191,12,True,False,False,58,7,1,True,12,False
d83583df6,,4667,821,51,True,False,False,261,26,2,True,0,True
d8b2d58d6,,5191,1048,42,True,False,False,208,17,1,True,24,False
d8927fb9a,,4059,717,45,True,False,False,124,38,2,True,15,False
d8612da7e,,6241,940,42,True,False,False,67,27,2,True,1,False
d873acb96,,4123,804,34,True,False,False,192,7,1,True,8,False
d861948be,,130,20,1,False,False,False,0,0,0,False,0,False
d876af6b8,,1613,246,10,False,False,False,12,5,1,True,0,False
d8b35fa9a,,4662,771,33,True,False,False,73,19,2,True,4,False
d89cc8fde,,908,158,9,True,False,False,35,3,1,True,0,False
d86d4d7dc,,2575,429,22,True,False,False,74,10,1,True,0,False
d8cbf23dc,,3193,463,15,False,False,False,4,2,1,False,0,False
d8df06040,,2642,452,24,True,False,False,92,23,1,True,20,False
d8b65739c,,1664,282,19,True,False,False,9,2,1,False,0,False
d8cb2d672,,1221,214,17,True,False,False,22,2,1,True,0,False
d89212a54,,3970,833,55,True,False,False,232,8,1,True,0,False
d8db0b1d4,,862,142,6,False,False,False,15,4,1,True,3,False
d8a6a40c6,,2777,486,26,True,False,False,154,22,1,True,0,False
d87d80f28,,7095,1145,50,True,False,False,68,12,1,True,0,False
d86b3c34e,,4101,618,23,False,False,False,10,3,1,True,0,False
d88423f7e,,2751,424,14,False,False,False,1,1,1,False,0,False
d8ac4107e,,3874,629,34,True,False,False,96,32,1,True,21,False
d8da14992,,2522,573,25,True,False,False,83,2,1,True,7,False
d8267f09e,,198,31,2,False,False,False,2,1,1,False,0,False
d8f49182e,,4280,737,27,True,False,False,50,8,1,False,4,False
d83b5a18a,,1819,308,18,True,False,False,37,9,2,True,0,True
d8d059740,,1059,192,15,True,False,False,51,10,1,True,0,False
d8dea61ea,,3593,577,22,True,False,False,79,14,1,True,0,False
d8abbd9a4,,2300,349,16,True,False,False,39,2,1,True,0,False
d8c04e670,,784,128,5,False,False,False,28,14,1,True,0,False
d81baf876,,3530,599,34,True,False,False,60,8,1,False,2,True
d88c1f188,,1954,279,7,False,False,False,16,7,2,False,2,False
d8f0b4fee,,2742,424,20,True,False,False,31,3,1,True,0,False
d8912bdac,,973,204,13,True,False,False,100,2,1,True,0,False
d87e56cae,,6358,1079,41,True,False,False,127,36,1,True,0,False
d8961a3cc,,2330,355,17,True,False,False,48,13,1,True,5,False
d8876000c,,2149,312,14,False,False,False,1,0,0,False,0,False
d8a7a808a,,720,160,11,True,False,False,28,7,1,True,5,False
d81452196,,8259,1256,56,True,False,False,137,27,2,True,11,True
d894a3b92,,2022,410,16,True,False,False,146,6,1,True,0,False
d8770a6e4,,3935,605,22,True,False,False,36,7,2,True,0,False
d85f0a9c2,,2361,371,13,True,False,False,24,9,1,True,3,False
d8bc63fec,,6540,1074,36,True,False,False,91,24,1,True,37,False
d8f1feb2a,,5462,879,41,True,False,False,93,12,1,True,0,False
d8cc6f8be,,10227,1587,67,True,False,False,125,33,1,True,20,False
d8207430c,,3324,532,19,False,False,False,45,18,1,True,0,True
d86a788e0,,2536,407,22,True,False,False,47,18,1,True,0,False
d8c8546c6,,151,19,1,False,False,False,0,0,0,False,0,False
d88ec55ea,,251,53,6,True,False,False,11,2,1,True,0,False
d8d2c9b92,,1074,210,17,True,False,False,47,8,1,True,0,False
d8af8a898,,370,64,4,False,False,False,6,1,1,True,0,False
d8cf03f76,,3749,613,27,True,False,False,35,15,1,True,0,False
d8b48df0c,,4171,694,41,True,False,False,66,14,1,True,2,False
d86b05a06,,2801,479,24,True,False,False,33,6,1,True,4,False
d8bcf62f2,,6275,1024,57,True,False,False,137,44,1,True,1,False
d8d54218a,,417,71,4,False,False,False,5,1,1,False,0,False
d85ee087a,,3958,656,30,True,False,False,60,7,1,True,11,False
d813cd298,,1682,261,9,False,False,False,22,11,1,True,0,True
d887d2d00,,3090,595,37,True,False,False,168,28,1,True,0,False
d8dd7a654,,4006,661,34,True,False,False,53,6,1,True,2,False
d89cfc474,,4119,651,28,True,False,False,65,6,1,True,0,False
d86ada41e,,814,130,7,False,False,False,21,9,1,True,0,False
d8c8d05a0,,2744,433,20,False,False,False,69,34,1,True,10,False
d89337b78,,572,93,3,False,False,False,9,5,1,True,2,False
d89b8a366,,269,44,2,False,False,False,4,3,1,False,0,False
d8caf365c,,2543,453,24,True,False,False,60,16,1,True,0,False
d8e4b36e6,,4477,841,39,True,False,False,121,32,1,True,17,False
d89eb897a,,516,78,3,False,False,False,3,2,1,False,0,False
d82cf6846,,1974,330,15,True,False,False,35,6,1,True,0,True
d82384e3e,,3294,667,32,True,False,False,229,25,1,True,49,True
d8bec3d96,,1692,308,16,True,False,False,39,2,1,True,12,False
d8ca743a2,,2472,471,27,True,False,False,106,11,1,True,10,False
d8b992a2a,,3653,785,37,True,False,False,153,12,1,True,0,False
d8c258f74,,976,197,10,True,False,False,57,5,1,True,4,False
d8dbcea4e,,4600,728,30,True,False,False,30,8,1,True,4,False
d87914188,,210,34,2,False,False,False,2,0,0,False,0,False
d89f40870,,2529,485,25,True,False,False,69,8,1,True,4,False
d8f57dfda,,3769,635,31,True,False,False,62,4,1,True,0,False
d8130c674,,3332,597,30,True,False,False,128,9,1,True,0,False
d8a6353c4,,6868,1155,44,True,False,False,146,24,1,True,25,False
d8f193e56,,5276,821,33,True,False,False,50,7,1,True,4,False
d8f44f7b2,,1578,301,17,True,False,False,104,11,1,True,0,False
d86155b46,,1591,251,12,True,False,False,67,15,1,True,0,False
d8c2c6cfe,,1193,183,6,False,False,False,11,4,1,False,1,False
d8f3eb24e,,7295,1144,48,True,False,False,104,25,1,True,0,False
d8a971cea,,2867,516,31,True,False,False,85,13,2,True,6,False
d8f047fac,,4483,706,35,True,False,False,66,27,2,True,20,False
d811439c8,,773,129,5,False,False,False,16,8,1,True,0,True
d8ca7432a,,1410,233,14,True,False,False,25,5,1,True,2,False
d85dd99f4,,983,154,4,False,False,False,7,3,2,True,0,False
d884dad00,,811,136,6,False,False,False,8,3,1,True,0,False
d8e77afe6,,1146,163,6,False,False,False,6,2,1,True,0,False
d86e6deaa,,1367,292,25,True,False,False,99,12,1,True,4,False
d8259f35e,,661,138,12,True,False,False,25,3,1,True,0,True
d86338134,,3384,532,25,True,False,False,50,3,1,True,0,False
d8ae060da,,596,96,4,False,False,False,17,9,1,True,0,False
d8c9cf758,,4235,703,33,True,False,False,136,28,1,True,38,False
d8822daf8,,1653,274,8,False,False,False,29,9,1,True,4,False
d815c51b8,,4428,723,38,True,False,False,83,2,1,True,0,True
d8ad8a1d8,,613,89,4,False,False,False,0,0,0,False,0,False
d8aab436e,,5683,1007,48,True,False,False,145,16,1,True,17,False
d8b4e94ce,,4465,697,33,True,False,False,84,17,1,True,2,False
d8140c344,,4121,637,30,True,False,False,22,3,1,False,15,True
d88fc64e4,,1648,243,9,False,False,False,14,6,1,True,0,False
d81c79982,,4021,669,30,True,False,False,97,9,2,True,0,False
d8a813af6,,2587,504,28,True,False,False,167,15,1,True,0,False
d857774d0,,4072,678,32,True,False,False,49,4,1,True,0,True
d8e675a6a,,659,104,3,False,False,False,7,2,1,True,0,False
d8e99e4a8,,2707,399,22,True,False,False,41,14,1,True,1,False
d88cc7edc,,1072,142,6,False,False,False,5,3,1,False,0,False
d894207d8,,2105,336,12,False,False,False,14,11,1,True,0,False
d8664f8cc,,4666,743,32,True,False,False,45,7,1,True,10,False
d88fc6660,,3738,609,22,False,False,False,66,34,1,True,0,False
d81e4fc98,,1478,236,12,True,False,False,15,6,1,True,0,True
d8ba2e3a8,,13842,2181,104,True,False,False,163,47,1,True,2,False
d8a0f7b64,,2702,437,18,True,False,False,38,12,1,True,5,False
d8f767cb0,,3398,555,21,True,False,False,32,11,1,True,0,False
d85de8c9c,,7760,1235,64,True,False,False,142,11,1,True,15,False
d87e2e5ce,,819,122,3,False,False,False,13,8,1,True,0,False
d8a5d664e,,3516,589,27,True,False,False,73,4,1,True,0,False
d85eb4464,,3872,603,29,False,False,False,36,14,1,True,6,False
d87e41e8a,,2643,406,16,False,False,False,33,9,1,True,0,False
d814f5a26,,6244,973,51,True,False,False,72,13,1,True,2,True
d834c520c,,2494,434,24,True,False,False,56,16,1,True,0,True
d8c6c167e,,2278,394,20,True,False,False,105,18,2,True,0,False
d898217a6,,4175,632,33,True,False,False,78,16,1,True,3,False
d8f4c3c0c,,2453,366,14,False,False,False,3,3,1,False,0,False
d88ea259a,,2515,420,24,True,False,False,61,6,1,True,5,False
d8b7f7224,,708,101,4,False,False,False,3,2,1,False,0,False
d8d232aee,,1258,223,19,True,False,False,41,6,1,True,0,False
d8cf13bce,,4863,742,34,False,False,False,6,4,1,True,0,False
d82729a76,,1767,267,12,False,False,False,11,2,1,False,0,True
d89f4dcdc,,2309,373,13,True,False,False,40,17,2,True,0,False
d88882714,,4032,638,31,True,False,False,45,13,1,True,5,False
d899481ac,,4327,829,44,True,False,False,174,11,1,True,0,False
d82e9295c,,3111,613,32,True,False,True,87,1,1,False,0,False
d89b4e38e,,721,99,4,False,False,False,1,0,0,False,0,False
d8e95dd40,,1308,230,14,True,False,False,37,3,1,True,15,False
d8b388710,,2588,416,27,True,False,False,24,2,1,True,0,False
d82f20b58,,2636,395,18,True,False,False,35,9,1,True,11,False
d8c06c95e,,4447,758,33,True,False,False,113,40,1,True,19,False
d86bb7346,,2923,473,25,True,False,False,98,17,1,True,0,False
d8bc6e528,,673,112,3,False,False,False,8,2,1,True,0,False
d835c7362,,5737,960,43,True,False,False,178,26,1,True,10,True
d8a3edc2e,,1238,222,11,True,False,False,55,9,1,True,0,False
d86875b6a,,1492,221,7,False,False,False,5,3,1,True,0,False
d86dfda74,,2109,314,19,True,False,False,26,4,1,True,0,False
d8ab10e02,,333,53,3,False,False,False,6,1,1,True,0,False
d8d0e7d42,,2826,514,24,True,False,False,65,7,1,True,0,False
d8adb2ab6,,7633,1184,56,True,False,False,79,31,1,True,9,False
d8d295900,,3284,554,29,True,False,False,85,10,1,True,0,False
d829d9a78,,1625,238,9,False,False,False,10,3,1,True,0,True
d85eea6ae,,835,126,6,False,False,False,11,3,1,True,3,False
d8d86da9e,,2449,426,25,True,False,False,110,11,1,True,0,False
d8d0391c0,,611,87,5,False,False,False,0,0,0,False,0,False
d81c092ae,,2595,593,24,True,False,False,111,11,1,True,0,True
d8d930ca6,,2121,438,17,True,False,False,91,18,1,True,24,False
d8aa803e8,,1710,258,10,False,False,False,32,13,1,True,2,False
d8e786210,,960,159,10,True,False,False,27,9,1,True,8,False
d814f5940,,6180,984,31,True,False,False,41,15,1,True,0,True
d8d09a4a2,,4599,706,23,False,False,False,33,12,1,True,5,False
d8c692b80,,1694,317,22,True,False,False,58,4,1,True,0,False
d8d4155b4,,2385,350,18,False,False,False,23,6,1,False,0,False
d8bb68570,,3910,738,46,True,False,False,149,14,1,True,0,False
d86ed2d96,,3252,523,23,True,False,False,37,12,1,True,0,False
d8ef0c4c6,,5238,824,33,True,False,False,114,23,1,True,16,False
d8f5d5bf4,,1316,215,5,False,False,False,0,0,0,False,0,False
d8abea8d2,,2734,574,45,True,False,False,254,4,1,True,12,False
d8acff9c0,,2627,445,20,True,False,False,31,10,1,True,0,False
d87d0419e,,872,122,4,False,False,False,9,5,1,False,0,False
d8d1c5dae,,5185,870,31,True,False,False,78,27,2,True,3,False
d8aff4e82,,929,139,8,False,False,False,0,0,0,False,0,False
d88e0d5c6,,3286,540,31,True,False,False,64,1,1,True,4,False
d8912bd5c,,1226,243,13,True,False,False,99,4,1,True,0,False
d88000bc2,,1074,169,8,False,False,False,23,8,1,True,0,False
d87397ef8,,5008,802,31,True,False,False,67,15,1,True,8,False
d8c3d3688,,1614,256,14,True,False,False,20,8,1,True,4,False
d895f0e96,,4450,696,37,True,False,False,32,4,1,False,3,False
d879203ac,,2176,317,14,False,False,False,2,2,1,False,0,False
d899fd9f8,,1091,180,7,False,False,False,17,9,1,True,5,False
d8794dbc2,,686,130,7,True,False,False,23,8,1,True,2,False
d8a8d002a,,3946,682,35,True,False,False,92,19,1,True,4,False
d8e4aa398,,1206,202,15,True,False,False,27,3,1,True,0,False
d895caa8e,,2750,450,18,True,False,False,44,11,1,True,5,False
d885ac7c4,,8737,1485,70,True,False,False,220,33,1,True,1,False
d88163758,,3549,535,23,False,False,False,44,20,1,True,12,False
d8140c22c,,996,158,8,False,False,False,7,2,1,True,0,True
d86ca177a,,8788,1510,79,True,False,False,142,26,1,True,2,False
d8dbce7d8,,1301,288,19,True,False,False,100,2,1,True,0,False
d8637aade,,170,36,3,True,False,False,11,2,1,True,0,False
d886e7c56,,2570,411,18,False,False,False,25,13,1,True,4,False
d8681ac60,,3592,580,31,True,False,False,90,16,1,True,3,False
d829909b8,,1341,208,10,False,False,False,3,2,1,True,0,False
d87817e2e,,2727,449,18,True,False,False,49,6,1,True,0,False
d888ea8b4,,1039,217,14,True,False,False,60,4,1,True,0,False
d87005362,,2229,356,19,True,False,False,34,7,1,True,1,False
d8c519006,,8234,1290,48,True,False,False,55,13,1,True,0,False
d8e946686,,4877,815,34,True,False,False,82,27,2,True,0,False
d897748bc,,3313,572,34,True,False,False,118,16,2,True,1,False
d881ef262,,706,141,9,True,False,False,30,2,1,True,0,False
d8b326a60,,228,44,8,True,False,False,11,0,0,False,0,False
d8c3bffde,,640,82,8,False,False,False,4,0,0,False,0,False
d893747e4,,2321,372,13,False,False,False,31,10,1,True,2,False
d8c6f409c,,2998,456,17,False,False,False,17,6,1,True,0,False
d8120e3bc,,1572,269,23,True,False,False,34,0,0,True,0,True
d8ecb5f1a,,2058,320,11,False,False,False,48,16,1,True,6,False
d8200a7f4,,658,101,5,False,False,False,10,6,1,True,0,True
d8ea8bea6,,3230,602,31,True,False,False,118,19,1,True,37,False
d8bb24a96,,2370,408,17,True,False,False,56,13,1,True,0,False
d86b3c47a,,5294,792,32,False,False,False,3,0,0,False,0,False
d89cfc532,,7347,1271,63,True,False,False,254,34,1,True,3,False
d869d0884,,2924,437,14,False,False,False,3,1,1,True,0,False
d80f34e2a,,1363,222,11,True,False,False,38,16,1,True,0,True
d828efc52,,1864,279,21,False,False,False,24,4,1,True,0,True
d8a4b3ff0,,2768,465,23,True,False,False,52,18,2,True,0,False
d88245040,,3312,510,18,False,False,False,33,13,1,True,1,False
d80ed4e1c,,4026,642,21,True,False,False,17,4,1,True,0,True
d8e6fae54,,5095,759,22,False,False,False,17,7,1,True,0,False
d8c1706de,,1236,191,11,False,False,False,5,2,1,True,0,False
d8c8fc2fe,,1552,275,16,True,False,False,29,5,1,True,0,False
d8d2328f0,,4275,682,25,False,False,False,93,30,1,True,10,False
d88292002,,1151,187,12,True,False,False,50,12,1,True,0,False
d8ed3193a,,1823,303,21,True,False,False,52,9,1,True,8,False
d81bf41ec,,2165,355,16,True,False,False,48,4,1,True,0,True
d896d2e86,,8479,1484,70,True,False,False,227,46,1,True,15,False
d8903835a,,805,161,15,True,False,False,27,2,1,True,0,False
d8d39c8da,,1192,187,12,True,False,False,14,3,1,True,0,False
d8f89e606,,9049,1643,70,True,False,False,273,58,2,True,4,False
d817d472e,,5335,933,41,True,False,False,206,19,1,True,0,True
d8788d886,,3683,638,35,True,False,False,87,22,1,True,4,False
d88e58062,,6099,925,38,True,False,False,71,5,1,True,0,False
d855e7570,,1720,291,10,True,False,False,24,6,1,True,9,True
d8a4a437a,,2371,408,21,True,False,False,105,18,2,True,0,False
d87b702c4,,3885,616,34,True,False,False,47,2,1,True,1,False
d8b06e318,,6560,1008,41,True,False,False,74,30,1,True,0,False
d8642a358,,3685,693,32,True,False,False,142,24,1,True,7,False
d87a5caae,,851,132,7,False,False,False,10,3,1,True,3,False
d8bb92302,,3363,516,31,True,False,False,152,27,1,True,0,False
d8cebef02,,637,113,10,True,False,False,19,3,1,True,0,False
d87f4fcf0,,3098,651,41,True,False,False,265,6,1,True,10,False
d8c0f5baa,,418,93,7,True,False,False,28,6,1,True,0,False
d8e6e6986,,546,98,11,True,False,False,19,8,1,True,0,False
d8a12082a,,1146,240,13,True,False,False,48,4,1,True,0,False
d8973c188,,2837,445,21,True,False,False,40,6,2,True,0,False
d8f425462,,3165,620,30,True,False,False,87,6,1,True,0,False
d8852cae2,,1268,289,21,True,False,False,145,18,1,True,0,False
d8a7e49a4,,1807,275,13,False,False,False,19,10,1,True,3,False
d8f790b6a,,6496,978,38,True,False,False,54,9,1,True,0,False
d8c1da642,,3526,504,24,False,False,False,30,10,1,True,2,False
d880f1126,,3412,511,19,False,False,False,15,8,1,True,0,False
d8ecb5ec0,,42,6,1,False,False,False,1,0,0,False,0,False
d843a78d8,,4963,921,40,True,False,False,144,7,1,True,5,True
d8b35fb08,,3903,733,46,True,False,False,158,6,1,True,28,False
d861c8c9a,,5471,818,34,True,False,False,53,10,1,True,1,False
d86ae8398,,2343,366,19,True,False,False,47,1,1,True,6,False
d8b0af37c,,2282,381,22,True,False,False,64,19,1,True,1,False
d8df14e74,,3417,513,28,True,False,False,40,7,1,True,2,False
d8d03917a,,1586,283,14,True,False,False,26,3,1,False,12,False
d887b7280,,3073,479,26,False,False,False,36,20,1,True,3,False
d87882828,,1489,222,6,False,False,False,15,6,1,True,0,False
d8d04d56c,,1330,226,19,True,False,False,33,3,1,False,0,False
d82c606b6,,3351,479,13,False,False,False,2,0,0,False,0,False
d8d96024e,,1496,233,8,False,False,False,34,9,1,True,0,False
d86194904,,713,111,4,False,False,False,4,2,1,False,0,False
d867e9bec,,775,119,6,False,False,False,2,1,1,False,0,False
d8f5beac6,,554,82,3,False,False,False,7,2,1,True,0,False
d820b0eb0,,1345,222,9,False,False,False,10,4,1,True,0,False
d8cbcbf7a,,2979,474,24,True,False,False,50,14,1,True,5,False
d8e33af80,,1194,196,8,False,False,False,13,3,1,True,2,False
d8b7e80e4,,1457,321,20,True,False,False,76,2,1,True,0,False
d89a46aae,,128,24,1,False,False,False,4,3,1,False,1,False
d8bcd073c,,10783,1726,75,True,False,False,157,43,2,True,5,False
d89420904,,295,50,2,False,False,False,0,0,0,False,0,False
d899f1d60,,2547,428,23,True,False,False,77,31,1,True,6,False
d8cd349de,,545,84,4,False,False,False,11,4,1,True,1,False
d86a21aea,,1534,219,8,False,False,False,5,3,1,False,1,False
d8e7b9264,,7148,1106,49,True,False,False,119,20,1,True,0,False
d87c3b0aa,,6887,1271,77,True,False,False,385,27,2,True,1,False
d822356d2,,4041,618,14,False,False,False,81,50,1,True,2,False
d8b19f0a2,,672,139,9,True,False,False,31,5,1,True,0,False
d86a4182c,,3551,781,45,True,False,False,118,8,1,False,0,False
d86ba98d6,,594,125,11,True,False,False,28,4,2,True,0,False
d894afff0,,2316,344,14,False,False,False,29,13,1,True,2,False
d827744c2,,5303,856,34,True,False,False,110,18,1,True,8,False
d8b61c012,,11566,1886,84,True,False,False,255,57,1,True,10,False
d8c948244,,5271,886,36,True,False,False,93,37,1,True,15,False
d85eea758,,232,37,1,False,False,False,3,1,1,False,0,False
d88a4a2e0,,3400,543,25,False,False,False,44,22,1,True,8,False
d862f08f2,,2905,540,26,True,False,False,101,6,1,True,0,False
d8d44bf42,,1545,243,17,True,False,False,32,6,1,True,0,False
d828efb9e,,316,46,2,False,False,False,2,0,0,False,0,True
d8f45905a,,260,41,2,False,False,False,4,2,1,False,0,False
d87508ab2,,3561,577,31,True,False,False,66,11,1,True,2,False
d8ae62362,,1099,238,17,True,False,False,115,5,1,True,0,False
d86773d3e,,3057,437,13,False,False,False,27,4,1,True,4,False
d8cd348e4,,2045,360,18,True,False,False,37,8,1,True,9,False
d89e77650,,3094,529,20,True,False,False,94,4,1,True,6,False
d8e01a832,,2965,602,27,True,False,False,140,7,1,True,0,False
d8125cd28,,175,23,1,False,False,False,0,0,0,False,0,True
d8732144c,,1342,197,9,False,False,False,12,4,1,True,0,False
d8f8466f4,,4789,786,37,True,False,False,77,20,2,True,1,False
d81ca2cec,,3109,699,29,True,False,False,246,8,1,True,15,True
d8d2c9c0a,,794,125,4,False,False,False,17,6,1,True,1,False
d899fdb2e,,1772,325,17,True,False,False,71,3,1,True,0,False
d8b8ed2dc,,1810,273,8,False,False,False,3,2,1,False,0,False
d8d637f5e,,2549,400,26,True,False,False,33,5,1,True,0,False
d827f3d58,,364,50,2,False,False,False,0,0,0,False,0,True
d8671f414,,1672,270,11,True,False,False,36,5,1,True,2,False
d8135b170,,1336,201,8,False,False,False,10,7,1,False,0,True
d881a7aa2,,5057,766,25,False,False,False,66,24,1,True,6,False
d82b4219e,,650,108,8,True,False,False,16,2,1,True,0,True
d883caba4,,1266,181,7,False,False,False,1,1,1,False,0,False
d8bf79894,,5263,993,63,True,False,False,385,21,1,True,0,False
d891f8492,,989,151,7,False,False,False,26,9,1,True,0,False
d8aa759d4,,3220,635,32,True,False,False,162,20,1,True,0,False
d860bbdde,,5235,829,38,True,False,False,59,15,2,True,1,False
d86d78d4c,,556,82,6,False,False,False,7,2,1,False,0,False
d812a0d70,,1204,193,7,False,False,False,24,10,1,True,0,False
d8177a94a,,3362,532,21,False,False,False,17,5,1,True,1,True
d87fae278,,37,8,1,False,False,False,2,0,0,False,0,False
d877f368c,,1166,178,5,False,False,False,2,0,0,False,2,False
d890cdb3a,,3611,745,44,True,False,False,193,22,1,True,20,False
d864c91c4,,6486,1068,48,True,False,False,105,27,1,True,5,False
d8a28fc2e,,662,106,5,False,False,False,12,3,1,True,0,False
d8ab110be,,867,119,4,False,False,False,11,4,1,True,0,False
d8ba76298,,4335,741,30,True,False,False,64,15,1,True,14,False
d8bc3a250,,3513,570,39,True,False,False,90,10,1,True,0,False
d822f82e0,,292,58,8,True,False,False,26,6,1,True,0,False
d889958ae,,4440,687,27,True,False,False,67,17,2,True,3,False
d872c733e,,3836,691,31,True,False,False,150,5,1,True,10,False
d8c3f3942,,1620,320,28,True,False,False,128,10,1,True,0,False
d88a4a196,,1093,175,9,False,False,False,6,5,1,False,0,False
d8b1ea232,,2247,352,16,False,False,False,45,10,2,True,2,False
d87180dfe,,1806,431,29,True,False,False,150,5,1,True,30,False
d86c770ce,,3088,484,22,True,False,False,36,11,1,True,11,False
d8f094488,,2659,401,16,False,False,False,38,11,1,True,0,False
d8bf4f33c,,6148,1069,53,True,False,False,184,31,2,True,7,False
d814a3aa0,,3141,548,32,True,False,False,110,18,1,True,1,True
d89f40956,,5274,792,41,True,False,False,32,4,2,True,2,False
d8622c754,,2380,419,25,True,False,False,37,10,1,False,5,False
d86f2b0a4,,211,25,1,False,False,False,0,0,0,False,0,False
d8d2245ca,,12944,2238,101,True,False,False,339,47,1,True,13,False
d8be45ec8,,823,142,7,True,False,False,27,0,0,True,2,False
d8f4a86a0,,623,115,9,True,False,False,25,5,1,True,0,False
d89348bd0,,907,181,14,True,False,False,65,5,1,True,0,False
d85da442a,,2957,486,23,True,False,False,70,19,1,True,10,False
d8bb34158,,920,161,7,True,False,False,31,2,1,True,0,False
d8d1c5bb0,,2653,452,27,True,False,False,72,18,1,True,0,False
d8d6c5d72,,5227,827,31,True,False,False,41,6,1,True,3,False
d8a616ba4,,1122,216,12,True,False,False,36,9,1,True,0,False
d8ac0cb08,,13193,2020,88,True,False,False,223,32,1,True,0,False
d8dbf2f7a,,2241,379,15,True,False,False,63,14,1,True,0,False
d8f3fd606,,434,92,6,True,False,False,25,11,1,True,0,False
d8bfe6052,,4358,706,34,True,False,False,56,9,1,False,5,False
d8c7a8ec0,,4945,932,45,True,False,False,258,12,1,True,15,False
d87b641e0,,642,95,2,False,False,False,7,3,1,True,0,False
d887d2cb0,,897,187,17,True,False,False,57,1,1,True,0,False
d87a5cdec,,2137,305,10,False,False,False,7,5,1,False,2,False
d8ca63d7c,,2434,496,35,True,False,False,118,7,1,True,0,False
d8a3e1a96,,758,115,4,False,False,False,14,3,1,True,1,False
d8f536e32,,4226,682,27,True,False,False,64,11,1,True,4,False
d8cf9f278,,1321,218,16,True,False,False,49,16,1,True,0,False
d89d96d58,,1254,230,14,True,False,False,34,9,1,True,0,False
d8ad37730,,1436,295,20,True,False,False,35,1,1,True,0,False
d87a7e17c,,1541,239,7,False,False,False,18,8,1,True,0,False
d8c1ec342,,2940,475,23,True,False,False,53,5,1,True,0,False
d8e18a2d0,,615,106,4,False,False,False,5,1,1,True,0,False
d8e39a3cc,,651,122,13,True,False,False,27,10,1,True,0,False
d81c286ea,,4246,671,27,True,False,False,59,9,1,True,10,False
d8f5a2164,,2688,438,22,True,False,False,55,26,1,True,1,False
d81bc4c58,,3944,683,31,True,False,False,142,24,1,True,19,True
d8de580c6,,3349,658,35,True,False,False,71,8,1,True,0,False
d89ff7c32,,8368,1529,59,True,False,False,330,5,1,True,0,False
d88ac74f2,,1671,383,28,True,False,False,173,5,1,True,0,False
d8f25f6aa,,1525,223,10,False,False,False,8,4,1,True,0,False
d86f0e792,,2431,366,15,False,False,False,30,8,1,True,0,False
d8c79128e,,5714,901,54,True,False,False,112,18,1,True,0,False
d8dbe538e,,423,66,3,False,False,False,0,0,0,False,0,False
d8c518e1c,,2350,355,18,True,False,False,50,16,1,True,0,False
d86ba97f0,,6492,1129,63,True,False,False,206,35,2,True,2,False
d8c868fa4,,2268,398,17,True,False,False,55,11,1,True,27,False
d8acf022c,,1626,247,11,False,False,False,34,13,1,True,0,False
d88ac743e,,2472,415,26,True,False,False,51,4,1,True,2,False
d89d890e0,,2927,540,23,True,False,False,138,12,1,True,4,False
d8b59439c,,10447,1855,106,True,False,False,419,32,1,True,34,False
d8a597aca,,3393,536,26,True,False,False,60,11,1,True,0,False
d8e7b935e,,6596,1020,47,True,False,False,85,19,1,True,0,False
d8707877c,,1055,177,8,False,False,False,15,10,1,True,2,False
d8a9a0950,,4147,639,27,False,False,False,13,4,1,True,0,False
d8a64b91c,,4615,716,27,True,False,False,54,17,1,True,21,False
d8d6c5fb6,,2641,447,23,True,False,False,41,6,1,True,11,False
d8be614b6,,7732,1481,79,True,False,False,416,42,1,True,10,False
d87c6538c,,2597,428,14,True,False,False,54,11,1,True,0,False
d873efcc0,,761,123,4,False,False,False,20,8,1,True,0,False
d89774812,,1881,292,11,False,False,False,7,3,1,True,0,False
d89813b24,,3830,553,18,False,False,False,5,2,1,False,0,False
d8b992b10,,4461,686,31,True,False,False,35,13,1,True,8,False
d8d89b07a,,3175,490,21,False,False,False,5,3,1,False,0,False
d8edceb4a,,2022,366,24,True,False,False,100,12,1,True,0,False
d89a6ea72,,452,73,3,False,False,False,21,10,1,True,0,False
d86617468,,5257,916,45,True,False,False,200,11,1,True,2,False
d8932b81e,,1566,243,11,False,False,False,25,6,1,True,0,False
d8adec1bc,,2118,307,10,False,False,False,12,4,1,False,0,False
d88e95a66,,1917,316,25,True,False,False,42,20,1,True,0,False
d871ce248,,523,82,2,False,False,False,1,1,1,False,0,False
d88ee0bb0,,1770,377,26,True,False,False,158,2,1,True,0,False
d88a9c4aa,,3241,516,22,True,False,False,50,12,2,True,11,False
d87dc68e8,,1388,279,20,True,False,False,76,11,1,True,14,False
d8eaff428,,549,91,3,False,False,False,20,5,1,True,0,False
d818bcc4a,,2323,366,10,False,False,False,44,20,1,True,5,True
d8a046094,,3276,511,20,True,False,False,25,11,1,True,0,False
d89c4f6c0,,663,105,5,False,False,False,3,1,1,False,1,False
d88c884da,,3834,636,29,True,False,False,65,21,1,True,0,False
d8a86226e,,4255,773,41,True,False,False,211,13,1,True,61,False
d86b8b368,,3920,633,31,True,False,False,30,6,2,True,3,False
d82cf6a62,,2837,496,23,True,False,False,83,25,1,True,2,True
d87e9763c,,4828,769,39,True,False,False,75,28,2,True,10,False
d8695f86e,,1504,222,7,False,False,False,6,2,1,False,0,False
d8ae16980,,3123,548,34,True,False,False,75,3,1,True,12,False
d8d1eace4,,5007,840,38,True,False,False,70,23,1,True,3,False
d8ae060a8,,1778,281,13,False,False,False,18,11,1,True,0,False
d8d3e0e40,,428,58,2,False,False,False,1,1,1,False,0,False
d8d5c9586,,3801,605,25,True,False,False,33,7,1,True,6,False
d8c8d0744,,1080,240,11,True,False,False,110,10,1,True,21,False
d8d1fd59c,,4509,748,46,True,False,False,83,11,1,True,13,False
d89c0de14,,3116,496,19,False,False,False,43,19,1,True,1,False
d8b11acd0,,1985,322,23,True,False,False,59,7,1,True,4,False
d8ba8014e,,6565,1037,43,True,False,False,69,18,2,True,8,False
d8e8673b4,,2643,451,25,True,False,False,71,20,1,True,7,False
d884ac1d0,,6817,1010,47,True,False,False,98,30,1,False,2,False
d887b749c,,88,13,1,False,False,False,0,0,0,False,0,False
d85fff328,,1691,274,13,True,False,False,22,5,1,True,5,False
d8d2dc9e0,,3451,546,26,True,False,False,91,17,1,True,1,False
d864b4f4e,,3801,569,27,True,False,False,20,4,1,True,0,False
d8e305b00,,1292,221,13,True,False,False,48,6,1,True,0,False
d87ee5788,,1367,213,10,False,False,False,11,6,1,True,0,False
d87ee5472,,1886,417,29,True,False,False,122,2,1,True,0,False
d8c997894,,5648,882,38,True,False,False,74,25,2,True,21,False
d8b203520,,1014,191,17,True,False,False,30,1,1,False,6,False
d8e5c11e6,,5485,1015,44,True,False,False,283,20,1,True,0,False
d818a38e4,,2213,313,13,False,False,False,15,3,1,True,2,True
d8cc34124,,1980,295,11,False,False,False,14,9,1,False,5,False
d89f26f6a,,4385,694,38,True,False,False,47,8,1,True,0,False
d89fa9442,,10792,1894,84,True,False,False,426,40,1,True,5,False
d8c8acd30,,2275,467,21,True,False,False,99,6,1,True,4,False
d85e51f12,,1053,188,10,True,False,False,44,12,1,True,0,False
d8a779d98,,1691,254,9,False,False,False,6,3,1,True,0,False
d89c92c18,,3835,638,38,True,False,False,44,3,1,True,0,False
d8c9b088a,,805,120,4,False,False,False,10,4,1,True,0,False
d86c667c4,,3351,581,22,True,False,False,32,4,1,True,0,False
d8b6a5736,,3406,577,31,True,False,False,96,13,1,True,7,False
d8924d46a,,1470,274,16,True,False,False,72,1,1,True,0,False
d8a558244,,1682,282,14,True,False,False,38,1,1,True,0,False
d88940c14,,3760,566,30,True,False,False,119,40,2,True,0,False
d82441930,,650,108,4,False,False,False,8,2,1,True,1,True
d8afb0782,,983,173,10,True,False,False,27,0,0,True,0,False
d8a3b4816,,2202,332,13,False,False,False,11,6,1,False,0,False
d8dd2a960,,1207,221,11,True,False,False,35,8,1,True,0,False
d824fce4c,,4202,743,42,True,False,False,130,14,1,True,9,True
d81dfb4d6,,6904,1215,55,True,False,False,107,9,1,True,12,True
d87ef4044,,788,174,12,True,False,False,41,5,1,False,10,False
d8201b9b4,,1247,188,8,True,False,False,30,8,2,True,0,True
d8edceb9a,,2206,398,20,True,False,False,85,5,1,True,1,False
d8a103658,,8797,1373,53,True,False,False,160,27,1,True,8,False
d89e54362,,450,67,2,False,False,False,6,3,1,False,0,False
d8995d598,,1450,277,18,True,False,False,61,9,1,True,12,False
d8bc9feca,,1083,183,11,True,False,False,36,1,1,True,0,False
d8aba73fc,,3558,500,26,False,False,False,42,8,1,True,9,False
d8843b322,,2810,416,17,False,False,False,20,7,1,True,4,False
d87144fa2,,12891,2024,81,True,False,False,140,27,1,True,0,False
d8ca883fc,,3074,453,20,False,False,False,27,14,1,True,0,False
d87c97c9c,,1417,213,9,False,False,False,19,7,1,True,0,False
d8784329a,,3599,692,39,True,False,False,186,11,1,True,10,False
d88caa49a,,2973,567,31,True,False,False,163,22,1,True,0,False
d88995a34,,934,198,15,True,False,False,108,6,1,True,0,False
d870c5644,,3387,499,15,False,False,False,9,3,1,True,0,False
d861947a6,,1379,204,6,False,False,False,0,0,0,False,0,False
d87ee55bc,,619,92,2,False,False,False,0,0,0,False,0,False
d89018294,,2642,408,20,True,False,False,59,27,1,True,0,False
d895325cc,,3973,630,33,True,False,False,77,26,1,True,6,False
d8ded8988,,6321,957,42,True,False,False,111,11,1,True,1,False
d8e881674,,710,106,4,False,False,False,4,1,1,False,0,False
d82b41f64,,2253,356,17,True,False,False,26,6,1,True,0,True
d89348b4e,,4188,701,29,True,False,False,54,20,1,True,0,False
d87053b7a,,2157,427,26,True,False,False,99,13,1,True,32,False
d87516360,,1046,168,7,False,False,False,10,6,1,True,0,False
d820d04f4,,789,174,11,True,False,False,63,6,1,True,0,False
d8b2ec720,,7113,1190,54,True,False,False,150,31,1,True,0,False
d88d0b9d4,,692,100,5,False,False,False,3,0,0,False,0,False
d8a597a48,,3835,610,19,True,False,False,32,3,1,True,2,False
d87d6c7a8,,2095,308,11,False,False,False,23,11,1,True,6,False
d81a5d6d0,,4355,783,47,True,False,False,153,27,1,True,33,True
d8de10d2a,,341,77,8,True,False,False,15,3,1,True,0,False
d87ab1a68,,2541,388,14,False,False,False,7,3,1,False,0,False
d8ad4c40a,,1582,249,8,False,False,False,16,12,2,False,0,False
d83c8aec4,,5673,933,42,True,False,False,123,17,1,True,28,False
d886aa4f0,,1801,281,14,True,False,False,19,4,1,True,0,False
d86dcdb6c,,4111,691,34,True,False,False,61,16,1,True,0,False
d8f6c9fce,,2000,465,24,True,False,False,109,9,1,True,0,False
d8d3127de,,3133,484,17,False,False,False,56,17,1,True,8,False
d818a3952,,1584,234,9,False,False,False,21,6,1,True,0,True
d8ef1966c,,114,16,1,False,False,False,0,0,0,False,0,False
d8a8c69ee,,10685,1737,99,True,False,False,233,45,1,True,25,False
d8eddb50c,,1315,188,10,False,False,False,11,5,1,True,0,False
d85eb432e,,1931,310,25,True,False,False,61,12,1,True,1,False
d8671f4e6,,2879,526,28,True,False,False,88,7,1,True,20,False
d8972a816,,4284,857,33,True,False,False,114,6,1,True,0,False
d89794072,,5090,809,37,True,False,False,82,18,1,True,9,False
d86efa878,,6977,1160,48,True,False,False,362,54,1,True,6,False
d86194954,,1334,219,9,False,False,False,7,2,1,False,0,False
d8926f75e,,1746,273,13,False,False,False,16,4,1,True,7,False
d8ed43496,,1459,222,9,False,False,False,10,4,1,True,0,False
d86b3c3bc,,716,132,9,True,False,False,26,3,1,True,1,False
d8f2f1ac8,,7903,1366,55,True,False,False,197,21,1,True,52,False
d8ec31756,,2845,486,30,True,False,False,42,7,1,True,0,False
d873e1f80,,1843,354,19,True,False,False,84,20,1,True,0,False
d8825d6ea,,5253,824,35,True,False,False,61,13,1,True,11,False
d8e5a9668,,3014,514,26,True,False,False,57,12,1,True,35,False
d8a06de32,,1851,314,12,True,False,False,8,4,1,False,0,False
d8d43dc12,,1792,284,13,True,False,False,34,2,1,True,4,False
d8a0bcec4,,764,132,16,True,False,False,28,2,1,True,1,False
d8a6c7a4e,,5340,817,24,True,False,False,119,23,1,True,3,False
d88de6fac,,2423,364,17,False,False,False,18,8,1,False,0,False
d8d2dca58,,3136,595,31,True,False,False,128,16,1,True,7,False
d8d3ef74c,,141,21,1,False,False,False,7,3,1,True,0,False
d8bfb3472,,5618,844,49,True,False,False,82,15,2,True,3,False
d8b50519c,,849,142,10,True,False,False,31,5,1,True,0,False
d8c8d05fa,,628,125,11,True,False,False,25,2,1,False,0,False
d8ed02fea,,1454,330,14,True,False,False,122,4,1,True,0,False
d8a5acf6a,,688,119,5,False,False,False,9,4,1,True,0,False
d8d19ca9e,,9599,1552,75,True,False,False,210,41,2,True,2,False
d8b6354a4,,3632,658,39,True,False,False,94,6,1,True,0,False
d8c73c586,,527,76,3,False,False,False,8,2,1,True,0,False
d877f37c2,,1943,360,26,True,False,False,73,6,1,True,0,False
d8be2adf8,,5870,871,37,True,False,False,59,12,1,True,0,False
d86773c4e,,4013,752,40,True,False,False,158,25,1,True,0,False
d8de10f5a,,3427,548,28,True,False,False,48,13,1,True,0,False
d82604286,,2316,369,11,False,False,False,15,4,1,True,10,True
d8d86daf8,,2700,434,21,False,False,False,42,20,1,True,0,False
d81622214,,966,147,6,False,False,False,10,4,1,True,0,True
d8d6c5dd6,,410,97,7,True,False,False,31,6,1,True,0,False
d85ed28ba,,6467,948,45,True,False,False,65,5,1,True,5,False
d87adb048,,4602,751,42,True,False,False,123,30,1,True,2,False
d8666b9f0,,2766,444,26,True,False,False,63,12,1,True,2,False
d8c9cf848,,2151,352,13,True,False,False,65,15,2,True,0,False
d8c6315ce,,690,128,10,True,False,False,30,2,1,True,0,False
d8f6ea3c8,,775,131,9,True,False,False,27,6,1,True,0,False
d8724dfac,,2516,403,14,True,False,False,73,21,1,True,5,False
d8dfa1806,,3008,484,21,True,False,False,43,15,1,True,0,False
d86287226,,1420,239,10,True,False,False,35,14,1,True,5,False
d875160c2,,1634,257,11,False,False,False,9,6,1,True,0,False
d8d638008,,2499,406,22,True,False,False,65,17,1,True,6,False
d893d3622,,2641,448,19,True,False,False,41,13,1,True,8,False
d8e1d0d7a,,986,163,8,False,False,False,6,3,1,True,0,False
d86d5f180,,1606,251,13,True,False,False,38,8,1,True,0,False
d8ac0cb58,,2135,303,15,False,False,False,2,0,0,False,0,False
d8ea04636,,1989,294,6,False,False,False,37,10,1,True,0,False
d8f04829a,,12241,2206,98,True,False,False,230,32,1,True,0,False
d885a0938,,3854,651,37,True,False,False,114,7,1,True,0,False
d87180e58,,1273,256,16,True,False,False,77,1,1,True,14,False
d88fbd66e,,2731,478,27,True,False,False,63,4,1,True,3,False
d8c8c188e,,5878,975,43,True,False,False,165,35,1,True,4,False
d8d630006,,6281,1104,37,True,False,False,163,38,1,True,21,False
d882b61c8,,3088,479,23,True,False,False,52,16,1,True,0,False
d8c14be42,,7237,1063,23,True,False,False,139,20,1,True,22,False
d8aee38ea,,5967,890,43,True,False,False,97,35,2,True,3,False
d8e533cba,,2476,372,30,True,False,False,39,0,0,True,0,False
d83374362,,3208,618,37,True,False,False,140,14,1,True,0,True
d8ab69142,,2925,498,27,True,False,False,27,8,1,False,0,False
d8c210e72,,4804,730,29,True,False,False,84,36,2,True,5,False
d8875ff8a,,2146,333,11,False,False,False,4,3,1,True,0,False
d8a2a8350,,927,199,15,True,False,False,107,6,1,True,0,False
d8ba5abce,,2007,291,11,False,False,False,1,0,0,False,0,False
d89e774d4,,2518,408,20,True,False,False,35,5,1,True,0,False
d8b477cca,,4816,808,44,True,False,False,78,19,2,True,0,False
d8130c6f6,,2605,432,26,True,False,False,72,12,1,True,0,False
d8ac57680,,3957,635,27,True,False,False,64,12,1,True,4,False
d8f88988c,,1327,207,9,False,False,False,16,4,1,True,4,False
d8dd6abb4,,5000,756,28,True,False,False,63,30,2,True,7,False
d8f8aa9a6,,2441,375,13,False,False,False,4,0,0,False,1,False
d898ab122,,508,76,4,False,False,False,8,5,1,False,0,False
d8dcdc6d4,,4249,706,41,True,False,False,162,25,1,True,0,False
d86d96d38,,1930,283,10,False,False,False,18,4,1,True,1,False
d8ea20f98,,3198,488,19,False,False,False,30,10,1,True,5,False
d811807ce,,4218,671,31,True,False,False,65,11,1,True,6,True
d861f42fa,,4577,677,33,True,False,False,44,9,1,True,0,False
d893fd99a,,3808,587,24,True,False,False,62,17,1,True,0,False
d894e01a0,,1112,203,8,True,False,False,54,16,1,True,0,False
d8aacba3c,,1705,241,8,False,False,False,15,6,1,True,0,False
d898c44b0,,852,225,10,True,False,False,75,5,1,True,10,False
d896ed8bc,,2029,302,15,False,False,False,14,6,2,True,0,False
d8add2b18,,6324,960,39,True,False,False,97,35,1,True,0,False
d881e206c,,3556,662,40,True,False,False,178,26,1,True,56,False
d8c5e0480,,1820,333,18,True,False,False,61,10,1,True,6,False
d8dec83a8,,2559,409,18,False,False,False,26,11,2,True,0,False
d812326ea,,8232,1498,85,True,False,False,309,42,2,True,21,True
d812c0d78,,3576,594,37,True,False,False,89,15,1,True,4,True
d8cebf056,,4519,699,29,True,False,False,73,20,1,True,0,False
d82400886,,3622,581,26,True,False,False,56,13,1,True,5,True
d8bd4b9dc,,4988,735,36,True,False,False,77,26,1,True,0,False
d86ba9980,,4412,718,34,True,False,False,84,33,1,True,0,False
d86de5a3c,,4640,785,39,True,False,False,121,8,1,True,0,False
d80ef6dd2,,4129,775,46,True,False,False,188,9,1,True,18,False
d8184fdfc,,7247,1240,51,True,False,False,351,27,1,True,8,True
d817bc0a2,,3432,534,28,True,False,False,53,24,1,True,6,True
d882cc914,,6026,1106,63,True,False,False,403,11,1,True,1,False
d8a2da26a,,2381,341,18,False,False,False,16,5,1,True,0,False
d81ee4140,,1682,349,19,True,False,False,62,8,1,True,0,True
d81c091dc,,1606,272,13,True,False,False,45,20,1,True,0,True
d8dbe58e8,,3374,511,17,False,False,False,65,34,1,True,6,False
d8aab41de,,3924,681,32,True,False,False,132,28,1,True,4,False
d816cabc6,,3810,615,33,True,False,False,93,10,1,True,0,True
d878c128a,,1096,206,13,True,False,False,87,5,1,True,0,False
d894c31ae,,5994,978,40,True,False,False,113,43,1,True,10,False
d8a84101e,,2832,585,34,True,False,False,193,5,1,True,0,False
d8e80f754,,3726,589,27,True,False,False,85,9,1,True,22,False
d89e1e78a,,1088,155,4,False,False,False,0,0,0,False,0,False
d8f6dc39a,,5218,939,47,True,False,False,130,8,1,True,0,False
d8f73de56,,2708,396,22,False,False,False,19,6,1,True,3,False
d8eeb9cf8,,2084,303,9,False,False,False,17,3,1,True,4,False
d8cee7a38,,7284,1239,67,True,False,False,137,35,1,True,17,False
d89b4e42e,,166,26,1,False,False,False,1,0,0,False,0,False
d8af9737c,,109,15,2,False,False,False,2,1,1,False,0,False
d8f3a736e,,1024,165,9,True,False,False,24,5,1,False,12,False
d8204fd4a,,1774,263,11,False,False,False,52,12,1,True,3,True
d885f4074,,4177,689,38,True,False,False,54,11,1,True,5,False
d8bfc295e,,905,175,13,True,False,False,102,2,1,True,0,False
d827f3c7c,,720,108,4,False,False,False,1,0,0,False,0,True
d85efc8fe,,6288,920,45,True,False,False,77,18,1,True,0,False
d87493028,,2027,369,22,True,False,False,39,12,2,True,0,False
d86760c8e,,1157,181,11,True,False,False,5,0,0,False,0,False
d8ea6a08a,,7598,1240,55,True,False,False,186,18,1,True,0,False
d8ba5ab4c,,3785,546,24,False,False,False,20,9,1,True,2,False
d881e2134,,5765,872,31,True,False,False,99,40,1,True,9,False
d8dbe555a,,2426,372,19,False,False,False,16,5,1,True,0,False
d868e3c00,,5453,844,35,True,False,False,77,11,1,True,0,False
d8d3032e8,,4241,677,30,False,False,False,72,27,2,True,2,False
d8641cda2,,3842,608,29,True,False,False,58,11,1,True,0,False
d8acff916,,613,128,11,True,False,False,24,4,1,True,0,False
d89fc2d0c,,627,89,2,False,False,False,1,0,0,False,1,False
d8c975a14,,333,50,2,False,False,False,10,4,1,True,1,False
d892da8e2,,2015,350,18,True,False,False,122,7,1,True,5,False
d8a348fc6,,1724,281,11,False,False,False,10,2,1,False,0,False
d8327a54c,,1800,259,10,False,False,False,29,5,1,True,5,True
d814f5ab2,,3556,666,29,True,False,False,187,16,1,True,0,True
d88e4a80e,,6003,1104,64,True,False,False,176,20,1,True,0,False
d8ee9989a,,5254,818,41,True,False,False,21,2,1,True,2,False
d87e41db8,,1171,201,8,True,False,False,26,3,1,True,0,False
d86c04b00,,8452,1366,60,True,False,False,141,35,1,True,19,False
d8d9ffa4c,,1919,361,22,True,False,False,49,6,1,True,0,False
d899f1c34,,1239,191,10,False,False,False,35,11,1,True,5,False
d87097afa,,2822,424,19,False,False,False,10,3,1,True,1,False
d8aeb46b2,,1191,189,13,True,False,False,17,7,1,True,0,False
d878d6072,,1951,375,22,True,False,True,91,7,1,True,20,False
d88df2aa0,,1955,341,22,True,False,False,57,12,1,True,0,False
d8f13f3f6,,4319,758,38,True,False,False,103,21,2,True,5,False
d8e4477ca,,657,105,5,False,False,False,11,3,1,True,3,False
d813b8f00,,760,121,4,False,False,False,8,2,1,True,0,True
d86d96e78,,2753,533,19,True,False,False,77,5,1,True,0,False
d88e1c5b2,,2978,473,20,True,False,False,64,17,1,True,25,False
d877f36fa,,2130,299,15,False,False,False,2,0,0,False,1,False
d89498d6e,,5242,858,48,True,False,False,118,2,1,True,56,False
d8f0dc2ec,,2963,510,21,True,False,False,57,6,1,True,12,False
d86389f2a,,925,168,12,True,False,False,28,4,1,True,0,False
d886e7cce,,2518,412,22,True,False,False,47,16,1,True,0,False
d89788f24,,1839,303,16,True,False,False,31,11,1,True,0,False
d8dea626c,,3330,523,14,False,False,False,70,24,1,True,18,False
d8c1b426c,,4345,661,23,False,False,False,4,3,1,False,0,False
d8d07eb26,,3610,618,29,True,False,False,103,22,1,True,1,False
d87c65260,,4466,705,34,True,False,False,43,5,1,True,0,False
d82b420c2,,1683,285,7,False,False,False,20,13,1,True,0,True
d8f3fd4bc,,2840,443,30,True,False,False,40,2,1,True,0,False
d8ed433a6,,448,69,2,False,False,False,3,0,0,False,0,False
d8dd558b8,,5023,705,33,True,False,False,41,7,1,True,0,False
d894e015a,,1027,212,15,True,False,False,34,6,1,True,0,False
d8716714c,,4919,750,38,True,False,False,33,7,1,False,16,False
d8c0298fc,,5465,861,35,True,False,False,52,11,1,True,0,False
d8dd6ac68,,5381,963,42,True,False,False,302,18,1,True,7,False
d8ddb692e,,1683,268,11,False,False,False,44,13,1,True,6,False
d89413024,,5099,875,57,True,False,False,165,5,1,True,0,False
d87acf1a8,,1950,372,24,True,False,False,67,5,1,True,8,False
d8670e844,,3341,625,43,True,False,False,170,4,1,True,0,False
d89a570fc,,2456,382,20,True,False,False,51,11,1,True,2,False
d8ac80a94,,7539,1283,71,True,False,False,144,28,1,True,0,False
d88c5db72,,3282,622,33,True,False,False,137,17,1,True,0,False
d8d09a510,,401,52,2,False,False,False,2,0,0,False,0,False
d86aa3cb6,,2153,322,13,False,False,False,13,5,1,True,0,False
d8ab97aa6,,3267,500,23,True,False,False,77,13,1,True,3,False
d8cf9f3ae,,3813,582,31,True,False,False,80,27,1,True,0,False
d8e8a65c8,,2857,483,16,True,False,False,79,8,1,True,14,False
d89018320,,996,191,16,True,False,False,46,9,1,True,0,False
d878e1b98,,5987,1016,42,True,False,False,176,32,1,True,7,False
d8b7f735a,,1376,246,19,True,False,False,69,6,1,True,0,False
d86c11652,,4259,729,37,True,False,False,85,20,1,True,11,False
d8145f30a,,5382,853,43,True,False,False,133,3,1,True,0,False
d883db8d2,,6234,956,46,True,False,False,88,24,1,True,0,False
d880385cc,,1309,217,14,True,False,False,29,3,1,True,0,False
d897bc8ce,,2935,418,18,False,False,False,44,13,1,True,0,False
d8ad377ee,,9619,1559,67,True,False,False,145,41,1,True,2,False
d87d15dd6,,2368,371,9,False,False,False,46,16,2,True,0,False
d86c4fe48,,1685,244,9,False,False,False,9,2,1,True,0,False
d8c3377b0,,6798,1263,61,True,False,False,198,20,1,True,26,False
d8ba7634c,,3610,579,31,True,False,False,74,14,1,True,1,False
d85e7988c,,6438,1031,39,True,False,False,66,6,2,True,0,False
d8694b8a0,,575,81,4,False,False,False,1,1,1,False,0,False
d89a6e9fa,,2239,355,10,False,False,False,50,14,1,True,16,False
d8e04a7c6,,3556,515,23,False,False,False,9,4,1,True,0,False
d8b68d78a,,3934,583,21,True,False,False,36,6,1,True,2,False
d8c756bd4,,2924,465,17,False,False,False,34,31,1,False,0,False
d8cd63f2c,,8624,1492,79,True,False,False,371,17,1,True,6,False
d8734bc56,,3843,624,21,False,False,False,35,16,1,True,8,False
d8cdeb1ac,,2880,460,16,False,False,False,32,7,1,True,8,False
d87534630,,541,81,3,False,False,False,4,1,1,False,0,False
d8e1b1cb8,,283,71,6,True,False,False,22,3,1,False,9,False
d87ab1a18,,1916,278,11,False,False,False,23,5,1,True,0,False
d88bf5432,,399,90,10,True,False,False,24,2,1,True,0,False
d89c7a122,,2765,449,22,True,False,False,32,10,1,True,0,False
d896ad38e,,1045,253,11,True,False,False,98,7,1,True,0,False
d8a3e1b4a,,1242,169,6,False,False,False,2,1,1,False,0,False
d897544ea,,2815,468,19,True,False,False,38,3,1,True,0,False
d887d2d46,,2394,416,17,True,False,False,65,16,1,True,9,False
d89a9cecc,,1150,203,13,True,False,False,29,9,1,True,0,False
d8f55a60c,,4241,606,27,True,False,False,78,17,1,True,8,False
d8a27a4f0,,2086,323,15,False,False,False,36,18,1,True,0,False
d8cfea0c0,,3576,736,39,True,False,False,139,25,1,True,31,False
d8c93dd30,,1604,257,13,True,False,False,25,9,1,True,7,False
d8d4e165a,,2641,493,32,True,False,False,159,15,1,True,0,False
d878b8018,,5126,736,33,True,False,False,51,17,1,True,0,False
d887a475c,,4147,684,33,True,False,False,57,31,1,True,0,False
d8a894b7e,,3782,572,26,True,False,False,23,3,1,True,0,False
d8143a348,,5337,1079,58,True,False,False,148,31,1,True,0,False
d8194e8a2,,3972,688,33,True,False,False,75,14,1,True,0,True
d88116b42,,1989,404,25,True,False,False,102,23,1,True,1,False
d8c6e8f94,,1239,299,17,True,False,False,91,2,1,True,0,False
d8d038f4a,,3013,447,16,False,False,False,1,0,0,True,0,False
d8da14866,,3552,570,26,False,False,False,30,12,1,True,0,False
d8b5f3f9a,,5897,912,41,True,False,False,19,5,1,False,4,False
d8e0cdba8,,341,52,2,False,False,False,7,6,1,False,0,False
d8e92af6c,,1057,158,9,False,False,False,5,2,1,False,0,False
d879a9e9a,,4196,687,31,True,False,False,101,14,1,True,3,False
d81ad2638,,4623,698,28,True,False,False,77,19,1,True,3,False
d83b5a0f4,,1656,298,16,True,False,False,67,1,1,True,0,True
d8dbbb958,,1400,214,8,False,False,False,8,1,1,True,0,False
d8664f688,,1772,320,17,True,False,False,95,3,1,True,32,False
d810dcd4a,,3255,614,35,True,False,False,139,13,1,True,4,False
d860fde14,,1844,320,18,True,False,False,35,7,1,True,0,False
d8f86df6a,,956,176,10,True,False,False,42,9,1,True,0,False
d871e16f4,,3478,669,46,True,False,False,165,17,1,True,4,False
d8a7f563c,,2833,454,21,True,False,False,67,20,1,True,2,False
d85fb460c,,3301,585,32,True,False,False,69,3,1,True,0,False
d8cfea2fa,,4931,845,41,True,False,False,69,1,1,True,0,False
d8acdf076,,4818,759,28,False,False,False,80,26,1,True,1,False
d8814341c,,924,192,16,True,False,False,49,8,1,True,0,False
d8d39ca06,,2370,366,19,True,False,False,18,1,1,True,1,False
d8200a5b0,,716,103,3,False,False,False,12,0,0,True,0,True
d8b477b9e,,2007,300,13,False,False,False,5,1,1,False,0,False
d8ad4c496,,1531,253,12,True,False,False,33,11,1,True,6,False
d8cb48242,,3577,596,16,True,False,False,88,32,1,True,9,False
d8bc26c64,,1352,194,8,False,False,False,21,6,1,True,0,False
d86a7878c,,1526,294,17,True,False,False,74,8,1,True,0,False
d8ba12f68,,9746,1520,66,True,False,False,117,18,1,True,9,False
d898645b0,,3010,453,22,True,False,False,26,3,1,True,0,False
d8894d4e6,,2873,457,22,True,False,False,39,22,1,True,1,False
d886c15ba,,4458,907,39,True,False,False,258,24,1,True,11,False
d889f75e0,,723,113,3,False,False,False,13,3,1,True,0,False
d8cc341f6,,1045,164,8,False,False,False,9,1,1,False,0,False
d87f99260,,515,110,7,True,False,False,23,3,1,False,15,False
d861f40b6,,2512,371,11,False,False,False,14,4,1,True,0,False
d81128470,,615,94,5,False,False,False,2,0,0,False,2,True
d88329678,,2973,589,38,True,False,False,206,8,1,True,7,False
d8c73c676,,4656,795,41,True,False,False,154,1,1,True,0,False
d8b71cb88,,2757,422,22,True,False,False,33,9,1,True,2,False
d8cf80d14,,1308,247,17,True,False,False,54,7,1,True,4,False
d8a78943c,,687,114,3,False,False,False,6,1,1,True,0,False
d87c97cf6,,2215,372,20,True,False,False,36,8,1,True,0,False
d89635514,,2509,363,16,False,False,False,31,7,1,True,0,False
d81ad26d8,,3651,567,23,True,False,False,31,8,2,True,0,False
d88116b88,,1601,231,13,True,False,False,16,2,1,True,0,False
d84dc6030,,3776,621,24,True,False,False,143,4,1,True,6,True
d87df9914,,2848,458,22,True,False,False,137,8,2,True,5,False
d8120e2c2,,4487,676,27,False,False,False,30,12,1,True,0,True
d86feb584,,2651,416,18,True,False,False,46,4,1,True,6,False
d8efed354,,1915,277,9,False,False,False,14,5,1,True,0,False
d871b1ec2,,1068,178,6,False,False,False,10,2,1,True,1,False
d8932b7a6,,2950,445,27,True,False,False,42,5,1,True,0,False
d8f43c41e,,4464,672,26,True,False,False,24,9,1,False,0,False
d8185cd2c,,1881,293,13,True,False,False,29,10,1,True,0,True
d8704026e,,1831,328,29,True,False,False,60,4,1,True,0,False
d8b34cdc8,,5364,906,38,True,False,False,168,15,1,True,33,False
d81bc4b18,,1479,217,10,False,False,False,3,2,1,False,0,True
d872eff28,,3079,444,16,False,False,False,23,6,1,True,2,False
d8e461576,,3818,644,20,True,False,False,61,9,1,False,0,False
d898cf752,,1604,236,10,False,False,False,21,7,1,True,0,False
d8b6ddb40,,4104,624,17,True,False,False,61,21,1,True,0,False
d8cf2bb5c,,4996,783,30,True,False,False,43,11,1,True,4,False
d8a6069de,,1529,389,20,True,False,False,103,8,1,True,0,False
d8956d94c,,4049,801,37,True,False,False,145,14,2,True,0,False
d8aec2fdc,,4467,676,34,True,False,False,64,9,1,True,0,False
d8196f46c,,3819,769,38,True,False,False,138,24,1,True,31,True
d88540362,,805,120,4,False,False,False,17,5,1,True,1,False
d87264888,,754,102,2,False,False,False,6,2,1,False,0,False
d8e435ffc,,1837,320,16,True,False,False,66,11,1,True,24,False
d8622c7d6,,327,54,3,False,False,False,10,3,1,True,0,False
d8c1b42f8,,1232,182,6,False,False,False,10,2,1,False,0,False
d88e0d60c,,1079,208,15,True,False,False,59,8,1,True,18,False
d8ad8a4b2,,77,12,1,False,False,False,0,0,0,False,0,False
d81decaa8,,800,123,4,False,False,False,6,2,1,True,0,True
d8745ab2e,,3552,529,23,False,False,False,6,2,1,True,0,False
d89381ff2,,1713,372,21,True,False,False,60,5,1,True,0,False
d89749644,,3390,599,31,True,False,False,146,20,1,True,1,False
d86cf7300,,381,49,3,False,False,False,3,1,1,False,0,False
d8b68d636,,66,9,1,False,False,False,1,0,0,False,0,False
d8ef90988,,3349,563,23,True,False,False,91,19,1,True,4,False
d8c2e447a,,2918,483,21,True,False,False,73,32,1,True,5,False
d8c824048,,1447,230,15,True,False,False,30,0,0,False,0,False
d89e5451a,,1087,216,18,True,False,False,29,7,1,True,0,False
d871ce450,,360,65,3,False,False,False,10,6,1,False,3,False
d8cdc72c0,,3516,564,26,True,False,False,55,11,1,True,4,False
d8d89b232,,2660,528,38,True,False,False,129,8,1,True,0,False
d8b55c24e,,6625,1079,48,True,False,False,124,26,1,True,7,False
d82afa70e,,1886,315,12,False,False,False,13,7,1,True,0,False
d8c57dbaa,,9757,1668,97,True,False,False,165,34,1,True,2,False
d8b3fe7da,,3457,508,20,True,False,False,23,5,1,True,0,False
d8d7575d8,,2763,421,14,True,False,False,41,5,1,True,6,False
d8753470c,,1900,291,11,False,False,False,25,9,1,True,2,False
d8a994b8c,,2220,396,19,True,False,False,136,15,1,True,0,False
d8eedf688,,2538,395,17,False,False,False,42,17,1,True,1,False
d88cc7e96,,2832,407,18,False,False,False,0,0,0,False,0,False
d85ff2bdc,,1273,225,15,True,False,False,51,6,1,True,0,False
d8623cef6,,4382,714,29,True,False,False,54,7,1,True,0,False
d810cc7ba,,1343,229,11,True,False,False,19,6,1,True,0,True
d8c118fec,,456,63,3,False,False,False,5,1,1,False,0,False
d89b7bee2,,650,110,5,False,False,False,11,4,1,True,0,False
d8a7dd06e,,5320,1062,49,True,False,False,163,8,1,False,0,False
d8ba20e42,,4528,818,42,True,True,False,82,4,1,True,0,False
d89e3c514,,2592,422,17,False,False,False,31,13,1,True,6,False
d8a9f8632,,745,114,3,False,False,False,6,1,1,True,0,False
d875d0134,,3807,599,26,True,False,False,69,28,1,True,18,False
d8a894af2,,3238,528,23,True,False,True,82,18,1,True,0,False
d86c2cd62,,3218,493,22,False,False,False,40,18,1,True,5,False
d8ccb9888,,1390,208,13,False,False,False,3,1,1,False,0,False
d8bc95344,,7465,1220,55,True,False,False,98,23,1,True,13,False
d8745189e,,6356,982,37,True,False,False,48,15,1,True,1,False
d8ed98bf8,,4776,751,47,True,True,False,74,16,1,True,6,False
d8caba122,,3167,479,27,True,False,False,58,15,2,True,4,False
d8a348f3a,,5118,1202,63,True,False,False,494,6,1,True,0,False
d85e0b454,,564,89,6,True,False,False,11,1,1,True,0,False
d8aefb440,,7347,1219,48,True,False,False,203,38,1,True,5,False
d8f25f4e8,,3838,585,24,False,False,False,36,9,1,True,0,False
d8ed6db24,,3095,468,16,False,False,False,20,12,1,True,4,False
d8c948406,,3363,517,23,False,False,False,54,17,1,True,0,False
d8eaff3ce,,1634,249,10,False,False,False,7,4,1,True,0,False
d8827ad76,,1795,274,10,False,False,False,38,14,1,True,0,False
d8d8cc774,,4449,642,18,False,False,False,46,15,1,True,3,False
d8e47c16e,,3825,606,27,True,False,False,62,12,2,True,14,False
d8cb2d618,,4019,661,34,True,False,False,86,18,1,True,3,False
d8b10a574,,554,103,11,True,False,False,28,3,1,True,1,False
d89f07afc,,1234,212,15,True,False,False,30,8,1,True,0,False
d85e207dc,,2554,403,15,False,False,False,24,9,2,True,2,False
d82eedadc,,3509,588,26,True,False,False,76,16,1,True,12,False
d8cf92654,,2976,486,30,True,False,False,50,17,1,True,5,False
d8d09a3e4,,878,119,6,False,False,False,15,3,1,False,0,False
d8740b7e0,,1538,238,14,True,False,False,38,9,1,True,0,False
d872b9bda,,2648,448,19,True,False,False,56,23,1,True,4,False
d8c11906e,,1779,263,8,False,False,False,6,1,1,False,0,False
d86a5053e,,1629,254,14,False,False,False,33,10,1,True,2,False
d878e1c06,,2233,381,20,True,False,False,89,24,1,True,2,False
d8688713a,,2357,393,14,True,False,False,44,14,1,True,0,False
d89b9aa36,,3421,558,27,True,False,False,46,18,1,True,2,False
d8d24b35a,,3543,665,45,True,False,False,286,4,1,True,0,False
d8c1a894e,,6960,1112,53,True,False,False,103,26,1,True,9,False
d8870b2fa,,1853,301,16,True,False,False,44,17,1,True,2,False
d8af973ae,,389,61,2,False,False,False,10,3,1,True,2,False
d8988f558,,4003,651,30,True,False,False,70,5,1,True,0,False
d8ddb68e8,,824,126,7,False,False,False,18,8,1,True,2,False
d8b3e3192,,6484,1089,42,True,False,False,142,16,1,True,7,False
d8630aae0,,1876,308,21,True,False,False,50,4,1,True,0,False
d8d4a9e30,,2944,470,28,True,False,False,32,12,1,True,0,False
d8cf7429e,,2876,559,23,True,False,False,112,24,1,True,15,False
d8e2b4b10,,1057,165,4,False,False,False,9,4,2,True,0,False
d8af8ab0e,,3192,559,33,True,False,False,112,18,1,True,1,False
d8c3131c6,,2393,385,18,True,False,False,29,11,1,True,1,False
d8a5c004c,,793,116,6,False,False,False,9,7,1,False,2,False
d8f6a8914,,2527,420,25,True,False,False,42,15,1,True,1,False
d8c05c0ea,,4096,757,31,True,False,False,113,12,1,True,7,False
d895ad09c,,4026,666,29,True,False,False,25,7,1,True,1,False
d87078858,,3102,509,25,True,False,False,116,9,1,True,16,False
d8c04e634,,495,101,8,True,False,False,21,3,1,True,6,False
d8e6d7e0e,,5206,777,38,False,False,False,29,6,1,True,0,False
d8794030a,,5884,1021,64,True,False,False,151,29,1,True,9,False
d8b710018,,600,97,3,False,False,False,5,4,1,False,1,False
d86f3d9fc,,17854,2875,123,True,False,False,301,55,1,True,11,False
d8e24338e,,4619,707,26,False,False,False,8,3,1,True,0,False
d8a28fbf2,,515,70,5,False,False,False,0,0,0,False,0,False
d8b6a56a0,,8012,1210,59,True,False,False,92,33,1,True,4,False
d89698772,,3397,532,25,True,False,False,39,16,1,True,2,False
d8a8234b0,,4953,866,36,True,False,False,135,33,1,True,16,False
d87abd99e,,3147,487,23,True,False,False,13,1,1,True,1,False
d8619f8cc,,908,127,4,False,False,False,18,5,1,True,0,False
d877c9cba,,2219,336,19,True,False,False,23,8,1,True,0,False
d8ee11d3c,,3459,516,25,True,False,False,88,19,1,True,12,False
d881a78a4,,468,68,3,False,False,False,0,0,0,False,0,False
d8875fef4,,1437,218,10,False,False,False,2,1,1,False,0,False
d8b5fc078,,1463,221,11,False,False,False,7,2,1,False,2,False
d8e3b3f0c,,3587,591,26,True,False,False,58,13,1,True,10,False
d8e77af28,,3364,532,24,True,False,False,48,10,1,True,0,False
d8d575e04,,3079,426,16,False,False,False,2,1,1,False,0,False
d8a3e18a2,,1003,163,8,False,False,False,22,12,1,True,0,False
d882b5fde,,1942,304,13,False,False,False,36,21,1,True,0,False
d8b71cc6e,,1924,341,25,True,False,False,150,9,1,True,4,False
d8b804eba,,4393,719,32,True,False,False,49,18,1,True,1,False
d8e18a4ba,,755,167,11,True,False,False,34,2,1,True,0,False
d8b8ed3d6,,5898,901,41,True,False,False,49,12,1,True,0,False
d87d2d792,,1526,237,11,True,False,False,27,10,1,True,0,False
d8efde0e8,,3693,693,46,True,False,False,228,18,1,True,0,False
d862f080c,,2066,345,17,True,False,False,30,10,1,True,2,False
d86b4c1a4,,3314,530,30,True,False,False,50,16,1,True,0,False
d8f65ba1a,,3207,579,27,True,False,False,131,19,1,True,32,False
d89c92c9a,,2731,622,36,True,False,False,175,12,1,True,0,False
d8db64928,,4411,976,68,True,False,False,395,6,1,True,20,False
d88038716,,1854,287,17,True,False,False,44,6,1,False,1,False
d87e0e904,,2915,507,26,True,False,False,77,10,1,True,0,False
d827ba5b2,,1396,258,17,True,False,False,96,9,1,True,0,True
d8799aa08,,3437,516,26,True,False,False,48,10,1,True,0,False
d8ef48f3e,,885,130,6,False,False,False,3,3,1,False,0,False
d85fa20c4,,514,90,8,True,False,False,34,3,1,True,0,False
d883a3b4e,,4976,977,56,True,False,False,205,30,1,False,0,False
d8d4904f8,,2831,446,20,False,False,False,31,10,1,True,0,False
d87397c14,,1786,328,21,True,False,False,38,5,1,True,0,False
d8dc9cc0a,,8360,1356,69,True,False,False,179,41,1,True,4,False
d8e1a7e52,,1319,225,9,True,False,False,29,8,1,True,0,False
d8e675b8c,,6335,966,29,True,False,False,15,1,1,True,2,False
d8e80f5f6,,2231,338,12,False,False,False,20,3,1,True,7,False
d8785f1f2,,1225,230,11,True,False,False,38,12,1,True,9,False
d8d17280c,,4882,904,61,True,False,False,248,17,1,True,2,False
d8f790a48,,435,91,7,True,False,False,19,4,1,True,0,False
d87d6c8c0,,3556,744,47,True,False,False,217,14,1,True,25,False
d8402ea26,,6983,1045,45,True,False,False,66,26,1,True,0,True
d8c313112,,2523,418,18,True,False,False,45,11,1,False,7,False
d8bec3c2e,,2509,351,14,False,False,False,0,0,0,False,0,False
d8d151fd0,,2324,361,15,True,False,False,54,14,1,True,1,False
d86e8e18c,,2646,407,13,False,False,False,1,0,0,False,0,False
d81251ff4,,746,133,9,True,False,False,31,4,1,True,0,False
d8b2035c0,,4990,919,49,True,False,False,226,28,1,True,6,False
d87f99436,,5215,810,36,True,False,False,40,12,1,True,3,False
d8c04e4d6,,3274,503,20,False,False,False,29,9,1,True,0,False
d8d1372e8,,1837,312,7,False,False,False,1,0,0,False,0,False
d879d762e,,6938,1111,59,True,False,False,64,6,1,True,1,False
d88fe4caa,,3289,494,19,False,False,False,38,23,1,True,4,False
d8c2c6e66,,977,151,7,False,False,False,5,1,1,False,2,False
d8af9db64,,3089,492,21,True,False,False,19,1,1,False,4,False
d8c9f27e4,,966,183,16,True,False,False,58,2,1,True,0,False
d897fc974,,246,54,8,True,False,False,14,5,1,True,0,False
d8366a102,,788,123,3,False,False,False,12,4,1,True,3,True
d85e93c96,,7911,1386,66,True,False,False,279,8,1,True,9,False
d82f20c66,,7475,1380,61,True,False,False,191,15,1,True,0,False
d8dacbcdc,,2842,434,16,False,False,False,57,15,1,True,17,False
d8c367424,,2639,436,21,True,False,False,70,15,1,True,0,False
d86e0de10,,1674,248,8,False,False,False,31,14,1,True,10,False
d8dd40e9a,,5301,889,42,True,False,False,103,32,1,True,15,False
d862b5a90,,2979,511,31,True,False,False,42,8,1,True,20,False
d8ea5b06c,,3760,644,33,True,False,False,89,25,1,True,11,False
d81da9ac8,,2775,526,30,True,False,True,94,15,1,True,7,False
d89a8e638,,9972,1825,90,True,False,False,401,40,1,True,10,False
d88928d12,,8654,1430,80,True,False,False,195,16,1,True,2,False
d83ac84ce,,2672,426,11,False,False,False,12,9,1,True,0,True
d86400d78,,5246,800,44,True,False,False,96,10,1,True,4,False
d888827be,,3752,678,28,True,False,False,98,15,2,True,0,False
d875d8a3c,,385,61,3,False,False,False,17,6,1,True,2,False
d887e68be,,6883,1083,45,True,False,False,80,24,1,True,11,False
d8aec2e88,,3169,471,18,True,False,False,72,18,1,True,0,False
d8f26f5dc,,2730,435,21,True,False,False,46,22,1,False,11,False
d8acdefb8,,414,64,3,False,False,False,8,2,1,False,0,False
d8c3581fe,,541,97,7,True,False,False,10,3,1,True,3,False
d873b5868,,932,189,10,True,False,False,74,2,1,True,0,False
d85ee07d0,,3598,568,36,True,False,False,18,3,1,False,11,False
d82223a9a,,2548,546,23,True,False,False,119,7,1,True,9,True
d8832960a,,3374,500,27,True,False,False,31,6,1,True,1,False
d8eabe0c2,,4904,834,42,True,False,False,165,43,1,True,0,False
d81a10218,,3610,558,28,True,False,False,26,4,1,True,0,False
d8204fcf0,,650,100,4,False,False,False,20,6,1,True,1,True
d8e1c130c,,3093,527,30,True,False,False,84,7,1,True,1,False
d8c8acc0e,,2491,397,15,True,False,False,61,13,1,True,2,False
d87b9bcbc,,5215,833,44,True,False,False,47,8,1,True,2,False
d8d624a62,,3464,673,39,True,False,False,232,5,1,True,0,False
d8c1a8a20,,1311,269,21,True,False,False,64,2,1,True,4,False
d89bcbec4,,3928,758,40,True,False,False,298,12,1,True,34,False
d8a06de96,,2245,580,36,True,False,False,87,9,1,True,19,False
d826da890,,6989,1173,56,True,False,False,143,27,1,True,25,False
d8dd13544,,2661,450,28,True,False,False,73,8,1,True,0,False
d8800fcd0,,3527,592,21,True,False,False,64,25,1,True,0,False
d86489984,,1115,192,8,False,False,False,11,5,1,False,0,False
d8ca63caa,,5619,899,34,True,False,False,97,26,1,True,0,False
d8ed4354a,,745,125,4,False,False,False,8,3,1,True,0,False
d889f777a,,1221,191,8,False,False,False,30,12,1,True,4,False
d8cc44998,,1108,168,8,False,False,False,6,3,1,False,0,False
d8734bddc,,1782,272,15,False,False,False,10,8,2,False,2,False
d866fc838,,3629,695,28,True,False,False,142,21,1,True,9,False
d8d3a9c4c,,799,116,5,False,False,False,0,0,0,False,0,False
d869dcc9c,,4201,653,24,True,False,False,86,21,2,True,2,False
d8ba90a9e,,3606,608,31,True,False,False,79,29,1,True,0,False
d8b55c172,,3292,550,21,True,False,False,48,14,2,True,3,False
d8c2f1120,,517,83,5,False,False,False,7,4,1,False,3,False
d8770a806,,2799,439,17,False,False,False,28,10,1,True,3,False
d8eeb9ca8,,2602,407,19,True,False,False,52,14,1,True,4,False
d8bbf2f0e,,365,51,4,False,False,False,0,0,0,False,0,False
d8b4149d6,,3224,492,15,False,False,False,35,12,1,True,0,False
d8cf13ad4,,3598,527,19,False,False,False,13,2,1,True,0,False
d889bcb8e,,3023,444,15,False,False,False,37,18,1,True,1,False
d8ef7026e,,2589,406,16,False,False,False,25,7,1,True,0,False
d8d5fef38,,2046,311,17,True,False,False,33,5,1,True,0,False
d8eaec896,,3652,740,37,True,False,False,132,22,1,True,31,False
d8a120ae6,,272,37,1,False,False,False,3,2,1,False,0,False
d8d609cc6,,5030,799,34,True,False,False,100,17,1,True,12,False
d8f49173e,,1363,224,9,False,False,False,21,10,2,True,5,False
d8eddb37c,,2015,315,13,False,False,False,55,13,1,True,0,False
d84845980,,1159,181,7,False,False,False,8,1,1,False,0,False
d8777ee18,,1702,298,18,True,False,False,46,12,1,True,19,False
d8afbdd9c,,2032,333,13,True,False,False,30,5,1,True,0,False
d87851be2,,2294,367,19,True,False,False,20,7,1,True,0,False
d8d6e5a96,,3047,477,26,True,False,False,61,17,1,True,3,False
d818fa748,,4041,647,35,True,False,False,74,10,1,True,0,True
d87d0422a,,1302,195,16,False,False,False,3,0,0,False,0,False
d8e92aeae,,302,52,2,False,False,False,7,3,1,True,0,False
d816bda66,,3765,578,20,False,False,False,33,11,1,True,0,True
d80f1990e,,1668,293,19,True,False,False,86,9,1,True,0,False
d837becce,,13887,2206,80,True,False,False,261,49,1,True,4,True
d89b8a406,,583,95,3,False,False,False,10,2,1,True,0,False
d897747c2,,1717,246,7,False,False,False,1,0,0,False,0,False
d848457a0,,2550,423,18,False,False,False,25,8,1,True,3,False
d8738a2bc,,1851,325,17,True,False,False,44,9,1,True,1,False
d8a27a7de,,747,129,10,True,False,False,33,4,1,True,1,False
d8b012860,,3635,559,27,False,False,False,13,4,1,True,0,False
d8e01a792,,990,183,17,True,False,False,42,3,1,True,0,False
d8f62a00a,,670,94,6,False,False,False,1,0,0,False,0,False
d82d8f082,,3753,568,27,True,False,False,29,9,1,True,11,False
d8f72f194,,1330,197,10,False,False,False,34,9,1,True,6,False
d86400e4a,,3688,604,23,True,False,False,67,25,1,True,2,False
d8cc84af2,,1571,235,7,False,False,False,4,3,1,False,0,False
d8e1087a8,,3476,630,32,True,False,False,121,18,1,True,47,False
d8d3a9c9c,,2779,427,18,False,False,False,17,8,1,True,1,False
d8e95de58,,2072,306,16,False,False,False,3,0,0,False,2,False
d8ad8a3ea,,97,14,1,False,False,False,0,0,0,False,0,False
d8888e17c,,5584,871,33,True,False,False,48,25,1,True,2,False
d8e0084de,,5394,842,39,True,False,False,85,16,1,True,0,False
d8de64e8e,,1688,292,18,True,False,False,17,17,1,False,0,False
d86a58cde,,5974,922,56,True,False,False,140,16,1,True,0,False
d8f2c16f2,,2414,402,18,True,False,False,23,10,1,True,0,False
d8733fffa,,1495,268,17,True,False,False,46,10,1,True,2,False
d8af4c246,,2520,433,22,True,False,False,40,12,1,True,0,False
d816429a6,,5833,999,44,True,False,False,90,26,2,True,0,False
d8ced75fc,,4121,635,24,True,False,False,36,12,1,True,0,False
d8d010900,,4046,642,34,True,False,False,127,27,1,False,2,False
d8e02c992,,523,88,6,True,False,False,13,4,1,True,1,False
d8a510a02,,1971,276,10,False,False,False,20,12,1,False,8,False
d8dde1eb2,,717,122,7,True,False,False,17,6,1,True,0,False
d892ba060,,1950,288,5,False,False,False,27,9,1,True,2,False
d8836be7e,,1179,203,11,True,False,False,26,7,1,True,10,False
d88a93256,,2020,280,12,False,False,False,4,3,1,False,0,False
d8f36ba76,,2349,393,24,True,False,False,69,12,1,True,4,False
d87a4d130,,581,91,3,False,False,False,8,3,1,True,0,False
d8e91ec12,,3791,708,33,True,False,False,177,25,1,True,4,False
d8cf4755a,,4426,662,27,False,False,False,19,10,1,True,0,False
d893095de,,1699,357,24,True,False,False,112,4,1,True,0,False
d831eae7e,,2688,429,19,True,False,False,46,4,1,True,6,False
d8889dd48,,2543,417,15,False,False,False,9,5,1,True,0,False
d882cca2c,,3586,601,29,True,False,False,58,7,1,True,1,False
d8f921718,,1697,262,15,False,False,False,27,16,1,True,0,False
d8f2c1940,,4893,909,42,True,False,False,149,16,1,True,0,False
d87097a6e,,1370,191,8,False,False,False,10,3,1,True,2,False
d8901847e,,7774,1343,64,True,False,False,89,16,1,True,9,False
d89f703e0,,4246,737,35,True,False,False,326,40,1,True,0,False
d8de22458,,3009,474,18,False,False,False,20,8,1,True,0,False
d889d9d6a,,3676,522,24,True,False,False,31,4,1,True,0,False
d8b6dda46,,3407,551,25,True,False,False,41,11,1,True,0,False
d8ea98408,,3411,523,18,False,False,False,20,8,1,True,0,False
d8872d562,,8044,1286,64,True,False,False,150,41,1,True,10,False
d89e64708,,739,112,5,False,False,False,7,2,1,True,0,False
d894cfd46,,2737,458,23,True,False,False,59,9,1,True,9,False
d8eaff504,,869,127,6,False,False,False,13,6,1,False,0,False
d8200a88a,,824,113,6,False,False,False,7,4,1,True,0,True
d8e06a1c0,,3273,513,24,True,False,False,28,7,1,True,9,False
d8d6e5b22,,2707,514,32,True,False,False,128,10,1,True,25,False
d8b308dda,,4568,672,38,False,False,False,13,4,1,True,0,False
d8a3d474c,,606,121,10,True,False,False,15,4,1,True,0,False
d82d2c842,,732,122,5,False,False,False,8,2,1,True,0,True
d85e0b4cc,,2990,502,22,True,False,False,72,23,1,True,9,False
d85db9d48,,4181,669,41,True,False,False,35,6,1,True,2,False
d8b82776c,,554,84,5,False,False,False,0,0,0,False,0,False
d8d3e0f58,,5285,845,31,True,False,False,73,23,2,True,2,False
d8d97be9a,,1996,350,23,True,False,False,71,7,1,True,0,False
d8e79b6ba,,1901,275,13,False,False,True,17,0,0,True,0,False
d8996d8a8,,3579,571,28,True,False,False,47,8,1,True,1,False
d8c7c04ee,,3094,510,25,True,False,False,47,21,1,True,3,False
d8e3740fa,,2517,404,25,True,False,False,72,8,2,True,7,False
d89c28692,,1155,212,12,True,False,False,25,6,1,False,18,False
d861f419c,,670,114,10,True,False,False,34,5,1,True,0,False
d88423fc4,,683,111,5,False,False,False,19,8,1,True,2,False
d8204fdae,,3382,533,15,False,False,False,47,11,1,True,7,True
d87b64212,,173,28,1,False,False,False,5,2,1,True,0,False
d8204fbba,,1300,208,6,False,False,False,33,6,1,True,2,True
d86b3c4de,,2208,372,17,True,False,False,99,26,1,True,0,False
d81f21f40,,4307,751,38,True,False,False,92,9,1,True,4,False
d8e361acc,,3435,520,22,False,False,False,17,6,1,True,0,False
d8663bff2,,797,115,5,False,False,False,5,2,1,False,1,False
d86d1634a,,2029,329,7,False,False,False,29,10,1,True,0,False
d862151a8,,3103,470,18,False,False,False,14,6,1,False,0,False
d8aa5184a,,4940,844,50,True,False,False,128,10,1,True,12,False
d8bfb3350,,8716,1585,78,True,False,False,307,10,1,True,7,False
d819d2562,,440,74,5,False,False,False,16,11,1,True,2,False
d8a0bcf78,,4947,733,39,True,False,False,45,8,1,True,0,False
d8b4b048a,,1140,188,8,False,False,False,8,2,1,True,2,False
d83b9f596,,6824,1080,38,True,False,False,100,1,1,True,1,True
d8e7fb966,,2334,370,19,False,False,False,3,0,0,False,0,False
d80ee26ca,,3092,525,25,True,False,False,63,29,2,True,0,True
d8d0e7b30,,4033,587,29,True,False,False,15,5,1,True,2,False
d81d4e114,,2380,356,16,False,False,False,13,4,1,True,2,True
d8b0c0c76,,31,5,1,False,False,False,1,0,0,False,0,False
d81d04eb0,,1380,211,10,False,False,False,19,15,1,True,0,True
d86d9fd70,,1296,215,9,False,False,False,28,10,1,True,5,False
d815b4fd4,,3638,600,26,True,False,False,60,21,1,True,0,True
d8b55c0b4,,3831,623,27,True,False,False,59,23,1,True,0,False
d876df066,,6739,1260,62,True,False,False,306,25,1,True,38,False
d8968df5c,,2030,322,20,True,False,False,26,2,2,False,2,False
d87bfc968,,2201,364,18,True,False,False,17,7,1,True,0,False
d8dc49730,,3453,610,27,True,False,False,77,23,1,True,2,False
d8b865a3a,,1298,210,11,True,False,False,29,5,1,True,0,False
d8ed6da16,,1812,290,8,False,False,False,44,20,1,True,6,False
d87d4ce08,,2068,310,12,False,False,False,21,4,1,True,0,False
d889a7edc,,1427,261,18,True,False,False,78,4,1,True,0,False
d8de10c76,,1508,266,15,True,False,False,52,12,1,True,0,False
d8ddaa322,,3486,670,42,True,False,False,154,5,1,True,6,False
d87c72096,,4621,741,36,True,False,False,53,4,1,True,0,False
d86bdf8d2,,4740,943,53,True,False,False,337,28,1,True,0,False
d8cf598cc,,3590,726,35,True,False,False,180,9,1,True,1,False
d8e817ddc,,2108,376,22,True,False,False,108,9,1,True,0,False
d8727f00c,,2343,345,14,False,False,False,4,2,1,True,0,False
d8373b068,,3574,607,32,True,False,False,65,19,2,True,0,True
d86a90094,,2048,323,16,False,False,False,6,0,0,False,0,False
d82a10302,,4209,708,32,True,False,False,117,22,1,True,5,True
d83c8adf2,,1712,308,17,True,False,False,98,2,1,True,0,False
d86f6bc1c,,6774,998,49,True,False,False,39,11,1,True,15,False
d8ece1d0e,,2258,372,19,True,False,False,77,15,1,True,0,False
d8239fb62,,5255,807,32,True,False,False,54,14,1,True,17,True
d8f8aa938,,1310,212,12,True,False,False,45,11,1,True,0,False
d8bae50da,,2087,311,12,False,False,False,21,8,1,True,0,False
d8c854702,,678,118,9,True,False,False,34,6,1,True,0,False
d8685be2c,,1872,293,12,False,False,False,10,5,1,True,0,False
d8913760c,,925,152,10,True,False,False,18,1,1,True,0,False
d88e03f3a,,22,2,1,False,False,False,0,0,0,False,0,False
d8e008466,,3941,748,34,True,False,False,119,9,1,True,0,False
d81da9870,,1542,289,13,True,False,True,40,1,1,True,14,False
d8c5e03c2,,3055,486,14,True,False,False,111,22,1,True,8,False
d8a925ad4,,1063,170,9,True,False,False,38,3,1,True,0,False
d8a02a236,,5265,829,30,True,False,False,58,18,2,True,0,False
d8662405a,,11787,1941,109,True,False,False,264,50,2,True,7,False
d869b4e18,,1582,245,8,False,False,False,9,4,1,True,1,False
d881f9ffa,,1489,262,17,True,False,False,44,10,1,True,1,False
d8b78e986,,3226,520,21,True,False,False,79,23,1,True,0,False
d887600fc,,812,119,5,False,False,False,8,2,1,True,0,False
d8733fec4,,3391,522,15,False,False,False,22,3,1,False,0,False
d8629a8ee,,1647,245,9,False,False,False,22,9,1,True,0,False
d894cfda0,,1372,282,20,True,False,False,65,10,1,True,4,False
d89f409d8,,2870,472,16,True,False,False,62,17,1,True,0,False
d863f4f14,,2557,443,21,True,False,False,62,15,2,True,2,False
d89a46a72,,53,8,1,False,False,False,0,0,0,False,0,False
d86261ee0,,4187,853,45,True,False,False,328,13,1,True,5,False
d8a971d9e,,7577,1219,56,True,False,False,154,33,1,True,9,False
d81a4d42e,,1055,160,6,False,False,False,5,3,1,True,0,True
d8b47796e,,635,96,3,False,False,False,13,3,1,True,0,False
d89f12efc,,2585,386,16,False,False,False,23,7,1,True,4,False
d87a1dd2c,,370,68,3,False,False,False,4,1,1,True,0,False
d85f42ef8,,861,155,11,True,False,False,46,6,1,True,7,False
d8f73dde8,,4955,770,36,True,False,False,61,13,1,True,0,False
d87b2245c,,2687,400,9,False,False,False,15,13,1,True,0,False
d8823b2f2,,2514,422,19,True,False,False,85,18,1,True,25,False
d8d000c76,,1291,254,19,True,False,False,68,2,1,True,5,False
d87e6c018,,3293,516,23,True,False,False,71,18,1,True,1,False
d8bfcce18,,3615,592,30,True,False,False,83,7,1,True,1,False
d80ef6c6a,,2416,368,16,False,False,False,19,4,1,True,2,False
d812de5d0,,1294,185,8,False,False,False,5,1,1,True,0,True
d811282cc,,842,228,17,True,False,False,79,0,0,False,0,True
d86fcfe9c,,3529,549,24,False,False,False,19,6,1,True,1,False
d862872d0,,2014,326,13,True,False,False,26,12,1,True,4,False
d834276b0,,5744,944,39,True,False,False,37,17,2,True,0,True
d87da9c52,,2738,422,18,True,False,False,28,5,1,True,7,False
d8f286e62,,7048,1146,71,True,False,False,162,47,1,True,8,False
d8202fd42,,2896,503,26,True,False,False,96,8,1,True,6,True
d88df2b72,,2492,373,16,False,False,False,25,5,1,True,2,False
d892b06be,,1879,305,10,True,False,False,9,2,1,True,0,False
d8a7306de,,9968,1690,64,True,False,False,285,35,1,True,21,False
d8e33ae36,,2122,325,12,False,False,False,3,1,1,False,0,False
d8eda64ec,,4031,689,29,True,False,False,102,11,1,True,6,False
d88d9ab7a,,3157,534,25,True,False,False,38,4,1,True,0,False
d8f29f976,,4268,660,30,True,False,False,36,13,1,True,9,False
d8dbe59d8,,481,77,5,False,False,False,21,7,1,True,0,False
d88453ad0,,4571,734,36,True,False,False,74,11,1,True,5,False
d8ee840ee,,5314,810,23,False,False,False,86,39,1,True,0,False
d8b70feb0,,513,84,3,False,False,False,8,3,1,True,1,False
d8c9cf898,,1061,203,13,True,False,False,43,9,1,True,0,False
d815cd0fc,,3581,574,30,True,False,False,43,12,2,True,1,True
d88e2877c,,5320,806,29,False,False,False,46,21,1,True,0,False
d8cb39eea,,808,139,9,True,False,False,20,5,1,True,9,False
d883189ae,,7263,1152,60,True,False,False,135,33,1,True,15,False
d867a36ba,,3084,623,38,True,False,False,143,14,1,True,0,False
d8c9b08d0,,1360,207,13,False,False,False,15,7,1,True,0,False
d8ce14386,,3054,446,16,False,False,False,11,2,1,True,0,False
d885b6472,,4370,717,36,True,False,False,85,14,1,True,14,False
d8a4e6374,,2571,356,19,False,False,False,10,6,1,False,0,False
d897bc7ca,,3287,519,30,True,False,False,25,5,1,True,0,False
d8b8b1dc2,,6461,999,47,True,False,False,79,15,1,True,1,False
d8aba7460,,1073,175,7,False,False,False,28,18,1,True,0,False
d88877580,,3991,685,43,True,False,False,180,13,1,True,4,False
d8d5dd810,,3021,469,18,False,False,False,20,11,1,True,0,False
d834c5072,,713,107,4,False,False,False,6,2,1,False,1,True
d8a85436c,,1757,302,14,True,False,False,40,0,0,True,0,False
d86731bf0,,5426,869,37,True,False,False,37,5,1,True,7,False
d8c37cc48,,729,135,4,False,False,False,7,1,1,True,0,False
d8870b3cc,,5140,837,47,True,False,False,161,52,1,True,1,False
d8f7b6e82,,5322,821,38,True,False,False,35,8,1,True,10,False
d810fb4f2,,3686,864,51,True,False,False,263,13,1,True,35,False
d8b5a192a,,3299,528,26,True,False,False,43,10,1,True,5,False
d8a0bcf0a,,1133,173,14,True,False,False,33,1,1,True,2,False
d895ff3b0,,1332,253,10,True,False,False,55,27,1,True,8,False
d8c6f4178,,5100,839,37,True,False,False,120,9,1,True,0,False
d86a874d0,,2895,432,20,False,False,False,12,7,1,False,0,False
d8bfe61e2,,3879,617,41,True,False,False,88,21,1,True,5,False
d8805f0d2,,3212,502,33,True,False,False,54,10,1,True,13,False
d88dcb7de,,929,141,7,False,False,False,11,3,2,False,0,False
d873acbf0,,3719,595,27,True,False,False,81,23,2,True,7,False
d86400cb0,,2421,378,12,False,False,False,16,8,1,True,0,False
d86edff8c,,8167,1323,61,True,False,False,186,33,1,True,13,False
d8d27b30c,,3163,463,19,False,False,False,21,9,1,True,2,False
d8e3eb88a,,6777,1078,41,True,False,False,118,35,1,True,17,False
d8bf0d5fe,,1758,293,13,True,False,False,38,8,1,True,0,False
d8200a7ae,,493,79,3,False,False,False,1,0,0,False,0,True
d824b7e00,,1703,282,16,True,False,False,66,13,1,True,4,True
d87d41882,,714,107,4,False,False,False,0,0,0,False,0,False
d81d4e1fa,,580,92,4,False,False,False,2,1,1,False,0,True
d883cac4e,,2081,350,19,True,False,False,82,9,1,True,0,False
d8805f050,,1768,292,14,True,False,False,20,4,1,False,8,False
d88916be4,,126,18,3,False,False,False,3,0,0,False,0,False
d8f415a76,,1629,247,10,False,False,False,0,0,0,False,0,False
d8f6b5aba,,3829,608,26,True,False,False,47,12,1,True,0,False
d8d91e3f8,,3404,510,25,True,False,False,60,5,1,True,6,False
d87f3c4ca,,2043,305,10,False,False,False,12,4,1,True,1,False
d8871db08,,11993,2009,89,True,False,False,282,82,1,True,7,False
d811144b6,,4273,637,23,False,False,False,17,9,2,True,0,False
d83b5a13a,,128,21,1,False,False,False,3,1,1,True,0,True
d8366a292,,2157,412,27,True,False,False,91,5,2,True,26,True
d86bb7288,,2189,373,18,True,False,False,76,10,1,True,0,False
d85efc944,,1157,254,17,True,False,False,88,2,1,True,6,False
d8e84aa66,,1396,307,17,True,False,False,87,5,1,True,0,False
d8c07e38e,,2453,355,13,False,False,False,7,4,1,True,0,False
d8a5108a4,,2596,489,29,True,False,False,110,9,1,True,0,False
d8dc39f74,,3399,517,22,False,False,False,21,12,1,True,0,False
d8c408374,,6827,1092,41,True,False,False,100,19,1,True,0,False
d8b05412a,,2882,435,18,False,False,False,4,0,0,False,0,False
d8e7d76a6,,1266,210,7,False,False,False,13,3,1,True,3,False
d827f3cd6,,763,103,6,False,False,False,6,1,1,True,0,True
d874450e4,,2036,313,11,False,False,False,36,16,1,True,0,False
d8a87830c,,4632,745,39,True,False,False,87,18,1,True,0,False
d8e3bfd0c,,2939,458,21,True,False,False,44,7,1,True,0,False
d870c57ca,,2013,320,13,True,False,False,37,18,1,False,14,False
d8ec03dec,,2368,409,16,True,False,False,54,30,1,True,2,False
d86887176,,1093,185,12,True,False,False,25,6,1,True,3,False
d8cef8324,,7842,1349,74,True,False,False,227,22,1,True,11,False
d8b4b947c,,7498,1165,56,True,False,False,87,22,2,True,13,False
d88a710a2,,3959,795,35,True,False,False,211,11,1,True,0,False
d8b024920,,1699,367,18,True,False,False,53,3,1,True,0,False
d8b024ad8,,1471,235,12,False,False,False,30,10,1,True,0,False
d8d914ab0,,3380,543,18,False,False,False,56,24,1,True,5,False
d86b2f7de,,1842,283,12,False,False,False,20,10,1,True,0,False
d81392e5e,,3747,608,25,True,False,False,47,11,1,True,1,True
d864b4ef4,,3765,596,28,True,False,False,90,9,1,True,0,False
d8ed4327a,,1480,232,9,False,False,False,3,1,1,True,0,False
d8bbd0454,,6684,983,40,True,False,False,93,17,1,True,18,False
d88212b04,,1108,178,13,True,False,False,23,2,1,True,0,False
d860bbe56,,3213,542,31,True,False,False,69,16,1,True,0,False
d8186bf20,,4107,684,30,True,False,False,93,18,1,True,20,True
d8c85478e,,1388,294,23,True,False,False,111,4,1,True,0,False
d855e72b4,,2014,294,12,False,False,False,0,0,0,False,0,True
d8bba365c,,3958,611,24,True,False,False,61,17,1,True,1,False
d812433b4,,3496,530,24,False,False,False,21,4,1,True,3,True
d8d33fbf8,,2483,408,16,False,False,False,35,26,2,False,0,False
d8daf9d3a,,8287,1251,48,True,False,False,60,12,1,True,13,False
d893bfb72,,3548,540,21,True,False,False,25,4,1,True,0,False
d855e74b2,,2243,393,24,True,False,False,50,9,1,True,23,True
d8e83c600,,1550,335,17,True,False,False,119,1,1,True,6,False
d876c84d8,,5035,772,36,True,False,False,31,11,1,True,0,False
d8b804f00,,1497,226,8,False,False,False,9,4,1,False,2,False
d8de7eea6,,5050,756,32,True,False,False,51,10,1,True,20,False
d8c803e88,,1673,283,13,True,False,False,60,7,1,True,0,False
d8d1db0e6,,743,108,7,False,False,False,1,0,0,False,0,False
d8af97340,,2178,312,16,False,False,False,14,3,1,True,6,False
d87ceade8,,1733,285,13,True,False,False,31,4,1,True,0,False
d8ad4c3b0,,1340,219,5,False,False,False,11,4,1,True,0,False
d8a78939c,,3882,674,32,True,False,False,83,35,1,True,0,False
d8cf4742e,,4074,647,28,True,False,False,28,5,1,True,9,False
d8a67f3e8,,5379,808,33,True,False,False,102,28,1,True,17,False
d8cfb213e,,2649,404,16,False,False,False,14,6,1,False,0,False
d8f0b4eb8,,3287,575,34,True,False,False,54,13,1,True,6,False
d8e98cdac,,1436,203,7,False,False,False,11,6,1,True,2,False
d8d3d3362,,1994,325,21,True,False,False,50,17,1,True,4,False
d838e414e,,6839,1160,53,True,False,False,64,14,1,True,0,True
d8b7284e2,,2946,457,22,True,False,False,43,11,1,True,0,False
d87e976c8,,3536,613,33,True,False,False,115,11,1,True,0,False
d8b805004,,3351,567,27,True,False,False,79,9,1,True,22,False
d8d575da0,,3515,525,18,False,False,False,28,14,2,True,0,False
d828a5b34,,4961,736,32,True,False,False,73,19,1,True,0,True
d8df513ba,,7061,1268,51,True,False,False,122,21,1,True,5,False
d88212aa0,,7008,1271,61,True,False,False,246,7,1,True,2,False
d8e487abe,,1474,233,6,False,False,False,3,2,1,False,0,False
d85f42dcc,,780,194,13,True,False,False,57,6,1,False,0,False
d8d914bfa,,1460,255,16,True,False,False,36,7,2,True,0,False
d8a64b87c,,1256,205,9,True,False,False,20,6,1,False,0,False
d8c06ca94,,2081,333,22,True,False,False,22,2,1,True,0,False
d8abb3378,,4208,766,46,True,False,False,171,18,1,True,9,False
d8ad6587e,,1860,338,19,True,False,False,38,12,1,False,0,False
d899ac53a,,15019,2579,123,True,False,False,522,41,1,True,3,False
d89dc2642,,3726,639,22,True,False,False,100,18,1,True,21,False
d8ecea224,,6578,1112,50,True,False,False,129,38,2,True,14,False
d8973c3a4,,3946,595,26,True,False,False,23,9,1,True,6,False
d8a00cd80,,5759,1049,52,True,False,False,303,8,1,True,9,False
d8ab7eb1e,,3568,558,27,True,False,False,92,19,1,True,1,False
d87567152,,7026,1236,59,True,False,False,174,31,1,True,48,False
d8738a258,,3161,489,19,False,False,False,32,22,1,True,5,False
d8200a83a,,641,96,5,False,False,False,13,6,1,True,0,True
d88ee0c28,,730,166,13,True,False,False,38,4,1,True,0,False
d8c72d13a,,6832,1056,44,False,False,False,101,45,1,True,16,False
d8953e1ce,,1232,194,8,False,False,False,13,8,1,True,0,False
d892b9ff2,,1344,203,5,False,False,False,15,8,1,True,1,False
d8bc5c3be,,3625,573,33,True,False,False,26,4,1,True,0,False
d87e4caa6,,2263,360,15,True,False,False,44,15,1,True,3,False
d8f303fac,,2163,337,14,False,False,False,8,3,1,True,1,False
d8cd34966,,608,132,10,True,False,False,52,6,1,False,15,False
d8b65731a,,2784,414,10,False,False,False,3,2,1,False,0,False
d896ed664,,4320,687,34,True,False,False,99,10,1,True,0,False
d879f659c,,8577,1391,58,True,False,False,151,40,1,True,6,False
d89774704,,1570,286,17,True,False,False,50,3,1,True,0,False
d863221ae,,4399,688,34,True,False,False,56,20,2,True,2,False
d87a1dbf6,,2326,343,11,False,False,False,25,17,1,False,0,False
d8994804e,,2759,476,27,True,False,False,90,24,1,True,2,False
d871515fe,,2254,353,16,True,False,False,30,13,1,True,2,False
d8b96327a,,3354,576,30,True,False,False,91,25,1,True,7,False
d82a64eb6,,1037,159,5,False,False,False,11,5,1,True,0,False
d8ed433ec,,729,109,5,False,False,False,0,0,0,False,0,False
d8d0e7bbc,,1051,194,12,True,False,False,27,7,1,True,0,False
d8d8da31a,,1372,265,12,True,False,False,100,3,1,True,0,False
d89007cf0,,3292,498,25,False,False,False,29,4,1,True,1,False
d8c9a7816,,3620,605,26,True,False,False,68,20,2,True,1,False
d8e757eba,,4093,644,41,True,False,False,38,30,1,False,0,False
d8c05bf0a,,2799,455,24,True,False,False,34,12,2,True,4,False
d8a0a31cc,,6161,993,32,True,False,False,106,17,1,True,23,False
d8912badc,,4416,672,32,True,False,False,94,14,1,False,6,False
d81d04d0c,,1281,207,6,False,False,False,10,10,1,False,0,True
d81f2e754,,1547,231,10,False,False,False,14,2,1,False,0,True
d8cc341ba,,1647,248,14,False,False,False,3,0,0,False,1,False
d89b1ac78,,2354,383,18,True,False,False,24,8,1,True,10,False
d8b42c1b2,,2134,469,33,True,False,False,247,3,1,True,3,False
d899b6346,,2761,465,22,True,False,False,76,15,1,True,6,False
d827745bc,,6247,1118,60,True,False,False,159,18,1,True,26,False
d8953e034,,1144,174,7,False,False,False,8,4,1,True,0,False
d870686f6,,1622,265,14,True,False,False,65,7,1,True,24,False
d8bc5c210,,4275,667,36,True,False,False,43,6,1,True,0,False
d8ae62510,,2872,441,14,False,False,False,51,18,1,True,1,False
d89504c4e,,4445,660,31,False,False,False,35,17,1,True,5,False
d8d0597fe,,1073,170,5,False,False,False,1,0,0,False,1,False
d8792ecf4,,2202,414,19,True,False,False,64,8,1,True,0,False
d8c5fafd8,,3810,629,30,True,False,False,61,5,1,True,4,False
d8b54687c,,454,68,3,False,False,False,3,1,1,False,0,False
d8a9cb362,,4168,668,33,True,False,False,48,9,1,True,0,False
d8ad978e2,,4973,821,43,True,False,False,161,43,1,True,9,False
d8c59d644,,3392,534,23,True,False,False,35,9,1,True,8,False
d8f44f712,,1755,312,14,True,False,False,45,5,1,False,0,False
d868c16fa,,1808,286,25,True,False,False,22,4,1,False,0,False
d8967829c,,885,143,4,False,False,False,0,0,0,False,0,False
d8e8e3806,,6248,1055,51,True,False,False,73,16,1,True,20,False
d8ee5452e,,2582,537,22,True,False,False,57,11,1,True,0,False
d89197fa2,,2556,419,18,False,False,False,37,17,1,True,5,False
d873038f2,,887,171,11,True,False,False,56,4,1,False,2,False
d8e3a8ff8,,1128,249,16,True,False,False,86,1,1,True,6,False
d8e2e8992,,1410,220,6,False,False,False,12,6,1,True,2,False
d883e6d40,,2945,470,18,True,False,False,45,9,1,True,0,False
d884f241e,,728,138,9,True,False,False,48,1,1,True,0,False
d89f8692e,,1092,201,12,True,False,False,29,3,1,True,0,False
d81642b9a,,11445,1985,78,True,False,False,231,78,1,True,0,False
d8f68a3ec,,1182,220,15,True,False,False,38,11,1,True,4,False
d8d96049c,,3796,598,27,True,False,False,38,9,1,True,0,False
d8d9ffb1e,,868,121,7,False,False,False,4,1,1,True,0,False
d885112f6,,1826,256,14,False,False,False,6,1,1,True,0,False
d8b37872a,,3602,562,23,False,False,False,15,11,1,False,1,False
d8855e100,,3877,586,31,True,False,False,29,9,1,True,0,False
d82729cb0,,3453,515,22,True,False,False,23,7,1,True,0,True
d87a5ccca,,294,49,3,False,False,False,9,6,1,True,0,False
d87e41c6e,,6476,1031,47,True,False,False,118,39,1,True,10,False
d8cc1611a,,3638,606,33,True,False,False,59,8,1,False,3,False
d8bc26e4e,,477,66,2,False,False,False,5,0,0,True,0,False
d886aa4aa,,2404,413,15,True,False,False,46,12,1,True,9,False
d8847cee4,,7467,1212,58,True,False,False,113,26,1,True,13,False
d8ee83f86,,1345,219,13,True,False,False,16,6,1,True,0,False
d8b14ccd0,,1634,265,14,True,False,False,39,11,1,True,0,False
d8f2c17b0,,1819,240,7,False,False,False,4,1,1,False,0,False
d87851de0,,911,130,5,False,False,False,5,3,1,False,0,False
d8da8a282,,1133,193,11,True,False,False,19,4,1,True,0,False
d8d1db0a0,,488,69,5,False,False,False,3,2,1,False,0,False
d89eb89c0,,946,138,6,False,False,False,3,2,1,False,0,False
d8b477c2a,,2520,377,21,False,False,False,44,20,1,True,0,False
d8d5115d0,,3362,513,19,True,False,False,47,8,1,True,0,False
d8ec130bc,,3621,589,36,True,False,False,93,14,1,True,0,False
d8187d720,,1639,252,15,True,False,False,22,14,1,True,0,True
d86d16426,,5176,859,40,True,False,False,92,27,1,True,9,False
d8dc238dc,,2413,479,23,True,False,False,136,5,1,True,2,False
d8da9f952,,2408,358,14,False,False,False,21,8,1,True,1,False
d8a6e6f20,,2063,334,10,False,False,False,16,6,1,True,0,False
d814d931c,,6028,884,41,True,False,False,29,9,1,True,4,True
d8d42a842,,1595,271,19,True,False,False,47,30,1,False,0,False
d8b642d3e,,4289,706,38,True,False,False,88,21,1,True,19,False
d8a4637b2,,702,129,11,True,False,False,18,7,1,True,1,False
d8f287038,,1562,295,24,True,False,False,75,3,1,True,3,False
d871f3430,,3012,510,23,True,False,False,41,11,1,True,2,False
d8dfb974e,,646,138,10,True,False,False,58,0,0,True,0,False
d8b3fe5aa,,2164,329,16,False,False,False,9,2,1,True,2,False
d89cd4b4a,,3088,514,23,True,False,False,140,23,1,True,1,False
d8dcf0c6a,,633,106,6,False,False,False,10,4,1,True,2,False
d8988f5c6,,3080,512,25,True,False,False,44,19,1,True,0,False
d88c1f0f2,,1931,305,14,True,False,False,23,4,1,True,0,False
d878b7f78,,2784,509,25,True,False,False,128,8,1,True,0,False
d893a2342,,310,46,1,False,False,False,4,2,1,False,0,False
d893a24aa,,540,82,3,False,False,False,5,2,1,False,0,False
d8c3675be,,3171,571,27,True,False,False,109,9,1,True,0,False
d8157dce6,,2108,433,18,True,False,False,96,6,1,True,40,True
d8a8badc4,,2885,577,24,True,False,False,171,8,1,True,10,False
d8b66f50a,,4587,705,22,False,False,False,72,31,1,True,1,False
d8bdb7308,,408,65,4,False,False,False,5,3,1,True,0,False
d87b0fce4,,5867,906,54,True,False,False,76,24,1,True,8,False
d8f5be9a4,,1813,291,11,False,False,False,20,5,2,True,0,False
d8e3a8fc6,,3837,600,25,True,False,False,70,9,1,True,0,False
d885c4388,,1658,257,15,False,False,False,31,13,1,False,7,False
d8f8d6826,,4320,653,27,True,False,False,29,5,1,True,5,False
d8ed43194,,1571,246,10,False,False,False,6,3,1,True,0,False
d8159e3d8,,173,28,1,False,False,False,0,0,0,False,0,False
d8bf4f26a,,7025,1099,44,True,False,False,39,17,2,True,0,False
d8ce91f48,,3181,537,24,True,False,False,52,13,1,True,5,False
d887d2c38,,776,150,10,True,False,False,21,5,1,True,0,False
d87d57a38,,3170,513,15,True,False,False,73,15,1,True,10,False
d88ffb61c,,3270,498,19,False,False,False,35,15,1,True,0,False
d879032b6,,3586,755,45,True,False,False,215,26,1,True,2,False
d8d2243fe,,2799,442,17,False,False,False,16,6,1,True,0,False
d867fd534,,11466,1839,77,True,False,False,255,61,2,True,26,False
d88e286d2,,4317,717,48,True,False,False,85,31,1,True,0,False
d87dc67c6,,3571,559,15,False,False,False,19,5,1,True,0,False
d8ca548e0,,3474,542,28,True,False,False,66,20,1,True,0,False
d8a27a608,,3075,505,21,False,False,False,55,29,1,True,4,False
d8b308e5c,,613,95,3,False,False,False,3,1,1,False,0,False
d87adb110,,8815,1365,62,True,False,False,104,46,1,True,6,False
d8ae6229a,,420,62,4,False,False,False,3,0,0,False,0,False
d8a5a332a,,1343,223,15,True,False,False,34,10,1,True,0,False
d86481ca2,,4914,780,37,True,False,False,100,51,1,True,0,False
d89e1e67c,,1322,207,8,False,False,False,0,0,0,False,0,False
d8cdc737e,,2789,471,24,True,False,False,56,14,1,True,2,False
d8a67f46a,,4639,702,29,True,False,False,61,15,1,True,0,False
d8c7d29a0,,2398,340,18,False,False,False,2,0,0,False,1,False
d81447a3e,,1925,307,20,True,False,False,39,7,1,True,0,True
d85e206ec,,1633,255,17,False,False,False,49,8,1,True,0,False
d8cf040ac,,4242,661,34,True,False,False,36,5,1,True,0,False
d888ccc7e,,400,59,3,False,False,False,6,2,1,False,0,False
d89477dda,,12465,2152,98,True,False,False,256,26,1,True,33,False
d8a894c3c,,4068,846,54,True,False,False,331,5,1,True,0,False
d8a266d88,,722,141,10,True,False,False,18,0,0,True,7,False
d85f4a54a,,1267,200,8,True,False,False,32,4,1,True,0,False
d871192b2,,1282,289,16,True,False,False,81,13,2,True,0,False
d8ae2db80,,7002,1119,43,True,False,False,96,29,1,True,7,False
d81661694,,3680,639,34,True,False,False,102,35,2,True,3,False
d8b0d167a,,768,149,13,True,False,False,53,3,1,True,0,False
d8e18a46a,,1197,240,13,True,False,False,54,1,1,True,1,False
d8ae49902,,354,56,3,False,False,False,5,2,1,True,0,False
d88283f66,,5368,850,36,True,False,False,104,27,1,True,0,False
d8a149a40,,2455,379,16,False,False,False,0,0,0,False,0,False
d88ef2680,,4420,716,30,True,False,False,75,9,1,True,0,False
d8acdf0d0,,875,139,5,False,False,False,4,2,1,True,0,False
d8a597b2e,,4324,728,27,True,False,False,87,21,1,True,19,False
d8e95ddc2,,2618,420,16,False,False,False,27,8,1,False,2,False
d87f7b5e4,,8726,1397,62,True,False,False,135,22,1,True,2,False
d831eaf0a,,3415,593,37,True,False,False,194,17,1,True,0,False
d8eaff5c2,,3226,580,30,True,False,False,129,19,1,True,32,False
d85e5ed84,,736,119,6,False,False,False,5,4,1,True,0,False
d82d2c978,,4448,724,40,True,False,False,134,2,1,True,0,True
d8b369f90,,2108,411,23,True,False,False,106,8,1,True,0,False
d82ba7260,,1822,304,14,True,False,False,51,7,1,True,0,True
d8c3d35d4,,1407,214,10,False,False,False,12,6,1,True,4,False
d893094c6,,2340,389,17,True,False,False,27,9,1,True,6,False
d87b640e6,,1119,179,7,False,False,False,4,1,1,True,0,False
d8df83a9a,,2657,460,26,True,False,False,49,8,1,True,0,False
d85fde04c,,667,103,10,True,False,False,8,2,1,True,0,False
d88d47cfe,,1173,212,13,True,False,False,43,4,1,True,3,False
d8b4e96a4,,1577,269,17,True,False,False,67,7,1,True,2,False
d8eaec774,,2546,410,25,True,False,False,26,14,2,True,0,False
d8ba5aa20,,447,69,2,False,False,False,0,0,0,False,0,False
d8f66c680,,2253,361,12,False,False,False,43,15,1,True,7,False
d87821a1e,,391,64,2,False,False,False,7,5,1,True,0,False
d89504b2c,,784,162,9,True,False,False,96,8,1,True,0,False
d8967830a,,1307,196,8,False,False,False,3,2,1,False,0,False
d89efb82e,,4134,652,31,True,False,False,70,28,1,True,8,False
d8bba3774,,8953,1456,73,True,False,False,219,33,2,True,0,False
d8e3d6ade,,3938,640,30,True,False,False,69,30,1,True,0,False
d89d47a96,,7528,1283,66,True,False,False,217,16,2,True,5,False
d85f42ebc,,1730,241,10,False,False,False,1,0,0,False,0,False
d81e7a466,,2799,463,23,True,False,False,69,8,1,True,0,False
d8e757fc8,,3560,555,35,True,False,False,101,5,2,True,0,False
d8d530a34,,1854,302,18,True,False,False,26,6,1,True,0,False
d898ab2da,,2042,338,24,True,False,False,88,18,1,True,0,False
d8c1da516,,1664,236,11,False,False,False,13,3,1,True,0,False
d8da2d456,,4053,656,28,True,False,False,50,26,2,False,0,False
d8b963004,,910,142,7,False,False,False,9,6,1,True,0,False
d8d684d2c,,1504,273,17,True,False,False,26,8,1,True,2,False
d871b1f8a,,274,39,2,False,False,False,3,0,0,False,0,False
d8cc9dfc0,,5276,861,36,True,False,False,85,13,1,True,3,False
d8269a218,,4364,667,34,True,False,True,44,12,2,True,0,True
d8b4b03b8,,3049,501,22,True,False,False,20,4,1,True,1,False
d87d15e4e,,2926,554,37,True,False,False,190,8,1,True,3,False
d8b38877e,,2689,450,26,True,False,False,41,17,2,True,1,False
d8ee6b314,,1477,359,16,True,False,False,84,1,1,True,0,False
d867fd6b0,,5003,855,48,True,False,False,204,22,1,True,3,False
d8186bf98,,4244,700,27,True,False,False,61,13,1,True,42,True
d8f4eda48,,3714,569,25,True,False,False,43,15,1,True,0,False
d8ed18bce,,955,178,12,True,False,False,25,8,1,True,0,False
d8e3253ce,,1298,271,22,True,False,False,68,6,1,True,0,False
d8f56569c,,1900,302,13,True,False,False,40,17,1,True,2,False
d8bc3a426,,7933,1363,64,True,False,False,217,28,1,True,5,False
d8445e5d8,,2218,347,13,False,False,False,23,13,1,True,2,True
d8267f210,,856,147,7,False,False,False,32,20,1,True,8,False
d89175920,,3869,624,31,True,False,False,58,17,1,True,0,False
d873c18a2,,2636,420,18,False,False,False,45,12,1,True,0,False
d88df2adc,,489,77,3,False,False,False,9,2,1,True,0,False
d8ae49948,,641,104,4,False,False,False,14,9,1,True,0,False
d82581f84,,1455,283,17,True,False,False,101,6,1,True,0,True
d816bdaca,,2043,305,13,False,False,False,17,9,1,True,0,True
d8b378806,,6559,976,43,True,False,False,39,7,1,True,1,False
d8e2117e4,,3292,557,18,True,False,False,71,20,1,True,0,False
d880d3da6,,7717,1216,53,True,False,False,124,34,1,True,21,False
d8bb92280,,6518,1347,70,True,False,False,623,3,1,True,64,False
d8f7483b0,,3404,530,33,True,False,False,55,12,1,True,1,False
d8ef19586,,87,13,1,False,False,False,3,3,1,False,0,False
d8f5beaf8,,8,2,1,False,False,False,1,0,0,False,0,False
d8c52860a,,9131,1411,69,True,False,False,101,18,1,True,0,False
d872e41f0,,4070,684,26,True,False,False,82,15,1,True,6,False
d81d1e702,,1582,271,19,True,False,False,47,30,1,False,0,False
d812de580,,914,129,5,False,False,False,4,1,1,True,0,True
d8e69fdf6,,3949,632,35,True,False,False,67,23,1,True,0,False
d8757dc54,,6682,1084,35,True,False,False,168,61,1,True,2,False
d81f2e5b0,,546,81,3,False,False,False,1,0,0,False,0,True
d8d0c351e,,250,39,3,False,False,False,1,0,0,False,0,False
d8d319318,,5833,901,39,True,False,True,56,20,1,True,0,False
d8a7c24a8,,5963,876,40,False,False,False,3,1,1,False,0,False
d8e39a44e,,552,80,3,False,False,False,15,8,1,True,3,False
d893f1e9c,,2068,342,24,True,False,False,30,6,1,True,0,False
d86783dc4,,4832,914,46,True,False,False,207,19,1,True,31,False
d8b8a5a54,,948,148,7,False,False,False,20,8,1,True,3,False
d88ac7542,,1339,314,14,True,False,False,144,5,1,True,10,False
d8d73ed4e,,3797,594,26,True,False,False,111,35,1,True,0,False
d875d8ad2,,494,87,3,False,False,False,14,6,1,True,0,False
d8603ffb8,,6118,969,44,True,False,False,81,20,1,True,1,False
d8ef7032c,,1887,271,14,False,False,False,26,10,1,False,0,False
d8f286fa2,,1250,180,9,False,False,False,5,0,0,True,3,False
d8b805040,,981,162,7,False,False,False,18,8,1,True,0,False
d8adf5f1e,,2847,421,14,False,False,False,8,4,1,True,0,False
d817f648c,,3830,730,30,True,False,False,134,25,1,True,0,True
d8956da0a,,1137,201,11,True,False,False,41,3,1,True,0,False
d8a463802,,804,118,3,False,False,False,4,2,1,False,0,False
d899fda5c,,803,117,4,False,False,False,10,4,1,True,2,False
d8aff5062,,1296,215,12,True,False,False,34,10,1,True,0,False
d8e3fa25e,,3979,722,39,True,False,False,90,14,1,True,4,False
d8b66184c,,2014,406,17,True,False,False,85,18,1,True,21,False
d8825d7f8,,6127,985,32,True,False,False,97,19,1,True,11,False
d8f5a2286,,832,153,11,True,False,False,29,9,1,True,0,False
d83b5a284,,363,61,3,False,False,False,0,0,0,False,0,True
d8c2f0ffe,,658,101,5,False,False,False,4,0,0,False,4,False
d8c25900a,,2751,468,22,True,False,False,74,9,1,True,12,False
d817e58d0,,3583,581,28,True,False,False,112,22,1,True,0,True
d833d4000,,2004,296,13,False,False,False,9,6,1,False,0,True
d8e083396,,1317,234,15,True,False,False,44,8,1,True,0,False
d86fcff0a,,1090,163,8,False,False,False,1,0,0,False,0,False
d8b8ed35e,,3627,774,38,True,False,False,223,3,1,True,0,False
d80f19a44,,11420,1804,71,True,False,False,119,27,2,True,1,False
d87ee53be,,629,130,9,True,False,False,44,8,1,True,0,False
d8f177116,,5731,932,53,True,False,False,95,4,1,True,0,False
d828e3ad8,,4655,769,36,True,False,False,102,47,1,True,3,False
d862a7e54,,4954,820,42,True,False,False,91,11,1,True,1,False
d81b364e4,,4621,740,34,True,False,False,113,40,1,True,15,False
d888ccaa8,,1318,192,9,False,False,False,4,1,1,False,0,False
d87964ef8,,4765,842,40,True,False,False,183,20,1,True,6,False
d84dc5e00,,4673,720,31,True,False,False,82,21,1,True,9,True
d8f073148,,884,182,12,True,False,False,102,0,0,True,0,False
d825e6b96,,1078,189,13,True,False,False,19,2,1,True,0,True
d8caba1f4,,11783,1740,75,True,False,False,82,26,1,True,0,False
d8da2d53c,,3101,471,24,True,False,False,63,23,1,True,0,False
d89aa953c,,860,164,11,True,False,False,20,3,1,False,16,False
d8b3a69a4,,3702,619,28,True,False,False,52,16,1,True,0,False
d825e6a42,,582,98,2,False,False,False,13,4,1,True,0,True
d8cee7b3c,,6624,1074,50,True,False,False,155,34,1,True,0,False
d87f9935a,,3686,644,34,True,False,False,90,15,1,True,16,False
d8c9f26a4,,856,156,14,True,False,False,44,6,1,True,0,False
d81a6b028,,2667,454,22,True,False,False,47,17,1,True,1,True
d8b642c3a,,986,157,12,True,False,False,41,8,1,True,0,False
d8d0e7c66,,2465,412,21,True,False,False,25,10,1,True,0,False
d885a080c,,6577,1082,46,True,False,False,102,27,1,True,13,False
d8b5dcde0,,10083,1714,84,True,False,False,347,24,1,True,0,False
d8a75d440,,1220,220,17,True,False,False,56,4,1,True,0,False
d8c2591b8,,6675,1016,38,True,False,False,102,21,1,True,0,False
d8745abe2,,3901,647,42,True,False,False,82,8,1,True,0,False
d8d04d4d6,,2596,428,19,True,False,False,38,13,1,True,0,False
d8bcdd81a,,3833,605,20,True,False,False,37,7,1,True,7,False
d883a3a72,,2551,436,23,True,False,False,55,19,1,True,5,False
d8a919fcc,,4774,874,51,True,False,False,226,14,1,True,15,False
d82739796,,1280,213,11,True,False,False,11,3,1,True,0,True
d8c997772,,8184,1450,62,True,False,False,201,34,2,True,9,False
d8b190c96,,5380,875,45,True,False,False,114,11,1,True,14,False
d82074424,,5264,930,41,True,False,False,179,9,1,True,0,True
d8f64af44,,8485,1473,92,True,False,False,218,35,1,True,8,False
d87acf0f4,,1069,191,13,True,False,False,21,5,1,True,2,False
d881d1a28,,6686,1105,50,True,False,False,144,39,2,True,11,False
d868c1588,,9947,1944,88,True,False,False,656,11,1,True,40,False
d89cc922c,,6797,963,34,True,False,False,26,8,1,True,0,False
d8dfb96d6,,2089,331,22,True,False,False,93,16,1,True,0,False
d884abfe6,,3620,633,30,True,False,False,118,23,1,True,7,False
d8dae1604,,2413,365,14,False,False,False,33,13,1,True,4,False
d85f61f9c,,3184,541,30,True,False,False,47,15,1,True,3,False
d879e43d8,,4797,759,30,True,False,False,52,11,1,True,0,False
d8aac32b0,,776,109,3,False,False,False,5,2,1,True,1,False
d89151c32,,701,127,9,True,False,False,36,3,1,True,0,False
d8e6faf1c,,4044,626,29,True,False,False,77,27,1,True,0,False
d8e63cd0a,,4318,696,34,True,False,False,60,22,1,True,0,False
d8875fe0e,,300,43,2,False,False,False,4,2,1,False,0,False
d8af8a906,,779,119,5,False,False,False,10,3,1,True,0,False
d8c1c8dd4,,3740,589,19,False,False,False,52,17,1,True,1,False
d81114718,,520,73,3,False,False,False,6,3,1,True,0,False
d8b2d56ba,,689,115,4,False,False,False,9,3,1,True,1,False
d8627563e,,4316,691,32,True,False,False,33,7,1,True,4,False
d870d5fd0,,1820,271,11,True,False,False,22,9,1,True,3,False
d89ca87a2,,803,157,16,True,False,False,30,2,1,True,2,False
d8d4905b6,,4645,718,39,True,False,False,71,12,1,True,19,False
d812cfb3e,,4144,628,28,True,False,False,24,8,1,False,7,True
d829d99b0,,496,74,3,False,False,False,0,0,0,False,0,True
d875a11ae,,5114,1166,62,True,False,False,426,5,1,True,8,False
d898dda3c,,1987,354,23,True,False,False,44,10,1,True,0,False
d85fbdc98,,4673,744,41,True,False,False,105,48,1,True,12,False
d8be6bcb8,,1641,257,6,False,False,False,17,4,2,False,0,False
d8a3912d0,,782,187,15,True,False,False,80,5,1,False,0,False
d815c50d2,,1896,311,18,True,False,False,60,2,1,True,0,True
d870c56d0,,858,163,8,True,False,False,27,4,1,True,0,False
d8cfb20ee,,4615,702,36,True,False,False,68,16,1,True,0,False
d86d9fece,,1982,304,12,False,False,False,13,5,1,True,0,False
d8b0de2a8,,1014,152,6,False,False,False,0,0,0,False,0,False
d890abeb8,,5314,959,67,True,False,False,283,16,1,True,2,False
d8ccb9702,,683,138,8,True,False,False,18,4,1,True,0,False
d8d1fd33a,,507,74,4,False,False,False,8,3,1,True,0,False
d866b2238,,5530,909,36,True,False,False,88,26,1,True,0,False
d8e51ccfe,,15844,2567,113,True,False,False,334,65,1,True,5,False
d88c9d3ee,,615,113,8,True,False,False,13,5,1,True,0,False
d8a44dd9a,,1360,192,6,False,False,False,7,2,1,False,1,False
d869d079e,,2285,341,16,False,False,False,33,17,1,True,1,False
d8c6f402e,,762,123,5,False,False,False,18,3,1,True,0,False
d897d0bc6,,861,151,8,True,False,False,20,3,1,True,3,False
d8964494c,,3533,518,22,False,False,False,7,0,0,False,6,False
d8f54892a,,2343,348,15,True,False,False,25,12,1,True,2,False
d843a79dc,,3263,498,21,False,False,False,25,10,1,True,0,True
d87c3afd8,,3450,532,30,True,False,False,40,6,1,False,11,False
d812ed40e,,174,23,5,False,False,False,1,1,1,False,0,True
d8a2ea12e,,4459,685,29,True,False,False,48,15,1,True,0,False
d8ed030bc,,1504,335,14,True,False,False,122,4,1,True,0,False
d875d0026,,2368,353,9,False,False,False,15,14,1,True,0,False
d884dae18,,222,31,1,False,False,False,2,0,0,False,0,False
d8b477a04,,979,199,14,True,False,False,31,2,1,True,0,False
d8a73efea,,2956,499,24,True,False,False,51,11,1,True,0,False
d8a391168,,288,55,7,True,False,False,43,10,1,False,0,False
d8ba76400,,5016,800,34,True,False,False,44,6,1,True,0,False
d8ea7c3de,,3394,523,20,False,False,False,29,10,1,True,6,False
d869b4bfc,,1296,199,14,True,False,False,16,6,1,True,0,False
d82a3a576,,1276,228,12,True,False,False,53,2,1,True,8,True
d8b78e88c,,4399,721,35,True,False,False,76,10,1,True,6,False
d86f848f2,,1765,308,18,True,False,False,35,12,2,True,0,False
d8d3191a6,,3965,668,33,True,False,False,89,36,2,True,2,False
d8f4a865a,,1298,299,13,True,False,False,98,5,1,True,10,False
d863b742a,,3665,540,23,False,False,False,13,3,1,True,0,False
d8cfa9cd2,,2824,462,21,True,False,False,49,9,1,True,2,False
d8c64e89a,,9109,1745,80,True,False,False,235,22,1,True,2,False
d88d22dbe,,4391,734,32,True,False,False,110,38,1,True,18,False
d8d2ea4aa,,2089,321,13,False,False,False,29,9,1,True,4,False
d81e74174,,6035,982,45,True,False,False,128,26,1,True,0,True
d82a3a51c,,4024,658,34,True,False,False,72,27,1,True,0,True
d8b4da9ba,,3978,723,31,True,False,False,104,8,1,True,15,False
d8bdb71f0,,1032,167,8,True,False,False,50,2,1,True,0,False
d869a27f4,,1781,382,24,True,False,False,63,4,1,True,1,False
d8c4fa82c,,401,103,8,True,False,False,32,7,1,True,0,False
d81b489c8,,2972,479,12,False,False,False,10,3,1,False,0,False
d8737bd48,,6721,1028,51,True,False,False,98,22,1,True,0,False
d8aab4256,,3061,430,21,False,False,False,21,1,1,False,0,False
d8bd86b7c,,1041,170,10,True,False,False,23,8,1,True,2,False
d868c17b8,,972,220,16,True,False,False,113,6,1,True,0,False
d899d98aa,,1873,281,11,False,False,False,19,6,1,True,0,False
d882a70a6,,113,17,1,False,False,False,2,1,1,False,0,False
d8df83bbc,,4038,651,27,True,False,False,50,16,1,True,0,False
d884a1460,,816,138,8,False,False,False,26,11,1,True,0,False
d86030cd4,,6605,1127,52,True,False,False,170,40,1,True,31,False
d87fae1e2,,5982,889,46,False,False,False,30,15,1,False,4,False
d8619488c,,828,121,6,False,False,False,10,6,1,True,0,False
d8a7e48a0,,3254,550,29,True,False,False,55,11,1,True,3,False
d8dc3a032,,1168,170,9,False,False,False,15,4,1,True,0,False
d8c397d86,,1556,235,11,False,False,False,26,12,1,True,0,False
d8e4cc006,,1523,265,16,True,False,False,28,4,1,False,9,False
d89fd95fc,,4720,895,47,True,False,False,164,18,1,True,0,False
d81128434,,848,156,10,True,False,False,18,3,1,True,9,True
d8d1fd402,,3235,519,25,True,False,False,43,10,1,True,1,False
d8b1f1456,,3371,561,28,True,False,False,79,36,1,True,9,False
d8a3b47a8,,6391,1142,57,True,False,False,160,18,1,True,0,False
d8a223308,,8303,1324,60,True,False,False,52,10,1,True,2,False
d813ebc5c,,5786,968,33,True,False,False,83,16,1,True,9,False
d825900ac,,1305,204,9,False,False,False,13,6,1,True,1,True
d87d352da,,2695,441,21,True,False,False,55,4,1,True,0,False
d8aaa2b82,,4419,804,42,True,False,False,171,16,1,True,27,False
d8140c1d2,,3930,728,31,True,False,False,184,15,2,True,0,True
d88822814,,6682,1210,70,True,False,False,187,27,1,True,30,False
d82bd9e4a,,991,163,8,True,False,False,17,6,1,False,0,True
d87a5ce6e,,513,76,6,False,False,False,5,4,1,False,0,False
d8ae9855c,,1665,250,9,False,False,False,14,6,1,True,0,False
d8d5fed8a,,1896,348,18,True,False,False,86,11,1,True,0,False
d888ccb52,,2170,511,31,True,False,False,129,6,1,True,0,False
d89498cec,,3259,574,30,True,False,False,162,14,1,True,0,False
d89e994bc,,3183,453,13,False,False,False,20,0,0,True,0,False
d8b6cc408,,1537,222,10,False,False,False,11,6,1,True,0,False
d8a28fd8c,,163,24,1,False,False,False,0,0,0,False,0,False
d87ea4882,,2555,386,13,False,False,False,14,5,1,True,0,False
d87f3c344,,1121,201,9,True,False,False,52,8,1,True,5,False
d8ab11082,,2695,394,14,False,False,False,25,7,1,True,0,False
d8111443e,,1352,202,8,False,False,False,5,3,2,False,0,False
d8bd973aa,,3874,605,32,False,False,False,35,20,1,True,0,False
d89b8a3a2,,754,122,4,False,False,False,10,1,1,True,0,False
d87d9a8ce,,227,36,2,False,False,False,0,0,0,False,0,False
d8a8bae8c,,896,155,7,True,False,False,30,10,1,True,0,False
d82990b20,,1983,302,15,False,False,False,33,4,1,True,11,False
d86a41624,,949,137,5,False,False,False,10,5,1,True,2,False
d8c119028,,825,119,6,False,False,False,1,1,1,False,0,False
d87f6f1e0,,1929,300,14,False,False,False,1,0,0,False,1,False
d875c50c2,,2099,333,12,False,False,False,57,25,1,True,1,False
d8b024a92,,1109,208,16,True,False,False,26,3,1,True,0,False
d8d914ba0,,3373,557,28,True,False,False,110,6,1,True,0,False
d8ba90a1c,,1356,302,15,True,False,False,94,11,1,True,4,False
d86089c08,,1708,277,14,True,False,False,32,15,1,True,0,False
d8785f224,,133,21,2,False,False,False,3,3,1,False,0,False
d8629a83a,,771,122,7,False,False,False,11,5,1,True,0,False
d8e7fbab0,,5770,1055,52,True,False,False,111,16,1,True,0,False
d878ee3a2,,11850,1804,67,True,False,False,104,22,1,True,14,False
d879e42e8,,5132,870,28,True,False,False,52,13,2,True,0,False
d8826ee40,,3674,592,33,True,False,False,117,38,1,True,13,False
d8d609d48,,2927,476,21,True,False,False,93,6,1,True,0,False
d872c7294,,5532,859,42,True,False,False,52,13,1,True,2,False
d8926f7d6,,428,61,3,False,False,False,8,2,1,True,0,False
d8acff952,,931,156,12,True,False,False,19,3,1,True,0,False
d85d723b2,,7234,1144,48,True,False,False,87,13,1,True,0,False
d814d947a,,2306,452,20,True,False,False,129,12,1,True,4,True
d85d720ec,,2854,543,31,True,False,False,165,14,1,True,0,False
d8aa517e6,,3296,521,25,True,False,False,50,18,1,True,3,False
d8adbdc9a,,3483,585,33,True,False,False,140,41,1,True,0,False
d8e0d9444,,1012,147,9,False,False,False,16,6,1,True,3,False
d8ce9206a,,4421,709,26,True,False,False,53,16,1,True,1,False
d8833c07a,,766,164,13,True,False,False,58,2,1,True,4,False
d89635438,,3035,471,11,False,False,False,40,4,1,True,0,False
d8f5a21dc,,2811,427,17,False,False,False,26,11,1,True,0,False
d8b81355a,,3383,531,19,False,False,False,36,11,1,True,0,False
d8822dc2e,,3367,472,13,False,False,False,5,2,1,False,0,False
d8f46fb84,,6569,1194,57,True,False,False,245,14,1,True,0,False
d8b04446e,,1007,172,11,True,False,False,34,12,1,False,0,False
d88038838,,602,103,11,True,False,False,42,5,1,True,0,False
d8751620c,,521,78,2,False,False,False,7,4,1,True,0,False
d8e67f8f8,,3508,565,26,True,False,False,97,33,2,True,3,False
d8912bb9a,,3560,533,31,True,False,False,47,11,1,True,0,False
d8c6f4268,,2539,388,13,False,False,False,12,4,1,True,0,False
d881c81e4,,2232,373,23,True,False,False,25,7,1,True,6,False
d87cadac4,,4134,672,37,True,False,False,63,11,1,True,0,False
d8ed4341e,,313,44,2,False,False,False,0,0,0,False,0,False
d8a779e9c,,79,15,1,False,False,False,0,0,0,False,0,False
d8f5299c6,,728,110,5,False,False,False,4,3,1,False,0,False
d87851b42,,3034,453,16,False,False,False,24,9,1,True,3,False
d8e361964,,3350,527,20,False,False,False,37,11,1,True,0,False
d8b1313c2,,2584,466,19,True,False,False,82,5,1,True,0,False
d874fa034,,3552,666,36,True,False,False,195,10,1,True,0,False
d8ac36bb0,,3029,461,23,False,False,False,16,6,1,True,0,False
d8a8d00de,,4578,699,34,True,False,False,47,8,1,True,7,False
d8974959a,,7999,1260,64,True,False,False,92,9,1,True,1,False
d8991338a,,2961,460,26,True,False,False,75,14,1,True,0,False
d8e251812,,6463,1061,40,True,False,False,131,49,1,True,0,False
d8c73c5cc,,1277,216,12,True,False,False,40,12,1,True,8,False
d8e84aa20,,6334,1001,35,True,False,False,75,18,2,True,4,False
d8e3d6994,,1460,226,9,False,False,False,12,5,1,True,0,False
d81a5d586,,4191,628,21,True,False,False,20,5,1,True,0,True
d8a00cc04,,671,135,10,True,False,False,49,23,1,True,0,False
d88c1f1f6,,3494,541,26,True,False,False,67,23,1,True,12,False
d8cf47348,,4824,783,37,True,False,False,53,15,1,True,0,False
d8d04d602,,7142,1228,52,True,False,False,183,18,1,True,40,False
d86773b4a,,1173,177,5,False,False,False,0,0,0,False,0,False
d8c7e0b40,,3319,537,22,True,False,False,108,18,1,True,4,False
d8b9db130,,3874,621,29,True,False,False,65,13,1,True,20,False
d8eedf7d2,,2024,349,25,True,False,False,50,15,1,True,0,False
d8b316e3a,,441,111,11,True,False,False,26,3,1,True,0,False
d8a0593ba,,971,164,11,True,False,False,28,3,1,True,0,False
d8c6c1778,,1234,232,11,True,False,False,46,0,0,True,6,False
d881434c6,,1757,288,20,True,False,False,18,3,1,True,0,False
d8ee84210,,3619,580,29,True,False,False,73,23,1,True,6,False
d8c8823d2,,1969,298,13,False,False,False,13,6,2,False,1,False
d883a39b4,,1440,236,9,False,False,False,32,18,1,True,0,False
d8a2c363c,,2358,300,13,False,False,False,8,4,1,False,1,False
d8bf90bfc,,5323,830,32,True,False,False,52,18,1,True,0,False
d869d0834,,1455,201,9,False,False,False,7,2,1,True,0,False
d8c22a188,,2355,412,20,True,False,False,40,2,1,True,7,False
d8b642bb8,,1152,179,7,False,False,False,10,2,1,True,0,False
d8ea6a102,,3133,480,27,True,False,False,42,12,1,True,0,False
d88d8cc64,,4137,732,37,True,False,False,80,7,1,True,6,False
d86d9fe92,,265,43,3,False,False,False,10,3,1,True,1,False
d827f3e34,,1400,217,13,False,False,False,13,6,1,True,0,True
d8bc0f550,,2517,398,18,False,False,False,37,14,1,True,0,False
d86c665b2,,5143,790,32,True,False,False,69,24,1,True,1,False
d8cb1d7cc,,10719,1957,89,True,False,False,662,35,1,True,12,False
d8ee34c06,,2548,377,14,False,False,False,12,6,1,True,0,False
d8cf59994,,4326,680,23,False,False,False,53,18,2,True,3,False
d8c2f11fc,,471,75,5,False,False,False,5,0,0,False,4,False
d8d064910,,4880,829,35,True,False,False,65,17,1,True,24,False
d8b0de302,,29,3,1,False,False,False,1,1,1,False,0,False
d82f20a86,,2361,377,17,True,False,False,21,2,1,True,0,False
d8d29593c,,970,146,7,False,False,False,3,1,1,False,0,False
d8aa64530,,4067,597,28,False,False,False,16,6,1,True,0,False
d893bfc4e,,6566,1048,44,True,False,False,90,13,1,True,6,False
d89cb9994,,690,100,4,False,False,False,6,1,1,True,0,False
d8740b894,,619,99,5,False,False,False,10,3,2,True,2,False
d8c367532,,4764,707,32,True,False,False,33,6,1,True,0,False
d8df83b1c,,3419,532,32,True,False,False,81,7,1,True,0,False
d8c2f1198,,628,100,5,False,False,False,4,0,0,False,4,False
d827ba65c,,1790,309,15,True,False,False,44,11,1,True,0,True
d87040138,,41,6,3,False,False,False,0,0,0,False,0,False
d863152e2,,676,104,5,False,False,False,10,2,1,True,0,False
d85fb4544,,1446,233,10,False,False,False,0,0,0,False,0,False
d8991345c,,892,214,22,True,False,False,53,5,1,False,0,False
d88453c88,,4178,826,46,True,False,False,200,15,1,True,14,False
d8c3bff0c,,2280,343,13,False,False,False,3,3,1,False,0,False
d899e3ca6,,486,76,3,False,False,False,4,2,1,True,0,False
d88bf52e8,,548,96,9,True,False,False,7,1,1,True,0,False
d894208c8,,1125,169,6,False,False,False,1,1,1,False,0,False
d87e2e592,,312,43,1,False,False,False,3,2,1,True,0,False
d8f177292,,4691,905,47,True,False,False,369,12,1,True,43,False
d8bac1dba,,3929,799,41,True,False,False,133,16,1,False,2,False
d88291fa8,,3687,579,20,False,False,False,15,8,1,False,7,False
d89eaf3f2,,3843,666,37,True,False,False,295,36,1,True,0,False
d8b39b2a2,,5617,789,26,False,False,False,49,26,1,True,11,False
d8b2ec874,,2471,419,27,True,False,False,39,11,1,True,0,False
d8ba699bc,,1906,315,15,True,False,False,55,8,1,True,0,False
d8d7205ce,,4380,673,30,True,False,False,68,16,1,True,31,False
d87d418fa,,1696,268,11,False,False,False,42,12,1,True,6,False
d86b2258e,,1370,267,14,True,False,True,39,1,1,True,7,False
d8ca1cd8c,,3172,557,43,True,False,False,105,9,1,True,9,False
d89e99520,,4316,634,27,False,False,False,112,38,1,True,0,False
d867a3714,,1675,253,10,True,False,False,44,8,1,True,0,False
d87be6f78,,12825,2145,99,True,False,False,391,54,1,True,19,False
d8e6b834c,,2997,466,21,True,False,False,21,8,1,True,2,False
d8e5d2694,,663,103,5,False,False,False,7,3,1,False,2,False
d8a2a840e,,1531,265,14,True,False,False,39,11,1,True,3,False
d8dc6d86a,,1522,218,9,False,False,False,0,0,0,False,0,False
d8b8781e4,,4547,863,50,True,False,False,194,14,1,True,33,False
d873d530c,,3913,582,15,False,False,False,17,4,1,False,0,False
d8954e01a,,8768,1317,44,True,False,False,82,21,2,True,1,False
d8b94aebe,,2557,404,19,True,False,False,48,11,1,True,0,False
d8623d036,,842,142,8,True,False,False,33,10,1,True,0,False
d8782c202,,2821,455,17,True,False,False,46,18,1,True,0,False
d897ab3b2,,733,121,5,False,False,False,13,4,1,False,0,False
d872a642c,,3996,665,33,True,False,False,82,17,1,True,4,False
d8135b1de,,2543,351,9,False,False,False,5,3,1,False,0,True
d871ce414,,835,138,6,False,False,False,18,10,1,True,0,False
d85fbdcd4,,883,118,5,False,False,False,3,2,1,False,0,False
d8af42bec,,4368,706,27,True,False,False,79,37,1,True,8,False
d81d3a290,,11808,1918,120,True,False,False,260,21,1,True,3,True
d8143a096,,752,120,8,True,False,False,11,3,1,True,0,False
d87479808,,2083,323,13,False,False,False,22,7,1,True,2,False
d8ed18ca0,,830,185,10,True,False,False,42,3,1,True,2,False
d884f250e,,977,194,16,True,False,False,31,2,1,False,3,False
d8ab97966,,3142,519,25,True,False,False,40,7,1,True,0,False
d8ae49998,,1428,239,9,False,False,False,37,20,1,True,0,False
d8b7283c0,,387,63,2,False,False,False,3,1,1,False,0,False
d8ac9ff5c,,2680,443,18,True,False,False,104,7,1,True,0,False
d867e9c3c,,3655,504,18,False,False,False,3,0,0,False,0,False
d8b14cd66,,4074,700,43,True,False,False,121,7,2,True,1,False
d89175a7e,,3712,546,28,True,False,False,63,13,1,True,0,False
d8b838152,,382,58,1,False,False,False,0,0,0,False,0,False
d8cb4817a,,3007,543,29,True,False,False,87,7,1,True,19,False
d8ca8847e,,703,111,6,False,False,False,10,5,1,True,0,False
d8a796aec,,4538,708,34,True,False,False,44,17,2,True,0,False
d8737bb90,,5735,921,44,True,False,False,98,25,1,True,0,False
d8df25986,,2418,383,19,True,False,False,41,8,1,True,2,False
d8b50520a,,2264,393,26,True,False,False,86,8,1,True,0,False
d8852ca38,,989,162,11,True,False,False,30,5,1,True,0,False
d8b901cc8,,2934,499,17,True,False,False,41,8,1,True,2,False
d8ac36cfa,,3662,590,26,True,False,False,36,3,1,True,0,False
d8df98850,,5501,849,36,True,False,False,78,19,1,True,2,False
d87e4cae2,,1661,250,11,False,False,False,8,6,1,False,0,False
d88aa4772,,2724,481,28,True,False,False,90,20,1,True,17,False
d8ee3f11a,,3504,578,26,True,False,False,67,11,1,True,4,False
d8b19f1ce,,3782,597,27,True,False,False,66,15,1,False,0,False
d8d27b352,,657,110,5,False,False,False,6,3,1,True,0,False
d8621536a,,4238,668,31,True,False,False,104,14,1,True,0,False
d8ba46d04,,4700,903,54,True,False,False,227,5,1,True,66,False
d8a779e6a,,106,20,1,False,False,False,0,0,0,False,0,False
d875a11fe,,1074,160,5,False,False,False,5,1,1,False,0,False
d82a77b38,,4380,657,28,True,False,False,47,4,1,True,9,True
d8cebee44,,4127,793,31,True,False,False,165,10,1,True,0,False
d867a3638,,1420,227,14,True,False,False,14,11,1,True,0,False
d8852c97a,,6566,1084,45,True,False,False,104,27,1,True,0,False
d8de48e46,,2985,451,21,False,False,False,68,28,1,True,4,False
d886c170e,,7165,1132,49,True,False,False,167,28,1,True,6,False
d8bbb825a,,1756,277,12,False,False,False,4,2,1,False,1,False
d86a78890,,4708,784,34,True,False,False,111,37,1,True,10,False
d85ed263a,,948,142,8,False,False,False,6,4,1,True,0,False
d86d31104,,3454,530,29,False,False,False,17,4,1,True,7,False
d86686818,,20,4,1,False,False,False,2,1,1,False,0,False
d8f88976a,,2834,438,17,True,False,False,43,9,1,True,11,False
d894aff8c,,1896,299,14,True,False,False,21,7,1,True,2,False
d8e33af30,,2365,361,13,False,False,False,13,4,1,False,2,False
d815f4896,,4811,735,33,True,False,False,51,5,1,True,0,True
d8c528466,,3711,607,23,True,False,False,64,23,1,True,16,False
d8c327004,,3673,624,33,True,False,False,66,5,1,True,0,False
d8a5a32da,,477,85,7,True,False,False,12,3,1,True,0,False
d8cd80a1e,,1442,253,15,True,False,False,21,1,1,False,7,False
d87feda18,,3073,475,26,True,False,False,35,10,1,True,12,False
d8df72970,,1355,222,10,False,False,False,16,5,1,False,6,False
d8f47a610,,5233,835,38,True,False,False,103,13,1,True,19,False
d879d7714,,1081,237,15,True,False,False,57,1,1,True,0,False
d879b9bb0,,1421,250,18,True,False,False,83,0,0,True,0,False
d81332ff4,,2682,422,21,True,False,False,82,34,1,True,7,True
d82581ef8,,449,91,7,True,False,False,21,5,1,True,0,True
d816cac7a,,4245,631,22,False,False,False,13,4,1,False,0,True
d8c18d626,,2126,336,20,True,False,False,29,7,1,True,0,False
d88dcb77a,,1230,218,18,True,False,False,64,9,1,True,1,False
d8aae8b3c,,3223,552,34,True,False,False,57,13,1,True,0,False
d873efe3c,,690,102,5,False,False,False,3,1,1,False,2,False
d8ea983ae,,2397,483,28,True,False,False,110,19,2,True,0,False
d8e4ea592,,6524,970,37,True,False,False,111,32,1,True,9,False
d897e43c4,,1389,269,18,True,False,False,43,5,1,True,0,False
d8e9bc534,,12470,2031,86,True,False,False,289,51,1,True,31,False
d8c1fed58,,6779,1120,52,True,False,False,144,29,1,True,0,False
d877c9c42,,5239,839,29,True,False,False,69,23,1,True,8,False
d8194e91a,,4481,750,38,True,False,False,95,31,1,False,30,True
d8d998374,,1986,318,21,False,False,False,33,10,1,True,0,False
d85fff2ba,,3799,610,22,False,False,False,38,16,1,True,11,False
d8c3ab1ec,,1249,168,6,False,False,False,7,3,1,True,1,False
d8a7c235e,,3424,521,26,True,False,False,38,8,1,True,3,False
d898ef12e,,4586,743,34,True,False,False,97,33,1,True,28,False
d87c4519a,,3599,542,27,True,False,False,39,7,1,True,1,False
d8c813054,,795,129,4,False,False,False,22,6,1,True,0,False
d8f89e6ce,,5139,813,29,False,False,False,16,7,1,True,0,False
d8f5eaea0,,8769,1359,66,True,False,False,109,30,1,True,1,False
d813b8f64,,1535,233,13,True,False,False,26,4,1,True,0,True
d8aa516b0,,4673,757,31,True,False,False,53,8,1,True,0,False
d8eca5016,,7275,1191,51,True,False,False,81,21,1,True,0,False
d8ac92ec4,,6450,1077,53,True,False,False,265,12,1,True,0,False
d86b5f20e,,783,136,12,True,False,False,12,0,0,True,0,False
d81da97f8,,2718,404,12,False,False,False,4,1,1,False,0,False
d812ed62a,,4106,594,20,False,False,False,9,1,1,True,0,True
d85d52e4a,,7992,1347,58,True,False,False,219,57,2,True,0,False
d86d241ac,,2979,526,24,True,False,False,84,9,1,True,5,False
d8cb9bfdc,,392,59,3,False,False,False,2,2,1,False,0,False
d861c8b28,,825,158,12,True,False,False,46,6,1,True,0,False
d8a626a86,,2756,419,16,False,False,False,51,22,1,True,5,False
d8cb39fb2,,4197,716,36,True,False,False,150,12,1,True,0,False
d8b975f1a,,640,134,11,True,False,False,26,3,1,True,3,False
d8ed02f90,,18469,2944,115,True,False,False,283,78,1,True,7,False
d8c73c4be,,1187,184,6,False,False,False,14,5,1,True,1,False
d8e2f52dc,,2087,403,18,True,False,False,157,7,1,True,0,False
d8d3623c4,,934,137,7,False,False,False,4,2,1,False,0,False
d86d88be8,,2523,400,21,True,False,False,31,13,1,True,1,False
d8e9d7a0a,,2744,493,23,True,False,False,128,11,1,True,0,False
d8200a768,,1695,269,13,False,False,False,13,3,1,False,0,True
d8637aa20,,3278,718,41,True,False,False,187,15,1,True,0,False
d8a635432,,2327,392,11,True,False,False,56,26,1,True,9,False
d863562c4,,1758,252,16,False,False,False,6,3,1,True,1,False
d8bc26d36,,577,83,3,False,False,False,4,2,1,True,0,False
d8a3913f2,,197,26,1,False,False,False,0,0,0,False,0,False
d8c747ac6,,5853,932,50,True,False,False,94,23,1,True,0,False
d889e4bd4,,2986,470,19,False,False,False,100,39,1,True,0,False
d8b0af1e2,,1362,240,23,True,False,False,36,2,1,True,6,False
d8e0d9570,,1417,216,8,False,False,False,17,4,1,True,0,False
d8882265c,,1909,279,11,False,False,False,4,1,1,True,0,False
d8eed0a8e,,805,121,4,False,False,False,12,5,1,True,0,False
d8b5fc014,,3266,485,17,False,False,False,0,0,0,False,0,False
d8aadb5d6,,18415,2872,104,True,False,False,218,33,1,True,2,False
d8668661a,,851,133,4,False,False,False,18,6,1,True,0,False
d8b96305e,,3026,454,17,False,False,False,4,1,1,True,0,False
d892b083a,,4737,917,51,True,False,False,142,11,1,True,5,False
d8bc043b2,,4346,714,34,True,False,False,45,4,2,True,4,False
d8edceafa,,2046,348,16,True,False,False,34,15,1,True,3,False
d8d172758,,3816,643,24,True,False,False,74,16,1,True,0,False
d86e1f958,,506,70,3,False,False,False,2,1,1,False,0,False
d89ba8244,,1467,228,12,True,False,False,29,9,1,True,5,False
d8a67f5c8,,7128,1373,73,True,False,False,346,22,1,True,24,False
d872b9ce8,,1128,201,7,False,False,False,28,11,1,True,5,False
d8ec82098,,6004,997,38,True,False,False,111,21,1,True,0,False
d82d8f140,,4039,790,34,True,False,False,256,28,1,True,11,False
d86249200,,4694,754,31,True,False,False,126,18,1,True,0,False
d8f8e150a,,2486,405,16,False,False,False,15,5,2,False,0,False
d8f63a9dc,,4422,686,37,True,False,False,72,17,1,True,3,False
d86e9b738,,895,151,9,True,False,False,23,6,1,True,0,False
d868e3d36,,9011,1437,62,True,False,False,156,68,1,True,15,False
d8927fc3a,,4260,697,32,True,False,True,92,14,1,True,0,False
d89b9aab8,,3606,589,23,True,False,False,58,12,1,True,0,False
d8b657428,,3591,606,36,True,False,False,124,20,1,True,0,False
d89392f64,,436,92,11,True,False,False,27,4,1,True,0,False
d86ca166c,,5008,769,38,True,False,False,79,17,1,True,0,False
d8de48f7c,,36,7,1,False,False,False,2,1,1,False,0,False
d8d41564a,,3418,602,30,True,False,False,112,17,1,True,3,False
d8f565606,,2106,311,13,False,False,False,1,0,0,False,0,False
d886f7f2a,,2952,477,23,True,False,False,59,35,1,True,2,False
d878c121c,,4913,751,37,True,False,False,61,6,1,True,12,False
d8a75d558,,3156,451,22,False,False,False,23,5,2,False,5,False
d88dacc12,,1374,213,6,False,False,False,23,6,1,False,0,False
d898ddafa,,1313,240,17,True,False,False,45,4,1,True,0,False
d8df72b0a,,3910,728,40,True,False,False,140,13,1,True,0,False
d8bb684b2,,2486,426,11,False,False,False,45,19,1,True,0,False
d81baf7b8,,2838,445,19,True,False,False,44,14,1,True,0,True
d8c7c0570,,895,175,11,True,False,False,27,4,1,True,12,False
d8e6faeae,,3297,517,22,True,False,False,63,20,1,True,4,False
d838f1f74,,3729,593,27,True,False,False,65,21,1,True,18,True
d86f2b05e,,1415,208,5,False,False,False,2,0,0,False,0,False
d87397cc8,,3933,639,28,True,False,False,73,23,1,True,6,False
d899c5800,,4112,652,27,True,False,False,60,15,1,True,9,False
d81cd66dc,,3922,596,20,False,False,False,20,5,1,True,0,False
d81c09236,,1870,299,18,True,False,False,26,6,1,True,9,True
d8664f7dc,,1395,243,9,True,False,False,32,11,1,True,5,False
d8c2afb26,,2728,530,22,True,False,False,72,4,1,True,0,False
d811d0ef4,,587,99,6,True,False,False,16,2,1,True,0,True
d8f9214c0,,604,83,7,True,False,False,10,1,1,True,0,False
d862f087a,,3826,628,25,True,False,False,38,10,1,False,5,False
d8b414792,,3180,478,21,True,False,False,50,5,1,True,0,False
d85d85020,,4931,770,28,False,False,False,70,31,1,True,6,False
d8ab10ea2,,933,144,6,False,False,False,11,4,1,True,2,False
d85f2a3f8,,4006,644,30,True,False,False,108,28,1,True,3,False
d8ddb68a2,,3151,450,15,False,False,False,15,2,1,False,1,False
d84845a0c,,2672,406,10,False,False,False,21,2,1,False,0,False
d8bb249e2,,4542,845,38,True,False,False,192,9,1,True,0,False
d8baa68bc,,7547,1379,77,True,False,False,252,25,1,True,2,False
d8cd0c740,,3465,564,27,True,False,False,76,12,1,True,20,False
d880f10c2,,1673,306,20,True,False,False,30,3,1,False,24,False
d8806fb08,,1386,256,15,True,False,False,37,6,1,True,0,False
d8b6bd412,,2798,425,18,False,False,False,6,4,1,True,0,False
d87d2d710,,2129,336,12,False,False,False,17,5,1,True,0,False
d8de9836a,,2936,490,25,True,False,False,122,26,1,True,12,False
d8b5b9390,,6704,1101,45,True,False,False,115,45,1,True,0,False
d82200c20,,1178,204,14,True,False,False,45,7,1,True,0,False
d86979070,,513,112,10,True,False,False,27,4,1,True,0,False
d8c5faed4,,2850,435,19,False,False,False,25,4,1,True,0,False
d8ee11c56,,4920,797,35,True,False,False,87,24,1,True,2,False
d813170b0,,680,129,12,True,False,False,13,3,1,True,0,False
d8da6685a,,4358,668,23,True,False,False,52,13,1,True,1,False
d8883c07a,,2999,506,25,True,False,False,50,19,2,True,0,False
d81be66a0,,3928,618,15,False,False,False,58,24,1,True,6,True
d8202fce8,,5991,928,41,True,False,False,82,19,1,True,0,True
d8d0d5386,,1923,278,10,False,False,False,10,4,1,True,0,False
d85da42ea,,4235,673,28,True,False,False,73,13,1,True,0,False
d8e2cfb18,,5675,880,44,True,False,False,92,29,1,True,22,False
d88244c94,,2861,470,16,False,False,False,55,29,1,True,0,False
d8cc6f74c,,1338,203,9,False,False,False,16,6,1,True,0,False
d8ee6b3a0,,3971,718,26,True,False,False,108,22,1,True,2,False
d8955bb34,,4644,690,36,True,False,False,29,6,1,True,0,False
d8c5c0b1c,,4860,847,52,True,False,False,151,32,1,True,2,False
d8e18a366,,1682,278,9,False,False,False,4,1,1,False,0,False
d871b1f4e,,1223,193,6,False,False,False,17,1,1,True,2,False
d86979034,,1539,319,13,True,False,False,81,17,1,True,0,False
d81695034,,4716,747,31,True,False,False,67,12,1,True,1,True
d8c6614cc,,1319,215,12,True,False,False,25,6,1,True,0,False
d8f8d6920,,4361,724,35,True,False,False,116,21,1,True,11,False
d825902a0,,347,56,2,False,False,False,1,1,1,False,0,True
d8d914c36,,486,128,9,True,False,False,46,6,1,True,0,False
d865ee1c6,,1817,296,17,True,False,False,39,12,1,True,3,False
d88fe4d90,,2691,439,16,False,False,False,20,8,1,True,1,False
d8177aa1c,,2108,348,25,True,False,False,31,3,1,True,0,True
d8e4878de,,2378,389,23,True,False,False,45,10,1,True,0,False
d8ad8a480,,201,30,1,False,False,False,1,0,0,False,0,False
d8d845e68,,4702,740,23,False,False,False,18,7,1,True,0,False
d8e67f984,,2126,309,12,False,False,False,29,10,1,True,0,False
d8d97bef4,,1197,206,14,True,False,False,54,15,2,True,1,False
d8da80c50,,9077,1419,61,True,False,False,111,37,1,True,3,False
d892c84f8,,7857,1202,76,True,False,False,82,9,1,True,0,False
d88a2a9b8,,3856,639,34,True,False,False,90,26,1,True,0,False
d8df3f912,,2773,642,34,True,False,False,221,5,1,True,13,False
d8b92330a,,10480,1584,79,True,False,False,91,22,1,True,18,False
d8d7204f2,,3690,646,32,True,False,False,102,13,1,True,0,False
d8a8fcb16,,2479,381,16,False,False,False,23,7,1,True,0,False
d87310598,,1618,272,13,True,False,True,60,7,1,True,0,False
d8d07ea18,,3709,597,34,True,False,False,78,22,2,True,0,False
d87817f8c,,1402,225,14,True,False,False,28,6,1,True,0,False
d87207fd4,,6243,1025,49,True,False,False,154,20,1,True,10,False
d8c72d0ae,,1455,212,12,True,False,False,32,10,1,True,1,False
d8e881796,,7638,1306,55,True,False,False,133,60,1,True,14,False
d87b0fb36,,1006,160,7,False,False,False,9,5,1,True,0,False
d885c455e,,801,126,9,False,False,False,10,3,1,True,1,False
d816223ea,,16325,2654,127,True,False,False,308,84,1,True,26,True
d8f72f270,,3561,535,20,False,False,False,13,7,1,True,0,False
d8834ed6a,,4381,709,46,True,False,False,91,11,1,True,1,False
d874d77d2,,2015,342,19,True,False,False,71,10,1,True,1,False
d819100c0,,8343,1259,52,True,False,False,84,28,1,True,10,True
d81cc5a80,,3469,545,25,True,False,False,46,4,2,True,15,True
d8a813a56,,5671,882,34,False,False,False,34,14,1,True,0,False
d8b8b1c28,,4015,636,35,True,False,False,63,22,1,True,8,False
d8bfe616a,,4171,656,39,True,False,False,103,26,1,True,2,False
d89337c0e,,4171,663,24,False,False,False,91,10,1,True,11,False
d8800fad2,,4181,684,23,False,False,False,50,19,2,True,3,False
d8d2c9ab6,,3330,493,23,False,False,False,52,30,1,True,0,False
d8ee34b48,,2694,442,19,True,False,False,101,7,1,True,0,False
d86b5f290,,630,109,11,True,False,False,17,0,0,True,0,False
d88802366,,7181,1241,50,True,False,False,294,42,1,True,10,False
d8d768158,,1078,154,7,False,False,False,10,3,1,True,0,False
d8e7d76e2,,1592,267,10,False,False,False,29,9,1,True,4,False
d8d684db8,,3047,590,33,True,False,False,164,18,1,True,0,False
d8e42ce84,,3010,479,27,True,False,False,20,6,1,True,5,False
d818a3a7e,,2066,316,7,False,False,False,29,16,1,True,0,True
d827ba5ee,,607,92,3,False,False,False,14,3,1,True,0,True
d8c869012,,1761,275,9,False,False,False,13,5,1,True,2,False
d89a25598,,1635,241,5,False,False,False,28,12,1,True,0,False
d8c6c16c4,,2203,326,12,False,False,False,15,2,1,False,1,False
d8e3a8efe,,906,154,10,True,False,False,21,7,1,True,0,False
d88e61d42,,1177,195,8,True,False,False,23,4,1,True,3,False
d8d3d34d4,,1484,253,9,True,False,False,37,12,2,True,0,False
d8ded8870,,3355,510,17,False,False,False,26,10,1,True,3,False
d819e64e0,,2027,301,11,False,False,False,30,18,1,True,2,True
d8634d156,,3216,519,27,True,False,False,61,19,1,True,0,False
d867d8c70,,3396,560,30,True,False,False,112,12,1,True,0,False
d87e2e52e,,910,135,6,False,False,False,7,5,1,True,0,False
d86e8e2d6,,1183,238,12,True,False,False,124,8,1,True,0,False
d885f4164,,1038,198,13,True,False,False,44,6,1,True,3,False
d8232f1aa,,6194,1006,49,True,False,False,79,27,1,True,5,True
d8eaaba3a,,1481,232,9,False,False,False,3,1,1,True,0,False
d86458d48,,2109,339,11,False,False,False,29,6,1,True,3,False
d8f7b6df6,,3365,520,21,True,False,False,39,17,1,True,1,False
d8caae8c2,,4370,680,34,True,False,False,69,13,1,True,4,False
d83f65cc0,,4018,734,42,True,False,False,164,26,1,True,0,True
d8c2f1080,,619,99,5,False,False,False,3,0,0,False,3,False
d86a875d4,,3515,597,30,True,False,False,55,6,1,True,2,False
d89e64852,,966,156,5,False,False,False,16,4,2,True,0,False
d8b9e7f0c,,1100,150,7,False,False,False,1,0,0,False,0,False
d89d22cb4,,1951,337,18,True,False,False,41,12,1,True,0,False
d89f07c0a,,4435,846,56,True,False,False,143,47,2,True,13,False
d8b031242,,1673,286,12,True,False,False,30,14,1,False,0,False
d828efc98,,729,115,4,False,False,False,20,9,1,True,0,True
d8a8e9bc4,,998,153,12,False,False,False,25,9,1,True,7,False
d84845890,,894,130,5,False,False,False,1,0,0,False,0,False
d8dcdc620,,2809,436,17,False,False,False,35,9,1,True,0,False
d8c95a6c4,,30,3,1,False,False,False,0,0,0,False,0,False
d8e6b82d4,,5572,1052,55,True,False,False,241,13,1,True,6,False
d86a04760,,3282,528,29,True,False,False,70,14,1,True,2,False
d8d6c5e62,,3835,887,46,True,False,False,246,1,1,True,5,False
d818bcd58,,945,177,13,True,False,False,38,5,1,True,0,True
d8926f6be,,2341,317,14,True,False,False,19,4,1,True,4,False
d8b71cc0a,,3290,490,19,True,False,False,32,8,1,True,0,False
d8bc6403c,,1921,271,14,True,False,False,15,1,1,True,0,False
d8aab42a6,,1526,268,18,True,False,False,26,2,1,True,0,False
d8c6e9188,,10246,1547,64,True,False,False,141,38,1,True,1,False
d8e02c8d4,,3091,496,22,True,False,False,56,18,1,True,0,False
d8e67f9c0,,1065,224,18,True,False,True,76,1,1,True,0,False
d8a54c53e,,1026,164,8,True,False,False,16,4,1,False,0,False
d8b1d2696,,1023,190,12,True,False,False,38,2,1,True,4,False
d86eac6f0,,3236,579,30,True,False,False,123,27,1,True,0,False
d87a7e1ea,,1802,272,11,False,False,False,24,11,1,True,0,False
d82eeda32,,3554,560,26,True,False,False,67,20,1,True,13,False
d8e903bba,,6225,994,53,True,False,False,95,16,1,True,9,False
d89ed63da,,1299,188,8,False,False,False,6,3,1,True,0,False
d85fddfa2,,2673,433,18,True,False,False,41,20,1,True,4,False
d8232efe8,,1218,234,13,True,False,False,41,13,1,True,8,True
d862b5a18,,1080,207,14,True,False,False,58,5,1,True,0,False
d888b5ad8,,1009,213,13,True,False,False,51,1,1,True,0,False
d887b742e,,449,91,7,True,False,False,21,5,1,True,0,False
d8833c03e,,1385,279,20,True,False,False,71,7,2,True,4,False
d86c3bd80,,2754,513,22,True,False,False,137,12,1,True,4,False
d87b01f5e,,2272,333,20,True,False,False,30,6,1,True,0,False
d8ee8cfe6,,2266,349,11,False,False,False,27,11,1,True,0,False
d89ff7a2a,,4512,742,28,True,False,False,51,18,1,True,18,False
d894e01f0,,1215,229,19,True,False,False,58,5,1,True,0,False
d8a4b4054,,979,157,6,False,False,False,14,7,1,True,0,False
d86081b16,,2558,372,16,False,False,False,29,20,1,True,3,False
d8ab68f08,,1002,166,8,True,False,False,23,9,1,True,1,False
d8cbd7dde,,1007,146,6,False,False,False,7,4,1,False,0,False
d8e50d786,,5874,905,43,True,False,False,105,24,1,True,11,False
d8c5fae70,,2740,414,16,True,False,False,8,1,1,True,0,False
d86cd2a64,,2950,440,12,False,False,False,18,4,1,True,0,False
d89bd475e,,1075,189,11,True,False,False,38,11,1,True,0,False
d8194e7e4,,3867,645,29,True,False,False,82,22,1,True,0,True
d86b9708c,,8178,1320,61,True,False,False,180,54,1,True,4,False
d8124326a,,5408,862,36,False,False,False,115,42,1,True,0,True
d8c043a9a,,1400,234,12,True,False,False,40,8,1,True,1,False
d89e1e852,,428,54,2,False,False,False,0,0,0,False,0,False
d874d7854,,468,74,5,False,False,False,6,1,1,False,0,False
d8bd675d8,,4521,681,29,False,False,False,10,9,1,False,0,False
d819d259e,,462,73,3,False,False,False,6,3,1,False,0,False
d8cc9e1aa,,5113,853,43,True,False,False,186,33,1,True,22,False
d8f790c14,,5358,888,30,True,False,False,58,9,1,True,1,False
d8e83c650,,1377,233,14,True,False,False,22,9,2,True,0,False
d8ed89a72,,3643,682,28,True,False,False,70,4,1,True,0,False
d871ce3d8,,693,107,5,False,False,False,6,4,1,True,0,False
d8b8490b0,,1935,354,21,True,False,False,66,17,1,True,3,False
d81589514,,3307,545,23,True,False,False,30,6,1,True,0,True
d8c2352cc,,3236,514,20,True,False,False,43,10,1,True,2,False
d85e0b602,,3524,561,23,True,False,False,59,15,1,True,2,False
d81dec9c2,,1766,270,14,True,False,False,25,5,1,True,1,True
d8d698a52,,3005,491,23,True,False,False,42,6,2,False,14,False
d827cc6a4,,1692,315,20,True,False,False,45,6,1,True,0,True
d8afe3d76,,1121,165,7,False,False,False,15,5,1,True,0,False
d8df72bbe,,4830,753,33,True,False,False,82,14,1,True,0,False
d87be6d52,,3536,586,33,True,False,False,49,14,1,True,0,False
d864446ea,,4965,805,35,True,False,False,71,19,2,True,0,False
d8b5b946c,,920,189,10,True,False,False,60,4,1,True,4,False
d85dd9a80,,2518,375,15,True,False,False,44,2,1,True,0,False
d873feca2,,3425,537,31,True,False,False,83,22,1,True,0,False
d88f1e69a,,163,28,1,False,False,False,3,2,1,False,0,False
d8e77afa0,,1579,231,11,False,False,False,1,0,0,False,0,False
d878828b4,,2970,469,21,True,False,False,58,24,1,True,0,False
d89a9ce54,,3543,620,33,True,False,False,89,10,1,True,22,False
d8f125348,,2926,449,16,False,False,False,8,0,0,False,0,False
d8e7eb7c8,,1451,224,8,False,False,False,22,8,1,True,0,False
d871ce1da,,881,151,5,False,False,False,15,3,1,False,9,False
