query_id,corpus_id
qd4982518,dd4b9f7f6
qd4982518,dd4c3b9da
qd4982518,dd4971510
qd4982518,dd4be45d6
qd4982518,dd4bd3790
qd4982518,dd4bb016e
qd4982518,dd4bec0ec
qd4982518,dd4b89cbc
qd4982518,dd4b87d18
qd4982518,dd4c4f7aa
qd49795a8,dd4c05bc8
qd49795a8,dd4972226
qd49795a8,dd4c5937c
qd49795a8,dd4c17a26
qd49795a8,dd4ba276c
qd49795a8,dd4b86f44
qd49795a8,dd4c5aae2
qd49795a8,dd4b9f152
qd49795a8,dd496fd78
qd49795a8,dd4bcdf70
qd496f724,dd4c648e4
qd496f724,dd4c544d0
qd496f724,dd4ba4e36
qd496f724,dd4983698
qd496f724,dd498315c
qd496f724,dd4bcf62c
qd496f724,dd4bac14a
qd496f724,dd4ba9f94
qd496f724,dd4c1fcb2
qd496f724,dd4bd1c42
qd496f102,dd4bde26c
qd496f102,dd4c5937c
qd496f102,dd4b985b4
qd496f102,dd4c2f676
qd496f102,dd4972226
qd496f102,dd4c5e502
qd496f102,dd496f152
qd496f102,dd4b94608
qd496f102,dd4bc9f60
qd496f102,dd4c3010c
qd496f918,dd4bbbab4
qd496f918,dd4baf534
qd496f918,dd4ba0908
qd496f918,dd4c60bae
qd496f918,dd4c229ee
qd496f918,dd4ba898c
qd496f918,dd4c00844
qd496f918,dd496f968
qd496f918,dd498048e
qd496f918,dd4982f7c
qd49859fc,dd4c3b2b4
qd49859fc,dd4c4ca28
qd49859fc,dd497d14e
qd49859fc,dd4b8cb06
qd49859fc,dd4bbd6ac
qd49859fc,dd4b8dd76
qd49859fc,dd4b97f56
qd49859fc,dd4c30b66
qd49859fc,dd4bb027c
qd49859fc,dd4c57766
qd4981d2a,dd496ed24
qd4981d2a,dd4bde4e2
qd4981d2a,dd497f5e8
qd4981d2a,dd4b905bc
qd4981d2a,dd4c657f8
qd4981d2a,dd4be5b20
qd4981d2a,dd4b9704c
qd4981d2a,dd4c4dda6
qd4981d2a,dd4c2f16c
qd4981d2a,dd4b971e6
qd497d4aa,dd4befb5c
qd497d4aa,dd4bd153a
qd497d4aa,dd4c3cc86
qd497d4aa,dd4c05bc8
qd497d4aa,dd4c4b0a6
qd497d4aa,dd4c4f5de
qd497d4aa,dd4c17a26
qd497d4aa,dd4972226
qd497d4aa,dd4c159ec
qd497d4aa,dd4c5937c
qd497e0ee,dd497e134
qd497e0ee,dd4c5f498
qd497e0ee,dd4bb7e1e
qd497e0ee,dd496fea4
qd497e0ee,dd4bb1f8c
qd497e0ee,dd4be409a
qd497e0ee,dd4c229ee
qd497e0ee,dd4ba0908
qd497e0ee,dd4be0184
qd497e0ee,dd4c2d858
qd49850c4,dd497a3f4
qd49850c4,dd4c41a88
qd49850c4,dd4c4bc68
qd49850c4,dd4c01ae6
qd49850c4,dd497e760
qd49850c4,dd4c52d60
qd49850c4,dd4bc2e5e
qd49850c4,dd4bd7228
qd49850c4,dd4c4e0f8
qd49850c4,dd4970944
qd4982d6a,dd4bdddee
qd4982d6a,dd4bad842
qd4982d6a,dd4978b44
qd4982d6a,dd4bf0eb2
qd4982d6a,dd4c0bce4
qd4982d6a,dd4c2fb80
qd4982d6a,dd4bb9b92
qd4982d6a,dd4b8ebcc
qd4982d6a,dd4c5aae2
qd4982d6a,dd4c51de8
qd498998a,dd4b9cccc
qd498998a,dd4c17b16
qd498998a,dd4c55682
qd498998a,dd49869a6
qd498998a,dd4c14a24
qd498998a,dd4ba8b4e
qd498998a,dd4979094
qd498998a,dd4c53f26
qd498998a,dd4bdbf80
qd498998a,dd4bb32d8
qd4977906,dd4ba3e6e
qd4977906,dd4b87a02
qd4977906,dd4ba91e8
qd4977906,dd496d938
qd4977906,dd4b92f10
qd4977906,dd4be0b84
qd4977906,dd4b93d66
qd4977906,dd4b9a936
qd4977906,dd4bd519e
qd4977906,dd4bbb17c
qd498a6dc,dd497bae2
qd498a6dc,dd4c38834
qd498a6dc,dd4b9452c
qd498a6dc,dd4bae42c
qd498a6dc,dd4bdddee
qd498a6dc,dd4981082
qd498a6dc,dd4be0b84
qd498a6dc,dd496e3c4
qd498a6dc,dd497de0a
qd498a6dc,dd4bdf86a
qd498f128,dd498682a
qd498f128,dd4ba3d92
qd498f128,dd496df64
qd498f128,dd4bdbc06
qd498f128,dd4c29d3e
qd498f128,dd4c3dc30
qd498f128,dd496cd4e
qd498f128,dd4bb43c2
qd498f128,dd4c5081c
qd498f128,dd4ba1ace
qd4973770,dd4bbbab4
qd4973770,dd4baf534
qd4973770,dd4ba0908
qd4973770,dd4c60bae
qd4973770,dd4c229ee
qd4973770,dd4ba8856
qd4973770,dd4c00844
qd4973770,dd4b985b4
qd4973770,dd4ba81f8
qd4973770,dd4c391d0
qd498d6fc,dd4bf189e
qd498d6fc,dd4984020
qd498d6fc,dd497587c
qd498d6fc,dd4ba4e36
qd498d6fc,dd4c63b10
qd498d6fc,dd4bf8928
qd498d6fc,dd4c42c8a
qd498d6fc,dd4be38b6
qd498d6fc,dd4bc12fc
qd498d6fc,dd4b8ce1c
qd496d118,dd498a524
qd496d118,dd4bfd414
qd496d118,dd4b9d514
qd496d118,dd4baa548
qd496d118,dd4bb8fa8
qd496d118,dd4c3af26
qd496d118,dd4bd5eb4
qd496d118,dd497848c
qd496d118,dd4bc0dd4
qd496d118,dd4bc54e2
qd496f594,dd4bbe2a0
qd496f594,dd496f5c6
qd496f594,dd4c24e1a
qd496f594,dd4bc1b94
qd496f594,dd4c0119a
qd496f594,dd4c60c58
qd496f594,dd4bcfc62
qd496f594,dd4b87b10
qd496f594,dd4bd6166
qd496f594,dd4c1e9ca
qd49825e0,dd4970e26
qd49825e0,dd496ce98
qd49825e0,dd4c1311a
qd49825e0,dd4bcef88
qd49825e0,dd4984962
qd49825e0,dd4c51988
qd49825e0,dd4bb8fa8
qd49825e0,dd4bb4796
qd49825e0,dd4c36eda
qd49825e0,dd4c5699c
qd497a3b8,dd497a3f4
qd497a3b8,dd4c4bc68
qd497a3b8,dd4c41a88
qd497a3b8,dd4bdac8e
qd497a3b8,dd4c1e8a8
qd497a3b8,dd497e760
qd497a3b8,dd4c01ae6
qd497a3b8,dd4bd7228
qd497a3b8,dd4bbc8f6
qd497a3b8,dd4c4e0f8
qd497c528,dd497c582
qd497c528,dd4bb655a
qd497c528,dd4c09a2a
qd497c528,dd4ba3d92
qd497c528,dd4bbbf6e
qd497c528,dd4c13c64
qd497c528,dd4c00dee
qd497c528,dd4c1cc9c
qd497c528,dd4be0cba
qd497c528,dd4bb5d12
qd498f394,dd4c4e62a
qd498f394,dd4b8dd76
qd498f394,dd4c64a9c
qd498f394,dd4c5a9f2
qd498f394,dd4c5070e
qd498f394,dd4c1fcb2
qd498f394,dd4c52d60
qd498f394,dd4b933fc
qd498f394,dd4b9a08a
qd498f394,dd4c33f0a
qd4980326,dd497aec6
qd4980326,dd49889a4
qd4980326,dd4c111ee
qd4980326,dd4c5c9e6
qd4980326,dd4beeb30
qd4980326,dd497e274
qd4980326,dd4c50f60
qd4980326,dd4c63f0c
qd4980326,dd4c50394
qd4980326,dd4c5e9a8
qd498cc2a,dd497ad9a
qd498cc2a,dd4b94ed2
qd498cc2a,dd4b8c340
qd498cc2a,dd4c0781a
qd498cc2a,dd4c66176
qd498cc2a,dd4ba534a
qd498cc2a,dd4bbe1b0
qd498cc2a,dd4be50b2
qd498cc2a,dd4c159ec
qd498cc2a,dd4c247c6
qd497b7e0,dd4bdddee
qd497b7e0,dd4c091f6
qd497b7e0,dd4bcf62c
qd497b7e0,dd4bc3dea
qd497b7e0,dd4bc2044
qd497b7e0,dd4bd8682
qd497b7e0,dd4bf3fd6
qd497b7e0,dd4c1846c
qd497b7e0,dd4bd595a
qd497b7e0,dd4b986b8
qd498ed9a,dd4ba3d92
qd498ed9a,dd4bdbc06
qd498ed9a,dd4c3dc30
qd498ed9a,dd496df64
qd498ed9a,dd496cd4e
qd498ed9a,dd4bcbb1c
qd498ed9a,dd4baa548
qd498ed9a,dd497848c
qd498ed9a,dd4bc12fc
qd498ed9a,dd4bb0038
qd498e660,dd49827d4
qd498e660,dd4b9a08a
qd498e660,dd4c1fcb2
qd498e660,dd4ba4e36
qd498e660,dd4c648e4
qd498e660,dd4c53d0a
qd498e660,dd4c178a0
qd498e660,dd4bdbf80
qd498e660,dd4983698
qd498e660,dd4c02784
qd498d5e4,dd4b8c4ee
qd498d5e4,dd4bb3026
qd498d5e4,dd497edaa
qd498d5e4,dd4c32894
qd498d5e4,dd4b88aa6
qd498d5e4,dd4b96ca0
qd498d5e4,dd4975d4a
qd498d5e4,dd4bc2044
qd498d5e4,dd4c1201c
qd498d5e4,dd4ba002a
qd497c92e,dd4c37dd0
qd497c92e,dd4b9da64
qd497c92e,dd4c51d20
qd497c92e,dd4c558b2
qd497c92e,dd497de0a
qd497c92e,dd496ebc6
qd497c92e,dd4bf06ba
qd497c92e,dd4b9f292
qd497c92e,dd4bbb096
qd497c92e,dd4c07a04
qd498c428,dd4ba3e6e
qd498c428,dd4be0b84
qd498c428,dd4b87a02
qd498c428,dd496d938
qd498c428,dd4bbb17c
qd498c428,dd4b92f10
qd498c428,dd4ba91e8
qd498c428,dd4bd519e
qd498c428,dd4b912fa
qd498c428,dd4b93d66
qd4978d1a,dd4ba07d2
qd4978d1a,dd4bcf532
qd4978d1a,dd4c59034
qd4978d1a,dd4bdbed6
qd4978d1a,dd4bb227a
qd4978d1a,dd4b8e4d8
qd4978d1a,dd4bb6d3e
qd4978d1a,dd4c50c54
qd4978d1a,dd4ba2a5a
qd4978d1a,dd4c276ce
qd49792ba,dd4bbc040
qd49792ba,dd4b8e8f2
qd49792ba,dd4c42c8a
qd49792ba,dd4bf8928
qd49792ba,dd4bb4796
qd49792ba,dd49785cc
qd49792ba,dd49753cc
qd49792ba,dd4c09a2a
qd49792ba,dd4c326a0
qd49792ba,dd4c4d522
qd4980a06,dd4980a42
qd4980a06,dd4b9f7f6
qd4980a06,dd4be45d6
qd4980a06,dd4b87d18
qd4980a06,dd4bb99da
qd4980a06,dd4c35fb2
qd4980a06,dd4bc47a4
qd4980a06,dd4c121fc
qd4980a06,dd4c47d52
qd4980a06,dd4bf5e44
qd4973c3e,dd4973c8e
qd4973c3e,dd4c31ebc
qd4973c3e,dd4c28ca4
qd4973c3e,dd4b86df0
qd4973c3e,dd4c0bce4
qd4973c3e,dd4c1fa00
qd4973c3e,dd497a156
qd4973c3e,dd4bf7820
qd4973c3e,dd4b8b4d6
qd4973c3e,dd4b8874a
qd4986d0c,dd49797ec
qd4986d0c,dd4b90684
qd4986d0c,dd4b8da4c
qd4986d0c,dd4bca276
qd4986d0c,dd4c56e56
qd4986d0c,dd4bc899e
qd4986d0c,dd4c08d1e
qd4986d0c,dd4bf1cfe
qd4986d0c,dd4bd7caa
qd4986d0c,dd4bd8ed4
qd498650a,dd4c4cf78
qd498650a,dd4b8d254
qd498650a,dd4bb1e4c
qd498650a,dd4b9649e
qd498650a,dd4bc4c36
qd498650a,dd4c05bc8
qd498650a,dd4bc000a
qd498650a,dd4c4cc62
qd498650a,dd4b8df74
qd498650a,dd498655a
qd498c8b0,dd49870ae
qd498c8b0,dd4c4cf78
qd498c8b0,dd4bff886
qd498c8b0,dd49732c0
qd498c8b0,dd4b9b048
qd498c8b0,dd4c5aae2
qd498c8b0,dd4c49468
qd498c8b0,dd4c17756
qd498c8b0,dd4b8ebcc
qd498c8b0,dd4c47e6a
qd49781b2,dd49781f8
qd49781b2,dd4c51988
qd49781b2,dd4bb216c
qd49781b2,dd4bb8fa8
qd49781b2,dd4bf0eb2
qd49781b2,dd4c4a3cc
qd49781b2,dd4bc0dd4
qd49781b2,dd4bd91a4
qd49781b2,dd4baab10
qd49781b2,dd4bb76ee
qd498b1b8,dd4ba7a78
qd498b1b8,dd498b1f4
qd498b1b8,dd4bc75f8
qd498b1b8,dd4c0d670
qd498b1b8,dd4bdf78e
qd498b1b8,dd4c121fc
qd498b1b8,dd496f026
qd498b1b8,dd4c5c3b0
qd498b1b8,dd4bb3648
qd498b1b8,dd4b892a8
qd497214a,dd4c47e6a
qd497214a,dd49732c0
qd497214a,dd4bbe1b0
qd497214a,dd4c5d508
qd497214a,dd4b8bf1c
qd497214a,dd4bdb56c
qd497214a,dd4c4f2fa
qd497214a,dd4975e94
qd497214a,dd4bb9b92
qd497214a,dd4c4c438
qd4972b4a,dd4972b86
qd4972b4a,dd4bad4e6
qd4972b4a,dd4baed28
qd4972b4a,dd4b88fc4
qd4972b4a,dd4c5e502
qd4972b4a,dd4c5a20e
qd4972b4a,dd4bc4b46
qd4972b4a,dd4bf83c4
qd4972b4a,dd497a3f4
qd4972b4a,dd4c55e7a
qd4979c6a,dd4bdb65c
qd4979c6a,dd4c17616
qd4979c6a,dd4bbd300
qd4979c6a,dd4bc45a6
qd4979c6a,dd4c5a7ea
qd4979c6a,dd4c248b6
qd4979c6a,dd49749cc
qd4979c6a,dd496f026
qd4979c6a,dd4c47582
qd4979c6a,dd4bf094e
qd498c2de,dd4bdbf80
qd498c2de,dd4bc28d2
qd498c2de,dd4c247c6
qd498c2de,dd4ba28b6
qd498c2de,dd497314e
qd498c2de,dd4b8a6b2
qd498c2de,dd4b8f324
qd498c2de,dd4bcc7c4
qd498c2de,dd4bbc5d6
qd498c2de,dd4c3cc86
qd496e4f0,dd496e554
qd496e4f0,dd4c1d1ec
qd496e4f0,dd4c397b6
qd496e4f0,dd4b8c340
qd496e4f0,dd4baf2fa
qd496e4f0,dd49732c0
qd496e4f0,dd4bcbcf2
qd496e4f0,dd4bad842
qd496e4f0,dd4bfd5b8
qd496e4f0,dd4977456
qd4988300,dd49797ec
qd4988300,dd4c3b1d8
qd4988300,dd4bca276
qd4988300,dd4c4f4c6
qd4988300,dd4c5eb9c
qd4988300,dd4be3640
qd4988300,dd4c22ebc
qd4988300,dd497a67e
qd4988300,dd4c64a9c
qd4988300,dd4c59dea
qd497b4e8,dd497b524
qd497b4e8,dd4b96ca0
qd497b4e8,dd4c08e0e
qd497b4e8,dd4b8f0b8
qd497b4e8,dd4976010
qd497b4e8,dd4b95fc6
qd497b4e8,dd4ba2c44
qd497b4e8,dd4be2290
qd497b4e8,dd497ff02
qd497b4e8,dd497875c
qd496fbca,dd496fc06
qd496fbca,dd4bc7b52
qd496fbca,dd4b8f518
qd496fbca,dd4bc7c60
qd496fbca,dd4bb7108
qd496fbca,dd4c4ee72
qd496fbca,dd4b8de70
qd496fbca,dd4976a9c
qd496fbca,dd4b8c7be
qd496fbca,dd4ba73ca
qd4970ce6,dd4970d36
qd4970ce6,dd4c4b592
qd4970ce6,dd4bb51aa
qd4970ce6,dd4bd7caa
qd4970ce6,dd4b9306e
qd4970ce6,dd4bda392
qd4970ce6,dd4c3ee78
qd4970ce6,dd4bfc9d8
qd4970ce6,dd4b9ee6e
qd4970ce6,dd4be55f8
qd49885da,dd4974620
qd49885da,dd4b88394
qd49885da,dd4b8e64a
qd49885da,dd4c57b08
qd49885da,dd4b96390
qd49885da,dd4c1c7b0
qd49885da,dd4989e76
qd49885da,dd4c1fa00
qd49885da,dd4b9445a
qd49885da,dd4bea4b8
qd4982112,dd4b973b2
qd4982112,dd4982158
qd4982112,dd4bb5506
qd4982112,dd4c0a39e
qd4982112,dd4b9dc1c
qd4982112,dd4c2bb20
qd4982112,dd4bb655a
qd4982112,dd4bb3b48
qd4982112,dd4baaef8
qd4982112,dd4c4e1f2
qd498411a,dd4bddce0
qd498411a,dd4b8b4d6
qd498411a,dd4bd711a
qd498411a,dd4b95fc6
qd498411a,dd4c0bce4
qd498411a,dd4bf7820
qd498411a,dd4bd3d9e
qd498411a,dd4b92be6
qd498411a,dd4bda392
qd498411a,dd4b8874a
qd498d21a,dd4c55e7a
qd498d21a,dd496fc06
qd498d21a,dd4bf83c4
qd498d21a,dd4bc7b52
qd498d21a,dd497fb38
qd498d21a,dd4bfe2a6
qd498d21a,dd4c4fb38
qd498d21a,dd4bdbdd2
qd498d21a,dd4b8f518
qd498d21a,dd4bf84f0
qd4982770,dd4983698
qd4982770,dd4c1fcb2
qd4982770,dd49827d4
qd4982770,dd4c53d0a
qd4982770,dd4c58d46
qd4982770,dd4c178a0
qd4982770,dd4c58e5e
qd4982770,dd4bdbf80
qd4982770,dd4ba4e36
qd4982770,dd4c648e4
qd498de22,dd4976a9c
qd498de22,dd496d5d2
qd498de22,dd496fc06
qd498de22,dd4b8f518
qd498de22,dd4bc7b52
qd498de22,dd4c4ee72
qd498de22,dd4bc7c60
qd498de22,dd4bb7108
qd498de22,dd4b8c7be
qd498de22,dd4c5eaa2
qd498a5e2,dd497a156
qd498a5e2,dd4c5ee94
qd498a5e2,dd4bd711a
qd498a5e2,dd4bb6b4a
qd498a5e2,dd4b95fc6
qd498a5e2,dd4c2131e
qd498a5e2,dd4c65154
qd498a5e2,dd4c5d1d4
qd498a5e2,dd4b91e44
qd498a5e2,dd4bb5efc
qd498ce96,dd4b91048
qd498ce96,dd4bfd216
qd498ce96,dd4ba057a
qd498ce96,dd4c3d8a2
qd498ce96,dd4ba981e
qd498ce96,dd4bdad7e
qd498ce96,dd4bd368c
qd498ce96,dd4b981e0
qd498ce96,dd4c64a9c
qd498ce96,dd4bb1d3e
qd497b95c,dd497b9d4
qd497b95c,dd4bb4980
qd497b95c,dd4bbf380
qd497b95c,dd4c528e2
qd497b95c,dd4bb7270
qd497b95c,dd4970aa2
qd497b95c,dd4b9ec5c
qd497b95c,dd49732c0
qd497b95c,dd4b8e4d8
qd497b95c,dd4be8866
qd4978306,dd497774e
qd4978306,dd4baed28
qd4978306,dd4972b86
qd4978306,dd4bb2b58
qd4978306,dd496ddd4
qd4978306,dd4c5e502
qd4978306,dd4bad4e6
qd4978306,dd4c3eb94
qd4978306,dd4bd2822
qd4978306,dd4bcaf0a
qd4988422,dd4bad842
qd4988422,dd497ccb2
qd4988422,dd4c44418
qd4988422,dd4be966c
qd4988422,dd4b92240
qd4988422,dd4c5aae2
qd4988422,dd4974328
qd4988422,dd4bcaf0a
qd4988422,dd4be0b84
qd4988422,dd4b89ff0
qd4981186,dd4c5ee94
qd4981186,dd49811d6
qd4981186,dd4b9cfc4
qd4981186,dd4bcd94e
qd4981186,dd4bd711a
qd4981186,dd4bea9d6
qd4981186,dd4bed97e
qd4981186,dd4c53260
qd4981186,dd4bdd344
qd4981186,dd4bd8682
qd4976d12,dd4976d62
qd4976d12,dd4c527f2
qd4976d12,dd4986424
qd4976d12,dd4c1ddd6
qd4976d12,dd4bc36b0
qd4976d12,dd4c32a74
qd4976d12,dd4bf1722
qd4976d12,dd4bad842
qd4976d12,dd4c4af66
qd4976d12,dd4bb4da4
qd4971344,dd4b916e2
qd4971344,dd4ba940e
qd4971344,dd4c5e502
qd4971344,dd496f026
qd4971344,dd4974328
qd4971344,dd4bda392
qd4971344,dd496ce98
qd4971344,dd4bc1842
qd4971344,dd4bc1b94
qd4971344,dd4970e26
qd498cb30,dd4ba534a
qd498cb30,dd4bc33e0
qd498cb30,dd4b9a63e
qd498cb30,dd4b8ab80
qd498cb30,dd4bbe1b0
qd498cb30,dd4ba9d28
qd498cb30,dd4c0c5ea
qd498cb30,dd4bbf27c
qd498cb30,dd4ba75b4
qd498cb30,dd4be90a4
qd4989ac0,dd497b6a0
qd4989ac0,dd4b8f518
qd4989ac0,dd4bc8c64
qd4989ac0,dd4ba4ad0
qd4989ac0,dd4bc5ca8
qd4989ac0,dd4be55f8
qd4989ac0,dd4bfc9d8
qd4989ac0,dd4ba63da
qd4989ac0,dd4be6fe8
qd4989ac0,dd4979b84
qd4987784,dd49877e8
qd4987784,dd4c0e5c0
qd4987784,dd4b92614
qd4987784,dd4bf481e
qd4987784,dd4c633ea
qd4987784,dd4bb9b92
qd4987784,dd4985704
qd4987784,dd498315c
qd4987784,dd4ba4ad0
qd4987784,dd4bd6c1a
qd4983b3e,dd4c5d6ca
qd4983b3e,dd498d03a
qd4983b3e,dd496ca2e
qd4983b3e,dd4bd7caa
qd4983b3e,dd4bbad1c
qd4983b3e,dd4bec2fe
qd4983b3e,dd4b9f292
qd4983b3e,dd4c539b8
qd4983b3e,dd49899f8
qd4983b3e,dd4b8da4c
qd497843c,dd4c0ce78
qd497843c,dd4b8983e
qd497843c,dd4bc7db4
qd497843c,dd4bbc040
qd497843c,dd4c04c14
qd497843c,dd4972a1e
qd497843c,dd4bca168
qd497843c,dd497848c
qd497843c,dd496d15e
qd497843c,dd4bfd414
qd497feb2,dd497875c
qd497feb2,dd497ff02
qd497feb2,dd4bb82e2
qd497feb2,dd4be6fe8
qd497feb2,dd4c51b22
qd497feb2,dd4c0ad08
qd497feb2,dd4bc2e5e
qd497feb2,dd4c4cc62
qd497feb2,dd4b979de
qd497feb2,dd4c32772
qd4970de0,dd496ce98
qd4970de0,dd4970e26
qd4970de0,dd4c1311a
qd4970de0,dd4c4c726
qd4970de0,dd4c4b18c
qd4970de0,dd4c32178
qd4970de0,dd4974328
qd4970de0,dd4c09a2a
qd4970de0,dd4b8f324
qd4970de0,dd4be9338
qd498694c,dd49869a6
qd498694c,dd4c37394
qd498694c,dd4bee9d2
qd498694c,dd4b9c33a
qd498694c,dd4bb8b20
qd498694c,dd4bb9b92
qd498694c,dd4bb8602
qd498694c,dd4bbbab4
qd498694c,dd4970098
qd498694c,dd4bd97ee
qd497fc46,dd4c08bd4
qd497fc46,dd4bb90d4
qd497fc46,dd4c2c872
qd497fc46,dd4ba7f28
qd497fc46,dd4b8f1c6
qd497fc46,dd4c36fde
qd497fc46,dd4bff354
qd497fc46,dd4bd4262
qd497fc46,dd4bf9c7e
qd497fc46,dd4beb624
qd496dc08,dd496dc80
qd496dc08,dd4b91f52
qd496dc08,dd4bdddee
qd496dc08,dd4ba4ad0
qd496dc08,dd4c14146
qd496dc08,dd4bacaf0
qd496dc08,dd4bf43a0
qd496dc08,dd4bc6fe0
qd496dc08,dd4c4af66
qd496dc08,dd498cefa
qd498fc86,dd497be3e
qd498fc86,dd4c4b376
qd498fc86,dd4b8da4c
qd498fc86,dd4973c8e
qd498fc86,dd4c5750e
qd498fc86,dd498048e
qd498fc86,dd4b90684
qd498fc86,dd4c56898
qd498fc86,dd4b92d62
qd498fc86,dd4c3c0e2
qd496f404,dd4b8d844
qd496f404,dd4b89eec
qd496f404,dd4bdac8e
qd496f404,dd4c4d824
qd496f404,dd4b91e44
qd496f404,dd4c55cc2
qd496f404,dd496f454
qd496f404,dd4bb9458
qd496f404,dd4c121fc
qd496f404,dd4bc86ce
qd49703d6,dd4b90bb6
qd49703d6,dd4bc2044
qd49703d6,dd4b8c4ee
qd49703d6,dd4b9cccc
qd49703d6,dd497edaa
qd49703d6,dd4ba002a
qd49703d6,dd4b96ca0
qd49703d6,dd4be55f8
qd49703d6,dd4bc83ae
qd49703d6,dd4bff188
qd4974436,dd496fc06
qd4974436,dd4bc7b52
qd4974436,dd4c528e2
qd4974436,dd4bbf380
qd4974436,dd4c4ee72
qd4974436,dd4b8f518
qd4974436,dd4bc7c60
qd4974436,dd496d5d2
qd4974436,dd4b917dc
qd4974436,dd4b9405e
qd4981bfe,dd497e4cc
qd4981bfe,dd4bcf42e
qd4981bfe,dd4b9199e
qd4981bfe,dd4c1f226
qd4981bfe,dd4b89eec
qd4981bfe,dd49785cc
qd4981bfe,dd4b91b88
qd4981bfe,dd4be1aac
qd4981bfe,dd4c2843e
qd4981bfe,dd4bd1de6
qd4983256,dd4ba2a5a
qd4983256,dd4c04f66
qd4983256,dd4c52d60
qd4983256,dd4bb957a
qd4983256,dd4bea4b8
qd4983256,dd4b97e7a
qd4983256,dd4ba0b10
qd4983256,dd4ba2b5e
qd4983256,dd4ba3c48
qd4983256,dd4bf05de
qd496fd00,dd4b8e8f2
qd496fd00,dd4c5cebe
qd496fd00,dd4bf189e
qd496fd00,dd4c4a6c4
qd496fd00,dd4ba4e36
qd496fd00,dd4b9f292
qd496fd00,dd497587c
qd496fd00,dd4c63b10
qd496fd00,dd4b9e234
qd496fd00,dd4c39f40
qd4988a76,dd4c2add8
qd4988a76,dd4be90a4
qd4988a76,dd4c57b08
qd4988a76,dd4b94ed2
qd4988a76,dd497cdca
qd4988a76,dd4c4f5de
qd4988a76,dd4c5f09c
qd4988a76,dd4bc80a2
qd4988a76,dd4ba75b4
qd4988a76,dd4c247c6
qd497a926,dd4c0781a
qd497a926,dd4bb5d12
qd497a926,dd4b94ed2
qd497a926,dd4ba4e36
qd497a926,dd497cdca
qd497a926,dd4c648e4
qd497a926,dd497a976
qd497a926,dd4ba534a
qd497a926,dd4bbbf6e
qd497a926,dd4c60fc8
qd498c090,dd498c0cc
qd498c090,dd4bc36b0
qd498c090,dd4c4af66
qd498c090,dd4c00844
qd498c090,dd4b920e2
qd498c090,dd4b9d19a
qd498c090,dd4980772
qd498c090,dd4bd05a4
qd498c090,dd4b893de
qd498c090,dd4c29d3e
qd4984a16,dd4c65154
qd4984a16,dd4b95fc6
qd4984a16,dd4bb6b4a
qd4984a16,dd4c31ebc
qd4984a16,dd4c5ee94
qd4984a16,dd497d036
qd4984a16,dd4bfd69e
qd4984a16,dd4c53418
qd4984a16,dd4b8b4d6
qd4984a16,dd4bd230e
qd4970f34,dd4970f84
qd4970f34,dd4979f76
qd4970f34,dd496eee6
qd4970f34,dd4b9e8ce
qd4970f34,dd4c4ad90
qd4970f34,dd4be0cba
qd4970f34,dd4c5e048
qd4970f34,dd4bbbf6e
qd4970f34,dd4be50b2
qd4970f34,dd4bc28d2
qd4971722,dd49719f2
qd4971722,dd4bc26ca
qd4971722,dd4b93d66
qd4971722,dd4ba1308
qd4971722,dd4c2ae96
qd4971722,dd4ba13ee
qd4971722,dd4c1f924
qd4971722,dd4bed046
qd4971722,dd497de0a
qd4971722,dd4c1dff2
qd4987d7e,dd4981082
qd4987d7e,dd4bdf86a
qd4987d7e,dd4c51d20
qd4987d7e,dd4bbb096
qd4987d7e,dd496ebc6
qd4987d7e,dd497de0a
qd4987d7e,dd4c4b6be
qd4987d7e,dd4c37dd0
qd4987d7e,dd4bd4532
qd4987d7e,dd496e3c4
qd496c9c0,dd4c5d6ca
qd496c9c0,dd498d03a
qd496c9c0,dd496ca2e
qd496c9c0,dd4bbad1c
qd496c9c0,dd4bd7caa
qd496c9c0,dd4c5bdf2
qd496c9c0,dd4bec2fe
qd496c9c0,dd4b9f292
qd496c9c0,dd4c539b8
qd496c9c0,dd4c5cebe
qd49856aa,dd4bbe606
qd49856aa,dd497aec6
qd49856aa,dd4bcdf70
qd49856aa,dd4bacfa0
qd49856aa,dd4bb82e2
qd49856aa,dd4c4b452
qd49856aa,dd4c5e502
qd49856aa,dd4b8b972
qd49856aa,dd4bd84e8
qd49856aa,dd4b9c40c
qd49867da,dd498682a
qd49867da,dd49780b8
qd49867da,dd4be55f8
qd49867da,dd4c5081c
qd49867da,dd496df64
qd49867da,dd4c3dc30
qd49867da,dd4bb43c2
qd49867da,dd4bfc9d8
qd49867da,dd4b9b232
qd49867da,dd4c58418
qd4987b12,dd4987b58
qd4987b12,dd4c62fb2
qd4987b12,dd4be5a08
qd4987b12,dd4bea698
qd4987b12,dd4c4fde0
qd4987b12,dd4be1b9c
qd4987b12,dd4c5d1d4
qd4987b12,dd4972fd2
qd4987b12,dd4bac8ca
qd4987b12,dd497b06a
qd497471a,dd4c5f290
qd497471a,dd4b8705c
qd497471a,dd497477e
qd497471a,dd4b8db3c
qd497471a,dd4bb9e4e
qd497471a,dd4c322cc
qd497471a,dd4c07df6
qd497471a,dd4be643a
qd497471a,dd4ba1ef2
qd497471a,dd4be6cb4
qd498cd6a,dd49781f8
qd498cd6a,dd4bb216c
qd498cd6a,dd4c4a3cc
qd498cd6a,dd4b9a936
qd498cd6a,dd4bc0dd4
qd498cd6a,dd4be27ae
qd498cd6a,dd4b933fc
qd498cd6a,dd4bd91a4
qd498cd6a,dd4bbd300
qd498cd6a,dd4bcf794
qd4978054,dd4c596a6
qd4978054,dd4b90684
qd4978054,dd4bc0f5a
qd4978054,dd4974328
qd4978054,dd49780b8
qd4978054,dd4c5e502
qd4978054,dd4b8e046
qd4978054,dd4bd03a6
qd4978054,dd4bf06ba
qd4978054,dd4b916e2
qd49893e0,dd4c12896
qd49893e0,dd4be518e
qd49893e0,dd4ba63da
qd49893e0,dd4bf6a7e
qd49893e0,dd4bbdfbc
qd49893e0,dd4be9ad6
qd49893e0,dd4c2f676
qd49893e0,dd4c1f3fc
qd49893e0,dd4974328
qd49893e0,dd4bf1f10
qd497b006,dd4bd05a4
qd497b006,dd4bf3ee6
qd497b006,dd4bdbcc4
qd497b006,dd4c2423a
qd497b006,dd4c07a04
qd497b006,dd4bde5c8
qd497b006,dd497587c
qd497b006,dd4b9fb70
qd497b006,dd4c453ae
qd497b006,dd4c2b8f0
qd498f47a,dd4c37dd0
qd498f47a,dd4bdbcc4
qd498f47a,dd4c558b2
qd498f47a,dd4bf06ba
qd498f47a,dd4b9f292
qd498f47a,dd4b9da64
qd498f47a,dd4bc16bc
qd498f47a,dd4c51d20
qd498f47a,dd497de0a
qd498f47a,dd496ebc6
qd496ecd4,dd496ed24
qd496ecd4,dd4c2069e
qd496ecd4,dd4bde4e2
qd496ecd4,dd4c55682
qd496ecd4,dd4be5b20
qd496ecd4,dd4b905bc
qd496ecd4,dd497f5e8
qd496ecd4,dd4b918b8
qd496ecd4,dd4c4dda6
qd496ecd4,dd4c5aae2
qd4988152,dd4980a42
qd4988152,dd4b9f7f6
qd4988152,dd4be45d6
qd4988152,dd4b87d18
qd4988152,dd4b885a6
qd4988152,dd4bd2250
qd4988152,dd4b95cc4
qd4988152,dd4bdbdd2
qd4988152,dd498682a
qd4988152,dd4970642
qd498b99c,dd4b90774
qd498b99c,dd4bfec92
qd498b99c,dd4baf3ea
qd498b99c,dd4b918b8
qd498b99c,dd4ba48a0
qd498b99c,dd4c453ae
qd498b99c,dd4bce560
qd498b99c,dd4bf7f64
qd498b99c,dd4bfe9b8
qd498b99c,dd4bc0f5a
qd496e07c,dd4bdac8e
qd496e07c,dd4b8d65a
qd496e07c,dd4b93b5e
qd496e07c,dd4be9d60
qd496e07c,dd4b952d8
qd496e07c,dd4be17fa
qd496e07c,dd4bad842
qd496e07c,dd4bb59ac
qd496e07c,dd4b8a46e
qd496e07c,dd496f968
qd4977e06,dd4c4827a
qd4977e06,dd4987f04
qd4977e06,dd4977f8c
qd4977e06,dd4974062
qd4977e06,dd4b95fc6
qd4977e06,dd4c44418
qd4977e06,dd4c086ac
qd4977e06,dd4c56316
qd4977e06,dd4c35fb2
qd4977e06,dd4bd595a
qd498cfd6,dd498d03a
qd498cfd6,dd4bf8c16
qd498cfd6,dd4c07ed2
qd498cfd6,dd4b94266
qd498cfd6,dd4c13e26
qd498cfd6,dd4baca00
qd498cfd6,dd4980dd0
qd498cfd6,dd4bccf58
qd498cfd6,dd4bb340e
qd498cfd6,dd4b8c4ee
qd4979f26,dd4b9a63e
qd4979f26,dd4bb5d12
qd4979f26,dd4c0c5ea
qd4979f26,dd4bbc5d6
qd4979f26,dd4979602
qd4979f26,dd4bc9f60
qd4979f26,dd4ba9d28
qd4979f26,dd4bc33e0
qd4979f26,dd4987a22
qd4979f26,dd4c3cc86
qd4977410,dd49780b8
qd4977410,dd4b92d62
qd4977410,dd4c10fc8
qd4977410,dd4c17b16
qd4977410,dd4c56f32
qd4977410,dd4ba8b4e
qd4977410,dd4c2069e
qd4977410,dd4c537a6
qd4977410,dd4b90774
qd4977410,dd4b91b88
qd498d90e,dd4b87340
qd498d90e,dd4bf0eb2
qd498d90e,dd4be9ad6
qd498d90e,dd49781f8
qd498d90e,dd4bb216c
qd498d90e,dd4bde26c
qd498d90e,dd4b9cec0
qd498d90e,dd4bb9b92
qd498d90e,dd4bcce18
qd498d90e,dd4b8bf1c
qd497ca32,dd498a524
qd497ca32,dd4b9d514
qd497ca32,dd4baa548
qd497ca32,dd497848c
qd497ca32,dd4bb8fa8
qd497ca32,dd4bbc040
qd497ca32,dd4bc54e2
qd497ca32,dd4bd74e4
qd497ca32,dd4bd002c
qd497ca32,dd4bfd414
qd497cff0,dd497d036
qd497cff0,dd4beeb30
qd497cff0,dd4c33f0a
qd497cff0,dd4c2131e
qd497cff0,dd4b92be6
qd497cff0,dd4ba111e
qd497cff0,dd4b88e70
qd497cff0,dd497b164
qd497cff0,dd4ba81f8
qd497cff0,dd4bddce0
qd496d3f2,dd496d44c
qd496d3f2,dd4b924de
qd496d3f2,dd4b9ab8e
qd496d3f2,dd4c2fb80
qd496d3f2,dd4bcfe2e
qd496d3f2,dd4b86b98
qd496d3f2,dd4978b44
qd496d3f2,dd4c1fb36
qd496d3f2,dd4bab3e4
qd496d3f2,dd4c45e44
qd496eb76,dd4be9e5a
qd496eb76,dd4bce560
qd496eb76,dd496ebc6
qd496eb76,dd4b8761a
qd496eb76,dd4c54002
qd496eb76,dd4bdf86a
qd496eb76,dd4c51d20
qd496eb76,dd4bbf4ac
qd496eb76,dd4bfe9b8
qd496eb76,dd498a3da
qd498be10,dd4ba72a8
qd498be10,dd4c0aa92
qd498be10,dd4c4e8c8
qd498be10,dd4985fd8
qd498be10,dd4ba785c
qd498be10,dd4bc36b0
qd498be10,dd4b9d0b4
qd498be10,dd497ab7e
qd498be10,dd49736c6
qd498be10,dd49877e8
qd497f1d8,dd4b8bbf2
qd497f1d8,dd4bc12fc
qd497f1d8,dd4b8b29c
qd497f1d8,dd4be2d44
qd497f1d8,dd4ba203c
qd497f1d8,dd4c5bdf2
qd497f1d8,dd4c0bce4
qd497f1d8,dd4bef95e
qd497f1d8,dd4c20c52
qd497f1d8,dd4ba1ace
qd49779e2,dd498a524
qd49779e2,dd4b9d514
qd49779e2,dd4bd74e4
qd49779e2,dd497848c
qd49779e2,dd4bc09b0
qd49779e2,dd4baa548
qd49779e2,dd4bb8fa8
qd49779e2,dd4c3af26
qd49779e2,dd4bd5eb4
qd49779e2,dd4bd7caa
qd496ea54,dd4bdc4da
qd496ea54,dd4b90684
qd496ea54,dd4b8b4d6
qd496ea54,dd49797ec
qd496ea54,dd4b9af30
qd496ea54,dd4bdbcc4
qd496ea54,dd4984962
qd496ea54,dd4bb3648
qd496ea54,dd4bca276
qd496ea54,dd497a67e
qd4979b34,dd4bc8c64
qd4979b34,dd4c40034
qd4979b34,dd4979b84
qd4979b34,dd4b96e3a
qd4979b34,dd4bd1d0a
qd4979b34,dd4b9c16e
qd4979b34,dd4b9ee6e
qd4979b34,dd4b957d8
qd4979b34,dd4b971e6
qd4979b34,dd4c4d522
qd4978afe,dd4b924de
qd4978afe,dd4bbb668
qd4978afe,dd4c1f3fc
qd4978afe,dd4bc15d6
qd4978afe,dd4be9c84
qd4978afe,dd4975c1e
qd4978afe,dd4bcfe2e
qd4978afe,dd4c5c3b0
qd4978afe,dd4c17616
qd4978afe,dd4973d88
qd4989e12,dd4b9d19a
qd4989e12,dd4bd05a4
qd4989e12,dd498a3da
qd4989e12,dd4b8ca2a
qd4989e12,dd4bd4532
qd4989e12,dd4c453ae
qd4989e12,dd4bb8436
qd4989e12,dd4c62fb2
qd4989e12,dd4c13e26
qd4989e12,dd4bb4da4
qd498aace,dd4c5aae2
qd498aace,dd4bbe84a
qd498aace,dd4beffc6
qd498aace,dd4c3b2b4
qd498aace,dd4bcee8e
qd498aace,dd4bcf956
qd498aace,dd4b92d62
qd498aace,dd4c30b66
qd498aace,dd497692a
qd498aace,dd4bfc9d8
qd497d6c6,dd497d70c
qd497d6c6,dd4b87fde
qd497d6c6,dd4c326a0
qd497d6c6,dd49753cc
qd497d6c6,dd4c31af2
qd497d6c6,dd4c32b8c
qd497d6c6,dd4b90e72
qd497d6c6,dd4bd1800
qd497d6c6,dd4c44418
qd497d6c6,dd4b895c8
qd498d85a,dd4bad4e6
qd498d85a,dd4baed28
qd498d85a,dd4972b86
qd498d85a,dd4c3c8e4
qd498d85a,dd4bb2b58
qd498d85a,dd496ddd4
qd498d85a,dd4bb5d12
qd498d85a,dd497da9a
qd498d85a,dd4bb1c1c
qd498d85a,dd497340a
qd497f58e,dd496ed24
qd497f58e,dd4bde4e2
qd497f58e,dd4c2069e
qd497f58e,dd4b905bc
qd497f58e,dd4c4dda6
qd497f58e,dd4be5b20
qd497f58e,dd4b9704c
qd497f58e,dd4c55682
qd497f58e,dd4c2403c
qd497f58e,dd4b918b8
qd498a4d4,dd498a524
qd498a4d4,dd4b9d514
qd498a4d4,dd4bcbcf2
qd498a4d4,dd4bb8fa8
qd498a4d4,dd4bc54e2
qd498a4d4,dd4c09a2a
qd498a4d4,dd4bbc040
qd498a4d4,dd497e4cc
qd498a4d4,dd4bf5a52
qd498a4d4,dd4bb216c
qd4983a30,dd4bab3e4
qd4983a30,dd4bb1960
qd4983a30,dd4bf1cfe
qd4983a30,dd4c30d0a
qd4983a30,dd4c2f5a4
qd4983a30,dd4bf6a7e
qd4983a30,dd4c51c44
qd4983a30,dd4c52d60
qd4983a30,dd4c5e9a8
qd4983a30,dd4bd0d60
qd498fe8e,dd4c596a6
qd498fe8e,dd49780b8
qd498fe8e,dd4bd03a6
qd498fe8e,dd4970516
qd498fe8e,dd4ba3d92
qd498fe8e,dd4b8e046
qd498fe8e,dd4bc0f5a
qd498fe8e,dd4bf06ba
qd498fe8e,dd4bd1de6
qd498fe8e,dd4b8f0b8
qd498458e,dd4c5f290
qd498458e,dd4b8705c
qd498458e,dd497477e
qd498458e,dd4bb9e4e
qd498458e,dd4b8db3c
qd498458e,dd4be6cb4
qd498458e,dd4c07df6
qd498458e,dd4be643a
qd498458e,dd4c322cc
qd498458e,dd4c4c636
qd497b25e,dd4b8f1c6
qd497b25e,dd4ba7f28
qd497b25e,dd4c36fde
qd497b25e,dd4c24e1a
qd497b25e,dd4b8e4d8
qd497b25e,dd4bfde14
qd497b25e,dd4bcebb4
qd497b25e,dd4c65e10
qd497b25e,dd4b8ece4
qd497b25e,dd4bd938e
qd4984afc,dd4bb5d12
qd4984afc,dd4b94ed2
qd4984afc,dd4c0781a
qd4984afc,dd4ba4e36
qd4984afc,dd4b9704c
qd4984afc,dd497cdca
qd4984afc,dd4c247c6
qd4984afc,dd4b8a14e
qd4984afc,dd4bbbf6e
qd4984afc,dd4b8e2a8
qd497dedc,dd4be2862
qd497dedc,dd4c1f226
qd497dedc,dd4c53f26
qd497dedc,dd4c0831e
qd497dedc,dd498f254
qd497dedc,dd4c54aca
qd497dedc,dd4c0aec0
qd497dedc,dd4c5169a
qd497dedc,dd4be5a08
qd497dedc,dd4bb5402
qd4981e6a,dd496e554
qd4981e6a,dd4bbf57e
qd4981e6a,dd4c3c0e2
qd4981e6a,dd4ba8a5e
qd4981e6a,dd4c5d0f8
qd4981e6a,dd4bcbb1c
qd4981e6a,dd4c13e26
qd4981e6a,dd4c56316
qd4981e6a,dd4b9ef54
qd4981e6a,dd4bb5fd8
qd4975aca,dd4bad842
qd4975aca,dd4bdddee
qd4975aca,dd4c5aae2
qd4975aca,dd4b8c4ee
qd4975aca,dd4c51c44
qd4975aca,dd4c2f5a4
qd4975aca,dd4976682
qd4975aca,dd497edaa
qd4975aca,dd4c3d8a2
qd4975aca,dd497ccb2
qd4983508,dd4c64a9c
qd4983508,dd4b8f842
qd4983508,dd4bd368c
qd4983508,dd497ccb2
qd4983508,dd4b8a6b2
qd4983508,dd4bdad7e
qd4983508,dd4b95daa
qd4983508,dd4bfb0c4
qd4983508,dd4ba981e
qd4983508,dd4c14146
qd4985d26,dd4978f5e
qd4985d26,dd4b8bbf2
qd4985d26,dd4c5c3b0
qd4985d26,dd4bdd6dc
qd4985d26,dd4c0bce4
qd4985d26,dd4c14146
qd4985d26,dd498cefa
qd4985d26,dd4ba4e36
qd4985d26,dd4b9c16e
qd4985d26,dd4c520b8
qd496efe0,dd4c17616
qd496efe0,dd4bbd300
qd496efe0,dd4974328
qd496efe0,dd4c248b6
qd496efe0,dd4c5a7ea
qd496efe0,dd4b916e2
qd496efe0,dd4bdb65c
qd496efe0,dd4ba940e
qd496efe0,dd4bf094e
qd496efe0,dd4b9aab2
qd498885a,dd4976808
qd498885a,dd4bb810c
qd498885a,dd4b9d6ea
qd498885a,dd4bdeac8
qd498885a,dd4b8a270
qd498885a,dd4984020
qd498885a,dd4bbec82
qd498885a,dd4c5081c
qd498885a,dd4c48b62
qd498885a,dd4ba8f36
qd497ed64,dd4b9cccc
qd497ed64,dd4c13e26
qd497ed64,dd4bff188
qd497ed64,dd4c2403c
qd497ed64,dd4c37394
qd497ed64,dd4b8a7fc
qd497ed64,dd4b9c16e
qd497ed64,dd4bc229c
qd497ed64,dd4bcd4da
qd497ed64,dd497ccb2
qd49812d0,dd4c4e1f2
qd49812d0,dd497c582
qd49812d0,dd4be45d6
qd49812d0,dd4c5f894
qd49812d0,dd4b87d18
qd49812d0,dd4c111ee
qd49812d0,dd4b9f7f6
qd49812d0,dd4980a42
qd49812d0,dd4b93e60
qd49812d0,dd4b8fae0
qd497a26e,dd4bc36b0
qd497a26e,dd4bd4532
qd497a26e,dd497b06a
qd497a26e,dd4980772
qd497a26e,dd4b95954
qd497a26e,dd49889a4
qd497a26e,dd4c091f6
qd497a26e,dd4c1d854
qd497a26e,dd4ba0908
qd497a26e,dd4bccc06
qd497e878,dd4b96ca0
qd497e878,dd4ba002a
qd497e878,dd4c4b6be
qd497e878,dd4976682
qd497e878,dd4bc2f30
qd497e878,dd4bc83ae
qd497e878,dd4bfc9d8
qd497e878,dd4b91b88
qd497e878,dd4be55f8
qd497e878,dd497edaa
qd4973504,dd4be1b9c
qd4973504,dd4beac7e
qd4973504,dd4c53260
qd4973504,dd4b9cfc4
qd4973504,dd4c5e9a8
qd4973504,dd4bea9d6
qd4973504,dd4ba043a
qd4973504,dd4c2131e
qd4973504,dd4bcd94e
qd4973504,dd4be5a08
qd49770fa,dd4c111ee
qd49770fa,dd4c5f894
qd49770fa,dd49827d4
qd49770fa,dd4b9a08a
qd49770fa,dd4bbfcae
qd49770fa,dd4c4643e
qd49770fa,dd4bfae9e
qd49770fa,dd4bbd8a0
qd49770fa,dd4bf143e
qd49770fa,dd4bd2cd2
qd49878ce,dd4bd519e
qd49878ce,dd4bbb17c
qd49878ce,dd49818fc
qd49878ce,dd4b912fa
qd49878ce,dd4b92f10
qd49878ce,dd4b93d66
qd49878ce,dd4b9a936
qd49878ce,dd496d938
qd49878ce,dd4be0b84
qd49878ce,dd4ba3e6e
qd498482c,dd497b524
qd498482c,dd4ba1c86
qd498482c,dd4c08e0e
qd498482c,dd4b9ae72
qd498482c,dd4bbf380
qd498482c,dd4c528e2
qd498482c,dd498048e
qd498482c,dd4b8f518
qd498482c,dd4bebf02
qd498482c,dd4be6cb4
qd497cb22,dd4b87a02
qd497cb22,dd4b92f10
qd497cb22,dd496d938
qd497cb22,dd4be0b84
qd497cb22,dd4b9a936
qd497cb22,dd4b93d66
qd497cb22,dd4b86b98
qd497cb22,dd4b971e6
qd497cb22,dd4c52298
qd497cb22,dd4bd519e
qd497da68,dd497340a
qd497da68,dd497da9a
qd497da68,dd497a3f4
qd497da68,dd4c4bc68
qd497da68,dd497b29a
qd497da68,dd4bb655a
qd497da68,dd4bc3fc0
qd497da68,dd4b9cfc4
qd497da68,dd4bb6d3e
qd497da68,dd4bda02c
qd497562e,dd4b91d40
qd497562e,dd4bd7db8
qd497562e,dd4c11b12
qd497562e,dd4bce7a4
qd497562e,dd4bad842
qd497562e,dd4b971e6
qd497562e,dd497c6ae
qd497562e,dd4c100e6
qd497562e,dd4bbab00
qd497562e,dd4ba2b5e
qd498b6d6,dd4c1a4c4
qd498b6d6,dd4b93e60
qd498b6d6,dd4b94266
qd498b6d6,dd49781f8
qd498b6d6,dd4c63b10
qd498b6d6,dd4c5e502
qd498b6d6,dd4b96a84
qd498b6d6,dd4c121fc
qd498b6d6,dd4979f76
qd498b6d6,dd4bf8c16
qd498eb10,dd4bbe2a0
qd498eb10,dd496f5c6
qd498eb10,dd4c6501e
qd498eb10,dd4c16536
qd498eb10,dd4bc0884
qd498eb10,dd4c0119a
qd498eb10,dd4ba3590
qd498eb10,dd4bcfc62
qd498eb10,dd4ba1c86
qd498eb10,dd4b99900
qd498fd94,dd4979094
qd498fd94,dd4c53f26
qd498fd94,dd4b9cccc
qd498fd94,dd4c24a6e
qd498fd94,dd4c4e1f2
qd498fd94,dd4bace88
qd498fd94,dd4bd9d20
qd498fd94,dd4c64a9c
qd498fd94,dd4b8fc2a
qd498fd94,dd4c33d0c
qd496fa58,dd496faa8
qd496fa58,dd4b8eece
qd496fa58,dd4c5304e
qd496fa58,dd4b971e6
qd496fa58,dd4c36fde
qd496fa58,dd4bde5c8
qd496fa58,dd4c0fb0a
qd496fa58,dd4bc6856
qd496fa58,dd4c1ca1c
qd496fa58,dd4975250
qd4981640,dd4ba5c0a
qd4981640,dd4ba2b5e
qd4981640,dd497b06a
qd4981640,dd4c492f6
qd4981640,dd4b9cccc
qd4981640,dd4c1fa00
qd4981640,dd4c2d740
qd4981640,dd4ba543a
qd4981640,dd4b94608
qd4981640,dd4c1a4c4
qd497eb2a,dd4976808
qd497eb2a,dd4bb810c
qd497eb2a,dd4bdeac8
qd497eb2a,dd4c4b18c
qd497eb2a,dd4b8a270
qd497eb2a,dd4984020
qd497eb2a,dd4ba8f36
qd497eb2a,dd4bad842
qd497eb2a,dd4b92d62
qd497eb2a,dd4b9b7f0
qd496cfc4,dd496d014
qd496cfc4,dd4be2196
qd496cfc4,dd4bd65e4
qd496cfc4,dd4beee14
qd496cfc4,dd4b995e0
qd496cfc4,dd4ba4e36
qd496cfc4,dd4b9c40c
qd496cfc4,dd4ba5fa2
qd496cfc4,dd4b9f4ea
qd496cfc4,dd4c09098
qd497d5c2,dd4bc0adc
qd497d5c2,dd4b96ca0
qd497d5c2,dd4bc2f30
qd497d5c2,dd4ba002a
qd497d5c2,dd4be05ee
qd497d5c2,dd4b8c4ee
qd497d5c2,dd4c15da2
qd497d5c2,dd4c4b6be
qd497d5c2,dd4c1e0e2
qd497d5c2,dd4b91b88
qd497d964,dd4b9bda4
qd497d964,dd4979094
qd497d964,dd4bc9bbe
qd497d964,dd4b908e6
qd497d964,dd4bda02c
qd497d964,dd4bf91ac
qd497d964,dd4c3ee78
qd497d964,dd497e4cc
qd497d964,dd4c52f04
qd497d964,dd4bc86ce
qd497729e,dd4971178
qd497729e,dd4bae42c
qd497729e,dd4bafd54
qd497729e,dd4c3e590
qd497729e,dd4bfabec
qd497729e,dd4c52f04
qd497729e,dd4bd0d60
qd497729e,dd4c57b08
qd497729e,dd4bbee44
qd497729e,dd4c07cfc
qd49813d4,dd4984962
qd49813d4,dd4bb3d8c
qd49813d4,dd4bb2b58
qd49813d4,dd496ddd4
qd49813d4,dd4c5d0f8
qd49813d4,dd4c5ec82
qd49813d4,dd4be687c
qd49813d4,dd4bc1b94
qd49813d4,dd4c44418
qd49813d4,dd4bb4980
qd496df14,dd496df64
qd496df14,dd4ba3d92
qd496df14,dd4bf3ee6
qd496df14,dd4bdbc06
qd496df14,dd4be2d44
qd496df14,dd496cd4e
qd496df14,dd4baca00
qd496df14,dd4c248b6
qd496df14,dd4b90bb6
qd496df14,dd4c45e44
qd4973d42,dd4bc6b26
qd4973d42,dd4bad842
qd4973d42,dd4b89ff0
qd4973d42,dd4973d88
qd4973d42,dd4975c1e
qd4973d42,dd4c5c3b0
qd4973d42,dd4c4a6c4
qd4973d42,dd4c47582
qd4973d42,dd4bb416a
qd4973d42,dd4b93e60
qd49704da,dd4970516
qd49704da,dd4be678c
qd49704da,dd4983dc8
qd49704da,dd4ba16fa
qd49704da,dd4c4bc68
qd49704da,dd497947c
qd49704da,dd4c14416
qd49704da,dd4ba002a
qd49704da,dd4bafc78
qd49704da,dd4c17b16
qd497cc6c,dd497692a
qd497cc6c,dd4bad842
qd497cc6c,dd4bed97e
qd497cc6c,dd496e554
qd497cc6c,dd4ba0ca0
qd497cc6c,dd4bc6b26
qd497cc6c,dd4b9ee6e
qd497cc6c,dd4c4f6b0
qd497cc6c,dd498cefa
qd497cc6c,dd4c33d0c
qd496e374,dd4bdf86a
qd496e374,dd4bd595a
qd496e374,dd4b9fb70
qd496e374,dd4c4b6be
qd496e374,dd496e3c4
qd496e374,dd4bd4532
qd496e374,dd4bdbcc4
qd496e374,dd4b9d19a
qd496e374,dd498a3da
qd496e374,dd4981082
qd4975cf0,dd4975d4a
qd4975cf0,dd4c32894
qd4975cf0,dd4bc0adc
qd4975cf0,dd4bc229c
qd4975cf0,dd4b9cccc
qd4975cf0,dd4bff188
qd4975cf0,dd4c17b16
qd4975cf0,dd4b8e802
qd4975cf0,dd4b9beda
qd4975cf0,dd4be2862
qd4983fc6,dd4984020
qd4983fc6,dd4bc62ca
qd4983fc6,dd4b9a36e
qd4983fc6,dd4976808
qd4983fc6,dd4baad2c
qd4983fc6,dd4befcce
qd4983fc6,dd4c5aae2
qd4983fc6,dd4b9306e
qd4983fc6,dd4bc0bea
qd4983fc6,dd4bda392
qd4983ea4,dd4c121fc
qd4983ea4,dd4984962
qd4983ea4,dd4bb2b58
qd4983ea4,dd496ddd4
qd4983ea4,dd4bcfe2e
qd4983ea4,dd4bb4980
qd4983ea4,dd4bccc06
qd4983ea4,dd4b981e0
qd4983ea4,dd4be687c
qd4983ea4,dd4c5d0f8
qd49879d2,dd4987a22
qd49879d2,dd4bb293c
qd49879d2,dd4c5e502
qd49879d2,dd4c1cc9c
qd49879d2,dd4bc12fc
qd49879d2,dd4c5aae2
qd49879d2,dd4baad2c
qd49879d2,dd4bdf95a
qd49879d2,dd4b8bbf2
qd49879d2,dd4bc83ae
qd4987266,dd49872ac
qd4987266,dd4c354a4
qd4987266,dd4b912fa
qd4987266,dd4c52298
qd4987266,dd4b8c340
qd4987266,dd4c5a7ea
qd4987266,dd4c4a6c4
qd4987266,dd4b936f4
qd4987266,dd4bbcce8
qd4987266,dd4bda02c
qd4980204,dd4b8705c
qd4980204,dd497477e
qd4980204,dd4c5f290
qd4980204,dd4bb9e4e
qd4980204,dd4b8db3c
qd4980204,dd4bd1c42
qd4980204,dd4be643a
qd4980204,dd4be6cb4
qd4980204,dd4c07df6
qd4980204,dd4ba1ef2
qd4972c76,dd4bdf86a
qd4972c76,dd4981082
qd4972c76,dd4b9d19a
qd4972c76,dd498a3da
qd4972c76,dd4bf4468
qd4972c76,dd4bd4532
qd4972c76,dd4bd595a
qd4972c76,dd497de0a
qd4972c76,dd496ebc6
qd4972c76,dd4bbb096
qd498f858,dd4bd1d0a
qd498f858,dd4c1edb2
qd498f858,dd4c4e1f2
qd498f858,dd4b96e3a
qd498f858,dd4bc2044
qd498f858,dd4bfda0e
qd498f858,dd4bc83ae
qd498f858,dd4c1cc9c
qd498f858,dd4c13c64
qd498f858,dd4c5aae2
qd4987c84,dd49869a6
qd4987c84,dd4bad72a
qd4987c84,dd4c187be
qd4987c84,dd4c4f2fa
qd4987c84,dd4b995e0
qd4987c84,dd4c4249c
qd4987c84,dd4ba0660
qd4987c84,dd4c3d8a2
qd4987c84,dd4bbb370
qd4987c84,dd4bee9d2
qd497c672,dd497c6ae
qd497c672,dd4bee4e6
qd497c672,dd4c26738
qd497c672,dd4c11b12
qd497c672,dd4c529be
qd497c672,dd4b9beda
qd497c672,dd4bfb808
qd497c672,dd4baa73c
qd497c672,dd4c32894
qd497c672,dd4b95bc0
qd498764e,dd4bb82e2
qd498764e,dd4c4d108
qd498764e,dd4bccb34
qd498764e,dd4c3eb94
qd498764e,dd4bd2822
qd498764e,dd4ba2c44
qd498764e,dd4bd938e
qd498764e,dd4bcf532
qd498764e,dd4c4cc62
qd498764e,dd4bbae02
qd4978f04,dd4ba4e36
qd4978f04,dd4c0bce4
qd4978f04,dd4c5c3b0
qd4978f04,dd4bad842
qd4978f04,dd4c2cb10
qd4978f04,dd4c2663e
qd4978f04,dd4bc6b26
qd4978f04,dd4b916e2
qd4978f04,dd4c4e62a
qd4978f04,dd4bc7db4
qd49767c2,dd4bb810c
qd49767c2,dd4976808
qd49767c2,dd4c30b66
qd49767c2,dd4c26116
qd49767c2,dd4984020
qd49767c2,dd4b97cc2
qd49767c2,dd4c5aae2
qd49767c2,dd4c498dc
qd49767c2,dd4bb6b4a
qd49767c2,dd4bb9b92
qd498f9c0,dd4c648e4
qd498f9c0,dd4ba4e36
qd498f9c0,dd4b94ff4
qd498f9c0,dd4b9a08a
qd498f9c0,dd4ba9f94
qd498f9c0,dd4c1fcb2
qd498f9c0,dd4bd2732
qd498f9c0,dd498315c
qd498f9c0,dd4b92614
qd498f9c0,dd4bac14a
qd497d39c,dd4972b86
qd497d39c,dd4bad4e6
qd497d39c,dd4baed28
qd497d39c,dd4b8c6e2
qd497d39c,dd4c65e10
qd497d39c,dd4bcee8e
qd497d39c,dd4c4e1f2
qd497d39c,dd4bad3ce
qd497d39c,dd4bccb34
qd497d39c,dd4b894d8
qd498540c,dd4baa548
qd498540c,dd4c04c14
qd498540c,dd498a524
qd498540c,dd497848c
qd498540c,dd4b9d514
qd498540c,dd496d15e
qd498540c,dd4bb8fa8
qd498540c,dd4bc54e2
qd498540c,dd4bfd414
qd498540c,dd4985452
qd4988d64,dd4c248b6
qd4988d64,dd4974328
qd4988d64,dd4bf094e
qd4988d64,dd4ba940e
qd4988d64,dd4b916e2
qd4988d64,dd4c56bb8
qd4988d64,dd4bc1842
qd4988d64,dd496f026
qd4988d64,dd4c4a6c4
qd4988d64,dd4be9ad6
qd4982a22,dd4982158
qd4982a22,dd4b973b2
qd4982a22,dd4bb5506
qd4982a22,dd4c0a39e
qd4982a22,dd4c2bb20
qd4982a22,dd4b9dc1c
qd4982a22,dd4bb655a
qd4982a22,dd4baaef8
qd4982a22,dd4bb3b48
qd4982a22,dd4bdbdd2
qd496fe5e,dd4c4ae80
qd496fe5e,dd496fea4
qd496fe5e,dd4c5f894
qd496fe5e,dd4bf7a0a
qd496fe5e,dd497edaa
qd496fe5e,dd4bb4da4
qd496fe5e,dd4b96ca0
qd496fe5e,dd49816a4
qd496fe5e,dd4c1201c
qd496fe5e,dd4c2663e
qd4984912,dd4bdcb24
qd4984912,dd4b92b32
qd4984912,dd4b9c40c
qd4984912,dd4bdddee
qd4984912,dd4ba73ca
qd4984912,dd4c4ad90
qd4984912,dd4bb8b20
qd4984912,dd4c4af66
qd4984912,dd4b986b8
qd4984912,dd4bcb1a8
qd497d7e8,dd4bd153a
qd497d7e8,dd49741fc
qd497d7e8,dd4c4f5de
qd497d7e8,dd497d842
qd497d7e8,dd4c45e44
qd497d7e8,dd4c247c6
qd497d7e8,dd4ba6754
qd497d7e8,dd4bc9f60
qd497d7e8,dd4bbc31a
qd497d7e8,dd4c2add8
qd4985556,dd49780b8
qd4985556,dd497a67e
qd4985556,dd4bf7820
qd4985556,dd4bebf02
qd4985556,dd4c10fc8
qd4985556,dd4b92d62
qd4985556,dd4c5a9f2
qd4985556,dd497502a
qd4985556,dd497d036
qd4985556,dd4be3640
qd498efb6,dd49781f8
qd498efb6,dd4bb216c
qd498efb6,dd4be27ae
qd498efb6,dd4c4a3cc
qd498efb6,dd4bf8c16
qd498efb6,dd4bdddee
qd498efb6,dd4b933fc
qd498efb6,dd4bc0dd4
qd498efb6,dd4c1311a
qd498efb6,dd4bb76ee
qd497bbdc,dd4b87d18
qd497bbdc,dd4be45d6
qd497bbdc,dd4bd2250
qd497bbdc,dd4bb0bb4
qd497bbdc,dd4bbd4e0
qd497bbdc,dd4b885a6
qd497bbdc,dd4c0119a
qd497bbdc,dd4980a42
qd497bbdc,dd4b9f7f6
qd497bbdc,dd4bbe2a0
qd498d30a,dd4b9dc1c
qd498d30a,dd4c002fe
qd498d30a,dd4979094
qd498d30a,dd4c57b08
qd498d30a,dd4c4cd52
qd498d30a,dd4970f84
qd498d30a,dd4c17b16
qd498d30a,dd4bea74c
qd498d30a,dd4bd3b46
qd498d30a,dd4c2bb20
qd498a826,dd49869a6
qd498a826,dd4c4e1f2
qd498a826,dd4bb8602
qd498a826,dd4bee9d2
qd498a826,dd4c36fde
qd498a826,dd4be6340
qd498a826,dd4bde26c
qd498a826,dd4b9df82
qd498a826,dd4b9a152
qd498a826,dd4c3d8a2
qd497e5a8,dd4bcbde2
qd497e5a8,dd4c03b7a
qd497e5a8,dd4bacaf0
qd497e5a8,dd4be17fa
qd497e5a8,dd4c2e726
qd497e5a8,dd49818fc
qd497e5a8,dd4bd519e
qd497e5a8,dd497fb38
qd497e5a8,dd4b93d66
qd497e5a8,dd496d938
qd498e282,dd49785cc
qd498e282,dd4bab3e4
qd498e282,dd4bb1960
qd498e282,dd4c30d0a
qd498e282,dd4984962
qd498e282,dd4bf2852
qd498e282,dd4c4827a
qd498e282,dd4c56316
qd498e282,dd4c086ac
qd498e282,dd4bdcd7c
qd496f2b0,dd4b892a8
qd496f2b0,dd4bdddee
qd496f2b0,dd4c2131e
qd496f2b0,dd4b92d62
qd496f2b0,dd4c5d1d4
qd496f2b0,dd4bd8682
qd496f2b0,dd4b92b32
qd496f2b0,dd4ba1ace
qd496f2b0,dd4c30b66
qd496f2b0,dd4bc3dea
qd4970778,dd4bca866
qd4970778,dd4984020
qd4970778,dd4b8dd76
qd4970778,dd4c63b10
qd4970778,dd4b94928
qd4970778,dd4b8bf1c
qd4970778,dd4c1618a
qd4970778,dd4baab10
qd4970778,dd4970e26
qd4970778,dd4c1a4c4
qd498fbaa,dd4970516
qd498fbaa,dd4bd1de6
qd498fbaa,dd4b90684
qd498fbaa,dd4b91e44
qd498fbaa,dd497a156
qd498fbaa,dd4c53260
qd498fbaa,dd4bddce0
qd498fbaa,dd4c0bce4
qd498fbaa,dd4c52298
qd498fbaa,dd4bc0190
qd4976fc4,dd4bbc202
qd4976fc4,dd4b88920
qd4976fc4,dd4c4c53c
qd4976fc4,dd4bdf78e
qd4976fc4,dd4bfcf6e
qd4976fc4,dd4c3b9da
qd4976fc4,dd4be4e3c
qd4976fc4,dd4c5c572
qd4976fc4,dd4bf1060
qd4976fc4,dd4bcfc62
qd4984fac,dd4b97e7a
qd4984fac,dd4c52d60
qd4984fac,dd4c04f66
qd4984fac,dd4be4d56
qd4984fac,dd4bbb370
qd4984fac,dd4bea4b8
qd4984fac,dd4bb957a
qd4984fac,dd4ba0b10
qd4984fac,dd4ba2b5e
qd4984fac,dd4bf05de
qd49886d4,dd4984962
qd49886d4,dd4b92b32
qd49886d4,dd4b892a8
qd49886d4,dd4bcbb1c
qd49886d4,dd4bcd4da
qd49886d4,dd4974062
qd49886d4,dd4bb0038
qd49886d4,dd4bb3648
qd49886d4,dd4b920e2
qd49886d4,dd4c4b376
qd497a0fc,dd4c17f9e
qd497a0fc,dd4c4e62a
qd497a0fc,dd4b8874a
qd497a0fc,dd4c0bce4
qd497a0fc,dd4bac50a
qd497a0fc,dd497d036
qd497a0fc,dd4b9cfc4
qd497a0fc,dd4c55682
qd497a0fc,dd4beeb30
qd497a0fc,dd4bed97e
qd4983918,dd497da9a
qd4983918,dd497340a
qd4983918,dd4c3eb94
qd4983918,dd4c2f5a4
qd4983918,dd4ba981e
qd4983918,dd4c51988
qd4983918,dd4c4fde0
qd4983918,dd4bbb370
qd4983918,dd4c4e1f2
qd4983918,dd4bccc06
qd497b650,dd4c20130
qd497b650,dd4bdbcc4
qd497b650,dd4c37dd0
qd497b650,dd4c07a04
qd497b650,dd4c2423a
qd497b650,dd4b8f324
qd497b650,dd4c558b2
qd497b650,dd4b97722
qd497b650,dd497587c
qd497b650,dd4bf3ee6
qd498bcda,dd4c40034
qd498bcda,dd4b9c16e
qd498bcda,dd4bb3742
qd498bcda,dd4c64272
qd498bcda,dd4c37394
qd498bcda,dd4c13e26
qd498bcda,dd496e554
qd498bcda,dd4c4af66
qd498bcda,dd4c4d522
qd498bcda,dd4b971e6
qd4981776,dd4c63b10
qd4981776,dd4c58d46
qd4981776,dd4bca866
qd4981776,dd497d14e
qd4981776,dd4c1a4c4
qd4981776,dd4984020
qd4981776,dd4bb3648
qd4981776,dd4c4ed78
qd4981776,dd4bbd6ac
qd4981776,dd4b8cb06
qd498e372,dd4b9f292
qd498e372,dd4bde5c8
qd498e372,dd4c37dd0
qd498e372,dd4c2423a
qd498e372,dd4beaaee
qd498e372,dd497587c
qd498e372,dd496ebc6
qd498e372,dd4c07a04
qd498e372,dd4bdbcc4
qd498e372,dd4bf3ee6
qd496e64e,dd4bb416a
qd496e64e,dd4c55cc2
qd496e64e,dd4b8d844
qd496e64e,dd4c4d824
qd496e64e,dd4bdac8e
qd496e64e,dd4bc86ce
qd496e64e,dd49732c0
qd496e64e,dd4979094
qd496e64e,dd4c4a6c4
qd496e64e,dd4c3eb94
qd49708fe,dd4c65e10
qd49708fe,dd4c42172
qd49708fe,dd4c1e8a8
qd49708fe,dd4c5a20e
qd49708fe,dd4baa23c
qd49708fe,dd4c0c518
qd49708fe,dd4c4fde0
qd49708fe,dd4b95daa
qd49708fe,dd4bbd4e0
qd49708fe,dd4c043ae
qd498abe6,dd49736c6
qd498abe6,dd4bbae02
qd498abe6,dd4b87b10
qd498abe6,dd4ba3590
qd498abe6,dd4bccb34
qd498abe6,dd4b9da64
qd498abe6,dd4c2acb6
qd498abe6,dd4ba2b5e
qd498abe6,dd4c2b4cc
qd498abe6,dd4b88fc4
qd497d266,dd497d298
qd497d266,dd4bf3ee6
qd497d266,dd4b90c74
qd497d266,dd4c5c6e4
qd497d266,dd4b98f46
qd497d266,dd4b90d50
qd497d266,dd4b8c5c0
qd497d266,dd4bfc5c8
qd497d266,dd4c4ed78
qd497d266,dd4bc0f5a
qd497a84a,dd4bc6b26
qd497a84a,dd4bad842
qd497a84a,dd4c5c3b0
qd497a84a,dd4973d88
qd497a84a,dd4b89ff0
qd497a84a,dd4be9c84
qd497a84a,dd4c47582
qd497a84a,dd4975c1e
qd497a84a,dd496f026
qd497a84a,dd4c17616
qd4983c4c,dd4984020
qd4983c4c,dd4bdeac8
qd4983c4c,dd4b91f52
qd4983c4c,dd4c121fc
qd4983c4c,dd4baab10
qd4983c4c,dd4b8edd4
qd4983c4c,dd4c1cc9c
qd4983c4c,dd4bc2044
qd4983c4c,dd4b90bb6
qd4983c4c,dd4bdf95a
qd49714d4,dd4971510
qd49714d4,dd4b894d8
qd49714d4,dd4b8eafa
qd49714d4,dd4c4c53c
qd49714d4,dd4b8dc72
qd49714d4,dd4b93e60
qd49714d4,dd4c5304e
qd49714d4,dd4c52716
qd49714d4,dd4c121fc
qd49714d4,dd4b8c41c
qd498f204,dd4c59034
qd498f204,dd4c087b0
qd498f204,dd4980376
qd498f204,dd4bc29d6
qd498f204,dd4c4e1f2
qd498f204,dd4ba07d2
qd498f204,dd4b9bda4
qd498f204,dd4bb1d3e
qd498f204,dd4b8cc96
qd498f204,dd496c81c
qd497dcde,dd4c55cc2
qd497dcde,dd4bb416a
qd497dcde,dd4b8d65a
qd497dcde,dd4b952d8
qd497dcde,dd4b8d844
qd497dcde,dd4bc86ce
qd497dcde,dd4bdac8e
qd497dcde,dd496e694
qd497dcde,dd4b93e60
qd497dcde,dd4973d88
qd497f9bc,dd4c528e2
qd497f9bc,dd4bbf380
qd497f9bc,dd497b9d4
qd497f9bc,dd4bafc78
qd497f9bc,dd4b9ec5c
qd497f9bc,dd4bb4980
qd497f9bc,dd4970aa2
qd497f9bc,dd4bb7270
qd497f9bc,dd4c5937c
qd497f9bc,dd4be8866
qd496cb6e,dd4c1edb2
qd496cb6e,dd4c0aa92
qd496cb6e,dd4b96e3a
qd496cb6e,dd4bcc45e
qd496cb6e,dd4bdd6dc
qd496cb6e,dd4b9c16e
qd496cb6e,dd498cefa
qd496cb6e,dd4bd1d0a
qd496cb6e,dd4bc2044
qd496cb6e,dd4bbec82
qd497ec92,dd4bbf650
qd497ec92,dd4c02568
qd497ec92,dd4bdfc34
qd497ec92,dd4b8f0b8
qd497ec92,dd4b94ff4
qd497ec92,dd4c63b10
qd497ec92,dd4bbc040
qd497ec92,dd4c32178
qd497ec92,dd4c5699c
qd497ec92,dd4c4b18c
qd496d8f2,dd496d938
qd496d8f2,dd4b912fa
qd496d8f2,dd497fb38
qd496d8f2,dd4bad842
qd496d8f2,dd4ba3e6e
qd496d8f2,dd4c2fb80
qd496d8f2,dd4b9c33a
qd496d8f2,dd4c4a6c4
qd496d8f2,dd4bed492
qd496d8f2,dd4bc6b26
qd498103c,dd4981082
qd498103c,dd49797ec
qd498103c,dd4c4e8c8
qd498103c,dd4bc5ca8
qd498103c,dd4c04688
qd498103c,dd4bda464
qd498103c,dd4bbc41e
qd498103c,dd4ba72a8
qd498103c,dd4ba83ec
qd498103c,dd4c56cb2
qd498043e,dd4bc654a
qd498043e,dd4b87796
qd498043e,dd4b9d0b4
qd498043e,dd4bbec82
qd498043e,dd4c5750e
qd498043e,dd4ba002a
qd498043e,dd4b982d0
qd498043e,dd4c30b66
qd498043e,dd4c024aa
qd498043e,dd4ba057a
qd4980f24,dd4c355f8
qd4980f24,dd4980f7e
qd4980f24,dd4c6528a
qd4980f24,dd4bb8daa
qd4980f24,dd4bcaf0a
qd4980f24,dd4bbe84a
qd4980f24,dd4b9687c
qd4980f24,dd4be7b28
qd4980f24,dd4bc7a6c
qd4980f24,dd4bc1b94
qd4977be0,dd4971178
qd4977be0,dd4c159ec
qd4977be0,dd4b8fe50
qd4977be0,dd4bd0d60
qd4977be0,dd4b92a2e
qd4977be0,dd4c2e58c
qd4977be0,dd4c3e590
qd4977be0,dd49833dc
qd4977be0,dd4c61842
qd4977be0,dd4bcee8e
qd498a100,dd4984962
qd498a100,dd4c5bc8a
qd498a100,dd4bb8b20
qd498a100,dd49737c0
qd498a100,dd4bc3dea
qd498a100,dd4b95954
qd498a100,dd4bd3d9e
qd498a100,dd4c047e6
qd498a100,dd4b99bf8
qd498a100,dd4bb0038
qd4975fb6,dd4bb82e2
qd4975fb6,dd4c4d108
qd4975fb6,dd4bd2822
qd4975fb6,dd4c3eb94
qd4975fb6,dd4bccb34
qd4975fb6,dd4c4cc62
qd4975fb6,dd4bcf532
qd4975fb6,dd4ba2c44
qd4975fb6,dd4bd938e
qd4975fb6,dd4bdbed6
qd49763a8,dd49763da
qd49763a8,dd4bda02c
qd49763a8,dd4c1e8a8
qd49763a8,dd4b87b10
qd49763a8,dd4bc67a2
qd49763a8,dd4c25324
qd49763a8,dd4bdfb4e
qd49763a8,dd4be7d3a
qd49763a8,dd4c00dee
qd49763a8,dd4bf9f80
qd4985f56,dd4985fd8
qd4985f56,dd4c2093c
qd4985f56,dd4bcaf0a
qd4985f56,dd4b88bfa
qd4985f56,dd4bad180
qd4985f56,dd4ba4e36
qd4985f56,dd4bc774c
qd4985f56,dd4984962
qd4985f56,dd4baee40
qd4985f56,dd4b8ae64
qd4983652,dd4983698
qd4983652,dd4c1fcb2
qd4983652,dd49827d4
qd4983652,dd4c58d46
qd4983652,dd4c53d0a
qd4983652,dd4c3ecde
qd4983652,dd498315c
qd4983652,dd4bdbf80
qd4983652,dd4c178a0
qd4983652,dd4c544d0
qd4975822,dd497587c
qd4975822,dd49899f8
qd4975822,dd4ba5fa2
qd4975822,dd4bcdcaa
qd4975822,dd49797ec
qd4975822,dd4bd002c
qd4975822,dd4c30b66
qd4975822,dd4b9f292
qd4975822,dd4bd4c58
qd4975822,dd4b8eafa
qd49846ec,dd4bf189e
qd49846ec,dd4b9f292
qd49846ec,dd496e8ec
qd49846ec,dd4bbd256
qd49846ec,dd4c2dccc
qd49846ec,dd4c07a04
qd49846ec,dd4c322cc
qd49846ec,dd4c52298
qd49846ec,dd4b8eafa
qd49846ec,dd4c37394
qd49798f0,dd4bad4e6
qd49798f0,dd4baed28
qd49798f0,dd4972b86
qd49798f0,dd4c3c8e4
qd49798f0,dd496ddd4
qd49798f0,dd4bb2b58
qd49798f0,dd4c51c44
qd49798f0,dd496fd78
qd49798f0,dd4bb6398
qd49798f0,dd496ce98
qd497c3de,dd4c42172
qd497c3de,dd4c5a20e
qd497c3de,dd4c33d0c
qd497c3de,dd4bdec9e
qd497c3de,dd4be2b32
qd497c3de,dd4c1e8a8
qd497c3de,dd4bbc8f6
qd497c3de,dd4c0c518
qd497c3de,dd4bbd4e0
qd497c3de,dd4c65e10
qd4974012,dd4974062
qd4974012,dd4c57766
qd4974012,dd4c4b376
qd4974012,dd4bb3648
qd4974012,dd4ba398c
qd4974012,dd4b981e0
qd4974012,dd4bb6398
qd4974012,dd4c2093c
qd4974012,dd4bad180
qd4974012,dd4bb04e8
qd4987018,dd4baa548
qd4987018,dd4ba8662
qd4987018,dd4c3af26
qd4987018,dd49870ae
qd4987018,dd497848c
qd4987018,dd4bd0162
qd4987018,dd4c47e6a
qd4987018,dd4bd5eb4
qd4987018,dd4c51988
qd4987018,dd498989a
qd498b06e,dd49891e2
qd498b06e,dd4c4dea0
qd498b06e,dd4c030c6
qd498b06e,dd4bc907e
qd498b06e,dd4bc9ca4
qd498b06e,dd4c56f32
qd498b06e,dd4c2069e
qd498b06e,dd4c53bca
qd498b06e,dd4c20130
qd498b06e,dd4bb4a7a
qd49860dc,dd4975e94
qd49860dc,dd4bf3fd6
qd49860dc,dd4b971e6
qd49860dc,dd4c2e58c
qd49860dc,dd4b95bc0
qd49860dc,dd4b97600
qd49860dc,dd4979e04
qd49860dc,dd4c31818
qd49860dc,dd4972a1e
qd49860dc,dd4b9436a
qd498aee8,dd497d298
qd498aee8,dd4c2423a
qd498aee8,dd4b9f292
qd498aee8,dd4c07a04
qd498aee8,dd4b9e234
qd498aee8,dd4bfc5c8
qd498aee8,dd4b8e8f2
qd498aee8,dd497587c
qd498aee8,dd497de0a
qd498aee8,dd4bdbcc4
qd497f0a2,dd496dc80
qd497f0a2,dd4bf43a0
qd497f0a2,dd4c45e44
qd497f0a2,dd4bbc31a
qd497f0a2,dd4b8bd14
qd497f0a2,dd4987a22
qd497f0a2,dd4978b44
qd497f0a2,dd4c19cae
qd497f0a2,dd4ba940e
qd497f0a2,dd4bb66cc
qd4972f78,dd4ba2c44
qd4972f78,dd4b8e4d8
qd4972f78,dd4c36fde
qd4972f78,dd4bed97e
qd4972f78,dd4c0fb0a
qd4972f78,dd4bdfb4e
qd4972f78,dd4c65e10
qd4972f78,dd4c4fde0
qd4972f78,dd4b8f1c6
qd4972f78,dd4bd1648
qd49768da,dd497692a
qd49768da,dd497ccb2
qd49768da,dd4bdd286
qd49768da,dd4b87b10
qd49768da,dd4c51c44
qd49768da,dd4b92b32
qd49768da,dd4b95daa
qd49768da,dd4ba0ca0
qd49768da,dd4b91048
qd49768da,dd4c3d8a2
qd498a218,dd4988c1a
qd498a218,dd4ba5fa2
qd498a218,dd4c53f26
qd498a218,dd4bb7c52
qd498a218,dd4c5739c
qd498a218,dd4bcc45e
qd498a218,dd4c2069e
qd498a218,dd4ba74c4
qd498a218,dd4c178a0
qd498a218,dd4c5d80a
qd4970bd8,dd4c08bd4
qd4970bd8,dd4bb90d4
qd4970bd8,dd4bdc084
qd4970bd8,dd4c2c872
qd4970bd8,dd4c65c30
qd4970bd8,dd4b8f1c6
qd4970bd8,dd4ba7f28
qd4970bd8,dd4c1ca1c
qd4970bd8,dd4b9cde4
qd4970bd8,dd4b8eece
qd497780c,dd4bc6856
qd497780c,dd4c04f66
qd497780c,dd4ba2a5a
qd497780c,dd4c52612
qd497780c,dd4bb82e2
qd497780c,dd4bcf532
qd497780c,dd4b8e4d8
qd497780c,dd4bd938e
qd497780c,dd4be4d56
qd497780c,dd4bae31e
qd4980c18,dd4c276ce
qd4980c18,dd4bda630
qd4980c18,dd4b8b896
qd4980c18,dd4c393a6
qd4980c18,dd4b91c64
qd4980c18,dd4bb407a
qd4980c18,dd4ba2eba
qd4980c18,dd4bec3f8
qd4980c18,dd4980c68
qd4980c18,dd4c4a82c
qd4984214,dd4c03b7a
qd4984214,dd4bdcb24
qd4984214,dd4c32178
qd4984214,dd4bad842
qd4984214,dd4bacaf0
qd4984214,dd4c4a3cc
qd4984214,dd4c2e726
qd4984214,dd4ba73ca
qd4984214,dd4bd3484
qd4984214,dd4bc1c7a
qd497ef44,dd4bfae9e
qd497ef44,dd4c1e5c4
qd497ef44,dd4b982d0
qd497ef44,dd4c4cc62
qd497ef44,dd4bb82e2
qd497ef44,dd4c545b6
qd497ef44,dd4bd2822
qd497ef44,dd4c60992
qd497ef44,dd4bd938e
qd497ef44,dd4ba2c44
qd496da50,dd4c17a26
qd496da50,dd4bd74e4
qd496da50,dd4c38ce4
qd496da50,dd4b8d90c
qd496da50,dd4bd7caa
qd496da50,dd4b9b048
qd496da50,dd4b92d62
qd496da50,dd4b882ae
qd496da50,dd497c870
qd496da50,dd4bb9b92
qd496dd84,dd4be687c
qd496dd84,dd496ddd4
qd496dd84,dd4bb2b58
qd496dd84,dd4bb3d8c
qd496dd84,dd4bc1b94
qd496dd84,dd4c5ec82
qd496dd84,dd4984962
qd496dd84,dd4c44418
qd496dd84,dd4c5d0f8
qd496dd84,dd4bb4980
qd4977f3c,dd4bfabec
qd4977f3c,dd4bad842
qd4977f3c,dd498cefa
qd4977f3c,dd4b8a7fc
qd4977f3c,dd4bdd6dc
qd4977f3c,dd4c20842
qd4977f3c,dd4c4dea0
qd4977f3c,dd4c1a4c4
qd4977f3c,dd4bc12fc
qd4977f3c,dd497ccb2
qd496d596,dd4be45d6
qd496d596,dd4b87d18
qd496d596,dd4b88920
qd496d596,dd4ba3590
qd496d596,dd4bf5c14
qd496d596,dd4bb0bb4
qd496d596,dd4bf6f9c
qd496d596,dd4bae6b6
qd496d596,dd4c4f7aa
qd496d596,dd4b9f7f6
qd4990190,dd4bec0ec
qd4990190,dd49901cc
qd4990190,dd4c6501e
qd4990190,dd4b94b76
qd4990190,dd4bf83c4
qd4990190,dd497b9d4
qd4990190,dd4bc8ebc
qd4990190,dd4b8c41c
qd4990190,dd4c528e2
qd4990190,dd4c1862e
qd496d758,dd49797ec
qd496d758,dd4b90684
qd496d758,dd4984962
qd496d758,dd4b8b4d6
qd496d758,dd4b9af30
qd496d758,dd4bf7820
qd496d758,dd4bb3648
qd496d758,dd497a67e
qd496d758,dd49780b8
qd496d758,dd4c10fc8
qd497264a,dd4bdb65c
qd497264a,dd4c17616
qd497264a,dd4c5a7ea
qd497264a,dd4bbd300
qd497264a,dd4bc45a6
qd497264a,dd4c248b6
qd497264a,dd49749cc
qd497264a,dd4974328
qd497264a,dd496f026
qd497264a,dd4bf094e
qd49863d4,dd4bc9a9c
qd49863d4,dd4bcd5f2
qd49863d4,dd4ba4e36
qd49863d4,dd4bd2bd8
qd49863d4,dd4be5ef4
qd49863d4,dd4bcbb1c
qd49863d4,dd4bc12fc
qd49863d4,dd4bd8682
qd49863d4,dd4b901ac
qd49863d4,dd4bafd54
qd498c194,dd496ebc6
qd498c194,dd4b9f292
qd498c194,dd4c2423a
qd498c194,dd4beaaee
qd498c194,dd4b89ac8
qd498c194,dd4c37dd0
qd498c194,dd4bde5c8
qd498c194,dd497587c
qd498c194,dd497de0a
qd498c194,dd4c07a04
qd498f6f0,dd4bcc7c4
qd498f6f0,dd4bb885a
qd498f6f0,dd498f754
qd498f6f0,dd4c52f04
qd498f6f0,dd4c07cfc
qd498f6f0,dd4b92d62
qd498f6f0,dd4b92f10
qd498f6f0,dd4c25860
qd498f6f0,dd4987a22
qd498f6f0,dd4bad842
qd497b11e,dd4c4e62a
qd497b11e,dd49889a4
qd497b11e,dd4b92be6
qd497b11e,dd4bd2bd8
qd497b11e,dd4bd3d9e
qd497b11e,dd4bb5efc
qd497b11e,dd4c0bce4
qd497b11e,dd4bebf02
qd497b11e,dd4bd711a
qd497b11e,dd4c65154
qd496d2b2,dd4979a3a
qd496d2b2,dd4b9f4ea
qd496d2b2,dd4b915f2
qd496d2b2,dd4b995e0
qd496d2b2,dd4b94720
qd496d2b2,dd4be5d3c
qd496d2b2,dd4beee14
qd496d2b2,dd4c2eb4a
qd496d2b2,dd4c11518
qd496d2b2,dd4bf5f66
qd496e252,dd49797ec
qd496e252,dd49899f8
qd496e252,dd4bdce30
qd496e252,dd4bcdcaa
qd496e252,dd4b9f292
qd496e252,dd4bc16bc
qd496e252,dd4c5d6ca
qd496e252,dd4b996e4
qd496e252,dd4c539b8
qd496e252,dd4c2a0d6
qd497019c,dd4c17a26
qd497019c,dd4c322cc
qd497019c,dd4bd7caa
qd497019c,dd4bd74e4
qd497019c,dd4c5e9a8
qd497019c,dd4b90684
qd497019c,dd4b95a76
qd497019c,dd498048e
qd497019c,dd4b9b048
qd497019c,dd4b9907c
qd497bf38,dd4971510
qd497bf38,dd4b894d8
qd497bf38,dd4c4c53c
qd497bf38,dd4bb5506
qd497bf38,dd4c4e1f2
qd497bf38,dd4bcbcf2
qd497bf38,dd4be6fe8
qd497bf38,dd4be2b32
qd497bf38,dd4b91048
qd497bf38,dd4bbb370
qd49733ce,dd4c16536
qd49733ce,dd497340a
qd49733ce,dd4c4f7aa
qd49733ce,dd4c6501e
qd49733ce,dd4c0fb0a
qd49733ce,dd4be026a
qd49733ce,dd4c528e2
qd49733ce,dd4bf6f9c
qd49733ce,dd4bbf380
qd49733ce,dd4bdf78e
qd49730fe,dd497314e
qd49730fe,dd49732c0
qd49730fe,dd4c49468
qd49730fe,dd49780b8
qd49730fe,dd4b8b4d6
qd49730fe,dd4b9b048
qd49730fe,dd4c4e62a
qd49730fe,dd4bd7b9c
qd49730fe,dd4befb5c
qd49730fe,dd4c4cf78
qd4976632,dd4976682
qd4976632,dd4985e7a
qd4976632,dd4c13e26
qd4976632,dd4980dd0
qd4976632,dd4bc0adc
qd4976632,dd4bb340e
qd4976632,dd4b96ca0
qd4976632,dd4bccf58
qd4976632,dd4bfefa8
qd4976632,dd4b9beda
qd497dbb2,dd496dc80
qd497dbb2,dd4b96a84
qd497dbb2,dd4bf43a0
qd497dbb2,dd4bdddee
qd497dbb2,dd4b8bd14
qd497dbb2,dd4c4f2fa
qd497dbb2,dd4bf3ee6
qd497dbb2,dd4c0aec0
qd497dbb2,dd4bdcb24
qd497dbb2,dd4ba73ca
qd498e02a,dd4bd7b9c
qd498e02a,dd4bce1c8
qd498e02a,dd4befb5c
qd498e02a,dd4b9b93a
qd498e02a,dd4c4cf78
qd498e02a,dd4bb3ea4
qd498e02a,dd49732c0
qd498e02a,dd4bc729c
qd498e02a,dd4b9b048
qd498e02a,dd497314e
qd498c572,dd4bde5c8
qd498c572,dd4bb7270
qd498c572,dd4b8f1c6
qd498c572,dd4c1ca1c
qd498c572,dd4ba7f28
qd498c572,dd4c0a39e
qd498c572,dd4c37498
qd498c572,dd4c36fde
qd498c572,dd4c54bf6
qd498c572,dd4bcebb4
qd498c7b6,dd497e760
qd498c7b6,dd4970944
qd498c7b6,dd4c1e5c4
qd498c7b6,dd4ba5d86
qd498c7b6,dd4bbc8f6
qd498c7b6,dd4bc2e5e
qd498c7b6,dd4bd938e
qd498c7b6,dd4bdfb4e
qd498c7b6,dd4c01ae6
qd498c7b6,dd4c4e0f8
qd49764fc,dd4b900b2
qd49764fc,dd4b915f2
qd49764fc,dd4b9f4ea
qd49764fc,dd4b94720
qd49764fc,dd4979a3a
qd49764fc,dd4b995e0
qd49764fc,dd4beee14
qd49764fc,dd4bbc41e
qd49764fc,dd4c11518
qd49764fc,dd4c56cb2
qd49754ee,dd4b9cde4
qd49754ee,dd4c1ca1c
qd49754ee,dd4ba02f0
qd49754ee,dd4b9405e
qd49754ee,dd4be518e
qd49754ee,dd4c24e1a
qd49754ee,dd4c0a39e
qd49754ee,dd4b8f1c6
qd49754ee,dd4970aa2
qd49754ee,dd4c36fde
qd498a38a,dd4bd595a
qd498a38a,dd4bd4532
qd498a38a,dd4977c4e
qd498a38a,dd497587c
qd498a38a,dd4b9d19a
qd498a38a,dd4c4af66
qd498a38a,dd4c3b106
qd498a38a,dd4c37dd0
qd498a38a,dd4b91e44
qd498a38a,dd4c117c0
qd498e4da,dd498e52a
qd498e4da,dd4bc774c
qd498e4da,dd4be9338
qd498e4da,dd4b90774
qd498e4da,dd4baf3ea
qd498e4da,dd4b9cad8
qd498e4da,dd4be1700
qd498e4da,dd4c4cb72
qd498e4da,dd4c56f32
qd498e4da,dd4b918b8
qd497ddba,dd4c37dd0
qd497ddba,dd4b9da64
qd497ddba,dd4bbb096
qd497ddba,dd4b9f292
qd497ddba,dd497de0a
qd497ddba,dd496ebc6
qd497ddba,dd4bf06ba
qd497ddba,dd4bc16bc
qd497ddba,dd4c51d20
qd497ddba,dd4c07a04
qd497ac6e,dd4bdac8e
qd497ac6e,dd4b8d65a
qd497ac6e,dd4c5070e
qd497ac6e,dd4bad842
qd497ac6e,dd4ba91e8
qd497ac6e,dd4be17fa
qd497ac6e,dd4bb5d12
qd497ac6e,dd4bcebb4
qd497ac6e,dd4c3b106
qd497ac6e,dd4c616da
qd498bb90,dd4be9ad6
qd498bb90,dd4b92e48
qd498bb90,dd4b93e60
qd498bb90,dd4b9cec0
qd498bb90,dd4bb9b92
qd498bb90,dd4c4a6c4
qd498bb90,dd4c51de8
qd498bb90,dd4bf8c16
qd498bb90,dd4bc1842
qd498bb90,dd4c39f40
qd49806fa,dd4ba71ae
qd49806fa,dd4c3a59e
qd49806fa,dd4b9704c
qd49806fa,dd4c63502
qd49806fa,dd4bda84c
qd49806fa,dd4bb2a5e
qd49806fa,dd4bb6e6a
qd49806fa,dd4c0680c
qd49806fa,dd4c619b4
qd49806fa,dd4c4d522
qd497ae62,dd4be2862
qd497ae62,dd4c1f226
qd497ae62,dd4be5ef4
qd497ae62,dd4c53f26
qd497ae62,dd4bcf956
qd497ae62,dd4c0831e
qd497ae62,dd4b8b972
qd497ae62,dd498f254
qd497ae62,dd4c5169a
qd497ae62,dd4bb5402
qd4985b64,dd4b8705c
qd4985b64,dd4c4c53c
qd4985b64,dd4bdbdd2
qd4985b64,dd4bc7b52
qd4985b64,dd4980a42
qd4985b64,dd4be45d6
qd4985b64,dd4bcfc62
qd4985b64,dd4b9f7f6
qd4985b64,dd4bbc202
qd4985b64,dd4b87d18
qd4988ff8,dd4b8d65a
qd4988ff8,dd4bc5dac
qd4988ff8,dd496e694
qd4988ff8,dd4bb416a
qd4988ff8,dd4b9e478
qd4988ff8,dd4becb14
qd4988ff8,dd4bad842
qd4988ff8,dd4bb216c
qd4988ff8,dd4973d88
qd4988ff8,dd4b93d66
qd49857c2,dd4bda630
qd49857c2,dd4b8b896
qd49857c2,dd4ba2eba
qd49857c2,dd4c393a6
qd49857c2,dd4980c68
qd49857c2,dd4baef9e
qd49857c2,dd4c276ce
qd49857c2,dd4976286
qd49857c2,dd4b91c64
qd49857c2,dd4bb407a
qd497f2fa,dd4b8d556
qd497f2fa,dd4c07cfc
qd497f2fa,dd4bace88
qd497f2fa,dd4bb9b92
qd497f2fa,dd4bc9bbe
qd497f2fa,dd4c1fcb2
qd497f2fa,dd498af42
qd497f2fa,dd4970516
qd497f2fa,dd4c4fc1e
qd497f2fa,dd4c37394
qd4980d76,dd4c13e26
qd4980d76,dd4baca00
qd4980d76,dd4bdd6dc
qd4980d76,dd4b8bbf2
qd4980d76,dd4c56898
qd4980d76,dd4bcfd48
qd4980d76,dd4bcbcf2
qd4980d76,dd4c633ea
qd4980d76,dd4bfefa8
qd4980d76,dd4c4749c
qd498664a,dd4ba2eba
qd498664a,dd4c276ce
qd498664a,dd4980c68
qd498664a,dd4bec3f8
qd498664a,dd4b91c64
qd498664a,dd4be858c
qd498664a,dd4baef9e
qd498664a,dd4976286
qd498664a,dd4bb407a
qd498664a,dd4c61aa4
qd498b85c,dd496cd4e
qd498b85c,dd4c58e5e
qd498b85c,dd4c5bc8a
qd498b85c,dd4c3dc30
qd498b85c,dd4bdbc06
qd498b85c,dd4bdddee
qd498b85c,dd496df64
qd498b85c,dd4b92b32
qd498b85c,dd4ba3d92
qd498b85c,dd4c5d0f8
qd497c15e,dd4c52298
qd497c15e,dd4c1201c
qd497c15e,dd496cd4e
qd497c15e,dd4bc0adc
qd497c15e,dd4bb5402
qd497c15e,dd4ba3e6e
qd497c15e,dd4bdbc06
qd497c15e,dd4c5d0f8
qd497c15e,dd4c37394
qd497c15e,dd4c529be
qd497915c,dd4c4b376
qd497915c,dd4bcd6a6
qd497915c,dd4bd103a
qd497915c,dd4bba4f2
qd497915c,dd4b9af30
qd497915c,dd4978892
qd497915c,dd4c54aca
qd497915c,dd4bb3648
qd497915c,dd4b88bfa
qd497915c,dd4bcb0cc
qd4974ac6,dd4974b0c
qd4974ac6,dd4c37cfe
qd4974ac6,dd4bde3c0
qd4974ac6,dd4c3af26
qd4974ac6,dd4c57946
qd4974ac6,dd4bbbd84
qd4974ac6,dd4ba203c
qd4974ac6,dd4b8e1ae
qd4974ac6,dd4c2843e
qd4974ac6,dd4be3ac8
qd4976b96,dd4971510
qd4976b96,dd4b894d8
qd4976b96,dd4c4c53c
qd4976b96,dd4be9e5a
qd4976b96,dd4bd3006
qd4976b96,dd4bb2d7e
qd4976b96,dd4c5750e
qd4976b96,dd4bf8928
qd4976b96,dd4c54aca
qd4976b96,dd4bb5402
qd4980b0a,dd4bce6be
qd4980b0a,dd4c195b0
qd4980b0a,dd4beb516
qd4980b0a,dd4bdfc34
qd4980b0a,dd4ba9922
qd4980b0a,dd4c4b592
qd4980b0a,dd4c34c0c
qd4980b0a,dd4bd7caa
qd4980b0a,dd4b908e6
qd4980b0a,dd4ba4e36
qd498e174,dd4c5d6ca
qd498e174,dd498af42
qd498e174,dd4bdbcc4
qd498e174,dd497587c
qd498e174,dd49899f8
qd498e174,dd4c07a04
qd498e174,dd4c2423a
qd498e174,dd4bec2fe
qd498e174,dd49797ec
qd498e174,dd496ca2e
qd497611e,dd4c5d6ca
qd497611e,dd498d03a
qd497611e,dd496ca2e
qd497611e,dd4bcdcaa
qd497611e,dd4c5bdf2
qd497611e,dd498af42
qd497611e,dd4bec2fe
qd497611e,dd49899f8
qd497611e,dd498c0cc
qd497611e,dd4c5cebe
qd4989520,dd4c58e5e
qd4989520,dd496f968
qd4989520,dd4bc36b0
qd4989520,dd4bbbab4
qd4989520,dd4c0ee44
qd4989520,dd4980772
qd4989520,dd4ba898c
qd4989520,dd4c5bc8a
qd4989520,dd4c4b376
qd4989520,dd4c4d522
qd4976a60,dd4b8f518
qd4976a60,dd4976a9c
qd4976a60,dd496fc06
qd4976a60,dd496d5d2
qd4976a60,dd4bc7b52
qd4976a60,dd4c4ee72
qd4976a60,dd4bc7c60
qd4976a60,dd4b8c7be
qd4976a60,dd4bb7108
qd4976a60,dd4bd4820
qd497f700,dd4bd1de6
qd497f700,dd4bb5402
qd497f700,dd4c1201c
qd497f700,dd4bdddee
qd497f700,dd4bc9f60
qd497f700,dd4c37394
qd497f700,dd4c52298
qd497f700,dd4ba5732
qd497f700,dd4bdcb24
qd497f700,dd4c529be
qd4982b3a,dd4971510
qd4982b3a,dd4b894d8
qd4982b3a,dd4c4c53c
qd4982b3a,dd4b91048
qd4982b3a,dd4bb5506
qd4982b3a,dd4bbb370
qd4982b3a,dd4c5a20e
qd4982b3a,dd4c3b9da
qd4982b3a,dd4c42172
qd4982b3a,dd4b973b2
qd497e238,dd4c3b9da
qd497e238,dd4c33230
qd497e238,dd4bfcf6e
qd497e238,dd4c0fb0a
qd497e238,dd4c4a2c8
qd497e238,dd4bbd4e0
qd497e238,dd4bf6f9c
qd497e238,dd4b9f7f6
qd497e238,dd4b87d18
qd497e238,dd4b89cbc
qd498984a,dd4b9445a
qd498984a,dd4b86b98
qd498984a,dd4c247c6
qd498984a,dd4c2fb80
qd498984a,dd4bdddee
qd498984a,dd4be50b2
qd498984a,dd4bd153a
qd498984a,dd4bdcb24
qd498984a,dd4ba73ca
qd498984a,dd4c0781a
qd4990050,dd4c598ea
qd4990050,dd4c00844
qd4990050,dd4c391d0
qd4990050,dd4baf534
qd4990050,dd4b8cf20
qd4990050,dd4b95daa
qd4990050,dd4c17b16
qd4990050,dd4978b44
qd4990050,dd49822ca
qd4990050,dd4c5d1d4
qd49702b4,dd4bd74e4
qd49702b4,dd4bbc040
qd49702b4,dd4c0ce78
qd49702b4,dd4b8983e
qd49702b4,dd497848c
qd49702b4,dd4bc09b0
qd49702b4,dd4baa548
qd49702b4,dd4bfd414
qd49702b4,dd4b89dc0
qd49702b4,dd4c3af26
qd497ad40,dd497ad9a
qd497ad40,dd4b8c340
qd497ad40,dd4c66176
qd497ad40,dd4ba534a
qd497ad40,dd4be0b84
qd497ad40,dd4c5e048
qd497ad40,dd4ba9d28
qd497ad40,dd4c1846c
qd497ad40,dd4bbe1b0
qd497ad40,dd4c2e58c
qd498eea8,dd497d70c
qd498eea8,dd4c31af2
qd498eea8,dd4ba4e36
qd498eea8,dd4b87fde
qd498eea8,dd4bccc06
qd498eea8,dd49753cc
qd498eea8,dd4c326a0
qd498eea8,dd4b9cec0
qd498eea8,dd4c32b8c
qd498eea8,dd4b8bf1c
qd497fade,dd4984962
qd497fade,dd4b892a8
qd497fade,dd4b92b32
qd497fade,dd4bcd4da
qd497fade,dd4bcbb1c
qd497fade,dd4ba02f0
qd497fade,dd4bb0038
qd497fade,dd4974062
qd497fade,dd4c64a9c
qd497fade,dd4c2403c
qd498dcd8,dd4975e94
qd498dcd8,dd4b8e64a
qd498dcd8,dd4c57b08
qd498dcd8,dd4bca168
qd498dcd8,dd4986424
qd498dcd8,dd4972a1e
qd498dcd8,dd4c55b0a
qd498dcd8,dd49753cc
qd498dcd8,dd496d15e
qd498dcd8,dd4c326a0
qd4985312,dd496d5d2
qd4985312,dd4bc7b52
qd4985312,dd4bc7c60
qd4985312,dd4b8f518
qd4985312,dd496fc06
qd4985312,dd4976a9c
qd4985312,dd4c4ee72
qd4985312,dd4b8c7be
qd4985312,dd4c5eaa2
qd4985312,dd4b8de70
qd497f46c,dd497774e
qd497f46c,dd4ba4e36
qd497f46c,dd4c5e502
qd497f46c,dd4bc12fc
qd497f46c,dd4be687c
qd497f46c,dd4baed28
qd497f46c,dd4b916e2
qd497f46c,dd4972b86
qd497f46c,dd4c248b6
qd497f46c,dd4c5bdf2
qd4986f00,dd497587c
qd4986f00,dd498af42
qd4986f00,dd49797ec
qd4986f00,dd4b9f292
qd4986f00,dd4bcab5e
qd4986f00,dd4c1846c
qd4986f00,dd4bd002c
qd4986f00,dd4c2e58c
qd4986f00,dd4b9b12e
qd4986f00,dd4c62fb2
qd498df58,dd497e760
qd498df58,dd4c01ae6
qd498df58,dd4bbc8f6
qd498df58,dd4bc2e5e
qd498df58,dd4bd7228
qd498df58,dd4970944
qd498df58,dd4ba5d86
qd498df58,dd4bcbcf2
qd498df58,dd4c4e0f8
qd498df58,dd4b974d4
qd4975be2,dd4c5c3b0
qd4975be2,dd4bbb668
qd4975be2,dd4bad842
qd4975be2,dd4be9c84
qd4975be2,dd4973d88
qd4975be2,dd4bc15d6
qd4975be2,dd4975c1e
qd4975be2,dd4bc6b26
qd4975be2,dd4c1f3fc
qd4975be2,dd496f026
qd4984304,dd4b91f52
qd4984304,dd4bc62ca
qd4984304,dd4b9a36e
qd4984304,dd4c43efa
qd4984304,dd4984020
qd4984304,dd4be814a
qd4984304,dd4be3640
qd4984304,dd4bdeac8
qd4984304,dd4c558b2
qd4984304,dd4ba4152
qd4977708,dd497774e
qd4977708,dd4ba0b10
qd4977708,dd4c3eb94
qd4977708,dd4bd2822
qd4977708,dd4bd938e
qd4977708,dd4c545b6
qd4977708,dd4bcbcf2
qd4977708,dd4bcf532
qd4977708,dd4bb82e2
qd4977708,dd4bdbed6
qd498e8b8,dd49749cc
qd498e8b8,dd4bdb65c
qd498e8b8,dd4bf094e
qd498e8b8,dd4c5a7ea
qd498e8b8,dd4bc45a6
qd498e8b8,dd4c17616
qd498e8b8,dd4bbd300
qd498e8b8,dd4c47582
qd498e8b8,dd496f026
qd498e8b8,dd4c248b6
qd4976e70,dd4bbde0e
qd4976e70,dd4c1e5c4
qd4976e70,dd4c4cc62
qd4976e70,dd4bcff28
qd4976e70,dd496faa8
qd4976e70,dd4bd938e
qd4976e70,dd4b8e4d8
qd4976e70,dd4bf38ba
qd4976e70,dd4983832
qd4976e70,dd4c24e1a
qd4984476,dd49753cc
qd4984476,dd4c56316
qd4984476,dd4ba4ad0
qd4984476,dd4c326a0
qd4984476,dd49759bc
qd4984476,dd4be55f8
qd4984476,dd4c4bc68
qd4984476,dd4bfc9d8
qd4984476,dd4c2afae
qd4984476,dd4bb123a
qd4975e44,dd4ba8144
qd4975e44,dd4b8e64a
qd4975e44,dd4c2e58c
qd4975e44,dd4c52f04
qd4975e44,dd4bcab5e
qd4975e44,dd4bbdfbc
qd4975e44,dd49833dc
qd4975e44,dd4c1846c
qd4975e44,dd4b8cf20
qd4975e44,dd4bbe84a
qd4976222,dd4c14146
qd4976222,dd4b8fae0
qd4976222,dd4c3d8a2
qd4976222,dd4b97722
qd4976222,dd4c52d60
qd4976222,dd4bb930e
qd4976222,dd4ba981e
qd4976222,dd4c56f32
qd4976222,dd4ba057a
qd4976222,dd4b90774
qd4974bca,dd4bdf86a
qd4974bca,dd4bd595a
qd4974bca,dd4b9fb70
qd4974bca,dd4c4b6be
qd4974bca,dd496e3c4
qd4974bca,dd4bd4532
qd4974bca,dd4bdbcc4
qd4974bca,dd4b9d19a
qd4974bca,dd498a3da
qd4974bca,dd4981082
qd496ccfe,dd4c3dc30
qd496ccfe,dd496df64
qd496ccfe,dd4ba3d92
qd496ccfe,dd4bff188
qd496ccfe,dd4bdbc06
qd496ccfe,dd4c5aae2
qd496ccfe,dd4c247c6
qd496ccfe,dd4bf8c16
qd496ccfe,dd4c25860
qd496ccfe,dd496cd4e
qd4974eae,dd4c648e4
qd4974eae,dd4c544d0
qd4974eae,dd4ba4e36
qd4974eae,dd4c4b592
qd4974eae,dd4ba9f94
qd4974eae,dd4b92614
qd4974eae,dd4ba6da8
qd4974eae,dd4983698
qd4974eae,dd4bc314c
qd4974eae,dd4bdbf80
qd497596c,dd4b99bf8
qd497596c,dd4c4ba38
qd497596c,dd49759bc
qd497596c,dd4c12896
qd497596c,dd4c11a22
qd497596c,dd4c2d740
qd497596c,dd4c0aec0
qd497596c,dd4c64272
qd497596c,dd4b8bbf2
qd497596c,dd4b9ef54
qd4983d78,dd4bd4532
qd4983d78,dd4c00056
qd4983d78,dd4bff188
qd4983d78,dd498af42
qd4983d78,dd4bc0f5a
qd4983d78,dd4bbab00
qd4983d78,dd4c628b4
qd4983d78,dd4bec2fe
qd4983d78,dd4c539b8
qd4983d78,dd4be669c
qd497c01e,dd4c52f04
qd497c01e,dd4bdc296
qd497c01e,dd4bafd54
qd497c01e,dd4bcab5e
qd497c01e,dd4be2d44
qd497c01e,dd4c62fb2
qd497c01e,dd4be623c
qd497c01e,dd4b8bbf2
qd497c01e,dd4baa548
qd497c01e,dd4c3af26
qd4973eb4,dd4b96a84
qd4973eb4,dd4b9cec0
qd4973eb4,dd4b8bbf2
qd4973eb4,dd4c4249c
qd4973eb4,dd4bdd6dc
qd4973eb4,dd4c51de8
qd4973eb4,dd4b9d0b4
qd4973eb4,dd4b894d8
qd4973eb4,dd4bf8c16
qd4973eb4,dd498cefa
qd49729a6,dd4972a1e
qd49729a6,dd4b996e4
qd49729a6,dd4bf5a52
qd49729a6,dd4bcbcf2
qd49729a6,dd4badcd4
qd49729a6,dd497e4cc
qd49729a6,dd4c1a4c4
qd49729a6,dd4b890be
qd49729a6,dd4c37cfe
qd49729a6,dd4c0831e
qd4986230,dd4c633ea
qd4986230,dd4c53bca
qd4986230,dd4c162a2
qd4986230,dd4c024aa
qd4986230,dd4c453ae
qd4986230,dd4b8bbf2
qd4986230,dd4ba4e36
qd4986230,dd497587c
qd4986230,dd4b8d254
qd4986230,dd4bb3648
qd498088a,dd4be3640
qd498088a,dd4be669c
qd498088a,dd4c5e502
qd498088a,dd4b916e2
qd498088a,dd4c282fe
qd498088a,dd4ba4fb2
qd498088a,dd4974328
qd498088a,dd4c2093c
qd498088a,dd4ba940e
qd498088a,dd4bdf95a
qd49745d0,dd4be3640
qd49745d0,dd49797ec
qd49745d0,dd4bc47a4
qd49745d0,dd4b9e324
qd49745d0,dd4b9e068
qd49745d0,dd49811d6
qd49745d0,dd4bb3b48
qd49745d0,dd4bd97ee
qd49745d0,dd49877e8
qd49745d0,dd4c0e5c0
qd49837ce,dd4983832
qd49837ce,dd4bf8f36
qd49837ce,dd4b9a08a
qd49837ce,dd4c1fcb2
qd49837ce,dd4b8f324
qd49837ce,dd4b95a76
qd49837ce,dd4b87340
qd49837ce,dd4be0a9e
qd49837ce,dd4bdddee
qd49837ce,dd497e4cc
qd497c28a,dd49741fc
qd497c28a,dd497314e
qd497c28a,dd4bb3ea4
qd497c28a,dd4b8f324
qd497c28a,dd4c247c6
qd497c28a,dd49732c0
qd497c28a,dd4c2add8
qd497c28a,dd4bdbf80
qd497c28a,dd4c4f5de
qd497c28a,dd4c4ac6e
qd49823ec,dd497848c
qd49823ec,dd4bd74e4
qd49823ec,dd4c5bdf2
qd49823ec,dd4bc09b0
qd49823ec,dd4bd7caa
qd49823ec,dd4baa548
qd49823ec,dd4985452
qd49823ec,dd4bbc040
qd49823ec,dd4bd5eb4
qd49823ec,dd4c3af26
qd4974fc6,dd4984020
qd4974fc6,dd4bdeac8
qd4974fc6,dd4b91f52
qd4974fc6,dd4b9a36e
qd4974fc6,dd4bc62ca
qd4974fc6,dd4c48b62
qd4974fc6,dd4c43efa
qd4974fc6,dd4bccc06
qd4974fc6,dd4bcb1a8
qd4974fc6,dd4be814a
qd497a61a,dd4bcc45e
qd497a61a,dd4bc2044
qd497a61a,dd4b90bb6
qd497a61a,dd4c1cc9c
qd497a61a,dd4c43efa
qd497a61a,dd4b8d39e
qd497a61a,dd4b90f4e
qd497a61a,dd4ba8f36
qd497a61a,dd4be8fc8
qd497a61a,dd4c47e6a
qd498f592,dd497aec6
qd498f592,dd4bcdf70
qd498f592,dd4bacfa0
qd498f592,dd4be1b9c
qd498f592,dd4c51064
qd498f592,dd4c5e9a8
qd498f592,dd4bd4820
qd498f592,dd4c2131e
qd498f592,dd4c5d1d4
qd498f592,dd4bed97e
qd4984d72,dd4976a9c
qd4984d72,dd4b8f518
qd4984d72,dd496fc06
qd4984d72,dd496d5d2
qd4984d72,dd4bc7c60
qd4984d72,dd4c4ee72
qd4984d72,dd4bc7b52
qd4984d72,dd4bb7108
qd4984d72,dd4bd4820
qd4984d72,dd4b8de70
qd498338c,dd4b92d62
qd498338c,dd4bf5a52
qd498338c,dd4c28ca4
qd498338c,dd4beb2fa
qd498338c,dd4bee874
qd498338c,dd4c5cebe
qd498338c,dd4b8ce1c
qd498338c,dd4b9da64
qd498338c,dd4c64a9c
qd498338c,dd4c3d8a2
qd49851a0,dd4c5e502
qd49851a0,dd4bde26c
qd49851a0,dd496f152
qd49851a0,dd4b94608
qd49851a0,dd4bf481e
qd49851a0,dd4b90bb6
qd49851a0,dd4c1cc9c
qd49851a0,dd4bc2044
qd49851a0,dd4c13e26
qd49851a0,dd4c2f676
qd4974986,dd49749cc
qd4974986,dd4bbd300
qd4974986,dd4bf094e
qd4974986,dd4b916e2
qd4974986,dd4bdb65c
qd4974986,dd4ba940e
qd4974986,dd4c5a7ea
qd4974986,dd4b9aab2
qd4974986,dd496f026
qd4974986,dd4c248b6
qd49830f8,dd4c4249c
qd49830f8,dd4be2862
qd49830f8,dd4c5c6e4
qd49830f8,dd4bf5a52
qd49830f8,dd4bcff28
qd49830f8,dd4b9ee6e
qd49830f8,dd4b91f52
qd49830f8,dd4bb0de4
qd49830f8,dd4c62fb2
qd49830f8,dd4c05646
qd497a750,dd497a796
qd497a750,dd4be6fe8
qd497a750,dd4b92614
qd497a750,dd4bc9542
qd497a750,dd4c49bca
qd497a750,dd4bb42d2
qd497a750,dd4bcb2de
qd497a750,dd4c02784
qd497a750,dd4c3c6b4
qd497a750,dd4c100e6
qd498290a,dd4ba4e36
qd498290a,dd4bc12fc
qd498290a,dd4c5e502
qd498290a,dd4ba940e
qd498290a,dd4bf6a7e
qd498290a,dd4baad2c
qd498290a,dd4b916e2
qd498290a,dd4bf1cfe
qd498290a,dd4bda392
qd498290a,dd4bf83c4
qd4988bc0,dd4988c1a
qd4988bc0,dd4ba4fb2
qd4988bc0,dd496f77e
qd4988bc0,dd4c5d80a
qd4988bc0,dd4c65154
qd4988bc0,dd4ba8b4e
qd4988bc0,dd4ba0eee
qd4988bc0,dd4972fd2
qd4988bc0,dd4c282fe
qd4988bc0,dd4ba3c48
qd497e468,dd4bc0dd4
qd497e468,dd4bb14b0
qd497e468,dd4b971e6
qd497e468,dd4c04c14
qd497e468,dd4b957d8
qd497e468,dd4b86b98
qd497e468,dd4bcbcf2
qd497e468,dd497e4cc
qd497e468,dd4bf5a52
qd497e468,dd4c06532
qd4971114,dd4971178
qd4971114,dd4bfabec
qd4971114,dd4c3e590
qd4971114,dd498989a
qd4971114,dd4bd0d60
qd4971114,dd496d44c
qd4971114,dd4b92a2e
qd4971114,dd4ba1308
qd4971114,dd496e3c4
qd4971114,dd4b924de
qd4988954,dd49818fc
qd4988954,dd4bb76ee
qd4988954,dd4c25860
qd4988954,dd4bb6a78
qd4988954,dd4b92d62
qd4988954,dd4bc7a6c
qd4988954,dd4c4ed78
qd4988954,dd49781f8
qd4988954,dd4bb216c
qd4988954,dd4b99f4a
qd4987fcc,dd4bbe714
qd4987fcc,dd4b94144
qd4987fcc,dd4ba4ad0
qd4987fcc,dd4c2568a
qd4987fcc,dd4bce3c6
qd4987fcc,dd4bf6268
qd4987fcc,dd4bc47a4
qd4987fcc,dd49877e8
qd4987fcc,dd4ba71ae
qd4987fcc,dd4b920e2
qd496e874,dd4bfeaee
qd496e874,dd4c092e6
qd496e874,dd4c229ee
qd496e874,dd4be1aac
qd496e874,dd496cbc8
qd496e874,dd4ba0908
qd496e874,dd4b91f52
qd496e874,dd4b96e3a
qd496e874,dd49899f8
qd496e874,dd4c2b8f0
qd4973946,dd4bdbcc4
qd4973946,dd4bb3648
qd4973946,dd4c091f6
qd4973946,dd4bdc4da
qd4973946,dd4b920e2
qd4973946,dd4bd05a4
qd4973946,dd4bce560
qd4973946,dd4bf189e
qd4973946,dd4c195b0
qd4973946,dd4bbd6ac
qd498ca04,dd4bee4e6
qd498ca04,dd4bb5c2c
qd498ca04,dd4bf9f80
qd498ca04,dd4c40034
qd498ca04,dd4980f7e
qd498ca04,dd4ba2b5e
qd498ca04,dd4bda02c
qd498ca04,dd4b8b03a
qd498ca04,dd4c4c53c
qd498ca04,dd4be7d3a
qd49892dc,dd497774e
qd49892dc,dd4970318
qd49892dc,dd4c248b6
qd49892dc,dd4bef95e
qd49892dc,dd4c4cf78
qd49892dc,dd4c4f6b0
qd49892dc,dd4c3eb94
qd49892dc,dd4bd2822
qd49892dc,dd4c5eaa2
qd49892dc,dd4ba8144
qd4982c20,dd4ba203c
qd4982c20,dd4bf11a0
qd4982c20,dd4c54aca
qd4982c20,dd4c4d522
qd4982c20,dd4972a1e
qd4982c20,dd4c20c52
qd4982c20,dd4970318
qd4982c20,dd4bb5402
qd4982c20,dd4b8fc2a
qd4982c20,dd4be5ef4
qd497bde4,dd497be3e
qd497bde4,dd4bdd6dc
qd497bde4,dd4977f8c
qd497bde4,dd4bb26d0
qd497bde4,dd4b9ad82
qd497bde4,dd4b95f26
qd497bde4,dd4b98c76
qd497bde4,dd4bb3d8c
qd497bde4,dd497f354
qd497bde4,dd4c5a100
qd498fac4,dd497edaa
qd498fac4,dd4ba6a56
qd498fac4,dd4bdbc06
qd498fac4,dd496cd4e
qd498fac4,dd4bb027c
qd498fac4,dd496df64
qd498fac4,dd4bf89fa
qd498fac4,dd4c0680c
qd498fac4,dd4ba3d92
qd498fac4,dd4b8e802
qd496ee8c,dd4c1a4c4
qd496ee8c,dd4b93e60
qd496ee8c,dd4c5e502
qd496ee8c,dd4c63b10
qd496ee8c,dd4979f76
qd496ee8c,dd4c121fc
qd496ee8c,dd4bccf58
qd496ee8c,dd4bf8c16
qd496ee8c,dd4bc12fc
qd496ee8c,dd4be9ad6
qd497dff4,dd4ba3e6e
qd497dff4,dd4b87a02
qd497dff4,dd4b92f10
qd497dff4,dd4ba91e8
qd497dff4,dd496d938
qd497dff4,dd4be0b84
qd497dff4,dd4b8ebcc
qd497dff4,dd4b93d66
qd497dff4,dd4b9a936
qd497dff4,dd4bd519e
qd4984c28,dd4baca00
qd4984c28,dd4bb3648
qd4984c28,dd4bea4b8
qd4984c28,dd4b97e7a
qd4984c28,dd4ba3c48
qd4984c28,dd4ba2a5a
qd4984c28,dd4ba02f0
qd4984c28,dd4bccb34
qd4984c28,dd4bc9966
qd4984c28,dd4c50c54
qd497e9a4,dd4ba898c
qd497e9a4,dd4b9cccc
qd497e9a4,dd4bdddee
qd497e9a4,dd4bad842
qd497e9a4,dd4bd8682
qd497e9a4,dd4bc3dea
qd497e9a4,dd4b920e2
qd497e9a4,dd4bc12fc
qd497e9a4,dd4bb4796
qd497e9a4,dd496f968
qd498ada8,dd497587c
qd498ada8,dd4bcdcaa
qd498ada8,dd4b8af54
qd498ada8,dd4c56e56
qd498ada8,dd4bbad1c
qd498ada8,dd49899f8
qd498ada8,dd49797ec
qd498ada8,dd4c539b8
qd498ada8,dd4c08d1e
qd498ada8,dd4c580b2
qd497fd2c,dd497fd7c
qd497fd2c,dd4983832
qd497fd2c,dd4c4c726
qd497fd2c,dd4ba4e36
qd497fd2c,dd4b87b10
qd497fd2c,dd4c3ecde
qd497fd2c,dd4b8ce1c
qd497fd2c,dd4c09a2a
qd497fd2c,dd4bfae9e
qd497fd2c,dd49785cc
qd4981fc8,dd496cbc8
qd4981fc8,dd4bb51aa
qd4981fc8,dd4c3be4e
qd4981fc8,dd4b96e3a
qd4981fc8,dd4ba8f36
qd4981fc8,dd4c2fdd8
qd4981fc8,dd4bdf95a
qd4981fc8,dd4b8bbf2
qd4981fc8,dd4c040c0
qd4981fc8,dd4c64a9c
qd497d0f4,dd4c63b10
qd497d0f4,dd4bb3648
qd497d0f4,dd4c4a6c4
qd497d0f4,dd4b98b36
qd497d0f4,dd4baab10
qd497d0f4,dd4c0c220
qd497d0f4,dd4c39f40
qd497d0f4,dd4b892a8
qd497d0f4,dd4bedfe6
qd497d0f4,dd4bc1842
qd49858da,dd4bc0adc
qd49858da,dd4975d4a
qd49858da,dd4bb3026
qd49858da,dd4b8c4ee
qd49858da,dd497edaa
qd49858da,dd4b88aa6
qd49858da,dd4b9cccc
qd49858da,dd4b96ca0
qd49858da,dd4c1201c
qd49858da,dd4bff188
qd496c6a0,dd4ba07d2
qd496c6a0,dd4ba2a5a
qd496c6a0,dd4bae31e
qd496c6a0,dd4bd938e
qd496c6a0,dd4bcf532
qd496c6a0,dd4bdbed6
qd496c6a0,dd4c50c54
qd496c6a0,dd4c1e5c4
qd496c6a0,dd4c276ce
qd496c6a0,dd4bb957a
qd49800e2,dd4977f8c
qd49800e2,dd4c5d0f8
qd49800e2,dd4c2403c
qd49800e2,dd4ba1894
qd49800e2,dd4c657f8
qd49800e2,dd4bf5e44
qd49800e2,dd4bc29d6
qd49800e2,dd4ba91e8
qd49800e2,dd4bcaf0a
qd49800e2,dd4c121fc
qd497a4ee,dd4976682
qd497a4ee,dd4985e7a
qd497a4ee,dd4c13e26
qd497a4ee,dd4bc0adc
qd497a4ee,dd4c32894
qd497a4ee,dd4be05ee
qd497a4ee,dd4b9cccc
qd497a4ee,dd4bd8ed4
qd497a4ee,dd4baa73c
qd497a4ee,dd4b88aa6
qd4974878,dd4c24b7c
qd4974878,dd4bf04da
qd4974878,dd4ba276c
qd4974878,dd4bb8b20
qd4974878,dd4be9e5a
qd4974878,dd4c0bce4
qd4974878,dd4c3e3e2
qd4974878,dd4b8ce1c
qd4974878,dd4c1fdac
qd4974878,dd4bf4666
qd497bcc2,dd4c5f498
qd497bcc2,dd4bb1f8c
qd497bcc2,dd4bd52b6
qd497bcc2,dd4be0184
qd497bcc2,dd4c2d858
qd497bcc2,dd4bf89fa
qd497bcc2,dd4bfc9d8
qd497bcc2,dd4bbfcae
qd497bcc2,dd4c54aca
qd497bcc2,dd4bda464
qd498a97a,dd4970944
qd498a97a,dd4b974d4
qd498a97a,dd4bc2e5e
qd498a97a,dd4c01ae6
qd498a97a,dd4ba5d86
qd498a97a,dd497e760
qd498a97a,dd4c4e0f8
qd498a97a,dd4bbc8f6
qd498a97a,dd4bd7228
qd498a97a,dd4b87b10
qd498c64e,dd4bb03d0
qd498c64e,dd4c3143a
qd498c64e,dd4b938f2
qd498c64e,dd4c2afae
qd498c64e,dd4b98866
qd498c64e,dd4bd1d0a
qd498c64e,dd4b96e3a
qd498c64e,dd4bf1dc6
qd498c64e,dd4b87912
qd498c64e,dd4c59034
qd498d422,dd497848c
qd498d422,dd498a524
qd498d422,dd4b9d514
qd498d422,dd4bd74e4
qd498d422,dd4bb8fa8
qd498d422,dd4bd7caa
qd498d422,dd4985452
qd498d422,dd4bbc040
qd498d422,dd4c5bdf2
qd498d422,dd4c04c14
qd4979db4,dd4ba3d92
qd4979db4,dd496df64
qd4979db4,dd4c39c3e
qd4979db4,dd4bdbc06
qd4979db4,dd4be2d44
qd4979db4,dd4baca00
qd4979db4,dd496cd4e
qd4979db4,dd4c3d8a2
qd4979db4,dd4b90bb6
qd4979db4,dd4c1cc9c
qd4974d64,dd496f968
qd4974d64,dd4ba898c
qd4974d64,dd4bbbab4
qd4974d64,dd4ba0908
qd4974d64,dd4c60bae
qd4974d64,dd4baf534
qd4974d64,dd4c229ee
qd4974d64,dd4b95954
qd4974d64,dd4bc36b0
qd4974d64,dd4c194a2
qd4986b4a,dd4c1e8a8
qd4986b4a,dd4c4c53c
qd4986b4a,dd4c657f8
qd4986b4a,dd4bda02c
qd4986b4a,dd4c25324
qd4986b4a,dd4b87b10
qd4986b4a,dd4be7d3a
qd4986b4a,dd4c46150
qd4986b4a,dd49763da
qd4986b4a,dd4971510
qd497f818,dd4b93500
qd497f818,dd4c657f8
qd497f818,dd4bc67a2
qd497f818,dd4c51a78
qd497f818,dd4c51c44
qd497f818,dd4c4e1f2
qd497f818,dd4baf0de
qd497f818,dd4ba4062
qd497f818,dd497848c
qd497f818,dd4970642
qd497b3d0,dd4c326a0
qd497b3d0,dd49753cc
qd497b3d0,dd4ba4e36
qd497b3d0,dd4b8b4d6
qd497b3d0,dd4b9af30
qd497b3d0,dd4c537a6
qd497b3d0,dd49785cc
qd497b3d0,dd4b90e72
qd497b3d0,dd4b895c8
qd497b3d0,dd4c178a0
qd498150a,dd4b99bf8
qd498150a,dd4c4ba38
qd498150a,dd49759bc
qd498150a,dd4c12896
qd498150a,dd4c2d740
qd498150a,dd4c0aec0
qd498150a,dd4c11a22
qd498150a,dd4c54a20
qd498150a,dd4bb7450
qd498150a,dd4b9ef54
qd497e724,dd497e760
qd497e724,dd4bdec9e
qd497e724,dd4c42172
qd497e724,dd4c5a20e
qd497e724,dd4b9cde4
qd497e724,dd4c4fde0
qd497e724,dd4b95daa
qd497e724,dd4c0fb0a
qd497e724,dd4bf31da
qd497e724,dd4c24e1a
qd497325c,dd49732c0
qd497325c,dd497314e
qd497325c,dd4c05bc8
qd497325c,dd4979602
qd497325c,dd4c4ac6e
qd497325c,dd4c4cf78
qd497325c,dd4bbe1b0
qd497325c,dd4bc729c
qd497325c,dd4ba90f8
qd497325c,dd4bb1e4c
qd498ec5a,dd4bb5d12
qd498ec5a,dd4b90684
qd498ec5a,dd4bf3770
qd498ec5a,dd4b933fc
qd498ec5a,dd4c5070e
qd498ec5a,dd4c52d60
qd498ec5a,dd497cdca
qd498ec5a,dd497ad9a
qd498ec5a,dd4b87462
qd498ec5a,dd4b8f324
qd497ce92,dd4970d36
qd497ce92,dd4b8b4d6
qd497ce92,dd4bfadae
qd497ce92,dd4b890be
qd497ce92,dd4be518e
qd497ce92,dd4bbe84a
qd497ce92,dd4b901ac
qd497ce92,dd4ba5732
qd497ce92,dd4bdad7e
qd497ce92,dd4ba6a56
qd4975110,dd4c0831e
qd4975110,dd496d15e
qd4975110,dd4973c8e
qd4975110,dd4be518e
qd4975110,dd4c26dbe
qd4975110,dd4c34acc
qd4975110,dd4bdbc06
qd4975110,dd4ba4ad0
qd4975110,dd4bf589a
qd4975110,dd4974062
qd49799ea,dd4979a3a
qd49799ea,dd4b900b2
qd49799ea,dd4b915f2
qd49799ea,dd4b9f4ea
qd49799ea,dd4c11518
qd49799ea,dd4ba28b6
qd49799ea,dd4b9a936
qd49799ea,dd4bed3b6
qd49799ea,dd4b8f324
qd49799ea,dd4b89eec
qd4970034,dd4b93e60
qd4970034,dd4c248b6
qd4970034,dd4c1bfb8
qd4970034,dd4c3eb94
qd4970034,dd4ba4e36
qd4970034,dd4b93d66
qd4970034,dd4c47582
qd4970034,dd4c52f04
qd4970034,dd4b92a2e
qd4970034,dd4b92f10
qd498dbb6,dd4b8d254
qd498dbb6,dd4bc4c36
qd498dbb6,dd4bb1e4c
qd498dbb6,dd4b9649e
qd498dbb6,dd4ba90f8
qd498dbb6,dd49732c0
qd498dbb6,dd4bb3512
qd498dbb6,dd4bc6fe0
qd498dbb6,dd4c1201c
qd498dbb6,dd498655a
qd498e7a0,dd497314e
qd498e7a0,dd4c49468
qd498e7a0,dd49732c0
qd498e7a0,dd4c17756
qd498e7a0,dd4b890be
qd498e7a0,dd4bc729c
qd498e7a0,dd4bd135a
qd498e7a0,dd4bb1e4c
qd498e7a0,dd4c3cc86
qd498e7a0,dd4b8d254
qd4970606,dd4b8b4d6
qd4970606,dd4b8bf1c
qd4970606,dd4b8da4c
qd4970606,dd4c5f894
qd4970606,dd4b92b32
qd4970606,dd4bb9b92
qd4970606,dd4b8f842
qd4970606,dd4c5750e
qd4970606,dd4bb0038
qd4970606,dd4bf7a0a
qd4981a46,dd496f2ec
qd4981a46,dd4c58e5e
qd4981a46,dd4bc3dea
qd4981a46,dd4bfda0e
qd4981a46,dd4bc9830
qd4981a46,dd4984962
qd4981a46,dd4bcd4da
qd4981a46,dd4bcf62c
qd4981a46,dd4bce6be
qd4981a46,dd4bb0f24
qd498ff92,dd4ba91e8
qd498ff92,dd4b92f10
qd498ff92,dd49818fc
qd498ff92,dd4b93d66
qd498ff92,dd4bad842
qd498ff92,dd4b87a02
qd498ff92,dd4bd519e
qd498ff92,dd4bf094e
qd498ff92,dd4bc5dac
qd498ff92,dd49749cc
qd497cd70,dd4bb5d12
qd497cd70,dd497cdca
qd497cd70,dd4b94ed2
qd497cd70,dd4c66176
qd497cd70,dd4ba4e36
qd497cd70,dd4b8c340
qd497cd70,dd4c247c6
qd497cd70,dd4c5f09c
qd497cd70,dd4bbe1b0
qd497cd70,dd4b8e2a8
qd4973afe,dd497354a
qd4973afe,dd4bcd94e
qd4973afe,dd4be1b9c
qd4973afe,dd4b914c6
qd4973afe,dd4bbd8a0
qd4973afe,dd4977c4e
qd4973afe,dd4b92d62
qd4973afe,dd4c1846c
qd4973afe,dd4c07ed2
qd4973afe,dd4c3c0e2
qd497ba9c,dd497bae2
qd497ba9c,dd4c38834
qd497ba9c,dd4bae42c
qd497ba9c,dd49732c0
qd497ba9c,dd4b9452c
qd497ba9c,dd4bdddee
qd497ba9c,dd4be0b84
qd497ba9c,dd4c4b81c
qd497ba9c,dd4bec6e6
qd497ba9c,dd4bc5dac
qd4989174,dd49891e2
qd4989174,dd4c4dea0
qd4989174,dd4c030c6
qd4989174,dd4bc9ca4
qd4989174,dd4c53bca
qd4989174,dd4c04688
qd4989174,dd4c56cb2
qd4989174,dd4c56f32
qd4989174,dd4c2069e
qd4989174,dd4c28ca4
qd497857c,dd4c4ed78
qd497857c,dd4bd0d60
qd497857c,dd496daaa
qd497857c,dd4b92a2e
qd497857c,dd4bf1cfe
qd497857c,dd4b8c7be
qd497857c,dd4978b44
qd497857c,dd4b8b670
qd497857c,dd4ba1894
qd497857c,dd4c0f3ee
qd4987540,dd4bc7b52
qd4987540,dd496fc06
qd4987540,dd4b8f518
qd4987540,dd4c4ee72
qd4987540,dd496d5d2
qd4987540,dd4bc7c60
qd4987540,dd4976a9c
qd4987540,dd4b8de70
qd4987540,dd4b8c7be
qd4987540,dd4bb7108
qd4984e8a,dd4970f84
qd4984e8a,dd497a67e
qd4984e8a,dd4b89eec
qd4984e8a,dd4bcb00e
qd4984e8a,dd4b9dc1c
qd4984e8a,dd4c002fe
qd4984e8a,dd4c57b08
qd4984e8a,dd4c56546
qd4984e8a,dd4bb655a
qd4984e8a,dd4bea74c
qd498bf64,dd498a524
qd498bf64,dd4b9d514
qd498bf64,dd4bb8fa8
qd498bf64,dd4bcbcf2
qd498bf64,dd4bc54e2
qd498bf64,dd4bf5a52
qd498bf64,dd4c09a2a
qd498bf64,dd497e4cc
qd498bf64,dd4bfd414
qd498bf64,dd4b890be
qd497ffde,dd497be3e
qd497ffde,dd4c4b376
qd497ffde,dd4b8da4c
qd497ffde,dd4973c8e
qd497ffde,dd4c5750e
qd497ffde,dd498048e
qd497ffde,dd4b90684
qd497ffde,dd4c56898
qd497ffde,dd4b92d62
qd497ffde,dd4c3c0e2
qd49818ac,dd4ba91e8
qd49818ac,dd49818fc
qd49818ac,dd4b93d66
qd49818ac,dd4be0b84
qd49818ac,dd4ba3e6e
qd49818ac,dd4bad842
qd49818ac,dd4b89ff0
qd49818ac,dd4b8d65a
qd49818ac,dd4c39f40
qd49818ac,dd4bf094e
qd498e9f8,dd4b8f518
qd498e9f8,dd4bc7c60
qd498e9f8,dd4bc7b52
qd498e9f8,dd496fc06
qd498e9f8,dd4976a9c
qd498e9f8,dd4c4ee72
qd498e9f8,dd4b88920
qd498e9f8,dd4bdf78e
qd498e9f8,dd4b8c7be
qd498e9f8,dd4c5eaa2
qd49805a6,dd4ba3d92
qd49805a6,dd496df64
qd49805a6,dd4bdbc06
qd49805a6,dd4c3d8a2
qd49805a6,dd4be2d44
qd49805a6,dd4c3f79c
qd49805a6,dd4baca00
qd49805a6,dd4b937e4
qd49805a6,dd496cd4e
qd49805a6,dd4bc0190
qd497977e,dd4b8b4d6
qd497977e,dd4c58418
qd497977e,dd4bb3648
qd497977e,dd4b92d62
qd497977e,dd4ba3c48
qd497977e,dd4b90684
qd497977e,dd4b9c40c
qd497977e,dd4badfea
qd497977e,dd4b9af30
qd497977e,dd4b8af54
qd49789be,dd4976682
qd49789be,dd4b88aa6
qd49789be,dd4bdf694
qd49789be,dd4bfc9d8
qd49789be,dd4be05ee
qd49789be,dd4be55f8
qd49789be,dd4bc0adc
qd49789be,dd4be1020
qd49789be,dd4c17c74
qd49789be,dd4b9cccc
qd4982f22,dd4b9f292
qd4982f22,dd4b8c5c0
qd4982f22,dd4bcdaf2
qd4982f22,dd4c453ae
qd4982f22,dd4c07a04
qd4982f22,dd4c2423a
qd4982f22,dd4bf3ee6
qd4982f22,dd4bdbcc4
qd4982f22,dd4c4b6be
qd4982f22,dd4bfc5c8
qd4989f8e,dd4c13c64
qd4989f8e,dd4bde6cc
qd4989f8e,dd4bdf95a
qd4989f8e,dd4b8bbf2
qd4989f8e,dd4c322cc
qd4989f8e,dd4984020
qd4989f8e,dd4bd0162
qd4989f8e,dd4c60fc8
qd4989f8e,dd4c1edb2
qd4989f8e,dd4c498dc
qd496ce3e,dd496ce98
qd496ce3e,dd4970e26
qd496ce3e,dd4c1311a
qd496ce3e,dd4c3d78a
qd496ce3e,dd4bd595a
qd496ce3e,dd4c51988
qd496ce3e,dd4c57766
qd496ce3e,dd4c08d1e
qd496ce3e,dd49791ac
qd496ce3e,dd4970f84
qd498d4f4,dd4bdf86a
qd498d4f4,dd4981082
qd498d4f4,dd4ba1308
qd498d4f4,dd496ebc6
qd498d4f4,dd497de0a
qd498d4f4,dd4bdddee
qd498d4f4,dd4bc26ca
qd498d4f4,dd496e3c4
qd498d4f4,dd4c277dc
qd498d4f4,dd49719f2
qd4978842,dd4978892
qd4978842,dd4bcd6a6
qd4978842,dd4bd103a
qd4978842,dd4bba4f2
qd4978842,dd4bcd4da
qd4978842,dd4be9d60
qd4978842,dd4bfa8cc
qd4978842,dd4c54aca
qd4978842,dd4c4b376
qd4978842,dd4b9af30
qd4975386,dd49753cc
qd4975386,dd4c326a0
qd4975386,dd4bbfb96
qd4975386,dd4bb44b2
qd4975386,dd4c619b4
qd4975386,dd4bb0de4
qd4975386,dd4ba850e
qd4975386,dd4bf1f10
qd4975386,dd4c3ee78
qd4975386,dd4b895c8
qd4970a48,dd4c1ca1c
qd4970a48,dd4b9cde4
qd4970a48,dd4bd938e
qd4970a48,dd4c62fb2
qd4970a48,dd4c20c52
qd4970a48,dd4c52298
qd4970a48,dd4ba043a
qd4970a48,dd4be6340
qd4970a48,dd4bcee8e
qd4970a48,dd4b95602
qd4978716,dd496ce98
qd4978716,dd4970e26
qd4978716,dd4c2e334
qd4978716,dd4bd6166
qd4978716,dd4c1311a
qd4978716,dd4c52d60
qd4978716,dd4c4bc68
qd4978716,dd4bdfc34
qd4978716,dd4bd7318
qd4978716,dd4c41a88
qd497942c,dd4bc0adc
qd497942c,dd4bc2f30
qd497942c,dd4b96ca0
qd497942c,dd4b8c4ee
qd497942c,dd4be05ee
qd497942c,dd4ba002a
qd497942c,dd4c25860
qd497942c,dd4bfefa8
qd497942c,dd4bfc9d8
qd497942c,dd4c15da2
qd4977596,dd49775fa
qd4977596,dd4bd4532
qd4977596,dd4b8ce1c
qd4977596,dd497b06a
qd4977596,dd4bf1f10
qd4977596,dd4c091f6
qd4977596,dd4bce560
qd4977596,dd4c62fb2
qd4977596,dd4973a2c
qd4977596,dd4c17c74
qd4979030,dd4989e76
qd4979030,dd4c002fe
qd4979030,dd4979094
qd4979030,dd4c57b08
qd4979030,dd4970f84
qd4979030,dd4c4cd52
qd4979030,dd4b9dc1c
qd4979030,dd4bea74c
qd4979030,dd4bd3b46
qd4979030,dd4c56546
qd498da94,dd4b94ff4
qd498da94,dd4b8d254
qd498da94,dd498682a
qd498da94,dd4c4d522
qd498da94,dd4c4b592
qd498da94,dd4bb3648
qd498da94,dd4ba90f8
qd498da94,dd4c4ac6e
qd498da94,dd4c121fc
qd498da94,dd49732c0
qd49742ec,dd4c248b6
qd49742ec,dd4c16450
qd49742ec,dd4b916e2
qd49742ec,dd496daaa
qd49742ec,dd4bf094e
qd49742ec,dd4bdb65c
qd49742ec,dd4bd0d60
qd49742ec,dd4b92a2e
qd49742ec,dd4b9c02e
qd49742ec,dd4c17616
qd4987eb4,dd4c44418
qd4987eb4,dd4bc7a6c
qd4987eb4,dd4bb77ca
qd4987eb4,dd4ba71ae
qd4987eb4,dd4b920e2
qd4987eb4,dd4c5029a
qd4987eb4,dd4bb6a78
qd4987eb4,dd4b8dd76
qd4987eb4,dd4987f04
qd4987eb4,dd4bb7fc2
qd4973676,dd49736c6
qd4973676,dd4b87b10
qd4973676,dd4bdad7e
qd4973676,dd4bbae02
qd4973676,dd4bde6cc
qd4973676,dd4b9da64
qd4973676,dd4b88fc4
qd4973676,dd4bdc296
qd4973676,dd4ba3590
qd4973676,dd4bc2440
qd4989c8c,dd4c1e8a8
qd4989c8c,dd4c4c53c
qd4989c8c,dd4be7d3a
qd4989c8c,dd4bee4e6
qd4989c8c,dd4bda02c
qd4989c8c,dd4b9e324
qd4989c8c,dd4bf9f80
qd4989c8c,dd4bb5c2c
qd4989c8c,dd4bcfc62
qd4989c8c,dd4971510
qd49873e2,dd4987432
qd49873e2,dd4b9b93a
qd49873e2,dd4b8c25a
qd49873e2,dd4ba302c
qd49873e2,dd498e070
qd49873e2,dd4bfc9d8
qd49873e2,dd4be55f8
qd49873e2,dd4b8c4ee
qd49873e2,dd4c5aae2
qd49873e2,dd497edaa
qd49751f6,dd4975250
qd49751f6,dd4bfadae
qd49751f6,dd4c04f66
qd49751f6,dd4bb6398
qd49751f6,dd4c35bd4
qd49751f6,dd4b8e4d8
qd49751f6,dd4c56898
qd49751f6,dd4ba02f0
qd49751f6,dd4c51fbe
qd49751f6,dd4c2e334
qd497ab06,dd497ab7e
qd497ab06,dd4bcc92c
qd497ab06,dd4be55f8
qd497ab06,dd4bfc9d8
qd497ab06,dd4c5093e
qd497ab06,dd4bc83ae
qd497ab06,dd4ba002a
qd497ab06,dd4bf89fa
qd497ab06,dd4be2290
qd497ab06,dd4bf06ba
qd49741b6,dd4bb3ea4
qd49741b6,dd4b93a82
qd49741b6,dd497314e
qd49741b6,dd4c1fa00
qd49741b6,dd49741fc
qd49741b6,dd4bc9f60
qd49741b6,dd4bb3512
qd49741b6,dd4baf0de
qd49741b6,dd4c49468
qd49741b6,dd4c4da04
qd498d0f8,dd497bae2
qd498d0f8,dd4c38834
qd498d0f8,dd4c1f924
qd498d0f8,dd4b9452c
qd498d0f8,dd4bae42c
qd498d0f8,dd4bdddee
qd498d0f8,dd4981082
qd498d0f8,dd4be0b84
qd498d0f8,dd496e3c4
qd498d0f8,dd4bdf86a
qd497c816,dd4b87912
qd497c816,dd497c870
qd497c816,dd4c63b10
qd497c816,dd4c3ecde
qd497c816,dd4bd7caa
qd497c816,dd4bedfe6
qd497c816,dd4c42c8a
qd497c816,dd4c2b4cc
qd497c816,dd4c3cc86
qd497c816,dd4bbc5d6
qd4988ecc,dd4bbce6e
qd4988ecc,dd4c515dc
qd4988ecc,dd4c1618a
qd4988ecc,dd4bcc1f2
qd4988ecc,dd4b89762
qd4988ecc,dd4b9d988
qd4988ecc,dd4bf297e
qd4988ecc,dd4c282fe
qd4988ecc,dd4b9ea7c
qd4988ecc,dd4bf0eb2
qd4982266,dd49822ca
qd4982266,dd4c2afae
qd4982266,dd4bb3814
qd4982266,dd4c4c726
qd4982266,dd4c0bce4
qd4982266,dd4ba4062
qd4982266,dd4c346bc
qd4982266,dd4975e94
qd4982266,dd4b8ce1c
qd4982266,dd4bc9ca4
qd4985e34,dd4bc0adc
qd4985e34,dd4bc2f30
qd4985e34,dd4c5e048
qd4985e34,dd4bfefa8
qd4985e34,dd497a2c8
qd4985e34,dd4bb340e
qd4985e34,dd4bccf58
qd4985e34,dd4bc4eb6
qd4985e34,dd4bb3026
qd4985e34,dd4c07ed2
qd4989714,dd4ba4e36
qd4989714,dd4974328
qd4989714,dd4ba74c4
qd4989714,dd4b92402
qd4989714,dd4c60bae
qd4989714,dd4b9306e
qd4989714,dd4c4b18c
qd4989714,dd4b90c74
qd4989714,dd4b8f0b8
qd4989714,dd4c32178
qd2ac917a,dd2acce74
qd2ac917a,dd2acd630
qd2ac917a,dd2abfb48
qd2ac917a,dd2add242
qd2ac917a,dd2b16ef2
qd2ac917a,dd2adc4fa
qd2ac917a,dd2abf0b2
qd2ac917a,dd2ac3a86
qd2ac917a,dd2ac8626
qd2ac917a,dd2abf562
qd2aeff00,dd2af0432
qd2aeff00,dd2abfb48
qd2aeff00,dd2ac410c
qd2aeff00,dd2abf0b2
qd2aeff00,dd2ac6718
qd2aeff00,dd2ac3a86
qd2aeff00,dd2ac62ae
qd2aeff00,dd2aef640
qd2aeff00,dd2ac8f0e
qd2aeff00,dd2ad9520
qd2acfe6c,dd2acffb6
qd2acfe6c,dd2acf0f2
qd2acfe6c,dd2ace5a8
qd2acfe6c,dd2ac6718
qd2acfe6c,dd2acf692
qd2acfe6c,dd2ad2306
qd2acfe6c,dd2acdc52
qd2acfe6c,dd2ad9520
qd2acfe6c,dd2ac5bec
qd2acfe6c,dd2ad8c38
qd2ad28d8,dd2ad29c8
qd2ad28d8,dd2abfada
qd2ad28d8,dd2ad469c
qd2ad28d8,dd2b05170
qd2ad28d8,dd2ac58e0
qd2ad28d8,dd2ae98d0
qd2ad28d8,dd2abf4f4
qd2ad28d8,dd2af9b04
qd2ad28d8,dd2ac23fc
qd2ad28d8,dd2ad2676
qd2ac61e6,dd2ac6718
qd2ac61e6,dd2ac62ae
qd2ac61e6,dd2ac5bec
qd2ac61e6,dd2ac8626
qd2ac61e6,dd2ac5eb2
qd2ac61e6,dd2ac8aea
qd2ac61e6,dd2ac55e8
qd2ac61e6,dd2ac58e0
qd2ac61e6,dd2ac2dac
qd2ac61e6,dd2ae3eda
qd2acf836,dd2acf912
qd2acf836,dd2acffb6
qd2acf836,dd2ace5a8
qd2acf836,dd2acfb9c
qd2acf836,dd2acf0f2
qd2acf836,dd2acdc52
qd2acf836,dd2acf5c0
qd2acf836,dd2acf692
qd2acf836,dd2acf638
qd2acf836,dd2abfb48
qd2abf012,dd2abfb48
qd2abf012,dd2abf0b2
qd2abf012,dd2abf562
qd2abf012,dd2abfada
qd2abf012,dd2abf4f4
qd2abf012,dd2af3272
qd2abf012,dd2ac6718
qd2abf012,dd2ac1664
qd2abf012,dd2ac5bec
qd2abf012,dd2ac62ae
qd2abbd7c,dd2abbe8a
qd2abbd7c,dd2abc27c
qd2abbd7c,dd2abbef8
qd2abbd7c,dd2abc858
qd2abbd7c,dd2abc54c
qd2abbd7c,dd2abbe1c
qd2abbd7c,dd2abb8b8
qd2abbd7c,dd2abb3e0
qd2abbd7c,dd2abca56
qd2abbd7c,dd2abccf4
qd2adb780,dd2adb8d4
qd2adb780,dd2adb5be
qd2adb780,dd2adc054
qd2adb780,dd2ad9520
qd2adb780,dd2adae02
qd2adb780,dd2ada3da
qd2adb780,dd2ad8c38
qd2adb780,dd2ac6718
qd2adb780,dd2ada466
qd2adb780,dd2abc54c
qd2ade0e8,dd2ade412
qd2ade0e8,dd2ade854
qd2ade0e8,dd2ade386
qd2ade0e8,dd2aded90
qd2ade0e8,dd2ad1a32
qd2ade0e8,dd2ac58e0
qd2ade0e8,dd2ae98d0
qd2ade0e8,dd2abde92
qd2ade0e8,dd2abfada
qd2ade0e8,dd2abc858
qd2adc6da,dd2adcc02
qd2adc6da,dd2adc4fa
qd2adc6da,dd2add242
qd2adc6da,dd2ada3da
qd2adc6da,dd2adc82e
qd2adc6da,dd2ad88d2
qd2adc6da,dd2abfada
qd2adc6da,dd2adb8d4
qd2adc6da,dd2adb5be
qd2adc6da,dd2ac43f0
qd2ae6158,dd2ae654a
qd2ae6158,dd2ae4f06
qd2ae6158,dd2ae5e24
qd2ae6158,dd2ae3dfe
qd2ae6158,dd2ae3eda
qd2ae6158,dd2ae790e
qd2ae6158,dd2ae0e2e
qd2ae6158,dd2ad88d2
qd2ae6158,dd2abfb48
qd2ae6158,dd2abf0b2
qd2ae56fe,dd2ae5e24
qd2ae56fe,dd2ae654a
qd2ae56fe,dd2ae4f06
qd2ae56fe,dd2ae7076
qd2ae56fe,dd2ae6e5a
qd2ae56fe,dd2ae717a
qd2ae56fe,dd2ae3dfe
qd2ae56fe,dd2af2336
qd2ae56fe,dd2ae790e
qd2ae56fe,dd2ae3eda
qd2addac6,dd2addca6
qd2addac6,dd2addc24
qd2addac6,dd2ac58e0
qd2addac6,dd2ad741e
qd2addac6,dd2abf4f4
qd2addac6,dd2ad3fd0
qd2addac6,dd2b05170
qd2addac6,dd2ad7824
qd2addac6,dd2b16ef2
qd2addac6,dd2ad1a32
qd2af58c4,dd2af5afe
qd2af58c4,dd2af679c
qd2af58c4,dd2af6f08
qd2af58c4,dd2af18f0
qd2af58c4,dd2af3272
qd2af58c4,dd2af41e0
qd2af58c4,dd2af432a
qd2af58c4,dd2af0c8e
qd2af58c4,dd2ad8c38
qd2af58c4,dd2af541e
qd2ac8e0a,dd2ac8f0e
qd2ac8e0a,dd2abe752
qd2ac8e0a,dd2acce74
qd2ac8e0a,dd2acd630
qd2ac8e0a,dd2ad1a32
qd2ac8e0a,dd2aeb658
qd2ac8e0a,dd2abffc6
qd2ac8e0a,dd2ad7824
qd2ac8e0a,dd2ac58e0
qd2ac8e0a,dd2abde92
qd2b05f08,dd2b03604
qd2b05f08,dd2b02da8
qd2b05f08,dd2b05170
qd2b05f08,dd2b01854
qd2b05f08,dd2b059ae
qd2b05f08,dd2ad9520
qd2b05f08,dd2adc054
qd2b05f08,dd2ad692e
qd2b05f08,dd2aef640
qd2b05f08,dd2ad8c38
qd2adca40,dd2add242
qd2adca40,dd2adc4fa
qd2adca40,dd2acf912
qd2adca40,dd2adc054
qd2adca40,dd2adb8d4
qd2adca40,dd2adb5be
qd2adca40,dd2ad1ec4
qd2adca40,dd2abfb48
qd2adca40,dd2af18f0
qd2adca40,dd2abf0b2
qd2af2e3a,dd2af432a
qd2af2e3a,dd2af3272
qd2af2e3a,dd2af41e0
qd2af2e3a,dd2af0c8e
qd2af2e3a,dd2af18f0
qd2af2e3a,dd2ac6718
qd2af2e3a,dd2ac5bec
qd2af2e3a,dd2ac1664
qd2af2e3a,dd2ac62ae
qd2af2e3a,dd2af5afe
qd2af4a50,dd2af432a
qd2af4a50,dd2af41e0
qd2af4a50,dd2af6f08
qd2af4a50,dd2af0c8e
qd2af4a50,dd2af3272
qd2af4a50,dd2af18f0
qd2af4a50,dd2ad2306
qd2af4a50,dd2abf0b2
qd2af4a50,dd2abfb48
qd2af4a50,dd2ad88d2
qd2b12b72,dd2b0b110
qd2b12b72,dd2b13658
qd2b12b72,dd2b1453a
qd2b12b72,dd2b137de
qd2b12b72,dd2abfb48
qd2b12b72,dd2abf0b2
qd2b12b72,dd2ac410c
qd2b12b72,dd2ac43f0
qd2b12b72,dd2ac3a86
qd2b12b72,dd2ac6718
qd2abe6b2,dd2abe7ca
qd2abe6b2,dd2abe752
qd2abe6b2,dd2abedc4
qd2abe6b2,dd2abdf28
qd2abe6b2,dd2abe20c
qd2abe6b2,dd2abea5e
qd2abe6b2,dd2abde92
qd2abe6b2,dd2abbef8
qd2abe6b2,dd2abb3e0
qd2abe6b2,dd2aeb658
qd2adba1e,dd2adb8d4
qd2adba1e,dd2adb5be
qd2adba1e,dd2adc054
qd2adba1e,dd2ad9520
qd2adba1e,dd2ada3da
qd2adba1e,dd2ad8c38
qd2adba1e,dd2ada466
qd2adba1e,dd2ac1056
qd2adba1e,dd2ac62ae
qd2adba1e,dd2afdaa6
qd2adc342,dd2adc4fa
qd2adc342,dd2adcc02
qd2adc342,dd2add242
qd2adc342,dd2adc82e
qd2adc342,dd2abc54c
qd2adc342,dd2ad9520
qd2adc342,dd2ac8626
qd2adc342,dd2adb8d4
qd2adc342,dd2adb5be
qd2adc342,dd2ace5a8
qd2ac019c,dd2abff58
qd2ac019c,dd2ac04a8
qd2ac019c,dd2abffc6
qd2ac019c,dd2ac55e8
qd2ac019c,dd2ad3ecc
qd2ac019c,dd2aeb658
qd2ac019c,dd2abfb48
qd2ac019c,dd2abf0b2
qd2ac019c,dd2abe20c
qd2ac019c,dd2ac410c
qd2ac297e,dd2ac2a28
qd2ac297e,dd2ac285c
qd2ac297e,dd2ac30ea
qd2ac297e,dd2ac20d2
qd2ac297e,dd2ac2dac
qd2ac297e,dd2ac2140
qd2ac297e,dd2ac32b6
qd2ac297e,dd2ac23fc
qd2ac297e,dd2abfb48
qd2ac297e,dd2abf0b2
qd2b0876c,dd2b08d20
qd2b0876c,dd2b1453a
qd2b0876c,dd2b0b110
qd2b0876c,dd2b13658
qd2b0876c,dd2b137de
qd2b0876c,dd2ac8626
qd2b0876c,dd2ac6718
qd2b0876c,dd2ac62ae
qd2b0876c,dd2af3272
qd2b0876c,dd2abfada
qd2abb228,dd2abb3e0
qd2abb228,dd2abb8b8
qd2abb228,dd2abbef8
qd2abb228,dd2abbe8a
qd2abb228,dd2abc858
qd2abb228,dd2ac2dac
qd2abb228,dd2ad7e46
qd2abb228,dd2acd630
qd2abb228,dd2abbe1c
qd2abb228,dd2ad88d2
qd2ad86c0,dd2ad8850
qd2ad86c0,dd2ad88d2
qd2ad86c0,dd2ad7e46
qd2ad86c0,dd2ad7388
qd2ad86c0,dd2ad7824
qd2ad86c0,dd2ad741e
qd2ad86c0,dd2abbef8
qd2ad86c0,dd2ac410c
qd2ad86c0,dd2ac23fc
qd2ad86c0,dd2ac2dac
qd2acde96,dd2acffb6
qd2acde96,dd2acf0f2
qd2acde96,dd2ace5a8
qd2acde96,dd2acf692
qd2acde96,dd2acf5c0
qd2acde96,dd2acf638
qd2acde96,dd2acf912
qd2acde96,dd2acdc52
qd2acde96,dd2acfb9c
qd2acde96,dd2abc54c
qd2ad110e,dd2ad1262
qd2ad110e,dd2ad12e4
qd2ad110e,dd2ad0b46
qd2ad110e,dd2ad05a6
qd2ad110e,dd2ad061e
qd2ad110e,dd2ac410c
qd2ad110e,dd2ad662c
qd2ad110e,dd2af41e0
qd2ad110e,dd2ad88d2
qd2ad110e,dd2af432a
qd2abc7c2,dd2abc858
qd2abc7c2,dd2abca56
qd2abc7c2,dd2abccf4
qd2abc7c2,dd2abbef8
qd2abc7c2,dd2abbe8a
qd2abc7c2,dd2abb8b8
qd2abc7c2,dd2abb3e0
qd2abc7c2,dd2abc27c
qd2abc7c2,dd2abc54c
qd2abc7c2,dd2abbe1c
qd2acf4d0,dd2ace5a8
qd2acf4d0,dd2acffb6
qd2acf4d0,dd2acf0f2
qd2acf4d0,dd2acdc52
qd2acf4d0,dd2acf692
qd2acf4d0,dd2acf912
qd2acf4d0,dd2acf5c0
qd2acf4d0,dd2abfb48
qd2acf4d0,dd2acf638
qd2acf4d0,dd2abf0b2
qd2b0536e,dd2b059ae
qd2b0536e,dd2b03604
qd2b0536e,dd2b02da8
qd2b0536e,dd2b05170
qd2b0536e,dd2b01854
qd2b0536e,dd2ad692e
qd2b0536e,dd2ac8626
qd2b0536e,dd2ac1a1a
qd2b0536e,dd2ac6718
qd2b0536e,dd2adae02
qd2abed24,dd2abedc4
qd2abed24,dd2abea5e
qd2abed24,dd2abe7ca
qd2abed24,dd2abdf28
qd2abed24,dd2abe752
qd2abed24,dd2abe20c
qd2abed24,dd2abde92
qd2abed24,dd2abfada
qd2abed24,dd2abfb48
qd2abed24,dd2abf0b2
qd2abb7e6,dd2abb8b8
qd2abb7e6,dd2abbe8a
qd2abb7e6,dd2abb3e0
qd2abb7e6,dd2abc858
qd2abb7e6,dd2abbef8
qd2abb7e6,dd2abbe1c
qd2abb7e6,dd2abca56
qd2abb7e6,dd2ac2dac
qd2abb7e6,dd2ac58e0
qd2abb7e6,dd2ae98d0
qd2ae689c,dd2ae5e24
qd2ae689c,dd2ae654a
qd2ae689c,dd2ae717a
qd2ae689c,dd2ae3dfe
qd2ae689c,dd2ae3eda
qd2ae689c,dd2ae7076
qd2ae689c,dd2ae6e5a
qd2ae689c,dd2ae4f06
qd2ae689c,dd2af2336
qd2ae689c,dd2ae790e
qd2ad7216,dd2ad741e
qd2ad7216,dd2ad7388
qd2ad7216,dd2ad7e46
qd2ad7216,dd2ad7824
qd2ad7216,dd2ad88d2
qd2ad7216,dd2ad8850
qd2ad7216,dd2abf4f4
qd2ad7216,dd2ae3eda
qd2ad7216,dd2ae0e2e
qd2ad7216,dd2ada3da
qd2ada61e,dd2adb8d4
qd2ada61e,dd2adb5be
qd2ada61e,dd2adae02
qd2ada61e,dd2adc054
qd2ada61e,dd2adb2c6
qd2ada61e,dd2ad9520
qd2ada61e,dd2ada3da
qd2ada61e,dd2ad8c38
qd2ada61e,dd2ac6718
qd2ada61e,dd2ada466
qd2ad76bc,dd2ad7824
qd2ad76bc,dd2ad7e46
qd2ad76bc,dd2ad8850
qd2ad76bc,dd2ad741e
qd2ad76bc,dd2ad88d2
qd2ad76bc,dd2ad7388
qd2ad76bc,dd2ae0e2e
qd2ad76bc,dd2abb8b8
qd2ad76bc,dd2abe752
qd2ad76bc,dd2abc858
qd2ac15c4,dd2ac1056
qd2ac15c4,dd2ac1664
qd2ac15c4,dd2ac0a84
qd2ac15c4,dd2ac0dd6
qd2ac15c4,dd2ac1a1a
qd2ac15c4,dd2ac1c4a
qd2ac15c4,dd2ac07e6
qd2ac15c4,dd2ac147a
qd2ac15c4,dd2ac6718
qd2ac15c4,dd2ac62ae
qd2ac3676,dd2ac3734
qd2ac3676,dd2af2336
qd2ac3676,dd2ac410c
qd2ac3676,dd2ac3a86
qd2ac3676,dd2ac43f0
qd2ac3676,dd2ac34fa
qd2ac3676,dd2abf0b2
qd2ac3676,dd2abfb48
qd2ac3676,dd2ac45e4
qd2ac3676,dd2ac6718
qd2add4d6,dd2add62a
qd2add4d6,dd2ac8626
qd2add4d6,dd2adcc02
qd2add4d6,dd2adb8d4
qd2add4d6,dd2adb5be
qd2add4d6,dd2ac6718
qd2add4d6,dd2adae02
qd2add4d6,dd2add242
qd2add4d6,dd2afdaa6
qd2add4d6,dd2adc4fa
qd2ad44a8,dd2ad4624
qd2ad44a8,dd2ad469c
qd2ad44a8,dd2ad3ecc
qd2ad44a8,dd2ad3fd0
qd2ad44a8,dd2ad4ed0
qd2ad44a8,dd2ad4e6c
qd2ad44a8,dd2ad9520
qd2ad44a8,dd2abfb48
qd2ad44a8,dd2abfada
qd2ad44a8,dd2abc54c
qd2ae159a,dd2ae3dfe
qd2ae159a,dd2ae3eda
qd2ae159a,dd2ae6e5a
qd2ae159a,dd2ae654a
qd2ae159a,dd2ae0e2e
qd2ae159a,dd2ae7076
qd2ae159a,dd2ae717a
qd2ae159a,dd2ae790e
qd2ae159a,dd2abbef8
qd2ae159a,dd2ad7e46
qd2ad682a,dd2ad692e
qd2ad682a,dd2ad6d20
qd2ad682a,dd2adcc02
qd2ad682a,dd2ac8f0e
qd2ad682a,dd2ac6718
qd2ad682a,dd2adb8d4
qd2ad682a,dd2adb5be
qd2ad682a,dd2af18f0
qd2ad682a,dd2afc3f4
qd2ad682a,dd2b01854
qd2ac4dbe,dd2ac4ef4
qd2ac4dbe,dd2ac4e7c
qd2ac4dbe,dd2ac49a4
qd2ac4dbe,dd2ac5228
qd2ac4dbe,dd2ac5296
qd2ac4dbe,dd2ac62ae
qd2ac4dbe,dd2abbef8
qd2ac4dbe,dd2ad88d2
qd2ac4dbe,dd2abfb48
qd2ac4dbe,dd2ac2dac
qd2ac4530,dd2ac45e4
qd2ac4530,dd2ac43f0
qd2ac4530,dd2ac3a86
qd2ac4530,dd2ac410c
qd2ac4530,dd2ac3734
qd2ac4530,dd2abfb48
qd2ac4530,dd2abf0b2
qd2ac4530,dd2abfada
qd2ac4530,dd2ad8c38
qd2ac4530,dd2ac34fa
qd2ae758a,dd2ae790e
qd2ae758a,dd2ae0e2e
qd2ae758a,dd2ae3eda
qd2ae758a,dd2ae3dfe
qd2ae758a,dd2ae654a
qd2ae758a,dd2ae98d0
qd2ae758a,dd2ae5e24
qd2ae758a,dd2ac23fc
qd2ae758a,dd2ac2dac
qd2ae758a,dd2ac07e6
qd2aecf94,dd2aed41c
qd2aecf94,dd2aeecea
qd2aecf94,dd2ac58e0
qd2aecf94,dd2aef640
qd2aecf94,dd2aeeb50
qd2aecf94,dd2abfada
qd2aecf94,dd2ad741e
qd2aecf94,dd2ad1a32
qd2aecf94,dd2aec936
qd2aecf94,dd2ad7824
qd2ac5b24,dd2ac55e8
qd2ac5b24,dd2ac6718
qd2ac5b24,dd2ac5bec
qd2ac5b24,dd2ac8aea
qd2ac5b24,dd2ac8626
qd2ac5b24,dd2ac58e0
qd2ac5b24,dd2ac62ae
qd2ac5b24,dd2ac5eb2
qd2ac5b24,dd2abfb48
qd2ac5b24,dd2ad1ec4
qd2ac13da,dd2ac1a1a
qd2ac13da,dd2ac1c4a
qd2ac13da,dd2ac147a
qd2ac13da,dd2ac1056
qd2ac13da,dd2ac0dd6
qd2ac13da,dd2ac1222
qd2ac13da,dd2ac0a84
qd2ac13da,dd2ac07e6
qd2ac13da,dd2ac1664
qd2ac13da,dd2ad2306
qd2ac0d22,dd2ac1a1a
qd2ac0d22,dd2ac1056
qd2ac0d22,dd2ac1c4a
qd2ac0d22,dd2ac147a
qd2ac0d22,dd2ac0a84
qd2ac0d22,dd2ac0dd6
qd2ac0d22,dd2ac1222
qd2ac0d22,dd2ac1664
qd2ac0d22,dd2ac07e6
qd2ac0d22,dd2ac2dac
qd2af258e,dd2af293a
qd2af258e,dd2af18f0
qd2af258e,dd2af41e0
qd2af258e,dd2af432a
qd2af258e,dd2af3272
qd2af258e,dd2af679c
qd2af258e,dd2af5afe
qd2af258e,dd2af0c8e
qd2af258e,dd2ad4e6c
qd2af258e,dd2af2336
qd2b0310e,dd2b03604
qd2b0310e,dd2abc27c
qd2b0310e,dd2ad9520
qd2b0310e,dd2ac8626
qd2b0310e,dd2adc054
qd2b0310e,dd2ac6718
qd2b0310e,dd2adb8d4
qd2b0310e,dd2adb5be
qd2b0310e,dd2ad2306
qd2b0310e,dd2ac5bec
qd2afe1ae,dd2afe78a
qd2afe1ae,dd2afb88c
qd2afe1ae,dd2af2336
qd2afe1ae,dd2afc3f4
qd2afe1ae,dd2afdaa6
qd2afe1ae,dd2ac8626
qd2afe1ae,dd2af9b04
qd2afe1ae,dd2ac6718
qd2afe1ae,dd2adb8d4
qd2afe1ae,dd2adb5be
qd2b1698e,dd2b16ef2
qd2b1698e,dd2b17af0
qd2b1698e,dd2b15b1a
qd2b1698e,dd2b17c3a
qd2b1698e,dd2b16146
qd2b1698e,dd2abfb48
qd2b1698e,dd2abf0b2
qd2b1698e,dd2ac6718
qd2b1698e,dd2ad7388
qd2b1698e,dd2ad2306
qd2ad18ca,dd2ad1a32
qd2ad18ca,dd2ad2676
qd2ad18ca,dd2ad19c4
qd2ad18ca,dd2ad2306
qd2ad18ca,dd2ad1ec4
qd2ad18ca,dd2ad7824
qd2ad18ca,dd2abc858
qd2ad18ca,dd2abf4f4
qd2ad18ca,dd2ade412
qd2ad18ca,dd2abbe8a
qd2ac0732,dd2ac07e6
qd2ac0732,dd2ac147a
qd2ac0732,dd2ac0dd6
qd2ac0732,dd2ac1a1a
qd2ac0732,dd2ac1c4a
qd2ac0732,dd2ac2dac
qd2ac0732,dd2ac1664
qd2ac0732,dd2ac1056
qd2ac0732,dd2ac0a84
qd2ac0732,dd2ac285c
qd2afa130,dd2afb88c
qd2afa130,dd2afc3f4
qd2afa130,dd2afc67e
qd2afa130,dd2afe78a
qd2afa130,dd2af9b04
qd2afa130,dd2af18f0
qd2afa130,dd2ad7e46
qd2afa130,dd2ad9520
qd2afa130,dd2abfb48
qd2afa130,dd2ac62ae
qd2aeaf50,dd2aeb658
qd2aeaf50,dd2aeab5e
qd2aeaf50,dd2aeaa0a
qd2aeaf50,dd2ac8f0e
qd2aeaf50,dd2ac58e0
qd2aeaf50,dd2ac23fc
qd2aeaf50,dd2ae98d0
qd2aeaf50,dd2ad741e
qd2aeaf50,dd2ad7824
qd2aeaf50,dd2aeecea
qd2ace92c,dd2aced14
qd2ace92c,dd2acffb6
qd2ace92c,dd2acf0f2
qd2ace92c,dd2ace5a8
qd2ace92c,dd2acf912
qd2ace92c,dd2acdc52
qd2ace92c,dd2af293a
qd2ace92c,dd2abfb48
qd2ace92c,dd2abfada
qd2ace92c,dd2abf0b2
qd2ac48d2,dd2ac49a4
qd2ac48d2,dd2ac4ef4
qd2ac48d2,dd2ac4e7c
qd2ac48d2,dd2ac5296
qd2ac48d2,dd2ac5228
qd2ac48d2,dd2acd630
qd2ac48d2,dd2ac410c
qd2ac48d2,dd2abbef8
qd2ac48d2,dd2ad7e46
qd2ac48d2,dd2ac2dac
qd2ad2568,dd2ad2306
qd2ad2568,dd2ad2676
qd2ad2568,dd2ad19c4
qd2ad2568,dd2ad1ec4
qd2ad2568,dd2ad1a32
qd2ad2568,dd2abfada
qd2ad2568,dd2abfb48
qd2ad2568,dd2abf0b2
qd2ad2568,dd2aef640
qd2ad2568,dd2ac410c
qd2afbdf0,dd2afc3f4
qd2afbdf0,dd2afb88c
qd2afbdf0,dd2afc67e
qd2afbdf0,dd2af18f0
qd2afbdf0,dd2af9b04
qd2afbdf0,dd2abc54c
qd2afbdf0,dd2ac55e8
qd2afbdf0,dd2b01854
qd2afbdf0,dd2ad9520
qd2afbdf0,dd2afe78a
qd2b02664,dd2b059ae
qd2b02664,dd2b03604
qd2b02664,dd2b05170
qd2b02664,dd2b02da8
qd2b02664,dd2b01854
qd2b02664,dd2ad692e
qd2b02664,dd2ac1056
qd2b02664,dd2ac5eb2
qd2b02664,dd2ac6718
qd2b02664,dd2ac62ae
qd2ac3cc0,dd2ac410c
qd2ac3cc0,dd2ac43f0
qd2ac3cc0,dd2ac3734
qd2ac3cc0,dd2ac3a86
qd2ac3cc0,dd2ac45e4
qd2ac3cc0,dd2abfb48
qd2ac3cc0,dd2abf0b2
qd2ac3cc0,dd2ac2a28
qd2ac3cc0,dd2ad2306
qd2ac3cc0,dd2abf562
qd2abe9be,dd2abea5e
qd2abe9be,dd2abedc4
qd2abe9be,dd2abe20c
qd2abe9be,dd2abe7ca
qd2abe9be,dd2abdf28
qd2abe9be,dd2abe752
qd2abe9be,dd2abde92
qd2abe9be,dd2abfb48
qd2abe9be,dd2abf0b2
qd2abe9be,dd2ad2306
qd2af7502,dd2af6f08
qd2af7502,dd2af18f0
qd2af7502,dd2af5afe
qd2af7502,dd2af679c
qd2af7502,dd2ac1c4a
qd2af7502,dd2af41e0
qd2af7502,dd2af3272
qd2af7502,dd2af432a
qd2af7502,dd2af0c8e
qd2af7502,dd2adae02
qd2ac27b2,dd2ac285c
qd2ac27b2,dd2ac2a28
qd2ac27b2,dd2ac2dac
qd2ac27b2,dd2ac30ea
qd2ac27b2,dd2ac32b6
qd2ac27b2,dd2ac23fc
qd2ac27b2,dd2ac20d2
qd2ac27b2,dd2abfb48
qd2ac27b2,dd2abea5e
qd2ac27b2,dd2abf0b2
qd2abc4b6,dd2abc54c
qd2abc4b6,dd2abc27c
qd2abc4b6,dd2abbe8a
qd2abc4b6,dd2abbef8
qd2abc4b6,dd2abc858
qd2abc4b6,dd2ac8aea
qd2abc4b6,dd2ad9520
qd2abc4b6,dd2add242
qd2abc4b6,dd2abbe1c
qd2abc4b6,dd2ac8626
qd2af095a,dd2af0c8e
qd2af095a,dd2af432a
qd2af095a,dd2af41e0
qd2af095a,dd2af18f0
qd2af095a,dd2af3272
qd2af095a,dd2af293a
qd2af095a,dd2af679c
qd2af095a,dd2ac62ae
qd2af095a,dd2af5afe
qd2af095a,dd2abbef8
qd2acda90,dd2acdc52
qd2acda90,dd2acffb6
qd2acda90,dd2acf0f2
qd2acda90,dd2ace5a8
qd2acda90,dd2abfada
qd2acda90,dd2ac58e0
qd2acda90,dd2abb8b8
qd2acda90,dd2ac0dd6
qd2acda90,dd2abbe8a
qd2acda90,dd2ac23fc
qd2af1134,dd2af2336
qd2af1134,dd2af3272
qd2af1134,dd2af18f0
qd2af1134,dd2af41e0
qd2af1134,dd2af6f08
qd2af1134,dd2af432a
qd2af1134,dd2af5afe
qd2af1134,dd2af679c
qd2af1134,dd2af0c8e
qd2af1134,dd2af293a
qd2abfa1c,dd2abf562
qd2abfa1c,dd2abfb48
qd2abfa1c,dd2abf0b2
qd2abfa1c,dd2abfada
qd2abfa1c,dd2abf4f4
qd2abfa1c,dd2ac43f0
qd2abfa1c,dd2ac3a86
qd2abfa1c,dd2ac410c
qd2abfa1c,dd2ac6718
qd2abfa1c,dd2ac2dac
qd2abd6b8,dd2abd7b2
qd2abd6b8,dd2abd1e0
qd2abd6b8,dd2abd17c
qd2abd6b8,dd2ac2dac
qd2abd6b8,dd2abe7ca
qd2abd6b8,dd2aeab5e
qd2abd6b8,dd2ac55e8
qd2abd6b8,dd2ad7e46
qd2abd6b8,dd2abbef8
qd2abd6b8,dd2ad88d2
qd2abd0e6,dd2abd1e0
qd2abd0e6,dd2abd17c
qd2abd0e6,dd2abd7b2
qd2abd0e6,dd2ac58e0
qd2abd0e6,dd2abde92
qd2abd0e6,dd2ac1664
qd2abd0e6,dd2abf4f4
qd2abd0e6,dd2abdf28
qd2abd0e6,dd2ae98d0
qd2abd0e6,dd2ac23fc
qd2adf038,dd2ae0e2e
qd2adf038,dd2ae3dfe
qd2adf038,dd2ae3eda
qd2adf038,dd2ae5e24
qd2adf038,dd2ae654a
qd2adf038,dd2ae6e5a
qd2adf038,dd2ae717a
qd2adf038,dd2ae7076
qd2adf038,dd2ac58e0
qd2adf038,dd2ac23fc
qd2ad1d98,dd2ad2306
qd2ad1d98,dd2ad1ec4
qd2ad1d98,dd2ad19c4
qd2ad1d98,dd2ad1a32
qd2ad1d98,dd2ad2676
qd2ad1d98,dd2abfb48
qd2ad1d98,dd2abf0b2
qd2ad1d98,dd2ac6718
qd2ad1d98,dd2ac5bec
qd2ad1d98,dd2abbef8
qd2add044,dd2adcc02
qd2add044,dd2add242
qd2add044,dd2ad9520
qd2add044,dd2adc054
qd2add044,dd2abc54c
qd2add044,dd2ac285c
qd2add044,dd2ac6718
qd2add044,dd2ac8626
qd2add044,dd2ac410c
qd2add044,dd2adae02
qd2aede94,dd2aeeb50
qd2aede94,dd2aef640
qd2aede94,dd2aeecea
qd2aede94,dd2aec936
qd2aede94,dd2aed41c
qd2aede94,dd2ad469c
qd2aede94,dd2abf4f4
qd2aede94,dd2ac62ae
qd2aede94,dd2af9b04
qd2aede94,dd2ac23fc
qd2af51e4,dd2af541e
qd2af51e4,dd2ad6d20
qd2af51e4,dd2af679c
qd2af51e4,dd2af18f0
qd2af51e4,dd2af5afe
qd2af51e4,dd2af6f08
qd2af51e4,dd2af293a
qd2af51e4,dd2af41e0
qd2af51e4,dd2af3272
qd2af51e4,dd2af432a
qd2ac2cee,dd2ac2dac
qd2ac2cee,dd2ac2a28
qd2ac2cee,dd2ac285c
qd2ac2cee,dd2ac30ea
qd2ac2cee,dd2ac2140
qd2ac2cee,dd2ac23fc
qd2ac2cee,dd2abedc4
qd2ac2cee,dd2ac32b6
qd2ac2cee,dd2ad88d2
qd2ac2cee,dd2ac49a4
qd2ac1970,dd2ac1a1a
qd2ac1970,dd2ac1c4a
qd2ac1970,dd2ac147a
qd2ac1970,dd2ac0dd6
qd2ac1970,dd2ac1056
qd2ac1970,dd2ac6718
qd2ac1970,dd2ac1664
qd2ac1970,dd2ac1222
qd2ac1970,dd2ac0a84
qd2ac1970,dd2ac07e6
qd2b14ff8,dd2b16146
qd2b14ff8,dd2b15b1a
qd2b14ff8,dd2b17af0
qd2b14ff8,dd2b17c3a
qd2b14ff8,dd2ad741e
qd2b14ff8,dd2ae0e2e
qd2b14ff8,dd2abb3e0
qd2b14ff8,dd2acdc52
qd2b14ff8,dd2abbef8
qd2b14ff8,dd2abf4f4
qd2ad2fea,dd2ad3ecc
qd2ad2fea,dd2ad3fd0
qd2ad2fea,dd2ad469c
qd2ad2fea,dd2ad662c
qd2ad2fea,dd2ac55e8
qd2ad2fea,dd2abb8b8
qd2ad2fea,dd2abf4f4
qd2ad2fea,dd2ac58e0
qd2ad2fea,dd2abde92
qd2ad2fea,dd2abb3e0
qd2abc9d4,dd2abca56
qd2abc9d4,dd2abc858
qd2abc9d4,dd2ae790e
qd2abc9d4,dd2abccf4
qd2abc9d4,dd2abbe8a
qd2abc9d4,dd2abb8b8
qd2abc9d4,dd2abc27c
qd2abc9d4,dd2abbef8
qd2abc9d4,dd2b01854
qd2abc9d4,dd2abb3e0
qd2ad6b68,dd2ad6d20
qd2ad6b68,dd2af18f0
qd2ad6b68,dd2afc3f4
qd2ad6b68,dd2adcc02
qd2ad6b68,dd2af541e
qd2ad6b68,dd2ac6718
qd2ad6b68,dd2af5afe
qd2ad6b68,dd2ad692e
qd2ad6b68,dd2ac8f0e
qd2ad6b68,dd2af679c
qd2ae942a,dd2ae98d0
qd2ae942a,dd2abc858
qd2ae942a,dd2abfada
qd2ae942a,dd2b05170
qd2ae942a,dd2abfb48
qd2ae942a,dd2b059ae
qd2ae942a,dd2abf0b2
qd2ae942a,dd2ac58e0
qd2ae942a,dd2ac23fc
qd2ae942a,dd2ac62ae
qd2abe16c,dd2abe20c
qd2abe16c,dd2abe7ca
qd2abe16c,dd2abea5e
qd2abe16c,dd2abdf28
qd2abe16c,dd2abedc4
qd2abe16c,dd2abe752
qd2abe16c,dd2abde92
qd2abe16c,dd2ae86ba
qd2abe16c,dd2abfb48
qd2abe16c,dd2abf0b2
qd2acfab6,dd2acfb9c
qd2acfab6,dd2acffb6
qd2acfab6,dd2acf0f2
qd2acfab6,dd2ace5a8
qd2acfab6,dd2acf912
qd2acfab6,dd2acdc52
qd2acfab6,dd2acf692
qd2acfab6,dd2ac6718
qd2acfab6,dd2abc54c
qd2acfab6,dd2af6f08
qd2ad21e4,dd2ad2306
qd2ad21e4,dd2ad2676
qd2ad21e4,dd2ad1ec4
qd2ad21e4,dd2ac6718
qd2ad21e4,dd2ad19c4
qd2ad21e4,dd2ad1a32
qd2ad21e4,dd2ac410c
qd2ad21e4,dd2ad9520
qd2ad21e4,dd2abfb48
qd2ad21e4,dd2abf0b2
qd2aebcc0,dd2aec936
qd2aebcc0,dd2aeeb50
qd2aebcc0,dd2aef640
qd2aebcc0,dd2aed41c
qd2aebcc0,dd2aeecea
qd2aebcc0,dd2ad9520
qd2aebcc0,dd2ac55e8
qd2aebcc0,dd2abfb48
qd2aebcc0,dd2abf0b2
qd2aebcc0,dd2adc054
qd2acefe4,dd2acffb6
qd2acefe4,dd2acf912
qd2acefe4,dd2acfb9c
qd2acefe4,dd2acf0f2
qd2acefe4,dd2ace5a8
qd2acefe4,dd2acf692
qd2acefe4,dd2acdc52
qd2acefe4,dd2acf5c0
qd2acefe4,dd2ad2306
qd2acefe4,dd2abfb48
qd2ae4664,dd2ae4f06
qd2ae4664,dd2ae5e24
qd2ae4664,dd2ae654a
qd2ae4664,dd2ae3eda
qd2ae4664,dd2ae3dfe
qd2ae4664,dd2ae0e2e
qd2ae4664,dd2ae790e
qd2ae4664,dd2ae6e5a
qd2ae4664,dd2ae7076
qd2ae4664,dd2ae717a
qd2aef29e,dd2aef640
qd2aef29e,dd2aeeb50
qd2aef29e,dd2aeecea
qd2aef29e,dd2aec936
qd2aef29e,dd2aed41c
qd2aef29e,dd2ac62ae
qd2aef29e,dd2ac2dac
qd2aef29e,dd2ac8626
qd2aef29e,dd2ad88d2
qd2aef29e,dd2b05170
qd2ad8d5a,dd2adae02
qd2ad8d5a,dd2adb2c6
qd2ad8d5a,dd2adc054
qd2ad8d5a,dd2ad8c38
qd2ad8d5a,dd2ad9520
qd2ad8d5a,dd2ad2306
qd2ad8d5a,dd2adb8d4
qd2ad8d5a,dd2adb5be
qd2ad8d5a,dd2ada3da
qd2ad8d5a,dd2ada466
qd2ac0408,dd2ac04a8
qd2ac0408,dd2abff58
qd2ac0408,dd2ac1a1a
qd2ac0408,dd2abffc6
qd2ac0408,dd2ad7388
qd2ac0408,dd2ad0b46
qd2ac0408,dd2addc24
qd2ac0408,dd2afb88c
qd2ac0408,dd2ad1262
qd2ac0408,dd2abf0b2
qd2abf45e,dd2abfb48
qd2abf45e,dd2abf0b2
qd2abf45e,dd2abfada
qd2abf45e,dd2abf562
qd2abf45e,dd2abf4f4
qd2abf45e,dd2abc54c
qd2abf45e,dd2ad9520
qd2abf45e,dd2ac2dac
qd2abf45e,dd2b05170
qd2abf45e,dd2abbe8a
qd2ac516a,dd2ac5296
qd2ac516a,dd2ac5228
qd2ac516a,dd2ac4e7c
qd2ac516a,dd2ac4ef4
qd2ac516a,dd2ac49a4
qd2ac516a,dd2abfada
qd2ac516a,dd2abfb48
qd2ac516a,dd2ac410c
qd2ac516a,dd2abf0b2
qd2ac516a,dd2ac3a86
qd2ac1182,dd2ac1222
qd2ac1182,dd2ac1056
qd2ac1182,dd2ac1c4a
qd2ac1182,dd2ac262c
qd2ac1182,dd2ac0a84
qd2ac1182,dd2ac0dd6
qd2ac1182,dd2ac1a1a
qd2ac1182,dd2ac07e6
qd2ac1182,dd2ac147a
qd2ac1182,dd2ac8aea
qd2b13fd6,dd2b0b110
qd2b13fd6,dd2b1453a
qd2b13fd6,dd2b137de
qd2b13fd6,dd2b13658
qd2b13fd6,dd2abfada
qd2b13fd6,dd2b05170
qd2b13fd6,dd2ac43f0
qd2b13fd6,dd2ad9520
qd2b13fd6,dd2ad469c
qd2b13fd6,dd2ac23fc
qd2adb0c8,dd2ad8c38
qd2adb0c8,dd2adb2c6
qd2adb0c8,dd2adae02
qd2adb0c8,dd2adc054
qd2adb0c8,dd2adb8d4
qd2adb0c8,dd2adb5be
qd2adb0c8,dd2ad9520
qd2adb0c8,dd2ada466
qd2adb0c8,dd2ada3da
qd2adb0c8,dd2ac8aea
qd2abfeae,dd2abffc6
qd2abfeae,dd2abff58
qd2abfeae,dd2ac04a8
qd2abfeae,dd2aeb658
qd2abfeae,dd2abe752
qd2abfeae,dd2ad2676
qd2abfeae,dd2ad061e
qd2abfeae,dd2abf4f4
qd2abfeae,dd2ac23fc
qd2abfeae,dd2abde92
qd2ac3036,dd2ac285c
qd2ac3036,dd2ac262c
qd2ac3036,dd2ac30ea
qd2ac3036,dd2ac32b6
qd2ac3036,dd2ac20d2
qd2ac3036,dd2ac2dac
qd2ac3036,dd2ac23fc
qd2ac3036,dd2ac2a28
qd2ac3036,dd2ac1c4a
qd2ac3036,dd2ac8aea
qd2ac5dea,dd2ac5eb2
qd2ac5dea,dd2ac6718
qd2ac5dea,dd2ac62ae
qd2ac5dea,dd2ac5bec
qd2ac5dea,dd2ac8626
qd2ac5dea,dd2ac1056
qd2ac5dea,dd2ac55e8
qd2ac5dea,dd2ac8aea
qd2ac5dea,dd2ac58e0
qd2ac5dea,dd2ac45e4
qd2ac4328,dd2ac43f0
qd2ac4328,dd2ac410c
qd2ac4328,dd2ac3734
qd2ac4328,dd2ac3a86
qd2ac4328,dd2ac23fc
qd2ac4328,dd2abfada
qd2ac4328,dd2ac1664
qd2ac4328,dd2abf4f4
qd2ac4328,dd2abf0b2
qd2ac4328,dd2abfb48
qd2ac6a74,dd2ac8626
qd2ac6a74,dd2ac6718
qd2ac6a74,dd2ac62ae
qd2ac6a74,dd2ac5bec
qd2ac6a74,dd2ac8aea
qd2ac6a74,dd2b05170
qd2ac6a74,dd2ac55e8
qd2ac6a74,dd2ac5eb2
qd2ac6a74,dd2ac58e0
qd2ac6a74,dd2afe78a
qd2ad9e8a,dd2ad8c38
qd2ad9e8a,dd2adc054
qd2ad9e8a,dd2adb2c6
qd2ad9e8a,dd2adae02
qd2ad9e8a,dd2ad9520
qd2ad9e8a,dd2ada3da
qd2ad9e8a,dd2ada466
qd2ad9e8a,dd2adb8d4
qd2ad9e8a,dd2adb5be
qd2ad9e8a,dd2abc54c
qd2ac2348,dd2ac20d2
qd2ac2348,dd2ac2dac
qd2ac2348,dd2ac285c
qd2ac2348,dd2ac2140
qd2ac2348,dd2ac23fc
qd2ac2348,dd2ac262c
qd2ac2348,dd2ac2a28
qd2ac2348,dd2ac32b6
qd2ac2348,dd2ac30ea
qd2ac2348,dd2ac1a1a
qd2ad04a2,dd2ad061e
qd2ad04a2,dd2ad1262
qd2ad04a2,dd2ad05a6
qd2ad04a2,dd2ad0b46
qd2ad04a2,dd2ad12e4
qd2ad04a2,dd2abf4f4
qd2ad04a2,dd2af41e0
qd2ad04a2,dd2aeb658
qd2ad04a2,dd2ac58e0
qd2ad04a2,dd2af0c8e
qd2abddb6,dd2abe7ca
qd2abddb6,dd2abdf28
qd2abddb6,dd2abedc4
qd2abddb6,dd2abe20c
qd2abddb6,dd2abea5e
qd2abddb6,dd2abde92
qd2abddb6,dd2abe752
qd2abddb6,dd2abbef8
qd2abddb6,dd2acdc52
qd2abddb6,dd2ac2140
qd2abcc68,dd2abccf4
qd2abcc68,dd2abbef8
qd2abcc68,dd2abb3e0
qd2abcc68,dd2abc27c
qd2abcc68,dd2abc858
qd2abcc68,dd2abbe8a
qd2abcc68,dd2abb8b8
qd2abcc68,dd2abbe1c
qd2abcc68,dd2abc54c
qd2abcc68,dd2abca56
qd2ac403a,dd2ac410c
qd2ac403a,dd2ac3734
qd2ac403a,dd2ac43f0
qd2ac403a,dd2ac3a86
qd2ac403a,dd2ac6718
qd2ac403a,dd2abfb48
qd2ac403a,dd2abf0b2
qd2ac403a,dd2ad2306
qd2ac403a,dd2ac45e4
qd2ac403a,dd2abfada
qd2adeba6,dd2aded90
qd2adeba6,dd2ade386
qd2adeba6,dd2ade412
qd2adeba6,dd2ade854
qd2adeba6,dd2abfb48
qd2adeba6,dd2abf0b2
qd2adeba6,dd2abf562
qd2adeba6,dd2ac3a86
qd2adeba6,dd2ac410c
qd2adeba6,dd2ad9520
qd2aff090,dd2afe78a
qd2aff090,dd2afb88c
qd2aff090,dd2afc3f4
qd2aff090,dd2afdaa6
qd2aff090,dd2af9b04
qd2aff090,dd2ac6718
qd2aff090,dd2afc67e
qd2aff090,dd2ad9520
qd2aff090,dd2abc54c
qd2aff090,dd2adb8d4
qd2acd50e,dd2acd630
qd2acd50e,dd2acce74
qd2acd50e,dd2abedc4
qd2acd50e,dd2ae3eda
qd2acd50e,dd2ac2dac
qd2acd50e,dd2b17c3a
qd2acd50e,dd2abbef8
qd2acd50e,dd2ad7e46
qd2acd50e,dd2ad88d2
qd2acd50e,dd2ac4ef4
qd2b09220,dd2b0b110
qd2b09220,dd2b13658
qd2b09220,dd2b1453a
qd2b09220,dd2b137de
qd2b09220,dd2abfb48
qd2b09220,dd2abfada
qd2b09220,dd2b07a56
qd2b09220,dd2abf0b2
qd2b09220,dd2ac410c
qd2b09220,dd2b08d20
qd2adbde8,dd2adc054
qd2adbde8,dd2adb8d4
qd2adbde8,dd2adb5be
qd2adbde8,dd2adae02
qd2adbde8,dd2ad9520
qd2adbde8,dd2ad8c38
qd2adbde8,dd2adb2c6
qd2adbde8,dd2b03604
qd2adbde8,dd2b05170
qd2adbde8,dd2ada466
qd2af6198,dd2af5afe
qd2af6198,dd2af679c
qd2af6198,dd2af18f0
qd2af6198,dd2af41e0
qd2af6198,dd2af3272
qd2af6198,dd2af0c8e
qd2af6198,dd2af432a
qd2af6198,dd2ad8c38
qd2af6198,dd2af293a
qd2af6198,dd2af541e
qd2ac6632,dd2b05170
qd2ac6632,dd2ae790e
qd2ac6632,dd2ac8626
qd2ac6632,dd2ae98d0
qd2ac6632,dd2abc858
qd2ac6632,dd2ac0dd6
qd2ac6632,dd2ac43f0
qd2ac6632,dd2abfada
qd2ac6632,dd2ada3da
qd2ac6632,dd2af9b04
qd2ad7b9e,dd2ad7e46
qd2ad7b9e,dd2ad88d2
qd2ad7b9e,dd2ad7824
qd2ad7b9e,dd2ad8850
qd2ad7b9e,dd2ad7388
qd2ad7b9e,dd2ad741e
qd2ad7b9e,dd2ae3eda
qd2ad7b9e,dd2abbef8
qd2ad7b9e,dd2acd630
qd2ad7b9e,dd2abb3e0
qd2ac89be,dd2ac8aea
qd2ac89be,dd2ac8626
qd2ac89be,dd2ac5eb2
qd2ac89be,dd2ac6718
qd2ac89be,dd2ac62ae
qd2ac89be,dd2abc54c
qd2ac89be,dd2ac55e8
qd2ac89be,dd2ac58e0
qd2ac89be,dd2ac5bec
qd2ac89be,dd2b03604
qd2b03ffa,dd2b05170
qd2b03ffa,dd2b03604
qd2b03ffa,dd2b02da8
qd2b03ffa,dd2b01854
qd2b03ffa,dd2b059ae
qd2b03ffa,dd2ac62ae
qd2b03ffa,dd2ad692e
qd2b03ffa,dd2ac8626
qd2b03ffa,dd2ac58e0
qd2b03ffa,dd2aef640
qd2af962c,dd2afb88c
qd2af962c,dd2afc3f4
qd2af962c,dd2af9b04
qd2af962c,dd2afe78a
qd2af962c,dd2afc67e
qd2af962c,dd2ad9520
qd2af962c,dd2af18f0
qd2af962c,dd2adae02
qd2af962c,dd2abf0b2
qd2af962c,dd2abc54c
qd2ad8a6c,dd2adb8d4
qd2ad8a6c,dd2adb5be
qd2ad8a6c,dd2adc054
qd2ad8a6c,dd2adae02
qd2ad8a6c,dd2ad9520
qd2ad8a6c,dd2ad8c38
qd2ad8a6c,dd2adb2c6
qd2ad8a6c,dd2ada3da
qd2ad8a6c,dd2ada466
qd2ad8a6c,dd2ac6718
qd2afcbec,dd2afdaa6
qd2afcbec,dd2afb88c
qd2afcbec,dd2afe78a
qd2afcbec,dd2afc3f4
qd2afcbec,dd2af9b04
qd2afcbec,dd2afc67e
qd2afcbec,dd2b08d20
qd2afcbec,dd2adb8d4
qd2afcbec,dd2adb5be
qd2afcbec,dd2ad4ed0
qd2ac5516,dd2ac55e8
qd2ac5516,dd2ac6718
qd2ac5516,dd2ac5bec
qd2ac5516,dd2ac62ae
qd2ac5516,dd2ac58e0
qd2ac5516,dd2ac8626
qd2ac5516,dd2ac5eb2
qd2ac5516,dd2ac20d2
qd2ac5516,dd2abfb48
qd2ac5516,dd2abf0b2
qd2ad504c,dd2ad662c
qd2ad504c,dd2ad4624
qd2ad504c,dd2ad3ecc
qd2ad504c,dd2ad469c
qd2ad504c,dd2ad4ed0
qd2ad504c,dd2ad3fd0
qd2ad504c,dd2ac410c
qd2ad504c,dd2ac6718
qd2ad504c,dd2abfb48
qd2ad504c,dd2ac5eb2
qd2ac3202,dd2ac32b6
qd2ac3202,dd2ac2dac
qd2ac3202,dd2ac285c
qd2ac3202,dd2ac262c
qd2ac3202,dd2ac30ea
qd2ac3202,dd2ac20d2
qd2ac3202,dd2ac2a28
qd2ac3202,dd2ac23fc
qd2ac3202,dd2ac2140
qd2ac3202,dd2ac0a84
qd2ac201e,dd2ac20d2
qd2ac201e,dd2ac2dac
qd2ac201e,dd2ac2140
qd2ac201e,dd2abe7ca
qd2ac201e,dd2abdf28
qd2ac201e,dd2abedc4
qd2ac201e,dd2ac23fc
qd2ac201e,dd2ac4ef4
qd2ac201e,dd2ac49a4
qd2ac201e,dd2ad88d2
qd2ad097a,dd2ad0b46
qd2ad097a,dd2ad1262
qd2ad097a,dd2ad05a6
qd2ad097a,dd2ad12e4
qd2ad097a,dd2ad061e
qd2ad097a,dd2ad2306
qd2ad097a,dd2abfb48
qd2ad097a,dd2abf0b2
qd2ad097a,dd2ad9520
qd2ad097a,dd2ac3a86
qd2ac5818,dd2ac58e0
qd2ac5818,dd2ac62ae
qd2ac5818,dd2ac5bec
qd2ac5818,dd2b05170
qd2ac5818,dd2ac8626
qd2ac5818,dd2ac6718
qd2ac5818,dd2abbe8a
qd2ac5818,dd2ac55e8
qd2ac5818,dd2ac23fc
qd2ac5818,dd2abc858
qd2ac2582,dd2ac262c
qd2ac2582,dd2ac285c
qd2ac2582,dd2ac32b6
qd2ac2582,dd2ac30ea
qd2ac2582,dd2ac2a28
qd2ac2582,dd2ac2dac
qd2ac2582,dd2ac23fc
qd2ac2582,dd2ac2140
qd2ac2582,dd2ac8aea
qd2ac2582,dd2ac1222
qd2ac3446,dd2ac34fa
qd2ac3446,dd2ac43f0
qd2ac3446,dd2ac3734
qd2ac3446,dd2ac410c
qd2ac3446,dd2ac3a86
qd2ac3446,dd2abfada
qd2ac3446,dd2ac45e4
qd2ac3446,dd2ae790e
qd2ac3446,dd2abf0b2
qd2ac3446,dd2abfb48
qd2ac39be,dd2ac410c
qd2ac39be,dd2abf0b2
qd2ac39be,dd2abfb48
qd2ac39be,dd2ac0a84
qd2ac39be,dd2ac3734
qd2ac39be,dd2ac2a28
qd2ac39be,dd2ac43f0
qd2ac39be,dd2ac3a86
qd2ac39be,dd2ad2306
qd2ac39be,dd2ac6718
qd2ac0fa2,dd2ac1056
qd2ac0fa2,dd2ac1a1a
qd2ac0fa2,dd2ac0a84
qd2ac0fa2,dd2ac147a
qd2ac0fa2,dd2ac1c4a
qd2ac0fa2,dd2ac0dd6
qd2ac0fa2,dd2ac1222
qd2ac0fa2,dd2ac07e6
qd2ac0fa2,dd2ac1664
qd2ac0fa2,dd2ac5eb2
qd2affacc,dd2b01854
qd2affacc,dd2b02da8
qd2affacc,dd2b03604
qd2affacc,dd2ad692e
qd2affacc,dd2b059ae
qd2affacc,dd2b05170
qd2affacc,dd2ae790e
qd2affacc,dd2abca56
qd2affacc,dd2ac1222
qd2affacc,dd2ac34fa
qd2abc1e6,dd2abc27c
qd2abc1e6,dd2abc54c
qd2abc1e6,dd2abbef8
qd2abc1e6,dd2abbe8a
qd2abc1e6,dd2abbe1c
qd2abc1e6,dd2abc858
qd2abc1e6,dd2abfb48
qd2abc1e6,dd2abf0b2
qd2abc1e6,dd2abccf4
qd2abc1e6,dd2ad2306
qd2b1771c,dd2b17af0
qd2b1771c,dd2b17c3a
qd2b1771c,dd2b16ef2
qd2b1771c,dd2b15b1a
qd2b1771c,dd2b16146
qd2b1771c,dd2ad7e46
qd2b1771c,dd2ad88d2
qd2b1771c,dd2abbef8
qd2b1771c,dd2abb3e0
qd2b1771c,dd2abdf28
qd2ad4a7a,dd2ad4624
qd2ad4a7a,dd2ad4e6c
qd2ad4a7a,dd2ad4ed0
qd2ad4a7a,dd2ad469c
qd2ad4a7a,dd2ad662c
qd2ad4a7a,dd2ad4dfe
qd2ad4a7a,dd2af293a
qd2ad4a7a,dd2abfb48
qd2ad4a7a,dd2abf0b2
qd2ad4a7a,dd2ad9520
qd2af3e34,dd2af432a
qd2af3e34,dd2af41e0
qd2af3e34,dd2af0c8e
qd2af3e34,dd2ac2a28
qd2af3e34,dd2af18f0
qd2af3e34,dd2ad88d2
qd2af3e34,dd2abbef8
qd2af3e34,dd2ac62ae
qd2af3e34,dd2ac1a1a
qd2af3e34,dd2ad12e4
qd2ade660,dd2ade854
qd2ade660,dd2ade412
qd2ade660,dd2aded90
qd2ade660,dd2ade386
qd2ade660,dd2abc858
qd2ade660,dd2ad2676
qd2ade660,dd2ac23fc
qd2ade660,dd2ac07e6
qd2ade660,dd2aef640
qd2ade660,dd2ae98d0
qd2aea6a4,dd2aeaa0a
qd2aea6a4,dd2aeab5e
qd2aea6a4,dd2aeb658
qd2aea6a4,dd2abdf28
qd2aea6a4,dd2ac62ae
qd2aea6a4,dd2ac20d2
qd2aea6a4,dd2ae86ba
qd2aea6a4,dd2abde92
qd2aea6a4,dd2abbef8
qd2aea6a4,dd2ac2140
qd2adb442,dd2adb5be
qd2adb442,dd2adb8d4
qd2adb442,dd2adc054
qd2adb442,dd2adae02
qd2adb442,dd2ad9520
qd2adb442,dd2ada3da
qd2adb442,dd2adb2c6
qd2adb442,dd2ac8626
qd2adb442,dd2ad05a6
qd2adb442,dd2ac1056
qd2ac09da,dd2ac0a84
qd2ac09da,dd2ac1056
qd2ac09da,dd2ac1a1a
qd2ac09da,dd2ac1c4a
qd2ac09da,dd2ac0dd6
qd2ac09da,dd2ac1664
qd2ac09da,dd2ac1222
qd2ac09da,dd2ad6d20
qd2ac09da,dd2ac147a
qd2ac09da,dd2af679c
qd2ae821e,dd2ae86ba
qd2ae821e,dd2ac55e8
qd2ae821e,dd2ae98d0
qd2ae821e,dd2abfb48
qd2ae821e,dd2abf0b2
qd2ae821e,dd2ad3ecc
qd2ae821e,dd2ac62ae
qd2ae821e,dd2ac2dac
qd2ae821e,dd2ad4624
qd2ae821e,dd2abdf28
qd2af6b48,dd2af6f08
qd2af6b48,dd2af18f0
qd2af6b48,dd2af5afe
qd2af6b48,dd2af3272
qd2af6b48,dd2af679c
qd2af6b48,dd2af41e0
qd2af6b48,dd2af293a
qd2af6b48,dd2af432a
qd2af6b48,dd2af0c8e
qd2af6b48,dd2af2336
qd2ac1ba0,dd2ac1c4a
qd2ac1ba0,dd2ac147a
qd2ac1ba0,dd2ac1a1a
qd2ac1ba0,dd2ac0dd6
qd2ac1ba0,dd2ac1056
qd2ac1ba0,dd2ac1664
qd2ac1ba0,dd2ac0a84
qd2ac1ba0,dd2ac285c
qd2ac1ba0,dd2ac07e6
qd2ac1ba0,dd2adae02
qd2b0739e,dd2b07a56
qd2b0739e,dd2b1453a
qd2b0739e,dd2b0b110
qd2b0739e,dd2b13658
qd2b0739e,dd2b08bc2
qd2b0739e,dd2b137de
qd2b0739e,dd2b08d20
qd2b0739e,dd2abfb48
qd2b0739e,dd2abf0b2
qd2b0739e,dd2aef640
q00001,MSFT20230254
q00001,AMZN20230111
q00001,AMZN20230995
q00001,MSFT20230230
q00001,MSFT20230187
q00001,MSFT20230046
q00001,MSFT20230521
q00001,MSFT20230016
q00001,MSFT20230027
q00001,MSFT20230048
q00002,MSFT20230501
q00002,MSFT20231708
q00002,MSFT20230566
q00002,MSFT20231716
q00002,MSFT20230128
q00002,MSFT20230122
q00002,MSFT20230975
q00002,MSFT20231709
q00002,MSFT20230874
q00002,MSFT20231521
q00003,MSFT20230025
q00003,META20230387
q00003,MSFT20230236
q00003,GOOGL20230032
q00003,AMZN20230157
q00003,V20230086
q00003,V20230171
q00003,MSFT20230530
q00003,MSFT20230198
q00003,PG20230048
q00004,MSFT20230469
q00004,MSFT20230010
q00004,MSFT20230486
q00004,PG20230010
q00004,MSFT20230095
q00004,MSFT20230521
q00004,MSFT20230311
q00004,NFLX20230710
q00004,MSFT20230327
q00004,AMZN20230205
q00005,MSFT20230062
q00005,MSFT20230063
q00005,MSFT20230069
q00005,MSFT20230012
q00005,MSFT20230068
q00005,MSFT20230713
q00005,MSFT20230707
q00005,MSFT20230673
q00005,MSFT20230741
q00005,MSFT20231018
q00006,MSFT20230048
q00006,JPM20231963
q00006,MSFT20230279
q00006,MSFT20230722
q00006,JPM20230117
q00006,MSFT20230011
q00006,MSFT20231335
q00006,MSFT20231953
q00006,MSFT20231728
q00006,MSFT20230955
q00007,BRK.A20232293
q00007,BRK.A20232329
q00007,META20231197
q00007,UNH20230812
q00007,BRK.A20232309
q00007,BRK.A20231416
q00007,ORCL20231119
q00007,MSFT20231767
q00007,LIN20230839
q00007,TSLA20230850
q00008,MSFT20230508
q00008,MSFT20231529
q00008,V20231038
q00008,MSFT20230974
q00008,V20230967
q00008,ADBE20231120
q00008,ADBE20231119
q00008,ORCL20231142
q00008,NVDA20231343
q00008,TSLA20230850
q00009,ADBE20231907
q00009,ADBE20230963
q00009,ADBE20231704
q00009,ADBE20231649
q00009,ADBE20230975
q00009,ADBE20231131
q00009,ADBE20231702
q00009,ADBE20231011
q00009,ADBE20230998
q00009,ADBE20230138
q00010,ADBE20230726
q00010,ADBE20230725
q00010,ADBE20231565
q00010,ADBE20230728
q00010,ADBE20231568
q00010,ADBE20231566
q00010,ADBE20230453
q00010,ADBE20230727
q00010,ADBE20230454
q00010,ADBE20230702
q00011,ADBE20231575
q00011,ADBE20231528
q00011,ADBE20231488
q00011,V20231548
q00011,ADBE20231490
q00011,NFLX20230791
q00011,DAL20231831
q00011,ORCL20231806
q00011,ADBE20231534
q00011,ADBE20230726
q00012,ADBE20230283
q00012,ADBE20230497
q00012,ADBE20231475
q00012,ADBE20230961
q00012,ADBE20230004
q00012,ADBE20230238
q00012,ADBE20231702
q00012,ADBE20230258
q00012,ORCL20231814
q00012,GOOGL20230293
q00013,ADBE20230961
q00013,ADBE20230004
q00013,ADBE20230007
q00013,ADBE20230149
q00013,ADBE20230023
q00013,ADBE20230038
q00013,ADBE20230029
q00013,ADBE20230218
q00013,ADBE20230058
q00013,ADBE20230028
q00014,ADBE20230476
q00014,ADBE20230961
q00014,ADBE20230004
q00014,ADBE20230028
q00014,ADBE20230038
q00014,ADBE20230058
q00014,ADBE20230023
q00014,ADBE20230007
q00014,ADBE20230479
q00014,ADBE20230029
q00015,CPNG20230490
q00015,CPNG20230778
q00015,CPNG20230234
q00015,CPNG20230372
q00015,CPNG20230457
q00015,CPNG20230142
q00015,CPNG20230013
q00015,CPNG20230304
q00015,CPNG20230370
q00015,CPNG20230320
q00016,CPNG20231085
q00016,CPNG20230677
q00016,CPNG20230644
q00016,CPNG20231088
q00016,CPNG20230314
q00016,CPNG20230325
q00016,CPNG20231413
q00016,CPNG20230778
q00016,CPNG20230233
q00016,CPNG20230243
q00017,CPNG20230683
q00017,CPNG20231023
q00017,CPNG20230905
q00017,CPNG20230708
q00017,CPNG20230657
q00017,TSLA20230391
q00017,CPNG20230680
q00017,PG20230429
q00017,CPNG20231346
q00017,CPNG20230024
q00018,CPNG20230701
q00018,CPNG20231346
q00018,CPNG20230991
q00018,CPNG20230632
q00018,CPNG20230307
q00018,CPNG20231069
q00018,CPNG20230708
q00018,CPNG20230680
q00018,CPNG20231023
q00018,CPNG20230695
q00019,CPNG20230539
q00019,CPNG20230730
q00019,CPNG20231427
q00019,CPNG20230761
q00019,CPNG20230124
q00019,CPNG20231435
q00019,CPNG20231516
q00019,CPNG20231429
q00019,CPNG20231430
q00019,CPNG20230994
q00020,CPNG20230644
q00020,CPNG20230014
q00020,CPNG20230533
q00020,CPNG20230576
q00020,CPNG20231003
q00020,CPNG20230314
q00020,MSFT20230968
q00020,CPNG20230243
q00020,PG20230764
q00020,CPNG20230532
q00021,CPNG20230658
q00021,CPNG20230644
q00021,CPNG20231629
q00021,CPNG20230680
q00021,CPNG20231413
q00021,CPNG20230683
q00021,CPNG20231520
q00021,CPNG20230833
q00021,CPNG20230712
q00021,CPNG20231385
q00022,CPNG20230589
q00022,CPNG20230554
q00022,CPNG20230680
q00022,PG20230521
q00022,ORCL20230751
q00022,NFLX20230395
q00022,CPNG20230987
q00022,CPNG20230984
q00022,AMZN20230439
q00022,PG20230268
q00023,CPNG20231420
q00023,CPNG20230482
q00023,CPNG20231418
q00023,CPNG20231419
q00023,CPNG20230509
q00023,CPNG20231041
q00023,CPNG20230511
q00023,CPNG20230460
q00023,CPNG20230992
q00023,CPNG20230455
q00024,LIN20230234
q00024,LIN20232001
q00024,LIN20230326
q00024,LIN20230324
q00024,LIN20230593
q00024,LIN20230567
q00024,LIN20230332
q00024,LIN20230769
q00024,TSLA20230367
q00024,LIN20230350
q00025,LIN20232032
q00025,LIN20232009
q00025,LIN20232071
q00025,LIN20230370
q00025,LIN20232010
q00025,LIN20230393
q00025,LIN20230371
q00025,LIN20232011
q00025,LIN20230883
q00025,LIN20230432
q00026,LIN20231717
q00026,LIN20232240
q00026,LIN20231716
q00026,LIN20230545
q00026,LIN20231048
q00026,LIN20230955
q00026,LIN20231057
q00026,LIN20231719
q00026,LIN20231725
q00026,LIN20231723
q00027,LIN20230080
q00027,LIN20230545
q00027,LIN20230955
q00027,LIN20230560
q00027,LIN20230601
q00027,LIN20232200
q00027,LIN20231195
q00027,LIN20231670
q00027,LIN20231990
q00027,LIN20231710
q00028,LIN20231195
q00028,LIN20231228
q00028,LIN20230025
q00028,LIN20231717
q00028,LIN20232098
q00028,LIN20231670
q00028,LIN20231724
q00028,LIN20231716
q00028,LIN20230769
q00028,LIN20231723
q00029,LIN20231719
q00029,LIN20231718
q00029,LIN20231725
q00029,LIN20231723
q00029,LIN20231724
q00029,LIN20231717
q00029,LIN20230326
q00029,LIN20231727
q00029,LIN20231363
q00029,LIN20230955
q00030,LIN20230152
q00030,LIN20230071
q00030,LIN20230094
q00030,LIN20230102
q00030,LIN20230130
q00030,LIN20230132
q00030,LIN20230339
q00030,LIN20230364
q00030,LIN20231636
q00030,LIN20230097
q00031,LIN20230218
q00031,LIN20232009
q00031,LIN20230370
q00031,LIN20230225
q00031,LIN20230364
q00031,ORCL20230116
q00031,LIN20230087
q00031,LIN20231783
q00031,LIN20230025
q00031,LIN20230769
q00032,LIN20230332
q00032,LIN20230712
q00032,CPNG20230674
q00032,CPNG20231086
q00032,TSLA20231323
q00032,CPNG20230576
q00032,CPNG20230554
q00032,LIN20231401
q00032,LIN20230583
q00032,CPNG20230676
q00033,LIN20231477
q00033,LIN20230603
q00033,LIN20230234
q00033,LIN20230563
q00033,LIN20231548
q00033,LIN20231195
q00033,LIN20230567
q00033,LIN20230553
q00033,LIN20230769
q00033,LIN20231677
q00034,LIN20230234
q00034,LIN20230551
q00034,LIN20230324
q00034,LIN20230545
q00034,LIN20231004
q00034,LIN20230332
q00034,META20230890
q00034,LIN20231717
q00034,HD20230471
q00034,AMZN20230310
q00035,ORCL20231524
q00035,ORCL20230403
q00035,ORCL20230756
q00035,ORCL20231611
q00035,ORCL20231035
q00035,ADBE20231565
q00035,NFLX20231063
q00035,ADBE20230725
q00035,GOOGL20231582
q00035,ORCL20230769
q00036,ORCL20231155
q00036,ORCL20231226
q00036,ORCL20230791
q00036,ORCL20231153
q00036,ORCL20230011
q00036,ORCL20231890
q00036,ORCL20230793
q00036,V20230637
q00036,V20230384
q00036,LIN20231059
q00037,ORCL20230116
q00037,ORCL20230391
q00037,ORCL20231404
q00037,ORCL20230117
q00037,ORCL20230092
q00037,ORCL20230638
q00037,ORCL20230429
q00037,ORCL20230113
q00037,ORCL20230004
q00037,ORCL20230124
q00038,ORCL20230762
q00038,ORCL20231128
q00038,ORCL20230765
q00038,ORCL20231136
q00038,ORCL20231142
q00038,ORCL20231141
q00038,ORCL20231119
q00038,ADBE20230364
q00038,HD20230452
q00038,GOOGL20230708
q00039,ORCL20230738
q00039,ORCL20230741
q00039,ORCL20230734
q00039,ORCL20230739
q00039,ORCL20231083
q00039,HD20230475
q00039,GOOGL20230665
q00039,NFLX20230410
q00039,V20230572
q00039,ADBE20230700
q00040,ORCL20230615
q00040,ORCL20230173
q00040,TSLA20230467
q00040,NFLX20230319
q00040,LIN20230234
q00040,AMZN20230398
q00040,AMZN20230752
q00040,LIN20230294
q00040,PG20230371
q00040,PG20230311
q00041,ORCL20231713
q00041,ORCL20231716
q00041,ORCL20230487
q00041,ORCL20231626
q00041,ORCL20231166
q00041,ORCL20230173
q00041,ORCL20230485
q00041,ORCL20230639
q00041,ORCL20230430
q00041,ORCL20230616
q00042,ORCL20230592
q00042,ORCL20231716
q00042,ORCL20231890
q00042,GOOGL20231506
q00042,V20230462
q00042,ORCL20230941
q00042,BRK.A20230650
q00042,META20230008
q00042,ORCL20230449
q00042,ORCL20230087
q00043,ORCL20231529
q00043,ORCL20231035
q00043,ORCL20230422
q00043,HD20231264
q00043,ORCL20230941
q00043,V20231499
q00043,HD20231277
q00043,ORCL20230863
q00043,ORCL20231614
q00043,V20230588
q00044,ORCL20230057
q00044,ORCL20230377
q00044,ORCL20230003
q00044,ORCL20230375
q00044,ORCL20230068
q00044,ORCL20230751
q00044,ORCL20230391
q00044,ORCL20230736
q00044,ORCL20230217
q00044,ORCL20230740
q00045,NVDA20230009
q00045,NVDA20230049
q00045,NVDA20230469
q00045,NVDA20230468
q00045,NVDA20230467
q00045,NVDA20230015
q00045,NVDA20230472
q00045,NVDA20230332
q00045,NVDA20230092
q00045,NVDA20230029
q00046,UNH20230289
q00046,GOOGL20230332
q00046,AAPL20230230
q00046,PG20230181
q00046,NVDA20230413
q00046,NVDA20230716
q00046,GOOGL20230341
q00046,NFLX20230239
q00046,NVDA20230715
q00046,JPM20231109
q00047,NVDA20230542
q00047,NVDA20230543
q00047,NVDA20230460
q00047,NVDA20231571
q00047,NVDA20230540
q00047,NVDA20230303
q00047,NVDA20231570
q00047,NVDA20230467
q00047,NVDA20230545
q00047,V20231442
q00048,NVDA20230970
q00048,NVDA20230178
q00048,NVDA20230329
q00048,NVDA20230301
q00048,NVDA20230374
q00048,ADBE20231043
q00048,CPNG20231066
q00048,NVDA20230339
q00048,NVDA20230322
q00048,NVDA20230354
q00049,NVDA20230548
q00049,NVDA20230549
q00049,NVDA20230547
q00049,NVDA20230464
q00049,PG20230284
q00049,NVDA20230479
q00049,NVDA20231570
q00049,HD20230417
q00049,NVDA20231197
q00049,PG20230381
q00050,PG20230010
q00050,PG20230240
q00050,PG20230241
q00050,PG20230103
q00050,PG20230015
q00050,PG20230004
q00050,PG20230225
q00050,PG20230221
q00050,PG20230005
q00050,PG20230101
q00051,PG20230839
q00051,HD20230830
q00051,PG20230012
q00051,NVDA20230540
q00051,PG20230838
q00051,UNH20231362
q00051,NVDA20230303
q00051,NVDA20231570
q00051,NVDA20231571
q00051,NVDA20230543
q00052,PG20230024
q00052,PG20230174
q00052,JPM20236808
q00052,JPM20233594
q00052,PG20230171
q00052,JPM20230026
q00052,PG20231056
q00052,BRK.A20230117
q00052,DAL20230504
q00052,NFLX20230021
q00053,PG20230052
q00053,PG20230187
q00053,PG20230054
q00053,PG20230277
q00053,PG20230053
q00053,PG20230279
q00053,PG20230278
q00053,TSLA20230271
q00053,NVDA20230324
q00053,CPNG20230394
q00054,TSLA20230311
q00054,META20230513
q00054,GOOGL20230304
q00054,CPNG20230490
q00054,V20230271
q00054,NFLX20230209
q00054,AMZN20230233
q00054,PG20230073
q00054,NFLX20230202
q00054,UNH20230258
q00055,PG20230171
q00055,PG20230145
q00055,PG20230151
q00055,PG20230181
q00055,PG20230174
q00055,PG20231254
q00055,PG20230223
q00055,PG20230912
q00055,PG20230837
q00055,PG20230022
q00056,PG20230165
q00056,JNJ20230524
q00056,PG20230435
q00056,MSFT20231621
q00056,JNJ20231469
q00056,UNH20231233
q00056,V20230586
q00056,HD20231192
q00056,MSFT20231610
q00056,UNH20230282
q00057,PG20230171
q00057,PG20230433
q00057,JNJ20230545
q00057,PG20230181
q00057,PG20230221
q00057,DAL20230012
q00057,PG20231056
q00057,PG20230174
q00057,PG20230151
q00057,MSFT20230958
q00058,PG20230171
q00058,PG20230433
q00058,TSLA20230433
q00058,HD20230368
q00058,HD20230454
q00058,UNH20230271
q00058,PG20230313
q00058,JNJ20230545
q00058,PG20230267
q00058,PG20230381
q00059,PG20230174
q00059,PG20230221
q00059,PG20230229
q00059,PG20230004
q00059,PG20230992
q00059,PG20230005
q00059,PG20230227
q00059,PG20231254
q00059,PG20230472
q00059,META20230569
q00060,PG20230206
q00060,PG20230203
q00060,PG20230221
q00060,PG20230171
q00060,PG20230240
q00060,PG20230204
q00060,PG20231056
q00060,PG20230005
q00060,PG20230174
q00060,PG20230151
q00061,PG20230240
q00061,PG20230221
q00061,PG20230241
q00061,PG20230826
q00061,PG20230223
q00061,PG20230208
q00061,PG20230017
q00061,PG20230828
q00061,PG20230011
q00061,PG20230004
q00062,PG20230221
q00062,PG20230230
q00062,PG20230939
q00062,PG20230805
q00062,PG20230229
q00062,PG20230392
q00062,PG20230226
q00062,PG20230393
q00062,PG20230240
q00062,PG20230151
q00063,PG20230241
q00063,PG20230240
q00063,PG20230239
q00063,PG20230244
q00063,PG20230242
q00063,PG20230246
q00063,PG20230245
q00063,PG20230250
q00063,JPM20230653
q00063,PG20230107
q00064,PG20230352
q00064,PG20230325
q00064,PG20230399
q00064,PG20230360
q00064,PG20230267
q00064,PG20230327
q00064,PG20230326
q00064,PG20230371
q00064,PG20230276
q00064,PG20230313
q00065,PG20230422
q00065,PG20230269
q00065,PG20230527
q00065,PG20230200
q00065,PG20230198
q00065,PG20230531
q00065,NFLX20230408
q00065,PG20230521
q00065,PG20230268
q00065,PG20230421
q00066,PG20230313
q00066,PG20230301
q00066,PG20230273
q00066,PG20230381
q00066,PG20230371
q00066,PG20230280
q00066,PG20230055
q00066,PG20230360
q00066,PG20230393
q00066,PG20230284
q00067,PG20230181
q00067,PG20231234
q00067,PG20230222
q00067,PG20231332
q00067,PG20230900
q00067,PG20231450
q00067,PG20231451
q00067,PG20230955
q00067,PG20230277
q00067,MSFT20231296
q00068,PG20230174
q00068,PG20230939
q00068,PG20230221
q00068,JNJ20231848
q00068,PG20230430
q00068,BRK.A20230829
q00068,PG20230240
q00068,BRK.A20230456
q00068,PG20230151
q00068,ADBE20230262
q00069,PG20231056
q00069,PG20231392
q00069,PG20230900
q00069,PG20230181
q00069,PG20231450
q00069,PG20231298
q00069,PG20231451
q00069,PG20230222
q00069,PG20230506
q00069,PG20230993
q00070,PG20231450
q00070,PG20230403
q00070,PG20231451
q00070,PG20230993
q00070,PG20231033
q00070,JNJ20230978
q00070,PG20231007
q00070,PG20230222
q00070,PG20230438
q00070,V20231052
q00071,PG20230440
q00071,PG20230047
q00071,PG20231286
q00071,JPM20233021
q00071,JPM20231306
q00071,JPM20235439
q00071,JPM20233144
q00071,JPM20233020
q00071,DAL20230622
q00071,JPM20233024
q00072,PG20230289
q00072,PG20230351
q00072,PG20230221
q00072,PG20230267
q00072,PG20230519
q00072,PG20230392
q00072,PG20230347
q00072,PG20230939
q00072,PG20230359
q00072,PG20230933
q00073,PG20230421
q00073,PG20230521
q00073,PG20230171
q00073,PG20230407
q00073,PG20230187
q00073,PG20230198
q00073,PG20230511
q00073,MSFT20230673
q00073,PG20230200
q00073,UNH20230740
q00074,DAL20231361
q00074,DAL20230363
q00074,DAL20230020
q00074,DAL20230364
q00074,DAL20231776
q00074,DAL20231360
q00074,DAL20230019
q00074,DAL20230353
q00074,DAL20231611
q00074,DAL20230036
q00075,DAL20231360
q00075,DAL20231391
q00075,DAL20231090
q00075,DAL20230363
q00075,DAL20230353
q00075,DAL20230602
q00075,DAL20230383
q00075,DAL20231354
q00075,DAL20230952
q00075,DAL20231403
q00076,DAL20231904
q00076,DAL20230064
q00076,DAL20231730
q00076,DAL20230365
q00076,DAL20231755
q00076,DAL20230116
q00076,DAL20231256
q00076,DAL20231723
q00076,DAL20231752
q00076,DAL20231557
q00077,DAL20231612
q00077,DAL20230380
q00077,DAL20231611
q00077,DAL20231352
q00077,DAL20231128
q00077,DAL20231891
q00077,DAL20231817
q00077,V20230976
q00077,DAL20230592
q00077,V20230983
q00078,DAL20230015
q00078,DAL20230466
q00078,DAL20230459
q00078,DAL20230467
q00078,DAL20230025
q00078,DAL20230462
q00078,DAL20230521
q00078,DAL20231123
q00078,DAL20230641
q00078,DAL20230469
q00079,DAL20230036
q00079,DAL20230019
q00079,DAL20230182
q00079,DAL20230420
q00079,DAL20230178
q00079,DAL20230424
q00079,DAL20231901
q00079,DAL20231906
q00079,DAL20230037
q00079,DAL20231903
q00080,DAL20230501
q00080,DAL20230515
q00080,DAL20230425
q00080,DAL20230513
q00080,DAL20230598
q00080,DAL20230478
q00080,DAL20231585
q00080,DAL20230426
q00080,HD20230388
q00080,BRK.A20230657
q00081,DAL20230223
q00081,DAL20230710
q00081,DAL20230593
q00081,DAL20230837
q00081,BRK.A20230737
q00081,DAL20230513
q00081,DAL20230086
q00081,DAL20231744
q00081,DAL20230776
q00081,DAL20230416
q00082,DAL20230428
q00082,PG20231332
q00082,DAL20230608
q00082,DAL20230615
q00082,DAL20230426
q00082,DAL20230468
q00082,DAL20230422
q00082,DAL20230590
q00082,MSFT20231296
q00082,DAL20230029
q00083,AMZN20230487
q00083,DAL20231316
q00083,DAL20230182
q00083,DAL20230629
q00083,AMZN20230482
q00083,DAL20231317
q00083,DAL20230020
q00083,ADBE20231864
q00083,CPNG20231629
q00083,JNJ20232268
q00084,DAL20231435
q00084,DAL20230604
q00084,DAL20230615
q00084,DAL20231451
q00084,DAL20231441
q00084,DAL20230617
q00084,DAL20230609
q00084,DAL20231326
q00084,DAL20231091
q00084,DAL20231446
q00085,DAL20230628
q00085,DAL20230403
q00085,DAL20230629
q00085,UNH20230271
q00085,V20231499
q00085,JPM20237313
q00085,JPM20237314
q00085,JPM20237315
q00085,UNH20231242
q00085,AAPL20230255
q00086,DAL20230858
q00086,DAL20230640
q00086,DAL20231155
q00086,ADBE20231118
q00086,META20231329
q00086,CPNG20231081
q00086,DAL20231013
q00086,ADBE20231115
q00086,NVDA20231337
q00086,HD20230786
q00087,DAL20231091
q00087,DAL20231070
q00087,DAL20231107
q00087,DAL20231089
q00087,GOOGL20230990
q00087,DAL20231360
q00087,DAL20230520
q00087,AMZN20230712
q00087,DAL20231361
q00087,ADBE20231002
q00088,DAL20230019
q00088,DAL20231109
q00088,DAL20230182
q00088,DAL20230153
q00088,DAL20230149
q00088,V20230976
q00088,DAL20230180
q00088,DAL20230178
q00088,DAL20230179
q00088,DAL20230036
q00089,TSLA20230362
q00089,TSLA20230011
q00089,TSLA20230433
q00089,TSLA20230364
q00089,TSLA20230948
q00089,TSLA20230367
q00089,TSLA20230829
q00089,TSLA20231179
q00089,TSLA20230361
q00089,TSLA20230128
q00090,TSLA20231475
q00090,TSLA20231470
q00090,TSLA20231457
q00090,TSLA20231462
q00090,TSLA20231310
q00090,TSLA20231464
q00090,TSLA20230239
q00090,PG20230532
q00090,TSLA20230290
q00090,JPM20236316
q00091,TSLA20230362
q00091,TSLA20230367
q00091,TSLA20230364
q00091,TSLA20230363
q00091,TSLA20230365
q00091,TSLA20230437
q00091,TSLA20231023
q00091,TSLA20230433
q00091,TSLA20230436
q00091,TSLA20230435
q00092,AMZN20230487
q00092,TSLA20230157
q00092,TSLA20231172
q00092,AMZN20230482
q00092,TSLA20231565
q00092,TSLA20230593
q00092,TSLA20230527
q00092,TSLA20231569
q00092,ADBE20231864
q00092,TSLA20231567
q00093,TSLA20230081
q00093,TSLA20230082
q00093,TSLA20230381
q00093,TSLA20230011
q00093,TSLA20230380
q00093,TSLA20230128
q00093,TSLA20230428
q00093,TSLA20230332
q00093,TSLA20230024
q00093,TSLA20231446
q00094,TSLA20231081
q00094,TSLA20230367
q00094,TSLA20231078
q00094,TSLA20230363
q00094,TSLA20230362
q00094,TSLA20230364
q00094,TSLA20230437
q00094,TSLA20230471
q00094,TSLA20231026
q00094,TSLA20230435
q00095,TSLA20231466
q00095,TSLA20231458
q00095,TSLA20231462
q00095,TSLA20231470
q00095,TSLA20231453
q00095,TSLA20231457
q00095,TSLA20231468
q00095,TSLA20231463
q00095,TSLA20231459
q00095,TSLA20231464
q00096,TSLA20231108
q00096,TSLA20231093
q00096,TSLA20230965
q00096,BRK.A20231679
q00096,TSLA20230484
q00096,AMZN20230818
q00096,TSLA20231338
q00096,TSLA20231342
q00096,TSLA20230957
q00096,TSLA20231094
q00097,TSLA20231296
q00097,TSLA20231477
q00097,TSLA20231560
q00097,TSLA20231559
q00097,TSLA20231310
q00097,TSLA20230637
q00097,V20231457
q00097,TSLA20231341
q00097,TSLA20230345
q00097,UNH20231251
q00098,TSLA20230005
q00098,MSFT20230015
q00098,MSFT20230014
q00098,MSFT20230486
q00098,META20230184
q00098,HD20230750
q00098,BRK.A20230105
q00098,ADBE20230007
q00098,META20230723
q00098,V20230206
q00099,NFLX20230311
q00099,NFLX20230772
q00099,NFLX20230289
q00099,NFLX20230279
q00099,NFLX20230757
q00099,NFLX20230310
q00099,NFLX20230006
q00099,NFLX20230257
q00099,NFLX20230771
q00099,NFLX20230749
q00100,NFLX20230258
q00100,NFLX20230720
q00100,NFLX20230311
q00100,NFLX20230772
q00100,NFLX20230061
q00100,NFLX20230059
q00100,NFLX20230103
q00100,JPM20230751
q00100,NFLX20230025
q00100,NFLX20230028
q00101,NFLX20230692
q00101,NFLX20230424
q00101,NFLX20230720
q00101,NFLX20230710
q00101,PG20230010
q00101,NFLX20230059
q00101,NFLX20230116
q00101,NFLX20230103
q00101,NFLX20230311
q00101,NFLX20230772
q00102,NFLX20231000
q00102,NFLX20230019
q00102,NFLX20230389
q00102,NFLX20230387
q00102,NFLX20230989
q00102,NFLX20230137
q00102,NFLX20230990
q00102,NFLX20231001
q00102,NFLX20230128
q00102,NFLX20230390
q00103,NFLX20230387
q00103,NFLX20230390
q00103,NFLX20231000
q00103,NFLX20230128
q00103,NFLX20230137
q00103,NFLX20230123
q00103,HD20230466
q00103,NFLX20230990
q00103,NFLX20230389
q00103,NFLX20230004
q00104,NFLX20230723
q00104,NFLX20230328
q00104,NFLX20230329
q00104,PG20230769
q00104,NFLX20230421
q00104,NFLX20231000
q00104,NFLX20230319
q00104,NFLX20230838
q00104,NFLX20230791
q00104,NFLX20230320
q00105,NFLX20230268
q00105,NFLX20230267
q00105,NFLX20230257
q00105,NFLX20230269
q00105,NFLX20231178
q00105,NFLX20230749
q00105,NFLX20230261
q00105,META20230808
q00105,NFLX20231000
q00105,MSFT20230199
q00106,NFLX20230720
q00106,NFLX20230696
q00106,NFLX20230421
q00106,NFLX20230259
q00106,NFLX20230723
q00106,NFLX20230736
q00106,NFLX20230708
q00106,NFLX20230380
q00106,NFLX20230007
q00106,NFLX20230381
q00107,NFLX20230749
q00107,NFLX20230757
q00107,NFLX20230289
q00107,NFLX20230257
q00107,NFLX20230268
q00107,NFLX20230764
q00107,NFLX20230279
q00107,NFLX20230771
q00107,NFLX20230299
q00107,NFLX20230311
q00108,NFLX20231063
q00108,NFLX20230380
q00108,NFLX20230232
q00108,HD20230351
q00108,HD20231192
q00108,NFLX20230685
q00108,NFLX20230030
q00108,UNH20231233
q00108,UNH20230282
q00108,NFLX20230234
q00109,HD20230024
q00109,HD20230077
q00109,HD20230719
q00109,HD20230004
q00109,HD20230094
q00109,HD20230076
q00109,HD20231355
q00109,HD20230154
q00109,HD20230034
q00109,HD20231360
q00110,HD20231485
q00110,HD20231355
q00110,HD20231464
q00110,HD20230004
q00110,HD20231403
q00110,HD20231362
q00110,HD20231360
q00110,HD20231352
q00110,HD20230133
q00110,HD20230005
q00111,HD20230163
q00111,HD20230011
q00111,HD20230162
q00111,HD20230186
q00111,HD20231355
q00111,PG20230010
q00111,HD20230037
q00111,HD20230719
q00111,HD20230004
q00111,HD20230077
q00112,HD20231308
q00112,LIN20231106
q00112,HD20230475
q00112,HD20230413
q00112,HD20230965
q00112,HD20231312
q00112,JNJ20231848
q00112,BRK.A20231473
q00112,JNJ20231859
q00112,HD20230967
q00113,HD20230021
q00113,HD20230339
q00113,LIN20230189
q00113,AMZN20230750
q00113,PG20230181
q00113,HD20230367
q00113,HD20230004
q00113,LIN20231765
q00113,META20231047
q00113,JNJ20231557
q00114,HD20230414
q00114,HD20230173
q00114,HD20230093
q00114,HD20231053
q00114,HD20230736
q00114,HD20230092
q00114,HD20230040
q00114,HD20230091
q00114,HD20230451
q00114,HD20230194
q00115,HD20230410
q00115,AAPL20230239
q00115,HD20230417
q00115,AAPL20230270
q00115,HD20230004
q00115,HD20230414
q00115,LIN20230294
q00115,AAPL20230299
q00115,PG20230289
q00115,PG20230267
q00116,BRK.A20230872
q00116,HD20231485
q00116,HD20230004
q00116,HD20231464
q00116,HD20230529
q00116,HD20230339
q00116,HD20231355
q00116,HD20230719
q00116,HD20231224
q00116,HD20230354
q00117,HD20230798
q00117,HD20230830
q00117,NFLX20230723
q00117,GOOGL20231043
q00117,MSFT20231020
q00117,DAL20231109
q00117,JNJ20230931
q00117,META20231230
q00117,HD20230529
q00117,DAL20230626
q00118,HD20230410
q00118,HD20230890
q00118,HD20230426
q00118,HD20230913
q00118,HD20230417
q00118,HD20230424
q00118,HD20230477
q00118,HD20230423
q00118,V20231689
q00118,HD20230411
q00119,AAPL20230004
q00119,AAPL20230557
q00119,AAPL20230236
q00119,AAPL20230240
q00119,JNJ20230947
q00119,JNJ20231244
q00119,AAPL20230244
q00119,NFLX20230944
q00119,V20231733
q00119,JNJ20231238
q00120,AAPL20230251
q00120,AAPL20230154
q00120,AAPL20230157
q00120,AAPL20230683
q00120,AAPL20230101
q00120,AAPL20230159
q00120,AAPL20230123
q00120,AAPL20230686
q00120,AAPL20230037
q00120,AAPL20230098
q00121,DAL20231092
q00121,JNJ20231008
q00121,AAPL20230707
q00121,UNH20231008
q00121,BRK.A20231679
q00121,META20231502
q00121,MSFT20231296
q00121,LIN20231067
q00121,TSLA20231108
q00121,AMZN20230818
q00122,AAPL20230222
q00122,AAPL20230871
q00122,AAPL20230221
q00122,AAPL20230255
q00122,AAPL20230223
q00122,HD20231192
q00122,GOOGL20230698
q00122,MSFT20231621
q00122,HD20230351
q00122,MSFT20231609
q00123,ORCL20230520
q00123,ORCL20230591
q00123,DAL20230469
q00123,NVDA20230540
q00123,GOOGL20231145
q00123,DAL20230466
q00123,DAL20230468
q00123,ORCL20230617
q00123,META20230400
q00123,DAL20230459
q00124,V20230951
q00124,AAPL20230050
q00124,JNJ20230131
q00124,V20231081
q00124,NVDA20230220
q00124,V20230983
q00124,NVDA20230433
q00124,AAPL20230251
q00124,CPNG20230198
q00124,V20231803
q00125,HD20230423
q00125,LIN20230296
q00125,PG20230425
q00125,PG20230900
q00125,PG20230311
q00125,PG20230371
q00125,PG20230360
q00125,PG20230393
q00125,PG20230352
q00125,PG20230286
q00126,AAPL20230831
q00126,V20231323
q00126,MSFT20231587
q00126,META20231544
q00126,DAL20231431
q00126,NFLX20230901
q00126,TSLA20231259
q00126,AAPL20230805
q00126,JPM20237191
q00126,GOOGL20231382
q00127,AAPL20230884
q00127,AAPL20231117
q00127,NVDA20231084
q00127,AAPL20230882
q00127,TSLA20230408
q00127,UNH20231474
q00127,AMZN20230696
q00127,V20230998
q00127,MSFT20231704
q00127,HD20231283
q00128,AAPL20230707
q00128,BRK.A20231679
q00128,DAL20231092
q00128,V20230950
q00128,AMZN20230818
q00128,JNJ20231008
q00128,LIN20231067
q00128,NVDA20230974
q00128,PG20230785
q00128,LIN20230299
q00129,CPNG20230614
q00129,CPNG20230576
q00129,ORCL20230591
q00129,AMZN20230354
q00129,ORCL20230592
q00129,AMZN20230313
q00129,AMZN20230368
q00129,GOOGL20230560
q00129,ORCL20230520
q00129,AMZN20230349
q00130,AMZN20230487
q00130,AMZN20230482
q00130,AMZN20230028
q00130,AMZN20230041
q00130,AMZN20230232
q00130,AMZN20230236
q00130,AMZN20231443
q00130,JPM20234475
q00130,NFLX20230105
q00130,AMZN20231373
q00131,AMZN20230757
q00131,AMZN20230402
q00131,AMZN20230752
q00131,AMZN20230403
q00131,AMZN20230768
q00131,AMZN20230404
q00131,AMZN20230365
q00131,AMZN20230715
q00131,AMZN20230398
q00131,AMZN20231289
q00132,AMZN20230808
q00132,AMZN20231218
q00132,AMZN20230295
q00132,ORCL20231689
q00132,JNJ20231269
q00132,AMZN20230712
q00132,AMZN20230423
q00132,CPNG20230667
q00132,ADBE20231451
q00132,TSLA20231415
q00133,AMZN20230350
q00133,AMZN20230856
q00133,AMZN20231145
q00133,AMZN20230421
q00133,AMZN20230414
q00133,AMZN20230762
q00133,AMZN20230364
q00133,AMZN20231218
q00133,AMZN20230417
q00133,AMZN20231233
q00134,AMZN20230837
q00134,AMZN20230746
q00134,AMZN20231291
q00134,AMZN20231092
q00134,AMZN20230836
q00134,AMZN20231099
q00134,CPNG20230040
q00134,AMZN20231096
q00134,AMZN20230008
q00134,AMZN20231093
q00135,AMZN20231110
q00135,HD20231192
q00135,HD20230455
q00135,V20231492
q00135,META20231691
q00135,MSFT20230718
q00135,MSFT20231610
q00135,META20230923
q00135,LIN20230189
q00135,GOOGL20230698
q00136,AMZN20230414
q00136,AMZN20230762
q00136,GOOGL20231675
q00136,AMZN20230417
q00136,AMZN20230420
q00136,AMZN20231025
q00136,AMZN20231145
q00136,GOOGL20231674
q00136,AMZN20230768
q00136,AMZN20230404
q00137,AMZN20230278
q00137,AMZN20230742
q00137,AMZN20230747
q00137,AMZN20230858
q00137,AMZN20230349
q00137,AMZN20230744
q00137,AMZN20230837
q00137,NFLX20230721
q00137,ORCL20231106
q00137,META20230705
q00138,AMZN20230284
q00138,AMZN20230028
q00138,META20230076
q00138,AMZN20231099
q00138,PG20230068
q00138,CPNG20230263
q00138,NFLX20231063
q00138,ADBE20230420
q00138,GOOGL20230680
q00138,GOOGL20230376
q00139,AMZN20231106
q00139,AMZN20230706
q00139,AMZN20230675
q00139,META20231116
q00139,BRK.A20232244
q00139,CPNG20231418
q00139,AMZN20230837
q00139,ADBE20230819
q00139,DAL20231721
q00139,JPM20234793
q00140,AMZN20230020
q00140,AMZN20230068
q00140,NVDA20230074
q00140,META20230218
q00140,MSFT20230159
q00140,GOOGL20230125
q00140,CPNG20230146
q00140,CPNG20230151
q00140,ORCL20230160
q00140,V20230220
q00141,AMZN20230042
q00141,AMZN20231373
q00141,AMZN20230043
q00141,AMZN20230047
q00141,AMZN20230044
q00141,AMZN20230041
q00141,AMZN20231443
q00141,GOOGL20231149
q00141,AMZN20231099
q00141,AMZN20231092
q00142,AMZN20230246
q00142,AMZN20230254
q00142,AMZN20231075
q00142,AMZN20230942
q00142,AMZN20230757
q00142,HD20230273
q00142,AMZN20230402
q00142,AMZN20230095
q00142,AMZN20230145
q00142,AMZN20230403
q00143,AMZN20230744
q00143,AMZN20230742
q00143,PG20230764
q00143,PG20230465
q00143,AMZN20230859
q00143,NFLX20230720
q00143,PG20230765
q00143,ADBE20230971
q00143,NVDA20230919
q00143,JNJ20230893
q00144,AMZN20230706
q00144,AMZN20230844
q00144,TSLA20231323
q00144,AMZN20231090
q00144,AMZN20230843
q00144,AMZN20231086
q00144,AMZN20231093
q00144,AMZN20231088
q00144,AMZN20231043
q00144,AMZN20231110
q00145,AMZN20230747
q00145,AMZN20230858
q00145,AMZN20231249
q00145,MSFT20230470
q00145,AMZN20230325
q00145,AMZN20230368
q00145,GOOGL20230381
q00145,GOOGL20230985
q00145,AMZN20231243
q00145,AMZN20231273
q00146,AMZN20230983
q00146,LIN20231106
q00146,META20231559
q00146,ORCL20231242
q00146,PG20230338
q00146,HD20230983
q00146,HD20230967
q00146,META20230359
q00146,ORCL20230456
q00146,JNJ20231859
q00147,AMZN20231110
q00147,META20230585
q00147,JPM20232715
q00147,JPM20237345
q00147,JNJ20231469
q00147,AAPL20230222
q00147,JPM20232709
q00147,AAPL20230255
q00147,UNH20231233
q00147,JPM20237339
q00148,AMZN20230276
q00148,AMZN20230809
q00148,AMZN20230147
q00148,NVDA20230476
q00148,GOOGL20231083
q00148,AMZN20231373
q00148,HD20230011
q00148,HD20230484
q00148,HD20230483
q00148,ADBE20230033
q00150,META20230315
q00150,META20230666
q00150,META20230314
q00150,META20230311
q00150,META20230316
q00150,META20230313
q00150,META20230065
q00150,META20230740
q00150,META20230742
q00150,META20230005
q00151,META20230668
q00151,META20230316
q00151,META20230311
q00151,META20230674
q00151,META20230645
q00151,META20230666
q00151,META20230646
q00151,META20230681
q00151,META20230315
q00151,META20230684
q00152,META20230298
q00152,META20230005
q00152,META20230297
q00152,META20230022
q00152,META20231664
q00152,META20230805
q00152,META20230018
q00152,META20230854
q00152,META20230917
q00152,META20230543
q00153,META20230007
q00153,META20230663
q00153,META20230893
q00153,ORCL20231429
q00153,LIN20230358
q00153,META20231616
q00153,ADBE20230704
q00153,ADBE20231864
q00153,META20231972
q00153,GOOGL20231982
q00154,META20231664
q00154,META20230025
q00154,META20230543
q00154,META20230388
q00154,V20230223
q00154,HD20230152
q00154,V20230231
q00154,ORCL20230159
q00154,DAL20230140
q00154,ADBE20230416
q00155,META20230799
q00155,META20230803
q00155,META20230852
q00155,META20230623
q00155,META20230684
q00155,META20230661
q00155,META20230808
q00155,META20230008
q00155,META20231299
q00155,META20230741
q00156,META20230801
q00156,META20230176
q00156,META20230606
q00156,META20231201
q00156,META20230604
q00156,META20230005
q00156,META20231191
q00156,META20230740
q00156,META20230241
q00156,META20230658
q00157,META20230805
q00157,META20230033
q00157,GOOGL20230157
q00157,META20230834
q00157,META20230744
q00157,LIN20230434
q00157,META20230799
q00157,META20230852
q00157,LIN20230493
q00157,NVDA20230228
q00158,META20231893
q00158,META20230805
q00158,META20230799
q00158,META20231463
q00158,META20230604
q00158,META20231341
q00158,META20230606
q00158,META20231242
q00158,META20230854
q00158,META20230803
q00159,JNJ20230056
q00159,JNJ20230016
q00159,JNJ20230257
q00159,JNJ20230855
q00159,JNJ20230005
q00159,JNJ20230225
q00159,JNJ20230636
q00159,JNJ20230194
q00159,JNJ20230227
q00159,JNJ20231553
q00160,JNJ20231966
q00160,JNJ20231026
q00160,JNJ20231039
q00160,JNJ20231154
q00160,JNJ20231269
q00160,BRK.A20231740
q00160,JNJ20230283
q00160,JNJ20231140
q00160,JNJ20230599
q00160,JNJ20230463
q00161,JNJ20230012
q00161,JNJ20230892
q00161,JNJ20231897
q00161,JNJ20230517
q00161,JNJ20230518
q00161,JNJ20230554
q00161,JNJ20230099
q00161,JNJ20231902
q00161,JNJ20231900
q00161,JNJ20230142
q00162,JNJ20231543
q00162,JNJ20231505
q00162,JNJ20230520
q00162,JNJ20231506
q00162,JNJ20231154
q00162,JNJ20230467
q00162,JNJ20230463
q00162,LIN20230326
q00162,JNJ20231465
q00162,JNJ20231269
q00163,JNJ20230025
q00163,JNJ20231990
q00163,JNJ20230337
q00163,JNJ20230112
q00163,JNJ20230006
q00163,JNJ20231855
q00163,JNJ20232019
q00163,JNJ20230726
q00163,JNJ20231899
q00163,JNJ20230005
q00164,JNJ20230522
q00164,JNJ20230520
q00164,JNJ20231446
q00164,JNJ20230523
q00164,JNJ20232018
q00164,JNJ20230519
q00164,JNJ20232019
q00164,JNJ20230251
q00164,JNJ20232017
q00164,JNJ20230857
q00165,JNJ20230087
q00165,JNJ20230925
q00165,JNJ20230006
q00165,JNJ20230037
q00165,JNJ20230023
q00165,JNJ20232339
q00165,JNJ20230044
q00165,JNJ20230038
q00165,JNJ20230065
q00165,JNJ20230262
q00166,JNJ20230263
q00166,JNJ20231103
q00166,JNJ20230458
q00166,JNJ20230505
q00166,JNJ20230283
q00166,JNJ20231269
q00166,JNJ20231389
q00166,JNJ20230467
q00166,JNJ20230397
q00166,JNJ20231845
q00167,JNJ20230356
q00167,JNJ20230010
q00167,JNJ20232005
q00167,JNJ20230468
q00167,JNJ20231999
q00167,JNJ20231985
q00167,JNJ20230454
q00167,JNJ20231986
q00167,JNJ20230580
q00167,JNJ20230359
q00168,JNJ20230287
q00168,JNJ20230463
q00168,JNJ20230283
q00168,JNJ20230896
q00168,TSLA20230485
q00168,JNJ20230467
q00168,JNJ20230416
q00168,JNJ20230473
q00168,JNJ20230263
q00168,JNJ20230458
q00169,JPM20231163
q00169,JPM20231546
q00169,JPM20231535
q00169,V20230987
q00169,V20231511
q00169,JPM20233020
q00169,V20230985
q00169,V20231803
q00169,TSLA20231460
q00169,V20231513
q00170,JPM20231205
q00170,JPM20233153
q00170,JPM20233157
q00170,JPM20233020
q00170,JPM20230005
q00170,JPM20231404
q00170,JPM20231314
q00170,JPM20231306
q00170,JPM20236755
q00170,JPM20236792
q00171,JPM20231968
q00171,JPM20231602
q00171,JPM20231969
q00171,JPM20231516
q00171,JPM20231970
q00171,JPM20231159
q00171,JPM20234458
q00171,JPM20238396
q00171,JPM20231615
q00171,JPM20235255
q00172,JPM20235636
q00172,JPM20235631
q00172,JPM20235632
q00172,JPM20235630
q00172,JPM20235492
q00172,JPM20234458
q00172,JPM20238468
q00172,JPM20235633
q00172,JPM20235639
q00172,JPM20238462
q00173,JPM20231228
q00173,JPM20232965
q00173,JPM20231229
q00173,JPM20231253
q00173,JPM20231285
q00173,JPM20231632
q00173,JPM20234970
q00173,JPM20237970
q00173,JPM20232266
q00173,JPM20232349
q00174,JPM20230013
q00174,JPM20230671
q00174,JPM20230796
q00174,JPM20230172
q00174,JPM20230769
q00174,V20230129
q00174,AMZN20230020
q00174,JPM20231046
q00174,BRK.A20230137
q00174,JPM20230800
q00175,JPM20231313
q00175,JPM20231170
q00175,JPM20236796
q00175,JPM20233582
q00175,JPM20236792
q00175,JPM20233578
q00175,JPM20231308
q00175,JPM20231314
q00175,JPM20232051
q00175,JPM20231680
q00176,JPM20231342
q00176,JPM20234973
q00176,HD20230426
q00176,JPM20231688
q00176,JPM20234988
q00176,BRK.A20230915
q00176,LIN20230310
q00176,NFLX20230411
q00176,JPM20232973
q00176,JPM20232059
q00177,JPM20231259
q00177,JPM20231876
q00177,JPM20231531
q00177,JPM20232687
q00177,JPM20231871
q00177,JPM20230041
q00177,JPM20231263
q00177,JPM20235616
q00177,JPM20231392
q00177,JPM20232479
q00178,JPM20237808
q00178,JPM20231557
q00178,JPM20237852
q00178,JPM20231281
q00178,JPM20231598
q00178,JPM20231812
q00178,JPM20230010
q00178,TSLA20231460
q00178,JPM20231194
q00178,JPM20234145
q00180,V20230354
q00180,V20230004
q00180,V20230011
q00180,V20230922
q00180,V20230013
q00180,V20230369
q00180,V20230923
q00180,V20230772
q00180,V20230731
q00180,V20231628
q00181,V20230020
q00181,V20230028
q00181,V20230975
q00181,V20230517
q00181,V20231549
q00181,V20230011
q00181,V20230023
q00181,V20230922
q00181,V20231039
q00181,V20230030
q00182,V20231002
q00182,V20231099
q00182,V20230945
q00182,V20230956
q00182,V20230968
q00182,V20230992
q00182,V20231082
q00182,V20231119
q00182,V20231136
q00182,V20231324
q00183,V20230123
q00183,V20230119
q00183,V20230122
q00183,V20230133
q00183,V20230922
q00183,V20230135
q00183,V20230129
q00183,V20230142
q00183,V20230134
q00183,V20230220
q00184,V20230254
q00184,V20230200
q00184,META20230443
q00184,V20230198
q00184,PG20230051
q00184,BRK.A20230285
q00184,V20230171
q00184,JNJ20230151
q00184,NVDA20230276
q00184,MSFT20230416
q00185,TSLA20230492
q00185,HD20230173
q00185,CPNG20230300
q00185,V20230537
q00185,V20230235
q00185,DAL20230424
q00185,CPNG20230248
q00185,BRK.A20230657
q00185,V20230200
q00185,V20230099
q00186,V20230011
q00186,V20230475
q00186,V20230059
q00186,V20230047
q00186,V20230479
q00186,V20231391
q00186,V20230426
q00186,V20230372
q00186,V20230424
q00186,V20230265
q00187,V20230099
q00187,V20230011
q00187,V20230655
q00187,V20230945
q00187,V20230956
q00187,V20230968
q00187,V20230980
q00187,V20230992
q00187,V20231082
q00187,V20231119
q00188,V20230108
q00188,V20230105
q00188,V20230109
q00188,V20230011
q00188,V20230083
q00188,V20230074
q00188,V20231628
q00188,V20230198
q00188,V20231363
q00188,V20230154
q00189,UNH20230401
q00189,UNH20231411
q00189,UNH20230684
q00189,UNH20230428
q00189,UNH20231359
q00189,UNH20231617
q00189,UNH20230374
q00189,UNH20230703
q00189,UNH20230298
q00189,UNH20231699
q00190,UNH20230429
q00190,UNH20230684
q00190,UNH20230329
q00190,BRK.A20230781
q00190,UNH20230075
q00190,DAL20230423
q00190,UNH20231699
q00190,TSLA20230441
q00190,TSLA20230437
q00190,DAL20230521
q00191,UNH20231699
q00191,UNH20230684
q00191,UNH20230329
q00191,UNH20231571
q00191,UNH20230588
q00191,UNH20230703
q00191,MSFT20230541
q00191,UNH20230871
q00191,AAPL20230318
q00191,UNH20231581
q00192,UNH20230812
q00192,UNH20231699
q00192,UNH20230074
q00192,UNH20231147
q00192,UNH20231303
q00192,UNH20230493
q00192,UNH20230495
q00192,UNH20230588
q00192,UNH20230491
q00192,UNH20230810
q00193,UNH20230160
q00193,UNH20230256
q00193,UNH20230258
q00193,UNH20230253
q00193,UNH20230260
q00193,UNH20230252
q00193,HD20230198
q00193,UNH20230255
q00193,UNH20230254
q00193,GOOGL20230189
q00194,UNH20231362
q00194,UNH20230055
q00194,UNH20230429
q00194,UNH20230075
q00194,UNH20231699
q00194,UNH20230059
q00194,UNH20230428
q00194,UNH20230329
q00194,UNH20230526
q00194,UNH20230361
q00195,UNH20231422
q00195,UNH20231323
q00195,UNH20230321
q00195,UNH20231617
q00195,UNH20230684
q00195,UNH20230137
q00195,UNH20230251
q00195,UNH20230588
q00195,UNH20231571
q00195,UNH20230871
q00196,UNH20230312
q00196,UNH20230309
q00196,UNH20230318
q00196,UNH20230684
q00196,UNH20230515
q00196,UNH20230815
q00196,UNH20231581
q00196,UNH20231058
q00196,UNH20231422
q00196,UNH20231711
q00197,UNH20230368
q00197,UNH20230432
q00197,BRK.A20230781
q00197,UNH20231242
q00197,UNH20230494
q00197,UNH20230812
q00197,JPM20234817
q00197,NVDA20231570
q00197,BRK.A20230797
q00197,BRK.A20230657
q00198,UNH20231242
q00198,UNH20231228
q00198,V20231499
q00198,UNH20230271
q00198,UNH20231249
q00198,DAL20230628
q00198,JNJ20230545
q00198,UNH20230444
q00198,PG20230433
q00198,UNH20231699
q00199,GOOGL20230019
q00199,V20230206
q00199,GOOGL20230020
q00199,META20230460
q00199,GOOGL20230016
q00199,META20230005
q00199,META20230184
q00199,AAPL20230159
q00199,GOOGL20231198
q00199,AAPL20230117
q00200,GOOGL20231779
q00200,GOOGL20230055
q00200,GOOGL20230050
q00200,GOOGL20230392
q00200,GOOGL20230614
q00200,GOOGL20230479
q00200,GOOGL20231009
q00200,GOOGL20230997
q00200,GOOGL20230415
q00200,GOOGL20230526
q00201,UNH20230256
q00201,UNH20230258
q00201,JNJ20230165
q00201,GOOGL20230040
q00201,JNJ20230163
q00201,CPNG20230491
q00201,CPNG20230494
q00201,GOOGL20230508
q00201,UNH20230253
q00201,GOOGL20230397
q00202,JPM20232973
q00202,TSLA20230503
q00202,TSLA20230433
q00202,JPM20234973
q00202,META20230890
q00202,TSLA20230441
q00202,NFLX20230259
q00202,BRK.A20230884
q00202,META20230604
q00202,NFLX20230329
q00203,GOOGL20231831
q00203,GOOGL20231982
q00203,GOOGL20230984
q00203,GOOGL20230313
q00203,GOOGL20231671
q00203,GOOGL20231198
q00203,GOOGL20230332
q00203,GOOGL20230489
q00203,GOOGL20230268
q00203,GOOGL20231909
q00204,GOOGL20230116
q00204,GOOGL20230679
q00204,GOOGL20230043
q00204,GOOGL20231680
q00204,GOOGL20230794
q00204,GOOGL20230811
q00204,GOOGL20230812
q00204,GOOGL20231050
q00204,GOOGL20231932
q00204,GOOGL20230762
q00205,GOOGL20231010
q00205,ADBE20230524
q00205,ADBE20230980
q00205,ADBE20230384
q00205,ADBE20230979
q00205,ADBE20230981
q00205,ORCL20231125
q00205,AMZN20230746
q00205,GOOGL20231016
q00205,NVDA20230933
q00206,GOOGL20231043
q00206,V20230976
q00206,HD20230011
q00206,AMZN20230762
q00206,NFLX20230723
q00206,MSFT20231020
q00206,GOOGL20230592
q00206,NFLX20230328
q00206,GOOGL20230448
q00206,BRK.A20231350
q00207,GOOGL20230529
q00207,GOOGL20230616
q00207,GOOGL20231147
q00207,GOOGL20231537
q00207,GOOGL20230060
q00207,GOOGL20231149
q00207,GOOGL20231799
q00207,GOOGL20230421
q00207,GOOGL20231781
q00207,GOOGL20230061
q00208,CPNG20230196
q00208,GOOGL20230121
q00208,GOOGL20230187
q00208,META20230179
q00208,META20230274
q00208,HD20230204
q00208,META20230208
q00208,META20230147
q00208,META20230652
q00208,V20230276
q00209,BRK.A20230640
q00209,BRK.A20230333
q00209,BRK.A20230067
q00209,BRK.A20230332
q00209,BRK.A20230450
q00209,BRK.A20230632
q00209,BRK.A20230652
q00209,BRK.A20230066
q00209,BRK.A20230077
q00209,BRK.A20230065
q00210,BRK.A20230004
q00210,BRK.A20230044
q00210,BRK.A20231350
q00210,BRK.A20230421
q00210,BRK.A20232563
q00210,BRK.A20231065
q00210,BRK.A20230254
q00210,BRK.A20230525
q00210,BRK.A20231059
q00210,BRK.A20230326
q00211,BRK.A20230460
q00211,BRK.A20230004
q00211,BRK.A20231350
q00211,BRK.A20230314
q00211,BRK.A20230957
q00211,BRK.A20230009
q00211,BRK.A20230427
q00211,BRK.A20230463
q00211,BRK.A20232401
q00211,BRK.A20230514
q00212,BRK.A20232401
q00212,BRK.A20231350
q00212,BRK.A20230004
q00212,BRK.A20230007
q00212,BRK.A20232446
q00212,BRK.A20230005
q00212,BRK.A20230869
q00212,BRK.A20230044
q00212,BRK.A20230253
q00212,BRK.A20232388
q00213,BRK.A20230421
q00213,BRK.A20230422
q00213,BRK.A20230920
q00213,BRK.A20231482
q00213,BRK.A20232649
q00213,BRK.A20232247
q00213,ADBE20230453
q00213,BRK.A20230425
q00213,JPM20237343
q00213,JPM20237339
q00214,BRK.A20230463
q00214,BRK.A20230028
q00214,BRK.A20230477
q00214,BRK.A20232446
q00214,BRK.A20230044
q00214,BRK.A20230041
q00214,BRK.A20232401
q00214,BRK.A20230514
q00214,BRK.A20230460
q00214,BRK.A20230009
q00215,BRK.A20230404
q00215,META20230569
q00215,BRK.A20230421
q00215,BRK.A20232244
q00215,BRK.A20230407
q00215,BRK.A20230422
q00215,BRK.A20230920
q00215,CPNG20230509
q00215,GOOGL20230313
q00215,BRK.A20232247
q00216,BRK.A20230869
q00216,BRK.A20232401
q00216,BRK.A20230520
q00216,BRK.A20230523
q00216,BRK.A20230726
q00216,BRK.A20230007
q00216,BRK.A20230253
q00216,BRK.A20230273
q00216,BRK.A20231463
q00216,BRK.A20230458
q00217,BRK.A20230594
q00217,BRK.A20230063
q00217,BRK.A20230062
q00217,BRK.A20230012
q00217,BRK.A20230602
q00217,BRK.A20231642
q00217,BRK.A20231726
q00217,BRK.A20231341
q00217,BRK.A20232646
q00217,BRK.A20230011
q00218,BRK.A20230063
q00218,BRK.A20230594
q00218,BRK.A20230807
q00218,BRK.A20230809
q00218,BRK.A20230642
q00218,BRK.A20231726
q00218,BRK.A20230782
q00218,DAL20231256
q00218,BRK.A20230701
q00218,BRK.A20230612
q61676968,d616769d6
q61676968,d61d31046
q61676968,d61d2c15e
q61676968,d61dbaf26
q61676968,d61cef506
q61676968,d61d92bf2
q61676968,d61e30eec
q61676968,d6166092e
q61676968,d61d98ba6
q61676968,d61d2a890
q6165d620,d6165d666
q6165d620,d61ddcefa
q6165d620,d61d6f710
q6165d620,d61650b5a
q6165d620,d61d7c6ae
q6165d620,d61d65756
q6165d620,d61d59e6a
q6165d620,d61e5d28a
q6165d620,d61de06ae
q6165d620,d616a5204
q616523c4,d61d89354
q616523c4,d61668eda
q616523c4,d61e97bba
q616523c4,d6165241e
q616523c4,d61cffbcc
q616523c4,d61e2ce1e
q616523c4,d61e09ba8
q616523c4,d61d88670
q616523c4,d6165e3e0
q616523c4,d61663980
q6168676e,d61ddaf38
q6168676e,d61d921ac
q6168676e,d61dd6406
q6168676e,d61d4a7d0
q6168676e,d61d8c77a
q6168676e,d61ea1048
q6168676e,d61e969ae
q6168676e,d61e8e844
q6168676e,d61cfa56e
q6168676e,d61d140f4
q616abdde,d61d439ee
q616abdde,d61d80e70
q616abdde,d61d48d04
q616abdde,d61d8aff6
q616abdde,d61d77f78
q616abdde,d616545fc
q616abdde,d61e0f3e6
q616abdde,d61d6d5d2
q616abdde,d61d3973c
q616abdde,d61ddc3a6
q616a3986,d6165e9e4
q616a3986,d61e1ee40
q616a3986,d61d134ba
q616a3986,d61d4d7d2
q616a3986,d61d45942
q616a3986,d61650ce0
q616a3986,d61d6206a
q616a3986,d6165b23a
q616a3986,d61d54208
q616a3986,d61d56c38
q61667c92,d61d5b1d4
q61667c92,d61dc9a3a
q61667c92,d61651dca
q61667c92,d61660a50
q61667c92,d61d346ec
q61667c92,d61dcc1cc
q61667c92,d61e35faa
q61667c92,d61d9aa64
q61667c92,d61d43ed0
q61667c92,d61d5bfb2
q61671ce2,d6167c228
q61671ce2,d61d87eb4
q61671ce2,d61dbff3a
q61671ce2,d61d30042
q61671ce2,d61dd23f6
q61671ce2,d61d9b90a
q61671ce2,d61e28666
q61671ce2,d61d9e416
q61671ce2,d61d5eb54
q61671ce2,d61e216ea
q616a1438,d6167f63a
q616a1438,d61d2b844
q616a1438,d61dfa572
q616a1438,d61ddcb30
q616a1438,d61d8405c
q616a1438,d61d3f5ec
q616a1438,d61658206
q616a1438,d61cf7a44
q616a1438,d61d30128
q616a1438,d61d079d0
q6165fe2a,d61d4ca58
q6165fe2a,d616624e0
q6165fe2a,d61d48ffc
q6165fe2a,d61d5cee4
q6165fe2a,d61d80632
q6165fe2a,d61d2bc72
q6165fe2a,d61d934f8
q6165fe2a,d616521f8
q6165fe2a,d616831c2
q6165fe2a,d61d99e84
q6167d60a,d61657130
q6167d60a,d61d56ed6
q6167d60a,d61d95d20
q6167d60a,d61da9ece
q6167d60a,d61658b70
q6167d60a,d61662f44
q6167d60a,d61dbb94e
q6167d60a,d61e0333e
q6167d60a,d61de70da
q6167d60a,d61daf1b2
q61687ba0,d61d55f7c
q61687ba0,d6165aa4c
q61687ba0,d61d50b62
q61687ba0,d61d9acf8
q61687ba0,d61cf2300
q61687ba0,d61d36f28
q61687ba0,d61d9ab4a
q61687ba0,d61d70598
q61687ba0,d61cf7fa8
q61687ba0,d61d3e87c
q6167e154,d61d4b518
q6167e154,d61d7a6b0
q6167e154,d61d9b66c
q6167e154,d61d02246
q6167e154,d61655bb4
q6167e154,d61d39a3e
q6167e154,d61cf33e0
q6167e154,d61d6dd48
q6167e154,d61671120
q6167e154,d61d8b532
q61671e90,d61cefdb2
q61671e90,d61d02142
q61671e90,d61671eea
q61671e90,d61d5b59e
q61671e90,d61d97652
q61671e90,d61dcf67e
q61671e90,d6166c544
q61671e90,d61d82360
q61671e90,d61d66836
q61671e90,d61d5d6fa
q61689f9a,d61dcf0d4
q61689f9a,d61d41d7e
q61689f9a,d61cf713e
q61689f9a,d61de2d1e
q61689f9a,d61d308da
q61689f9a,d6169da04
q61689f9a,d61dca142
q61689f9a,d61662f44
q61689f9a,d61e2a880
q61689f9a,d61daf8ce
q6165cc3e,d61d2d068
q6165cc3e,d61d64676
q6165cc3e,d61dbcee8
q6165cc3e,d61d84b92
q6165cc3e,d61d44e02
q6165cc3e,d6166bf90
q6165cc3e,d61d4c300
q6165cc3e,d61cf6f72
q6165cc3e,d61d84782
q6165cc3e,d61cfe5b0
q61650c9a,d61650ce0
q61650c9a,d61e1ee40
q61650c9a,d61d134ba
q61650c9a,d61d30ede
q61650c9a,d6165b23a
q61650c9a,d6165e9e4
q61650c9a,d61d76f4c
q61650c9a,d61d4d7d2
q61650c9a,d61d45942
q61650c9a,d61d54208
q616652b2,d61d4e56a
q616652b2,d6165bf50
q616652b2,d61d562b0
q616652b2,d61d35808
q616652b2,d61d74ff8
q616652b2,d61d53c40
q616652b2,d61d7c244
q616652b2,d616500ec
q616652b2,d61d83d32
q616652b2,d61d80a38
q6165bd20,d6165bd5c
q6165bd20,d61cf274c
q6165bd20,d61d44754
q6165bd20,d61d8a63c
q6165bd20,d61d65526
q6165bd20,d61e15df4
q6165bd20,d61d68e42
q6165bd20,d61dd0420
q6165bd20,d61d38c60
q6165bd20,d61d7a9f8
q616835be,d6166cea4
q616835be,d61db810e
q616835be,d61cf93bc
q616835be,d61cf6cac
q616835be,d6165e052
q616835be,d61d52408
q616835be,d6166751c
q616835be,d61dbf152
q616835be,d61cfe5b0
q616835be,d6167048c
q6167ef50,d61d55f7c
q6167ef50,d61d95280
q6167ef50,d61d64b58
q6167ef50,d61cf2300
q6167ef50,d61cfebe6
q6167ef50,d61d56c38
q6167ef50,d6165aa4c
q6167ef50,d61db1cc8
q6167ef50,d61cf31f6
q6167ef50,d61dccbf4
q616ac1da,d6165270c
q616ac1da,d61d45532
q616ac1da,d61df4280
q616ac1da,d61de0a14
q616ac1da,d61d57a48
q616ac1da,d61e4f41e
q616ac1da,d61db17dc
q616ac1da,d61d2b448
q616ac1da,d61d4b702
q616ac1da,d61d2f2d2
q616972da,d61ddc3a6
q616972da,d61d857e0
q616972da,d61df4280
q616972da,d61d3158c
q616972da,d6166299a
q616972da,d61d5dd9e
q616972da,d61d43548
q616972da,d61d8916a
q616972da,d6166579e
q616972da,d61cfa942
q6168d668,d61d2fb1a
q6168d668,d61d439ee
q6168d668,d61d54ce4
q6168d668,d61d3f4f2
q6168d668,d61dddbc0
q6168d668,d61de0a14
q6168d668,d6167048c
q6168d668,d61da31c8
q6168d668,d61cfc666
q6168d668,d61e37ed6
q6167acb6,d6167ace8
q6167acb6,d61d72b2c
q6167acb6,d61d827de
q6167acb6,d61cf06f4
q6167acb6,d61e9da2e
q6167acb6,d61d3110e
q6167acb6,d61670572
q6167acb6,d61da3c36
q6167acb6,d61e48e3e
q6167acb6,d61d2de96
q616559de,d61655a2e
q616559de,d61d3d706
q616559de,d61d3fbdc
q616559de,d61dc620e
q616559de,d61e3e772
q616559de,d6166125c
q616559de,d61662e22
q616559de,d61dc07fa
q616559de,d61d2c4b0
q616559de,d61dc9b3e
q6169d3a6,d6169d40a
q6169d3a6,d61da2782
q6169d3a6,d61e243f4
q6169d3a6,d61cf6cac
q6169d3a6,d6165e3e0
q6169d3a6,d61d83e04
q6169d3a6,d61676c2e
q6169d3a6,d61e9da2e
q6169d3a6,d61e4dcae
q6169d3a6,d61d88670
q616707e8,d61d45fbe
q616707e8,d61dd8ed6
q616707e8,d61674046
q616707e8,d6167082e
q616707e8,d61d536dc
q616707e8,d61d522fa
q616707e8,d61d4fcb2
q616707e8,d61d5b4b8
q616707e8,d61d4be0a
q616707e8,d6166f87a
q61650092,d616500ec
q61650092,d61df03f6
q61650092,d61cf30b6
q61650092,d61d6fa1c
q61650092,d61d7b362
q61650092,d61d05716
q61650092,d61e1f3e0
q61650092,d61d774a6
q61650092,d61d3fae2
q61650092,d61e2b050
q6165e12e,d61650ee8
q6165e12e,d616595a2
q6165e12e,d61dee060
q6165e12e,d61cf06f4
q6165e12e,d61d4b82e
q6165e12e,d61d4c512
q6165e12e,d61d3621c
q6165e12e,d61dbf922
q6165e12e,d61d0be54
q6165e12e,d61d9dda4
q61657d88,d61657de2
q61657d88,d61d677c2
q61657d88,d616644ac
q61657d88,d61d95abe
q61657d88,d6165d030
q61657d88,d61e278ec
q61657d88,d61d93ffc
q61657d88,d61db8ea6
q61657d88,d61d568a0
q61657d88,d61e2511e
q61696272,d61652ff4
q61696272,d6168290c
q61696272,d61cefdb2
q61696272,d61cfd99e
q61696272,d61654976
q61696272,d61662f44
q61696272,d61651906
q61696272,d61cfac4e
q61696272,d61dcf67e
q61696272,d61d3f362
q6169bc9a,d61d818b6
q6169bc9a,d61d34b56
q6169bc9a,d61d91626
q6169bc9a,d61e1fbce
q6169bc9a,d61d644e6
q6169bc9a,d61d39d7c
q6169bc9a,d61d32dc4
q6169bc9a,d61d4dc50
q6169bc9a,d61d3fae2
q6169bc9a,d61d6f1e8
q6167ca5c,d61673dee
q6167ca5c,d61d72460
q6167ca5c,d6165c9a0
q6167ca5c,d61d3c9be
q6167ca5c,d61d36f28
q6167ca5c,d61d735fe
q6167ca5c,d61d9bd24
q6167ca5c,d61de898a
q6167ca5c,d61ea9eaa
q6167ca5c,d61d6fa1c
q61676be8,d6165e3e0
q61676be8,d6165241e
q61676be8,d616753c4
q61676be8,d61d88670
q61676be8,d6165e23c
q61676be8,d61dc4530
q61676be8,d61d2bd8a
q61676be8,d61e366ee
q61676be8,d61e9cc96
q61676be8,d61d1ecfc
q61691aba,d61d47e04
q61691aba,d61da5dd8
q61691aba,d61d972f6
q61691aba,d616680b6
q61691aba,d61e1c8ca
q61691aba,d61cfff00
q61691aba,d61d6585a
q61691aba,d6167082e
q61691aba,d61d42c2e
q61691aba,d61d77104
q616a51b4,d6168ea86
q616a51b4,d61dd0c54
q616a51b4,d61d30204
q616a51b4,d61d7bcf4
q616a51b4,d61d2a016
q616a51b4,d61d8614a
q616a51b4,d61e4dcae
q616a51b4,d61cf1270
q616a51b4,d61d75386
q616a51b4,d61d2a322
q61679712,d61d912b6
q61679712,d61d91aea
q61679712,d616568ac
q61679712,d61659ab6
q61679712,d61e0849c
q61679712,d61d60d0a
q61679712,d61d02d2c
q61679712,d61d98a52
q61679712,d61e1304a
q61679712,d61e4126a
q61690d90,d6165b10e
q61690d90,d616547b4
q61690d90,d6167048c
q61690d90,d61d2a890
q61690d90,d61dec6f2
q61690d90,d61d8e700
q61690d90,d61d66bec
q61690d90,d61664326
q61690d90,d61d73202
q61690d90,d61d55d6a
q61684dec,d61dd8814
q61684dec,d61cf2d32
q61684dec,d61d3f4f2
q61684dec,d61d82504
q61684dec,d61d5db5a
q61684dec,d6165d7a6
q61684dec,d61dab45e
q61684dec,d61d5c25a
q61684dec,d61d519cc
q61684dec,d61da7bb0
q6168dda2,d61d49952
q6168dda2,d61e12a64
q6168dda2,d61ddff92
q6168dda2,d61db4ee6
q6168dda2,d61db1692
q6168dda2,d61d66836
q6168dda2,d61d3412e
q6168dda2,d61d30cc2
q6168dda2,d61de2d1e
q6168dda2,d61d2dfd6
q616a8e0e,d6165d030
q616a8e0e,d61db50da
q616a8e0e,d61e4096e
q616a8e0e,d61cf3cfa
q616a8e0e,d616644ac
q616a8e0e,d61d0a518
q616a8e0e,d61d568a0
q616a8e0e,d61dd38aa
q616a8e0e,d61cf45f6
q616a8e0e,d61d57b2e
q61674ad2,d61db74fc
q61674ad2,d61d66390
q61674ad2,d61d6f954
q61674ad2,d6166b856
q61674ad2,d61d5c0c0
q61674ad2,d61d76a9c
q61674ad2,d61d00676
q61674ad2,d61674b22
q61674ad2,d61d4f8ca
q61674ad2,d61d694fa
q6165e39a,d6165e3e0
q6165e39a,d61d70f98
q6165e39a,d61e97bba
q6165e39a,d616614dc
q6165e39a,d61d7d2b6
q6165e39a,d61d2f5ac
q6165e39a,d61d54bcc
q6165e39a,d61e104b2
q6165e39a,d61d56fa8
q6165e39a,d61d674c0
q616a95e8,d61dcfe80
q616a95e8,d61d61976
q616a95e8,d61d88d64
q616a95e8,d61654b38
q616a95e8,d61d623d0
q616a95e8,d61d85088
q616a95e8,d61ddfe70
q616a95e8,d61d5c336
q616a95e8,d6166369c
q616a95e8,d61d9819c
q616a0ef2,d616606d6
q616a0ef2,d61d42c2e
q616a0ef2,d61db3a78
q616a0ef2,d61d6f954
q616a0ef2,d61d558ce
q616a0ef2,d61d694fa
q616a0ef2,d6165b4a6
q616a0ef2,d6166ba4a
q616a0ef2,d61d5d6fa
q616a0ef2,d6166125c
q6166f730,d61658206
q6166f730,d61cf6266
q6166f730,d61ddcb30
q6166f730,d61d71a42
q6166f730,d61cf2e2c
q6166f730,d61cf3e12
q6166f730,d61d30128
q6166f730,d61db1dc2
q6166f730,d61664c72
q6166f730,d61e61de4
q6166f5c8,d6166f622
q6166f5c8,d61dd8ca6
q6166f5c8,d61db5b20
q6166f5c8,d61ea5706
q6166f5c8,d61d72460
q6166f5c8,d61d2f4b2
q6166f5c8,d61cff780
q6166f5c8,d61cf9254
q6166f5c8,d61dd4ca0
q6166f5c8,d61da00ae
q61692f6e,d6167e6f4
q61692f6e,d61d29396
q61692f6e,d61d3bc4e
q61692f6e,d61d93da4
q61692f6e,d61d306a0
q61692f6e,d61d790ee
q61692f6e,d61659ab6
q61692f6e,d61e8d5d4
q61692f6e,d61d871da
q61692f6e,d61d35236
q61672b88,d61d72b2c
q61672b88,d61cf06f4
q61672b88,d61eacd80
q61672b88,d61cfd8cc
q61672b88,d61d3110e
q61672b88,d61e9960e
q61672b88,d61d4611c
q61672b88,d61da3c36
q61672b88,d61d36a1e
q61672b88,d6167ace8
q616736fa,d61d912b6
q616736fa,d61cf422c
q616736fa,d61d60d0a
q616736fa,d61e4126a
q616736fa,d61e0849c
q616736fa,d61d4dd2c
q616736fa,d61d72a64
q616736fa,d61d3b0f0
q616736fa,d61e1304a
q616736fa,d61dee060
q6167f32e,d61d7b18c
q6167f32e,d61d08894
q6167f32e,d61de91d2
q6167f32e,d6166bb62
q6167f32e,d61e70204
q6167f32e,d6167c228
q6167f32e,d61d5dccc
q6167f32e,d616619d2
q6167f32e,d61de7a4e
q6167f32e,d61d5d3da
q6167642c,d61d78dce
q6167642c,d61d9e4f2
q6167642c,d61cf1dd8
q6167642c,d61d61016
q6167642c,d61d449de
q6167642c,d616536fc
q6167642c,d61d33e0e
q6167642c,d61d8f038
q6167642c,d61cf992a
q6167642c,d61d7f200
q61667e90,d616644ac
q61667e90,d61e4096e
q61667e90,d61cf3cfa
q61667e90,d61dd38aa
q61667e90,d61e5e6c6
q61667e90,d61dfd22c
q61667e90,d61e8ecea
q61667e90,d61ded264
q61667e90,d6165737e
q61667e90,d61d4edda
q6165539e,d61cf177a
q6165539e,d61d8aff6
q6165539e,d61d80042
q6165539e,d61d7e7c4
q6165539e,d61d3982c
q6165539e,d61d6f1e8
q6165539e,d61d58538
q6165539e,d61de6ac2
q6165539e,d61d8d38c
q6165539e,d61d65936
q6164fd5e,d6164fd9a
q6164fd5e,d61dcf962
q6164fd5e,d6165b23a
q6164fd5e,d6167248a
q6164fd5e,d61d47bca
q6164fd5e,d61d08b64
q6164fd5e,d61dd0fc4
q6164fd5e,d61d2b934
q6164fd5e,d61db0b2a
q6164fd5e,d61d6206a
q616531f2,d61cfe97a
q616531f2,d61de7a4e
q616531f2,d61da0ff4
q616531f2,d61e4a4be
q616531f2,d616520ea
q616531f2,d61d5dccc
q616531f2,d61e70204
q616531f2,d61d87eb4
q616531f2,d61cfac4e
q616531f2,d61db9f7c
q616a2068,d61d6206a
q616a2068,d61d74e9a
q616a2068,d61693b8a
q616a2068,d61d7d482
q616a2068,d61680d6e
q616a2068,d61d7d1c6
q616a2068,d61dcf962
q616a2068,d61d47bca
q616a2068,d6167248a
q616a2068,d61d2d888
q6169567e,d61d4eba0
q6169567e,d61d0f6d0
q6169567e,d61663dfe
q6169567e,d61dd2928
q6169567e,d61dbcee8
q6169567e,d61da347a
q6169567e,d61e1274e
q6169567e,d6167f266
q6169567e,d61d36690
q6169567e,d61d5870e
q61664fc4,d61d7ceec
q61664fc4,d61dc28c0
q61664fc4,d61d4760c
q61664fc4,d61d0febe
q61664fc4,d61d876bc
q61664fc4,d61d4b2e8
q61664fc4,d61d868d4
q61664fc4,d6166500a
q61664fc4,d61d925e4
q61664fc4,d6165a8e4
q616aafc4,d61d7c244
q616aafc4,d61d4e56a
q616aafc4,d61d80a38
q616aafc4,d61d6fa1c
q616aafc4,d6168e4f0
q616aafc4,d61d32dc4
q616aafc4,d61e25b46
q616aafc4,d61e089a6
q616aafc4,d6165c25c
q616aafc4,d61d59e6a
q616ad26a,d61657de2
q616ad26a,d61d95abe
q616ad26a,d616644ac
q616ad26a,d61d0a518
q616ad26a,d61db50da
q616ad26a,d61dd38aa
q616ad26a,d61dc381a
q616ad26a,d61e278ec
q616ad26a,d6165d030
q616ad26a,d61d59564
q6166021c,d6165725c
q6166021c,d6165899a
q6166021c,d61d88ad0
q6166021c,d61d7ee36
q6166021c,d61dd95ca
q6166021c,d61d7a070
q6166021c,d61d6585a
q6166021c,d61d32004
q6166021c,d61d36df2
q6166021c,d61d70a84
q616a917e,d616749e2
q616a917e,d61e4d326
q616a917e,d61d5e5f0
q616a917e,d61df4dc0
q616a917e,d61659f02
q616a917e,d6166d174
q616a917e,d61e61402
q616a917e,d61e15df4
q616a917e,d61d917c0
q616a917e,d61d938f4
q61672a5c,d61663dfe
q61672a5c,d6165f5ec
q61672a5c,d61d9aa64
q61672a5c,d61d8452a
q61672a5c,d61d346ec
q61672a5c,d61dd2928
q61672a5c,d61d2b268
q61672a5c,d61dc9a3a
q61672a5c,d61d96a0e
q61672a5c,d61660a50
q616600e6,d61cfbc98
q616600e6,d61cf03f2
q616600e6,d61d8d170
q616600e6,d61df7552
q616600e6,d61d57764
q616600e6,d61d59e6a
q616600e6,d61d8a452
q616600e6,d6165c25c
q616600e6,d6166c7ba
q616600e6,d61d6fa1c
q61686f2a,d6165bf50
q61686f2a,d61d4e56a
q61686f2a,d61d8d170
q61686f2a,d6168cff6
q61686f2a,d61d7ab2e
q61686f2a,d61e0eb26
q61686f2a,d61d35808
q61686f2a,d61d80a38
q61686f2a,d61d83d32
q61686f2a,d61d02c50
q6169b92a,d6167e6f4
q6169b92a,d61dd0af6
q6169b92a,d61d790ee
q6169b92a,d61d972f6
q6169b92a,d61659ab6
q6169b92a,d61d35236
q6169b92a,d61d39b42
q6169b92a,d61e044e6
q6169b92a,d61d02d2c
q6169b92a,d61d43ad4
q6165cfd6,d61e4096e
q6165cfd6,d61cf3cfa
q6165cfd6,d6165d030
q6165cfd6,d61dd38aa
q6165cfd6,d61db5b20
q6165cfd6,d61d568a0
q6165cfd6,d61db50da
q6165cfd6,d61d0a518
q6165cfd6,d61d57b2e
q6165cfd6,d61db8ea6
q616aaa4c,d6168b11a
q616aaa4c,d61e5a97c
q616aaa4c,d61e09ba8
q616aaa4c,d61cff780
q616aaa4c,d61db1430
q616aaa4c,d61da00ae
q616aaa4c,d61e1c4f6
q616aaa4c,d61664b46
q616aaa4c,d61d7a6b0
q616aaa4c,d61d3ea0c
q61688a00,d61cfc2a6
q61688a00,d61d16e6c
q61688a00,d61656a32
q61688a00,d61d5fa86
q61688a00,d61cf6144
q61688a00,d61d08a74
q61688a00,d61e01afc
q61688a00,d61d535b0
q61688a00,d61d97094
q61688a00,d61d66836
q61686ba6,d61d61016
q61686ba6,d61d89462
q61686ba6,d61d57b2e
q61686ba6,d61665db6
q61686ba6,d61d7ceec
q61686ba6,d61d9c210
q61686ba6,d61e2511e
q61686ba6,d61d871da
q61686ba6,d61d4c026
q61686ba6,d61d568a0
q616994d6,d61d71fb0
q616994d6,d61d698f6
q616994d6,d61d314d8
q616994d6,d61660dfc
q616994d6,d61d82914
q616994d6,d61651dca
q616994d6,d61cf1f0e
q616994d6,d61d6a058
q616994d6,d61dcb1c8
q616994d6,d61d889ea
q61669222,d6166224c
q61669222,d61e090ea
q61669222,d61652ad6
q61669222,d61d0c6ec
q61669222,d61e1073c
q61669222,d61dd53bc
q61669222,d61df306a
q61669222,d61cf84b2
q61669222,d61da827c
q61669222,d61e104b2
q6165ec14,d6165ec6e
q6165ec14,d61d32ca2
q6165ec14,d61d77df2
q6165ec14,d61d7ee36
q6165ec14,d61d65f8a
q6165ec14,d61d91928
q6165ec14,d61e49cc6
q6165ec14,d61d42ada
q6165ec14,d6167e460
q6165ec14,d61d4db24
q61692e88,d6167f63a
q61692e88,d61d2b844
q61692e88,d61e8e286
q61692e88,d61deb0b8
q61692e88,d61d5752a
q61692e88,d61cef3bc
q61692e88,d61cf274c
q61692e88,d61d38a94
q61692e88,d61e70966
q61692e88,d61d5bfb2
q61659110,d61dc5a8e
q61659110,d61d2d068
q61659110,d61daf306
q61659110,d6168ddf2
q61659110,d61d644e6
q61659110,d61d6af30
q61659110,d61de40ba
q61659110,d61dd001a
q61659110,d61d4dc50
q61659110,d61d958a2
q6166203a,d61668eda
q6166203a,d61d86cc6
q6166203a,d61d3ea0c
q6166203a,d61657de2
q6166203a,d6169ca1e
q6166203a,d61dfc98a
q6166203a,d61dc22d0
q6166203a,d616644ac
q6166203a,d61662094
q6166203a,d61d89354
q616ac450,d61674046
q616ac450,d61d6ecc0
q616ac450,d61d88490
q616ac450,d61e2557e
q616ac450,d61650524
q616ac450,d61e28986
q616ac450,d61e8b0ea
q616ac450,d61e32e2c
q616ac450,d61e89f24
q616ac450,d61d8c77a
q616678dc,d61d29cb0
q616678dc,d61cf9092
q616678dc,d61670572
q616678dc,d61d3745a
q616678dc,d61d10d5a
q616678dc,d6166bb62
q616678dc,d61d96a0e
q616678dc,d61d934f8
q616678dc,d61d690f4
q616678dc,d61e1881a
q616a4da4,d61d52c32
q616a4da4,d61cffd7a
q616a4da4,d61655132
q616a4da4,d61d7ea58
q616a4da4,d6166c440
q616a4da4,d61d30484
q616a4da4,d61699ada
q616a4da4,d61e01bc4
q616a4da4,d61653f9e
q616a4da4,d61cf713e
q616a7bee,d61dfd22c
q616a7bee,d616644ac
q616a7bee,d61d95abe
q616a7bee,d61657de2
q616a7bee,d61e278ec
q616a7bee,d61e8ecea
q616a7bee,d61dcac1e
q616a7bee,d61dab116
q616a7bee,d61d44d30
q616a7bee,d61d0a518
q616560fa,d61db15ca
q616560fa,d61656168
q616560fa,d61daf306
q616560fa,d61cf29b8
q616560fa,d61db1430
q616560fa,d61d5da60
q616560fa,d61d8a452
q616560fa,d61d45d84
q616560fa,d61d2b63c
q616560fa,d61d4aac8
q61661bda,d616580b2
q61661bda,d616530f8
q61661bda,d61d6a058
q61661bda,d61dd95ca
q61661bda,d61d37c2a
q61661bda,d61d7a070
q61661bda,d61d32252
q61661bda,d61dbe0b8
q61661bda,d61d4eba0
q61661bda,d61d84d0e
q6168fb34,d61daf306
q6168fb34,d61672692
q6168fb34,d61d36690
q6168fb34,d6165a6dc
q6168fb34,d61dbcee8
q6168fb34,d61dc5a8e
q6168fb34,d61d2d068
q6168fb34,d61e8325a
q6168fb34,d61da1fb2
q6168fb34,d61d96612
q616a6afa,d6165a8e4
q616a6afa,d61daf306
q616a6afa,d61da7642
q616a6afa,d61da3b1e
q616a6afa,d61cf75ee
q616a6afa,d61d65f8a
q616a6afa,d61d55180
q616a6afa,d61d01aee
q616a6afa,d61d697d4
q616a6afa,d61659c0a
q61697654,d61672692
q61697654,d61e0eb26
q61697654,d6165a6dc
q61697654,d6168cff6
q61697654,d61d8d170
q61697654,d61d3482c
q61697654,d61d35808
q61697654,d61d4ac62
q61697654,d61d33148
q61697654,d61d2a4bc
q6166ee7a,d61d8ed2c
q6166ee7a,d61d04a82
q6166ee7a,d61cfb52c
q6166ee7a,d61dc5502
q6166ee7a,d61cfbd9c
q6166ee7a,d61d99740
q6166ee7a,d61d5016c
q6166ee7a,d61cf062c
q6166ee7a,d61d89462
q6166ee7a,d61dab738
q6167068a,d61650b5a
q6167068a,d61dbcee8
q6167068a,d61d46a22
q6167068a,d61d36690
q6167068a,d61d625ba
q6167068a,d61d697d4
q6167068a,d61db7402
q6167068a,d6166bf90
q6167068a,d61d44e02
q6167068a,d61d96612
q616625bc,d6166b856
q616625bc,d61d5559a
q616625bc,d61d553b0
q616625bc,d61d5c0c0
q616625bc,d61db74fc
q616625bc,d61d6f954
q616625bc,d61d6a9fe
q616625bc,d61d694fa
q616625bc,d61d3acd6
q616625bc,d61d4f8ca
q616a6ec4,d61d54bcc
q616a6ec4,d61dd2dec
q616a6ec4,d6165241e
q616a6ec4,d61d7850e
q616a6ec4,d61d9ec0e
q616a6ec4,d61664b46
q616a6ec4,d61d3d846
q616a6ec4,d61d2f5ac
q616a6ec4,d61daffcc
q616a6ec4,d61da1292
q616615b8,d61ea1048
q616615b8,d61d84b92
q616615b8,d61d590e6
q616615b8,d61656776
q616615b8,d61dafb08
q616615b8,d61d911da
q616615b8,d61dcf67e
q616615b8,d61de70da
q616615b8,d61d43ed0
q616615b8,d61d7492c
q61697442,d61d037e0
q61697442,d616857ce
q61697442,d61d4677a
q61697442,d61d2ba6a
q61697442,d61d76bf0
q61697442,d61d9ca94
q61697442,d6166f3e8
q61697442,d61d60dfa
q61697442,d61d86a82
q61697442,d61dd2dec
q61670e46,d61655132
q61670e46,d61d13cb2
q61670e46,d61d67d6c
q61670e46,d61d61016
q61670e46,d61d2d1f8
q61670e46,d61d97652
q61670e46,d61e2511e
q61670e46,d61670d60
q61670e46,d61d670c4
q61670e46,d61d5f234
q616a31c0,d61693946
q616a31c0,d61d29cb0
q616a31c0,d61d934f8
q616a31c0,d61651dca
q616a31c0,d61d10d5a
q616a31c0,d61cf9092
q616a31c0,d61d48ffc
q616a31c0,d61d5dc0e
q616a31c0,d61670572
q616a31c0,d61e859a6
q6169f264,d61d912b6
q6169f264,d61d91aea
q6169f264,d616568ac
q6169f264,d61659ab6
q6169f264,d61e0849c
q6169f264,d61d60d0a
q6169f264,d61d02d2c
q6169f264,d61d98a52
q6169f264,d61e1304a
q6169f264,d61e4126a
q61689018,d61671260
q61689018,d61d34912
q61689018,d61d321b2
q61689018,d61deb0b8
q61689018,d61d9ec0e
q61689018,d61d78dce
q61689018,d61d5bfb2
q61689018,d61dc20be
q61689018,d61dc28c0
q61689018,d61d45aaa
q6168f2ec,d61655132
q6168f2ec,d61d0be54
q6168f2ec,d61cfa56e
q6168f2ec,d61d73522
q6168f2ec,d61e2511e
q6168f2ec,d61cfb702
q6168f2ec,d61d30204
q6168f2ec,d61d57b2e
q6168f2ec,d61d34a7a
q6168f2ec,d61dd6406
q61682600,d61d78dce
q61682600,d616536fc
q61682600,d61dde494
q61682600,d61d35fe2
q61682600,d61d8f038
q61682600,d61d449de
q61682600,d61d36488
q61682600,d61dabc6a
q61682600,d61d2efa8
q61682600,d61cef27c
q6165b1fe,d61d519cc
q6165b1fe,d6164fd9a
q6165b1fe,d61db7fce
q6165b1fe,d61d08b64
q6165b1fe,d61d58ce0
q6165b1fe,d6165b23a
q6165b1fe,d6165e9e4
q6165b1fe,d61e61de4
q6165b1fe,d61dd0fc4
q6165b1fe,d61d12542
q616ab852,d61d64676
q616ab852,d61d697d4
q616ab852,d61d2d068
q616ab852,d61d625ba
q616ab852,d6165d666
q616ab852,d61ddcefa
q616ab852,d61d3f290
q616ab852,d6166bf90
q616ab852,d61d46a22
q616ab852,d61d575fc
q6169a3fe,d616760d0
q6169a3fe,d61d2eb34
q6169a3fe,d61dc5962
q6169a3fe,d61d7e53a
q6169a3fe,d61e502a6
q6169a3fe,d61dbe1a8
q6169a3fe,d61cf1f0e
q6169a3fe,d61d71fb0
q6169a3fe,d61d938f4
q6169a3fe,d61db9d38
q616989aa,d61667a3a
q616989aa,d61d8301c
q616989aa,d61d0982a
q616989aa,d61d74c7e
q616989aa,d61d58538
q616989aa,d61ea01a2
q616989aa,d61cf2c24
q616989aa,d61d65936
q616989aa,d61d71c54
q616989aa,d61d514f4
q6168ff6c,d61db15ca
q6168ff6c,d61d36690
q6168ff6c,d61daf306
q6168ff6c,d61dbcee8
q6168ff6c,d61d774a6
q6168ff6c,d61d6b9f8
q6168ff6c,d6165a6dc
q6168ff6c,d61d6c308
q6168ff6c,d61dc5a8e
q6168ff6c,d61d46a22
q61687966,d61dbd2a8
q61687966,d61db3b22
q61687966,d61dda4a2
q61687966,d61dc4530
q61687966,d61d32dc4
q61687966,d61e537f8
q61687966,d61d9b57c
q61687966,d61d38e18
q61687966,d61df903c
q61687966,d61d08894
q61694850,d61653f9e
q61694850,d61d57a48
q61694850,d61e15df4
q61694850,d61de2d1e
q61694850,d61db4ee6
q61694850,d61cef3bc
q61694850,d61e25042
q61694850,d61d321b2
q61694850,d61d370c2
q61694850,d61dd2108
q6168e6c6,d61e243f4
q6168e6c6,d61d86cc6
q6168e6c6,d61d74a4e
q6168e6c6,d61665ec4
q6168e6c6,d61d37392
q6168e6c6,d61d70a84
q6168e6c6,d6166186a
q6168e6c6,d61d4c666
q6168e6c6,d61d36488
q6168e6c6,d61d38616
q6169b466,d61d4a7d0
q6169b466,d61ea1048
q6169b466,d61d73946
q6169b466,d61da347a
q6169b466,d61dde9c6
q6169b466,d6165525e
q6169b466,d6167f266
q6169b466,d61663dfe
q6169b466,d61dd2928
q6169b466,d61dd6406
q61695552,d61d0d420
q61695552,d6168ecb6
q61695552,d61d3adee
q61695552,d61d359ca
q61695552,d61d3da3a
q61695552,d61db45ea
q61695552,d61db856e
q61695552,d61da5338
q61695552,d61d717fe
q61695552,d61d69df6
q61688b68,d61671120
q61688b68,d61d7a6b0
q61688b68,d61d4b518
q61688b68,d61d02246
q61688b68,d61655bb4
q61688b68,d61e930d8
q61688b68,d61da6350
q61688b68,d61df8826
q61688b68,d61df331c
q61688b68,d61d3a65a
q6165b0c8,d6165b10e
q6165b0c8,d61dec6f2
q6165b0c8,d61d514f4
q6165b0c8,d616547b4
q6165b0c8,d61d6fcba
q6165b0c8,d61da7804
q6165b0c8,d61df3bdc
q6165b0c8,d61e2a880
q6165b0c8,d61d74c7e
q6165b0c8,d61d8cb12
q6165520e,d6165525e
q6165520e,d61de70da
q6165520e,d61d3c7b6
q6165520e,d61d43ed0
q6165520e,d616831c2
q6165520e,d61d10d5a
q6165520e,d61dc4b66
q6165520e,d61e2a77c
q6165520e,d61d79a9e
q6165520e,d6166ba4a
q61694bca,d6167a2a2
q61694bca,d61dba49a
q61694bca,d61666450
q61694bca,d61d33328
q61694bca,d61da4bae
q61694bca,d61cff1ae
q61694bca,d61d53ff6
q61694bca,d6166af5a
q61694bca,d61d4eba0
q61694bca,d61da241c
q61693a36,d61680d6e
q61693a36,d61d67d6c
q61693a36,d61d9e4f2
q61693a36,d61d4be0a
q61693a36,d61e859a6
q61693a36,d61cf3e12
q61693a36,d6165b23a
q61693a36,d61e487cc
q61693a36,d61d91540
q61693a36,d61cf2e2c
q616607c6,d61d04a82
q616607c6,d61d66cf0
q616607c6,d61d127fe
q616607c6,d61d7f200
q616607c6,d61d5016c
q616607c6,d61d2e1b6
q616607c6,d61d4ead8
q616607c6,d61d3e3e0
q616607c6,d61dd96ba
q616607c6,d61d4edda
q61670428,d61d2b362
q61670428,d61cfc666
q61670428,d61d323a6
q61670428,d61eac56a
q61670428,d61d84e08
q61670428,d61d3f0a6
q61670428,d61cf706c
q61670428,d61e19b48
q61670428,d61cf268e
q61670428,d61d4677a
q61699a76,d61699ada
q61699a76,d61cf35de
q61699a76,d61d316ae
q61699a76,d61d610de
q61699a76,d61e12f50
q61699a76,d61cf713e
q61699a76,d61d40140
q61699a76,d61671eea
q61699a76,d61d505b8
q61699a76,d61654976
q616938f6,d61652ff4
q616938f6,d61cefdb2
q616938f6,d6168290c
q616938f6,d61d7afd4
q616938f6,d61654976
q616938f6,d61d55054
q616938f6,d61dd4f20
q616938f6,d61d6cc68
q616938f6,d61d98098
q616938f6,d61d7d2b6
q61668142,d61e3e772
q61668142,d61d0e8ca
q61668142,d61df73fe
q61668142,d61d3fae2
q61668142,d61dc620e
q61668142,d61db3a78
q61668142,d61d552ac
q61668142,d61d3d706
q61668142,d6167bf94
q61668142,d61cf706c
q616817fa,d61dc85a4
q616817fa,d61d83120
q616817fa,d61d49a42
q616817fa,d61d41568
q616817fa,d616515c8
q616817fa,d616673dc
q616817fa,d61d4eba0
q616817fa,d61e17f1e
q616817fa,d61d93e9e
q616817fa,d61666b6c
q6168193a,d61dbb854
q6168193a,d61d4c512
q6168193a,d61cf274c
q6168193a,d61d196b2
q6168193a,d61d61200
q6168193a,d61d46ff4
q6168193a,d61656168
q6168193a,d61d48d04
q6168193a,d61d80e70
q6168193a,d61d3fd94
q6167abbc,d61d4eba0
q6167abbc,d61dd95ca
q6167abbc,d61d3ebe2
q6167abbc,d61d36df2
q6167abbc,d6165725c
q6167abbc,d61cfff00
q6167abbc,d6165899a
q6167abbc,d616530f8
q6167abbc,d61db4464
q6167abbc,d61de208a
q6168bb1a,d61651bfe
q6168bb1a,d61d757aa
q6168bb1a,d61d5ffcc
q6168bb1a,d61d31334
q6168bb1a,d61d68c62
q6168bb1a,d61cf9092
q6168bb1a,d61d4bf2c
q6168bb1a,d61d4def8
q6168bb1a,d61d934f8
q6168bb1a,d6165439a
q61690f8e,d61d37392
q61690f8e,d6165bc6c
q61690f8e,d61e83a7a
q61690f8e,d61663980
q61690f8e,d61e243f4
q61690f8e,d61d4a992
q61690f8e,d616530f8
q61690f8e,d61cfdcfa
q61690f8e,d61d40ed8
q61690f8e,d61e6b07e
q61652e1e,d61652ea0
q61652e1e,d61d4f5d2
q61652e1e,d61d2d9fa
q61652e1e,d61dfd4ac
q61652e1e,d6166655e
q61652e1e,d61693414
q61652e1e,d61d34b56
q61652e1e,d61db88f2
q61652e1e,d61e090ea
q61652e1e,d61d3cba8
q6168b9bc,d61e1a4a8
q6168b9bc,d6168ba0c
q6168b9bc,d61d671a0
q6168b9bc,d6166288c
q6168b9bc,d61d3a2a4
q6168b9bc,d61cf06f4
q6168b9bc,d61d99916
q6168b9bc,d61d78388
q6168b9bc,d61d9569a
q6168b9bc,d61d96ef0
q616992ce,d61d60f58
q616992ce,d61d7d482
q616992ce,d6165ba6e
q616992ce,d61658b70
q616992ce,d61d2dfd6
q616992ce,d61e171fe
q616992ce,d61d4b1b2
q616992ce,d61d4f05a
q616992ce,d61d08574
q616992ce,d61ddb9f6
q6169589a,d61cf0b04
q6169589a,d61d09fd2
q6169589a,d61d82e0a
q6169589a,d61d4bb80
q6169589a,d61dcf764
q6169589a,d61d00bbc
q6169589a,d6168ea86
q6169589a,d61d3c6a8
q6169589a,d61d869b0
q6169589a,d61cf1cde
q616604ec,d61654fe8
q616604ec,d61d4c300
q616604ec,d61d3b87a
q616604ec,d61d2d2d4
q616604ec,d61da59e6
q616604ec,d61ded7dc
q616604ec,d61d05716
q616604ec,d61d3b56e
q616604ec,d61d958a2
q616604ec,d61d4733c
q61699fb2,d6169a002
q61699fb2,d61d575fc
q61699fb2,d61d9569a
q61699fb2,d61d64676
q61699fb2,d6166bf90
q61699fb2,d61d44538
q61699fb2,d61d02c50
q61699fb2,d61e424b2
q61699fb2,d61d3f290
q61699fb2,d61dc26ae
q6166bf4a,d6166bf90
q6166bf4a,d61d2d068
q6166bf4a,d61cf6f72
q6166bf4a,d61d64676
q6166bf4a,d61d44e02
q6166bf4a,d61dbcee8
q6166bf4a,d61d84782
q6166bf4a,d61d84b92
q6166bf4a,d61d575fc
q6166bf4a,d61d91626
q616a93ae,d6168b11a
q616a93ae,d6165241e
q616a93ae,d6168290c
q616a93ae,d61d610de
q616a93ae,d61e09ba8
q616a93ae,d61656a32
q616a93ae,d61dd8274
q616a93ae,d61e3b93c
q616a93ae,d61d567a6
q616a93ae,d61d8335a
q6167a0b8,d61d41d7e
q6167a0b8,d6165996c
q6167a0b8,d61d7b95c
q6167a0b8,d61e42c3c
q6167a0b8,d61d57a48
q6167a0b8,d61653f9e
q6167a0b8,d61d8c77a
q6167a0b8,d61dcd0fe
q6167a0b8,d61d8614a
q6167a0b8,d61d84e08
q6166dfac,d61cf1f0e
q6166dfac,d61d2b092
q6166dfac,d61664b46
q6166dfac,d61d73522
q6166dfac,d61d04a82
q6166dfac,d61d90d8e
q6166dfac,d61dab116
q6166dfac,d61dd6dca
q6166dfac,d61d195d6
q6166dfac,d61daffcc
q6169e8fa,d61d78a0e
q6169e8fa,d61d4e9d4
q6169e8fa,d61655bb4
q6169e8fa,d61d71060
q6169e8fa,d61e4dcae
q6169e8fa,d61ea5e18
q6169e8fa,d61dbde7e
q6169e8fa,d61d3be60
q6169e8fa,d61cf280a
q6169e8fa,d61670220
q616906e2,d61d9bf22
q616906e2,d61cfaab4
q616906e2,d61cf0de8
q616906e2,d6166fae6
q616906e2,d61d3a81c
q616906e2,d6165628a
q616906e2,d61d3dee0
q616906e2,d61d72b2c
q616906e2,d61e7f7e0
q616906e2,d61656bae
q616a44a8,d61cefb6e
q616a44a8,d61cfbc98
q616a44a8,d61664696
q616a44a8,d6165c25c
q616a44a8,d6167deca
q616a44a8,d61d0b3fa
q616a44a8,d61d3c23e
q616a44a8,d61db31a4
q616a44a8,d61dd8b8e
q616a44a8,d61d90d8e
q61665bfe,d61d8c77a
q61665bfe,d61dbe464
q61665bfe,d6166655e
q61665bfe,d61693414
q61665bfe,d61dfd4ac
q61665bfe,d61d2a322
q61665bfe,d61665c62
q61665bfe,d61d5dd9e
q61665bfe,d61d61016
q61665bfe,d61d0f6d0
q616a2770,d61dad808
q616a2770,d61d9f550
q616a2770,d61d53af6
q616a2770,d61d67c54
q616a2770,d61dcf764
q616a2770,d61661aea
q616a2770,d61d8f754
q616a2770,d61d3763a
q616a2770,d61d43dcc
q616a2770,d6166479a
q616a2f2c,d61d370c2
q616a2f2c,d61d67c54
q616a2f2c,d61e8e286
q616a2f2c,d61dcce42
q616a2f2c,d61d4951a
q616a2f2c,d61d49f2e
q616a2f2c,d6167bf94
q616a2f2c,d61dcf764
q616a2f2c,d61d1579c
q616a2f2c,d61d6024c
q61661e96,d61cf1f0e
q61661e96,d61dcb1c8
q61661e96,d61d2b092
q61661e96,d61d73522
q61661e96,d61d90d8e
q61661e96,d61d6169c
q61661e96,d61dd6dca
q61661e96,d61d195d6
q61661e96,d61dab116
q61661e96,d61daffcc
q61671fa8,d61d46a22
q61671fa8,d61d64676
q61671fa8,d6165d666
q61671fa8,d61ddcefa
q61671fa8,d61d958a2
q61671fa8,d61d6c308
q61671fa8,d61d697d4
q61671fa8,d61dc5a8e
q61671fa8,d61dc122c
q61671fa8,d61d68a78
q6166e240,d6166e29a
q6166e240,d61d532d6
q6166e240,d61d36c1c
q6166e240,d61d32004
q6166e240,d61d62222
q6166e240,d61cf177a
q6166e240,d61d03074
q6166e240,d61d4baae
q6166e240,d61e0b32c
q6166e240,d61d98ba6
q616a5e2a,d61cf04ec
q616a5e2a,d61df903c
q616a5e2a,d61d91626
q616a5e2a,d61de523a
q616a5e2a,d6168ddf2
q616a5e2a,d61d39c46
q616a5e2a,d61e46404
q616a5e2a,d61e1fbce
q616a5e2a,d61d403d4
q616a5e2a,d61d6cae2
q616ab1ea,d61d6ecc0
q616ab1ea,d6167743a
q616ab1ea,d61cf31f6
q616ab1ea,d61e28986
q616ab1ea,d61d2e828
q616ab1ea,d61d6f85a
q616ab1ea,d61e2557e
q616ab1ea,d61d431c4
q616ab1ea,d61d2f5ac
q616ab1ea,d61d568a0
q6169ab10,d61d938f4
q6169ab10,d61d4611c
q6169ab10,d61db6b9c
q6169ab10,d61d02246
q6169ab10,d61cf33e0
q6169ab10,d61d3b794
q6169ab10,d61d6d3fc
q6169ab10,d61d74580
q6169ab10,d61d4e9d4
q6169ab10,d61de98ee
q61696d26,d61cfe5b0
q61696d26,d61d84b92
q61696d26,d61d4c300
q61696d26,d6168ddf2
q61696d26,d61dde570
q61696d26,d61d958a2
q61696d26,d61d64676
q61696d26,d61d87d74
q61696d26,d61d625ba
q61696d26,d61e8d5d4
q61693e3c,d61cefb6e
q61693e3c,d61e1e9a4
q61693e3c,d61d9aa64
q61693e3c,d61d40c94
q61693e3c,d61cf66d0
q61693e3c,d61d57f48
q61693e3c,d61e26406
q61693e3c,d61e94136
q61693e3c,d61d046b8
q61693e3c,d61d3c23e
q6168dfbe,d61669894
q6168dfbe,d61dcf0d4
q6168dfbe,d61cf1c0c
q6168dfbe,d61dd5cc2
q6168dfbe,d6165e052
q6168dfbe,d61d52408
q6168dfbe,d6166751c
q6168dfbe,d61d0e154
q6168dfbe,d61d3ac0e
q6168dfbe,d61d53af6
q6167fb62,d61d80e70
q6167fb62,d61d48d04
q6167fb62,d61dd0420
q6167fb62,d616545fc
q6167fb62,d61dc26ae
q6167fb62,d61e0f3e6
q6167fb62,d6167fbbc
q6167fb62,d61d18adc
q6167fb62,d61d8aff6
q6167fb62,d61d38c60
q61696a1a,d61655808
q61696a1a,d6165fd12
q61696a1a,d61dad808
q61696a1a,d61d2dd92
q61696a1a,d61d50a4a
q61696a1a,d61d76d1c
q61696a1a,d61da8696
q61696a1a,d61d59e6a
q61696a1a,d61cf8f20
q61696a1a,d61e8a71c
q61687312,d61d72460
q61687312,d61d53af6
q61687312,d61669894
q61687312,d61cf20f8
q61687312,d61661aea
q61687312,d61d8f754
q61687312,d61e0e266
q61687312,d61d7b286
q61687312,d61d43dcc
q61687312,d61673dee
q61694a80,d61671260
q61694a80,d61d34912
q61694a80,d61e25042
q61694a80,d61dbe464
q61694a80,d61dce62a
q61694a80,d61dc9a3a
q61694a80,d61d62a42
q61694a80,d61d8b532
q61694a80,d61d127fe
q61694a80,d61dbb854
q61672796,d61d566ca
q61672796,d6165b8c0
q61672796,d61d7381a
q61672796,d61d4e9d4
q61672796,d61e39a9c
q61672796,d61dc6952
q61672796,d61d78a0e
q61672796,d61654d5e
q61672796,d61e34614
q61672796,d61ea5e18
q61672e9e,d61dd5cc2
q61672e9e,d61d44f60
q61672e9e,d61dba0d0
q61672e9e,d61d7cb40
q61672e9e,d6168ea86
q61672e9e,d616662b6
q61672e9e,d61da3d58
q61672e9e,d61d67f2e
q61672e9e,d61d4733c
q61672e9e,d61d7558e
q61660b22,d61d6a7c4
q61660b22,d61db89ce
q61660b22,d61de8778
q61660b22,d61d99bdc
q61660b22,d61db1ea8
q61660b22,d61d9c364
q61660b22,d61df2a0c
q61660b22,d61dd138e
q61660b22,d61660b72
q61660b22,d61d0cd22
q61669844,d61cf20f8
q61669844,d61669894
q61669844,d61d5928a
q61669844,d61dcf764
q61669844,d61d69f5e
q61669844,d61d67c54
q61669844,d61d852b8
q61669844,d61d72460
q61669844,d61d33f26
q61669844,d61661aea
q6166f14a,d6165bf50
q6166f14a,d61d4e56a
q6166f14a,d61d80a38
q6166f14a,d61d3482c
q6166f14a,d61d562b0
q6166f14a,d61d74ff8
q6166f14a,d61d53c40
q6166f14a,d61cf03f2
q6166f14a,d61d83d32
q6166f14a,d61d57764
q61660c58,d61cf1662
q61660c58,d6165e656
q61660c58,d61cf1a9a
q61660c58,d61dd6dca
q61660c58,d61ea5706
q61660c58,d61d5a950
q61660c58,d61d3412e
q61660c58,d61d00dce
q61660c58,d61dc381a
q61660c58,d61cf3cfa
q6169d072,d61d52232
q6169d072,d61d71a42
q6169d072,d61dad09c
q6169d072,d61ceeec6
q6169d072,d61d91540
q6169d072,d61d6206a
q6169d072,d61d3a394
q6169d072,d6165b23a
q6169d072,d61e61de4
q6169d072,d61da21e2
q6168d550,d61d47418
q6168d550,d6166125c
q6168d550,d616583e6
q6168d550,d61d45fbe
q6168d550,d61d4be0a
q6168d550,d61d4c878
q6168d550,d6165b4a6
q6168d550,d61d639a6
q6168d550,d61d75494
q6168d550,d61d77596
q6168cd6c,d6166f87a
q6168cd6c,d61d4fcb2
q6168cd6c,d6166041a
q6168cd6c,d61d5b4b8
q6168cd6c,d61d79a9e
q6168cd6c,d61d5d6fa
q6168cd6c,d61d553b0
q6168cd6c,d61d5c0c0
q6168cd6c,d61d522fa
q6168cd6c,d6166b856
q6165eaa2,d61d8b8d4
q6165eaa2,d61d4e646
q6165eaa2,d6165eaf2
q6165eaa2,d61e25042
q6165eaa2,d61d6b9f8
q6165eaa2,d61deb0b8
q6165eaa2,d61e91d5a
q6165eaa2,d61d45aaa
q6165eaa2,d61d127fe
q6165eaa2,d61e0f3e6
q6169c1b8,d61d4e7c2
q6169c1b8,d61cf280a
q6169c1b8,d61dbde7e
q6169c1b8,d6167299e
q6169c1b8,d61cf1f0e
q6169c1b8,d61e3d1c4
q6169c1b8,d61d7477e
q6169c1b8,d61e46404
q6169c1b8,d61d44f60
q6169c1b8,d61d89d90
q6165a484,d61d4f8ca
q6165a484,d61da59e6
q6165a484,d61d75494
q6165a484,d61e0e504
q6165a484,d61d2d770
q6165a484,d61d8335a
q6165a484,d61d7e7c4
q6165a484,d6165bc6c
q6165a484,d6168290c
q6165a484,d61d0ed48
q616637b4,d61d71fb0
q616637b4,d61d7bef2
q616637b4,d61d816a4
q616637b4,d61d62a42
q616637b4,d61d2a23c
q616637b4,d61e9b3be
q616637b4,d61dd129e
q616637b4,d61d7cb40
q616637b4,d616a5204
q616637b4,d61d3728e
q6167462c,d61cfe146
q6167462c,d61672dae
q6167462c,d61de2f94
q6167462c,d61d00590
q6167462c,d6165da30
q6167462c,d61d10666
q6167462c,d61d3d2ce
q6167462c,d616868fe
q6167462c,d61dcdbbc
q6167462c,d61d3b960
q61658062,d616580b2
q61658062,d6166c440
q61658062,d616530f8
q61658062,d61d32252
q61658062,d61e9a59a
q61658062,d61cf3c28
q61658062,d6166e6c8
q61658062,d61d40140
q61658062,d6165556a
q61658062,d61d640e0
q61688da2,d6168effe
q61688da2,d61e9960e
q61688da2,d61d4f438
q61688da2,d61da827c
q61688da2,d61d479f4
q61688da2,d6165ef8e
q61688da2,d6166224c
q61688da2,d61d4021c
q61688da2,d61d490ba
q61688da2,d61e090ea
q6168ad50,d61cf7436
q6168ad50,d61dab1f2
q6168ad50,d61d516fc
q6168ad50,d61670572
q6168ad50,d61dc242e
q6168ad50,d61d56ed6
q6168ad50,d61d85704
q6168ad50,d61657130
q6168ad50,d61d5e50a
q6168ad50,d61dd8ed6
q616a6d98,d61d13dac
q616a6d98,d61e65a3e
q616a6d98,d61cf84b2
q616a6d98,d61d953f2
q616a6d98,d616950b6
q616a6d98,d6165270c
q616a6d98,d61d45532
q616a6d98,d61e40554
q616a6d98,d61e3b43c
q616a6d98,d61d6d2c6
q6165d3aa,d6165b23a
q6165d3aa,d61d6206a
q6165d3aa,d61e1ee40
q6165d3aa,d61650ce0
q6165d3aa,d61d71a42
q6165d3aa,d61d52232
q6165d3aa,d61d54208
q6165d3aa,d61d404ec
q6165d3aa,d61d5adb0
q6165d3aa,d61e487cc
q61686dae,d616668f6
q61686dae,d61d16e6c
q61686dae,d61651758
q61686dae,d61d08a74
q61686dae,d61e13392
q61686dae,d61d3b56e
q61686dae,d61cefdb2
q61686dae,d61d6fcba
q61686dae,d61d97094
q61686dae,d61d79cce
q616a9ae8,d61674046
q616a9ae8,d61d88490
q616a9ae8,d61e2557e
q616a9ae8,d61d6ecc0
q616a9ae8,d61650524
q616a9ae8,d61e28986
q616a9ae8,d61e8b0ea
q616a9ae8,d61e32e2c
q616a9ae8,d61e89f24
q616a9ae8,d61d2d1f8
q61682ab0,d6165241e
q61682ab0,d61d55054
q61682ab0,d61d3c432
q61682ab0,d61d2cd34
q61682ab0,d61cfb702
q61682ab0,d61d00496
q61682ab0,d61e19120
q61682ab0,d61e1b86c
q61682ab0,d61d4d980
q61682ab0,d61d4984e
q6168c5e2,d6165db98
q6168c5e2,d61e2a77c
q6168c5e2,d616606d6
q6168c5e2,d6167082e
q6168c5e2,d61d2c4b0
q6168c5e2,d61d95280
q6168c5e2,d6165525e
q6168c5e2,d61d3d706
q6168c5e2,d61d3acd6
q6168c5e2,d61d4308e
q61662dc8,d61d4308e
q61662dc8,d61e2a77c
q61662dc8,d61cf34c6
q61662dc8,d61ddd210
q61662dc8,d61db3a78
q61662dc8,d6165525e
q61662dc8,d61d3d5bc
q61662dc8,d61d95280
q61662dc8,d61d2c4b0
q61662dc8,d61dcf67e
q6165ff74,d61dbf544
q6165ff74,d6165853a
q6165ff74,d6167248a
q6165ff74,d61d47bca
q6165ff74,d61d8be6a
q6165ff74,d61d0f306
q6165ff74,d61d867b2
q6165ff74,d61656ce4
q6165ff74,d61dcf962
q6165ff74,d6165bc6c
q616aa420,d61d74ff8
q616aa420,d61d869b0
q616aa420,d61d53c40
q616aa420,d61d562b0
q616aa420,d61d53af6
q616aa420,d61dbc920
q616aa420,d61d9f550
q616aa420,d61d38616
q616aa420,d61d8c270
q616aa420,d61673dee
q616965d8,d61dbde7e
q616965d8,d61d81258
q616965d8,d61d7ec88
q616965d8,d61db1214
q616965d8,d61d68794
q616965d8,d61e52e7a
q616965d8,d61d3973c
q616965d8,d61d690f4
q616965d8,d61db6b9c
q616965d8,d61cf280a
q61695070,d61ea9748
q61695070,d61e1d8a6
q61695070,d61d79b7a
q61695070,d61d6d2c6
q61695070,d6165270c
q61695070,d616950b6
q61695070,d61d01620
q61695070,d61db17dc
q61695070,d61d45532
q61695070,d61d8a966
q6169ffb6,d6164fd9a
q6169ffb6,d61dcf962
q6169ffb6,d61d58ce0
q6169ffb6,d6167248a
q6169ffb6,d61d47bca
q6169ffb6,d6165b23a
q6169ffb6,d61d08b64
q6169ffb6,d61e61de4
q6169ffb6,d61ddcb30
q6169ffb6,d61d6206a
q616761c0,d6167048c
q616761c0,d61da9438
q616761c0,d61650380
q616761c0,d61cfe5b0
q616761c0,d61d2c294
q616761c0,d61d55d6a
q616761c0,d61db810e
q616761c0,d61dfe456
q616761c0,d61d4e024
q616761c0,d61e23c24
q61661a9a,d61661aea
q61661a9a,d61da3b1e
q61661a9a,d61d53af6
q61661a9a,d61da901e
q61661a9a,d6165e052
q61661a9a,d61d53c40
q61661a9a,d6164fb42
q61661a9a,d61d72460
q61661a9a,d61d43b92
q61661a9a,d61d562b0
q616a09d4,d61dc2ffa
q616a09d4,d61dd8166
q616a09d4,d616a0a24
q616a09d4,d61d5ef82
q616a09d4,d61cff67c
q616a09d4,d616753c4
q616a09d4,d61dcf764
q616a09d4,d616668f6
q616a09d4,d6166a47e
q616a09d4,d61e06b88
q6166474a,d6166479a
q6166474a,d61d9f550
q6166474a,d61cf0b04
q6166474a,d61dcf764
q6166474a,d61d09fd2
q6166474a,d61d4bb80
q6166474a,d61d53af6
q6166474a,d61dfa77a
q6166474a,d61d8c270
q6166474a,d61cf6cac
q616a45ca,d6165c4fa
q616a45ca,d61e1304a
q616a45ca,d61d4dd2c
q616a45ca,d61cfcfc6
q616a45ca,d61dd3fd0
q616a45ca,d61ea7c36
q616a45ca,d61ea45ea
q616a45ca,d61d5479e
q616a45ca,d61d8bb9a
q616a45ca,d61dd8968
q61673038,d61e1073c
q61673038,d6167309c
q61673038,d61def294
q61673038,d61d71c54
q61673038,d61e090ea
q61673038,d61d7e7c4
q61673038,d61d3c16c
q61673038,d6165cdec
q61673038,d61652ad6
q61673038,d61d6f1e8
q61671918,d61d67d6c
q61671918,d61d10c92
q61671918,d61d816a4
q61671918,d61da241c
q61671918,d61d9dda4
q61671918,d61e89d1c
q61671918,d61d18adc
q61671918,d61d96720
q61671918,d61d49a42
q61671918,d61d41568
q61691948,d61691998
q61691948,d61d5487a
q61691948,d61d0fd74
q61691948,d61d2f4b2
q61691948,d61d41374
q61691948,d61d3394a
q61691948,d61e1c4f6
q61691948,d61674780
q61691948,d61ea71f0
q61691948,d61dc8900
q61683fc8,d61d8e890
q61683fc8,d61e1ed50
q61683fc8,d61d00bbc
q61683fc8,d61658864
q61683fc8,d61d08a74
q61683fc8,d61ddbd84
q61683fc8,d61da7584
q61683fc8,d61d814a6
q61683fc8,d616540de
q61683fc8,d61669786
q616944ae,d61dcf962
q616944ae,d6167248a
q616944ae,d61656ce4
q616944ae,d61d5fefa
q616944ae,d6165b23a
q616944ae,d61d404ec
q616944ae,d61d5c25a
q616944ae,d61cf2e2c
q616944ae,d61dd0fc4
q616944ae,d61d74e9a
q616557d6,d61655808
q616557d6,d6165fd12
q616557d6,d61d50a4a
q616557d6,d61da8696
q616557d6,d61dad808
q616557d6,d61d86cc6
q616557d6,d61d4afa0
q616557d6,d61d76d1c
q616557d6,d616644ac
q616557d6,d61df8826
q6167e550,d61d4611c
q6167e550,d61d938f4
q6167e550,d61db6b9c
q6167e550,d61d02246
q6167e550,d61cf33e0
q6167e550,d61d3b794
q6167e550,d6166fae6
q6167e550,d61da6350
q6167e550,d61df331c
q6167e550,d61dc6952
q61680d3c,d61680d6e
q61680d3c,d61d3f8bc
q61680d3c,d61d2d888
q61680d3c,d61d531dc
q61680d3c,d61d40b5e
q61680d3c,d61d47fda
q61680d3c,d61d37e00
q61680d3c,d61db0b2a
q61680d3c,d61d8dada
q61680d3c,d61d9a1a4
q616937d4,d61dcbef2
q616937d4,d61e9225a
q616937d4,d61d34408
q616937d4,d61e0de88
q616937d4,d61d5559a
q616937d4,d61d553b0
q616937d4,d61e9d6aa
q616937d4,d6166041a
q616937d4,d61d6f954
q616937d4,d61de3480
q6168508a,d61d782a2
q6168508a,d61d37f7c
q6168508a,d61dd0c54
q6168508a,d6166e6c8
q6168508a,d61e89d1c
q6168508a,d6166a47e
q6168508a,d61d640e0
q6168508a,d61d9dda4
q6168508a,d61d31226
q6168508a,d61657f36
q616a3dc8,d61d2a0f2
q616a3dc8,d61671eea
q616a3dc8,d61d49d58
q616a3dc8,d61db2c4a
q616a3dc8,d616673dc
q616a3dc8,d61cfff00
q616a3dc8,d616662b6
q616a3dc8,d61d85d80
q616a3dc8,d61655bb4
q616a3dc8,d61d359ca
q616a9c1e,d6165c25c
q616a9c1e,d61cf30b6
q616a9c1e,d61d4dc50
q616a9c1e,d61d39d7c
q616a9c1e,d616500ec
q616a9c1e,d616644ac
q616a9c1e,d61df03f6
q616a9c1e,d61d7b362
q616a9c1e,d61e1f3e0
q616a9c1e,d61e3b93c
q6169495e,d61e090ea
q6169495e,d61dd53bc
q6169495e,d61e01afc
q6169495e,d61d49a42
q6169495e,d6166224c
q6169495e,d61cff780
q6169495e,d616673dc
q6169495e,d6165cdec
q6169495e,d61de684c
q6169495e,d61d34b56
q61668930,d61d35808
q61668930,d61d4e56a
q61668930,d6165bf50
q61668930,d61def08c
q61668930,d61d562b0
q61668930,d61df717e
q61668930,d61d7c244
q61668930,d61d74ff8
q61668930,d61d4429a
q61668930,d61d80a38
q61684a04,d61da2782
q61684a04,d6169d40a
q61684a04,d6164fb42
q61684a04,d61d43b92
q61684a04,d61e50e54
q61684a04,d61cfc382
q61684a04,d61db27ea
q61684a04,d61e3f578
q61684a04,d61d94eca
q61684a04,d61dbca42
q6166d26e,d6166d2b4
q6166d26e,d61e16e20
q6166d26e,d61d5dd9e
q6166d26e,d616536fc
q6166d26e,d61d04208
q6166d26e,d61d71b1e
q6166d26e,d61d4f230
q6166d26e,d61d36488
q6166d26e,d61d78dce
q6166d26e,d61d7698e
q61695408,d61d4a078
q61695408,d61dbd2a8
q61695408,d61d7c7b2
q61695408,d61dcf67e
q61695408,d61dff6ee
q61695408,d61dd6ac8
q61695408,d61db2db2
q61695408,d61cfe4ac
q61695408,d61d3d706
q61695408,d61db91d0
q6168c1fa,d61d82e0a
q6168c1fa,d61d665f2
q6168c1fa,d61669786
q6168c1fa,d61d2e33c
q6168c1fa,d61dcfc82
q6168c1fa,d61d4b41e
q6168c1fa,d6169f412
q6168c1fa,d61d820fe
q6168c1fa,d61d5860a
q6168c1fa,d61d35236
q616709d2,d61dcf764
q616709d2,d6166479a
q616709d2,d61d9f550
q616709d2,d61d4bb80
q616709d2,d61cf0b04
q616709d2,d61d67f2e
q616709d2,d61d09fd2
q616709d2,d61de9ab0
q616709d2,d61651dca
q616709d2,d61d562b0
q61694d00,d61651a6e
q61694d00,d61ddcb30
q61694d00,d61d6356e
q61694d00,d61658206
q61694d00,d6165b23a
q61694d00,d61cf3e12
q61694d00,d61d30128
q61694d00,d61d519cc
q61694d00,d61cf2e2c
q61694d00,d61d34408
q616a151e,d61d45316
q616a151e,d61da0e32
q616a151e,d61da241c
q616a151e,d61de7d28
q616a151e,d6166af5a
q616a151e,d61d778e8
q616a151e,d61db1692
q616a151e,d61da5dd8
q616a151e,d61d33328
q616a151e,d6165725c
q61691c68,d61d2d770
q61691c68,d6165bc6c
q61691c68,d61e3da84
q61691c68,d61d604b8
q61691c68,d61e46404
q61691c68,d61dd53bc
q61691c68,d61e1ca96
q61691c68,d616614dc
q61691c68,d61e914d6
q61691c68,d61d70f98
q61683ee2,d61d82504
q61683ee2,d61d96b26
q61683ee2,d61d5dc0e
q61683ee2,d61e0f3e6
q61683ee2,d61d77596
q61683ee2,d61d5d056
q61683ee2,d61da4bae
q61683ee2,d61d68e42
q61683ee2,d61d98700
q61683ee2,d61d2ada4
q616a4b24,d6165db98
q616a4b24,d61d5b0e4
q616a4b24,d61e0de88
q616a4b24,d61e2c81a
q616a4b24,d61dcbef2
q616a4b24,d61d553b0
q616a4b24,d61d5559a
q616a4b24,d61d3fbdc
q616a4b24,d61e9225a
q616a4b24,d61d5839e
q616913b2,d61d5839e
q616913b2,d616913ee
q616913b2,d61d7c49c
q616913b2,d61d6a9fe
q616913b2,d61d42c2e
q616913b2,d61d852b8
q616913b2,d61d3782e
q616913b2,d616539a4
q616913b2,d61d450b4
q616913b2,d61d41cac
q61682cb8,d6167c0d4
q61682cb8,d61e57416
q61682cb8,d61d71a42
q61682cb8,d61cf6266
q61682cb8,d61cf2e2c
q61682cb8,d61d5c85e
q61682cb8,d6165fb0a
q61682cb8,d61658206
q61682cb8,d61d867b2
q61682cb8,d61d30128
q61676332,d61d6be8a
q61676332,d61d140f4
q61676332,d61d3a90c
q61676332,d61d93da4
q61676332,d61d3bc4e
q61676332,d61651f82
q61676332,d61da6710
q61676332,d61d43804
q61676332,d61dc84be
q61676332,d6167e6f4
q61690976,d61d3fd94
q61690976,d61dbcee8
q61690976,d61d33328
q61690976,d61e89d1c
q61690976,d61d575fc
q61690976,d61dbb854
q61690976,d61d58e48
q61690976,d61cf30b6
q61690976,d61dbe464
q61690976,d61dac890
q61667382,d616673dc
q61667382,d61d3ebe2
q61667382,d61dba49a
q61667382,d616515c8
q61667382,d61da255c
q61667382,d61cf3836
q61667382,d61d558ce
q61667382,d61668660
q61667382,d61d4eba0
q61667382,d61de7012
q616775c0,d61e8e538
q616775c0,d61d38418
q616775c0,d61d7166e
q616775c0,d61d97094
q616775c0,d61d00824
q616775c0,d61d08a74
q616775c0,d61677610
q616775c0,d61e91c6a
q616775c0,d61d818b6
q616775c0,d61d9bb8a
q61689220,d6166d64c
q61689220,d61cf3836
q61689220,d61d4f8ca
q61689220,d61d7d2b6
q61689220,d61d0ed48
q61689220,d61ddb53c
q61689220,d61da8696
q61689220,d61d8335a
q61689220,d61d49a42
q61689220,d61d58e48
q6166e79a,d61cfff00
q6166e79a,d61da5dd8
q6166e79a,d6166af5a
q6166e79a,d61cff1ae
q6166e79a,d61da241c
q6166e79a,d61d45316
q6166e79a,d6166a258
q6166e79a,d61d49a42
q6166e79a,d61db4464
q6166e79a,d61d8b7e4
q61672228,d616606d6
q61672228,d61d4a078
q61672228,d61cf8322
q61672228,d61d16e6c
q61672228,d61d3d706
q61672228,d61d30df8
q61672228,d61d42c2e
q61672228,d61d6542c
q61672228,d61dd6ac8
q61672228,d61e9225a
q6168f6ca,d61d99f92
q6168f6ca,d6167248a
q6168f6ca,d61d47bca
q6168f6ca,d61dcf962
q6168f6ca,d6165385a
q6168f6ca,d61d0f306
q6168f6ca,d61dbf544
q6168f6ca,d61d8be6a
q6168f6ca,d61d4f05a
q6168f6ca,d61d2b934
q61659278,d61d6f954
q61659278,d616592c8
q61659278,d6166125c
q61659278,d61d66390
q61659278,d61db3a78
q61659278,d61d36cf8
q61659278,d61d694fa
q61659278,d61db74fc
q61659278,d61dc75d2
q61659278,d61d358da
q61680fd0,d61681034
q61680fd0,d61d46540
q61680fd0,d61d3e4b2
q61680fd0,d61e2a880
q61680fd0,d61d0f6d0
q61680fd0,d61d2ab7e
q61680fd0,d61d037e0
q61680fd0,d61662f44
q61680fd0,d61d41d7e
q61680fd0,d61cf1270
q6166ba0e,d6166ba4a
q6166ba0e,d61e14f58
q6166ba0e,d61dd56a0
q6166ba0e,d61d5d6fa
q6166ba0e,d61d2b268
q6166ba0e,d61d568a0
q6166ba0e,d61d94c36
q6166ba0e,d61d3f362
q6166ba0e,d61dd74c8
q6166ba0e,d61d625ba
q6165a312,d61dee060
q6165a312,d6165a36c
q6165a312,d61d3e610
q6165a312,d61cfb3d8
q6165a312,d61d89a98
q6165a312,d61693414
q6165a312,d6167082e
q6165a312,d61d49d58
q6165a312,d61d42c2e
q6165a312,d61d014d6
q616550f6,d61655132
q616550f6,d61d13cb2
q616550f6,d61670d60
q616550f6,d61d670c4
q616550f6,d61d80042
q616550f6,d61d2912a
q616550f6,d61d57a48
q616550f6,d61d3ab46
q616550f6,d61d73748
q616550f6,d61d4163a
q6168a7a6,d61657de2
q6168a7a6,d61d95abe
q6168a7a6,d616644ac
q6168a7a6,d61d677c2
q6168a7a6,d6165d030
q6168a7a6,d61dfd22c
q6168a7a6,d61e278ec
q6168a7a6,d61db8ea6
q6168a7a6,d61e2511e
q6168a7a6,d61d568a0
q6169f174,d616913ee
q6169f174,d61e00256
q6169f174,d61d5839e
q6169f174,d61ddd210
q6169f174,d61de7bc0
q6169f174,d61dcbef2
q6169f174,d61d6a9fe
q6169f174,d61d7274e
q6169f174,d61da4bae
q6169f174,d61d5559a
q61682722,d6165385a
q61682722,d61d6206a
q61682722,d6167248a
q61682722,d61d7d482
q61682722,d61d47bca
q61682722,d61d2b934
q61682722,d61dcf962
q61682722,d6165ba6e
q61682722,d6165853a
q61682722,d61d37e00
q61674c08,d61d74a4e
q61674c08,d616580b2
q61674c08,d61e17f1e
q61674c08,d61dd95ca
q61674c08,d61d32252
q61674c08,d6165556a
q61674c08,d61cf3c28
q61674c08,d61d40140
q61674c08,d616530f8
q61674c08,d61d49e66
q61663a2a,d61653e4a
q61663a2a,d616556b4
q61663a2a,d61df2a0c
q61663a2a,d61d305d8
q61663a2a,d61ddb62c
q61663a2a,d61e0adb4
q61663a2a,d61de8778
q61663a2a,d61d62812
q61663a2a,d61d66912
q61663a2a,d61e464fe
q61691510,d61d2d068
q61691510,d61db856e
q61691510,d6165d666
q61691510,d61d64676
q61691510,d61de40ba
q61691510,d61d6e95a
q61691510,d61659156
q61691510,d61de56c2
q61691510,d61d7258c
q61691510,d61d3da3a
q61688032,d61661aea
q61688032,d61da3b1e
q61688032,d61d53af6
q61688032,d61da901e
q61688032,d6165e052
q61688032,d61d53c40
q61688032,d6164fb42
q61688032,d61d72460
q61688032,d61d43b92
q61688032,d61d562b0
q61698054,d61e104b2
q61698054,d6166369c
q61698054,d6165d4fe
q61698054,d61e9960e
q61698054,d61d70f98
q61698054,d61d530ba
q61698054,d61d90d8e
q61698054,d6165737e
q61698054,d61dab116
q61698054,d61d2f5ac
q616ac04a,d61dcbef2
q616ac04a,d61e0de88
q616ac04a,d61e2c81a
q616ac04a,d61e9225a
q616ac04a,d61d67272
q616ac04a,d61d6a9fe
q616ac04a,d6165db98
q616ac04a,d61d5c0c0
q616ac04a,d6166b856
q616ac04a,d61662620
q61693d10,d61d43b92
q61693d10,d6164fb42
q61693d10,d61d13cb2
q61693d10,d6165e052
q61693d10,d61d2f20a
q61693d10,d61d610de
q61693d10,d61d4684c
q61693d10,d61d49b82
q61693d10,d6169d40a
q61693d10,d61d8796e
q61696aec,d61d358da
q61696aec,d61d11cfa
q61696aec,d61dee290
q61696aec,d61d46d2e
q61696aec,d61d451cc
q61696aec,d6166041a
q61696aec,d61dd74c8
q61696aec,d61dc75d2
q61696aec,d61d535b0
q61696aec,d616606d6
q6168ab34,d61d5b0e4
q6168ab34,d6165db98
q6168ab34,d61d3acd6
q6168ab34,d61dc620e
q6168ab34,d61d66390
q6168ab34,d61d4308e
q6168ab34,d61d4ca58
q6168ab34,d61d3d706
q6168ab34,d61d8b38e
q6168ab34,d61cf706c
q6165dfee,d61d80e70
q6165dfee,d61cf6cac
q6165dfee,d61d94358
q6165dfee,d6165e052
q6165dfee,d61d52408
q6165dfee,d61d5d056
q6165dfee,d61dbca42
q6165dfee,d61d0e154
q6165dfee,d61d53ec0
q6165dfee,d61dd18de
q61698360,d61d73946
q61698360,d61654976
q61698360,d61dd8ca6
q61698360,d61d408ac
q61698360,d6165d2a6
q61698360,d61dd4ca0
q61698360,d61dba8f0
q61698360,d61cef95c
q61698360,d61d96072
q61698360,d61de0a14
q61689694,d61d74580
q61689694,d61654d5e
q61689694,d61d6dea6
q61689694,d61dbde7e
q61689694,d61d4e9d4
q61689694,d61d566ca
q61689694,d61db6b9c
q61689694,d61d298aa
q61689694,d61d36a1e
q61689694,d61dc6952
q61662cc4,d61dd74c8
q61662cc4,d61d358da
q61662cc4,d61d2c4b0
q61662cc4,d61dc75d2
q61662cc4,d6166041a
q61662cc4,d61dc620e
q61662cc4,d61d451cc
q61662cc4,d616521f8
q61662cc4,d61db2218
q61662cc4,d61e35636
q616a6096,d61650524
q616a6096,d61e2557e
q616a6096,d61674046
q616a6096,d61d88490
q616a6096,d61d6ecc0
q616a6096,d61e8b0ea
q616a6096,d61e28986
q616a6096,d61de3f0c
q616a6096,d61dccbf4
q616a6096,d61d294ae
q616575f4,d61e8303e
q616575f4,d61cf8322
q616575f4,d61677610
q616575f4,d61da6260
q616575f4,d61d79e68
q616575f4,d61d7c30c
q616575f4,d61d08a74
q616575f4,d61d61d7c
q616575f4,d61dcf962
q616575f4,d61d46d2e
q616a43cc,d6165c9a0
q616a43cc,d61d72460
q616a43cc,d61de898a
q616a43cc,d61d31a5a
q616a43cc,d61661aea
q616a43cc,d6169d40a
q616a43cc,d61d3d44a
q616a43cc,d61d84e08
q616a43cc,d61da2782
q616a43cc,d61d33f26
q616702de,d616596b0
q616702de,d61d565e4
q616702de,d61dbba2a
q616702de,d61e8303e
q616702de,d61d08a74
q616702de,d61d13fbe
q616702de,d61dd1ae6
q616702de,d61d818b6
q616702de,d61e7fc18
q616702de,d616540de
q616793ac,d61e992f8
q616793ac,d61db3b22
q616793ac,d61e5565c
q616793ac,d61cf2fa8
q616793ac,d61dca6c4
q616793ac,d61e96ad0
q616793ac,d61e7f02e
q616793ac,d61e70204
q616793ac,d61de7a4e
q616793ac,d61e1e2f6
q6165144c,d61d559c8
q6165144c,d61e16e20
q6165144c,d61cef3bc
q6165144c,d61d71b1e
q6165144c,d61651488
q6165144c,d61cfa942
q6165144c,d61dbb854
q6165144c,d61d80e70
q6165144c,d61df14fe
q6165144c,d61d71fb0
q6166e678,d6166e6c8
q6166e678,d61d58e48
q6166e678,d61da4bae
q6166e678,d61e89d1c
q6166e678,d61666450
q6166e678,d61cfff00
q6166e678,d61d640e0
q6166e678,d61d49a42
q6166e678,d6166af5a
q6166e678,d61dba49a
q6166e9d4,d61cf8660
q6166e9d4,d616668f6
q6166e9d4,d61d6017a
q6166e9d4,d61da68dc
q6166e9d4,d61666a22
q6166e9d4,d61d17a42
q6166e9d4,d61df2390
q6166e9d4,d61d803f8
q6166e9d4,d61d43ed0
q6166e9d4,d61cfdcfa
q616a2e28,d61e15df4
q616a2e28,d61d5bfb2
q616a2e28,d6168ea86
q616a2e28,d6166655e
q616a2e28,d61d7a9f8
q616a2e28,d61e8e286
q616a2e28,d61d3fd94
q616a2e28,d61d575fc
q616a2e28,d61dd0c54
q616a2e28,d61d3ac0e
q6166134c,d61d49c72
q6166134c,d61daf8ce
q6166134c,d61d37392
q6166134c,d61d0636e
q6166134c,d61db2c4a
q6166134c,d61dbaf26
q6166134c,d61662f44
q6166134c,d61669894
q6166134c,d61d7b0ba
q6166134c,d61d7a91c
q61654912,d61d9bd24
q61654912,d61deeca4
q61654912,d61d4627a
q61654912,d61654b38
q61654912,d61e343c6
q61654912,d61db090e
q61654912,d61dab45e
q61654912,d61d52ce6
q61654912,d61e2cb94
q61654912,d61dcdbbc
q61678358,d61d58be6
q61678358,d61d483ae
q61678358,d61df14fe
q61678358,d61d71fb0
q61678358,d61d62a42
q61678358,d61d05cf2
q61678358,d61d14e5a
q61678358,d61d3ab46
q61678358,d61dbe464
q61678358,d61d2a23c
q61675748,d61d45fbe
q61675748,d6167082e
q61675748,d61d2cb9a
q61675748,d61d536dc
q61675748,d61dd8ed6
q61675748,d61da347a
q61675748,d61d56c38
q61675748,d61d42c2e
q61675748,d6166125c
q61675748,d61db74fc
q6169a886,d616881ae
q6169a886,d61dd1c08
q6169a886,d61d59b54
q6169a886,d61de7968
q6169a886,d61cf6b30
q6169a886,d6167c390
q6169a886,d61d58538
q6169a886,d61673f24
q6169a886,d61d6ffa8
q6169a886,d61657b12
q6167f608,d6167f63a
q6167f608,d61d2b844
q6167f608,d6165b23a
q6167f608,d61e25042
q6167f608,d61d708ea
q6167f608,d61df4280
q6167f608,d61dddbc0
q6167f608,d61d431c4
q6167f608,d61d037e0
q6167f608,d61d3f4f2
q61674992,d61d938f4
q61674992,d616749e2
q61674992,d61e61402
q61674992,d61d5e5f0
q61674992,d6166d174
q61674992,d61e97ade
q61674992,d61d6a51c
q61674992,d61d917c0
q61674992,d61e52e7a
q61674992,d61ddd562
q616a7d38,d61dc5a8e
q616a7d38,d61d2d068
q616a7d38,d61daf306
q616a7d38,d6165d666
q616a7d38,d61ddcefa
q616a7d38,d61d46a22
q616a7d38,d61e8325a
q616a7d38,d61d96612
q616a7d38,d61de14aa
q616a7d38,d61d7258c
q616610e0,d61d1579c
q616610e0,d61d4ef74
q616610e0,d61d6d5d2
q616610e0,d61d8c270
q616610e0,d616500ec
q616610e0,d61d75b24
q616610e0,d61d014d6
q616610e0,d61d8642e
q616610e0,d61d09690
q616610e0,d61d3f7a4
q6169d9be,d6169da04
q6169d9be,d61da901e
q6169d9be,d61dada38
q6169d9be,d61d565e4
q6169d9be,d61dec6f2
q6169d9be,d61dca142
q6169d9be,d61e2a880
q6169d9be,d61d5aa18
q6169d9be,d61d08a74
q6169d9be,d61d4f438
q616876d2,d61667ce2
q616876d2,d61cf6cac
q616876d2,d61d2a322
q616876d2,d61d6f710
q616876d2,d61dd5cc2
q616876d2,d61daf306
q616876d2,d61cfdbf6
q616876d2,d6165e052
q616876d2,d616821f0
q616876d2,d61da1fb2
q6168617e,d61661aea
q6168617e,d61dd5cc2
q6168617e,d616821f0
q6168617e,d61e958ce
q6168617e,d61d13cb2
q6168617e,d61d94eca
q6168617e,d6168ea86
q6168617e,d61d4fac8
q6168617e,d61e3ed8a
q6168617e,d6166751c
q616715e4,d61dcf764
q616715e4,d61dcce42
q616715e4,d61d741a2
q616715e4,d61667ce2
q616715e4,d61d370c2
q616715e4,d61d9569a
q616715e4,d61651dca
q616715e4,d61cfdbf6
q616715e4,d61d014d6
q616715e4,d61d1b868
q6165394a,d616539a4
q6165394a,d61d36960
q6165394a,d61d68e42
q6165394a,d61dbec5c
q6165394a,d6165defe
q6165394a,d61d34d22
q6165394a,d61d3fccc
q6165394a,d61d73ee6
q6165394a,d61d639a6
q6165394a,d61d47418
q6168740c,d61dcf764
q6168740c,d6166479a
q6168740c,d61d9f550
q6168740c,d61651dca
q6168740c,d61d4bb80
q6168740c,d61d3f7a4
q6168740c,d61cf0b04
q6168740c,d61d09fd2
q6168740c,d61d67f2e
q6168740c,d61d562b0
q6167294e,d61654976
q6167294e,d61d316ae
q6167294e,d61d314d8
q6167294e,d6165ef8e
q6167294e,d61dd2108
q6167294e,d61da142c
q6167294e,d61d30808
q6167294e,d61cfe4ac
q6167294e,d61de64b4
q6167294e,d61d3110e
q6169e3c8,d61691998
q6169e3c8,d61d0fd74
q6169e3c8,d61d8420a
q6169e3c8,d61d50f40
q6169e3c8,d61d5487a
q6169e3c8,d61d39002
q6169e3c8,d61dab45e
q6169e3c8,d61d4ca58
q6169e3c8,d61e090ea
q6169e3c8,d61dbba2a
q61682baa,d61db31a4
q61682baa,d61de7d28
q61682baa,d61d2f20a
q61682baa,d61daa73e
q61682baa,d61d2e92c
q61682baa,d61d52c32
q61682baa,d61d02142
q61682baa,d61d50e46
q61682baa,d61df8448
q61682baa,d61de14aa
q6167c476,d61d938f4
q6167c476,d61da6350
q6167c476,d61dc4530
q6167c476,d61d4e9d4
q6167c476,d61df331c
q6167c476,d61ea5e18
q6167c476,d61d74580
q6167c476,d61cfd8cc
q6167c476,d61d72b2c
q6167c476,d61d3110e
q6169d16c,d61d3b56e
q6169d16c,d61d3c16c
q6169d16c,d61d70f98
q6169d16c,d61d60d0a
q6169d16c,d61cf45f6
q6169d16c,d61653d14
q6169d16c,d61664b46
q6169d16c,d61d2f5ac
q6169d16c,d61e104b2
q6169d16c,d61d90d8e
q6167af36,d61672692
q6167af36,d6165a6dc
q6167af36,d61d2bede
q6167af36,d61d47e04
q6167af36,d6166f1ae
q6167af36,d61d3982c
q6167af36,d61da10da
q6167af36,d61de0140
q6167af36,d61d35808
q6167af36,d61d38b8e
q616a1f1e,d61650830
q616a1f1e,d61d8cb12
q616a1f1e,d61daa81a
q616a1f1e,d61d3cd60
q616a1f1e,d61dd53bc
q616a1f1e,d61d33148
q616a1f1e,d61dfbd46
q616a1f1e,d61660140
q616a1f1e,d61e46404
q616a1f1e,d61d92bf2
q6168b34a,d61dcd93c
q6168b34a,d6167c868
q6168b34a,d61d73202
q6168b34a,d61de4f10
q6168b34a,d61d3763a
q6168b34a,d61d5034c
q6168b34a,d61d67f2e
q6168b34a,d616547b4
q6168b34a,d61d89ee4
q6168b34a,d6165cdec
q61669fa6,d61669fec
q61669fa6,d61d53a06
q61669fa6,d61d9416e
q61669fa6,d61e80852
q61669fa6,d61e36a68
q61669fa6,d61e3a5aa
q61669fa6,d61e163a8
q61669fa6,d61cf1a9a
q61669fa6,d61d2db08
q61669fa6,d61d3b56e
q6165f6d2,d61da770a
q6165f6d2,d61d36564
q6165f6d2,d61d3342c
q6165f6d2,d61e35dfc
q6165f6d2,d61de1ed2
q6165f6d2,d61d3c7b6
q6165f6d2,d6165525e
q6165f6d2,d61e1274e
q6165f6d2,d6166041a
q6165f6d2,d61d58e48
q6168c0c4,d61d29ba2
q6168c0c4,d61d2c73a
q6168c0c4,d61d4aac8
q6168c0c4,d6165f11e
q6168c0c4,d61d5c76e
q6168c0c4,d61d02ea8
q6168c0c4,d61d7a6b0
q6168c0c4,d61df7552
q6168c0c4,d61cf40c4
q6168c0c4,d61d2d5b8
q61684f0e,d6167a54a
q61684f0e,d61d97652
q61684f0e,d61d2d1f8
q61684f0e,d61df3bdc
q61684f0e,d61d308da
q61684f0e,d61cf35de
q61684f0e,d61dcd93c
q61684f0e,d61da9b2c
q61684f0e,d61d61016
q61684f0e,d61670f9a
q616ad0b2,d61d5bfb2
q616ad0b2,d61d8031c
q616ad0b2,d61e15df4
q616ad0b2,d61d3d1ac
q616ad0b2,d61da4bae
q616ad0b2,d61d047bc
q616ad0b2,d61e35faa
q616ad0b2,d61d196b2
q616ad0b2,d61660dfc
q616ad0b2,d61651488
q6166cfd0,d616592c8
q6166cfd0,d61d66390
q6166cfd0,d61d6f954
q6166cfd0,d6166125c
q6166cfd0,d61db3a78
q6166cfd0,d6167082e
q6166cfd0,d6165b4a6
q6166cfd0,d61d3acd6
q6166cfd0,d61d36960
q6166cfd0,d61d36cf8
q6168461c,d6167a824
q6168461c,d61d535b0
q6168461c,d61d38418
q6168461c,d61d65170
q6168461c,d61e91c6a
q6168461c,d61dad222
q6168461c,d61e13392
q6168461c,d61e33dd6
q6168461c,d61d97094
q6168461c,d61d3034e
q61661982,d61d47cec
q61661982,d616619d2
q61661982,d6167c228
q61661982,d61d6a6d4
q61661982,d61d5b59e
q61661982,d61662094
q61661982,d61667256
q61661982,d61d5b378
q61661982,d61d89246
q61661982,d61d298aa
q61676b0c,d6167309c
q61676b0c,d61def294
q61676b0c,d61d8e700
q61676b0c,d61d3196a
q61676b0c,d61cf026c
q61676b0c,d61e1073c
q61676b0c,d61d6cee8
q61676b0c,d61dd1ae6
q61676b0c,d61db9b6c
q61676b0c,d61d2dd92
q6169311c,d61d3f7a4
q6169311c,d61652ff4
q6169311c,d61d53af6
q6169311c,d61cfdad4
q6169311c,d61dbc920
q6169311c,d61d562b0
q6169311c,d61d74ff8
q6169311c,d61d53c40
q6169311c,d61ddbd84
q6169311c,d61d8cb12
q616a8c4c,d61659ab6
q616a8c4c,d61da8696
q616a8c4c,d61e5a97c
q616a8c4c,d61e8ecea
q616a8c4c,d61d790ee
q616a8c4c,d6165737e
q616a8c4c,d61ddb53c
q616a8c4c,d61d6e694
q616a8c4c,d61d40ed8
q616a8c4c,d61d4b41e
q616a117c,d6167a54a
q616a117c,d61d46540
q616a117c,d61d308da
q616a117c,d61670f9a
q616a117c,d61da7804
q616a117c,d61cf35de
q616a117c,d6167e460
q616a117c,d61da9b2c
q616a117c,d61e33962
q616a117c,d61de4f10
q61679f3c,d61ddbf14
q61679f3c,d61679f8c
q61679f3c,d61cf772e
q61679f3c,d61d53c40
q61679f3c,d61d44f60
q61679f3c,d61d74026
q61679f3c,d61d89d90
q61679f3c,d61d4db24
q61679f3c,d6165737e
q61679f3c,d61d5b59e
q6167bf30,d61e8debc
q6167bf30,d61dc75d2
q6167bf30,d61df4190
q6167bf30,d61e2c9a0
q6167bf30,d61d34d22
q6167bf30,d61d3ba6e
q6167bf30,d61e35dfc
q6167bf30,d61d08132
q6167bf30,d61d5b1d4
q6167bf30,d61db2218
q61687f38,d61659f02
q61687f38,d61d917c0
q61687f38,d61d84430
q61687f38,d61e8a71c
q61687f38,d61ddf6c8
q61687f38,d61d5e5f0
q61687f38,d61da8696
q61687f38,d61668eda
q61687f38,d61d6a058
q61687f38,d61d59e6a
q6166a41a,d61d37f7c
q6166a41a,d6166a47e
q6166a41a,d61dd0c54
q6166a41a,d6166e6c8
q6166a41a,d61e89d1c
q6166a41a,d61d640e0
q6166a41a,d6165d148
q6166a41a,d616631ec
q6166a41a,d61df65a8
q6166a41a,d61d782a2
q61693f90,d61d45942
q61693f90,d61cf3f02
q61693f90,d6165e9e4
q61693f90,d61d4d7d2
q61693f90,d6165b23a
q61693f90,d61e1ee40
q61693f90,d61d54208
q61693f90,d61650ce0
q61693f90,d61d76f4c
q61693f90,d61d744c2
q6166ff6e,d61d37392
q6166ff6e,d61d4f30c
q6166ff6e,d6165bc6c
q6166ff6e,d61e243f4
q6166ff6e,d61e3b93c
q6166ff6e,d61663980
q6166ff6e,d61e5e6c6
q6166ff6e,d61dc07fa
q6166ff6e,d61d3d706
q6166ff6e,d61dd2dec
q616710b2,d61671120
q616710b2,d61d7a6b0
q616710b2,d61e930d8
q616710b2,d61d938f4
q616710b2,d61655bb4
q616710b2,d61d3a65a
q616710b2,d61d02246
q616710b2,d61cf33e0
q616710b2,d61d68794
q616710b2,d61d8b532
q616868b8,d61d10666
q616868b8,d616868fe
q616868b8,d61d3772a
q616868b8,d61cfd642
q616868b8,d61db19bc
q616868b8,d61e6e792
q616868b8,d61d1ea0e
q616868b8,d61d7fc28
q616868b8,d61d71060
q616868b8,d61cfa6c2
q61677282,d61d46ff4
q61677282,d6165f254
q61677282,d61dd2108
q61677282,d61d1b868
q61677282,d61d196b2
q61677282,d61d323a6
q61677282,d61d9d0c0
q61677282,d61d80e70
q61677282,d61dbe0b8
q61677282,d61cf32dc
q6167b986,d61687736
q6167b986,d61d014d6
q6167b986,d61d698f6
q6167b986,d61667ce2
q6167b986,d61d47eea
q6167b986,d61cf32dc
q6167b986,d61dcf764
q6167b986,d61d314d8
q6167b986,d61663bec
q6167b986,d61d71fb0
q6165894a,d61d53ff6
q6165894a,d61de7d28
q6165894a,d61ddd99a
q6165894a,d61d45316
q6165894a,d61d02142
q6165894a,d6166af5a
q6165894a,d61da241c
q6165894a,d61da5dd8
q6165894a,d61d778e8
q6165894a,d61da0e32
q6166b266,d61cfc8fa
q6166b266,d61dd2dec
q6166b266,d61d7d2b6
q6166b266,d61d2dd92
q6166b266,d6166b2c0
q6166b266,d61655a2e
q6166b266,d61d566ca
q6166b266,d61654d5e
q6166b266,d6165737e
q6166b266,d61d43908
q616985fe,d61d96928
q616985fe,d61da9ece
q616985fe,d61da9546
q616985fe,d61d29cb0
q616985fe,d61d80632
q616985fe,d61d48ffc
q616985fe,d61d934f8
q616985fe,d61dab8dc
q616985fe,d6166ace4
q616985fe,d61d4ca58
q6166fcc6,d61dbe464
q6166fcc6,d61dce62a
q6166fcc6,d616509c0
q6166fcc6,d61df14fe
q6166fcc6,d61d14e5a
q6166fcc6,d61d9f47e
q6166fcc6,d61e532a8
q6166fcc6,d61d2d068
q6166fcc6,d61dc5a8e
q6166fcc6,d61da142c
q61672c96,d61d316ae
q61672c96,d61d505b8
q61672c96,d6165c626
q61672c96,d61d8335a
q61672c96,d61de98ee
q61672c96,d6165ef8e
q61672c96,d61655808
q61672c96,d61cf8f20
q61672c96,d61d4021c
q61672c96,d61ddb53c
q6169dacc,d6167ace8
q6169dacc,d61cf0de8
q6169dacc,d61d72b2c
q6169dacc,d61da3c36
q6169dacc,d61d827de
q6169dacc,d61cf06f4
q6169dacc,d61de35a2
q6169dacc,d61670572
q6169dacc,d61d575fc
q6169dacc,d61d4d430
q616a0d6c,d61dda4a2
q616a0d6c,d61d697d4
q616a0d6c,d61659c0a
q616a0d6c,d61e1f3e0
q616a0d6c,d61df73fe
q616a0d6c,d61e26406
q616a0d6c,d61cf66d0
q616a0d6c,d61d6fa1c
q616a0d6c,d61d64676
q616a0d6c,d61d40c94
q6166b3ba,d6164fd9a
q6166b3ba,d61d47bca
q6166b3ba,d61dcf962
q6166b3ba,d6167248a
q6166b3ba,d61dccbf4
q6166b3ba,d61cf3f02
q6166b3ba,d61d76f4c
q6166b3ba,d61d08b64
q6166b3ba,d61d5adb0
q6166b3ba,d61d8fee8
q6165dea4,d61d36960
q6165dea4,d616539a4
q6165dea4,d61d34d22
q6165dea4,d6165defe
q6165dea4,d61656fc8
q6165dea4,d61dbec5c
q6165dea4,d61d47418
q6165dea4,d61d76a9c
q6165dea4,d61d73ee6
q6165dea4,d6167aacc
q61665528,d61d6a7c4
q61665528,d616556b4
q61665528,d61db89ce
q61665528,d61d99bdc
q61665528,d61dd138e
q61665528,d61db1ea8
q61665528,d61d0cd22
q61665528,d61de8778
q61665528,d61d9c364
q61665528,d61ddb62c
q61692be0,d61d30808
q61692be0,d61cff1ae
q61692be0,d61d9b1c6
q61692be0,d61db4464
q61692be0,d6166a258
q61692be0,d61e1cbea
q61692be0,d61d42a12
q61692be0,d6165d148
q61692be0,d61d4ece0
q61692be0,d61da4bae
q61657ee6,d61d345fc
q61657ee6,d61cfa56e
q61657ee6,d61d708ea
q61657ee6,d61d18adc
q61657ee6,d61cfcb20
q61657ee6,d61dd97e6
q61657ee6,d61d4edda
q61657ee6,d61d43548
q61657ee6,d61d0be54
q61657ee6,d61d196b2
q6169c794,d6166a820
q6169c794,d61cf32dc
q6169c794,d61d8aa60
q6169c794,d61687736
q6169c794,d61d698f6
q6169c794,d61e8e286
q6169c794,d61e42c3c
q6169c794,d61d1579c
q6169c794,d61d7bef2
q6169c794,d61d99916
q616acb12,d61d388dc
q616acb12,d61650ee8
q616acb12,d616862d2
q616acb12,d61d38a94
q616acb12,d61d49d58
q616acb12,d61d387d8
q616acb12,d616506f0
q616acb12,d61d4ece0
q616acb12,d61cf8b38
q616acb12,d61ddd99a
q6168d0fa,d61d30808
q6168d0fa,d61d49a42
q6168d0fa,d616673dc
q6168d0fa,d61d93e9e
q6168d0fa,d61dc85a4
q6168d0fa,d61cfff00
q6168d0fa,d61dba49a
q6168d0fa,d61da4bae
q6168d0fa,d6168710a
q6168d0fa,d61d83120
q61680abc,d61ddd210
q61680abc,d61d6a9fe
q61680abc,d61de8778
q61680abc,d61d305d8
q61680abc,d61df2a0c
q61680abc,d61d50f40
q61680abc,d61680b16
q61680abc,d61dc75d2
q61680abc,d61daf1b2
q61680abc,d61d9c364
q6166ce54,d6166cea4
q6166ce54,d6165cdec
q6166ce54,d61d6f1e8
q6166ce54,d6167c868
q6166ce54,d61664326
q6166ce54,d61e1073c
q6166ce54,d616769d6
q6166ce54,d61d3cba8
q6166ce54,d6167048c
q6166ce54,d61d66bec
q616578a6,d61de7206
q616578a6,d61d55054
q616578a6,d6168290c
q616578a6,d61dd1ae6
q616578a6,d61d34b56
q616578a6,d61d297ce
q616578a6,d61654976
q616578a6,d61d7e7c4
q616578a6,d61cfd99e
q616578a6,d61d89a98
q616aa042,d61d35808
q616aa042,d61d2912a
q616aa042,d61d38d32
q616aa042,d61d53ec0
q616aa042,d61d5e078
q616aa042,d61d13cb2
q616aa042,d6166bc7a
q616aa042,d616596b0
q616aa042,d61d7b286
q616aa042,d6164fb42
q6168c8da,d61e99514
q6168c8da,d61d4611c
q6168c8da,d61d9e754
q6168c8da,d61655bb4
q6168c8da,d61cfd8cc
q6168c8da,d6168290c
q6168c8da,d61d8031c
q6168c8da,d61d36a1e
q6168c8da,d61d48642
q6168c8da,d61d89c14
q61650326,d61d64676
q61650326,d61659156
q61650326,d61dc5a8e
q61650326,d61ddcefa
q61650326,d61d46a22
q61650326,d6165d666
q61650326,d61d774a6
q61650326,d61d6c308
q61650326,d61d6b9f8
q61650326,d6166bf90
q616903a4,d6165f5ec
q616903a4,d61d8452a
q616903a4,d61d2b268
q616903a4,d61d5d6fa
q616903a4,d61dd56a0
q616903a4,d61d346ec
q616903a4,d61e0aff8
q616903a4,d61d5b59e
q616903a4,d61d5487a
q616903a4,d61d9aa64
q61695354,d6165b74e
q61695354,d61653f9e
q61695354,d61dd2108
q61695354,d61dd3fd0
q61695354,d61d82914
q61695354,d61df3bdc
q61695354,d61d46ff4
q61695354,d61d9ca94
q61695354,d6166655e
q61695354,d61d483ae
q616a8684,d61e0b476
q616a8684,d61e0de88
q616a8684,d61e2c81a
q616a8684,d6165db98
q616a8684,d61e9225a
q616a8684,d6166f622
q616a8684,d61d37392
q616a8684,d61cf9254
q616a8684,d61d5839e
q616a8684,d616592c8
q616a30c6,d61cf3b74
q616a30c6,d61d6c218
q616a30c6,d61dff6ee
q616a30c6,d61d29df0
q616a30c6,d61e9ebae
q616a30c6,d61da0c3e
q616a30c6,d6166a820
q616a30c6,d61d6cee8
q616a30c6,d61d6017a
q616a30c6,d61cfe4ac
q6167be18,d616680b6
q6167be18,d61662f44
q6167be18,d61681034
q6167be18,d61e2a880
q6167be18,d61d688c0
q6167be18,d61d2ab7e
q6167be18,d61d4d8ae
q6167be18,d61d297ce
q6167be18,d61d90be0
q6167be18,d61652ff4
q6167a4e6,d6167a54a
q6167a4e6,d61670f9a
q6167a4e6,d61d52c32
q6167a4e6,d61d2aa84
q6167a4e6,d61da9b2c
q6167a4e6,d61de7d28
q6167a4e6,d61d3f416
q6167a4e6,d61dbaf26
q6167a4e6,d61d53ff6
q6167a4e6,d61d61016
q6167c1e2,d6167c228
q6167c1e2,d61d38d32
q6167c1e2,d616619d2
q6167c1e2,d61d49628
q6167c1e2,d61d6899c
q6167c1e2,d61d37392
q6167c1e2,d61dab116
q6167c1e2,d61d43cd2
q6167c1e2,d61cf9254
q6167c1e2,d61cff67c
q61695214,d61dbec5c
q61695214,d61e1881a
q61695214,d61dd8ed6
q61695214,d61d4fcb2
q61695214,d61d3acd6
q61695214,d61d4be0a
q61695214,d61d41cac
q61695214,d61d6024c
q61695214,d6166041a
q61695214,d61d536dc
q616584fe,d61d4b1b2
q616584fe,d61dbf544
q616584fe,d61d08574
q616584fe,d61e14260
q616584fe,d6165853a
q616584fe,d61d3f6e6
q616584fe,d61cf6266
q616584fe,d61cf6da6
q616584fe,d61d6206a
q616584fe,d61e9c570
q6166e3bc,d616687c8
q6166e3bc,d61d49448
q6166e3bc,d61d3bf8c
q6166e3bc,d61d7afd4
q6166e3bc,d61d91928
q6166e3bc,d61da901e
q6166e3bc,d61dd4f20
q6166e3bc,d61d630aa
q6166e3bc,d61d98098
q6166e3bc,d61de1626
q616a845e,d61d439ee
q616a845e,d61d18adc
q616a845e,d61d84e08
q616a845e,d61cfc0da
q616a845e,d61d80e70
q616a845e,d61d48d04
q616a845e,d61d8642e
q616a845e,d61dddbc0
q616a845e,d616545fc
q616a845e,d61d1579c
q6167d132,d61d86cc6
q6167d132,d61d70a84
q6167d132,d61d74a4e
q6167d132,d61665ec4
q6167d132,d61e243f4
q6167d132,d61d38616
q6167d132,d61d4c666
q6167d132,d6166186a
q6167d132,d61de35a2
q6167d132,d61dc381a
q6167e7ee,d616515c8
q6167e7ee,d616673dc
q6167e7ee,d61dd95ca
q6167e7ee,d61dba49a
q6167e7ee,d61d4eba0
q6167e7ee,d61d3ebe2
q6167e7ee,d61d558ce
q6167e7ee,d61666b6c
q6167e7ee,d61dfa6bc
q6167e7ee,d616530f8
q61687826,d61deb0b8
q61687826,d61d6c556
q61687826,d61d2b736
q61687826,d61d45aaa
q61687826,d61db210a
q61687826,d61d80e70
q61687826,d61672ef8
q61687826,d61e0f3e6
q61687826,d61d9cdaa
q61687826,d6166500a
q6167c336,d61d49c72
q6167c336,d6167c390
q6167c336,d61cf6b30
q6167c336,d61daf8ce
q6167c336,d616881ae
q6167c336,d61d4984e
q6167c336,d61dd4a48
q6167c336,d61ddc11c
q6167c336,d61dd1c08
q6167c336,d61db8f78
q6168e39c,d6167ace8
q6168e39c,d61d72b2c
q6168e39c,d61da3c36
q6168e39c,d61cf06f4
q6168e39c,d61d827de
q6168e39c,d61670572
q6168e39c,d61d7a9f8
q6168e39c,d61d9bf22
q6168e39c,d61d3110e
q6168e39c,d61656bae
q616526bc,d6165270c
q616526bc,d616950b6
q616526bc,d61db17dc
q616526bc,d61d6ecc0
q616526bc,d61dceeea
q616526bc,d61e28986
q616526bc,d61d708ea
q616526bc,d61d13dac
q616526bc,d61e25042
q616526bc,d61d1f4ae
q6165b33e,d61657130
q6165b33e,d61d56ed6
q6165b33e,d61cf34c6
q6165b33e,d61d934f8
q6165b33e,d61dbb94e
q6165b33e,d61d5d6fa
q6165b33e,d61d80632
q6165b33e,d61d2c4b0
q6165b33e,d61da9ece
q6165b33e,d61d09e2e
q6167f8c4,d61e89d1c
q6167f8c4,d61d9dda4
q6167f8c4,d61d640e0
q6167f8c4,d61df65a8
q6167f8c4,d61d31226
q6167f8c4,d616631ec
q6167f8c4,d61dd0c54
q6167f8c4,d61da00ae
q6167f8c4,d6166a47e
q6167f8c4,d61657f36
q6165ef02,d6165ef8e
q6165ef02,d61d75b24
q6165ef02,d61e5e6c6
q6165ef02,d61db1430
q6165ef02,d61d89354
q6165ef02,d61d480de
q6165ef02,d61da1292
q6165ef02,d61d37392
q6165ef02,d61e0c6a0
q6165ef02,d61d7850e
q6166d390,d61d9aa64
q6166d390,d61d96a0e
q6166d390,d61663dfe
q6166d390,d61660a50
q6166d390,d61dc9a3a
q6166d390,d61d8452a
q6166d390,d61d690f4
q6166d390,d61d3973c
q6166d390,d61e35faa
q6166d390,d61d3745a
q61673a1a,d61650524
q61673a1a,d61cf7a44
q61673a1a,d61d3f5ec
q61673a1a,d61d88490
q61673a1a,d61e8b0ea
q61673a1a,d61e2557e
q61673a1a,d61d6ecc0
q61673a1a,d61e28986
q61673a1a,d61e1197a
q61673a1a,d61674046
q6165bbfe,d61e8a71c
q6165bbfe,d61e46404
q6165bbfe,d61e3da84
q6165bbfe,d61d2d770
q6165bbfe,d616614dc
q6165bbfe,d6165bc6c
q6165bbfe,d61e104b2
q6165bbfe,d61e914d6
q6165bbfe,d61de98ee
q6165bbfe,d61d89c14
q61676d00,d61d195d6
q61676d00,d61d89354
q61676d00,d61d82914
q61676d00,d61d86e60
q61676d00,d61d6169c
q61676d00,d61d3ef20
q61676d00,d61d82c84
q61676d00,d61d9fcb2
q61676d00,d61cf1a9a
q61676d00,d61d5928a
q61651a32,d61651a6e
q61651a32,d6165b23a
q61651a32,d61cf3e12
q61651a32,d61d91540
q61651a32,d61e61de4
q61651a32,d61d71a42
q61651a32,d61da4e88
q61651a32,d61d3f5ec
q61651a32,d61d5fd2e
q61651a32,d61d52232
q6168c2fe,d6166c544
q6168c2fe,d61d92274
q6168c2fe,d61651906
q6168c2fe,d61cef95c
q6168c2fe,d61d66836
q6168c2fe,d61d3d5bc
q6168c2fe,d61d73522
q6168c2fe,d61d56b70
q6168c2fe,d61d34a7a
q6168c2fe,d61d2d1f8
q6169a232,d61d7d482
q6169a232,d61d4f05a
q6169a232,d61d60f58
q6169a232,d6165ba6e
q6169a232,d61d2dfd6
q6169a232,d61658b70
q6169a232,d61daf63a
q6169a232,d61d94c36
q6169a232,d61d6da14
q6169a232,d61d54956
q616ac630,d6165d4fe
q616ac630,d61eac56a
q616ac630,d61d44d30
q616ac630,d6166369c
q616ac630,d61d55180
q616ac630,d61e9e99c
q616ac630,d61d01aee
q616ac630,d61d35bb4
q616ac630,d61eac8f8
q616ac630,d61cfc0da
q6166fbae,d61dcf0d4
q6166fbae,d61cf1c0c
q6166fbae,d61cf713e
q6166fbae,d61d41d7e
q6166fbae,d61d308da
q6166fbae,d61de2d1e
q6166fbae,d6169da04
q6166fbae,d61d816a4
q6166fbae,d61662f44
q6166fbae,d61dca142
q616a877e,d61cf04ec
q616a877e,d61df903c
q616a877e,d61d6cae2
q616a877e,d6168ddf2
q616a877e,d61d403d4
q616a877e,d61db9f7c
q616a877e,d61d44e02
q616a877e,d61e1fbce
q616a877e,d61e8d5d4
q616a877e,d61d575fc
q61663188,d61d7f200
q61663188,d61da00ae
q61663188,d61d99740
q61663188,d61d89462
q61663188,d61d816a4
q61663188,d6167743a
q61663188,d61d30204
q61663188,d61d4ead8
q61663188,d61d67d6c
q61663188,d61df3bdc
q616a5f60,d61d625ba
q616a5f60,d61d4ac62
q616a5f60,d6165c25c
q616a5f60,d61d38616
q616a5f60,d61d6fa1c
q616a5f60,d61d8d170
q616a5f60,d61d6b3fe
q616a5f60,d61de14aa
q616a5f60,d61d644e6
q616a5f60,d61cf6f72
q61653594,d61d7274e
q61653594,d61dc620e
q61653594,d61e3e772
q61653594,d61d3d706
q61653594,d61d3fae2
q61653594,d61db3a78
q61653594,d61df73fe
q61653594,d616535da
q61653594,d61d49e66
q61653594,d61de70da
q61682038,d61651bfe
q61682038,d61cf9092
q61682038,d616545fc
q61682038,d61d313f2
q61682038,d61d68e42
q61682038,d61d5dc0e
q61682038,d61e0f3e6
q61682038,d61d10d5a
q61682038,d61d639a6
q61682038,d61d5ffcc
q6167586a,d6165899a
q6167586a,d6165725c
q6167586a,d61dd95ca
q6167586a,d61d88ad0
q6167586a,d61d53ff6
q6167586a,d6167a2a2
q6167586a,d61d36df2
q6167586a,d61d3ebe2
q6167586a,d61d42a12
q6167586a,d61de208a
q61687524,d6165525e
q61687524,d61da9ece
q61687524,d61de70da
q61687524,d61d2bc72
q61687524,d61d10d5a
q61687524,d61daf1b2
q61687524,d61d5b0e4
q61687524,d616831c2
q61687524,d61d4308e
q61687524,d61ddfe70
q6169435a,d61d870a4
q6169435a,d61d2f908
q6169435a,d61d5393e
q6169435a,d61d2a624
q6169435a,d61daf306
q6169435a,d61d7ab2e
q6169435a,d61d63e10
q6169435a,d61d44538
q6169435a,d6169a002
q6169435a,d61d3fa1a
q616988b0,d6166b856
q616988b0,d61d5559a
q616988b0,d61d553b0
q616988b0,d61d6a9fe
q616988b0,d61d5c0c0
q616988b0,d61674b22
q616988b0,d61e9225a
q616988b0,d61d6f954
q616988b0,d61dcbef2
q616988b0,d61e0aff8
q6166b130,d61667a3a
q6166b130,d61d8301c
q6166b130,d61d297ce
q6166b130,d61d7e7c4
q6166b130,d61d74c7e
q6166b130,d6165b10e
q6166b130,d61d34b56
q6166b130,d61d0982a
q6166b130,d61de06ae
q6166b130,d61cf8322
q6165f1fa,d6165f254
q6165f1fa,d61d9d0c0
q6165f1fa,d61dea83e
q6165f1fa,d61d80e70
q6165f1fa,d61d48d04
q6165f1fa,d61dd4a48
q6165f1fa,d61d196b2
q6165f1fa,d61d370c2
q6165f1fa,d61dd0420
q6165f1fa,d61d33328
q6166a6ae,d6165b23a
q6166a6ae,d61d6206a
q6166a6ae,d61d9acf8
q6166a6ae,d61cef7cc
q6166a6ae,d61d60a30
q6166a6ae,d61d78c2a
q6166a6ae,d61d2e92c
q6166a6ae,d616553ee
q6166a6ae,d61d5d056
q6166a6ae,d61d744c2
q61668070,d61dbba2a
q61668070,d61d71c54
q61668070,d61d7dafe
q61668070,d61d48642
q61668070,d61d86f96
q61668070,d61cff2ee
q61668070,d61dfbd46
q61668070,d61d2dd92
q61668070,d61664326
q61668070,d61de7620
q616708f6,d61659156
q616708f6,d61d64676
q616708f6,d61de56c2
q616708f6,d61d958a2
q616708f6,d61d7258c
q616708f6,d61dafb08
q616708f6,d61d536dc
q616708f6,d6168ddf2
q616708f6,d61d7c6ae
q616708f6,d6165d666
q616968d0,d6165eaf2
q616968d0,d61e25042
q616968d0,d61d8b8d4
q616968d0,d61d4e646
q616968d0,d61d3e2fa
q616968d0,d61dddbc0
q616968d0,d61cfc0da
q616968d0,d61d62a42
q616968d0,d61660816
q616968d0,d6166579e
q616741b8,d61db19bc
q616741b8,d61e0f3e6
q616741b8,d61d94d12
q616741b8,d6165a8e4
q616741b8,d61d5bfb2
q616741b8,d61e15df4
q616741b8,d61dcb1c8
q616741b8,d61e19ec2
q616741b8,d61d8aff6
q616741b8,d61d3d5bc
q616967e0,d61663dfe
q616967e0,d61dd2928
q616967e0,d61dddbc0
q616967e0,d61de1ed2
q616967e0,d61de3480
q616967e0,d61ea1048
q616967e0,d61d6fdd2
q616967e0,d61d4fcb2
q616967e0,d61d79a9e
q616967e0,d61d346ec
q61684b30,d61d3b56e
q61684b30,d61d90d8e
q61684b30,d61653d14
q61684b30,d61dd4ca0
q61684b30,d61d2f5ac
q61684b30,d61e278ec
q61684b30,d61cf45f6
q61684b30,d61dd38aa
q61684b30,d61d530ba
q61684b30,d61d7850e
q616a5af6,d61df3bdc
q616a5af6,d61d73202
q616a5af6,d61d308da
q616a5af6,d61d2d1f8
q616a5af6,d61662f44
q616a5af6,d61670f9a
q616a5af6,d61dfe8f2
q616a5af6,d61de7620
q616a5af6,d61cf35de
q616a5af6,d6167a54a
q6166295e,d6166299a
q6166295e,d61651488
q6166295e,d61d04208
q6166295e,d61ddc3a6
q6166295e,d61df4280
q6166295e,d61cef178
q6166295e,d61d60aee
q6166295e,d6166579e
q6166295e,d61d371bc
q6166295e,d61654c3c
q616536b6,d61d78dce
q616536b6,d61dde494
q616536b6,d616536fc
q616536b6,d61d8f038
q616536b6,d61d449de
q616536b6,d61cf992a
q616536b6,d61d04208
q616536b6,d61d71b1e
q616536b6,d61d559c8
q616536b6,d61df4280
q616acd6a,d6165fb0a
q616acd6a,d61db1dc2
q616acd6a,d61d5c85e
q616acd6a,d61cf2e2c
q616acd6a,d61d30128
q616acd6a,d61658206
q616acd6a,d61d71a42
q616acd6a,d61cf6266
q616acd6a,d61d6206a
q616acd6a,d61d2b844
q6166b022,d616500ec
q6166b022,d61df03f6
q6166b022,d61cf30b6
q6166b022,d61d6fa1c
q6166b022,d61d6b3fe
q6166b022,d61d39d7c
q6166b022,d61d4dc50
q6166b022,d61d644e6
q6166b022,d61d7b362
q6166b022,d61d57f48
q61666180,d61d2c5c8
q61666180,d61d99f92
q61666180,d61d6206a
q61666180,d61dd0fc4
q61666180,d61d37e00
q61666180,d61d45942
q61666180,d61d4d7d2
q61666180,d6165e9e4
q61666180,d61d52232
q61666180,d61d3f8bc
q6167360a,d61655bb4
q6167360a,d61cfd8cc
q6167360a,d61d71060
q6167360a,d61d81258
q6167360a,d61d36a1e
q6167360a,d61d7a6b0
q6167360a,d61d61d7c
q6167360a,d61d4e9d4
q6167360a,d61db1214
q6167360a,d61e7778e
q6165f984,d61d60d0a
q6165f984,d61cf422c
q6165f984,d61e4126a
q6165f984,d61e0849c
q6165f984,d61cfa456
q6165f984,d6165f9d4
q6165f984,d61d55054
q6165f984,d61d80042
q6165f984,d61d95abe
q6165f984,d61d3034e
q6169d66c,d61e0f3e6
q6169d66c,d61d439ee
q6169d66c,d61d80e70
q6169d66c,d61d77f78
q6169d66c,d616545fc
q6169d66c,d61d18adc
q6169d66c,d61dc26ae
q6169d66c,d616a402a
q6169d66c,d61d48d04
q6169d66c,d61d6d5d2
q61697c94,d61d85d80
q61697c94,d616662b6
q61697c94,d61da7642
q61697c94,d61da7584
q61697c94,d61d81000
q61697c94,d61d4eea2
q61697c94,d61d82e0a
q61697c94,d61e13590
q61697c94,d61cf0ece
q61697c94,d61d2f2d2
q6168c7f4,d61671260
q6168c7f4,d61d34912
q6168c7f4,d61d321b2
q6168c7f4,d61deb0b8
q6168c7f4,d61d9ec0e
q6168c7f4,d61d2e828
q6168c7f4,d61d345fc
q6168c7f4,d61e25042
q6168c7f4,d61d803f8
q6168c7f4,d61d640e0
q6166c882,d6166c8e6
q6166c882,d61d71da8
q6166c882,d61d2af70
q6166c882,d61cf010e
q6166c882,d61d8e700
q6166c882,d61d7e10c
q6166c882,d61dca142
q6166c882,d61d49952
q6166c882,d61d92bf2
q6166c882,d6166fc08
q616a17c6,d61d5c76e
q616a17c6,d61d2c73a
q616a17c6,d61d29ba2
q616a17c6,d6165f11e
q616a17c6,d61d4aac8
q616a17c6,d61d2d5b8
q616a17c6,d61d7a6b0
q616a17c6,d61d02ea8
q616a17c6,d61e1c8ca
q616a17c6,d61cf40c4
q6165381e,d6165385a
q6165381e,d6165b23a
q6165381e,d61d91540
q6165381e,d61d6206a
q6165381e,d61d519cc
q6165381e,d61cf3e12
q6165381e,d61d4b1b2
q6165381e,d61da4e88
q6165381e,d61e487cc
q6165381e,d61ceeec6
q6167c80e,d61dcd93c
q6167c80e,d6167c868
q6167c80e,d61d9cc38
q6167c80e,d61d3cba8
q6167c80e,d61d66bec
q6167c80e,d61dfe8f2
q6167c80e,d61db810e
q6167c80e,d61def294
q6167c80e,d6167048c
q6167c80e,d61664326
q61688c76,d61d314d8
q61688c76,d61da70fc
q61688c76,d61d05f9a
q61688c76,d61d002d4
q61688c76,d61d99916
q61688c76,d61dd56a0
q61688c76,d61d590e6
q61688c76,d61dcf0d4
q61688c76,d61db554e
q61688c76,d6165ab96
q61699bde,d61d4be0a
q61699bde,d6165bf50
q61699bde,d61d02c50
q61699bde,d61d306a0
q61699bde,d61db7402
q61699bde,d61dc75d2
q61699bde,d61e424b2
q61699bde,d61d7ab2e
q61699bde,d61693e8c
q61699bde,d61dde9c6
q61668cd2,d61668d2c
q61668cd2,d61dd1ae6
q61668cd2,d61d0f6d0
q61668cd2,d61d14e5a
q61668cd2,d61d73338
q61668cd2,d61e5df28
q61668cd2,d61d53c40
q61668cd2,d61d73cca
q61668cd2,d61d6dc76
q61668cd2,d61d67c54
q616847e8,d61dcd93c
q616847e8,d6167c868
q616847e8,d61d61016
q616847e8,d61d71c54
q616847e8,d61d3cba8
q616847e8,d61dbaf26
q616847e8,d61e62d66
q616847e8,d61e37ed6
q616847e8,d6166c544
q616847e8,d61673916
q6167b260,d61d6e5ae
q6167b260,d61e9bfa8
q6167b260,d61da00ae
q6167b260,d61d3d846
q6167b260,d61d3d706
q6167b260,d61d49a42
q6167b260,d61d38170
q6167b260,d61dc620e
q6167b260,d61e35636
q6167b260,d61cf3836
q6169eb48,d61dd8968
q6169eb48,d61d7e058
q6169eb48,d61d91aea
q6169eb48,d61d7274e
q6169eb48,d61da9744
q6169eb48,d61cf1a9a
q6169eb48,d61cefa60
q6169eb48,d61dc9b3e
q6169eb48,d61e398bc
q6169eb48,d61e10944
q616a80ee,d61e0de88
q616a80ee,d61d31226
q616a80ee,d61d5839e
q616a80ee,d61d553b0
q616a80ee,d61d9c044
q616a80ee,d61d6024c
q616a80ee,d61e9225a
q616a80ee,d61d4fcb2
q616a80ee,d61d77596
q616a80ee,d61dd74c8
q6168bf70,d61672ef8
q6168bf70,d61d4aac8
q6168bf70,d6165f11e
q6168bf70,d61d5c76e
q6168bf70,d61d75eee
q6168bf70,d61da3d58
q6168bf70,d6168ea86
q6168bf70,d61d71060
q6168bf70,d61687736
q6168bf70,d61d562b0
q616a7fe0,d61dbc920
q616a7fe0,d61d96720
q616a7fe0,d61d54398
q616a7fe0,d61d869b0
q616a7fe0,d61d308da
q616a7fe0,d61d7156a
q616a7fe0,d61cf6cac
q616a7fe0,d61d8650a
q616a7fe0,d61d3cfcc
q616a7fe0,d61d66138
q6167488e,d616606d6
q6167488e,d61d66390
q6167488e,d61d42c2e
q6167488e,d61d4308e
q6167488e,d6167082e
q6167488e,d61d6f954
q6167488e,d61d342fa
q6167488e,d61d3acd6
q6167488e,d61ea73bc
q6167488e,d61d2cb9a
q616aa196,d616673dc
q616aa196,d616515c8
q616aa196,d61d4eba0
q616aa196,d616530f8
q616aa196,d61666b6c
q616aa196,d61dc85a4
q616aa196,d61dba49a
q616aa196,d61d37c2a
q616aa196,d61d49a42
q616aa196,d61de7012
q6165cda6,d6165cdec
q6165cda6,d61d3763a
q6165cda6,d61d4bd24
q6165cda6,d61d89ee4
q6165cda6,d61d75eee
q6165cda6,d6167309c
q6165cda6,d61d92bf2
q6165cda6,d61dfbd46
q6165cda6,d61650830
q6165cda6,d61d3c8ba
q61681ca0,d61d56ed6
q61681ca0,d61657130
q61681ca0,d61d46540
q61681ca0,d61e0333e
q61681ca0,d61d3d5bc
q61681ca0,d61e2a77c
q61681ca0,d61e49cc6
q61681ca0,d61cf34c6
q61681ca0,d61cfe5b0
q61681ca0,d61cfac4e
q616a46d8,d61d2d068
q616a46d8,d6166bf90
q616a46d8,d61dc5a8e
q616a46d8,d61dbcee8
q616a46d8,d61d6b9f8
q616a46d8,d61d64676
q616a46d8,d61d84782
q616a46d8,d61d44e02
q616a46d8,d61d575fc
q616a46d8,d61d6c308
q616a6668,d6166a820
q616a6668,d61656ce4
q616a6668,d61d47fda
q616a6668,d6164fd9a
q616a6668,d61d2d888
q616a6668,d61d71420
q616a6668,d61d97c92
q616a6668,d616564d8
q616a6668,d61cf7a44
q616a6668,d61d3f8bc
q6166a988,d61669682
q6166a988,d61cffd7a
q6166a988,d61d35c54
q6166a988,d6167e460
q6166a988,d61d52c32
q6166a988,d61e9bb84
q6166a988,d61d48962
q6166a988,d61d2dd92
q6166a988,d61d13fbe
q6166a988,d61d69cd4
q61664c36,d61664c72
q61664c36,d61d9e858
q61664c36,d6165d7a6
q61664c36,d61d58ce0
q61664c36,d61da21e2
q61664c36,d61d5adb0
q61664c36,d61d5db5a
q61664c36,d61cfb52c
q61664c36,d61cf062c
q61664c36,d61e5565c
q6169e242,d61d3acd6
q6169e242,d61d34d22
q6169e242,d61d5d6fa
q6169e242,d61d56c38
q6169e242,d616539a4
q6169e242,d61d38170
q6169e242,d61dd8ed6
q6169e242,d61ddd210
q6169e242,d61dcbef2
q6169e242,d61e1881a
q6168c3d0,d6165ae20
q6168c3d0,d61d4bf2c
q6168c3d0,d61651bfe
q6168c3d0,d61dc8ae0
q6168c3d0,d61de3480
q6168c3d0,d61d94c36
q6168c3d0,d61cf2d32
q6168c3d0,d61d7a372
q6168c3d0,d61d6da14
q6168c3d0,d61dc242e
q61667f8a,d61e8d5d4
q61667f8a,d61d7f106
q61667f8a,d61d4a7d0
q61667f8a,d61d8c77a
q61667f8a,d61d87d74
q61667f8a,d61d40c94
q61667f8a,d61e26406
q61667f8a,d61d4c300
q61667f8a,d61ea1048
q61667f8a,d61cfe5b0
q61652f9a,d61652ff4
q61652f9a,d61651906
q61652f9a,d61d5d6fa
q61652f9a,d61cfac4e
q61652f9a,d61d002d4
q61652f9a,d61dabb8e
q61652f9a,d61dbaf26
q61652f9a,d61cefdb2
q61652f9a,d61d46540
q61652f9a,d61d7afd4
q6166bc34,d61d45aaa
q6166bc34,d61d6c556
q6166bc34,d61d2b736
q6166bc34,d6164f9bc
q6166bc34,d61d80e70
q6166bc34,d61d0a0ae
q6166bc34,d61e0f3e6
q6166bc34,d61df4280
q6166bc34,d61d350f6
q6166bc34,d61d9cdaa
q6166596a,d61cf8a02
q6166596a,d6164f9bc
q6166596a,d61d87eb4
q6166596a,d61d43cd2
q6166596a,d61d350f6
q6166596a,d61e96ad0
q6166596a,d61e1e2f6
q6166596a,d61e7f02e
q6166596a,d61dbff3a
q6166596a,d61d30042
q61659ffc,d61d938f4
q61659ffc,d61d4611c
q61659ffc,d61d02246
q61659ffc,d61d71060
q61659ffc,d61db6b9c
q61659ffc,d61d3b794
q61659ffc,d61cf33e0
q61659ffc,d6166fae6
q61659ffc,d61d6d3fc
q61659ffc,d61d74580
q61654e58,d6167082e
q61654e58,d616592c8
q61654e58,d61d3acd6
q61654e58,d61d66390
q61654e58,d61d45fbe
q61654e58,d61d4fcb2
q61654e58,d61d36960
q61654e58,d61e9225a
q61654e58,d6165defe
q61654e58,d61656fc8
q6169977e,d61660dfc
q6169977e,d61d58be6
q6169977e,d61d2c294
q6169977e,d61da4bae
q6169977e,d61e19ec2
q6169977e,d61d05cf2
q6169977e,d61cfdad4
q6169977e,d61e0a09e
q6169977e,d61d5bfb2
q6169977e,d61d48d04
q6169203c,d61d1579c
q6169203c,d61cf32dc
q6169203c,d616545fc
q6169203c,d61d741a2
q6169203c,d61d2129a
q6169203c,d61d6d5d2
q6169203c,d61d7bef2
q6169203c,d61687736
q6169203c,d61d71fb0
q6169203c,d61d8642e
q616ab744,d61d3d5bc
q616ab744,d61d65f8a
q616ab744,d61d57b2e
q616ab744,d61d7ee36
q616ab744,d61d171be
q616ab744,d61d590e6
q616ab744,d61ea5e18
q616ab744,d61d3cfcc
q616ab744,d61e65250
q616ab744,d61d80042
q61675ab8,d6165ae20
q61675ab8,d61d75386
q61675ab8,d616862d2
q61675ab8,d61d7a372
q61675ab8,d61d2a016
q61675ab8,d61d35808
q61675ab8,d61d2a322
q61675ab8,d61684cb6
q61675ab8,d61d4429a
q61675ab8,d61d8614a
q6166ab68,d6165f254
q6166ab68,d61d9d0c0
q6166ab68,d61cf3a48
q6166ab68,d61e19346
q6166ab68,d61cf0802
q6166ab68,d61d8aa60
q6166ab68,d61d71c54
q6166ab68,d61d92bf2
q6166ab68,d61d297ce
q6166ab68,d61db6ea8
q6166b496,d6165e052
q6166b496,d6166751c
q6166b496,d61d52408
q6166b496,d61d3cfcc
q6166b496,d61d0e154
q6166b496,d61d3c9be
q6166b496,d61d69cd4
q6166b496,d6168ea86
q6166b496,d61cf6cac
q6166b496,d61e3ed8a
q61696024,d6165241e
q61696024,d61d55054
q61696024,d61d2cd34
q61696024,d616644ac
q61696024,d61e19120
q61696024,d61664b46
q61696024,d61e8ecea
q61696024,d61da1292
q61696024,d61d3c432
q61696024,d61d3ea0c
q61670acc,d61670b1c
q61670acc,d61d99402
q61670acc,d61de98ee
q61670acc,d61d49448
q61670acc,d61dc6952
q61670acc,d61d7a6b0
q61670acc,d61e99514
q61670acc,d61d4e9d4
q61670acc,d61d480de
q61670acc,d61d4aac8
q61678538,d61d74ff8
q61678538,d61d53c40
q61678538,d61cf03f2
q61678538,d61d8d170
q61678538,d61d8a452
q61678538,d61cfbc98
q61678538,d61d38616
q61678538,d61d57764
q61678538,d61673dee
q61678538,d61d4ac62
q6167dfec,d6165c9a0
q6167dfec,d61d52926
q6167dfec,d61d84e08
q6167dfec,d61d31a5a
q6167dfec,d61d3d44a
q6167dfec,d61dd2234
q6167dfec,d61cf6cac
q6167dfec,d61dbc920
q6167dfec,d61d96720
q6167dfec,d61661aea
q61663002,d61d4f438
q61663002,d61d3982c
q61663002,d61e694b8
q61663002,d6169da04
q61663002,d61cfdad4
q61663002,d61cf8322
q61663002,d61d08a74
q61663002,d61d558ce
q61663002,d61d72460
q61663002,d61dfc656
q616a61d6,d61e23206
q616a61d6,d61d5c458
q616a61d6,d61d314d8
q616a61d6,d61d30fb0
q616a61d6,d61d3f362
q616a61d6,d61d002d4
q616a61d6,d61d29f26
q616a61d6,d61d61016
q616a61d6,d61d73338
q616a61d6,d61cfac4e
q616a32ba,d61d9c508
q616a32ba,d61d09690
q616a32ba,d61d3d44a
q616a32ba,d61d6f710
q616a32ba,d6165e052
q616a32ba,d61d3a2a4
q616a32ba,d61d89d90
q616a32ba,d61e8a104
q616a32ba,d61ea84ba
q616a32ba,d61d40316
q61664646,d61664696
q61664646,d61d5860a
q61664646,d61e3d1c4
q61664646,d61d7e10c
q61664646,d61d9c7c4
q61664646,d61dcfc82
q61664646,d61d6a6d4
q61664646,d61cefb6e
q61664646,d61d47cec
q61664646,d61d3791e
q6168d7e4,d6167a2a2
q6168d7e4,d61d3fd94
q6168d7e4,d61d42a12
q6168d7e4,d61dbe766
q6168d7e4,d61d88ad0
q6168d7e4,d6166a5d2
q6168d7e4,d61d4ce90
q6168d7e4,d6168710a
q6168d7e4,d61dde9c6
q6168d7e4,d61d33328
q61666c52,d61d38512
q61666c52,d61d2efa8
q61666c52,d6164f7e6
q61666c52,d61d61584
q61666c52,d61de40ba
q61666c52,d61de56c2
q61666c52,d61d449de
q61666c52,d61d8f754
q61666c52,d61d8ae16
q61666c52,d61cf992a
q616530a8,d616530f8
q616530a8,d61666b6c
q616530a8,d616515c8
q616530a8,d61d4eba0
q616530a8,d61d41568
q616530a8,d61de7012
q616530a8,d616673dc
q616530a8,d61dba49a
q616530a8,d61cf3836
q616530a8,d61d3ebe2
q6165b5dc,d61db3a78
q6165b5dc,d61d6f954
q6165b5dc,d61d4308e
q6165b5dc,d61d3acd6
q6165b5dc,d61d66390
q6165b5dc,d61674b22
q6165b5dc,d61d00676
q6165b5dc,d616606d6
q6165b5dc,d61dc75d2
q6165b5dc,d61db74fc
q6166708a,d61d794d6
q6166708a,d61da43e8
q6166708a,d616670e4
q6166708a,d61d6c556
q6166708a,d61d428d2
q6166708a,d61dea83e
q6166708a,d61e25042
q6166708a,d61d6f3fa
q6166708a,d61d62a42
q6166708a,d61e0f3e6
q6168948c,d61d66390
q6168948c,d616592c8
q6168948c,d61d36cf8
q6168948c,d61d6f954
q6168948c,d61d00676
q6168948c,d6167082e
q6168948c,d61e01afc
q6168948c,d6166125c
q6168948c,d61d4f438
q6168948c,d61d34b56
q6168b8c2,d61d3782e
q6168b8c2,d61691998
q6168b8c2,d61d5487a
q6168b8c2,d61d0fd74
q6168b8c2,d61d3394a
q6168b8c2,d61e85bae
q6168b8c2,d61d41374
q6168b8c2,d61dd2928
q6168b8c2,d61d8420a
q6168b8c2,d61d5b0e4
q616683cc,d61d96612
q616683cc,d61cfdf8e
q616683cc,d61d05716
q616683cc,d6165d666
q616683cc,d61cf6f72
q616683cc,d61d697d4
q616683cc,d6168ddf2
q616683cc,d61cf632e
q616683cc,d61daf306
q616683cc,d61df8448
q6167ecd0,d61e2c81a
q6167ecd0,d61e0de88
q6167ecd0,d6165db98
q6167ecd0,d61d5c0c0
q6167ecd0,d61d5b0e4
q6167ecd0,d61dcbef2
q6167ecd0,d6166b856
q6167ecd0,d61e0b476
q6167ecd0,d61e9d6aa
q6167ecd0,d6166f87a
q6167b620,d61deb0b8
q6167b620,d61d5016c
q6167b620,d61d04a82
q6167b620,d61e25042
q6167b620,d61dd97e6
q6167b620,d61d77f78
q6167b620,d61668ab6
q6167b620,d61e0f3e6
q6167b620,d61d345fc
q6167b620,d61d0be54
q6165c4a0,d6165c4fa
q6165c4a0,d61dd8968
q6165c4a0,d61d3ef20
q6165c4a0,d61dc07fa
q6165c4a0,d6165241e
q6165c4a0,d61cf1a9a
q6165c4a0,d61cf010e
q6165c4a0,d6166186a
q6165c4a0,d61da9744
q6165c4a0,d61d71da8
q61689b26,d61d140f4
q61689b26,d61d6be8a
q61689b26,d61d08628
q61689b26,d61da67ba
q61689b26,d61cf0ffa
q61689b26,d61651f82
q61689b26,d61d3a90c
q61689b26,d61d7a372
q61689b26,d61d75386
q61689b26,d6167e6f4
q616a4296,d6164f9bc
q616a4296,d61cf8a02
q616a4296,d61d87eb4
q616a4296,d61e96ad0
q616a4296,d61d43cd2
q616a4296,d61e1e2f6
q616a4296,d61e7f02e
q616a4296,d61d350f6
q616a4296,d61dbff3a
q616a4296,d61dd23f6
q6166fdd4,d6165b10e
q6166fdd4,d61d74c7e
q6166fdd4,d61d514f4
q6166fdd4,d61d3cd60
q6166fdd4,d61dec6f2
q6166fdd4,d61d6fcba
q6166fdd4,d616785a6
q6166fdd4,d61da9258
q6166fdd4,d61df3bdc
q6166fdd4,d61d688c0
q616966c8,d61d3e2fa
q616966c8,d61d04a82
q616966c8,d61668ab6
q616966c8,d61660816
q616966c8,d61d2b092
q616966c8,d61d66cf0
q616966c8,d61d708ea
q616966c8,d61e25042
q616966c8,d61d32496
q616966c8,d61d5016c
q61656852,d61d912b6
q61656852,d61d6371c
q61656852,d616568ac
q61656852,d61d612be
q61656852,d61d74a4e
q61656852,d61d72a64
q61656852,d61d87afe
q61656852,d61d8667c
q61656852,d61dc07fa
q61656852,d61d3ea0c
q6169cbe0,d6166299a
q6169cbe0,d61d04208
q6169cbe0,d61651488
q6169cbe0,d61ddc3a6
q6169cbe0,d61df4280
q6169cbe0,d61cef178
q6169cbe0,d6166579e
q6169cbe0,d61d71b1e
q6169cbe0,d61d7698e
q6169cbe0,d61d60aee
q6165cee6,d61d857e0
q6165cee6,d61ddc3a6
q6165cee6,d61d43548
q6165cee6,d61d61584
q6165cee6,d61df4280
q6165cee6,d6166299a
q6165cee6,d61d5dd9e
q6165cee6,d6166579e
q6165cee6,d61d87f9a
q6165cee6,d61d8916a
q6167c098,d6167c0d4
q6167c098,d61d30128
q6167c098,d61d5c85e
q6167c098,d6165fb0a
q6167c098,d61e3e772
q6167c098,d61db1dc2
q6167c098,d61658206
q6167c098,d6165d7a6
q6167c098,d61ddcb30
q6167c098,d61e61de4
q616a6960,d6165d666
q616a6960,d61d46a22
q616a6960,d61d99d9e
q616a6960,d61d5c76e
q616a6960,d61d575fc
q616a6960,d61e5d28a
q616a6960,d61d44e02
q616a6960,d61d40c94
q616a6960,d61d2f69c
q616a6960,d61d3c23e
q61691ed4,d61680b16
q61691ed4,d61db1ea8
q61691ed4,d61d6a7c4
q61691ed4,d61ddb62c
q61691ed4,d61dd138e
q61691ed4,d61d9c364
q61691ed4,d61d99bdc
q61691ed4,d61db89ce
q61691ed4,d61d0cd22
q61691ed4,d616556b4
q6165db48,d61d5fe28
q6165db48,d6165db98
q6165db48,d61d4308e
q6165db48,d61e089a6
q6165db48,d61d5b0e4
q6165db48,d61d516fc
q6165db48,d61d31db6
q6165db48,d61d90d8e
q6165db48,d61d6e694
q6165db48,d61da8696
q616945b2,d61668516
q616945b2,d61687736
q616945b2,d61d5d056
q616945b2,d61d9569a
q616945b2,d61e19ec2
q616945b2,d61e0f3e6
q616945b2,d61d370c2
q616945b2,d61d741a2
q616945b2,d61d1579c
q616945b2,d61d2129a
q61663ec6,d6165d030
q61663ec6,d61e4096e
q61663ec6,d61cf3cfa
q61663ec6,d61dd38aa
q61663ec6,d61db5b20
q61663ec6,d61d568a0
q61663ec6,d61d0a518
q61663ec6,d61db50da
q61663ec6,d61cf45f6
q61663ec6,d61d57b2e
q61659660,d61eac8f8
q61659660,d61d014d6
q61659660,d6165bf50
q61659660,d6168ba0c
q61659660,d61d6cdc6
q61659660,d61d40316
q61659660,d61cfdbf6
q61659660,d61d3d44a
q61659660,d61ea01a2
q61659660,d61e2ce1e
q61687a42,d61679b40
q61687a42,d61d61016
q61687a42,d6165aa4c
q61687a42,d61d3d5bc
q61687a42,d61d32004
q61687a42,d61cff67c
q61687a42,d61e62d66
q61687a42,d61d94c36
q61687a42,d61d591a4
q61687a42,d61d5db5a
q61696146,d61d1579c
q61696146,d61d9569a
q61696146,d61d827de
q61696146,d61d5d056
q61696146,d61d67c54
q61696146,d61d370c2
q61696146,d61d2129a
q61696146,d61d80e70
q61696146,d61d741a2
q61696146,d61dcf764
q61668fa2,d6165525e
q61668fa2,d61d4be0a
q61668fa2,d61d79a9e
q61668fa2,d61e1881a
q61668fa2,d61d5b4b8
q61668fa2,d61d41cac
q61668fa2,d61dcbef2
q61668fa2,d616539a4
q61668fa2,d61dc75d2
q61668fa2,d61d6a9fe
q61674000,d61674046
q61674000,d61e2557e
q61674000,d61d88490
q61674000,d61e8b0ea
q61674000,d61e32e2c
q61674000,d61d3fccc
q61674000,d61e3e772
q61674000,d61dbec5c
q61674000,d61e89f24
q61674000,d61dd8ed6
q6165c7c0,d61d708ea
q6165c7c0,d61668ab6
q6165c7c0,d61d89462
q6165c7c0,d61dc5502
q6165c7c0,d61d7f200
q6165c7c0,d61dfff2c
q6165c7c0,d61d2a23c
q6165c7c0,d61cfa56e
q6165c7c0,d61d59564
q6165c7c0,d61ded264
q616a219e,d61d45316
q616a219e,d61da5dd8
q616a219e,d61d2f110
q616a219e,d61da241c
q616a219e,d61d53ff6
q616a219e,d6166af5a
q616a219e,d61cfff00
q616a219e,d61de7d28
q616a219e,d61ddd99a
q616a219e,d61d02142
q616ab492,d61da901e
q616ab492,d61d8301c
q616ab492,d61d297ce
q616ab492,d61d955a0
q616ab492,d61dc918e
q616ab492,d61d6f1e8
q616ab492,d61dee290
q616ab492,d61d08a74
q616ab492,d61d4f776
q616ab492,d61d2a890
q6167f04a,d6165525e
q6167f04a,d61de70da
q6167f04a,d616831c2
q6167f04a,d61d80632
q6167f04a,d616539a4
q6167f04a,d61d4be0a
q6167f04a,d61d3c7b6
q6167f04a,d61d2a99e
q6167f04a,d61d34d22
q6167f04a,d61d41cac
q6165adc6,d6165ae20
q6165adc6,d61d4429a
q6165adc6,d61d3f4f2
q6165adc6,d6167b9d6
q6165adc6,d61d05bd0
q6165adc6,d61ddd562
q6165adc6,d6169c7da
q6165adc6,d61df324a
q6165adc6,d61cfd8cc
q6165adc6,d61dd8b8e
q6166c29c,d61d370c2
q6166c29c,d61d4951a
q6166c29c,d61d57a48
q6166c29c,d61653f9e
q6166c29c,d61d49f2e
q6166c29c,d61d01bd4
q6166c29c,d61d90064
q6166c29c,d61d3a452
q6166c29c,d61d5f234
q6166c29c,d61e15df4
q6166625c,d616662b6
q6166625c,d61d85d80
q6166625c,d61d4bb80
q6166625c,d61cf0b04
q6166625c,d61d09fd2
q6166625c,d61dfaf9a
q6166625c,d61dd001a
q6166625c,d61cf1cde
q6166625c,d61d6af30
q6166625c,d61d00bbc
q616511b8,d616511fe
q616511b8,d61de8674
q616511b8,d61d5c552
q616511b8,d61d3d5bc
q616511b8,d6169f412
q616511b8,d61d6bbe2
q616511b8,d61d9cfda
q616511b8,d61dfc444
q616511b8,d61d59366
q616511b8,d61dd9b60
q6168658e,d6165bf50
q6168658e,d61d4e56a
q6168658e,d61d3fa1a
q6168658e,d61df717e
q6168658e,d61d74ff8
q6168658e,d61d562b0
q6168658e,d61d80a38
q6168658e,d61cf03f2
q6168658e,d61d7c244
q6168658e,d61d53c40
q616a8b2a,d61db31a4
q616a8b2a,d61df8448
q616a8b2a,d61cf66d0
q616a8b2a,d61d2c73a
q616a8b2a,d61d4e56a
q616a8b2a,d61d625ba
q616a8b2a,d61d4ac62
q616a8b2a,d6165c25c
q616a8b2a,d61d84b92
q616a8b2a,d61d6f710
q61663c96,d61663ce6
q61663c96,d61da2d7c
q61663c96,d61d71c54
q61663c96,d61d4f438
q61663c96,d61dc918e
q61663c96,d61652ad6
q61663c96,d61d34b56
q61663c96,d61d297ce
q61663c96,d61d3cd60
q61663c96,d61e1073c
q6166f276,d61cfd8cc
q6166f276,d61d71060
q6166f276,d61d61d7c
q6166f276,d61655bb4
q6166f276,d61d81258
q6166f276,d61e36496
q6166f276,d61db1214
q6166f276,d61cf280a
q6166f276,d61d36a1e
q6166f276,d61e99514
q61672d5e,d61672dae
q61672d5e,d61cfd642
q61672d5e,d61cf280a
q61672d5e,d61cfe146
q61672d5e,d61de2f94
q61672d5e,d61dbde7e
q61672d5e,d61cfa6c2
q61672d5e,d61d65ba2
q61672d5e,d61d10666
q61672d5e,d61d2d5b8
q6165acb8,d61d36df2
q6165acb8,d61d8b7e4
q6165acb8,d61cff1ae
q6165acb8,d61dde9c6
q6165acb8,d61d37f7c
q6165acb8,d6166af5a
q6165acb8,d6168710a
q6165acb8,d61da241c
q6165acb8,d616506f0
q6165acb8,d61d45316
q616621fc,d61e090ea
q616621fc,d61652ad6
q616621fc,d61d7e7c4
q616621fc,d61e1073c
q616621fc,d61dc918e
q616621fc,d6166224c
q616621fc,d61da827c
q616621fc,d61d818b6
q616621fc,d61d4f438
q616621fc,d61d6f1e8
q6169221c,d6165defe
q6169221c,d61656fc8
q6169221c,d61d36960
q6169221c,d61d76a9c
q6169221c,d616539a4
q6169221c,d61d342fa
q6169221c,d6167aacc
q6169221c,d61dbec5c
q6169221c,d61d5b1d4
q6169221c,d61d45fbe
q616a487c,d61d52c32
q616a487c,d61669682
q616a487c,d6167e460
q616a487c,d61daa73e
q616a487c,d61d306a0
q616a487c,d61d69cd4
q616a487c,d61d5f234
q616a487c,d61d71c54
q616a487c,d61d2dd92
q616a487c,d61d3a452
q61659dae,d61651bfe
q61659dae,d61d10d5a
q61659dae,d61d8b8d4
q61659dae,d61cf9092
q61659dae,d61d690f4
q61659dae,d61d623d0
q61659dae,d61d4bf2c
q61659dae,d61d68e42
q61659dae,d61d2c834
q61659dae,d61d77596
q616a1cbc,d61da347a
q616a1cbc,d6166041a
q616a1cbc,d61ea1048
q616a1cbc,d61da770a
q616a1cbc,d61d2c4b0
q616a1cbc,d61db2218
q616a1cbc,d61de1ed2
q616a1cbc,d61d3c7b6
q616a1cbc,d6165525e
q616a1cbc,d61d5b4b8
q616518a2,d61e1859a
q616518a2,d61d7dafe
q616518a2,d6168effe
q616518a2,d61dfbd46
q616518a2,d61d2dd92
q616518a2,d61cff2ee
q616518a2,d61d92bf2
q616518a2,d61de7620
q616518a2,d61d48642
q616518a2,d61d297ce
q616570e0,d61678eb6
q616570e0,d61d3f362
q616570e0,d61662f44
q616570e0,d61dfe8f2
q616570e0,d61d298aa
q616570e0,d61d46540
q616570e0,d61e33962
q616570e0,d61d7381a
q616570e0,d61651906
q616570e0,d6165b8c0
q6169b27c,d61d71fb0
q6169b27c,d61e16e20
q6169b27c,d61d71b1e
q6169b27c,d61d449de
q6169b27c,d61cfa942
q6169b27c,d61dce62a
q6169b27c,d61d9cdaa
q6169b27c,d61d66cf0
q6169b27c,d61e15df4
q6169b27c,d61dcb1c8
q61665a5a,d61e65250
q61665a5a,d61dde570
q61665a5a,d61e26406
q61665a5a,d61d39d7c
q61665a5a,d61cfe5b0
q61665a5a,d61dd6406
q61665a5a,d61d536dc
q61665a5a,d61d4a7d0
q61665a5a,d61d40c94
q61665a5a,d61dfe8f2
q616a62e4,d61cefb6e
q616a62e4,d6166b2c0
q616a62e4,d6166f3e8
q616a62e4,d61dd2dec
q616a62e4,d61d819ce
q616a62e4,d61d9aa64
q616a62e4,d61d96a0e
q616a62e4,d61d046b8
q616a62e4,d61684cb6
q616a62e4,d61d3c23e
q6166f834,d61d4fcb2
q6166f834,d6166041a
q6166f834,d6166f87a
q6166f834,d61de3480
q6166f834,d61d47e04
q6166f834,d61d77596
q6166f834,d61d5c0c0
q6166f834,d61e0de88
q6166f834,d6166b856
q6166f834,d61d534ac
q6169b33a,d61654c3c
q6169b33a,d61d72640
q6169b33a,d61d36488
q6169b33a,d61da5338
q6169b33a,d61d67970
q6169b33a,d61d96824
q6169b33a,d6166eb32
q6169b33a,d61e398bc
q6169b33a,d61cef27c
q6169b33a,d61df8538
q61656712,d61d4fcb2
q61656712,d6166f87a
q61656712,d6166041a
q61656712,d61d79a9e
q61656712,d61d5559a
q61656712,d61dcbef2
q61656712,d61d5c0c0
q61656712,d6166b856
q61656712,d61de3480
q61656712,d61e0de88
q616a52d6,d6165f5ec
q616a52d6,d61d3745a
q616a52d6,d61d9aa64
q616a52d6,d61e2c9a0
q616a52d6,d61d2b268
q616a52d6,d61663dfe
q616a52d6,d61d8452a
q616a52d6,d61e0aff8
q616a52d6,d61d5487a
q616a52d6,d61dd2928
q6165770c,d6165525e
q6165770c,d61de70da
q6165770c,d616831c2
q6165770c,d61d80632
q6165770c,d616539a4
q6165770c,d61d3c7b6
q6165770c,d61d2a99e
q6165770c,d61d34d22
q6165770c,d61d3342c
q6165770c,d61d41cac
q6167fa2c,d61db856e
q6167fa2c,d61d2d068
q6167fa2c,d6165d666
q6167fa2c,d61dc5a8e
q6167fa2c,d61d64676
q6167fa2c,d61659156
q6167fa2c,d61d6e95a
q6167fa2c,d61de56c2
q6167fa2c,d61d46a22
q6167fa2c,d61d7258c
q616854fe,d6167a54a
q616854fe,d61670f9a
q616854fe,d61d2aa84
q616854fe,d61df3bdc
q616854fe,d61d3f416
q616854fe,d61655132
q616854fe,d61d7e972
q616854fe,d61dbaf26
q616854fe,d61d67d6c
q616854fe,d61d61016
q6168a6ac,d61db72fe
q6168a6ac,d61d0b3fa
q6168a6ac,d61db97a2
q6168a6ac,d6167deca
q6168a6ac,d61d3b0f0
q6168a6ac,d61d55d6a
q6168a6ac,d61d45d84
q6168a6ac,d6165a6dc
q6168a6ac,d61d44538
q6168a6ac,d61659c0a
q6169b16e,d61d30808
q6169b16e,d61d9b1c6
q6169b16e,d61da4bae
q6169b16e,d61666450
q6169b16e,d61d4ece0
q6169b16e,d616595a2
q6169b16e,d61e1cbea
q6169b16e,d6165d148
q6169b16e,d6167a2a2
q6169b16e,d61d4eba0
q61666400,d6165d148
q61666400,d61666450
q61666400,d616595a2
q61666400,d616530f8
q61666400,d61da4bae
q61666400,d61d4eba0
q61666400,d61666b6c
q61666400,d61d4ce90
q61666400,d616515c8
q61666400,d6166a258
q61679d5c,d6168290c
q61679d5c,d6165737e
q61679d5c,d61d530ba
q61679d5c,d61d39d7c
q61679d5c,d61d89c14
q61679d5c,d61d3110e
q61679d5c,d61d48642
q61679d5c,d61654fe8
q61679d5c,d61e2ce1e
q61679d5c,d61e1c4f6
q616ac342,d61d4ef74
q616ac342,d61d53af6
q616ac342,d61d6d5d2
q616ac342,d61d8642e
q616ac342,d61d9569a
q616ac342,d61dbc920
q616ac342,d61d67f2e
q616ac342,d61d2129a
q616ac342,d61d014d6
q616ac342,d61d74ff8
q6165ba28,d61d7d482
q6165ba28,d6165ba6e
q6165ba28,d61d4f05a
q6165ba28,d61d60f58
q6165ba28,d61d92fd0
q6165ba28,d61d99f92
q6165ba28,d61693b8a
q6165ba28,d61dcf962
q6165ba28,d61d2b934
q6165ba28,d61d47fda
q6169ed00,d61d00824
q6169ed00,d61d08a74
q6169ed00,d61d79e68
q6169ed00,d61e91c6a
q6169ed00,d61d16e6c
q6169ed00,d61e8e538
q6169ed00,d61d6f1e8
q6169ed00,d61d97094
q6169ed00,d61cf84b2
q6169ed00,d61cfc2a6
q6169ce10,d61d5c0c0
q6169ce10,d6166f87a
q6169ce10,d6166b856
q6169ce10,d61d5559a
q6169ce10,d61dcbef2
q6169ce10,d61d553b0
q6169ce10,d61d6f954
q6169ce10,d61e0de88
q6169ce10,d6166041a
q6169ce10,d61d4fcb2
q616a4c50,d61d2b092
q616a4c50,d61deb0b8
q616a4c50,d61660816
q616a4c50,d61d04a82
q616a4c50,d61d9cdaa
q616a4c50,d61d66cf0
q616a4c50,d61d5016c
q616a4c50,d61e25042
q616a4c50,d61d321b2
q616a4c50,d61d4edda
q6169b7fe,d61d84b92
q6169b7fe,d61d52926
q6169b7fe,d61dc122c
q6169b7fe,d61d68a78
q6169b7fe,d61d91626
q6169b7fe,d61dde570
q6169b7fe,d61d6b3fe
q6169b7fe,d61cf6f72
q6169b7fe,d61dd6406
q6169b7fe,d61d625ba
q61683cbc,d61e2c81a
q61683cbc,d61d5c336
q61683cbc,d61d61976
q61683cbc,d61d09e2e
q61683cbc,d61d4ca58
q61683cbc,d61d75b24
q61683cbc,d61dc242e
q61683cbc,d61d9deee
q61683cbc,d61dbe54a
q61683cbc,d61d39200
q61667b34,d61e65250
q61667b34,d61d42ada
q61667b34,d61d57b2e
q61667b34,d61d34a7a
q61667b34,d61dd6406
q61667b34,d61d66836
q61667b34,d61da22f0
q61667b34,d61d2e1b6
q61667b34,d61d3d5bc
q61667b34,d61d881a2
q616995f8,d61670b1c
q616995f8,d61cf7940
q616995f8,d61e52e7a
q616995f8,d61cf280a
q616995f8,d6165b8c0
q616995f8,d6166c08a
q616995f8,d61d480de
q616995f8,d61d2d5b8
q616995f8,d61d7381a
q616995f8,d61d2e0bc
q6169dd9c,d61d5e7d0
q6169dd9c,d61d72640
q6169dd9c,d61d8ae16
q6169dd9c,d61d870a4
q6169dd9c,d61d314d8
q6169dd9c,d61cf026c
q6169dd9c,d61d7698e
q6169dd9c,d61d86f96
q6169dd9c,d61e4f41e
q6169dd9c,d61df4280
q61654f98,d61d37392
q61654f98,d61d4627a
q61654f98,d61655a2e
q61654f98,d61db1cc8
q61654f98,d61d9ab4a
q61654f98,d61d30df8
q61654f98,d61d9deee
q61654f98,d61dd340e
q61654f98,d61e4aba8
q61654f98,d61df60bc
q616abcbc,d61da9258
q616abcbc,d61d6b3fe
q616abcbc,d61d6fa1c
q616abcbc,d6168cff6
q616abcbc,d6165a6dc
q616abcbc,d61cf6f72
q616abcbc,d61d39d7c
q616abcbc,d61672692
q616abcbc,d61cf30b6
q616abcbc,d61d38616
q61657324,d61d50f40
q61657324,d61df4afa
q61657324,d61da7bb0
q61657324,d6166092e
q61657324,d6165853a
q61657324,d61d8420a
q61657324,d61d5fe28
q61657324,d61d600b2
q61657324,d61d3acd6
q61657324,d61dbe54a
q61664880,d61d04208
q61664880,d61d5dd9e
q61664880,d61d71b1e
q61664880,d6166579e
q61664880,d61df4280
q61664880,d61d8f038
q61664880,d6164f7e6
q61664880,d61d61584
q61664880,d61d2efa8
q61664880,d61cf992a
q6167ced0,d61cfbc98
q6167ced0,d61664696
q6167ced0,d6165c25c
q6167ced0,d61cefb6e
q6167ced0,d6167deca
q6167ced0,d61d3c23e
q6167ced0,d61db31a4
q6167ced0,d61db97a2
q6167ced0,d61de04c4
q6167ced0,d61d0b3fa
q61673ed4,d61d6c556
q61673ed4,d61d84e08
q61673ed4,d61d54ce4
q61673ed4,d61d387d8
q61673ed4,d61d01bd4
q61673ed4,d61d5d600
q61673ed4,d61d4984e
q61673ed4,d61d5b670
q61673ed4,d61d439ee
q61673ed4,d61d4d430
q616870a6,d61d33328
q616870a6,d61dbcee8
q616870a6,d61d3fd94
q616870a6,d6168710a
q616870a6,d61d42a12
q616870a6,d61db4464
q616870a6,d61d45aaa
q616870a6,d61cfff00
q616870a6,d61dde9c6
q616870a6,d61666450
q6165fbfa,d61656ce4
q6165fbfa,d61d47fda
q6165fbfa,d61cfbf4a
q6165fbfa,d61d57b2e
q6165fbfa,d6167248a
q6165fbfa,d61d4ca58
q6165fbfa,d61d55496
q6165fbfa,d61d05068
q6165fbfa,d61e8ecea
q6165fbfa,d61d568a0
q6167442e,d61dcd93c
q6167442e,d6167c868
q6167442e,d6165d2a6
q6167442e,d61dfe8f2
q6167442e,d61d61016
q6167442e,d61dbf922
q6167442e,d61d3cba8
q6167442e,d61d408ac
q6167442e,d61da796c
q6167442e,d61dbaf26
q6169e026,d61ddc3a6
q6169e026,d61651488
q6169e026,d61cfa942
q6169e026,d61d43548
q6169e026,d61d379f0
q6169e026,d61cef178
q6169e026,d61d2b092
q6169e026,d61d4f230
q6169e026,d6166299a
q6169e026,d61660816
q616541ec,d61652ff4
q616541ec,d61dad808
q616541ec,d61d6cc68
q616541ec,d61d037e0
q616541ec,d61e2a880
q616541ec,d61d98098
q616541ec,d61dd4f20
q616541ec,d61d7afd4
q616541ec,d6168290c
q616541ec,d61e291b0
q6169ee68,d61da6260
q6169ee68,d61e7f7e0
q6169ee68,d61d4212a
q6169ee68,d61d40708
q6169ee68,d61d44902
q6169ee68,d61d3b794
q6169ee68,d61e34614
q6169ee68,d61e39a9c
q6169ee68,d61654d5e
q6169ee68,d61d3982c
q616750c2,d61dcd93c
q616750c2,d61d0262e
q616750c2,d61e291b0
q616750c2,d61e49cc6
q616750c2,d61d2e92c
q616750c2,d61d42c2e
q616750c2,d61daa73e
q616750c2,d61d4db24
q616750c2,d61d73946
q616750c2,d61d02142
q61668606,d61daf306
q61668606,d61d7ab2e
q61668606,d61d83d32
q61668606,d61d80a38
q61668606,d61d7c244
q61668606,d61d4e56a
q61668606,d61e07092
q61668606,d61df717e
q61668606,d61d05716
q61668606,d61d697d4
q6169bf74,d61652ea0
q6169bf74,d61d4f5d2
q6169bf74,d61dfd4ac
q6169bf74,d61d2d9fa
q6169bf74,d61d34b56
q6169bf74,d61d308da
q6169bf74,d61da9744
q6169bf74,d6166655e
q6169bf74,d61d61016
q6169bf74,d61d4951a
q61663642,d6166369c
q61663642,d61e104b2
q61663642,d61d3c16c
q61663642,d61d3b56e
q61663642,d6165d4fe
q61663642,d61e9960e
q61663642,d61dab116
q61663642,d61d530ba
q61663642,d61664b46
q61663642,d61d2e512
q6166ed80,d6165e656
q6166ed80,d61cf1662
q6166ed80,d61dc1132
q6166ed80,d61ea5706
q6166ed80,d61d6da14
q6166ed80,d61cfebe6
q6166ed80,d61d82f2c
q6166ed80,d61dc8f36
q6166ed80,d61d9acf8
q6166ed80,d61d5a950
q6168e0c2,d61d317a8
q6168e0c2,d61d43ed0
q6168e0c2,d6166a820
q6168e0c2,d61d4cd3c
q6168e0c2,d61e9ebae
q6168e0c2,d61cf30b6
q6168e0c2,d61d4bc48
q6168e0c2,d61d3263a
q6168e0c2,d61df2390
q6168e0c2,d61dafb08
q6165e610,d61cf1662
q6165e610,d6165e656
q6165e610,d61ea5706
q6165e610,d61dc1132
q6165e610,d61d3a65a
q6165e610,d61cf1a9a
q6165e610,d61dd6dca
q6165e610,d61d885d0
q6165e610,d61d00dce
q6165e610,d61d3412e
q61690a84,d61654c3c
q61690a84,d61d36488
q61690a84,d61d371bc
q61690a84,d61d81cb2
q61690a84,d61daffcc
q61690a84,d61d379f0
q61690a84,d61d72640
q61690a84,d6166eb32
q61690a84,d61d00dce
q61690a84,d61cefa60
q6165aa10,d61d55f7c
q6165aa10,d6165aa4c
q6165aa10,d61d50b62
q6165aa10,d61cf2300
q6165aa10,d61d70598
q6165aa10,d61d55e64
q6165aa10,d61cf7fa8
q6165aa10,d61e859a6
q6165aa10,d61d64fae
q6165aa10,d61d5d6fa
q6169a76e,d6169a7be
q6169a76e,d61dfde70
q6169a76e,d61ceea20
q6169a76e,d6166e8e4
q6169a76e,d61d536dc
q6169a76e,d61e0e504
q6169a76e,d61d7d70c
q6169a76e,d61dd74c8
q6169a76e,d61d3be60
q6169a76e,d61d3342c
q616765c6,d61d4f5d2
q616765c6,d61652ea0
q616765c6,d61d2d9fa
q616765c6,d61dfd4ac
q616765c6,d6166655e
q616765c6,d61e15df4
q616765c6,d61693414
q616765c6,d61d34b56
q616765c6,d61db88f2
q616765c6,d61d370c2
q616aae8e,d61d35236
q616aae8e,d61e044e6
q616aae8e,d6169f412
q616aae8e,d61d565e4
q616aae8e,d61dfc656
q616aae8e,d61d4b41e
q616aae8e,d61d3d5bc
q616aae8e,d616540de
q616aae8e,d61d61976
q616aae8e,d616596b0
q6167bada,d61da5338
q6167bada,d61d72640
q6167bada,d61d36488
q6167bada,d6166eb32
q6167bada,d61d96824
q6167bada,d61cef27c
q6167bada,d61d67970
q6167bada,d61d665f2
q6167bada,d61d81cb2
q6167bada,d61cef178
q61682f10,d61d4bd24
q61682f10,d6165cdec
q61682f10,d61d3c8ba
q61682f10,d61d2d50e
q61682f10,d61d92bf2
q61682f10,d61d89ee4
q61682f10,d61dcd93c
q61682f10,d61dfe8f2
q61682f10,d61cf6cac
q61682f10,d61e2a880
q61680832,d61d71da8
q61680832,d6166c8e6
q61680832,d6165b10e
q61680832,d61d8e700
q61680832,d61dbe0b8
q61680832,d61d2c0be
q61680832,d61db1430
q61680832,d61de7620
q61680832,d61d2dd92
q61680832,d61d7b592
q61678fce,d6167900a
q61678fce,d61d043fc
q61678fce,d61693b8a
q61678fce,d61d49a42
q61678fce,d6165ef8e
q61678fce,d6165853a
q61678fce,d61d079d0
q61678fce,d61d54eb0
q61678fce,d61d7ee36
q61678fce,d61d6c9b6
q6168fd6e,d61d819ce
q6168fd6e,d6166b2c0
q6168fd6e,d61d7bcf4
q6168fd6e,d61cefb6e
q6168fd6e,d61d2ada4
q6168fd6e,d61d7492c
q6168fd6e,d61e46404
q6168fd6e,d61dd0c54
q6168fd6e,d61e15df4
q6168fd6e,d61d8b8d4
q6166b810,d6166b856
q6166b810,d61d5559a
q6166b810,d61d553b0
q6166b810,d6165db98
q6166b810,d61d6cee8
q6166b810,d61d5c0c0
q6166b810,d61ded89a
q6166b810,d61d2e512
q6166b810,d61d0f306
q6166b810,d6166092e
q616a3878,d61d8301c
q616a3878,d61667a3a
q616a3878,d61d505b8
q616a3878,d61d297ce
q616a3878,d61cf706c
q616a3878,d61e090ea
q616a3878,d61d59c26
q616a3878,d61d0982a
q616a3878,d61d7477e
q616a3878,d61d07192
q616848e2,d61dd0af6
q616848e2,d61d972f6
q616848e2,d61d91aea
q616848e2,d61d39b42
q616848e2,d61d02d2c
q616848e2,d61d03fb0
q616848e2,d61d308da
q616848e2,d61d0be54
q616848e2,d61d8d47c
q616848e2,d61d8667c
q6166efc4,d6165d7a6
q6166efc4,d61da21e2
q6166efc4,d61d5db5a
q6166efc4,d61d9e858
q6166efc4,d61d5adb0
q6166efc4,d61d58ce0
q6166efc4,d61664c72
q6166efc4,d61d5fefa
q6166efc4,d61d795ee
q6166efc4,d61674780
q61653364,d616520ea
q61653364,d61cfe97a
q61653364,d61da0ff4
q61653364,d61de7a4e
q61653364,d61e4a4be
q61653364,d61d5dccc
q61653364,d61e70204
q61653364,d61d87eb4
q61653364,d61ded7dc
q61653364,d61e1fbce
q6169bb46,d61d5f63a
q6169bb46,d61d4cd3c
q6169bb46,d61666a22
q6169bb46,d61d803f8
q6169bb46,d6166a820
q6169bb46,d61d9375a
q6169bb46,d61d016ca
q6169bb46,d61dd0420
q6169bb46,d61df2390
q6169bb46,d61e91d5a
q6168dc6c,d6165b74e
q6168dc6c,d61dbe464
q6168dc6c,d61d49f2e
q6168dc6c,d61de4ccc
q6168dc6c,d61d483ae
q6168dc6c,d6166655e
q6168dc6c,d61df14fe
q6168dc6c,d61db88f2
q6168dc6c,d61d41824
q6168dc6c,d61dbb854
q616565d2,d61656604
q616565d2,d61d8907a
q616565d2,d61d0f306
q616565d2,d61d4fac8
q616565d2,d61d604b8
q616565d2,d61d34048
q616565d2,d61db9f7c
q616565d2,d61d2f764
q616565d2,d61e7d0f8
q616565d2,d61e1fbce
q6167a248,d6167a2a2
q6167a248,d61d3fd94
q6167a248,d61d88ad0
q6167a248,d6166af5a
q6167a248,d61dbe766
q6167a248,d61d3ebe2
q6167a248,d61d42a12
q6167a248,d6166587a
q6167a248,d61d33328
q6167a248,d61dd153c
q6167fca2,d6166f87a
q6167fca2,d61d5d6fa
q6167fca2,d61d5b4b8
q6167fca2,d61dabb8e
q6167fca2,d61d5c0c0
q6167fca2,d61dd74c8
q6167fca2,d6167082e
q6167fca2,d6166b856
q6167fca2,d6166041a
q6167fca2,d61e0de88
q6166035c,d61d4fcb2
q6166035c,d6166041a
q6166035c,d61d79a9e
q6166035c,d6166f87a
q6166035c,d61d4be0a
q6166035c,d61df455a
q6166035c,d61d90064
q6166035c,d61de3480
q6166035c,d61dcbef2
q6166035c,d61d34408
q61681b92,d61cf30b6
q61681b92,d61d57f48
q61681b92,d61681bf6
q61681b92,d61d59c26
q61681b92,d61d2d770
q61681b92,d61d046b8
q61681b92,d61cf0ffa
q61681b92,d61d71c54
q61681b92,d61d4bc48
q61681b92,d61dd95ca
q61652090,d616520ea
q61652090,d61cfe97a
q61652090,d61de7a4e
q61652090,d61e4a4be
q61652090,d61d5dccc
q61652090,d61da0ff4
q61652090,d61e70204
q61652090,d61e090ea
q61652090,d61d490ba
q61652090,d61d6e694
q616a2504,d61d4f8ca
q616a2504,d616614dc
q616a2504,d61da8696
q616a2504,d61da59e6
q616a2504,d61d2d770
q616a2504,d61d75494
q616a2504,d6165bc6c
q616a2504,d6166224c
q616a2504,d61d490ba
q616a2504,d61d0ed48
q61699198,d61d296f2
q61699198,d61d8ab3c
q61699198,d61d8916a
q61699198,d6166579e
q61699198,d61d857e0
q61699198,d61ddc3a6
q61699198,d61d7698e
q61699198,d61df4280
q61699198,d61d174ca
q61699198,d61dde494
q6166e89e,d6166e8e4
q6166e89e,d61d61386
q6166e89e,d61d29df0
q6166e89e,d61da7642
q6166e89e,d61da0c3e
q6166e89e,d61d59366
q6166e89e,d61d9dac0
q6166e89e,d61d37b26
q6166e89e,d61e9ebae
q6166e89e,d61d570c0
q61659548,d616595a2
q61659548,d61d388dc
q61659548,d61da4bae
q61659548,d61d9b1c6
q61659548,d61d4a2d0
q61659548,d61d38a94
q61659548,d61cf0a14
q61659548,d61d80d62
q61659548,d61e42f2a
q61659548,d61d6922a
q61655dc6,d61650236
q61655dc6,d61661aea
q61655dc6,d61eac8f8
q61655dc6,d616821f0
q61655dc6,d61d2a016
q61655dc6,d61d3c8ba
q61655dc6,d61d30204
q61655dc6,d61d07732
q61655dc6,d61d40316
q61655dc6,d61dd18de
q616a7e8c,d616644ac
q616a7e8c,d61d5aa18
q616a7e8c,d61dfd22c
q616a7e8c,d61cff780
q616a7e8c,d61d72d7a
q616a7e8c,d6165737e
q616a7e8c,d61d6b020
q616a7e8c,d61da8696
q616a7e8c,d61d3ea0c
q616a7e8c,d61d37392
q6165d76a,d61d7d482
q6165d76a,d6165d7a6
q6165d76a,d61d5fefa
q6165d76a,d61e859a6
q6165d76a,d61d6206a
q6165d76a,d61d2b934
q6165d76a,d6165ba6e
q6165d76a,d61e9c570
q6165d76a,d6167248a
q6165d76a,d61e487cc
q616a33fa,d61d314d8
q616a33fa,d61da9438
q616a33fa,d6165ab96
q616a33fa,d61d05f9a
q616a33fa,d61d002d4
q616a33fa,d61d5de84
q616a33fa,d6166c440
q616a33fa,d61cf18a6
q616a33fa,d61d62a42
q616a33fa,d61dcac1e
q616abf46,d61d3ebe2
q616abf46,d61cfff00
q616abf46,d61d2f110
q616abf46,d61cff1ae
q616abf46,d61d423e6
q616abf46,d61d30808
q616abf46,d6166a258
q616abf46,d61d4eba0
q616abf46,d6166af5a
q616abf46,d61d42a12
q6167a63a,d61670f9a
q6167a63a,d6167a54a
q6167a63a,d61d2aa84
q6167a63a,d61cffd7a
q6167a63a,d61d3f416
q6167a63a,d61e33962
q6167a63a,d61d3f362
q6167a63a,d61d7e972
q6167a63a,d61d0982a
q6167a63a,d61667a3a
q616a49b2,d6169d40a
q616a49b2,d61da2782
q616a49b2,d61cf6cac
q616a49b2,d61d4c666
q616a49b2,d61d294ae
q616a49b2,d61e50e54
q616a49b2,d61d83e04
q616a49b2,d61d66138
q616a49b2,d61d4e024
q616a49b2,d61d3f7a4
q616a00b0,d616556b4
q616a00b0,d61e0adb4
q616a00b0,d61680b16
q616a00b0,d61d305d8
q616a00b0,d61d62812
q616a00b0,d61df2a0c
q616a00b0,d61e464fe
q616a00b0,d61660b72
q616a00b0,d61d9963c
q616a00b0,d61676f8a
q61685ab2,d61e1c4f6
q61685ab2,d61d3110e
q61685ab2,d61d48642
q61685ab2,d61d89c14
q61685ab2,d61cfd99e
q61685ab2,d61d575fc
q61685ab2,d61d296f2
q61685ab2,d61d773b6
q61685ab2,d61d8f4ac
q61685ab2,d61e2ce1e
q6168afbc,d61659c0a
q6168afbc,d61e1f3e0
q6168afbc,d61d9f172
q6168afbc,d61d3412e
q6168afbc,d6165c25c
q6168afbc,d61d6899c
q6168afbc,d61dda4a2
q6168afbc,d6165c3a6
q6168afbc,d61df73fe
q6168afbc,d61e25b46
q616963a8,d61673dee
q616963a8,d61d53af6
q616963a8,d61d44902
q616963a8,d61cf03f2
q616963a8,d61df7552
q616963a8,d61d6e694
q616963a8,d61d57764
q616963a8,d61d33f26
q616963a8,d61ea9eaa
q616963a8,d61db97a2
q61683a0a,d6165c3a6
q61683a0a,d61d195d6
q61683a0a,d61d9fcb2
q61683a0a,d61d86e60
q61683a0a,d61d3412e
q61683a0a,d61d82914
q61683a0a,d61d6169c
q61683a0a,d61d5f7ac
q61683a0a,d61e12a64
q61683a0a,d61cf1a9a
q616aad62,d61d2d068
q616aad62,d61d40c94
q616aad62,d61dbcee8
q616aad62,d61dc5a8e
q616aad62,d61d7258c
q616aad62,d61d4c300
q616aad62,d61d84782
q616aad62,d61e8325a
q616aad62,d61cfe5b0
q616aad62,d61d6b9f8
q61651320,d6165137a
q61651320,d61d876bc
q61651320,d61d6e16c
q61651320,d61e07f10
q61651320,d61d0febe
q61651320,d61d31b18
q61651320,d61d4760c
q61651320,d6164fd9a
q61651320,d61d53a06
q61651320,d61d925e4
q6169d752,d61d0cd22
q6169d752,d61dd138e
q6169d752,d61ddb62c
q6169d752,d61df2a0c
q6169d752,d61e0adb4
q6169d752,d61d305d8
q6169d752,d61d66912
q6169d752,d61e464fe
q6169d752,d61660b72
q6169d752,d61d50f40
q6167daa6,d61d5bfb2
q6167daa6,d61dd0c54
q6167daa6,d61d6c556
q6167daa6,d61cf1f0e
q6167daa6,d6167331c
q6167daa6,d61db19bc
q6167daa6,d61dcb1c8
q6167daa6,d61e8e286
q6167daa6,d61d93da4
q6167daa6,d61da4bae
q61655f24,d61da7804
q61655f24,d61dcd93c
q61655f24,d6167c868
q61655f24,d61de7620
q61655f24,d616547b4
q61655f24,d61d2f20a
q61655f24,d61dfbd46
q61655f24,d61d2dd92
q61655f24,d61da796c
q61655f24,d61e37ed6
q616a99c6,d61687736
q616a99c6,d61e48e3e
q616a99c6,d61d2129a
q616a99c6,d61dbb854
q616a99c6,d61d370c2
q616a99c6,d61d77596
q616a99c6,d61d9569a
q616a99c6,d61dcf764
q616a99c6,d61e15df4
q616a99c6,d61dcce42
q6165c5f4,d61d96c3e
q6165c5f4,d61d610de
q6165c5f4,d61d8335a
q6165c5f4,d61d13fbe
q6165c5f4,d61e3b93c
q6165c5f4,d61decdc8
q6165c5f4,d6168290c
q6165c5f4,d61d40ed8
q6165c5f4,d61d316ae
q6165c5f4,d61ddb53c
q6165face,d61db1dc2
q6165face,d61d5c85e
q6165face,d6165fb0a
q6165face,d61da42d0
q6165face,d61655a2e
q6165face,d61d3fbdc
q6165face,d61d77a00
q6165face,d61662620
q6165face,d61cf04ec
q6165face,d6168242a
q61674302,d61660f64
q61674302,d61d2af70
q61674302,d6165ef8e
q61674302,d61653d14
q61674302,d61d34e44
q61674302,d61da01b2
q61674302,d61d86cc6
q61674302,d61d43dcc
q61674302,d61da1292
q61674302,d6166c8e6
q616ac766,d6165c25c
q616ac766,d61d6fa1c
q616ac766,d61d697d4
q616ac766,d61e26406
q616ac766,d61d625ba
q616ac766,d61cfbc98
q616ac766,d61cf66d0
q616ac766,d61d59e6a
q616ac766,d61d39d7c
q616ac766,d61d40c94
q6169110a,d61d5b1d4
q6169110a,d61d68e42
q6169110a,d61e35faa
q6169110a,d61d9aa64
q6169110a,d61651dca
q6169110a,d61670572
q6169110a,d61d10d5a
q6169110a,d61d88f94
q6169110a,d616831c2
q6169110a,d61cf9092
q6167bbe8,d6166e8e4
q6167bbe8,d61d4cd3c
q6167bbe8,d61daf306
q6167bbe8,d61da0c3e
q6167bbe8,d61cf3b74
q6167bbe8,d61d3263a
q6167bbe8,d61d59366
q6167bbe8,d61da1666
q6167bbe8,d61dafb08
q6167bbe8,d616662b6
q61692d3e,d61d8b7e4
q61692d3e,d61d2f110
q61692d3e,d61d4eba0
q61692d3e,d61666b6c
q61692d3e,d61d45316
q61692d3e,d61cfff00
q61692d3e,d61dde9c6
q61692d3e,d61d49a42
q61692d3e,d61da0e32
q61692d3e,d61da241c
q6168119c,d6167309c
q6168119c,d6165cdec
q6168119c,d61d4bd24
q6168119c,d61e1073c
q6168119c,d61d3c16c
q6168119c,d61e46404
q6168119c,d61def294
q6168119c,d61d92bf2
q6168119c,d61dd53bc
q6168119c,d61dfbd46
q616a9d9a,d61cf6cac
q616a9d9a,d61d6d5d2
q616a9d9a,d61d8642e
q616a9d9a,d61d4ef74
q616a9d9a,d61d1579c
q616a9d9a,d61d9569a
q616a9d9a,d61d2129a
q616a9d9a,d61d3f7a4
q616a9d9a,d616680b6
q616a9d9a,d61d9f550
q616a9700,d6165fb0a
q616a9700,d61db1dc2
q616a9700,d61d5c85e
q616a9700,d616530f8
q616a9700,d61d3fbdc
q616a9700,d61cf3c28
q616a9700,d61662620
q616a9700,d61655a2e
q616a9700,d61cf04ec
q616a9700,d61da42d0
q61685404,d61df4280
q61685404,d61d87f9a
q61685404,d61dddbc0
q61685404,d61d0f6d0
q61685404,d61d8f038
q61685404,d6166579e
q61685404,d61d43548
q61685404,d61d2efa8
q61685404,d61693414
q61685404,d61e25042
q61693b4e,d61693b8a
q61693b4e,d61d043fc
q61693b4e,d6167900a
q61693b4e,d6165b23a
q61693b4e,d61d515ee
q61693b4e,d61d7d482
q61693b4e,d61d3f5ec
q61693b4e,d61d744c2
q61693b4e,d61d6206a
q61693b4e,d61d60f58
q61659a66,d616644ac
q61659a66,d61e914d6
q61659a66,d61d72d7a
q61659a66,d61e8ecea
q61659a66,d6165737e
q61659a66,d61d39d7c
q61659a66,d61cf30b6
q61659a66,d61657de2
q61659a66,d61d6e5ae
q61659a66,d61e278ec
q6164fbf6,d61d4e9d4
q6164fbf6,d61d59f28
q6164fbf6,d61ea5e18
q6164fbf6,d61d4439e
q6164fbf6,d61d6f954
q6164fbf6,d61d3d706
q6164fbf6,d61d3fccc
q6164fbf6,d61674b22
q6164fbf6,d61d3aede
q6164fbf6,d61d8c586
q61672642,d61672692
q61672642,d61d2f908
q61672642,d61d5393e
q61672642,d6165a6dc
q61672642,d61d35808
q61672642,d61d63e10
q61672642,d6165bf50
q61672642,d61d7ab2e
q61672642,d6168ea86
q61672642,d61d7c244
q6168577e,d61d46ff4
q6168577e,d61d4677a
q6168577e,d61d9ca94
q6168577e,d61d323a6
q6168577e,d61cf706c
q6168577e,d61cf32dc
q6168577e,d61d40140
q6168577e,d61d8052e
q6168577e,d61d85448
q6168577e,d61de898a
q6169283e,d61d33530
q6169283e,d61d82f2c
q6169283e,d61d639a6
q6169283e,d61d94c36
q6169283e,d61cf2300
q6169283e,d61d43ed0
q6169283e,d61d5fe28
q6169283e,d61d712cc
q6169283e,d61d3fae2
q6169283e,d61d5d6fa
q6168fc60,d6165c4fa
q6168fc60,d61dd8968
q6168fc60,d61d3ef20
q6168fc60,d61dc07fa
q6168fc60,d6165241e
q6168fc60,d61cf1a9a
q6168fc60,d61cf010e
q6168fc60,d6166186a
q6168fc60,d61da9744
q6168fc60,d61d71da8
q6169e77e,d61d8d170
q6169e77e,d61d74ff8
q6169e77e,d61d53c40
q6169e77e,d61d38616
q6169e77e,d61d8a452
q6169e77e,d61cfbc98
q6169e77e,d61d57764
q6169e77e,d61cf03f2
q6169e77e,d61d4733c
q6169e77e,d61673dee
q6168b782,d6165e656
q6168b782,d61cf1662
q6168b782,d61dc1132
q6168b782,d61d6da14
q6168b782,d61d82f2c
q6168b782,d61ea5706
q6168b782,d61dc8f36
q6168b782,d61d9acf8
q6168b782,d61cfebe6
q6168b782,d61d64b58
q6165d4b8,d6165d4fe
q6165d4b8,d61eac56a
q6165d4b8,d6166369c
q6165d4b8,d61d44d30
q6165d4b8,d61d55180
q6165d4b8,d61d01aee
q6165d4b8,d61dcac1e
q6165d4b8,d61dfe456
q6165d4b8,d61e9960e
q6165d4b8,d61dc26ae
q616a22d4,d616580b2
q616a22d4,d616530f8
q616a22d4,d6166c440
q616a22d4,d6166e6c8
q616a22d4,d61d32252
q616a22d4,d61d640e0
q616a22d4,d61e9a59a
q616a22d4,d61cf3c28
q616a22d4,d61d40140
q616a22d4,d61d58e48
q61674df2,d61d6cee8
q61674df2,d61d8c95a
q61674df2,d61d453de
q61674df2,d61d7f610
q61674df2,d61d9375a
q61674df2,d61dae168
q61674df2,d6166a820
q61674df2,d61d9e754
q61674df2,d61d60bc0
q61674df2,d61d29df0
q6168e5fe,d61d3c23e
q6168e5fe,d61672692
q6168e5fe,d6165d666
q6168e5fe,d61d44538
q6168e5fe,d61db31a4
q6168e5fe,d61d8a452
q6168e5fe,d61d40c94
q6168e5fe,d6166bf90
q6168e5fe,d61cf66d0
q6168e5fe,d61d4ac62
q6169efda,d6166a820
q6169efda,d61da0c3e
q6169efda,d61de99ca
q6169efda,d61d6eb62
q6169efda,d61d6024c
q6169efda,d61d741a2
q6169efda,d61d36cf8
q6169efda,d61df2390
q6169efda,d61cf8660
q6169efda,d61d43ed0
q616a12d0,d61693b8a
q616a12d0,d61d043fc
q616a12d0,d61d515ee
q616a12d0,d6167900a
q616a12d0,d61680d6e
q616a12d0,d61d6206a
q616a12d0,d61dcf962
q616a12d0,d61d74e9a
q616a12d0,d61d2d888
q616a12d0,d61da3b1e
q61668e76,d61668eda
q61668e76,d61d89354
q61668e76,d61cffbcc
q61668e76,d6169ca1e
q61668e76,d61d917c0
q61668e76,d61d31226
q61668e76,d61e97bba
q61668e76,d6165241e
q61668e76,d61d9c044
q61668e76,d61daffcc
q6166be6e,d6165385a
q6166be6e,d61d71fb0
q6166be6e,d6166655e
q6166be6e,d61d62a42
q6166be6e,d61d0f6d0
q6166be6e,d61656bae
q6166be6e,d61dce62a
q6166be6e,d61d65e9a
q6166be6e,d61d7bef2
q6166be6e,d61dbe464
q616899c8,d61658206
q616899c8,d61ddcb30
q616899c8,d61db1dc2
q616899c8,d61d2b844
q616899c8,d61d30128
q616899c8,d61cf2e2c
q616899c8,d61d5c85e
q616899c8,d61d7d1c6
q616899c8,d6165fb0a
q616899c8,d61d55f7c
q616581ca,d61658206
q616581ca,d61d30128
q616581ca,d61ddcb30
q616581ca,d61cf2e2c
q616581ca,d61cf6266
q616581ca,d61d71a42
q616581ca,d61cf3e12
q616581ca,d61dae168
q616581ca,d61d6d3fc
q616581ca,d61dd74c8
q61688154,d616881ae
q61688154,d61d59b54
q61688154,d61dd1c08
q61688154,d61cf6b30
q61688154,d6167c390
q61688154,d61673f24
q61688154,d61d58538
q61688154,d61d65936
q61688154,d61de7968
q61688154,d6167197c
q616840ae,d61d57b2e
q616840ae,d61d5e190
q616840ae,d61d80042
q616840ae,d61d66836
q616840ae,d61e2511e
q616840ae,d61d4c026
q616840ae,d61d568a0
q616840ae,d61e8e844
q616840ae,d61d2e1b6
q616840ae,d61d2fe08
q6169fe8a,d61ddd210
q6169fe8a,d61d5d6fa
q6169fe8a,d61dabb8e
q6169fe8a,d61e2a77c
q6169fe8a,d61d5b4b8
q6169fe8a,d61d56c38
q6169fe8a,d61d37b26
q6169fe8a,d61d358da
q6169fe8a,d61ddcb30
q6169fe8a,d61d2cb9a
q61658396,d61d5a766
q61658396,d616583e6
q61658396,d61d8b38e
q61658396,d61d2bc72
q61658396,d61d934f8
q61658396,d61d8f5c4
q61658396,d6165525e
q61658396,d61d4ca58
q61658396,d61d4ae6a
q61658396,d61da9438
q61669db2,d61de7a4e
q61669db2,d61cfe97a
q61669db2,d61e4a4be
q61669db2,d61da0ff4
q61669db2,d61d5dccc
q61669db2,d616520ea
q61669db2,d61e70204
q61669db2,d61d38d32
q61669db2,d61dca6c4
q61669db2,d61d31334
q616521a8,d61d358da
q616521a8,d61d11cfa
q616521a8,d61d3c7b6
q616521a8,d61d451cc
q616521a8,d61d2cb9a
q616521a8,d61dabb8e
q616521a8,d61dbd514
q616521a8,d61d36564
q616521a8,d61dd74c8
q616521a8,d61da770a
q61693234,d6167c0d4
q61693234,d61e3e772
q61693234,d61dc9b3e
q61693234,d61d30128
q61693234,d61d3f6e6
q61693234,d61da87b8
q61693234,d61d9e858
q61693234,d6165d7a6
q61693234,d61d12542
q61693234,d61ddcb30
q616acc3e,d6169f412
q616acc3e,d61d4b41e
q616acc3e,d61d3d5bc
q616acc3e,d61d96b26
q616acc3e,d61d35236
q616acc3e,d61d790ee
q616acc3e,d61d590e6
q616acc3e,d61e044e6
q616acc3e,d61d8d47c
q616acc3e,d61e5a97c
q61698ac2,d61657f36
q61698ac2,d61d782a2
q61698ac2,d616506f0
q61698ac2,d6166e6c8
q61698ac2,d6166a47e
q61698ac2,d61cff1ae
q61698ac2,d61d4ece0
q61698ac2,d6166a258
q61698ac2,d61dce62a
q61698ac2,d61dddbc0
q61696c0e,d61d57a48
q61696c0e,d61d370c2
q61696c0e,d61d49f2e
q61696c0e,d61e25042
q61696c0e,d61653f9e
q61696c0e,d61dd2108
q61696c0e,d61d4951a
q61696c0e,d61d01bd4
q61696c0e,d6166500a
q61696c0e,d61d90064
q6165bee2,d6165bf50
q6165bee2,d61d2f908
q6165bee2,d61d5da60
q6165bee2,d61d5393e
q6165bee2,d61d35808
q6165bee2,d61d4e56a
q6165bee2,d61672692
q6165bee2,d61d80a38
q6165bee2,d61d7ab2e
q6165bee2,d61e908c4
q61692a96,d616596b0
q61692a96,d61d2f20a
q61692a96,d61d48642
q61692a96,d61d3763a
q61692a96,d61e4f41e
q61692a96,d61d6f710
q61692a96,d61672692
q61692a96,d61669efc
q61692a96,d61d4a8c0
q61692a96,d61d3c8ba
q61657ab8,d61dd4a48
q61657ab8,d61d4984e
q61657ab8,d61cf6b30
q61657ab8,d6167c390
q61657ab8,d616881ae
q61657ab8,d61d59b54
q61657ab8,d61d870a4
q61657ab8,d61ddc11c
q61657ab8,d61de7968
q61657ab8,d61dd1c08
q61692758,d61d3982c
q61692758,d6169da04
q61692758,d61d7c30c
q61692758,d61d08a74
q61692758,d616596b0
q61692758,d61d598b6
q61692758,d61d7477e
q61692758,d61d5e078
q61692758,d61e2a880
q61692758,d61d297ce
q61691dee,d61d3158c
q61691dee,d61ddc3a6
q61691dee,d61d857e0
q61691dee,d61d43548
q61691dee,d61d8916a
q61691dee,d61d5dd9e
q61691dee,d61cfa942
q61691dee,d6166299a
q61691dee,d61651488
q61691dee,d61d559c8
q61691236,d61659c0a
q61691236,d6165c25c
q61691236,d61d697d4
q61691236,d61d625ba
q61691236,d61d64676
q61691236,d61cf30b6
q61691236,d61d6fa1c
q61691236,d61d3f290
q61691236,d61cf66d0
q61691236,d61d40c94
q61664452,d616644ac
q61664452,d61e4096e
q61664452,d61dfd22c
q61664452,d61cf3cfa
q61664452,d61dd38aa
q61664452,d61e8ecea
q61664452,d61e5e6c6
q61664452,d61dab116
q61664452,d61ded264
q61664452,d61d4edda
q6167287c,d61d39c46
q6167287c,d61d7477e
q6167287c,d61e090ea
q6167287c,d61653d14
q6167287c,d61666b6c
q6167287c,d61d70f98
q6167287c,d61d92bf2
q6167287c,d61d4a992
q6167287c,d61d37c2a
q6167287c,d61dcfe80
q6165a880,d61d4951a
q6165a880,d61d7a9f8
q6165a880,d61e15df4
q6165a880,d61d3ac0e
q6165a880,d61d5bfb2
q6165a880,d61d370c2
q6165a880,d61d0a0ae
q6165a880,d61d720dc
q6165a880,d61dcf764
q6165a880,d61d2a322
q6165f0c4,d61d4aac8
q6165f0c4,d61d5c76e
q6165f0c4,d6165f11e
q6165f0c4,d61d29ba2
q6165f0c4,d61d2c73a
q6165f0c4,d61d2d5b8
q6165f0c4,d61e1c8ca
q6165f0c4,d61d7a6b0
q6165f0c4,d61d02ea8
q6165f0c4,d6168643a
q6167a3d8,d61d4611c
q6167a3d8,d61d938f4
q6167a3d8,d61d02246
q6167a3d8,d6166fae6
q6167a3d8,d61d68794
q6167a3d8,d61cf33e0
q6167a3d8,d61e6e792
q6167a3d8,d61d4e9d4
q6167a3d8,d61db6b9c
q6167a3d8,d61da6350
q61685e04,d6165ef8e
q61685e04,d61d59e6a
q61685e04,d61cef060
q61685e04,d61691998
q61685e04,d61d75b24
q61685e04,d61d49a42
q61685e04,d61d78388
q61685e04,d61d9ee7a
q61685e04,d61dc5c78
q61685e04,d61d62b46
q6166c166,d61d30df8
q6166c166,d61d34408
q6166c166,d61e2c81a
q6166c166,d61e2aeca
q6166c166,d6166b856
q6166c166,d61d5c0c0
q6166c166,d61e9225a
q6166c166,d61d4fcb2
q6166c166,d61d73a36
q6166c166,d6166041a
q6169cf1e,d6169ca1e
q6169cf1e,d61d89354
q6169cf1e,d61e09ba8
q6169cf1e,d61cefa60
q6169cf1e,d61d3791e
q6169cf1e,d61d66a34
q6169cf1e,d61dd4ca0
q6169cf1e,d61657de2
q6169cf1e,d61e3b93c
q6169cf1e,d61dc07fa
q6167d4c0,d61db8f78
q6167d4c0,d61cf6b30
q6167d4c0,d61d59474
q6167d4c0,d61d59b54
q6167d4c0,d6167c390
q6167d4c0,d61dd4a48
q6167d4c0,d61d4984e
q6167d4c0,d616881ae
q6167d4c0,d61dd1c08
q6167d4c0,d61d58538
q61669632,d61662f44
q61669632,d61d308da
q61669632,d61669682
q61669632,d61668304
q61669632,d61dbf922
q61669632,d6166a820
q61669632,d61d67d6c
q61669632,d61dfe0aa
q61669632,d61e65a3e
q61669632,d61673916
q61653cb0,d61e5a97c
q61653cb0,d61e5e6c6
q61653cb0,d61d6b020
q61653cb0,d61d37392
q61653cb0,d61d78388
q61653cb0,d61d6ab16
q61653cb0,d61d665f2
q61653cb0,d61da8696
q61653cb0,d61d5860a
q61653cb0,d61d8e9f8
q616acf4a,d61da9258
q616acf4a,d6168cff6
q616acf4a,d61d644e6
q616acf4a,d61d65756
q616acf4a,d6165a6dc
q616acf4a,d61d38616
q616acf4a,d61672692
q616acf4a,d6165c25c
q616acf4a,d61de523a
q616acf4a,d61d59e6a
q6166b572,d6166369c
q6166b572,d61da9258
q6166b572,d61658b70
q6166b572,d61d85088
q6166b572,d61d10d5a
q6166b572,d61d5c336
q6166b572,d61d5dc0e
q6166b572,d61d5e50a
q6166b572,d616831c2
q6166b572,d61cf7436
q616ab0c8,d61ea9748
q616ab0c8,d61d79b7a
q616ab0c8,d61e1d8a6
q616ab0c8,d616950b6
q616ab0c8,d61d723a2
q616ab0c8,d61df6328
q616ab0c8,d61db2fba
q616ab0c8,d61d6d2c6
q616ab0c8,d6165270c
q616ab0c8,d61d8a966
q616869a8,d61d4bb80
q616869a8,d61dcf764
q616869a8,d61d8a452
q616869a8,d61cf0b04
q616869a8,d6169a002
q616869a8,d61d2f69c
q616869a8,d61dbc920
q616869a8,d61d8c270
q616869a8,d61d09fd2
q616869a8,d61d562b0
q616a56be,d616540de
q616a56be,d61e8303e
q616a56be,d61e0b32c
q616a56be,d61d08a74
q616a56be,d61e044e6
q616a56be,d61d61976
q616a56be,d61dc20be
q616a56be,d61d8f4ac
q616a56be,d61d35236
q616a56be,d6169f412
q616679fe,d61e090ea
q616679fe,d61667a3a
q616679fe,d61d7477e
q616679fe,d61652ad6
q616679fe,d61d7e7c4
q616679fe,d61e46404
q616679fe,d61d39a3e
q616679fe,d61cf0ffa
q616679fe,d61e0b32c
q616679fe,d61e1073c
q61689d7e,d61cf8a02
q61689d7e,d6164f9bc
q61689d7e,d61d87eb4
q61689d7e,d61dd23f6
q61689d7e,d61dbff3a
q61689d7e,d61d43cd2
q61689d7e,d61d30042
q61689d7e,d61d9b90a
q61689d7e,d61d350f6
q61689d7e,d61e1e2f6
q61655b6e,d61655bb4
q61655b6e,d61d36a1e
q61655b6e,d61e9da2e
q61655b6e,d61e99514
q61655b6e,d61d4e9d4
q61655b6e,d61d938f4
q61655b6e,d61d8c95a
q61655b6e,d61d7a9f8
q61655b6e,d6165a042
q61655b6e,d61d9e754
q616ac9a0,d61d6ecc0
q616ac9a0,d6167743a
q616ac9a0,d61e28986
q616ac9a0,d61e2557e
q616ac9a0,d61cf31f6
q616ac9a0,d61d2e828
q616ac9a0,d61d431c4
q616ac9a0,d61d6f85a
q616ac9a0,d61df65a8
q616ac9a0,d61d2f5ac
q6168a38c,d61cfff00
q6168a38c,d61cff1ae
q6168a38c,d61d9b28e
q6168a38c,d6166af5a
q6168a38c,d6166a258
q6168a38c,d61db4464
q6168a38c,d61d2f110
q6168a38c,d61da241c
q6168a38c,d61d45316
q6168a38c,d61d46eb4
q616a3652,d61d74a4e
q616a3652,d616580b2
q616a3652,d61d7ea58
q616a3652,d6166c440
q616a3652,d6165556a
q616a3652,d61ea6bd8
q616a3652,d61cfaab4
q616a3652,d61dc0eda
q616a3652,d61e9a59a
q616a3652,d61d0fd74
q616a7a90,d61d670c4
q616a7a90,d61d3ab46
q616a7a90,d61d66836
q616a7a90,d61e2a880
q616a7a90,d61d5c458
q616a7a90,d61dcb9f2
q616a7a90,d61dbaf26
q616a7a90,d61d3d5bc
q616a7a90,d61e3b43c
q616a7a90,d61e23206
q616a04c0,d61d53af6
q616a04c0,d61d08ed4
q616a04c0,d61d610de
q616a04c0,d61673dee
q616a04c0,d61d44902
q616a04c0,d61de898a
q616a04c0,d61d33f26
q616a04c0,d61d5b378
q616a04c0,d61d05716
q616a04c0,d61d66138
q616731e6,d61d37392
q616731e6,d61cfdcfa
q616731e6,d61e3b93c
q616731e6,d61e83a7a
q616731e6,d61d40ed8
q616731e6,d61e243f4
q616731e6,d61663980
q616731e6,d61d31226
q616731e6,d61d49e66
q616731e6,d61d37c2a
q6169a9da,d61680d6e
q6169a9da,d61d531dc
q6169a9da,d61d2d888
q6169a9da,d61d37e00
q6169a9da,d61d3f8bc
q6169a9da,d61658206
q6169a9da,d61d3aff6
q6169a9da,d61db0b2a
q6169a9da,d61d40b5e
q6169a9da,d61cf198c
q6169a0ca,d61d8e890
q6169a0ca,d61d00bbc
q6169a0ca,d61ddbd84
q6169a0ca,d6165f344
q6169a0ca,d61d82e0a
q6169a0ca,d61d814a6
q6169a0ca,d61e090ea
q6169a0ca,d61d0705c
q6169a0ca,d61e1ed50
q6169a0ca,d61652ad6
q616632d2,d61d50f40
q616632d2,d6165db98
q616632d2,d61d8420a
q616632d2,d61e9225a
q616632d2,d61d553b0
q616632d2,d61dcfe80
q616632d2,d61d5b0e4
q616632d2,d6166b856
q616632d2,d61df4afa
q616632d2,d61ded89a
q61696fb0,d61dd95ca
q61696fb0,d6167a2a2
q61696fb0,d61d33328
q61696fb0,d61d7dcfc
q61696fb0,d61666450
q61696fb0,d61d36690
q61696fb0,d61d53ff6
q61696fb0,d61d8fb0a
q61696fb0,d61d42a12
q61696fb0,d6166af5a
q6165a682,d6165a6dc
q6165a682,d61672692
q6165a682,d61d4bd24
q6165a682,d61d05716
q6165a682,d61df717e
q6165a682,d61d8cb12
q6165a682,d6168e4f0
q6165a682,d61cfbc98
q6165a682,d61d136a4
q6165a682,d61650830
q61686c96,d61669fec
q61686c96,d61d53a06
q61686c96,d61d9416e
q61686c96,d61e80852
q61686c96,d61e3a5aa
q61686c96,d61e163a8
q61686c96,d61e36a68
q61686c96,d61d00dce
q61686c96,d61d3fae2
q61686c96,d61d3c16c
q616554fc,d61db7ede
q616554fc,d6166c08a
q616554fc,d61e01bc4
q616554fc,d61d316ae
q616554fc,d6165e8ae
q616554fc,d61d40140
q616554fc,d61d505b8
q616554fc,d61ddb53c
q616554fc,d61d83e04
q616554fc,d61d8cc52
q616a0754,d6166eb32
q616a0754,d61da5338
q616a0754,d61d72640
q616a0754,d61d36488
q616a0754,d61d67970
q616a0754,d61cef27c
q616a0754,d61df8538
q616a0754,d61d96824
q616a0754,d61d2e33c
q616a0754,d61d5dd9e
q6167e24e,d61d2c4b0
q6167e24e,d61d6f954
q6167e24e,d61dbec5c
q6167e24e,d61d34d22
q6167e24e,d61db74fc
q6167e24e,d61d78b1c
q6167e24e,d61d3ba6e
q6167e24e,d61d00676
q6167e24e,d61e149e0
q6167e24e,d61d5d6fa
q61671210,d61671260
q61671210,d61d34912
q61671210,d61e25042
q61671210,d61d14e5a
q61671210,d61d62a42
q61671210,d61dbe464
q61671210,d61d8b532
q61671210,d61699ada
q61671210,d61dce62a
q61671210,d61d65e9a
q61695c96,d61d8c77a
q61695c96,d61693414
q61695c96,d6166655e
q61695c96,d61dbe464
q61695c96,d61dfd4ac
q61695c96,d61d2a322
q61695c96,d61665c62
q61695c96,d61da9744
q61695c96,d61d2a016
q61695c96,d61d61016
q61695e76,d61cf1a9a
q61695e76,d61e502a6
q61695e76,d6165c82e
q61695e76,d61d0be54
q61695e76,d61dd6dca
q61695e76,d61daffcc
q61695e76,d61665db6
q61695e76,d61df4dc0
q61695e76,d61d80042
q61695e76,d61668ab6
q61673c68,d61d8650a
q61673c68,d61d53c40
q61673c68,d61dbba2a
q61673c68,d61d48642
q61673c68,d61d44902
q61673c68,d61d562b0
q61673c68,d61673dee
q61673c68,d61d297ce
q61673c68,d61df7962
q61673c68,d61d74ff8
q61688ed8,d61d83e04
q61688ed8,d6165556a
q61688ed8,d61ddb53c
q61688ed8,d61cf706c
q61688ed8,d61d40140
q61688ed8,d61dd8274
q61688ed8,d6166c08a
q61688ed8,d61d316ae
q61688ed8,d61e01bc4
q61688ed8,d61d505b8
q6165d24c,d61d408ac
q6165d24c,d6165d2a6
q6165d24c,d61d605c6
q6165d24c,d61e06b88
q6165d24c,d61dcd93c
q6165d24c,d61de7620
q6165d24c,d61dfe8f2
q6165d24c,d61e33962
q6165d24c,d61651906
q6165d24c,d61d3cba8
q616699ca,d61d37392
q616699ca,d616644ac
q616699ca,d61d67970
q616699ca,d61663980
q616699ca,d61e4aba8
q616699ca,d61d711aa
q616699ca,d61da1292
q616699ca,d61d72640
q616699ca,d61d9c044
q616699ca,d61dfd22c
q616a1e24,d61dd0fc4
q616a1e24,d61d99f92
q616a1e24,d61d2b934
q616a1e24,d61d82914
q616a1e24,d61dea83e
q616a1e24,d61d4c512
q616a1e24,d61d9f8e8
q616a1e24,d616a1e56
q616a1e24,d61d5839e
q616a1e24,d61d5de84
q616a6578,d61d7ab2e
q616a6578,d61d80a38
q616a6578,d61db15ca
q616a6578,d61d4e56a
q616a6578,d61d59e6a
q616a6578,d61650b5a
q616a6578,d61d6fa1c
q616a6578,d61d7c244
q616a6578,d61cf29b8
q616a6578,d61e07092
q616abac8,d61cfdbf6
q616abac8,d61dcf764
q616abac8,d61cf6cac
q616abac8,d61d3da3a
q616abac8,d616680b6
q616abac8,d61dabda0
q616abac8,d61d014d6
q616abac8,d61d96720
q616abac8,d61d297ce
q616abac8,d61651dca
q616a0c36,d61d9aa64
q616a0c36,d61cefb6e
q616a0c36,d61d2b448
q616a0c36,d61d15954
q616a0c36,d61693e8c
q616a0c36,d61e1e9a4
q616a0c36,d61e94136
q616a0c36,d61d046b8
q616a0c36,d61d57f48
q616a0c36,d61d3c23e
q6167c93a,d6165996c
q6167c93a,d61cf713e
q6167c93a,d61d41d7e
q6167c93a,d61e42c3c
q6167c93a,d61d7b95c
q6167c93a,d61653f9e
q6167c93a,d61dcd0fe
q6167c93a,d61d57a48
q6167c93a,d61d7af20
q6167c93a,d6167a112
q616a3ed6,d6166e8e4
q616a3ed6,d61d9dac0
q616a3ed6,d6166125c
q616a3ed6,d61d7477e
q616a3ed6,d61d818b6
q616a3ed6,d61d35362
q616a3ed6,d61e2c9a0
q616a3ed6,d61677610
q616a3ed6,d61d39a3e
q616a3ed6,d61db74fc
q6165b712,d6165b74e
q6165b712,d6166655e
q6165b712,d61de4ccc
q6165b712,d61d483ae
q6165b712,d6168ea86
q6165b712,d61d7cb40
q6165b712,d61db88f2
q6165b712,d61d89a98
q6165b712,d61d41824
q6165b712,d61693414
q6165a178,d61d66836
q6165a178,d61da796c
q6165a178,d61dcd93c
q6165a178,d61d61016
q6165a178,d61652ff4
q6165a178,d61d42ada
q6165a178,d61e62d66
q6165a178,d61651906
q6165a178,d61d4163a
q6165a178,d61dbaf26
q61659908,d61d3c432
q61659908,d61d54ce4
q61659908,d61d4984e
q61659908,d6167743a
q61659908,d61653d14
q61659908,d61dddbc0
q61659908,d61d5b670
q61659908,d61e1b86c
q61659908,d61d3a81c
q61659908,d61d4d980
q6169c8ca,d61d7567e
q6169c8ca,d61d87554
q6169c8ca,d61de0e06
q6169c8ca,d61657626
q6169c8ca,d61d34c46
q6169c8ca,d61d41914
q6169c8ca,d61d08574
q6169c8ca,d61ddb9f6
q6169c8ca,d61d4b1b2
q6169c8ca,d61e171fe
q6165c202,d6165c25c
q6165c202,d61e2b050
q6165c202,d61d6fa1c
q6165c202,d61cfbc98
q6165c202,d61da59e6
q6165c202,d61d39d7c
q6165c202,d61ded7dc
q6165c202,d61cf30b6
q6165c202,d61d40c94
q6165c202,d61654fe8
q61693694,d6165a36c
q61693694,d61dee060
q61693694,d61cfb3d8
q61693694,d61d3e610
q61693694,d61dd836e
q61693694,d61d4b82e
q61693694,d61da4d98
q61693694,d61d45aaa
q61693694,d61d782a2
q61693694,d61d880a8
q616a1668,d61650830
q616a1668,d61d8cb12
q616a1668,d61df3bdc
q616a1668,d61d85448
q616a1668,d6165cdec
q616a1668,d61d9ca94
q616a1668,d61d927c4
q616a1668,d61d8052e
q616a1668,d61d8420a
q616a1668,d61d4677a
q61699e04,d61ddcefa
q61699e04,d61d46a22
q61699e04,d6165d666
q61699e04,d61659156
q61699e04,d61d64676
q61699e04,d61d625ba
q61699e04,d61d697d4
q61699e04,d61d7b362
q61699e04,d61dc5a8e
q61699e04,d61e8325a
q616788e4,d61d34a7a
q616788e4,d61e65250
q616788e4,d61d57b2e
q616788e4,d61d3d5bc
q616788e4,d61d56b70
q616788e4,d61da22f0
q616788e4,d61d7f106
q616788e4,d61d2fe08
q616788e4,d61d535b0
q616788e4,d61d61016
q61676e18,d61d4021c
q61676e18,d6165ef8e
q61676e18,d61d610de
q61676e18,d61d1fc2e
q61676e18,d61da827c
q61676e18,d6165c626
q61676e18,d61654976
q61676e18,d61d316ae
q61676e18,d61d3110e
q61676e18,d61cf8f20
q6167aa86,d6167aacc
q6167aa86,d61d5b1d4
q6167aa86,d61d34d22
q6167aa86,d6165defe
q6167aa86,d61d3fccc
q6167aa86,d61d36960
q6167aa86,d61dbec5c
q6167aa86,d61db3a78
q6167aa86,d61db74fc
q6167aa86,d61d342fa
q61655664,d61ddd210
q61655664,d616556b4
q61655664,d61d305d8
q61655664,d61e0adb4
q61655664,d61de8778
q61655664,d61d694fa
q61655664,d61ddb62c
q61655664,d61680b16
q61655664,d61d216c8
q61655664,d61653e4a
q6167c5f2,d61d89d90
q6167c5f2,d61d72460
q6167c5f2,d61d3c9be
q6167c5f2,d61cf0b04
q6167c5f2,d61d6f710
q6167c5f2,d6165e052
q6167c5f2,d6165c9a0
q6167c5f2,d61cf249a
q6167c5f2,d61d7acfa
q6167c5f2,d616596b0
q61680274,d61dcf764
q61680274,d61dbc920
q61680274,d61d33f26
q61680274,d61d74ff8
q61680274,d61d562b0
q61680274,d61d8c270
q61680274,d61d8d170
q61680274,d61d8a452
q61680274,d61673dee
q61680274,d61d96720
q616959b2,d61654d5e
q616959b2,d61cf6e96
q616959b2,d61e6e792
q616959b2,d61d3772a
q616959b2,d61d566ca
q616959b2,d61de2f94
q616959b2,d61d06940
q616959b2,d61d4a992
q616959b2,d61d3d2ce
q616959b2,d616868fe
q61680558,d61668eda
q61680558,d61d89354
q61680558,d61e97bba
q61680558,d61cffbcc
q61680558,d6165bc6c
q61680558,d61e09ba8
q61680558,d6165241e
q61680558,d6169ca1e
q61680558,d61e2ce1e
q61680558,d6165e3e0
q616a5c18,d61cefb6e
q616a5c18,d6166f3e8
q616a5c18,d61dd2dec
q616a5c18,d61d96a0e
q616a5c18,d61d6b9f8
q616a5c18,d61d9aa64
q616a5c18,d61dcd37e
q616a5c18,d61d3ff2e
q616a5c18,d61e5042c
q616a5c18,d61d835e4
q6166cb66,d61d6f954
q6166cb66,d61d68e42
q6166cb66,d61d36960
q6166cb66,d6165b4a6
q6166cb66,d61d3fae2
q6166cb66,d61db3a78
q6166cb66,d61d37b26
q6166cb66,d6166125c
q6166cb66,d61d56c38
q6166cb66,d61d34d22
q616964d4,d616515c8
q616964d4,d61dd95ca
q616964d4,d61d4eba0
q616964d4,d616673dc
q616964d4,d61d76d1c
q616964d4,d61dfa6bc
q616964d4,d61d558ce
q616964d4,d61d39002
q616964d4,d61d588da
q616964d4,d61dba49a
q616885fa,d61de7620
q616885fa,d61651906
q616885fa,d61dcd93c
q616885fa,d61dfe8f2
q616885fa,d61e33962
q616885fa,d6167c868
q616885fa,d61d3cba8
q616885fa,d61d98dcc
q616885fa,d61e37ed6
q616885fa,d61652ff4
q61656b54,d61d91928
q61656b54,d61d32ca2
q61656b54,d61d77df2
q61656b54,d61dab45e
q61656b54,d61cf735a
q61656b54,d61dbab34
q61656b54,d61d80e70
q61656b54,d61d5f55e
q61656b54,d61656bae
q61656b54,d61d196b2
q616823d0,d61cf66d0
q616823d0,d61df03f6
q616823d0,d61d91626
q616823d0,d61d625ba
q616823d0,d61d644e6
q616823d0,d61e26406
q616823d0,d61d39d7c
q616823d0,d61cf6f72
q616823d0,d61dde570
q616823d0,d61cf30b6
q616a9e9e,d61d3d5bc
q616a9e9e,d61dd02b8
q616a9e9e,d61d80042
q616a9e9e,d61d65f8a
q616a9e9e,d6165c25c
q616a9e9e,d61d858da
q616a9e9e,d61d6c218
q616a9e9e,d61da22f0
q616a9e9e,d61665db6
q616a9e9e,d616644ac
q6166564a,d61d74ff8
q6166564a,d61661aea
q6166564a,d61dcfc82
q6166564a,d61d2dd92
q6166564a,d61673dee
q6166564a,d61d99e84
q6166564a,d61d53c40
q6166564a,d61de898a
q6166564a,d61cf1270
q6166564a,d61d53af6
q61685d14,d61e1ee40
q61685d14,d61650ce0
q61685d14,d6165b23a
q61685d14,d6165e9e4
q61685d14,d61d6206a
q61685d14,d61d4d7d2
q61685d14,d61db9892
q61685d14,d61d134ba
q61685d14,d61ceeec6
q61685d14,d61e487cc
q6164f962,d61cf8a02
q6164f962,d6164f9bc
q6164f962,d61d87eb4
q6164f962,d61e96ad0
q6164f962,d61d43cd2
q6164f962,d61e1e2f6
q6164f962,d61e7f02e
q6164f962,d6167c228
q6164f962,d61cfe97a
q6164f962,d61dc93b4
q6167707a,d61d60aee
q6167707a,d6166d2b4
q6167707a,d61d9424a
q6167707a,d61cef178
q6167707a,d61dab2ec
q6167707a,d61d174ca
q6167707a,d61d379f0
q6167707a,d61d670c4
q6167707a,d61d8ab3c
q6167707a,d61d3ab46
q6166120c,d6166125c
q6166120c,d61db74fc
q6166120c,d61d7c30c
q6166120c,d61d6f954
q6166120c,d61d66390
q6166120c,d61d36cf8
q6166120c,d616592c8
q6166120c,d61db3a78
q6166120c,d61d00676
q6166120c,d61d694fa
q61672318,d61d7c7b2
q61672318,d61cf30b6
q61672318,d61d530ba
q61672318,d61dff6ee
q61672318,d61d29df0
q61672318,d61cf706c
q61672318,d61dd6ac8
q61672318,d61d4a078
q61672318,d61db2db2
q61672318,d61d4bc48
q616ab604,d61687736
q616ab604,d61d2129a
q616ab604,d61e48e3e
q616ab604,d61d370c2
q616ab604,d6167bf94
q616ab604,d61d77596
q616ab604,d61d49f2e
q616ab604,d61d4951a
q616ab604,d61dbec5c
q616ab604,d616539a4
q6167d27c,d6166b856
q6167d27c,d61d5c0c0
q6167d27c,d61d6f954
q6167d27c,d61d3fbdc
q6167d27c,d61d553b0
q6167d27c,d61d2912a
q6167d27c,d61d31046
q6167d27c,d61d80218
q6167d27c,d61d30df8
q6167d27c,d61d4fcb2
q616734b6,d6166f3e8
q616734b6,d61d68596
q616734b6,d61d7a156
q616734b6,d61664b46
q616734b6,d61e04a0e
q616734b6,d61dd2dec
q616734b6,d61d56dd2
q616734b6,d61dc2d52
q616734b6,d61d686ae
q616734b6,d61d3f4f2
q61669c9a,d61d4fcb2
q61669c9a,d61de3480
q61669c9a,d6166f87a
q61669c9a,d6166041a
q61669c9a,d61d47e04
q61669c9a,d61d77596
q61669c9a,d61d6024c
q61669c9a,d61d7b452
q61669c9a,d61d5c0c0
q61669c9a,d6166b856
q616a3760,d6167fbbc
q616a3760,d616545fc
q616a3760,d61d7febc
q616a3760,d61dc26ae
q616a3760,d61658738
q616a3760,d61d147ca
q616a3760,d61dd0420
q616a3760,d61e19ec2
q616a3760,d61e633e2
q616a3760,d61d8e9f8
q6167fe1e,d61e33dd6
q6167fe1e,d61d895f2
q6167fe1e,d61d3b56e
q6167fe1e,d61ea6bd8
q6167fe1e,d61d6356e
q6167fe1e,d6164fc46
q6167fe1e,d6166224c
q6167fe1e,d61da827c
q6167fe1e,d61d3c16c
q6167fe1e,d61d84b92
q61680eae,d6167331c
q61680eae,d61d8031c
q61680eae,d61de55dc
q61680eae,d61657f36
q61680eae,d61ea6bd8
q61680eae,d61dc39dc
q61680eae,d61d0a0ae
q61680eae,d61e0148a
q61680eae,d61d640e0
q61680eae,d6166224c
q61666040,d61cfd99e
q61666040,d61654976
q61666040,d6168290c
q61666040,d61d297ce
q61666040,d61de7206
q61666040,d61d55054
q61666040,d61cefdb2
q61666040,d61d4a078
q61666040,d61cfe4ac
q61666040,d61cfb86a
q6165e2d2,d616535da
q6165e2d2,d61d712cc
q6165e2d2,d61d36f28
q6165e2d2,d61d9deee
q6165e2d2,d61dc620e
q6165e2d2,d61d99e84
q6165e2d2,d61d5034c
q6165e2d2,d61d0e8ca
q6165e2d2,d61d3d706
q6165e2d2,d61d4bf2c
q61676076,d616760d0
q61676076,d61d5bfb2
q61676076,d61db19bc
q61676076,d61dcb1c8
q61676076,d61cf1f0e
q61676076,d61d7a91c
q61676076,d61e502a6
q61676076,d61d535b0
q61676076,d61d91e96
q61676076,d61d870a4
q61670540,d61670572
q61670540,d61693946
q61670540,d61d29cb0
q61670540,d61651dca
q61670540,d61d4e1be
q61670540,d61db79a2
q61670540,d61d2bede
q61670540,d61d48ffc
q61670540,d61d057de
q61670540,d61d77596
q616a9854,d61d13dac
q616a9854,d61e3b43c
q616a9854,d6165270c
q616a9854,d61d6d2c6
q616a9854,d616950b6
q616a9854,d61d953f2
q616a9854,d61cf84b2
q616a9854,d61e40554
q616a9854,d61e65a3e
q616a9854,d61dceeea
q616a08d0,d61ea9748
q616a08d0,d61e1d8a6
q616a08d0,d61d79b7a
q616a08d0,d61db17dc
q616a08d0,d6165270c
q616a08d0,d61db2fba
q616a08d0,d61d8a966
q616a08d0,d61d6d2c6
q616a08d0,d616950b6
q616a08d0,d61d45532
q6165d8a0,d61e33962
q6165d8a0,d61da7804
q6165d8a0,d61d0fae0
q6165d8a0,d6165d8fa
q6165d8a0,d61d3cba8
q6165d8a0,d61dc2d52
q6165d8a0,d61ea84ba
q6165d8a0,d61d3f0a6
q6165d8a0,d61dfe8f2
q6165d8a0,d61d5e190
q6166e100,d61d6cee8
q6166e100,d61d2ea30
q6166e100,d61cf30b6
q6166e100,d61cf3b74
q6166e100,d61e9ebae
q6166e100,d61d29df0
q6166e100,d61d4bc48
q6166e100,d61da0c3e
q6166e100,d61d35e70
q6166e100,d61cfe4ac
q6165d9e0,d61d2c3a2
q6165d9e0,d61d4611c
q6165d9e0,d61d49628
q6165d9e0,d61e6e792
q6165d9e0,d61de98ee
q6165d9e0,d61d02246
q6165d9e0,d61d4fdac
q6165d9e0,d61dc6952
q6165d9e0,d61de2f94
q6165d9e0,d61654d5e
q6167b47c,d6165c82e
q6167b47c,d61ddaf38
q6167b47c,d61d56fa8
q6167b47c,d61dbca42
q6167b47c,d61d9dda4
q6167b47c,d61e3d1c4
q6167b47c,d61d56dd2
q6167b47c,d6168493c
q6167b47c,d61dd0af6
q6167b47c,d61d1f4ae
q61664ae2,d61e278ec
q61664ae2,d61d90d8e
q61664ae2,d61dd38aa
q61664ae2,d61d3034e
q61664ae2,d61db37ee
q61664ae2,d61cf3cfa
q61664ae2,d61e8ecea
q61664ae2,d61d2f5ac
q61664ae2,d61e104b2
q61664ae2,d61dcdfea
q6169a50c,d61d94eca
q6169a50c,d61d037e0
q6169a50c,d61681034
q6169a50c,d61d8cb12
q6169a50c,d61d01bd4
q6169a50c,d61dbf152
q6169a50c,d61d49f2e
q6169a50c,d61eac8f8
q6169a50c,d61da9438
q6169a50c,d61e8a104
q6169af02,d6166e29a
q6169af02,d61d36c1c
q6169af02,d61d532d6
q6169af02,d61d43908
q6169af02,d61cf177a
q6169af02,d61e090ea
q6169af02,d61e46404
q6169af02,d61da6260
q6169af02,d61d505b8
q6169af02,d61d32dc4
q616ad18e,d6165da30
q616ad18e,d61de2f94
q616ad18e,d61d00590
q616ad18e,d61cfe146
q616ad18e,d61d3d2ce
q616ad18e,d616868fe
q616ad18e,d61d10666
q616ad18e,d61d3b960
q616ad18e,d61672dae
q616ad18e,d6166125c
q6166a096,d61e49cc6
q6166a096,d61daa73e
q6166a096,d6167c868
q6166a096,d61d02142
q6166a096,d61d0262e
q6166a096,d61652ff4
q6166a096,d61cfdad4
q6166a096,d61d4db24
q6166a096,d61d73946
q6166a096,d61e33962
q616a6c12,d61e8d5d4
q616a6c12,d61cfe5b0
q616a6c12,d61d7f106
q616a6c12,d61d84b92
q616a6c12,d61e65250
q616a6c12,d61d87d74
q616a6c12,d6168ddf2
q616a6c12,d61d536dc
q616a6c12,d61d44e02
q616a6c12,d61ea1048
q616981ee,d61668eda
q616981ee,d61d711aa
q616981ee,d61d89354
q616981ee,d61e97bba
q616981ee,d61662094
q616981ee,d61e09ba8
q616981ee,d6165241e
q616981ee,d61d7d2b6
q616981ee,d61e2ce1e
q616981ee,d61667256
q616887b2,d6165bf50
q616887b2,d61d4e56a
q616887b2,d61d53c40
q616887b2,d61d80a38
q616887b2,d61df717e
q616887b2,d61d74ff8
q616887b2,d61d562b0
q616887b2,d61cf03f2
q616887b2,d61d7c244
q616887b2,d61d57764
q616ab9a6,d6166369c
q616ab9a6,d6165d4fe
q616ab9a6,d61e9960e
q616ab9a6,d61664b46
q616ab9a6,d61e5a97c
q616ab9a6,d616644ac
q616ab9a6,d61d8e9f8
q616ab9a6,d61cff780
q616ab9a6,d61d600b2
q616ab9a6,d61def5be
q616898a6,d6166af5a
q616898a6,d61cfff00
q616898a6,d61d2f110
q616898a6,d61d30cc2
q616898a6,d61d8fb0a
q616898a6,d61d45316
q616898a6,d61d358da
q616898a6,d61d46eb4
q616898a6,d61d53ff6
q616898a6,d61de7d28
q61669466,d616606d6
q61669466,d61d2c4b0
q61669466,d61d358da
q61669466,d61d5d6fa
q61669466,d61d42c2e
q61669466,d61dc75d2
q61669466,d61d3fccc
q61669466,d61dd74c8
q61669466,d61dabb8e
q61669466,d61d73ee6
q616a0628,d61cfbc98
q616a0628,d61cf03f2
q616a0628,d61d8d170
q616a0628,d61df7552
q616a0628,d61d8a452
q616a0628,d61d57764
q616a0628,d6165c25c
q616a0628,d61d7c244
q616a0628,d61d59e6a
q616a0628,d6166c7ba
q6168d8fc,d61d671a0
q6168d8fc,d6168ba0c
q6168d8fc,d6166288c
q6168d8fc,d61e1a4a8
q6168d8fc,d61d9f550
q6168d8fc,d61d3d44a
q6168d8fc,d61d7acfa
q6168d8fc,d61d07732
q6168d8fc,d61d014d6
q6168d8fc,d61d33f26
q6168bc46,d61d5b0e4
q6168bc46,d61d4308e
q6168bc46,d61e9225a
q6168bc46,d6165db98
q6168bc46,d61de3480
q6168bc46,d61d3acd6
q6168bc46,d61d67272
q6168bc46,d61d3ba6e
q6168bc46,d61dcbef2
q6168bc46,d61d66390
q61678e66,d61e7f7e0
q61678e66,d61d5e8de
q61678e66,d61d3dee0
q61678e66,d6165628a
q61678e66,d61e9da2e
q61678e66,d61d18550
q61678e66,d61d13fbe
q61678e66,d61d3a81c
q61678e66,d61e024de
q61678e66,d61d48642
q6167f734,d61daf306
q6167f734,d61d05716
q6167f734,d61d84b92
q6167f734,d61d44e02
q6167f734,d616a5204
q6167f734,d61dc5a8e
q6167f734,d61650b5a
q6167f734,d61d46a22
q6167f734,d61d3fae2
q6167f734,d61dbcee8
q6166677a,d61d86e60
q6166677a,d61e12a64
q6166677a,d61d82914
q6166677a,d61d5f7ac
q6166677a,d61d195d6
q6166677a,d61d6169c
q6166677a,d61d9fcb2
q6166677a,d61d84430
q6166677a,d61d50072
q6166677a,d61d3412e
q61686282,d61d75386
q61686282,d61d7a372
q61686282,d616862d2
q61686282,d6165ae20
q61686282,d61d30204
q61686282,d61d2a322
q61686282,d61cf7940
q61686282,d61d30cc2
q61686282,d6166d174
q61686282,d61d408ac
q616851fc,d61d782a2
q616851fc,d61d45aaa
q616851fc,d61d04208
q616851fc,d61657f36
q616851fc,d61d640e0
q616851fc,d6166e6c8
q616851fc,d61dce62a
q616851fc,d61e89d1c
q616851fc,d616506f0
q616851fc,d61cf8660
q61652a68,d61d818b6
q61652a68,d61e1073c
q61652a68,d61652ad6
q61652a68,d61d6f1e8
q61652a68,d61dc918e
q61652a68,d61d7e7c4
q61652a68,d61d535b0
q61652a68,d61d34b56
q61652a68,d61dd1ae6
q61652a68,d61da827c
q616714c2,d61dbe464
q616714c2,d61d2d1f8
q616714c2,d6166655e
q616714c2,d61df14fe
q616714c2,d61d97652
q616714c2,d61dce62a
q616714c2,d61d61016
q616714c2,d61dd0c54
q616714c2,d616509c0
q616714c2,d61d14e5a
q6166ec4a,d61da9546
q6166ec4a,d61d4ca58
q6166ec4a,d61d96928
q6166ec4a,d61d2bc72
q6166ec4a,d6166ace4
q6166ec4a,d61d80632
q6166ec4a,d61dbb94e
q6166ec4a,d61d06846
q6166ec4a,d61d09e2e
q6166ec4a,d61d31b18
q61653486,d61d690f4
q61653486,d616539a4
q61653486,d61d96a0e
q61653486,d61d9aa64
q61653486,d61d34d22
q61653486,d61d6d898
q61653486,d61e1881a
q61653486,d61dc9a3a
q61653486,d61d10d5a
q61653486,d61d41cac
q61678682,d61dcd93c
q61678682,d61e291b0
q61678682,d6165d2a6
q61678682,d61da7804
q61678682,d61e33962
q61678682,d61d56b70
q61678682,d61d73338
q61678682,d61d4c026
q61678682,d61d69cd4
q61678682,d61dfe8f2
q61665d48,d61657130
q61665d48,d61cf34c6
q61665d48,d61d56ed6
q61665d48,d61dbb94e
q61665d48,d61da9ece
q61665d48,d61d85704
q61665d48,d61d934f8
q61665d48,d61e859a6
q61665d48,d61e0333e
q61665d48,d61de70da
q61685616,d61d2b268
q61685616,d6165f5ec
q61685616,d61d9aa64
q61685616,d61dc9a3a
q61685616,d61d3745a
q61685616,d61d96a0e
q61685616,d61660a50
q61685616,d61d3973c
q61685616,d61e35faa
q61685616,d61dd56a0
q616a01fa,d61ea1048
q616a01fa,d61663dfe
q616a01fa,d61d4a7d0
q616a01fa,d61dd6406
q616a01fa,d61d140f4
q616a01fa,d61dd2928
q616a01fa,d61d7e53a
q616a01fa,d61d5870e
q616a01fa,d61d2cb9a
q616a01fa,d61da347a
q6166a550,d61d8650a
q6166a550,d61d74b66
q6166a550,d61d08ed4
q6166a550,d6166e29a
q6166a550,d61e0b32c
q6166a550,d61da901e
q6166a550,d61d3c9be
q6166a550,d61dba8f0
q6166a550,d61652ad6
q6166a550,d61d4f776
q616684d0,d61d9569a
q616684d0,d61d370c2
q616684d0,d61dbe464
q616684d0,d61d80e70
q616684d0,d61e15df4
q616684d0,d61d40316
q616684d0,d61d741a2
q616684d0,d61d671a0
q616684d0,d61d308da
q616684d0,d61dcce42
q616794a6,d6167950a
q616794a6,d61cffd7a
q616794a6,d6167a824
q616794a6,d61d52c32
q616794a6,d61d0fae0
q616794a6,d61e3724c
q616794a6,d61da7804
q616794a6,d61d3fa1a
q616794a6,d61d4ac62
q616794a6,d61e2a880
q6168db2c,d61d79b7a
q6168db2c,d61e1d8a6
q6168db2c,d61ea9748
q6168db2c,d61d925e4
q6168db2c,d61d3b56e
q6168db2c,d6168db72
q6168db2c,d616668f6
q6168db2c,d61d4cc24
q6168db2c,d61d912b6
q6168db2c,d61d3412e
q616671de,d61667256
q616671de,d61668eda
q616671de,d6166224c
q616671de,d61d4f438
q616671de,d61d39c46
q616671de,d61652ad6
q616671de,d6168290c
q616671de,d61654976
q616671de,d61d43908
q616671de,d61d7de50
q616a0394,d6165bf50
q616a0394,d61d4e56a
q616a0394,d61672692
q616a0394,d61d80a38
q616a0394,d61d7ab2e
q616a0394,d61d49c72
q616a0394,d61db15ca
q616a0394,d61db1430
q616a0394,d61d7c244
q616a0394,d61656168
q6165e750,d6165d4fe
q6165e750,d61eac56a
q6165e750,d61d44d30
q6165e750,d6166369c
q6165e750,d61d55180
q6165e750,d61e0f3e6
q6165e750,d61e0ef9a
q6165e750,d61d77f78
q6165e750,d61d35bb4
q6165e750,d61e9960e
q6168003a,d61d4231e
q6168003a,d61d6dea6
q6168003a,d6166ade8
q6168003a,d61e14152
q6168003a,d61d2e0bc
q6168003a,d61d58f1a
q6168003a,d61df3970
q6168003a,d61d938f4
q6168003a,d61d4c954
q6168003a,d61df8826
q6165f2fe,d6165f344
q6165f2fe,d61658864
q6165f2fe,d61d00bbc
q6165f2fe,d61d0705c
q6165f2fe,d61d2e33c
q6165f2fe,d61ddbd84
q6165f2fe,d61d82e0a
q6165f2fe,d61d8e890
q6165f2fe,d61669786
q6165f2fe,d61cf952e
q616a7982,d61de7206
q616a7982,d61652ad6
q616a7982,d61e01afc
q616a7982,d61e91c6a
q616a7982,d61d36c1c
q616a7982,d61d3b56e
q616a7982,d61e8e538
q616a7982,d61d7e7c4
q616a7982,d61e1073c
q616a7982,d61dc918e
q6166d4c6,d61651a6e
q6166d4c6,d61d34408
q6166d4c6,d61ddcb30
q6166d4c6,d61da4e88
q6166d4c6,d61cf3e12
q6166d4c6,d61e61de4
q6166d4c6,d61cf7a44
q6166d4c6,d61d6356e
q6166d4c6,d61d3f5ec
q6166d4c6,d61d91540
q6169776c,d61d04a82
q6169776c,d61d66cf0
q6169776c,d61d5016c
q6169776c,d61d7f200
q6169776c,d61d4ead8
q6169776c,d61d2e1b6
q6169776c,d61d127fe
q6169776c,d61dd96ba
q6169776c,d61d4edda
q6169776c,d61dc5502
q61672444,d61657130
q61672444,d61d56ed6
q61672444,d61da9ece
q61672444,d61dbb94e
q61672444,d61dcf962
q61672444,d61d95d20
q61672444,d61d29cb0
q61672444,d61e1881a
q61672444,d61d3fae2
q61672444,d61e0333e
q6168dece,d616749e2
q6168dece,d61e97ade
q6168dece,d61d606c0
q6168dece,d61d4e7c2
q6168dece,d61dc5962
q6168dece,d61e4d326
q6168dece,d6166d174
q6168dece,d61d938f4
q6168dece,d61d917c0
q6168dece,d61d5e5f0
q6166fa8c,d61d9bf22
q6166fa8c,d61d3a81c
q6166fa8c,d61cf0de8
q6166fa8c,d6166fae6
q6166fa8c,d61d72b2c
q6166fa8c,d6165628a
q6166fa8c,d61cf604a
q6166fa8c,d61cfaab4
q6166fa8c,d61d3dee0
q6166fa8c,d61de98ee
q6167d722,d6166c8e6
q6167d722,d61d2af70
q6167d722,d61d7b592
q6167d722,d61df7962
q6167d722,d61d2c0be
q6167d722,d616596b0
q6167d722,d61d95abe
q6167d722,d61d8e700
q6167d722,d61db50da
q6167d722,d61da01b2
q616925a0,d61dd6406
q616925a0,d61d34a7a
q616925a0,d61d57b2e
q616925a0,d61d97652
q616925a0,d61d42ada
q616925a0,d61dd02b8
q616925a0,d61d80042
q616925a0,d61d4b41e
q616925a0,d61e2511e
q616925a0,d61d97094
q6169aff2,d61d67d6c
q6169aff2,d61d0be54
q6169aff2,d61ddaf38
q6169aff2,d61d31a5a
q6169aff2,d61d8c77a
q6169aff2,d61d55e64
q6169aff2,d61d03fb0
q6169aff2,d61d568a0
q6169aff2,d61d2c73a
q6169aff2,d61d56fa8
q6168f97c,d6167676a
q6168f97c,d61e3b43c
q6168f97c,d61e688ce
q6168f97c,d61677610
q6168f97c,d61e62d66
q6168f97c,d61e8e538
q6168f97c,d61d881a2
q6168f97c,d61d57b2e
q6168f97c,d61d60aee
q6168f97c,d61d858da
q616a704a,d61d02c50
q616a704a,d6169a002
q616a704a,d61e424b2
q616a704a,d61dbcee8
q616a704a,d61d36690
q616a704a,d61d625ba
q616a704a,d61d30042
q616a704a,d61d08894
q616a704a,d61dd23f6
q616a704a,d61de91d2
q616720c0,d6166041a
q616720c0,d61e9225a
q616720c0,d61d2c4b0
q616720c0,d61da770a
q616720c0,d61d42c2e
q616720c0,d61db2218
q616720c0,d61dd74c8
q616720c0,d61e35dfc
q616720c0,d61d3342c
q616720c0,d61e8debc
q6165e4e4,d61d9b1c6
q6165e4e4,d61e1cbea
q6165e4e4,d61666450
q6165e4e4,d61d4ce90
q6165e4e4,d61cf3836
q6165e4e4,d6166a258
q6165e4e4,d6167a2a2
q6165e4e4,d61d02458
q6165e4e4,d61dbe766
q6165e4e4,d61d4eba0
q61688334,d61652ea0
q61688334,d61d4f5d2
q61688334,d61d2d9fa
q61688334,d61dfd4ac
q61688334,d61da9744
q61688334,d6166655e
q61688334,d61d308da
q61688334,d61e090ea
q61688334,d61dbe0b8
q61688334,d61d34b56
q616569d8,d61da2782
q616569d8,d6164fb42
q616569d8,d61656a32
q616569d8,d61e50e54
q616569d8,d61d43b92
q616569d8,d61d5f234
q616569d8,d61d52c32
q616569d8,d61d3a452
q616569d8,d61d90064
q616569d8,d61d66138
q61694ef4,d61d7e7c4
q61694ef4,d61e1073c
q61694ef4,d61d793b4
q61694ef4,d61667a3a
q61694ef4,d61da827c
q61694ef4,d61652ad6
q61694ef4,d61da6260
q61694ef4,d61dba8f0
q61694ef4,d61d4f8ca
q61694ef4,d61d73428
q616504de,d61650524
q616504de,d61e2557e
q616504de,d61d6ecc0
q616504de,d61e28986
q616504de,d61d88490
q616504de,d61674046
q616504de,d61e8b0ea
q616504de,d61d5fefa
q616504de,d61e32e2c
q616504de,d61e89f24
q6166ad98,d6166ade8
q6166ad98,d61d4231e
q6166ad98,d61d4c954
q6166ad98,d61d58f1a
q6166ad98,d61d6dea6
q6166ad98,d61d61d7c
q6166ad98,d61d71060
q6166ad98,d61e05e90
q6166ad98,d61e48e3e
q6166ad98,d61e7778e
q616828bc,d61d4eba0
q616828bc,d61666b6c
q616828bc,d61dc20be
q616828bc,d61e8303e
q616828bc,d61de7012
q616828bc,d61e090ea
q616828bc,d61d2f3ae
q616828bc,d61e28116
q616828bc,d61d4a992
q616828bc,d61de98ee
q616a2a68,d6165eaf2
q616a2a68,d61e91d5a
q616a2a68,d61d8b8d4
q616a2a68,d61d4e646
q616a2a68,d61d6b9f8
q616a2a68,d61e0ef9a
q616a2a68,d61d2d770
q616a2a68,d61d2b736
q616a2a68,d61e7778e
q616a2a68,d61df8614
q61684c52,d61684cb6
q61684c52,d6166f3e8
q61684c52,d61dd2dec
q61684c52,d61e5042c
q61684c52,d61d3ff2e
q61684c52,d61cfc8fa
q61684c52,d61e0ec34
q61684c52,d61e291b0
q61684c52,d61d4429a
q61684c52,d61d8a63c
q616957be,d61680d6e
q616957be,d61e1ee40
q616957be,d61d519cc
q616957be,d6165d7a6
q616957be,d61e859a6
q616957be,d61cf3e12
q616957be,d61e487cc
q616957be,d61d91540
q616957be,d6165b23a
q616957be,d61d58ce0
q61650984,d61e4b80a
q61650984,d616785a6
q61650984,d61d8d170
q61650984,d61687736
q61650984,d61d4fac8
q61650984,d61d38c60
q61650984,d61d2129a
q61650984,d61dbf152
q61650984,d61cf93bc
q61650984,d6166369c
q61675c3e,d61cfa56e
q61675c3e,d61d8c77a
q61675c3e,d61d61016
q61675c3e,d61dddbc0
q61675c3e,d61dbb53e
q61675c3e,d61d3ac0e
q61675c3e,d61da31c8
q61675c3e,d61cfc0da
q61675c3e,d61daffcc
q61675c3e,d61e090ea
q61656dde,d61656ce4
q61656dde,d61d47fda
q61656dde,d61cfbf4a
q61656dde,d6165b23a
q61656dde,d61e171fe
q61656dde,d61d4b1b2
q61656dde,d61db7fce
q61656dde,d61d08574
q61656dde,d61ddb9f6
q61656dde,d61ddcb30
q6165ab46,d61d314d8
q6165ab46,d6165ab96
q6165ab46,d61da9438
q6165ab46,d61d5de84
q6165ab46,d61dbf922
q6165ab46,d61cfe5b0
q6165ab46,d61d002d4
q6165ab46,d61d73946
q6165ab46,d61673916
q6165ab46,d6168643a
q61680148,d616556b4
q61680148,d61db1ea8
q61680148,d61e0adb4
q61680148,d61df2a0c
q61680148,d61ddb62c
q61680148,d61db89ce
q61680148,d61d99bdc
q61680148,d61653e4a
q61680148,d61d6a7c4
q61680148,d61de8778
q6167455a,d61dfa572
q6167455a,d6164fd9a
q6167455a,d61e5c7d6
q6167455a,d61d51d32
q6167455a,d61651a6e
q6167455a,d61d2c5c8
q6167455a,d61dd0fc4
q6167455a,d61d3f5ec
q6167455a,d61d08b64
q6167455a,d61cf7a44
q6166391c,d61663980
q6166391c,d61d59b54
q6166391c,d61652c8e
q6166391c,d61d3772a
q6166391c,d61dea258
q6166391c,d61d4a992
q6166391c,d61676f8a
q6166391c,d61d65936
q6166391c,d61693e8c
q6166391c,d61dd340e
q6169ba4c,d61e06b88
q6169ba4c,d61cfb950
q6169ba4c,d61d3f4f2
q6169ba4c,d61de0a14
q6169ba4c,d61d7ea58
q6169ba4c,d61d54ce4
q6169ba4c,d61dddbc0
q6169ba4c,d61dea83e
q6169ba4c,d6167048c
q6169ba4c,d61e37ed6
q6166c76a,d61daf306
q6166c76a,d61d2f908
q6166c76a,d61d5fe28
q6166c76a,d61d5393e
q6166c76a,d61d63e10
q6166c76a,d6166c7ba
q6166c76a,d61668660
q6166c76a,d61d7ab2e
q6166c76a,d61d136a4
q6166c76a,d61d3c23e
q61657c52,d61d10d5a
q61657c52,d61d516fc
q61657c52,d616831c2
q61657c52,d61d792b0
q61657c52,d61657130
q61657c52,d61d5dc0e
q61657c52,d61cf34c6
q61657c52,d61d85704
q61657c52,d61dab8dc
q61657c52,d61d85088
q616545a2,d61d439ee
q616545a2,d61d18adc
q616545a2,d61d77f78
q616545a2,d616a402a
q616545a2,d61cfc0da
q616545a2,d61e0f3e6
q616545a2,d61dc26ae
q616545a2,d616545fc
q616545a2,d61d8642e
q616545a2,d61d708ea
q6168da3c,d61656168
q6168da3c,d61650b5a
q6168da3c,d61db1430
q6168da3c,d61d7e10c
q6168da3c,d61ea414e
q6168da3c,d61d02ea8
q6168da3c,d61d4aac8
q6168da3c,d61d29ba2
q6168da3c,d6165ef8e
q6168da3c,d6165f11e
q6167f202,d61d4d430
q6167f202,d61d8c77a
q6167f202,d61d4a7d0
q6167f202,d61e969ae
q6167f202,d61cfa56e
q6167f202,d61d0f6d0
q6167f202,d61d5f7ac
q6167f202,d61dfff2c
q6167f202,d61e8d5d4
q6167f202,d61ea1048
q6166bb12,d6166bb62
q6166bb12,d61d7b18c
q6166bb12,d61d87eb4
q6166bb12,d61e96ad0
q6166bb12,d61d08894
q6166bb12,d61e70204
q6166bb12,d61e7f02e
q6166bb12,d61de91d2
q6166bb12,d61e1e2f6
q6166bb12,d61d43cd2
q616a835a,d61d625ba
q616a835a,d61d64676
q616a835a,d61d697d4
q616a835a,d61659c0a
q616a835a,d61d40c94
q616a835a,d61cf6f72
q616a835a,d61e26406
q616a835a,d61d6fa1c
q616a835a,d61d3f290
q616a835a,d61cfe5b0
q6169b650,d616749e2
q6169b650,d61d5e5f0
q6169b650,d61e61402
q6169b650,d61cefca4
q6169b650,d61d6a51c
q6169b650,d61dbe1a8
q6169b650,d616760d0
q6169b650,d61d7a372
q6169b650,d61e31a54
q6169b650,d61e15df4
q6169bdf8,d6167082e
q6169bdf8,d61d147ca
q6169bdf8,d61d6d898
q6169bdf8,d61d522fa
q6169bdf8,d61d4c878
q6169bdf8,d61d342fa
q6169bdf8,d61d3fccc
q6169bdf8,d61d75494
q6169bdf8,d61d30b46
q6169bdf8,d61d4439e
q616a4eda,d61da8696
q616a4eda,d61d3d5bc
q616a4eda,d61e8303e
q616a4eda,d61d4b41e
q616a4eda,d6165737e
q616a4eda,d61d6b020
q616a4eda,d61d590e6
q616a4eda,d616644ac
q616a4eda,d61d35236
q616a4eda,d6169f412
q6168d26c,d6168643a
q6168d26c,d61daa73e
q6168d26c,d61d314d8
q6168d26c,d61d78388
q6168d26c,d61e1c8ca
q6168d26c,d61d42652
q6168d26c,d61d316ae
q6168d26c,d61de64b4
q6168d26c,d61cf268e
q6168d26c,d61da142c
q6167e690,d6167e6f4
q6167e690,d61d306a0
q6167e690,d61cfc666
q6167e690,d61cf274c
q6167e690,d61e43844
q6167e690,d61e8d5d4
q6167e690,d61d3bc4e
q6167e690,d61d4a7d0
q6167e690,d61d7ea58
q6167e690,d6166c440
q61699ce2,d616596b0
q61699ce2,d61d43dcc
q61699ce2,d61d13cb2
q61699ce2,d6164fb42
q61699ce2,d61d40140
q61699ce2,d61d43b92
q61699ce2,d6165e052
q61699ce2,d61d5d056
q61699ce2,d61d7558e
q61699ce2,d61dbca42
q6165e9a8,d61d1bb2e
q6165e9a8,d61e5c7d6
q6165e9a8,d6164fd9a
q6165e9a8,d61d5adb0
q6165e9a8,d61d45942
q6165e9a8,d61d52232
q6165e9a8,d61d08b64
q6165e9a8,d61dd0fc4
q6165e9a8,d61d744c2
q6165e9a8,d61e0288a
q6168ec84,d61d0d420
q6168ec84,d6168ecb6
q6168ec84,d61d3adee
q6168ec84,d61d3da3a
q6168ec84,d61db856e
q6168ec84,d61d8ee44
q6168ec84,d61d359ca
q6168ec84,d61d4bc48
q6168ec84,d61d2efa8
q6168ec84,d61d69df6
q6166af00,d61da5dd8
q6166af00,d61cffd7a
q6166af00,d61d53ff6
q6166af00,d61662f44
q6166af00,d61d778e8
q6166af00,d61de7d28
q6166af00,d61da241c
q6166af00,d61d42a12
q6166af00,d61d2d1f8
q6166af00,d61d8fb0a
q6165e1f6,d6165e3e0
q6165e1f6,d6165241e
q6165e1f6,d6165e23c
q6165e1f6,d61de1626
q6165e1f6,d61d88670
q6165e1f6,d61d2bd8a
q6165e1f6,d61d6f3fa
q6165e1f6,d61e09ba8
q6165e1f6,d61e8d5d4
q6165e1f6,d61e65250
q6168586e,d61d88ad0
q6168586e,d616530f8
q6168586e,d61e28116
q6168586e,d61cf3c28
q6168586e,d61d3ebe2
q6168586e,d61da255c
q6168586e,d6166587a
q6168586e,d6167a2a2
q6168586e,d61d39002
q6168586e,d61d37c2a
q6166aa6e,d6166a258
q6166aa6e,d61d8fb0a
q6166aa6e,d61d4eba0
q6166aa6e,d61dd95ca
q6166aa6e,d61e1cbea
q6166aa6e,d61d49a42
q6166aa6e,d61d588da
q6166aa6e,d61d83120
q6166aa6e,d61d558ce
q6166aa6e,d616515c8
q6168bd72,d61dca9ee
q6168bd72,d61d6a13e
q6168bd72,d61de0eec
q6168bd72,d61d34f34
q6168bd72,d61d52232
q6168bd72,d61dbf544
q6168bd72,d61d4b1b2
q6168bd72,d61d4def8
q6168bd72,d61680d6e
q6168bd72,d61d6206a
q61695f5c,d61663ce6
q61695f5c,d61d7477e
q61695f5c,d61652ad6
q61695f5c,d61d71c54
q61695f5c,d61d8cb12
q61695f5c,d61d92bf2
q61695f5c,d61d4021c
q61695f5c,d61e090ea
q61695f5c,d61e1073c
q61695f5c,d61da2d7c
q61674d0c,d6166655e
q61674d0c,d61d14e5a
q61674d0c,d61df14fe
q61674d0c,d61dce62a
q61674d0c,d61dcb1c8
q61674d0c,d61d483ae
q61674d0c,d61da142c
q61674d0c,d61dbe464
q61674d0c,d61dd0c54
q61674d0c,d61e532a8
q6168ea40,d61d3fd94
q6168ea40,d61d36690
q6168ea40,d61d4951a
q6168ea40,d61e15df4
q6168ea40,d61d6a058
q6168ea40,d61dbb854
q6168ea40,d6167a2a2
q6168ea40,d61d5bfb2
q6168ea40,d6166655e
q6168ea40,d61d883aa
q6168317c,d616831c2
q6168317c,d61deeca4
q6168317c,d61d9d53e
q6168317c,d61d10d5a
q6168317c,d61dcc1cc
q6168317c,d61d0636e
q6168317c,d61de70da
q6168317c,d61d4ae6a
q6168317c,d61d317a8
q6168317c,d61d5dc0e
q6166f38e,d6166f3e8
q6166f38e,d61dd2dec
q6166f38e,d61e291b0
q6166f38e,d61d3ff2e
q6166f38e,d61d2ba6a
q6166f38e,d61e5042c
q6166f38e,d61e0f0bc
q6166f38e,d61e0ec34
q6166f38e,d61e01afc
q6166f38e,d61684cb6
q616640d8,d61d59366
q616640d8,d61dff6ee
q616640d8,d61db2db2
q616640d8,d61d3fccc
q616640d8,d61e98f74
q616640d8,d61de1ed2
q616640d8,d61d4a078
q616640d8,d61d43ed0
q616640d8,d61663dfe
q616640d8,d61dcf67e
q6169ac64,d61d408ac
q6169ac64,d6165d2a6
q6169ac64,d61d605c6
q6169ac64,d61e06b88
q6169ac64,d61dfe8f2
q6169ac64,d61dcd93c
q6169ac64,d61e291b0
q6169ac64,d61dcf480
q6169ac64,d61668304
q6169ac64,d61d96ef0
q61675e96,d61656fc8
q61675e96,d61d67272
q61675e96,d61d342fa
q61675e96,d61d3acd6
q61675e96,d61d8fc90
q61675e96,d61d38170
q61675e96,d61d3fccc
q61675e96,d61d5559a
q61675e96,d61d76a9c
q61675e96,d61db74fc
q6169471a,d61d91928
q6169471a,d61d7b6a0
q6169471a,d61d77df2
q6169471a,d61d9e66e
q6169471a,d61d32ca2
q6169471a,d6165ec6e
q6169471a,d61d5f55e
q6169471a,d61d49448
q6169471a,d61dc7faa
q6169471a,d61d7e8be
q61687e2a,d61d39002
q61687e2a,d616673dc
q61687e2a,d61dba49a
q61687e2a,d61666b6c
q61687e2a,d61d558ce
q61687e2a,d616515c8
q61687e2a,d6166a258
q61687e2a,d61d49a42
q61687e2a,d61dd95ca
q61687e2a,d61e1cbea
q6168efae,d6168effe
q6168efae,d61e843ee
q6168efae,d61db6ea8
q6168efae,d61ded89a
q6168efae,d61d9dda4
q6168efae,d61d93caa
q6168efae,d616515c8
q6168efae,d61cffbcc
q6168efae,d61de98ee
q6168efae,d61dee290
q61678cf4,d61664c72
q61678cf4,d61d9e858
q61678cf4,d6165d7a6
q61678cf4,d61d58ce0
q61678cf4,d61da21e2
q61678cf4,d61d5adb0
q61678cf4,d61d5db5a
q61678cf4,d61cfb52c
q61678cf4,d61cf062c
q61678cf4,d61e17d16
q6165e854,d61d86e60
q6165e854,d61e12a64
q6165e854,d61d82914
q6165e854,d61d5f7ac
q6165e854,d61d195d6
q6165e854,d61d6169c
q6165e854,d61d9fcb2
q6165e854,d61d84430
q6165e854,d61d50072
q6165e854,d61d3412e
q6167924e,d61d505b8
q6167924e,d61d316ae
q6167924e,d61d610de
q6167924e,d61d8335a
q6167924e,d6165c626
q6167924e,d61cfe4ac
q6167924e,d6165ef8e
q6167924e,d61dcd37e
q6167924e,d61654976
q6167924e,d61d314d8
q61691678,d61d640e0
q61691678,d61d782a2
q61691678,d61d9dda4
q61691678,d61d98d04
q61691678,d61db1692
q61691678,d61da00ae
q61691678,d61d31226
q61691678,d61e0ec34
q61691678,d61d6e5ae
q61691678,d61657f36
q61670f40,d61670f9a
q61670f40,d61d308da
q61670f40,d61e33962
q61670f40,d6167a54a
q61670f40,d61d2aa84
q61670f40,d61669682
q61670f40,d61cf35de
q61670f40,d61d73202
q61670f40,d61d3f416
q61670f40,d61d3f362
q61662aa8,d6165f11e
q61662aa8,d61d4aac8
q61662aa8,d61d5c76e
q61662aa8,d61d2c73a
q61662aa8,d61d02ea8
q61662aa8,d61d558ce
q61662aa8,d61d09690
q61662aa8,d61d6b9f8
q61662aa8,d61d29f26
q61662aa8,d6167ace8
q6166c03a,d616881ae
q6166c03a,d61cf6b30
q6166c03a,d6167c390
q6166c03a,d61d59b54
q6166c03a,d61dd1c08
q6166c03a,d61de7968
q6166c03a,d61dd4a48
q6166c03a,d61d4984e
q6166c03a,d61d65936
q6166c03a,d61db8f78
q61660f14,d61d49e66
q61660f14,d61cfdcfa
q61660f14,d616644ac
q61660f14,d61d37392
q61660f14,d61dc84be
q61660f14,d61d86cc6
q61660f14,d61dad574
q61660f14,d61d07e94
q61660f14,d61d6cee8
q61660f14,d61d40ed8
q61698f54,d61664b46
q61698f54,d61d9ec0e
q61698f54,d61e104b2
q61698f54,d61d3b56e
q61698f54,d61d3c16c
q61698f54,d61d2f5ac
q61698f54,d61dd39b8
q61698f54,d61dc381a
q61698f54,d61dcdfea
q61698f54,d61d90d8e
q61673d94,d61673dee
q61673d94,d61d72460
q61673d94,d61d3c9be
q61673d94,d6165c9a0
q61673d94,d61d36f28
q61673d94,d61d735fe
q61673d94,d61d9bd24
q61673d94,d61ddbf14
q61673d94,d61de898a
q61673d94,d61d75b24
q6167bd1e,d61673cb8
q6167bd1e,d61e090ea
q6167bd1e,d61d44902
q6167bd1e,d61d72460
q6167bd1e,d61d85088
q6167bd1e,d61d6fa1c
q6167bd1e,d61d3c8ba
q6167bd1e,d61d3763a
q6167bd1e,d6165a6dc
q6167bd1e,d61661aea
q61660a1e,d61660a50
q61660a1e,d616539a4
q61660a1e,d61d41cac
q61660a1e,d61e1881a
q61660a1e,d61d6a9fe
q61660a1e,d61dcbef2
q61660a1e,d61de7bc0
q61660a1e,d61d147ca
q61660a1e,d61d5559a
q61660a1e,d61ddd210
q616a8efe,d61d2d5b8
q616a8efe,d61d2c3a2
q616a8efe,d61673dee
q616a8efe,d61d8e9f8
q616a8efe,d61cfa6c2
q616a8efe,d61e34614
q616a8efe,d61cf280a
q616a8efe,d61e52e7a
q616a8efe,d61cfd642
q616a8efe,d61d01aee
q616586ca,d61672ef8
q616586ca,d61d0262e
q616586ca,d61d29f26
q616586ca,d61d7febc
q616586ca,d61d0636e
q616586ca,d61dd6262
q616586ca,d61df324a
q616586ca,d61e2f312
q616586ca,d61d06742
q616586ca,d61d039b6
q61698dec,d61691998
q61698dec,d61d5487a
q61698dec,d61d3782e
q61698dec,d61d0fd74
q61698dec,d61e1c4f6
q61698dec,d61e0aff8
q61698dec,d61d41374
q61698dec,d61dd56a0
q61698dec,d61d3394a
q61698dec,d61dbe54a
q6167ff36,d61650236
q6167ff36,d61d4a8c0
q6167ff36,d61d2f20a
q6167ff36,d61d72460
q6167ff36,d61d01bd4
q6167ff36,d61d53c40
q6167ff36,d61d2f69c
q6167ff36,d61ea01a2
q6167ff36,d61d49f2e
q6167ff36,d61d59366
q61680c06,d61d4984e
q61680c06,d61dd4a48
q61680c06,d61cf6b30
q61680c06,d61d5d600
q61680c06,d6167c390
q61680c06,d616881ae
q61680c06,d61daf8ce
q61680c06,d61ddc11c
q61680c06,d61dd1c08
q61680c06,d61de7968
q6167cdd6,d61658864
q6167cdd6,d61d00bbc
q6167cdd6,d6165f344
q6167cdd6,d61da8b82
q6167cdd6,d61dfaf9a
q6167cdd6,d61da7584
q6167cdd6,d61dc566a
q6167cdd6,d61d0705c
q6167cdd6,d61d2e33c
q6167cdd6,d61d81000
q6165edd6,d61d8642e
q6165edd6,d61d6d5d2
q6165edd6,d61d53af6
q6165edd6,d61d96720
q6165edd6,d61dabda0
q6165edd6,d61d8c270
q6165edd6,d61d3f7a4
q6165edd6,d61d1b868
q6165edd6,d61d869b0
q6165edd6,d61d53c40
q616608d4,d61e205b0
q616608d4,d6166092e
q616608d4,d61d8d170
q616608d4,d6165ec6e
q616608d4,d61d532d6
q616608d4,d61d32ca2
q616608d4,d61d7b6a0
q616608d4,d61d5f55e
q616608d4,d61d49448
q616608d4,d616785a6
q616829f2,d61655132
q616829f2,d61d13cb2
q616829f2,d61d5f234
q616829f2,d61d670c4
q616829f2,d61e0333e
q616829f2,d61e62d66
q616829f2,d61670d60
q616829f2,d61d3c36a
q616829f2,d61d55e64
q616829f2,d61d66836
q616904bc,d61674046
q616904bc,d61dc9a3a
q616904bc,d61d96a0e
q616904bc,d61663dfe
q616904bc,d61dd2928
q616904bc,d61d2b268
q616904bc,d61d8452a
q616904bc,d6165f5ec
q616904bc,d61cf36f6
q616904bc,d61d64fae
q6166143c,d616614dc
q6166143c,d61da8696
q6166143c,d61d7d2b6
q6166143c,d61e601a6
q6166143c,d61cf3836
q6166143c,d61de55dc
q6166143c,d6166d64c
q6166143c,d61d84430
q6166143c,d61d8a808
q6166143c,d61d2d770
q616a76f8,d61dc5a8e
q616a76f8,d61d2d068
q616a76f8,d61ddcefa
q616a76f8,d61d46a22
q616a76f8,d61d36690
q616a76f8,d61e8325a
q616a76f8,d61d96612
q616a76f8,d61de14aa
q616a76f8,d61d3f290
q616a76f8,d61d7258c
q616516e0,d6169da04
q616516e0,d6165b10e
q616516e0,d61cff2ee
q616516e0,d61d48642
q616516e0,d61d4924a
q616516e0,d61d7e7c4
q616516e0,d61ddd210
q616516e0,d61d694fa
q616516e0,d61d8cb12
q616516e0,d61db3a78
q6168a468,d61dcb1c8
q6168a468,d61cf1f0e
q6168a468,d61d52124
q6168a468,d61e502a6
q6168a468,d61d6a058
q6168a468,d61d3d1ac
q6168a468,d61d2b092
q6168a468,d61df9668
q6168a468,d61dd0c54
q6168a468,d61661752
q616998fa,d61dcd93c
q616998fa,d61d308da
q616998fa,d6167c868
q616998fa,d6166c544
q616998fa,d61d4db24
q616998fa,d61d61016
q616998fa,d61de7620
q616998fa,d61d9cc38
q616998fa,d61d73202
q616998fa,d61de4f10
q616649c0,d61e2c81a
q616649c0,d61d75b24
q616649c0,d61d5c336
q616649c0,d61dc242e
q616649c0,d61d4ca58
q616649c0,d61cf7436
q616649c0,d6166ace4
q616649c0,d61d09e2e
q616649c0,d61d61976
q616649c0,d61662094
q6167474e,d61674780
q6167474e,d61d2ce1a
q6167474e,d61da4e88
q6167474e,d61e171fe
q6167474e,d61d6206a
q6167474e,d61d2b934
q6167474e,d6165b23a
q6167474e,d61e9c570
q6167474e,d61d58ce0
q6167474e,d61da21e2
q6165475a,d61dec6f2
q6165475a,d6165b10e
q6165475a,d61d514f4
q6165475a,d616547b4
q6165475a,d61d6fcba
q6165475a,d61df3bdc
q6165475a,d61ea01a2
q6165475a,d61de4f10
q6165475a,d61d74c7e
q6165475a,d61d4c512
q616a2c02,d61d37392
q616a2c02,d6165bc6c
q616a2c02,d61d96c3e
q616a2c02,d61e83a7a
q616a2c02,d61d40ed8
q616a2c02,d61663980
q616a2c02,d61653d14
q616a2c02,d61cfdcfa
q616a2c02,d61e243f4
q616a2c02,d61e6b07e
q61656cb2,d61656ce4
q61656cb2,d61d47fda
q61656cb2,d6165b23a
q61656cb2,d61db7fce
q61656cb2,d61e61de4
q61656cb2,d61d404ec
q61656cb2,d61dd0fc4
q61656cb2,d61da4e88
q61656cb2,d61cfbf4a
q61656cb2,d61d6206a
q616a2cf2,d61cf268e
q616a2cf2,d61da142c
q616a2cf2,d61de64b4
q616a2cf2,d61693946
q616a2cf2,d61d42652
q616a2cf2,d6165c626
q616a2cf2,d61d40140
q616a2cf2,d61654976
q616a2cf2,d61cf35de
q616a2cf2,d61e3b93c
q6169c672,d61e0f3e6
q6169c672,d61d77f78
q6169c672,d616545fc
q6169c672,d61d80e70
q6169c672,d61dc26ae
q6169c672,d61d439ee
q6169c672,d61d48d04
q6169c672,d61d6d5d2
q6169c672,d616a402a
q6169c672,d61d5fc20
q6167525c,d61d3c432
q6167525c,d61d80e70
q6167525c,d61d6c556
q6167525c,d61dd4a48
q6167525c,d61d4984e
q6167525c,d61d48d04
q6167525c,d61d9cdaa
q6167525c,d61e25042
q6167525c,d61d345fc
q6167525c,d61e0f3e6
q61664588,d61d6c556
q61664588,d61dce62a
q61664588,d61d6b9f8
q61664588,d61dd97e6
q61664588,d61d7bef2
q61664588,d61dbe464
q61664588,d61651f82
q61664588,d61ddc3a6
q61664588,d61d857e0
q61664588,d61d71fb0
q616a885a,d61d5839e
q616a885a,d61652ff4
q616a885a,d61e1881a
q616a885a,d61e859a6
q616a885a,d61d934f8
q616a885a,d616556b4
q616a885a,d61db89ce
q616a885a,d61d67272
q616a885a,d61cf7846
q616a885a,d6165da30
q6167dd08,d61d7b18c
q6167dd08,d61d62d08
q6167dd08,d61da1b16
q6167dd08,d616619d2
q6167dd08,d61dacebc
q6167dd08,d61d958a2
q6167dd08,d61d575fc
q6167dd08,d61d2ca96
q6167dd08,d61dcf764
q6167dd08,d61d4e3f8
q61683078,d61653d14
q61683078,d61dfd22c
q61683078,d616644ac
q61683078,d61d80042
q61683078,d61d5aa18
q61683078,d61d2cd34
q61683078,d61665db6
q61683078,d61d72d7a
q61683078,d61d820fe
q61683078,d61dca142
q61696e34,d61d67c54
q61696e34,d61dcf764
q61696e34,d61d09fd2
q61696e34,d61d8a452
q61696e34,d61d2f69c
q61696e34,d61cf0b04
q61696e34,d61d3763a
q61696e34,d61dbf152
q61696e34,d61cf93bc
q61696e34,d61dae99c
q616a353a,d616644ac
q616a353a,d61dfd22c
q616a353a,d61dc4530
q616a353a,d61d3ea0c
q616a353a,d61e09ba8
q616a353a,d6168b11a
q616a353a,d6165737e
q616a353a,d61d4d430
q616a353a,d61654fe8
q616a353a,d61e2ce1e
q61663fde,d61d45fbe
q61663fde,d616539a4
q61663fde,d61d36cf8
q61663fde,d61cf36f6
q61663fde,d61d70dfe
q61663fde,d61d56c38
q61663fde,d6165b4a6
q61663fde,d61d342fa
q61663fde,d61d6f954
q61663fde,d61d66390
q616522de,d616515c8
q616522de,d61d4eba0
q616522de,d616673dc
q616522de,d61dba49a
q616522de,d61666b6c
q616522de,d616530f8
q616522de,d61de7012
q616522de,d61d39002
q616522de,d61d37c2a
q616522de,d61dc85a4
q61697b90,d61670b1c
q61697b90,d61d99402
q61697b90,d61d49628
q61697b90,d61e39a9c
q61697b90,d61d0a9be
q61697b90,d61db6b9c
q61697b90,d61e34614
q61697b90,d61d02246
q61697b90,d61d2c3a2
q61697b90,d61cf280a
q61651578,d616515c8
q61651578,d61d46eb4
q61651578,d61d8b7e4
q61651578,d61666b6c
q61651578,d61d4eba0
q61651578,d61dd95ca
q61651578,d61d33328
q61651578,d61d8fb0a
q61651578,d61d53ff6
q61651578,d616673dc
q61669eac,d61d335ee
q61669eac,d61ea01a2
q61669eac,d61d2f20a
q61669eac,d61d97652
q61669eac,d616596b0
q61669eac,d61d6bbe2
q61669eac,d61d3c8ba
q61669eac,d61d61016
q61669eac,d61d4a8c0
q61669eac,d61d67c54
q6168e932,d61e33dd6
q6168e932,d61dee290
q6168e932,d61d895f2
q6168e932,d61d535b0
q6168e932,d61e13392
q6168e932,d61d84b92
q6168e932,d61dfd0ba
q6168e932,d61dbf31e
q6168e932,d61d99402
q6168e932,d61d50072
q6168cc5e,d616831c2
q6168cc5e,d61d346ec
q6168cc5e,d61da02e8
q6168cc5e,d61d9aa64
q6168cc5e,d61e1881a
q6168cc5e,d61d96a0e
q6168cc5e,d61cf8660
q6168cc5e,d6165defe
q6168cc5e,d61d36960
q6168cc5e,d61d34408
q616642cc,d61664326
q616642cc,d61d66bec
q616642cc,d61ea01a2
q616642cc,d6167c868
q616642cc,d61d3cba8
q616642cc,d61673916
q616642cc,d61e37ed6
q616642cc,d61d297ce
q616642cc,d61cef506
q616642cc,d6165cdec
q616933b0,d61dbe464
q616933b0,d61693414
q616933b0,d61dfd4ac
q616933b0,d61d047bc
q616933b0,d61d43548
q616933b0,d6166655e
q616933b0,d61d0f6d0
q616933b0,d61d5dd9e
q616933b0,d61d11110
q616933b0,d61d62a42
q6169b538,d616535da
q6169b538,d61ddcdce
q6169b538,d61d3d706
q6169b538,d61d5034c
q6169b538,d61d9deee
q6169b538,d61d4bf2c
q6169b538,d61cef7cc
q6169b538,d61d0e8ca
q6169b538,d61d71420
q6169b538,d61dc620e
q6165f47a,d61d3e610
q6165f47a,d6165a36c
q6165f47a,d61dee060
q6165f47a,d61cfb3d8
q6165f47a,d61d568a0
q6165f47a,d61dbff3a
q6165f47a,d61cf8a02
q6165f47a,d61dd23f6
q6165f47a,d6164f9bc
q6165f47a,d61d9b90a
q616789f2,d6165f254
q616789f2,d61d9d0c0
q616789f2,d61cf3a48
q616789f2,d61e19346
q616789f2,d61d8aa60
q616789f2,d61cf0802
q616789f2,d61d297ce
q616789f2,d61d48962
q616789f2,d61db6ea8
q616789f2,d61d71c54
q616a1a78,d616644ac
q616a1a78,d61e4aba8
q616a1a78,d61d37392
q616a1a78,d61d665f2
q616a1a78,d61dc381a
q616a1a78,d61657de2
q616a1a78,d61db5b20
q616a1a78,d61da8696
q616a1a78,d6165d030
q616a1a78,d61db50da
q616aa68c,d6165c25c
q616aa68c,d61d59e6a
q616aa68c,d61cfbc98
q616aa68c,d61d7c244
q616aa68c,d61659c0a
q616aa68c,d61d6fa1c
q616aa68c,d61d08ed4
q616aa68c,d6168e4f0
q616aa68c,d61d6f710
q616aa68c,d61e089a6
q6168f59e,d6165d2a6
q6168f59e,d61d408ac
q6168f59e,d61d605c6
q6168f59e,d61e06b88
q6168f59e,d61d96ef0
q6168f59e,d61cfb950
q6168f59e,d61dfe8f2
q6168f59e,d61dcd93c
q6168f59e,d61e94136
q6168f59e,d61d686ae
q61653dfa,d61652ff4
q61653dfa,d61d8cb12
q61653dfa,d61da2d7c
q61653dfa,d61681034
q61653dfa,d61d46540
q61653dfa,d61cf0802
q61653dfa,d61d688c0
q61653dfa,d61dd0420
q61653dfa,d61d3cd60
q61653dfa,d61dea83e
q61665758,d61dddbc0
q61665758,d61d0f6d0
q61665758,d61df4280
q61665758,d61d62a42
q61665758,d6166299a
q61665758,d6166579e
q61665758,d61d87f9a
q61665758,d61e25042
q61665758,d61d43548
q61665758,d61d04208
q616843ce,d61657626
q616843ce,d61d87554
q616843ce,d61d34c46
q616843ce,d61d41914
q616843ce,d61de0e06
q616843ce,d61d4b1b2
q616843ce,d61d7567e
q616843ce,d61d08574
q616843ce,d61ddb9f6
q616843ce,d61e171fe
q616790e6,d61d818b6
q616790e6,d61d3c16c
q616790e6,d61d39c46
q616790e6,d61d4f438
q616790e6,d61d43908
q616790e6,d61d95f82
q616790e6,d61d00824
q616790e6,d61e8ecea
q616790e6,d61d61976
q616790e6,d61d7477e
q6169e10c,d616515c8
q6169e10c,d61d4eba0
q6169e10c,d61dd95ca
q6169e10c,d616673dc
q6169e10c,d61dba49a
q6169e10c,d61d3ebe2
q6169e10c,d61d558ce
q6169e10c,d61da255c
q6169e10c,d61d37c2a
q6169e10c,d616530f8
q616a4188,d61d6d2c6
q616a4188,d6165270c
q616a4188,d616950b6
q616a4188,d61d13dac
q616a4188,d61d8a966
q616a4188,d61dceeea
q616a4188,d61e3b43c
q616a4188,d61d01620
q616a4188,d61db2fba
q616a4188,d61d45532
q6168ca2e,d61d60d0a
q6168ca2e,d61e4126a
q6168ca2e,d61e0849c
q6168ca2e,d61cf422c
q6168ca2e,d616568ac
q6168ca2e,d61d89a98
q6168ca2e,d61d7a156
q6168ca2e,d61d95abe
q6168ca2e,d61df6328
q6168ca2e,d61cef3bc
q616a1bb8,d61d0febe
q616a1bb8,d61d4760c
q616a1bb8,d61dc28c0
q616a1bb8,d6166500a
q616a1bb8,d61d7ceec
q616a1bb8,d61d876bc
q616a1bb8,d61d4b2e8
q616a1bb8,d61d868d4
q616a1bb8,d6165a8e4
q616a1bb8,d61d925e4
q6164fade,d61d3d5bc
q6164fade,d61671eea
q6164fade,d61d78c2a
q6164fade,d6164fb42
q6164fade,d61d30484
q6164fade,d61d56b70
q6164fade,d61d6c218
q6164fade,d61cf713e
q6164fade,d61ea7c36
q6164fade,d61dc0eda
q61669b82,d61dc5a8e
q61669b82,d61d2d068
q61669b82,d61d36690
q61669b82,d61dbcee8
q61669b82,d61650b5a
q61669b82,d61e8325a
q61669b82,d61d96612
q61669b82,d61d7258c
q61669b82,d61dac890
q61669b82,d61d644e6
q6169ea26,d61d10666
q6169ea26,d616868fe
q6169ea26,d61de2f94
q6169ea26,d61d3772a
q6169ea26,d61cf6e96
q6169ea26,d61cfe146
q6169ea26,d61672dae
q6169ea26,d61e6e792
q6169ea26,d6165da30
q6169ea26,d61d3d2ce
q6168f47c,d616755e0
q6168f47c,d61dfc98a
q6168f47c,d616511fe
q6168f47c,d61ceff92
q6168f47c,d61d71060
q6168f47c,d6165eaf2
q6168f47c,d61ddca36
q6168f47c,d61d4e646
q6168f47c,d616614dc
q6168f47c,d61d8b8d4
q61698478,d6165bc6c
q61698478,d61d2d770
q61698478,d61d4a992
q61698478,d61d3772a
q61698478,d61d86cc6
q61698478,d61d3d706
q61698478,d61dcbef2
q61698478,d61653d14
q61698478,d61d570c0
q61698478,d61d72d7a
q616a57b8,d6165f5ec
q616a57b8,d61d8452a
q616a57b8,d61d2b268
q616a57b8,d61dd56a0
q616a57b8,d61663dfe
q616a57b8,d61d9aa64
q616a57b8,d61dc9a3a
q616a57b8,d61d96a0e
q616a57b8,d61d346ec
q616a57b8,d61dd2928
q6168f094,d616769d6
q6168f094,d61d31046
q6168f094,d61d2c15e
q6168f094,d61dbaf26
q6168f094,d61e30eec
q6168f094,d61d92bf2
q6168f094,d61cef506
q6168f094,d6166092e
q6168f094,d61da01b2
q6168f094,d61d96072
q616917c2,d61d61016
q616917c2,d61d3d5bc
q616917c2,d61d8fb0a
q616917c2,d616881ae
q616917c2,d61d80042
q616917c2,d61d53ff6
q616917c2,d61e2a880
q616917c2,d6165725c
q616917c2,d61cfb86a
q616917c2,d61e291b0
q61652c3e,d61d1035a
q61652c3e,d61652c8e
q61652c3e,d61e35faa
q61652c3e,d61d816a4
q61652c3e,d61d33328
q61652c3e,d61d55e64
q61652c3e,d61cf3836
q61652c3e,d6165fd12
q61652c3e,d61de7012
q61652c3e,d61e9a59a
q616a688e,d616673dc
q616a688e,d61d4eba0
q616a688e,d616515c8
q616a688e,d61666b6c
q616a688e,d61dba49a
q616a688e,d616530f8
q616a688e,d61de7012
q616a688e,d61d2f3ae
q616a688e,d61d41568
q616a688e,d61dc85a4
q616971a4,d61e08f32
q616971a4,d61e4ea8c
q616971a4,d61dbf922
q616971a4,d61d037e0
q616971a4,d61d3f4f2
q616971a4,d61da3d58
q616971a4,d6166a820
q616971a4,d61d99916
q616971a4,d61d8c77a
q616971a4,d61657f36
q616a741e,d61cfe5b0
q616a741e,d61e65250
q616a741e,d61d7f106
q616a741e,d61e8d5d4
q616a741e,d61d84b92
q616a741e,d61dde570
q616a741e,d61d536dc
q616a741e,d61d87d74
q616a741e,d61e26406
q616a741e,d61d05716
q6167cb9c,d61674780
q6167cb9c,d61da4e88
q6167cb9c,d61d2ce1a
q6167cb9c,d61e171fe
q6167cb9c,d61d6206a
q6167cb9c,d6165b23a
q6167cb9c,d61d7d1c6
q6167cb9c,d61ddcb30
q6167cb9c,d61e9c570
q6167cb9c,d61d2b934
q616524dc,d61d40316
q616524dc,d61d827de
q616524dc,d61d9569a
q616524dc,d61d2f69c
q616524dc,d61dcf764
q616524dc,d61e3ed8a
q616524dc,d61d67f2e
q616524dc,d61669efc
q616524dc,d61d4bb80
q616524dc,d61d9c422
q61677ac0,d61670572
q61677ac0,d6167ace8
q61677ac0,d61d72b2c
q61677ac0,d61e9da2e
q61677ac0,d61cf06f4
q61677ac0,d61d827de
q61677ac0,d61d720dc
q61677ac0,d61dcf764
q61677ac0,d6168ea86
q61677ac0,d61e48e3e
q61658814,d61e1ed50
q61658814,d61d00bbc
q61658814,d61665db6
q61658814,d61d6c218
q61658814,d61da7584
q61658814,d61658864
q61658814,d61d8e890
q61658814,d61d80042
q61658814,d616540de
q61658814,d61d08a74
q61650e98,d6165899a
q61650e98,d61d82360
q61650e98,d61d49448
q61650e98,d61d816a4
q61650e98,d61da241c
q61650e98,d61d8b7e4
q61650e98,d61d7a070
q61650e98,d61dbf922
q61650e98,d61dd1816
q61650e98,d61e7cb58
q6167dbbe,d616668f6
q6167dbbe,d61dad574
q6167dbbe,d61d07e94
q6167dbbe,d61d2ea30
q6167dbbe,d61d5ee56
q6167dbbe,d61da7642
q6167dbbe,d61cf30b6
q6167dbbe,d61d60bc0
q6167dbbe,d61d48494
q6167dbbe,d61d6eb62
q616a28a6,d6165853a
q616a28a6,d61d6a33c
q616a28a6,d61cf3f02
q616a28a6,d61d76f4c
q616a28a6,d61e0aff8
q616a28a6,d61ea5706
q616a28a6,d61db1cc8
q616a28a6,d6165ba6e
q616a28a6,d61d3791e
q616a28a6,d61d0e8ca
q6168a9f4,d6165ae20
q6168a9f4,d61d75386
q6168a9f4,d61d7a372
q6168a9f4,d616862d2
q6168a9f4,d61d5870e
q6168a9f4,d61e83a7a
q6168a9f4,d61d2a016
q6168a9f4,d61d8614a
q6168a9f4,d61e61402
q6168a9f4,d61d2a322
q616a0b0a,d61651758
q616a0b0a,d61d98ba6
q616a0b0a,d61d96072
q616a0b0a,d61d73338
q616a0b0a,d61dcb9f2
q616a0b0a,d6166d64c
q616a0b0a,d61d51d32
q616a0b0a,d61d8fee8
q616a0b0a,d61d2c5c8
q616a0b0a,d61d6cc68
q61662ef4,d61d308da
q61662ef4,d61669682
q61662ef4,d61d3f362
q61662ef4,d61662f44
q61662ef4,d61cffd7a
q61662ef4,d61d306a0
q61662ef4,d61cfac4e
q61662ef4,d61dcf0d4
q61662ef4,d61d6fdd2
q61662ef4,d61d61016
q6165b870,d61d298aa
q6165b870,d6165b8c0
q6165b870,d61d7381a
q6165b870,d61cefb6e
q6165b870,d61cf4308
q6165b870,d61d512ba
q6165b870,d61db31a4
q6165b870,d61d3aede
q6165b870,d61d589b6
q6165b870,d61dc6952
q61675d1a,d6165e3e0
q61675d1a,d6165241e
q61675d1a,d6165e23c
q61675d1a,d61de1626
q61675d1a,d61d88670
q61675d1a,d61d2bd8a
q61675d1a,d61d6f3fa
q61675d1a,d61e65250
q61675d1a,d61e09ba8
q61675d1a,d61e8d5d4
q6165d102,d61da4bae
q6165d102,d61666450
q6165d102,d61d30808
q6165d102,d616595a2
q6165d102,d616515c8
q6165d102,d61d9b1c6
q6165d102,d61d84d0e
q6165d102,d61d8aec0
q6165d102,d61d4eba0
q6165d102,d61dd95ca
q61670d10,d61670d60
q61670d10,d61d8c36a
q61670d10,d6169da04
q61670d10,d61d8650a
q61670d10,d61d869b0
q61670d10,d61d08ed4
q61670d10,d61d47eea
q61670d10,d61d1fc2e
q61670d10,d61d13cb2
q61670d10,d61651758
q6169c9ba,d6169ca1e
q6169c9ba,d61e0ec34
q6169c9ba,d61e09ba8
q6169c9ba,d61669786
q6169c9ba,d61d31226
q6169c9ba,d61d66a34
q6169c9ba,d61cf010e
q6169c9ba,d61d665f2
q6169c9ba,d61d5860a
q6169c9ba,d61dc07fa
q6167b882,d6165fb0a
q6167b882,d61db1dc2
q6167b882,d61d5c85e
q6167b882,d61da42d0
q6167b882,d61655a2e
q6167b882,d61d3fbdc
q6167b882,d61d77a00
q6167b882,d6167c0d4
q6167b882,d61662620
q6167b882,d61cf04ec
q61667602,d61d87eb4
q61667602,d61dd23f6
q61667602,d61d5eb54
q61667602,d61d5d3da
q61667602,d61e5565c
q61667602,d61cf2fa8
q61667602,d61d4e3f8
q61667602,d6164f9bc
q61667602,d61e28666
q61667602,d61e216ea
q61668a5c,d61d89462
q61668a5c,d61d2e1b6
q61668a5c,d61cf062c
q61668a5c,d61cfb702
q61668a5c,d61d99740
q61668a5c,d61d881a2
q61668a5c,d61d33e0e
q61668a5c,d61cf1dd8
q61668a5c,d61dd96ba
q61668a5c,d61d4a640
q61663da4,d61660a50
q61663da4,d61d9aa64
q61663da4,d61d96a0e
q61663da4,d61d2b268
q61663da4,d61dc9a3a
q61663da4,d61d52ce6
q61663da4,d61663dfe
q61663da4,d61d41cac
q61663da4,d61d8452a
q61663da4,d61e35faa
q616aa90c,d61cfbc98
q616aa90c,d61d59e6a
q616aa90c,d61d4e56a
q616aa90c,d61d80a38
q616aa90c,d6165bf50
q616aa90c,d61cf03f2
q616aa90c,d61d8d170
q616aa90c,d61d57764
q616aa90c,d61e089a6
q616aa90c,d61d8a452
q616aac68,d61ea9748
q616aac68,d61d79b7a
q616aac68,d61df6328
q616aac68,d61e1d8a6
q616aac68,d61e688ce
q616aac68,d61d723a2
q616aac68,d616950b6
q616aac68,d61db2fba
q616aac68,d61d6d2c6
q616aac68,d61d8a966
q61666e6e,d61da8696
q61666e6e,d61659ab6
q61666e6e,d6165737e
q61666e6e,d61e8303e
q61666e6e,d61d8f4ac
q61666e6e,d61d48d04
q61666e6e,d61e1087c
q61666e6e,d61d67d6c
q61666e6e,d61e8ecea
q61666e6e,d61e089a6
q6166e4ac,d61df9668
q6166e4ac,d61dcb1c8
q6166e4ac,d61e502a6
q6166e4ac,d61d52124
q6166e4ac,d61cf1f0e
q6166e4ac,d61dd0c54
q6166e4ac,d61deb0b8
q6166e4ac,d61d2b092
q6166e4ac,d61d3d1ac
q6166e4ac,d61d6a058
q61680706,d61d136a4
q61680706,d61d8f4ac
q61680706,d61cf7846
q61680706,d61cf40c4
q61680706,d61d2d5b8
q61680706,d61df7552
q61680706,d6168e4f0
q61680706,d61d480de
q61680706,d61daa73e
q61680706,d61d02ea8
q6169f994,d61e908c4
q6169f994,d61d625ba
q6169f994,d61db15ca
q6169f994,d61d697d4
q6169f994,d61dde570
q6169f994,d61656168
q6169f994,d61cf249a
q6169f994,d61e0eb26
q6169f994,d61650b5a
q6169f994,d61d7c244
q616a194c,d61d7acfa
q616a194c,d616821f0
q616a194c,d61cfdbf6
q616a194c,d61d49b82
q616a194c,d61661aea
q616a194c,d61d33f26
q616a194c,d61d6cdc6
q616a194c,d61dd5cc2
q616a194c,d61d40604
q616a194c,d61d72460
q6169c2d0,d61652ff4
q6169c2d0,d61df2a0c
q6169c2d0,d61ddb62c
q6169c2d0,d61de8778
q6169c2d0,d61e464fe
q6169c2d0,d61d8cb12
q6169c2d0,d61da2d7c
q6169c2d0,d61d3cd60
q6169c2d0,d61d3f7a4
q6169c2d0,d61d46540
q616633ea,d61d938f4
q616633ea,d61d4611c
q616633ea,d61d02246
q616633ea,d61d71060
q616633ea,d61db6b9c
q616633ea,d61d3b794
q616633ea,d61cf33e0
q616633ea,d6166fae6
q616633ea,d61d6d3fc
q616633ea,d61d74580
q61677fd4,d61db8ea6
q61677fd4,d61cfa56e
q61677fd4,d61d8c77a
q61677fd4,d61d921ac
q61677fd4,d61d56fa8
q61677fd4,d61d50b62
q61677fd4,d61d61016
q61677fd4,d61d3ac0e
q61677fd4,d61d2c294
q61677fd4,d61dc5502
q616a59d4,d61665ec4
q616a59d4,d6166186a
q616a59d4,d61e243f4
q616a59d4,d61d86cc6
q616a59d4,d61d65936
q616a59d4,d61d74a4e
q616a59d4,d61d70a84
q616a59d4,d61d4c666
q616a59d4,d61cef27c
q616a59d4,d61d38616
q61662760,d6167c228
q61662760,d61d6a6d4
q61662760,d61dc6952
q61662760,d61d44902
q61662760,d61dbfb7a
q61662760,d616619d2
q61662760,d61679f8c
q61662760,d61dac890
q61662760,d61cf3a48
q61662760,d61ddff92
q6167ea3c,d61ddd210
q6167ea3c,d61662e22
q6167ea3c,d61d694fa
q6167ea3c,d61dabb8e
q6167ea3c,d61d80632
q6167ea3c,d61d4308e
q6167ea3c,d61d451cc
q6167ea3c,d6166ace4
q6167ea3c,d61e0aff8
q6167ea3c,d61d4b1b2
q6169ccee,d61d89462
q6169ccee,d61d9e4f2
q6169ccee,d61d0be54
q6169ccee,d61db8ea6
q6169ccee,d6165c82e
q6169ccee,d61d568a0
q6169ccee,d61e8e844
q6169ccee,d61cfa56e
q6169ccee,d61d67d6c
q6169ccee,d61cfb702
q61660d98,d61660dfc
q61660d98,d61d58be6
q61660d98,d61d2c294
q61660d98,d61d92a12
q61660d98,d61da70fc
q61660d98,d61cfdad4
q61660d98,d61d81b22
q61660d98,d61dd0420
q61660d98,d61d7cffa
q61660d98,d61d54398
q616738bc,d61673916
q616738bc,d61d8c77a
q616738bc,d61dbf922
q616738bc,d61d6fdd2
q616738bc,d61df3592
q616738bc,d61e37ed6
q616738bc,d61d3cba8
q616738bc,d61d71c54
q616738bc,d61dfe8f2
q616738bc,d61d2a23c
q616897a2,d61670f9a
q616897a2,d6167a54a
q616897a2,d61d2aa84
q616897a2,d61df3bdc
q616897a2,d61d3f416
q616897a2,d61d7e972
q616897a2,d61d297ce
q616897a2,d61d52c32
q616897a2,d61dbefd6
q616897a2,d61d48962
q6166a208,d61d33328
q6166a208,d61d42a12
q6166a208,d61dde9c6
q6166a208,d61cff1ae
q6166a208,d6168710a
q6166a208,d6166a258
q6166a208,d61dbe464
q6166a208,d61dfd4ac
q6166a208,d61e1cbea
q6166a208,d61d3fd94
q616941b6,d6165ec6e
q616941b6,d61d7ee36
q616941b6,d61d32ca2
q616941b6,d61d77df2
q616941b6,d61d65f8a
q616941b6,d61d67d6c
q616941b6,d61dab45e
q616941b6,d61e49cc6
q616941b6,d61d91928
q616941b6,d61dbaf26
q6168ed88,d61d305d8
q6168ed88,d61d3791e
q6168ed88,d61e0adb4
q6168ed88,d61e9ebae
q6168ed88,d61653e4a
q6168ed88,d61d216c8
q6168ed88,d61ddb62c
q6168ed88,d61d66912
q6168ed88,d61663a84
q6168ed88,d61680b16
q6169249c,d61d670c4
q6169249c,d61d4008c
q6169249c,d61d60aee
q6169249c,d61dab2ec
q6169249c,d61d9424a
q6169249c,d61d174ca
q6169249c,d61d8ab3c
q6169249c,d61d66836
q6169249c,d61d3ab46
q6169249c,d6166d2b4
q61670090,d6166eb32
q61670090,d61d72640
q61670090,d61d36488
q61670090,d61d67970
q61670090,d61daffcc
q61670090,d61d31226
q61670090,d61d66a34
q61670090,d61cefa60
q61670090,d61e4aba8
q61670090,d61dc07fa
q61665834,d61d88ad0
q61665834,d61e28116
q61665834,d61666b6c
q61665834,d61da255c
q61665834,d6166587a
q61665834,d61d94664
q61665834,d61d3ebe2
q61665834,d61d7a070
q61665834,d61e17f1e
q61665834,d61d41568
q61690e76,d6165f5ec
q61690e76,d61d2b268
q61690e76,d61d5d6fa
q61690e76,d61d8452a
q61690e76,d61dd56a0
q61690e76,d61d9aa64
q61690e76,d61e0aff8
q61690e76,d61d5487a
q61690e76,d61d3782e
q61690e76,d61d5b59e
q6169df22,d61cff1ae
q6169df22,d61de7012
q6169df22,d61666450
q6169df22,d61d7dcfc
q6169df22,d61dd95ca
q6169df22,d61d53ff6
q6169df22,d616515c8
q6169df22,d61d8fb0a
q6169df22,d61dba49a
q6169df22,d61dc85a4
q61693522,d616749e2
q61693522,d61e97ade
q61693522,d61d5e5f0
q61693522,d616760d0
q61693522,d61d606c0
q61693522,d61d4e7c2
q61693522,d61e61402
q61693522,d61e31a54
q61693522,d61d535b0
q61693522,d6166d174
q61661810,d6166186a
q61661810,d61665ec4
q61661810,d61e243f4
q61661810,d61d70a84
q61661810,d61d74a4e
q61661810,d61d86cc6
q61661810,d61dca142
q61661810,d61cf706c
q61661810,d61cef27c
q61661810,d61d36488
q6166a7d0,d61d43ed0
q6166a7d0,d61cf8660
q6166a7d0,d61d317a8
q6166a7d0,d61da0c3e
q6166a7d0,d61e98f74
q6166a7d0,d61dafb08
q6166a7d0,d61d741a2
q6166a7d0,d61e19b48
q6166a7d0,d616668f6
q6166a7d0,d61d6eb62
q61685bac,d6165eaf2
q61685bac,d61e25042
q61685bac,d61d46d2e
q61685bac,d61d4b82e
q61685bac,d61d6c556
q61685bac,d61d8b8d4
q61685bac,d61daffcc
q61685bac,d61e91d5a
q61685bac,d61d4e646
q61685bac,d616631ec
q6169a610,d6166288c
q6169a610,d61e1a4a8
q6169a610,d6168ba0c
q6169a610,d61d3a2a4
q6169a610,d61d671a0
q6169a610,d61dbc920
q6169a610,d61cf6cac
q6169a610,d61d56dd2
q6169a610,d61e04a0e
q6169a610,d61dc2d52
q6166065e,d61d5271e
q6166065e,d61dd6ac8
q6166065e,d61d342fa
q6166065e,d61656fc8
q6166065e,d61dbc768
q6166065e,d6165defe
q6166065e,d61da10da
q6166065e,d61d3342c
q6166065e,d61cf48d0
q6166065e,d61d05716
q61681f02,d61d140f4
q61681f02,d61d6be8a
q61681f02,d61d3a90c
q61681f02,d61da67ba
q61681f02,d61d93da4
q61681f02,d61651f82
q61681f02,d61d08628
q61681f02,d61d16e6c
q61681f02,d6167e6f4
q61681f02,d61d6e694
q61689ea0,d61d0636e
q61689ea0,d61d4bd24
q61689ea0,d61d44538
q61689ea0,d61d5460e
q61689ea0,d61687736
q61689ea0,d61d697d4
q61689ea0,d61d45d84
q61689ea0,d61d9cc38
q61689ea0,d61d55d6a
q61689ea0,d61e23c24
q61653f4e,d61653f9e
q61653f4e,d61d57a48
q61653f4e,d61e25042
q61653f4e,d61de2d1e
q61653f4e,d61dddbc0
q61653f4e,d61d321b2
q61653f4e,d61d0a0ae
q61653f4e,d61d345fc
q61653f4e,d61d49f2e
q61653f4e,d61cfa56e
q6165fcd6,d61d33328
q6165fcd6,d61da4bae
q6165fcd6,d61d30cc2
q6165fcd6,d61666450
q6165fcd6,d61cff1ae
q6165fcd6,d6165fd12
q6165fcd6,d616673dc
q6165fcd6,d61db4464
q6165fcd6,d61d4eba0
q6165fcd6,d61da5dd8
q616682aa,d61d5f234
q616682aa,d61de0140
q616682aa,d61cfdad4
q616682aa,d6167c868
q616682aa,d61d7567e
q616682aa,d61657626
q616682aa,d61d66138
q616682aa,d61d87554
q616682aa,d61d34c46
q616682aa,d61d41914
q6166bd42,d61666a22
q6166bd42,d61da68dc
q6166bd42,d61d835e4
q6166bd42,d61d5f63a
q6166bd42,d61d3ef20
q6166bd42,d61d11cfa
q6166bd42,d61d016ca
q6166bd42,d61d3eae8
q6166bd42,d61e1e4e0
q6166bd42,d61d49628
q6168a0d0,d6165b74e
q6168a0d0,d61dbe464
q6168a0d0,d61de4ccc
q6168a0d0,d61653f9e
q6168a0d0,d61d889ea
q6168a0d0,d61dbb854
q6168a0d0,d6166655e
q6168a0d0,d61dcce42
q6168a0d0,d61d483ae
q6168a0d0,d61d46ff4
q6169cadc,d6166c544
q6169cadc,d61d92274
q6169cadc,d61dcd93c
q6169cadc,d61d61016
q6169cadc,d61d56b70
q6169cadc,d61cefdb2
q6169cadc,d61dfd0ba
q6169cadc,d61daf50e
q6169cadc,d61d5c458
q6169cadc,d61d89462
q6167edde,d61d71da8
q6167edde,d6166c8e6
q6167edde,d6165cdec
q6167edde,d61d2c0be
q6167edde,d61d2dd92
q6167edde,d61de898a
q6167edde,d61d820fe
q6167edde,d61d60dfa
q6167edde,d61d53af6
q6167edde,d61d4fac8
q6166ac94,d61d792b0
q6166ac94,d61d80632
q6166ac94,d6166ace4
q6166ac94,d61d85088
q6166ac94,d61ddfe70
q6166ac94,d61d623d0
q6166ac94,d61d33530
q6166ac94,d61d2c4b0
q6166ac94,d61df60bc
q6166ac94,d61657130
q61665122,d61d6be8a
q61665122,d61d140f4
q61665122,d61d93da4
q61665122,d61d3bc4e
q61665122,d61651f82
q61665122,d61d3a90c
q61665122,d61da6710
q61665122,d61d43804
q61665122,d6167e6f4
q61665122,d61dc84be
q6165f812,d616515c8
q6165f812,d61dd95ca
q6165f812,d61dba49a
q6165f812,d61d558ce
q6165f812,d61d4eba0
q6165f812,d616530f8
q6165f812,d61de7012
q6165f812,d61cfff00
q6165f812,d61d2f3ae
q6165f812,d61cff1ae
q616701da,d61670220
q616701da,d61d36a1e
q616701da,d61655bb4
q616701da,d61cf280a
q616701da,d61d938f4
q616701da,d61d4e9d4
q616701da,d61cfd8cc
q616701da,d61dc4530
q616701da,d61d74580
q616701da,d6165a042
q6168a918,d616631ec
q6168a918,d61cf3b74
q6168a918,d61d5ee56
q6168a918,d61d6585a
q6168a918,d61da0c3e
q6168a918,d61d7156a
q6168a918,d61d81136
q6168a918,d61dcf67e
q6168a918,d61d47e04
q6168a918,d61d6c218
q6165408e,d61d61976
q6165408e,d61e8303e
q6165408e,d61d08a74
q6165408e,d616540de
q6165408e,d61d9dffc
q6165408e,d61d565e4
q6165408e,d61d535b0
q6165408e,d61d80042
q6165408e,d616596b0
q6165408e,d61d42f62
q61684298,d61d71c54
q61684298,d61664326
q61684298,d61d6f1e8
q61684298,d61dc918e
q61684298,d61dfc656
q61684298,d616596b0
q61684298,d61ea01a2
q61684298,d61da796c
q61684298,d61e1073c
q61684298,d61d7e7c4
q6169906c,d61681bf6
q6169906c,d61d71da8
q6169906c,d61d7b592
q6169906c,d61d34b56
q6169906c,d61e1073c
q6169906c,d61e1859a
q6169906c,d61d2af70
q6169906c,d61d60dfa
q6169906c,d61def294
q6169906c,d61da59e6
q6169e5f8,d6167a2a2
q6169e5f8,d61d3fd94
q6169e5f8,d61d33328
q6169e5f8,d61d42a12
q6169e5f8,d61d3ebe2
q6169e5f8,d61666450
q6169e5f8,d61dbb854
q6169e5f8,d61de7d28
q6169e5f8,d6165899a
q6169e5f8,d61da4bae
q6167de66,d6167deca
q6167de66,d6167950a
q6167de66,d61dd8b8e
q6167de66,d61d9ea38
q6167de66,d61e5100c
q6167de66,d61d53e0c
q6167de66,d61d53c40
q6167de66,d61d562b0
q6167de66,d61db7402
q6167de66,d61d74ff8
q6168095e,d61d640e0
q6168095e,d61d708ea
q6168095e,d61e0f3e6
q6168095e,d61d44d30
q6168095e,d61d8c77a
q6168095e,d61d0f6d0
q6168095e,d61de55dc
q6168095e,d61d62a42
q6168095e,d61dddbc0
q6168095e,d61e969ae
q616ac50e,d61d136a4
q616ac50e,d61658738
q616ac50e,d61d7a6b0
q616ac50e,d6168e4f0
q616ac50e,d61dd6be0
q616ac50e,d6165f11e
q616ac50e,d61d4aac8
q616ac50e,d61d5c76e
q616ac50e,d61dcdbbc
q616ac50e,d61cf7846
q61683726,d61d140f4
q61683726,d61d6be8a
q61683726,d61cf0ffa
q61683726,d61d40d66
q61683726,d61d93da4
q61683726,d6166500a
q61683726,d61651f82
q61683726,d61d41716
q61683726,d61e8e538
q61683726,d61e688ce
q6168f882,d6165a6dc
q6168f882,d61672692
q6168f882,d61d530ba
q6168f882,d61d6cee8
q6168f882,d61cf30b6
q6168f882,d61653d14
q6168f882,d61d4bd24
q6168f882,d61df717e
q6168f882,d61d05716
q6168f882,d61da0c3e
q616821a0,d616821f0
q616821a0,d61d80e70
q616821a0,d61dbc920
q616821a0,d61cf6cac
q616821a0,d61cfe5b0
q616821a0,d61de684c
q616821a0,d61d6f710
q616821a0,d61d44f60
q616821a0,d61e8e286
q616821a0,d61d89d90
q6167d858,d61d3da3a
q6167d858,d61d46a22
q6167d858,d61dc5a8e
q6167d858,d61ddcefa
q6167d858,d6166bf90
q6167d858,d61d64676
q6167d858,d61d96612
q6167d858,d61dcf764
q6167d858,d6165d666
q6167d858,d61de40ba
q61663b9c,d61d46a22
q61663b9c,d61d36690
q61663b9c,d61dbcee8
q61663b9c,d61dc5a8e
q61663b9c,d61d64676
q61663b9c,d61650b5a
q61663b9c,d61d6b9f8
q61663b9c,d61d774a6
q61663b9c,d61d3f290
q61663b9c,d61d96612
q616674c2,d6165a8e4
q616674c2,d61d45d84
q616674c2,d61d44538
q616674c2,d61d96612
q616674c2,d61d3f290
q616674c2,d61cfe5b0
q616674c2,d61d94d12
q616674c2,d6165f11e
q616674c2,d6165e052
q616674c2,d61d5c76e
q61662490,d61d0e384
q61662490,d61d2bede
q61662490,d61d54ac8
q61662490,d61cf1c0c
q61662490,d61d5e50a
q61662490,d61693946
q61662490,d61dcf0d4
q61662490,d61e1881a
q61662490,d61d68596
q61662490,d61dd8ed6
q616733d0,d61d48ffc
q616733d0,d61693946
q616733d0,d61d29cb0
q616733d0,d61651dca
q616733d0,d61d2bede
q616733d0,d61d5dc0e
q616733d0,d61cf9092
q616733d0,d61670572
q616733d0,d61db79a2
q616733d0,d616521f8
q6169c4ec,d616760d0
q6169c4ec,d61cf1f0e
q6169c4ec,d61e15df4
q6169c4ec,d61e25042
q6169c4ec,d61d8c77a
q6169c4ec,d61d2b092
q6169c4ec,d61ddaf38
q6169c4ec,d61e61402
q6169c4ec,d61e12a64
q6169c4ec,d61e70966
q6168a576,d61d43ed0
q6168a576,d61cf3b74
q6168a576,d61d317a8
q6168a576,d61d835e4
q6168a576,d61d4cd3c
q6168a576,d61dafb08
q6168a576,d61d4bc48
q6168a576,d61d6c308
q6168a576,d6165d666
q6168a576,d61d3263a
q61676706,d61d2e1b6
q61676706,d61d7166e
q61676706,d61cf1dd8
q61676706,d61d9dffc
q61676706,d61d5fa86
q61676706,d61d881a2
q61676706,d61dd96ba
q61676706,d61d89462
q61676706,d61e3b43c
q61676706,d61e2511e
q61668b88,d61e33962
q61668b88,d61da7804
q61668b88,d61d73946
q61668b88,d61dcd93c
q61668b88,d61da796c
q61668b88,d61d3cba8
q61668b88,d61651906
q61668b88,d6167c868
q61668b88,d61d0fae0
q61668b88,d61d0262e
q616a55b0,d61d6542c
q616a55b0,d61d57b2e
q616a55b0,d61d9c210
q616a55b0,d61d56b70
q616a55b0,d61d5c458
q616a55b0,d61e65250
q616a55b0,d61ddaf38
q616a55b0,d61d55f7c
q616a55b0,d61d3d5bc
q616a55b0,d61e40554
q6165af92,d616545fc
q6165af92,d61658738
q6165af92,d6167fbbc
q6165af92,d61d7febc
q6165af92,d61dc26ae
q6165af92,d61d5b8a0
q6165af92,d61d6d5d2
q6165af92,d61dd0420
q6165af92,d61dea83e
q6165af92,d61d80e70
q6168e28e,d61d6eb62
q6168e28e,d61e98f74
q6168e28e,d61674f82
q6168e28e,d61d5f63a
q6168e28e,d61d570c0
q6168e28e,d61d2a624
q6168e28e,d61d4cd3c
q6168e28e,d61d317a8
q6168e28e,d61da0c3e
q6168e28e,d61d29df0
q6166c63e,d6166c67a
q6166c63e,d61d58ce0
q6166c63e,d61e731a2
q6166c63e,d6164fd9a
q6166c63e,d6165b23a
q6166c63e,d61e17d16
q6166c63e,d61d08b64
q6166c63e,d61d519cc
q6166c63e,d61d3f5ec
q6166c63e,d61e61de4
q61659eb2,d61659f02
q61659eb2,d61d917c0
q61659eb2,d61d84430
q61659eb2,d61ddf6c8
q61659eb2,d61d5e5f0
q61659eb2,d61e44ce4
q61659eb2,d61668eda
q61659eb2,d61d7a070
q61659eb2,d61da8696
q61659eb2,d61da0e32
q6168605c,d61cf51ea
q6168605c,d61dabc6a
q6168605c,d61657de2
q6168605c,d61e8ecea
q6168605c,d61e91c6a
q6168605c,d61d78dce
q6168605c,d6166d2b4
q6168605c,d61d4008c
q6168605c,d61d60aee
q6168605c,d61d559c8
q616ac888,d61da901e
q616ac888,d61d80042
q616ac888,d61d4308e
q616ac888,d61db3a78
q616ac888,d61e2a880
q616ac888,d61d33530
q616ac888,d61dc8ae0
q616ac888,d61cf177a
q616ac888,d61dabb8e
q616ac888,d61d47bca
q61651d70,d61672692
q61651d70,d61d83d32
q61651d70,d61d7c244
q61651d70,d61d59e6a
q61651d70,d6168cff6
q61651d70,d61e07092
q61651d70,d61d80a38
q61651d70,d61dac890
q61651d70,d61d7ab2e
q61651d70,d61e908c4
q616a5038,d61666b6c
q616a5038,d61d4eba0
q616a5038,d616515c8
q616a5038,d61d39002
q616a5038,d616673dc
q616a5038,d61dc85a4
q616a5038,d61d49a42
q616a5038,d61d37c2a
q616a5038,d61dba49a
q616a5038,d61d2f3ae
q616a7842,d6165c3a6
q616a7842,d61d3412e
q616a7842,d61d5f7ac
q616a7842,d61659c0a
q616a7842,d6167deca
q616a7842,d61e1f3e0
q616a7842,d61d195d6
q616a7842,d61d9fcb2
q616a7842,d61d5928a
q616a7842,d61df73fe
q61679bf4,d61d292a6
q61679bf4,d61d2c4b0
q61679bf4,d61e149e0
q61679bf4,d61d3ba6e
q61679bf4,d61d5d6fa
q61679bf4,d61ddd210
q61679bf4,d61d37b26
q61679bf4,d61d78b1c
q61679bf4,d616606d6
q61679bf4,d6165defe
q6165649c,d61d32fb8
q6165649c,d616564d8
q6165649c,d61d56c38
q6165649c,d61d744c2
q6165649c,d61d30ede
q6165649c,d61d670c4
q6165649c,d61dcf962
q6165649c,d6167248a
q6165649c,d61cf2300
q6165649c,d61ddd210
q616a89ae,d61d54bcc
q616a89ae,d61dd2dec
q616a89ae,d61d0d5ce
q616a89ae,d6165241e
q616a89ae,d61d3d846
q616a89ae,d616644ac
q616a89ae,d61d37392
q616a89ae,d61d9ec0e
q616a89ae,d61d86cc6
q616a89ae,d61e8ecea
q616574a0,d61ddcefa
q616574a0,d61d64676
q616574a0,d6165d666
q616574a0,d61d46a22
q616574a0,d61d774a6
q616574a0,d61d6c308
q616574a0,d61d96612
q616574a0,d6166bf90
q616574a0,d61d68a78
q616574a0,d61d575fc
q6168f1ca,d61d5b1d4
q6168f1ca,d61dd8ed6
q6168f1ca,d61d5d6fa
q6168f1ca,d61e1881a
q6168f1ca,d61d45fbe
q6168f1ca,d61d47418
q6168f1ca,d61d694fa
q6168f1ca,d61ddd210
q6168f1ca,d61d88f94
q6168f1ca,d61d34d22
q616aa542,d61e5a97c
q616aa542,d61659ab6
q616aa542,d61da8696
q616aa542,d61e8ecea
q616aa542,d61d6b020
q616aa542,d61d790ee
q616aa542,d61e5e6c6
q616aa542,d616644ac
q616aa542,d6165737e
q616aa542,d61d37392
q61658b2a,d61d60f58
q61658b2a,d61d7d482
q61658b2a,d61d92fd0
q61658b2a,d6165ba6e
q61658b2a,d6165b23a
q61658b2a,d6164fd9a
q61658b2a,d61658b70
q61658b2a,d61da4e88
q61658b2a,d61d3f5ec
q61658b2a,d61dcf962
q61650b0a,d61d697d4
q61650b0a,d61d36690
q61650b0a,d61d625ba
q61650b0a,d61650b5a
q61650b0a,d61dbcee8
q61650b0a,d61d40c94
q61650b0a,d61d44e02
q61650b0a,d61d96612
q61650b0a,d61d7b362
q61650b0a,d61659c0a
q616902aa,d61670220
q616902aa,d61d49628
q616902aa,d61d4611c
q616902aa,d61de98ee
q616902aa,d61d7de50
q616902aa,d61e6e792
q616902aa,d61d4fdac
q616902aa,d6166fae6
q616902aa,d61d68794
q616902aa,d61dc6952
q616844b4,d61d32fb8
q616844b4,d61d4bf2c
q616844b4,d61cf9092
q616844b4,d61d2a99e
q616844b4,d61dc8f36
q616844b4,d616545fc
q616844b4,d61db554e
q616844b4,d616831c2
q616844b4,d61e0f3e6
q616844b4,d61d76f4c
q616677a6,d6165bf50
q616677a6,d61d7ab2e
q616677a6,d61d80a38
q616677a6,d61d4e56a
q616677a6,d61d83d32
q616677a6,d61df717e
q616677a6,d61d7c244
q616677a6,d6169a002
q616677a6,d61d02c50
q616677a6,d61e424b2
q616a542a,d6165e9e4
q616a542a,d61d45942
q616a542a,d61d134ba
q616a542a,d61d4d7d2
q616a542a,d61650ce0
q616a542a,d61e1ee40
q616a542a,d61d91540
q616a542a,d61d8fee8
q616a542a,d61d2c5c8
q616a542a,d61658206
q61650696,d61cff1ae
q61650696,d61d30808
q61650696,d6166a258
q61650696,d61db4464
q61650696,d61e1cbea
q61650696,d61d9b1c6
q61650696,d61d9b28e
q61650696,d6168710a
q61650696,d61d42a12
q61650696,d61d3ebe2
q6169fad4,d6167e6f4
q6169fad4,d61dd0af6
q6169fad4,d61d790ee
q6169fad4,d61d972f6
q6169fad4,d61659ab6
q6169fad4,d61d35236
q6169fad4,d61d39b42
q6169fad4,d61e044e6
q6169fad4,d61d02d2c
q6169fad4,d61d43ad4
q6168c6e6,d61664b46
q6168c6e6,d61dc381a
q6168c6e6,d61e104b2
q6168c6e6,d61dcdfea
q6168c6e6,d61657de2
q6168c6e6,d61d3c16c
q6168c6e6,d61db37ee
q6168c6e6,d61d90d8e
q6168c6e6,d61d3e3e0
q6168c6e6,d61e33dd6
q6167719c,d61cf3e12
q6167719c,d61658206
q6167719c,d61cf6266
q6167719c,d61ddcb30
q6167719c,d61d71a42
q6167719c,d61cf2e2c
q6167719c,d61d5adb0
q6167719c,d61d30128
q6167719c,d61d58ce0
q6167719c,d61da21e2
q6169788e,d61d61584
q6169788e,d61d8916a
q6169788e,d6164f7e6
q6169788e,d61d703b8
q6169788e,d61cf992a
q6169788e,d61d45aaa
q6169788e,d61d127fe
q6169788e,d6166579e
q6169788e,d61d857e0
q6169788e,d61d9cdaa
q61675996,d61666a22
q61675996,d61da68dc
q61675996,d61d5f63a
q61675996,d61d835e4
q61675996,d61d016ca
q61675996,d61e1e4e0
q61675996,d61d3eae8
q61675996,d61d11cfa
q61675996,d61d3ef20
q61675996,d61dfb576
q61666f9a,d61656ce4
q61666f9a,d61d33f26
q61666f9a,d61d47fda
q61666f9a,d61e17f1e
q61666f9a,d61d05068
q61666f9a,d61dc242e
q61666f9a,d61cfbf4a
q61666f9a,d61d40ed8
q61666f9a,d61d6cdc6
q61666f9a,d61d4b518
q6167b0d0,d61d60f58
q6167b0d0,d61d7d482
q6167b0d0,d61d92fd0
q6167b0d0,d61658b70
q6167b0d0,d61da4e88
q6167b0d0,d6164fd9a
q6167b0d0,d6165ba6e
q6167b0d0,d61e171fe
q6167b0d0,d61d54208
q6167b0d0,d61dd0fc4
q61687222,d61d7d482
q61687222,d6165ba6e
q61687222,d61d4f05a
q61687222,d61d99f92
q61687222,d61693b8a
q61687222,d61d47fda
q61687222,d61dcf962
q61687222,d61d2b934
q61687222,d61d043fc
q61687222,d61d2dfd6
q6166d5f2,d61e090ea
q6166d5f2,d61d39d7c
q6166d5f2,d61e1fbce
q6166d5f2,d61d39c46
q6166d5f2,d61e46404
q6166d5f2,d61d644e6
q6166d5f2,d61d70f98
q6166d5f2,d61d4dc50
q6166d5f2,d61e01afc
q6166d5f2,d61d32dc4
q616a2982,d616662b6
q616a2982,d61d85d80
q616a2982,d61da7642
q616a2982,d6166479a
q616a2982,d61cf0b04
q616a2982,d61d4bb80
q616a2982,d61da7584
q616a2982,d61e13590
q616a2982,d61d09fd2
q616a2982,d61d82e0a
q616aa7a4,d6166b856
q616aa7a4,d61e9225a
q616aa7a4,d61d5559a
q616aa7a4,d61d67272
q616aa7a4,d61dcbef2
q616aa7a4,d61d6a9fe
q616aa7a4,d6165db98
q616aa7a4,d61d5c0c0
q616aa7a4,d61e0de88
q616aa7a4,d61d553b0
q61676f30,d61d50f40
q61676f30,d61d305d8
q61676f30,d61e0adb4
q61676f30,d61680b16
q61676f30,d61dd138e
q61676f30,d61d6a7c4
q61676f30,d61db89ce
q61676f30,d61db1ea8
q61676f30,d61d99bdc
q61676f30,d61d643b0
q61685314,d61d8335a
q61685314,d61d81fbe
q61685314,d61cf706c
q61685314,d61d567a6
q61685314,d61dfbd46
q61685314,d61e46404
q61685314,d61e625f0
q61685314,d61cf45f6
q61685314,d61d90d8e
q61685314,d61dd8274
q61683906,d61da42d0
q61683906,d61d294ae
q61683906,d6165628a
q61683906,d61d4924a
q61683906,d61d3dee0
q61683906,d61cf0802
q61683906,d61d5860a
q61683906,d61cf0de8
q61683906,d61e19346
q61683906,d61e9da2e
q6167a982,d61dee060
q6167a982,d6165a36c
q6167a982,d61d3e610
q6167a982,d61cfb3d8
q6167a982,d61d56dd2
q6167a982,d61d4b82e
q6167a982,d61d880a8
q6167a982,d6164f9bc
q6167a982,d61dd836e
q6167a982,d61ddca36
q6168b0d4,d61d90d8e
q6168b0d4,d6168b11a
q6168b0d4,d61664b46
q6168b0d4,d61cf7846
q6168b0d4,d61e104b2
q6168b0d4,d61d05716
q6168b0d4,d61e5a97c
q6168b0d4,d61de1626
q6168b0d4,d61d2f5ac
q6168b0d4,d61da00ae
q616669be,d61666a22
q616669be,d61da68dc
q616669be,d61d5f63a
q616669be,d61df7552
q616669be,d61d016ca
q616669be,d61661aea
q616669be,d61d3eae8
q616669be,d61d3ef20
q616669be,d61e1e4e0
q616669be,d61679f8c
q61678bb4,d61d35808
q61678bb4,d61d4e56a
q61678bb4,d6165bf50
q61678bb4,d61d562b0
q61678bb4,d61df717e
q61678bb4,d61d74ff8
q61678bb4,d61d7c244
q61678bb4,d61d80a38
q61678bb4,d61d53c40
q61678bb4,d61d83d32
q616a58da,d6167082e
q616a58da,d6165b4a6
q616a58da,d61d45fbe
q616a58da,d61d5d6fa
q616a58da,d61d8a736
q616a58da,d6166125c
q616a58da,d61d6f954
q616a58da,d61da02e8
q616a58da,d616592c8
q616a58da,d61d95d20
q616a824c,d61dd2108
q616a824c,d61699ada
q616a824c,d61e43844
q616a824c,d61d13cb2
q616a824c,d6165c626
q616a824c,d61d610de
q616a824c,d61cf35de
q616a824c,d61dd8968
q616a824c,d61d4a078
q616a824c,d6165b74e
q616593ea,d61d49628
q616593ea,d61d4e9d4
q616593ea,d61655bb4
q616593ea,d61d8b532
q616593ea,d61e99514
q616593ea,d61ea5e18
q616593ea,d61d78a0e
q616593ea,d61e930d8
q616593ea,d61d512ba
q616593ea,d61d3aede
q61679adc,d61679b40
q61679adc,d61d591a4
q61679adc,d6165aa4c
q61679adc,d61ea1048
q61679adc,d61cff67c
q61679adc,d61d9e858
q61679adc,d61d308da
q61679adc,d61d61016
q61679adc,d61d67d6c
q61679adc,d6165d7a6
q61655ca4,d61652ff4
q61655ca4,d6168290c
q61655ca4,d61cfac4e
q61655ca4,d61662f44
q61655ca4,d61d98dcc
q61655ca4,d61de4f10
q61655ca4,d61d89c14
q61655ca4,d61cefdb2
q61655ca4,d61d73202
q61655ca4,d61cef95c
q61656f6e,d61656fc8
q61656f6e,d61d342fa
q61656f6e,d61d4308e
q61656f6e,d61d67272
q61656f6e,d61d66390
q61656f6e,d61d76a9c
q61656f6e,d61d3acd6
q61656f6e,d6167082e
q61656f6e,d61d73ee6
q61656f6e,d61d00676
q61654ae8,d61654b38
q61654ae8,d61d9bd24
q61654ae8,d61d6a9fe
q61654ae8,d61d694fa
q61654ae8,d61d5559a
q61654ae8,d61e0aff8
q61654ae8,d61d4627a
q61654ae8,d61dc75d2
q61654ae8,d6166b856
q61654ae8,d61d9963c
q61687cc2,d6165d2a6
q61687cc2,d61d408ac
q61687cc2,d61d605c6
q61687cc2,d61e06b88
q61687cc2,d61d96ef0
q61687cc2,d61cfb950
q61687cc2,d61dfe8f2
q61687cc2,d61dcd93c
q61687cc2,d61e94136
q61687cc2,d61d686ae
q616787e0,d61651bfe
q616787e0,d61670220
q616787e0,d61687736
q616787e0,d6165e656
q616787e0,d61da3c36
q616787e0,d61d2d2d4
q616787e0,d61679a14
q616787e0,d61cef3bc
q616787e0,d61d8c270
q616787e0,d61d68596
q61689c7a,d6165c0e0
q61689c7a,d61e688ce
q61689c7a,d61d58538
q61689c7a,d6167309c
q61689c7a,d61d8cb12
q61689c7a,d61e01afc
q61689c7a,d616673dc
q61689c7a,d61d505b8
q61689c7a,d61d57f48
q61689c7a,d61def294
q6165b456,d61d45fbe
q6165b456,d6167082e
q6165b456,d6165b4a6
q6165b456,d61d2cb9a
q6165b456,d61da347a
q6165b456,d61d36960
q6165b456,d61d4c878
q6165b456,d6165defe
q6165b456,d61d292a6
q6165b456,d616539a4
q6165434a,d61d29cb0
q6165434a,d61d48ffc
q6165434a,d61cfe6d2
q6165434a,d61651dca
q6165434a,d6165525e
q6165434a,d61d68e42
q6165434a,d61d0e384
q6165434a,d61da9ece
q6165434a,d6165439a
q6165434a,d61df60bc
q616a6442,d61d3412e
q616a6442,d6165c3a6
q616a6442,d61659c0a
q616a6442,d6167deca
q616a6442,d61e1f3e0
q616a6442,d61d5f7ac
q616a6442,d61d82c84
q616a6442,d61654c3c
q616a6442,d61cf2594
q616a6442,d61dda4a2
q61694076,d61ea9748
q61694076,d61e1d8a6
q61694076,d61d79b7a
q61694076,d61dc84be
q61694076,d61d89246
q61694076,d61d6b020
q61694076,d61664b46
q61694076,d61e0388e
q61694076,d61d15954
q61694076,d61d8c586
q6169f570,d61dd95ca
q6169f570,d6167a2a2
q6169f570,d61d33328
q6169f570,d61d7dcfc
q6169f570,d61666450
q6169f570,d61d36690
q6169f570,d61d53ff6
q6169f570,d61d8fb0a
q6169f570,d61d42a12
q6169f570,d6166af5a
q616558d0,d61d78dce
q616558d0,d61d9e4f2
q616558d0,d61d8f038
q616558d0,d61cf992a
q616558d0,d61d56b70
q616558d0,d616536fc
q616558d0,d61e398bc
q616558d0,d61cf1dd8
q616558d0,d61d67d6c
q616558d0,d61d97652
q6165c342,d61e12a64
q6165c342,d61d5f7ac
q6165c342,d61d3ef20
q6165c342,d61d82914
q6165c342,d61daffcc
q6165c342,d61ddaf38
q6165c342,d61d8c77a
q6165c342,d61cf1f0e
q6165c342,d61d2b092
q6165c342,d61d86e60
q6167e406,d61662f44
q6167e406,d61d61016
q6167e406,d61d67d6c
q6167e406,d61ddd99a
q6167e406,d61cfdad4
q6167e406,d61d98dcc
q6167e406,d61d3d5bc
q6167e406,d61d590e6
q6167e406,d61dae168
q6167e406,d61dbaf26
q6167a7d4,d6167a824
q6167a7d4,d61d4edda
q6167a7d4,d61d84430
q6167a7d4,d61d57b2e
q6167a7d4,d61d568a0
q6167a7d4,d61e4096e
q6167a7d4,d61dd38aa
q6167a7d4,d61ded264
q6167a7d4,d61db8ea6
q6167a7d4,d61da4bae
q61654d18,d61654d5e
q61654d18,d61d3772a
q61654d18,d61d68794
q61654d18,d61de2f94
q61654d18,d61d71060
q61654d18,d61d566ca
q61654d18,d61d3d2ce
q61654d18,d61d00590
q61654d18,d61d6dea6
q61654d18,d61d9b66c
q61676878,d61dc6952
q61676878,d61d44902
q61676878,d61d6a6d4
q61676878,d61d7381a
q61676878,d61cf4308
q61676878,d6165b8c0
q61676878,d61d589b6
q61676878,d61dac890
q61676878,d61d298aa
q61676878,d61d6cae2
q61690160,d6168cff6
q61690160,d61d35236
q61690160,d61d44bf0
q61690160,d61e044e6
q61690160,d61677610
q61690160,d61d7f106
q61690160,d61e65250
q61690160,d61da22f0
q61690160,d61e3b43c
q61690160,d61d4dc50
q61685f44,d61dbf544
q61685f44,d6167248a
q61685f44,d61d2b934
q61685f44,d61d8be6a
q61685f44,d61d5db5a
q61685f44,d61d3f8bc
q61685f44,d61d0f306
q61685f44,d61d47bca
q61685f44,d61d74e9a
q61685f44,d61d404ec
q6169304a,d61664696
q6169304a,d61db31a4
q6169304a,d61cefb6e
q6169304a,d61ddcefa
q6169304a,d61d3c23e
q6169304a,d61672692
q6169304a,d61e089a6
q6169304a,d61d45d84
q6169304a,d61e26406
q6169304a,d61e61402
q616a75a4,d61d66836
q616a75a4,d61e13392
q616a75a4,d61d8a966
q616a75a4,d61655132
q616a75a4,d61e1779e
q616a75a4,d61d858da
q616a75a4,d61d4f776
q616a75a4,d61dceeea
q616a75a4,d61dfd0ba
q616a75a4,d61d01620
q616a67d0,d616950b6
q616a67d0,d61d6d2c6
q616a67d0,d61d13dac
q616a67d0,d61d6ecc0
q616a67d0,d61d70d0e
q616a67d0,d61ddc3a6
q616a67d0,d61d2b448
q616a67d0,d6166299a
q616a67d0,d61d04208
q616a67d0,d61d5dd9e
q6165c086,d61691998
q6165c086,d61d0fd74
q6165c086,d61d50f40
q6165c086,d61d8420a
q6165c086,d61d5487a
q6165c086,d61d39002
q6165c086,d61dab45e
q6165c086,d61d4ca58
q6165c086,d61dbba2a
q6165c086,d6165db98
q616a3cb0,d61650830
q616a3cb0,d61d8cb12
q616a3cb0,d61d6e694
q616a3cb0,d61d31db6
q616a3cb0,d61dcfe80
q616a3cb0,d6165737e
q616a3cb0,d61d92bf2
q616a3cb0,d61d530ba
q616a3cb0,d61e8303e
q616a3cb0,d61dae168
q61682db2,d61d48ffc
q61682db2,d61d31334
q61682db2,d61d5dc0e
q61682db2,d61693946
q61682db2,d61d5fefa
q61682db2,d61d29cb0
q61682db2,d61df60bc
q61682db2,d61da9546
q61682db2,d61cfe6d2
q61682db2,d61651dca
q616a3bb6,d6169da04
q616a3bb6,d6166ba4a
q616a3bb6,d61e2a880
q616a3bb6,d61d558ce
q616a3bb6,d61d57a48
q616a3bb6,d61d7dcfc
q616a3bb6,d61d53ff6
q616a3bb6,d61dc918e
q616a3bb6,d61e83a7a
q616a3bb6,d61d08a74
q6167d394,d6166125c
q6167d394,d61db74fc
q6167d394,d61d6f954
q6167d394,d61d7c30c
q6167d394,d61d66390
q6167d394,d616592c8
q6167d394,d61d3acd6
q6167d394,d61d342fa
q6167d394,d61d694fa
q6167d394,d61d00676
q61653b16,d61d35808
q61653b16,d61d4e56a
q61653b16,d6165bf50
q61653b16,d61d562b0
q61653b16,d61def08c
q61653b16,d61d7c244
q61653b16,d61d74ff8
q61653b16,d61d83d32
q61653b16,d61d53c40
q61653b16,d61d80a38
q6168a224,d61d77df2
q6168a224,d6165ec6e
q6168a224,d61d32ca2
q6168a224,d61d61016
q6168a224,d61d5c458
q6168a224,d61d3d5bc
q6168a224,d61d56b70
q6168a224,d61d66836
q6168a224,d61cfdad4
q6168a224,d61d670c4
q616a23e2,d6167331c
q616a23e2,d61dd0c54
q616a23e2,d6165d148
q616a23e2,d61e89d1c
q616a23e2,d616760d0
q616a23e2,d61d3fd94
q616a23e2,d61d37f7c
q616a23e2,d61666450
q616a23e2,d6166e6c8
q616a23e2,d61da4bae
q6169e4cc,d6167ace8
q6169e4cc,d61d827de
q6169e4cc,d61dcf764
q6169e4cc,d61d7bcf4
q6169e4cc,d61d72b2c
q6169e4cc,d61670572
q6169e4cc,d61d575fc
q6169e4cc,d61d9569a
q6169e4cc,d61d89c14
q6169e4cc,d61da3c36
q6168038c,d616803d2
q6168038c,d61dbb26e
q6168038c,d61dbb854
q6168038c,d61e0540e
q6168038c,d61d1035a
q6168038c,d61d59474
q6168038c,d61e14152
q6168038c,d61cf8b38
q6168038c,d61dc677c
q6168038c,d61e07092
q61659bc4,d61659c0a
q61659bc4,d61e1f3e0
q61659bc4,d61e25b46
q61659bc4,d61dbcee8
q61659bc4,d61d36690
q61659bc4,d61cf30b6
q61659bc4,d61d917c0
q61659bc4,d61d644e6
q61659bc4,d61d6b3fe
q61659bc4,d61d84b92
q6166876e,d616687c8
q6166876e,d61d49448
q6166876e,d61da901e
q6166876e,d61d77596
q6166876e,d61d3bf8c
q6166876e,d61d91928
q6166876e,d61d630aa
q6166876e,d61dd4f20
q6166876e,d61d7b6a0
q6166876e,d61da3d58
q616888de,d6166e29a
q616888de,d61d532d6
q616888de,d61d36c1c
q616888de,d61cf177a
q616888de,d61d43908
q616888de,d6166587a
q616888de,d61d34b56
q616888de,d61d4f438
q616888de,d61e0b32c
q616888de,d61d32dc4
q61664d6c,d6165ec6e
q61664d6c,d61d77df2
q61664d6c,d61d32ca2
q61664d6c,d61d5f55e
q61664d6c,d61dbaf26
q61664d6c,d61d308da
q61664d6c,d61d52c32
q61664d6c,d61d5c458
q61664d6c,d61d3d5bc
q61664d6c,d61d56b70
q616773cc,d61cf31f6
q616773cc,d61cf6144
q616773cc,d61d0be54
q616773cc,d61e4aba8
q616773cc,d61d535b0
q616773cc,d61d8c77a
q616773cc,d61d73522
q616773cc,d61d196b2
q616773cc,d61ded264
q616773cc,d61d8de54
q6166f4c4,d616540de
q6166f4c4,d61d08a74
q6166f4c4,d61dbf468
q6166f4c4,d61d35236
q6166f4c4,d6169f412
q6166f4c4,d61e8303e
q6166f4c4,d61d4b41e
q6166f4c4,d61d80042
q6166f4c4,d61e044e6
q6166f4c4,d61e33dd6
q616a903e,d6168ddf2
q616a903e,d61d84b92
q616a903e,d61cf6f72
q616a903e,d61cfe5b0
q616a903e,d61df03f6
q616a903e,d61d05716
q616a903e,d61d536dc
q616a903e,d61dde570
q616a903e,d61d39d7c
q616a903e,d61d625ba
q6169dc34,d61da4bae
q6169dc34,d61666450
q6169dc34,d616595a2
q6169dc34,d61d388dc
q6169dc34,d61d0546e
q6169dc34,d61d9b1c6
q6169dc34,d61e1cbea
q6169dc34,d61666b6c
q6169dc34,d6166a258
q6169dc34,d61dba49a
q61669736,d61d82e0a
q61669736,d61669786
q61669736,d61d2e33c
q61669736,d61d665f2
q61669736,d61dcfc82
q61669736,d61d8e890
q61669736,d61d4b41e
q61669736,d61d5860a
q61669736,d61d6b020
q61669736,d6169f412
q61681d90,d61654c3c
q61681d90,d61d72640
q61681d90,d61d67970
q61681d90,d6166eb32
q61681d90,d61d36488
q61681d90,d61e398bc
q61681d90,d61d3ef20
q61681d90,d61df8538
q61681d90,d61d96824
q61681d90,d61d95f82
q6169f3b8,d61d3d5bc
q6169f3b8,d61d80042
q6169f3b8,d61d4b41e
q6169f3b8,d61e633e2
q6169f3b8,d61d96b26
q6169f3b8,d6169f412
q6169f3b8,d61e089a6
q6169f3b8,d61d41716
q6169f3b8,d61d8d59e
q6169f3b8,d61cf34c6
q61654bf6,d61654c3c
q61654bf6,d61d72640
q61654bf6,d61d36488
q61654bf6,d61d67970
q61654bf6,d61d96824
q61654bf6,d61da5338
q61654bf6,d6166eb32
q61654bf6,d61df8538
q61654bf6,d61d81cb2
q61654bf6,d61cef27c
q616a1078,d61667ce2
q616a1078,d61d4951a
q616a1078,d61d014d6
q616a1078,d61cf6cac
q616a1078,d61d370c2
q616a1078,d61da1fb2
q616a1078,d61d47eea
q616a1078,d61d49f2e
q616a1078,d61d90064
q616a1078,d61d359ca
q616664fa,d61e532a8
q616664fa,d61def294
q616664fa,d61dfe8f2
q616664fa,d61d5bfb2
q616664fa,d61dcd93c
q616664fa,d61d1b868
q616664fa,d61e31a54
q616664fa,d61d92274
q616664fa,d6166c544
q616664fa,d61dd6262
q616814f8,d61d29cb0
q616814f8,d61dcc1cc
q616814f8,d61cfe6d2
q616814f8,d61db1ad4
q616814f8,d61d5dc0e
q616814f8,d6165439a
q616814f8,d61e19ec2
q616814f8,d61e34614
q616814f8,d61d5fefa
q616814f8,d61dd5fc4
q616732e0,d61d5bfb2
q616732e0,d61dd0c54
q616732e0,d61d6c556
q616732e0,d61cf1f0e
q616732e0,d6167331c
q616732e0,d61db19bc
q616732e0,d61dcb1c8
q616732e0,d61e8e286
q616732e0,d61d93da4
q616732e0,d61da4bae
q616a2658,d6165db98
q616a2658,d61d3d706
q616a2658,d61dcbef2
q616a2658,d61d9deee
q616a2658,d61d3acd6
q616a2658,d61d5b0e4
q616a2658,d61d5fe28
q616a2658,d61d75b24
q616a2658,d61d3fae2
q616a2658,d61655a2e
q61665e7e,d61665ec4
q61665e7e,d61e243f4
q61665e7e,d61d86cc6
q61665e7e,d6166186a
q61665e7e,d61d70a84
q61665e7e,d61d74a4e
q61665e7e,d61d65936
q61665e7e,d61d38616
q61665e7e,d61d4c666
q61665e7e,d61d59b54
q6168e7d4,d61650236
q6168e7d4,d61d4a8c0
q6168e7d4,d61d2f20a
q6168e7d4,d61da7804
q6168e7d4,d61d72460
q6168e7d4,d61d53c40
q6168e7d4,d61d01bd4
q6168e7d4,d61ea01a2
q6168e7d4,d61d59366
q6168e7d4,d61d49f2e
q6164f62e,d61d04208
q6164f62e,d61d3158c
q6164f62e,d6166579e
q6164f62e,d61d8f038
q6164f62e,d61d5dd9e
q6164f62e,d61df4280
q6164f62e,d61ddc3a6
q6164f62e,d61d61584
q6164f62e,d61d71b1e
q6164f62e,d61d8916a
q61666d42,d61650830
q61666d42,d61d8cb12
q61666d42,d61d927c4
q61666d42,d61daa81a
q61666d42,d61d3cd60
q61666d42,d61da2d7c
q61666d42,d61dfbd46
q61666d42,d61d9f8e8
q61666d42,d61d688c0
q61666d42,d61d604b8
q616816ce,d61d2a624
q616816ce,d61d83f44
q616816ce,d61d2f908
q616816ce,d61651dca
q616816ce,d6166479a
q616816ce,d61d4429a
q616816ce,d61daf306
q616816ce,d61d4bb80
q616816ce,d61d4d2f0
q616816ce,d61d67f2e
q61657216,d61df8448
q61657216,d61d59e6a
q61657216,d61d53ff6
q61657216,d61daa73e
q61657216,d61d93e9e
q61657216,d61662f44
q61657216,d61d8d170
q61657216,d61d2b362
q61657216,d61d35808
q61657216,d61d2a4bc
q616653fc,d61d54bcc
q616653fc,d61e914d6
q616653fc,d6165737e
q616653fc,d61d371bc
q616653fc,d61d90d8e
q616653fc,d61da8696
q616653fc,d61e8ecea
q616653fc,d61d72d7a
q616653fc,d61d70f98
q616653fc,d61d49a42
q61683df2,d61d49a42
q61683df2,d6165737e
q61683df2,d6165ef8e
q61683df2,d6167900a
q61683df2,d61d72d7a
q61683df2,d61d043fc
q61683df2,d61da3b1e
q61683df2,d61d65f8a
q61683df2,d61693b8a
q61683df2,d61d99254
q616863ea,d61d4f30c
q616863ea,d61df3592
q616863ea,d61dbf922
q616863ea,d61e48e3e
q616863ea,d61daa73e
q616863ea,d61d4924a
q616863ea,d61dc39dc
q616863ea,d61daf50e
q616863ea,d61668eda
q616863ea,d61d7de50
q61689590,d616540de
q61689590,d61d08a74
q61689590,d61d42f62
q61689590,d61d4b41e
q61689590,d61d35236
q61689590,d6169f412
q61689590,d61dbf468
q61689590,d61dc0eda
q61689590,d61d6c218
q61689590,d61d80042
q6166d11a,d6166d174
q6166d11a,d61cf8660
q6166d11a,d61ddf6c8
q6166d11a,d61dbe1a8
q6166d11a,d61659f02
q6166d11a,d61d2eb34
q6166d11a,d61dea258
q6166d11a,d61d5e258
q6166d11a,d61cf8f20
q6166d11a,d61e1ca96
q6166c9b8,d61da7804
q6166c9b8,d61e33962
q6166c9b8,d61d07e94
q6166c9b8,d61d41b9e
q6166c9b8,d61dcd93c
q6166c9b8,d61d2f20a
q6166c9b8,d61e1859a
q6166c9b8,d61d66836
q6166c9b8,d61de7620
q6166c9b8,d61d308da
q616a3fe4,d616a402a
q616a3fe4,d616831c2
q616a3fe4,d61de70da
q616a3fe4,d61d5e50a
q616a3fe4,d61693946
q616a3fe4,d61d80632
q616a3fe4,d61670572
q616a3fe4,d61cf9092
q616a3fe4,d61cf7436
q616a3fe4,d61da9ece
q6169c096,d61e7fc18
q6169c096,d61d37392
q6169c096,d61dd4ca0
q6169c096,d616830c8
q6169c096,d61668eda
q6169c096,d61e09ba8
q6169c096,d61d8e9f8
q6169c096,d61d5c336
q6169c096,d61cf9254
q6169c096,d61d85448
q61673b50,d6166d174
q61673b50,d61cefca4
q61673b50,d61e8a71c
q61673b50,d61dc5962
q61673b50,d61d708ea
q61673b50,d61e4d326
q61673b50,d61d6a51c
q61673b50,d61659f02
q61673b50,d61d917c0
q61673b50,d61e61402
q616859b8,d61d196b2
q616859b8,d61d741a2
q616859b8,d61dbb854
q616859b8,d61d46ff4
q616859b8,d61d1b868
q616859b8,d61da4bae
q616859b8,d61dea83e
q616859b8,d61cf274c
q616859b8,d61d80e70
q616859b8,d61d48d04
q61682510,d61d5b59e
q61682510,d61d911da
q61682510,d61dafb08
q61682510,d61d7c7b2
q61682510,d61da1666
q61682510,d61e98f74
q61682510,d61df73fe
q61682510,d61dd2928
q61682510,d6165525e
q61682510,d61cf8660
q616993dc,d61d6206a
q616993dc,d6165b23a
q616993dc,d61dbf544
q616993dc,d61d54208
q616993dc,d61d4d7d2
q616993dc,d61d45942
q616993dc,d61db3a78
q616993dc,d6165e9e4
q616993dc,d61d78c2a
q616993dc,d61650ce0
q6169d266,d61669682
q6169d266,d61652ff4
q6169d266,d61d308da
q6169d266,d61cffd7a
q6169d266,d61d3a452
q6169d266,d61651906
q6169d266,d61d002d4
q6169d266,d61cfac4e
q6169d266,d61d3f416
q6169d266,d61d5c458
q616907e6,d61666a22
q616907e6,d61da68dc
q616907e6,d61d5f63a
q616907e6,d61d835e4
q616907e6,d61d016ca
q616907e6,d61e1e4e0
q616907e6,d61d3eae8
q616907e6,d61d11cfa
q616907e6,d61d3ef20
q616907e6,d61dfb576
q6168c4de,d61670b1c
q6168c4de,d61d99402
q6168c4de,d61cf7940
q6168c4de,d61d80042
q6168c4de,d61665db6
q6168c4de,d61cfc0da
q6168c4de,d61d3d1ac
q6168c4de,d61d921ac
q6168c4de,d61d1ea0e
q6168c4de,d61d8d59e
q6169add6,d6165f9d4
q6169add6,d61cfa456
q6169add6,d61dc07fa
q6169add6,d61e4126a
q6169add6,d61d60d0a
q6169add6,d61cf422c
q6169add6,d61e0849c
q6169add6,d616568ac
q6169add6,d61e46404
q6169add6,d61d91aea
q61694de6,d61652ff4
q61694de6,d61d8cb12
q61694de6,d61cf735a
q61694de6,d61d46540
q61694de6,d61681034
q61694de6,d61cf0802
q61694de6,d61d3cd60
q61694de6,d61d688c0
q61694de6,d61cff2ee
q61694de6,d61daa81a
q6167e8e8,d61e243f4
q6167e8e8,d61d74a4e
q6167e8e8,d61665ec4
q6167e8e8,d61d86cc6
q6167e8e8,d61d70a84
q6167e8e8,d6166186a
q6167e8e8,d61d36488
q6167e8e8,d616830c8
q6167e8e8,d61d4c666
q6167e8e8,d61cef27c
q6168cb8c,d61e9bfa8
q6168cb8c,d61d6e5ae
q6168cb8c,d61d1035a
q6168cb8c,d61dc84be
q6168cb8c,d61d49a42
q6168cb8c,d61d342fa
q6168cb8c,d61da00ae
q6168cb8c,d61d3d846
q6168cb8c,d61da1292
q6168cb8c,d61d3d706
q61651f28,d61d140f4
q61651f28,d61d6be8a
q61651f28,d61d93da4
q61651f28,d61651f82
q61651f28,d61d4cc24
q61651f28,d61d6e694
q61651f28,d61d8d170
q61651f28,d616785a6
q61651f28,d61d67c54
q61651f28,d61cff780
q6168ae2c,d61d640e0
q6168ae2c,d61d3745a
q6168ae2c,d61d5b59e
q6168ae2c,d61d8452a
q6168ae2c,d61d346ec
q6168ae2c,d61d41374
q6168ae2c,d61de55dc
q6168ae2c,d6165f5ec
q6168ae2c,d61dd2928
q6168ae2c,d61d64fae
q61690b88,d61e2a77c
q61690b88,d61d48ffc
q61690b88,d61d68c62
q61690b88,d61658b70
q61690b88,d61d934f8
q61690b88,d61d96928
q61690b88,d61d5cee4
q61690b88,d61d80632
q61690b88,d61d4ca58
q61690b88,d61d2bc72
q61683460,d61d85088
q61683460,d61da9258
q61683460,d61d516fc
q61683460,d61654b38
q61683460,d61e0aff8
q61683460,d61d75494
q61683460,d6166369c
q61683460,d61d9819c
q61683460,d61dbe54a
q61683460,d61d5c336
q6167ccdc,d61d0fd74
q6167ccdc,d61d492fe
q6167ccdc,d61d3394a
q6167ccdc,d61d39002
q6167ccdc,d61d34048
q6167ccdc,d61d8420a
q6167ccdc,d61691998
q6167ccdc,d61d3782e
q6167ccdc,d6166587a
q6167ccdc,d61e090ea
q61651bc2,d61d4bf2c
q61651bc2,d61651bfe
q61651bc2,d61d36f28
q61651bc2,d61d712cc
q61651bc2,d61cf7fa8
q61651bc2,d61d5a950
q61651bc2,d61d50248
q61651bc2,d61d3e87c
q61651bc2,d61cf2300
q61651bc2,d61db1cc8
q61664eac,d6165c25c
q61664eac,d61d6fa1c
q61664eac,d61e2b050
q61664eac,d61cfbc98
q61664eac,d61d39d7c
q61664eac,d61da59e6
q61664eac,d61cf30b6
q61664eac,d61654fe8
q61664eac,d61d40c94
q61664eac,d61d7b362
q61690c8c,d6167e6f4
q61690c8c,d61d29396
q61690c8c,d61d3bc4e
q61690c8c,d61d93da4
q61690c8c,d61d4a7d0
q61690c8c,d61d9b28e
q61690c8c,d61e8d5d4
q61690c8c,d61dd6406
q61690c8c,d61659ab6
q61690c8c,d61d13dac
q616aa2c2,d61d792b0
q616aa2c2,d6166ace4
q616aa2c2,d61cf34c6
q616aa2c2,d61d80632
q616aa2c2,d61db3a78
q616aa2c2,d61d4308e
q616aa2c2,d61d8b38e
q616aa2c2,d61ddfe70
q616aa2c2,d61d623d0
q616aa2c2,d61d48ffc
q6165c946,d61de898a
q6165c946,d61661aea
q6165c946,d61d72460
q6165c946,d61673dee
q6165c946,d61d53af6
q6165c946,d61d2e33c
q6165c946,d61d99e84
q6165c946,d61d43dcc
q6165c946,d61d4e024
q6165c946,d61d53c40
q6166906a,d61d43b92
q6166906a,d6164fb42
q6166906a,d61ea01a2
q6166906a,d61d30484
q6166906a,d61d66bec
q6166906a,d61653f9e
q6166906a,d6166c440
q6166906a,d61d7ea58
q6166906a,d61d4a078
q6166906a,d61d306a0
q6167f482,d61e4aba8
q6167f482,d61d535b0
q6167f482,d61cf31f6
q6167f482,d61d8c77a
q6167f482,d61d48d04
q6167f482,d61dd97e6
q6167f482,d61d84ab6
q6167f482,d61cf6144
q6167f482,d61d196b2
q6167f482,d61d37392
q6167d9b6,d6165385a
q6167d9b6,d61dce62a
q6167d9b6,d6166655e
q6167d9b6,d61d71fb0
q6167d9b6,d61d0f6d0
q6167d9b6,d61d14e5a
q6167d9b6,d61dbe464
q6167d9b6,d61656bae
q6167d9b6,d61d62a42
q6167d9b6,d61dbe0b8
q61666b1c,d61d4eba0
q61666b1c,d61dd95ca
q61666b1c,d61d39002
q61666b1c,d616515c8
q61666b1c,d61dfa6bc
q61666b1c,d61d558ce
q61666b1c,d61d41568
q61666b1c,d616673dc
q61666b1c,d61dba49a
q61666b1c,d61d588da
q616692fe,d61659f02
q616692fe,d61d917c0
q616692fe,d61cf8f20
q616692fe,d61dbe1a8
q616692fe,d61d5e5f0
q616692fe,d616749e2
q616692fe,d61cefca4
q616692fe,d61663980
q616692fe,d61d5e258
q616692fe,d61e97ade
q61662846,d61d9f550
q61662846,d61d014d6
q61662846,d61d67f2e
q61662846,d61651dca
q61662846,d61d74ff8
q61662846,d61d562b0
q61662846,d61dd5cc2
q61662846,d61dc4530
q61662846,d61de684c
q61662846,d61d54ac8
q61662bb6,d6169ca1e
q61662bb6,d61d89354
q61662bb6,d61e0148a
q61662bb6,d61d41374
q61662bb6,d61d0a0ae
q61662bb6,d61dd0c54
q61662bb6,d61d93ffc
q61662bb6,d6165bc6c
q61662bb6,d61dd02b8
q61662bb6,d61d2d770
q616668b0,d616668f6
q616668b0,d61cf30b6
q616668b0,d61d4cd3c
q616668b0,d61da0c3e
q616668b0,d61cfdcfa
q616668b0,d61d4bc48
q616668b0,d61d29df0
q616668b0,d6166a820
q616668b0,d61d9375a
q616668b0,d61d6585a
q6167d01a,d61d47bca
q6167d01a,d61d6206a
q6167d01a,d61dbf544
q6167d01a,d61d8907a
q6167d01a,d61d8be6a
q6167d01a,d61d3f6e6
q6167d01a,d6165853a
q6167d01a,d61d0f306
q6167d01a,d6167248a
q6167d01a,d61e14260
q6165dcba,d6164fb42
q6165dcba,d61d43b92
q6165dcba,d61ea01a2
q6165dcba,d61d71c54
q6165dcba,d61d48642
q6165dcba,d61656a32
q6165dcba,d61d5f234
q6165dcba,d61d7dafe
q6165dcba,d61d3a452
q6165dcba,d61d6f954
q616822c2,d6166f3e8
q616822c2,d61d686ae
q616822c2,d61dba7ce
q616822c2,d61cefb6e
q616822c2,d61e04a0e
q616822c2,d61dcf480
q616822c2,d6165d2a6
q616822c2,d61e291b0
q616822c2,d61da7804
q616822c2,d61ddca36
q616929b0,d61d140f4
q616929b0,d61da67ba
q616929b0,d61d08628
q616929b0,d61d7a372
q616929b0,d61d6be8a
q616929b0,d61d8614a
q616929b0,d61d2f69c
q616929b0,d61651f82
q616929b0,d61d75386
q616929b0,d61d3a90c
q616832f8,d61e0f3e6
q616832f8,d61d80e70
q616832f8,d61d48d04
q616832f8,d61cfc0da
q616832f8,d61d8aff6
q616832f8,d61dbe9a0
q616832f8,d61d2b736
q616832f8,d61d3d1ac
q616832f8,d61d5fc20
q616832f8,d61d80042
q6169237a,d61d674c0
q6169237a,d61d2e1b6
q6169237a,d61dd96ba
q6169237a,d61cf1dd8
q6169237a,d61d2fe08
q6169237a,d61d670c4
q6169237a,d61e2511e
q6169237a,d61d881a2
q6169237a,d61d80042
q6169237a,d6166d2b4
q61658fe4,d61e090ea
q61658fe4,d61d818b6
q61658fe4,d61652ad6
q61658fe4,d61d6f1e8
q61658fe4,d61e1073c
q61658fe4,d61dc918e
q61658fe4,d61d7e7c4
q61658fe4,d61da827c
q61658fe4,d6166224c
q61658fe4,d61d34b56
q616717ba,d61d37f7c
q616717ba,d6166a47e
q616717ba,d61d782a2
q616717ba,d61dd0c54
q616717ba,d6166e6c8
q616717ba,d61d640e0
q616717ba,d61e89d1c
q616717ba,d61d12632
q616717ba,d61d55e64
q616717ba,d61df65a8
q6169f66a,d6165737e
q6169f66a,d61659ab6
q6169f66a,d61da8696
q6169f66a,d61d790ee
q6169f66a,d61e5a97c
q6169f66a,d61dbf468
q6169f66a,d61d4b41e
q6169f66a,d61d6b020
q6169f66a,d61e8ecea
q6169f66a,d61ddb53c
q6166236e,d616553ee
q6166236e,d61d5b59e
q6166236e,d61d3982c
q6166236e,d61655bb4
q6166236e,d61d5bfb2
q6166236e,d61652ad6
q6166236e,d61e19b48
q6166236e,d61e23206
q6166236e,d61d59c26
q6166236e,d6169d40a
q6165f592,d6165f5ec
q6165f592,d61d8452a
q6165f592,d61e0aff8
q6165f592,d61d346ec
q6165f592,d61dd56a0
q6165f592,d61d5487a
q6165f592,d61d5b59e
q6165f592,d61d3782e
q6165f592,d61d5d6fa
q6165f592,d61e2c9a0
q61689342,d6166bb62
q61689342,d61d7b18c
q61689342,d61e1d8a6
q61689342,d61ea9748
q61689342,d61d79b7a
q61689342,d61d87eb4
q61689342,d61e96ad0
q61689342,d61d08894
q61689342,d61d5d3da
q61689342,d61d53a06
q61681a84,d61d4eba0
q61681a84,d61666b6c
q61681a84,d616515c8
q61681a84,d61d39002
q61681a84,d61d2f3ae
q61681a84,d616530f8
q61681a84,d61d3ebe2
q61681a84,d61dba49a
q61681a84,d61d49a42
q61681a84,d61de7012
q616a94d0,d61d8fee8
q616a94d0,d61dccbf4
q616a94d0,d61d795ee
q616a94d0,d61d0752a
q616a94d0,d61d5fd2e
q616a94d0,d61d6149e
q616a94d0,d61de3f0c
q616a94d0,d61650524
q616a94d0,d61d76f4c
q616a94d0,d61d2dfd6
q6166b69e,d61d4a992
q6166b69e,d6165bc6c
q6166b69e,d61d3772a
q6166b69e,d61d37392
q6166b69e,d61e3b93c
q6166b69e,d61d2d770
q6166b69e,d61da8696
q6166b69e,d61dfbd46
q6166b69e,d61d570c0
q6166b69e,d61653d14
q616ab37a,d616673dc
q616ab37a,d61d4eba0
q616ab37a,d616515c8
q616ab37a,d61666b6c
q616ab37a,d616530f8
q616ab37a,d61dba49a
q616ab37a,d61dc85a4
q616ab37a,d61de7012
q616ab37a,d61d49a42
q616ab37a,d61d39002
q61683bc2,d61d2d1f8
q61683bc2,d61d8c77a
q61683bc2,d61d61016
q61683bc2,d61dfd4ac
q61683bc2,d61d75386
q61683bc2,d61e090ea
q61683bc2,d61d34b56
q61683bc2,d61693414
q61683bc2,d61dddbc0
q61683bc2,d61d2a322
q61656370,d616556b4
q61656370,d61db1ea8
q61656370,d61db89ce
q61656370,d61d99bdc
q61656370,d61d6a7c4
q61656370,d61e0adb4
q61656370,d61e464fe
q61656370,d61d305d8
q61656370,d61653e4a
q61656370,d61dd138e
q6169f7be,d61d590e6
q6169f7be,d61d3d5bc
q6169f7be,d61d64fae
q6169f7be,d61d96b26
q6169f7be,d61d65f8a
q6169f7be,d61d4b41e
q6169f7be,d61dd8814
q6169f7be,d61e65a3e
q6169f7be,d6169f412
q6169f7be,d61d171be
q61675360,d6165e3e0
q61675360,d616753c4
q61675360,d6165241e
q61675360,d61d88670
q61675360,d6165e23c
q61675360,d61d3412e
q61675360,d61d7a6b0
q61675360,d61d78388
q61675360,d61d2d770
q61675360,d61d835e4
q6168be62,d61d8650a
q6168be62,d61d08ed4
q6168be62,d61673dee
q6168be62,d61d869b0
q6168be62,d61d74ff8
q6168be62,d61d4733c
q6168be62,d61d44902
q6168be62,d61d33f26
q6168be62,d61d38616
q6168be62,d61de898a
q616aab50,d6165e052
q616aab50,d61dd5cc2
q616aab50,d61d52408
q616aab50,d6166751c
q616aab50,d61d0e154
q616aab50,d61cf6cac
q616aab50,d6168ea86
q616aab50,d61d60bc0
q616aab50,d61d453de
q616aab50,d61ddb53c
q6167eb9a,d6166af5a
q6167eb9a,d61da5dd8
q6167eb9a,d61dde9c6
q6167eb9a,d61da241c
q6167eb9a,d61d42a12
q6167eb9a,d61d778e8
q6167eb9a,d61e0540e
q6167eb9a,d61d46eb4
q6167eb9a,d61d53ff6
q6167eb9a,d61d3fd94
q6168ee8c,d61dd1c08
q6168ee8c,d616881ae
q6168ee8c,d61ddd99a
q6168ee8c,d61d4984e
q6168ee8c,d61dd4a48
q6168ee8c,d61cf6b30
q6168ee8c,d61de7968
q6168ee8c,d6167c390
q6168ee8c,d61673f24
q6168ee8c,d61d59b54
q6169fd86,d61d9a1a4
q6169fd86,d6165b23a
q6169fd86,d61d34f34
q6169fd86,d61cf3e12
q6169fd86,d61db7fce
q6169fd86,d61d519cc
q6169fd86,d61ddcb30
q6169fd86,d61d1bb2e
q6169fd86,d6165385a
q6169fd86,d61d47fda
q61697de8,d61662f44
q61697de8,d61d306a0
q61697de8,d61dfe8f2
q61697de8,d61d67d6c
q61697de8,d61de7d28
q61697de8,d61d73946
q61697de8,d61d294ae
q61697de8,d61dc39dc
q61697de8,d61e33962
q61697de8,d61663dfe
q6169d4d2,d61dcd37e
q6169d4d2,d61d37392
q6169d4d2,d61d6e5ae
q6169d4d2,d61db50da
q6169d4d2,d61e5e6c6
q6169d4d2,d61dd8ca6
q6169d4d2,d61da1292
q6169d4d2,d61657de2
q6169d4d2,d61d711aa
q6169d4d2,d61dcdfea
q61692686,d6165e3e0
q61692686,d61e97bba
q61692686,d61d7d2b6
q61692686,d61d70f98
q61692686,d61d490ba
q61692686,d61d56fa8
q61692686,d61e2ce1e
q61692686,d61668eda
q61692686,d61daf50e
q61692686,d61654fe8
q616a8d14,d61dc26ae
q616a8d14,d61d827de
q616a8d14,d61dcf764
q616a8d14,d61d9c422
q616a8d14,d61d0636e
q616a8d14,d61d4bb80
q616a8d14,d61652536
q616a8d14,d61dd6262
q616a8d14,d61d5b8a0
q616a8d14,d61d40316
q616a5d26,d61d8fc90
q616a5d26,d61db74fc
q616a5d26,d61dd8ed6
q616a5d26,d61d342fa
q616a5d26,d61e1881a
q616a5d26,d61d5d6fa
q616a5d26,d61656fc8
q616a5d26,d61d6d898
q616a5d26,d61dbec5c
q616a5d26,d61d2c4b0
q6167b74c,d61d67d6c
q6167b74c,d61662f44
q6167b74c,d61d308da
q6167b74c,d61669682
q6167b74c,d61da241c
q6167b74c,d61dd6406
q6167b74c,d61dfe8f2
q6167b74c,d61d590e6
q6167b74c,d61d3cba8
q6167b74c,d61e40554
q6168b200,d61d45aaa
q6168b200,d6168290c
q6168b200,d61651906
q6168b200,d61d79e68
q6168b200,d61d49e66
q6168b200,d61d6cc68
q6168b200,d61d7afd4
q6168b200,d61d98098
q6168b200,d61699ada
q6168b200,d61dd4f20
q616a9278,d61657de2
q616a9278,d61d95abe
q616a9278,d61e278ec
q616a9278,d616644ac
q616a9278,d61dfd22c
q616a9278,d61d0a518
q616a9278,d61e2511e
q616a9278,d61dad222
q616a9278,d61d708ea
q616a9278,d61db50da
q61697eec,d61e13392
q61697eec,d61d535b0
q61697eec,d61d674c0
q61697eec,d61e33dd6
q61697eec,d61d46d2e
q61697eec,d61d00824
q61697eec,d61e91c6a
q61697eec,d61d7166e
q61697eec,d61d38418
q61697eec,d61cef178
q616a8576,d61d792b0
q616a8576,d61da9ece
q616a8576,d61e2a77c
q616a8576,d61657130
q616a8576,d61d85088
q616a8576,d61693946
q616a8576,d6166ace4
q616a8576,d61d56ed6
q616a8576,d61d8f5c4
q616a8576,d61d85704
q61697a78,d61673916
q61697a78,d61d3cba8
q61697a78,d61dbf922
q61697a78,d61e37ed6
q61697a78,d61db810e
q61697a78,d6167c868
q61697a78,d61dfe8f2
q61697a78,d61d8c77a
q61697a78,d61def294
q61697a78,d61d2a322
q6166666c,d616619d2
q6166666c,d61d47cec
q6166666c,d6167c228
q6166666c,d61d6a6d4
q6166666c,d61d5b378
q6166666c,d61667256
q6166666c,d61662094
q6166666c,d61d451cc
q6166666c,d61d298aa
q6166666c,d61d589b6
q616507d6,d61650830
q616507d6,d61d2af70
q616507d6,d61d33f26
q616507d6,d61d0636e
q616507d6,d61dd9df4
q616507d6,d61d8cb12
q616507d6,d61dc1f88
q616507d6,d616500ec
q616507d6,d61d3cd60
q616507d6,d6168b11a
q6166ccce,d61e2a880
q6166ccce,d61daf50e
q6166ccce,d61d02142
q6166ccce,d61d4924a
q6166ccce,d61cfac4e
q6166ccce,d61d308da
q6166ccce,d61652ff4
q6166ccce,d61d4163a
q6166ccce,d61e49cc6
q6166ccce,d61d02778
q61661d24,d61d140f4
q61661d24,d61d6be8a
q61661d24,d61651f82
q61661d24,d61e688ce
q61661d24,d61d4d430
q61661d24,d61dd74c8
q61661d24,d61cf1a9a
q61661d24,d61dda236
q61661d24,d61d478a0
q61661d24,d61d4cc24
q616884c4,d6167f63a
q616884c4,d61d4d7d2
q616884c4,d61d2b844
q616884c4,d61d76f4c
q616884c4,d6165b23a
q616884c4,d61e859a6
q616884c4,d61e1ee40
q616884c4,d6165e9e4
q616884c4,d61650ce0
q616884c4,d61d9a1a4
q61698766,d61da70fc
q61698766,d61d5f234
q61698766,d61dbaf26
q61698766,d61d54eb0
q61698766,d61d30fb0
q61698766,d61d079d0
q61698766,d61e49cc6
q61698766,d61dcd93c
q61698766,d61d314d8
q61698766,d61e23206
q61661702,d61661752
q61661702,d61cf51ea
q61661702,d61db4ee6
q61661702,d61df9668
q61661702,d61d196b2
q61661702,d61daa644
q61661702,d61d2db08
q61661702,d6166fae6
q61661702,d61668516
q61661702,d61e07f10
q61679992,d61d0be54
q61679992,d61d568a0
q61679992,d61ded264
q61679992,d61df9668
q61679992,d61db8ea6
q61679992,d61e8e844
q61679992,d61d89462
q61679992,d61d8c77a
q61679992,d61d871da
q61679992,d61e1af0c
q6165cb08,d61d4f5d2
q6165cb08,d61652ea0
q6165cb08,d61d2d9fa
q6165cb08,d61dfd4ac
q6165cb08,d61d308da
q6165cb08,d61da9744
q6165cb08,d61d61016
q6165cb08,d6165c82e
q6165cb08,d6166655e
q6165cb08,d61d370c2
q61695af2,d6165b23a
q61695af2,d61d6206a
q61695af2,d6165e9e4
q61695af2,d61d60f58
q61695af2,d61cef7cc
q61695af2,d61d58ce0
q61695af2,d61d6c9b6
q61695af2,d61db0b2a
q61695af2,d61d30ede
q61695af2,d61d78c2a
q61670bee,d61660a50
q61670bee,d6167aacc
q61670bee,d61d6a9fe
q61670bee,d61dcbef2
q61670bee,d61d5559a
q61670bee,d61ddd210
q61670bee,d61d41cac
q61670bee,d61e1881a
q61670bee,d61d694fa
q61670bee,d61d79a9e
q6166c4fe,d6166c544
q6166c4fe,d61651906
q6166c4fe,d61cef95c
q6166c4fe,d61d66836
q6166c4fe,d61d56b70
q6166c4fe,d61dc0eda
q6166c4fe,d61d34a7a
q6166c4fe,d61dd6406
q6166c4fe,d61d97652
q6166c4fe,d61d2d1f8
q616634c6,d616830c8
q616634c6,d61d40ed8
q616634c6,d61d5c336
q616634c6,d61d37392
q616634c6,d61d49a42
q616634c6,d61d711aa
q616634c6,d61e17f1e
q616634c6,d6165fd12
q616634c6,d61d342fa
q616634c6,d61d1035a
q61675590,d616644ac
q61675590,d61d31226
q61675590,d61daffcc
q61675590,d61dd2dec
q61675590,d6165c3a6
q61675590,d61d6e5ae
q61675590,d6169ca1e
q61675590,d61d9c044
q61675590,d61da00ae
q61675590,d6165241e
q616501f0,d61dae99c
q616501f0,d61d2f20a
q616501f0,d61d4a8c0
q616501f0,d61d6acb0
q616501f0,d61d1579c
q616501f0,d61669894
q616501f0,d61d014d6
q616501f0,d61d4ef74
q616501f0,d61d091ae
q616501f0,d616500ec
q6169fc46,d61d323a6
q6169fc46,d61699ada
q6169fc46,d61daf63a
q6169fc46,d61d46ff4
q6169fc46,d61dd2108
q6169fc46,d61d8052e
q6169fc46,d61d78c2a
q6169fc46,d61d2b362
q6169fc46,d61d4677a
q6169fc46,d61dfd4ac
q6168eb44,d61681034
q6168eb44,d61662f44
q6168eb44,d61d46540
q6168eb44,d61d057de
q6168eb44,d616680b6
q6168eb44,d61cf1270
q6168eb44,d61d2ab7e
q6168eb44,d61d4d8ae
q6168eb44,d61d3e4b2
q6168eb44,d61d90be0
q6168cf88,d61d3c23e
q6168cf88,d61db31a4
q6168cf88,d61672692
q6168cf88,d61d6f710
q6168cf88,d6165c25c
q6168cf88,d61650b5a
q6168cf88,d61d99d9e
q6168cf88,d61d2f69c
q6168cf88,d6165a6dc
q6168cf88,d61dcce42
q6166c396,d6164fb42
q6166c396,d6166c440
q6166c396,d61d7ea58
q6166c396,d61d13cb2
q6166c396,d61d41824
q6166c396,d61d8796e
q6166c396,d61dbca42
q6166c396,d61d4684c
q6166c396,d61d30484
q6166c396,d61d610de
q6168e496,d61d625ba
q6168e496,d61db15ca
q6168e496,d61db7402
q6168e496,d61d6fa1c
q6168e496,d61d3f290
q6168e496,d61dbcee8
q6168e496,d61cf29b8
q6168e496,d61672692
q6168e496,d61e089a6
q6168e496,d6166bf90
q61656230,d61d6cee8
q61656230,d61ddaf38
q61656230,d61ddb53c
q61656230,d61e91d5a
q61656230,d61d5f63a
q61656230,d61d8031c
q61656230,d6167331c
q61656230,d61cfa064
q61656230,d61e70966
q61656230,d61d71fb0
q6166eaf6,d6166eb32
q6166eaf6,d61da5338
q6166eaf6,d61d72640
q6166eaf6,d61cef27c
q6166eaf6,d61d36488
q6166eaf6,d61df8538
q6166eaf6,d61d67970
q6166eaf6,d61d2e33c
q6166eaf6,d61d96824
q6166eaf6,d61d5dd9e
q616813c2,d61672692
q616813c2,d6165a6dc
q616813c2,d6168cff6
q616813c2,d61db7402
q616813c2,d61e0eb26
q616813c2,d61d83f44
q616813c2,d61d3482c
q616813c2,d61d33148
q616813c2,d61d63e10
q616813c2,d6165c25c
q4aa0b116,d4aa0b1f2
q4aa0b116,d4aa18e92
q4aa0b116,d4aa0a7d4
q4aa0b116,d4aa0a9e6
q4aa0b116,d4aa0a52c
q4aa0b116,d4aa1afee
q4aa0b116,d4aa10314
q4aa0b116,d4aa09b4a
q4aa0b116,d4aa0b6fc
q4aa0b116,d4aa124fc
q4aa0a48c,d4aa0a52c
q4aa0a48c,d4aa0b1f2
q4aa0a48c,d4aa1afee
q4aa0a48c,d4aa18e92
q4aa0a48c,d4aa124fc
q4aa0a48c,d4aa11cbe
q4aa0a48c,d4aa0a9e6
q4aa0a48c,d4aa1530a
q4aa0a48c,d4aa09172
q4aa0a48c,d4aa09b4a
q4aa0aeb4,d4aa0af90
q4aa0aeb4,d4aa0abd0
q4aa0aeb4,d4aa11cbe
q4aa0aeb4,d4aa05ebe
q4aa0aeb4,d4aa04474
q4aa0aeb4,d4aa197ca
q4aa0aeb4,d4aa04cc6
q4aa0aeb4,d4aa087cc
q4aa0aeb4,d4aa00b94
q4aa0aeb4,d4aa08ad8
q4aa05fa4,d4aa04474
q4aa05fa4,d4aa11cbe
q4aa05fa4,d4aa075a2
q4aa05fa4,d4aa04834
q4aa05fa4,d4aa197ca
q4aa05fa4,d4aa06274
q4aa05fa4,d4aa19d7e
q4aa05fa4,d4aa00978
q4aa05fa4,d4aa124fc
q4aa05fa4,d4aa08ad8
q4aa092f8,d4aa093e8
q4aa092f8,d4aa110e8
q4aa092f8,d4aa09744
q4aa092f8,d4aa1530a
q4aa092f8,d4aa09172
q4aa092f8,d4a9ffd70
q4aa092f8,d4aa197ca
q4aa092f8,d4aa04834
q4aa092f8,d4aa005d6
q4aa092f8,d4aa00978
q4aa06580,d4aa067ba
q4aa06580,d4aa0660c
q4aa06580,d4aa19d7e
q4aa06580,d4aa087cc
q4aa06580,d4aa11cbe
q4aa06580,d4aa124fc
q4aa06580,d4aa1530a
q4aa06580,d4aa068fa
q4aa06580,d4aa0550e
q4aa06580,d4aa18e92
q4aa06cf6,d4aa197ca
q4aa06cf6,d4aa06da0
q4aa06cf6,d4aa05be4
q4aa06cf6,d4aa0550e
q4aa06cf6,d4aa18744
q4aa06cf6,d4aa11cbe
q4aa06cf6,d4aa08ad8
q4aa06cf6,d4aa18e92
q4aa06cf6,d4aa124fc
q4aa06cf6,d4aa19d7e
q4aa0090a,d4aa00978
q4aa0090a,d4aa01288
q4aa0090a,d4aa00b94
q4aa0090a,d4aa01b7a
q4aa0090a,d4aa05be4
q4aa0090a,d4aa007c0
q4aa0090a,d4aa01cf6
q4aa0090a,d4aa01620
q4aa0090a,d4aa01ecc
q4aa0090a,d4aa04474
q4aa07d2c,d4aa07db8
q4aa07d2c,d4aa04e60
q4aa07d2c,d4aa11cbe
q4aa07d2c,d4aa08ad8
q4aa07d2c,d4aa07714
q4aa07d2c,d4aa08c36
q4aa07d2c,d4aa068fa
q4aa07d2c,d4aa06274
q4aa07d2c,d4aa1530a
q4aa07d2c,d4aa05ebe
q4aa09e9c,d4aa09f6e
q4aa09e9c,d4aa113f4
q4aa09e9c,d4aa110e8
q4aa09e9c,d4aa10cc4
q4aa09e9c,d4aa08fa6
q4aa09e9c,d4aa18e92
q4aa09e9c,d4aa09744
q4aa09e9c,d4aa1530a
q4aa09e9c,d4aa01ecc
q4aa09e9c,d4aa11cbe
q4aa097bc,d4aa0985c
q4aa097bc,d4aa18e92
q4aa097bc,d4aa113f4
q4aa097bc,d4aa0550e
q4aa097bc,d4aa124fc
q4aa097bc,d4aa08fa6
q4aa097bc,d4aa00b94
q4aa097bc,d4aa01ecc
q4aa097bc,d4aa110e8
q4aa097bc,d4aa11cbe
q4aa01b02,d4aa01b7a
q4aa01b02,d4aa00978
q4aa01b02,d4aa01288
q4aa01b02,d4aa00b94
q4aa01b02,d4aa04834
q4aa01b02,d4aa19d7e
q4aa01b02,d4aa05be4
q4aa01b02,d4aa01440
q4aa01b02,d4aa08ad8
q4aa01b02,d4aa01620
q4aa05e14,d4aa05ebe
q4aa05e14,d4aa04e60
q4aa05e14,d4aa06274
q4aa05e14,d4aa11cbe
q4aa05e14,d4aa08ad8
q4aa05e14,d4aa06468
q4aa05e14,d4aa124fc
q4aa05e14,d4aa079c6
q4aa05e14,d4aa06b84
q4aa05e14,d4aa075a2
q4aa05b44,d4aa05be4
q4aa05b44,d4aa00978
q4aa05b44,d4aa079c6
q4aa05b44,d4aa197ca
q4aa05b44,d4aa11cbe
q4aa05b44,d4aa007c0
q4aa05b44,d4aa01a12
q4aa05b44,d4aa06030
q4aa05b44,d4aa01288
q4aa05b44,d4aa06274
q4aa089e8,d4aa08ad8
q4aa089e8,d4aa04e60
q4aa089e8,d4aa11cbe
q4aa089e8,d4aa079c6
q4aa089e8,d4aa06274
q4aa089e8,d4aa07714
q4aa089e8,d4aa05306
q4aa089e8,d4aa124fc
q4aa089e8,d4aa07b56
q4aa089e8,d4aa1530a
q4aa01c7e,d4aa01cf6
q4aa01c7e,d4aa005d6
q4aa01c7e,d4aa01b7a
q4aa01c7e,d4aa06030
q4aa01c7e,d4aa01288
q4aa01c7e,d4aa00b94
q4aa01c7e,d4aa04cc6
q4aa01c7e,d4aa01ecc
q4aa01c7e,d4aa05be4
q4aa01c7e,d4aa04474
q4aa10404,d4aa0a9e6
q4aa10404,d4aa0b1f2
q4aa10404,d4aa18e92
q4aa10404,d4aa1afee
q4aa10404,d4aa0a7d4
q4aa10404,d4aa09b4a
q4aa10404,d4aa10314
q4aa10404,d4aa124fc
q4aa10404,d4aa0a52c
q4aa10404,d4aa0b6fc
q4aa069c2,d4aa06a44
q4aa069c2,d4aa06468
q4aa069c2,d4aa09172
q4aa069c2,d4aa08ad8
q4aa069c2,d4aa124fc
q4aa069c2,d4aa0550e
q4aa069c2,d4aa087cc
q4aa069c2,d4aa11cbe
q4aa069c2,d4aa05306
q4aa069c2,d4aa18744
q4aa072a0,d4aa19d7e
q4aa072a0,d4aa07336
q4aa072a0,d4aa08c36
q4aa072a0,d4aa124fc
q4aa072a0,d4aa08ad8
q4aa072a0,d4aa1afee
q4aa072a0,d4aa05662
q4aa072a0,d4aa05d24
q4aa072a0,d4aa087cc
q4aa072a0,d4aa0660c
q4aa1a0c6,d4aa1afee
q4aa1a0c6,d4aa099d8
q4aa1a0c6,d4aa09b4a
q4aa1a0c6,d4aa0a9e6
q4aa1a0c6,d4aa0a66c
q4aa1a0c6,d4aa18e92
q4aa1a0c6,d4aa0a7d4
q4aa1a0c6,d4aa10314
q4aa1a0c6,d4aa11cbe
q4aa1a0c6,d4aa079c6
q4aa01e4a,d4aa01ecc
q4aa01e4a,d4aa005d6
q4aa01e4a,d4aa04834
q4aa01e4a,d4aa01288
q4aa01e4a,d4aa01b7a
q4aa01e4a,d4aa11cbe
q4aa01e4a,d4aa00978
q4aa01e4a,d4aa08ad8
q4aa01e4a,d4aa197ca
q4aa01e4a,d4aa017ba
q4aa082fe,d4aa0839e
q4aa082fe,d4aa075a2
q4aa082fe,d4aa124fc
q4aa082fe,d4aa11cbe
q4aa082fe,d4aa06274
q4aa082fe,d4aa08c36
q4aa082fe,d4aa09172
q4aa082fe,d4aa1530a
q4aa082fe,d4aa07714
q4aa082fe,d4aa04e60
q4aa013c8,d4aa01440
q4aa013c8,d4aa05be4
q4aa013c8,d4aa01288
q4aa013c8,d4aa04474
q4aa013c8,d4aa01a12
q4aa013c8,d4aa005d6
q4aa013c8,d4aa00266
q4aa013c8,d4aa00978
q4aa013c8,d4aa01620
q4aa013c8,d4aa017ba
q4aa078fe,d4aa079c6
q4aa078fe,d4aa11cbe
q4aa078fe,d4aa124fc
q4aa078fe,d4aa075a2
q4aa078fe,d4aa07b56
q4aa078fe,d4aa06274
q4aa078fe,d4aa067ba
q4aa078fe,d4aa07714
q4aa078fe,d4aa08ad8
q4aa078fe,d4aa0839e
q4aa0b634,d4aa0b1f2
q4aa0b634,d4aa0b6fc
q4aa0b634,d4aa10314
q4aa0b634,d4aa0a9e6
q4aa0b634,d4aa1afee
q4aa0b634,d4aa18e92
q4aa0b634,d4aa0a52c
q4aa0b634,d4aa09b4a
q4aa0b634,d4aa0a7d4
q4aa0b634,d4aa099d8
q4aa08ee8,d4aa08fa6
q4aa08ee8,d4aa1530a
q4aa08ee8,d4aa06274
q4aa08ee8,d4aa197ca
q4aa08ee8,d4aa11cbe
q4aa08ee8,d4aa09744
q4aa08ee8,d4aa124fc
q4aa08ee8,d4aa18e92
q4aa08ee8,d4aa087cc
q4aa08ee8,d4aa0550e
q4aa061ca,d4aa06274
q4aa061ca,d4aa079c6
q4aa061ca,d4aa07b56
q4aa061ca,d4aa11cbe
q4aa061ca,d4aa124fc
q4aa061ca,d4aa067ba
q4aa061ca,d4aa1530a
q4aa061ca,d4aa08ad8
q4aa061ca,d4aa09172
q4aa061ca,d4aa05306
q4aa0ad06,d4aa0af90
q4aa0ad06,d4aa0abd0
q4aa0ad06,d4aa051b2
q4aa0ad06,d4aa087cc
q4aa0ad06,d4aa124fc
q4aa0ad06,d4aa197ca
q4aa0ad06,d4aa1b854
q4aa0ad06,d4aa06a44
q4aa0ad06,d4aa18e92
q4aa0ad06,d4aa08ad8
q4aa10b3e,d4aa113f4
q4aa10b3e,d4aa110e8
q4aa10b3e,d4aa18e92
q4aa10b3e,d4aa10cc4
q4aa10b3e,d4aa01ecc
q4aa10b3e,d4aa1afee
q4aa10b3e,d4aa124fc
q4aa10b3e,d4aa11cbe
q4aa10b3e,d4aa1530a
q4aa10b3e,d4aa09f6e
q4aa001f8,d4aa00266
q4aa001f8,d4aa01440
q4aa001f8,d4aa197ca
q4aa001f8,d4aa017ba
q4aa001f8,d4aa05be4
q4aa001f8,d4aa11cbe
q4aa001f8,d4aa1530a
q4aa001f8,d4a9fff3c
q4aa001f8,d4aa124fc
q4aa001f8,d4aa00b94
q4aa0a928,d4aa0a9e6
q4aa0a928,d4aa0b1f2
q4aa0a928,d4aa0a7d4
q4aa0a928,d4aa1afee
q4aa0a928,d4aa09b4a
q4aa0a928,d4aa18e92
q4aa0a928,d4aa0b6fc
q4aa0a928,d4aa124fc
q4aa0a928,d4aa0a66c
q4aa0a928,d4aa0a52c
q4aa1077e,d4aa1530a
q4aa1077e,d4aa09172
q4aa1077e,d4aa09f6e
q4aa1077e,d4aa113f4
q4aa1077e,d4aa06468
q4aa1077e,d4aa18e92
q4aa1077e,d4aa06274
q4aa1077e,d4aa11cbe
q4aa1077e,d4aa124fc
q4aa1077e,d4aa197ca
q4aa07aac,d4aa07b56
q4aa07aac,d4aa079c6
q4aa07aac,d4aa06274
q4aa07aac,d4aa11cbe
q4aa07aac,d4aa124fc
q4aa07aac,d4aa067ba
q4aa07aac,d4aa08c36
q4aa07aac,d4aa08ad8
q4aa07aac,d4aa07714
q4aa07aac,d4aa0839e
q4a9ffea6,d4a9fff3c
q4a9ffea6,d4aa124fc
q4a9ffea6,d4aa18e92
q4a9ffea6,d4aa11cbe
q4a9ffea6,d4aa0550e
q4a9ffea6,d4aa113f4
q4a9ffea6,d4aa067ba
q4a9ffea6,d4aa08fa6
q4a9ffea6,d4aa1530a
q4a9ffea6,d4aa197ca
q4aa09c08,d4aa09cb2
q4aa09c08,d4aa084de
q4aa09c08,d4aa08664
q4aa09c08,d4aa01ecc
q4aa09c08,d4aa087cc
q4aa09c08,d4aa095be
q4aa09c08,d4aa07714
q4aa09c08,d4aa11cbe
q4aa09c08,d4aa18e92
q4aa09c08,d4aa06274
q4aa00518,d4aa01ecc
q4aa00518,d4aa005d6
q4aa00518,d4aa01288
q4aa00518,d4aa00978
q4aa00518,d4aa04834
q4aa00518,d4aa00b94
q4aa00518,d4aa01b7a
q4aa00518,d4aa197ca
q4aa00518,d4aa11cbe
q4aa00518,d4aa04cc6
q4aa06710,d4aa067ba
q4aa06710,d4aa0660c
q4aa06710,d4aa19d7e
q4aa06710,d4aa087cc
q4aa06710,d4aa11cbe
q4aa06710,d4aa124fc
q4aa06710,d4aa1530a
q4aa06710,d4aa0550e
q4aa06710,d4aa068fa
q4aa06710,d4aa197ca
q4aa055e0,d4aa05662
q4aa055e0,d4aa05798
q4aa055e0,d4aa19d7e
q4aa055e0,d4aa08c36
q4aa055e0,d4aa07336
q4aa055e0,d4aa0660c
q4aa055e0,d4aa05d24
q4aa055e0,d4aa087cc
q4aa055e0,d4aa11cbe
q4aa055e0,d4aa08ad8
q4aa05cac,d4aa05d24
q4aa05cac,d4aa0660c
q4aa05cac,d4aa067ba
q4aa05cac,d4aa19d7e
q4aa05cac,d4aa07336
q4aa05cac,d4aa08ad8
q4aa05cac,d4aa06b84
q4aa05cac,d4aa087cc
q4aa05cac,d4aa11cbe
q4aa05cac,d4aa18744
q4aa0473a,d4aa04834
q4aa0473a,d4aa05be4
q4aa0473a,d4aa04cc6
q4aa0473a,d4aa00b94
q4aa0473a,d4aa04474
q4aa0473a,d4aa01288
q4aa0473a,d4aa01ecc
q4aa0473a,d4aa007c0
q4aa0473a,d4aa00978
q4aa0473a,d4aa01cf6
q4aa0992e,d4aa1afee
q4aa0992e,d4aa099d8
q4aa0992e,d4aa09b4a
q4aa0992e,d4aa110e8
q4aa0992e,d4aa18e92
q4aa0992e,d4aa10cc4
q4aa0992e,d4aa09f6e
q4aa0992e,d4aa18744
q4aa0992e,d4aa10314
q4aa0992e,d4a9ffd70
q4aa00748,d4aa007c0
q4aa00748,d4aa05be4
q4aa00748,d4aa01288
q4aa00748,d4aa01620
q4aa00748,d4aa04834
q4aa00748,d4aa00978
q4aa00748,d4aa01cf6
q4aa00748,d4aa00b94
q4aa00748,d4aa04cc6
q4aa00748,d4aa04474
q4aa0a720,d4aa0a7d4
q4aa0a720,d4aa0a9e6
q4aa0a720,d4aa10314
q4aa0a720,d4aa1afee
q4aa0a720,d4aa124fc
q4aa0a720,d4aa0b6fc
q4aa0a720,d4aa09b4a
q4aa0a720,d4aa0b1f2
q4aa0a720,d4aa099d8
q4aa0a720,d4aa0a66c
q4aa050fe,d4aa051b2
q4aa050fe,d4aa04cc6
q4aa050fe,d4aa01a12
q4aa050fe,d4aa005d6
q4aa050fe,d4aa18e92
q4aa050fe,d4aa11cbe
q4aa050fe,d4aa197ca
q4aa050fe,d4aa01288
q4aa050fe,d4aa00978
q4aa050fe,d4aa124fc
q4aa06af8,d4aa087cc
q4aa06af8,d4aa06b84
q4aa06af8,d4aa05d24
q4aa06af8,d4aa11cbe
q4aa06af8,d4aa19d7e
q4aa06af8,d4aa08ad8
q4aa06af8,d4aa18744
q4aa06af8,d4aa07336
q4aa06af8,d4aa0660c
q4aa06af8,d4aa067ba
q4aa0db5a,d4aa0dc22
q4aa0db5a,d4aa1b854
q4aa0db5a,d4aa0d740
q4aa0db5a,d4aa0a270
q4aa0db5a,d4aa0d92a
q4aa0db5a,d4aa0abd0
q4aa0db5a,d4aa0af90
q4aa0db5a,d4aa18744
q4aa0db5a,d4aa10314
q4aa0db5a,d4aa124fc
q4aa090b4,d4aa1530a
q4aa090b4,d4aa09172
q4aa090b4,d4aa09744
q4aa090b4,d4aa08fa6
q4aa090b4,d4aa124fc
q4aa090b4,d4aa110e8
q4aa090b4,d4aa06274
q4aa090b4,d4aa113f4
q4aa090b4,d4aa18e92
q4aa090b4,d4aa11cbe
q4aa094d8,d4aa095be
q4aa094d8,d4aa124fc
q4aa094d8,d4aa18e92
q4aa094d8,d4aa1b854
q4aa094d8,d4aa110e8
q4aa094d8,d4aa197ca
q4aa094d8,d4aa00b94
q4aa094d8,d4a9ffd70
q4aa094d8,d4aa11cbe
q4aa094d8,d4aa07714
q4aa19b44,d4aa19d7e
q4aa19b44,d4aa07336
q4aa19b44,d4aa0660c
q4aa19b44,d4aa08ad8
q4aa19b44,d4aa18744
q4aa19b44,d4aa197ca
q4aa19b44,d4aa05d24
q4aa19b44,d4aa007c0
q4aa19b44,d4aa05be4
q4aa19b44,d4aa080e2
q4aa074da,d4aa075a2
q4aa074da,d4aa11cbe
q4aa074da,d4aa079c6
q4aa074da,d4aa06274
q4aa074da,d4aa07b56
q4aa074da,d4aa07714
q4aa074da,d4aa068fa
q4aa074da,d4aa124fc
q4aa074da,d4aa067ba
q4aa074da,d4aa08c36
q4aa12f6a,d4aa1530a
q4aa12f6a,d4aa0660c
q4aa12f6a,d4aa113f4
q4aa12f6a,d4aa09172
q4aa12f6a,d4aa067ba
q4aa12f6a,d4aa124fc
q4aa12f6a,d4aa08fa6
q4aa12f6a,d4aa18e92
q4aa12f6a,d4aa11cbe
q4aa12f6a,d4aa09744
q4aa00b08,d4aa00b94
q4aa00b08,d4aa11cbe
q4aa00b08,d4aa197ca
q4aa00b08,d4aa124fc
q4aa00b08,d4aa1afee
q4aa00b08,d4aa1530a
q4aa00b08,d4aa06274
q4aa00b08,d4aa09f6e
q4aa00b08,d4aa110e8
q4aa00b08,d4aa01ecc
q4aa08b8c,d4aa08c36
q4aa08b8c,d4aa07336
q4aa08b8c,d4aa19d7e
q4aa08b8c,d4aa05662
q4aa08b8c,d4aa08ad8
q4aa08b8c,d4aa0660c
q4aa08b8c,d4aa06b84
q4aa08b8c,d4aa087cc
q4aa08b8c,d4aa124fc
q4aa08b8c,d4aa11cbe
q4aa19504,d4aa00266
q4aa19504,d4aa197ca
q4aa19504,d4aa1530a
q4aa19504,d4aa11cbe
q4aa19504,d4aa000e0
q4aa19504,d4aa19d7e
q4aa19504,d4aa0660c
q4aa19504,d4aa00b94
q4aa19504,d4aa124fc
q4aa19504,d4aa0550e
q4aa07f02,d4aa04e60
q4aa07f02,d4aa08ad8
q4aa07f02,d4aa11cbe
q4aa07f02,d4aa1530a
q4aa07f02,d4aa067ba
q4aa07f02,d4aa06274
q4aa07f02,d4aa05306
q4aa07f02,d4aa0660c
q4aa07f02,d4aa07714
q4aa07f02,d4aa05ebe
q4aa0767e,d4aa07714
q4aa0767e,d4aa11cbe
q4aa0767e,d4aa075a2
q4aa0767e,d4aa068fa
q4aa0767e,d4aa0839e
q4aa0767e,d4aa067ba
q4aa0767e,d4aa08c36
q4aa0767e,d4aa124fc
q4aa0767e,d4aa079c6
q4aa0767e,d4aa06274
q4aa0872c,d4aa087cc
q4aa0872c,d4aa124fc
q4aa0872c,d4aa06a44
q4aa0872c,d4aa08ad8
q4aa0872c,d4aa0839e
q4aa0872c,d4aa19d7e
q4aa0872c,d4aa08c36
q4aa0872c,d4aa080e2
q4aa0872c,d4aa0660c
q4aa0872c,d4aa05d24
q4aa0005e,d4aa000e0
q4aa0005e,d4aa197ca
q4aa0005e,d4aa06da0
q4aa0005e,d4aa08ad8
q4aa0005e,d4aa19d7e
q4aa0005e,d4aa11cbe
q4aa0005e,d4aa00266
q4aa0005e,d4aa01a12
q4aa0005e,d4aa09172
q4aa0005e,d4aa18e92
q4a9ffba4,d4a9ffd70
q4a9ffba4,d4aa1afee
q4a9ffba4,d4aa18e92
q4a9ffba4,d4aa099d8
q4a9ffba4,d4aa11cbe
q4a9ffba4,d4aa09b4a
q4a9ffba4,d4aa110e8
q4a9ffba4,d4aa18744
q4a9ffba4,d4aa05306
q4a9ffba4,d4aa07714
q4aa0d862,d4aa0d92a
q4aa0d862,d4aa1b854
q4aa0d862,d4aa0dc22
q4aa0d862,d4aa0d740
q4aa0d862,d4aa0a0ea
q4aa0d862,d4aa0a270
q4aa0d862,d4aa10314
q4aa0d862,d4aa18e92
q4aa0d862,d4aa11cbe
q4aa0d862,d4aa0a52c
q4aa04c12,d4aa04cc6
q4aa04c12,d4aa00b94
q4aa04c12,d4aa01ecc
q4aa04c12,d4aa017ba
q4aa04c12,d4aa11cbe
q4aa04c12,d4aa051b2
q4aa04c12,d4aa1530a
q4aa04c12,d4aa197ca
q4aa04c12,d4aa124fc
q4aa04c12,d4aa04474
q4aa11a20,d4aa11cbe
q4aa11a20,d4aa071ba
q4aa11a20,d4aa06274
q4aa11a20,d4aa07b56
q4aa11a20,d4aa079c6
q4aa11a20,d4aa05d24
q4aa11a20,d4aa124fc
q4aa11a20,d4aa067ba
q4aa11a20,d4aa197ca
q4aa11a20,d4aa1530a
q4aa0843e,d4aa08664
q4aa0843e,d4aa05306
q4aa0843e,d4aa087cc
q4aa0843e,d4aa09cb2
q4aa0843e,d4aa084de
q4aa0843e,d4aa05ebe
q4aa0843e,d4aa124fc
q4aa0843e,d4aa095be
q4aa0843e,d4aa0a270
q4aa0843e,d4aa18e92
q4aa01742,d4aa017ba
q4aa01742,d4aa04834
q4aa01742,d4aa00266
q4aa01742,d4aa005d6
q4aa01742,d4aa01b7a
q4aa01742,d4aa01a12
q4aa01742,d4aa04474
q4aa01742,d4aa01ecc
q4aa01742,d4aa01cf6
q4aa01742,d4aa11cbe
q4aa11264,d4aa113f4
q4aa11264,d4aa09f6e
q4aa11264,d4aa1afee
q4aa11264,d4aa110e8
q4aa11264,d4aa1530a
q4aa11264,d4aa10cc4
q4aa11264,d4aa197ca
q4aa11264,d4aa09172
q4aa11264,d4aa18e92
q4aa11264,d4aa124fc
q4aa09aa0,d4aa1afee
q4aa09aa0,d4aa09b4a
q4aa09aa0,d4aa099d8
q4aa09aa0,d4aa18e92
q4aa09aa0,d4aa110e8
q4aa09aa0,d4aa09f6e
q4aa09aa0,d4aa10cc4
q4aa09aa0,d4aa19d7e
q4aa09aa0,d4aa11cbe
q4aa09aa0,d4a9ffd70
q4aa0dd62,d4aa10314
q4aa0dd62,d4aa0b1f2
q4aa0dd62,d4aa0a9e6
q4aa0dd62,d4aa0b6fc
q4aa0dd62,d4aa0a52c
q4aa0dd62,d4aa18e92
q4aa0dd62,d4aa1afee
q4aa0dd62,d4aa09b4a
q4aa0dd62,d4aa0a7d4
q4aa0dd62,d4aa124fc
q4aa08cf4,d4aa04e60
q4aa08cf4,d4aa08ad8
q4aa08cf4,d4aa11cbe
q4aa08cf4,d4aa06274
q4aa08cf4,d4aa1530a
q4aa08cf4,d4aa067ba
q4aa08cf4,d4aa05306
q4aa08cf4,d4aa0660c
q4aa08cf4,d4aa05ebe
q4aa08cf4,d4aa07714
q4aa01986,d4aa01a12
q4aa01986,d4aa00266
q4aa01986,d4aa01440
q4aa01986,d4aa04834
q4aa01986,d4aa05be4
q4aa01986,d4aa005d6
q4aa01986,d4aa017ba
q4aa01986,d4aa01b7a
q4aa01986,d4aa01cf6
q4aa01986,d4aa197ca
q4aa04dd4,d4aa04e60
q4aa04dd4,d4aa04834
q4aa04dd4,d4aa05be4
q4aa04dd4,d4aa124fc
q4aa04dd4,d4aa11cbe
q4aa04dd4,d4aa04cc6
q4aa04dd4,d4aa06274
q4aa04dd4,d4aa08ad8
q4aa04dd4,d4aa197ca
q4aa04dd4,d4aa007c0
q4aa063be,d4aa06468
q4aa063be,d4aa071ba
q4aa063be,d4aa08ad8
q4aa063be,d4aa18744
q4aa063be,d4aa09172
q4aa063be,d4aa08fa6
q4aa063be,d4aa110e8
q4aa063be,d4aa11cbe
q4aa063be,d4aa197ca
q4aa063be,d4aa051b2
q4aa06878,d4aa068fa
q4aa06878,d4aa11cbe
q4aa06878,d4aa0660c
q4aa06878,d4aa124fc
q4aa06878,d4aa07714
q4aa06878,d4aa1530a
q4aa06878,d4aa087cc
q4aa06878,d4aa06274
q4aa06878,d4aa067ba
q4aa06878,d4aa06a44
q4aa05464,d4aa0550e
q4aa05464,d4aa0660c
q4aa05464,d4aa067ba
q4aa05464,d4aa11cbe
q4aa05464,d4aa068fa
q4aa05464,d4aa1530a
q4aa05464,d4aa124fc
q4aa05464,d4aa06274
q4aa05464,d4aa087cc
q4aa05464,d4aa06a44
q4aa105da,d4aa10710
q4aa105da,d4aa18e92
q4aa105da,d4aa11cbe
q4aa105da,d4aa110e8
q4aa105da,d4aa1530a
q4aa105da,d4aa09f6e
q4aa105da,d4aa19d7e
q4aa105da,d4aa197ca
q4aa105da,d4aa124fc
q4aa105da,d4aa01ecc
q4aa0967c,d4aa1530a
q4aa0967c,d4aa09744
q4aa0967c,d4aa08fa6
q4aa0967c,d4aa09172
q4aa0967c,d4a9ffd70
q4aa0967c,d4aa099d8
q4aa0967c,d4aa0a0ea
q4aa0967c,d4aa071ba
q4aa0967c,d4aa18e92
q4aa0967c,d4aa11cbe
q4aa07c0a,d4aa06b84
q4aa07c0a,d4aa05d24
q4aa07c0a,d4aa0660c
q4aa07c0a,d4aa07db8
q4aa07c0a,d4aa11cbe
q4aa07c0a,d4aa08ad8
q4aa07c0a,d4aa087cc
q4aa07c0a,d4aa067ba
q4aa07c0a,d4aa19d7e
q4aa07c0a,d4aa04e60
q4aa011e8,d4aa01288
q4aa011e8,d4aa00b94
q4aa011e8,d4aa005d6
q4aa011e8,d4aa11cbe
q4aa011e8,d4aa04474
q4aa011e8,d4aa007c0
q4aa011e8,d4aa04834
q4aa011e8,d4aa05be4
q4aa011e8,d4aa01440
q4aa011e8,d4aa01ecc
q4aa0aafe,d4aa0abd0
q4aa0aafe,d4aa0af90
q4aa0aafe,d4aa0dc22
q4aa0aafe,d4aa1b854
q4aa0aafe,d4aa08ad8
q4aa0aafe,d4aa0b1f2
q4aa0aafe,d4aa124fc
q4aa0aafe,d4aa1afee
q4aa0aafe,d4aa09b4a
q4aa0aafe,d4aa11cbe
q4aa05720,d4aa05798
q4aa05720,d4aa05662
q4aa05720,d4aa19d7e
q4aa05720,d4aa1530a
q4aa05720,d4aa11cbe
q4aa05720,d4aa087cc
q4aa05720,d4aa124fc
q4aa05720,d4aa08ad8
q4aa05720,d4aa06da0
q4aa05720,d4aa067ba
q4aa175b0,d4aa06f44
q4aa175b0,d4aa197ca
q4aa175b0,d4aa19d7e
q4aa175b0,d4aa06da0
q4aa175b0,d4aa11cbe
q4aa175b0,d4aa00266
q4aa175b0,d4aa0550e
q4aa175b0,d4aa1530a
q4aa175b0,d4aa124fc
q4aa175b0,d4aa00b94
q4aa12236,d4aa124fc
q4aa12236,d4aa079c6
q4aa12236,d4aa11cbe
q4aa12236,d4aa06274
q4aa12236,d4aa05be4
q4aa12236,d4aa0839e
q4aa12236,d4aa007c0
q4aa12236,d4aa197ca
q4aa12236,d4aa0a7d4
q4aa12236,d4aa0abd0
q4aa0b864,d4aa0d740
q4aa0b864,d4aa1b854
q4aa0b864,d4aa0d92a
q4aa0b864,d4aa0dc22
q4aa0b864,d4aa0a0ea
q4aa0b864,d4aa04474
q4aa0b864,d4aa18744
q4aa0b864,d4aa18e92
q4aa0b864,d4aa0af90
q4aa0b864,d4aa11cbe
q4aa18bf4,d4aa113f4
q4aa18bf4,d4aa18e92
q4aa18bf4,d4aa197ca
q4aa18bf4,d4a9fff3c
q4aa18bf4,d4aa1530a
q4aa18bf4,d4aa09172
q4aa18bf4,d4aa09f6e
q4aa18bf4,d4aa06da0
q4aa18bf4,d4aa0550e
q4aa18bf4,d4aa124fc
q4aa0159e,d4aa01620
q4aa0159e,d4aa08ad8
q4aa0159e,d4aa01288
q4aa0159e,d4aa00b94
q4aa0159e,d4aa01440
q4aa0159e,d4aa05be4
q4aa0159e,d4aa01b7a
q4aa0159e,d4aa04474
q4aa0159e,d4aa007c0
q4aa0159e,d4aa01ecc
q4aa085ba,d4aa08664
q4aa085ba,d4aa0a270
q4aa085ba,d4aa124fc
q4aa085ba,d4aa09cb2
q4aa085ba,d4aa095be
q4aa085ba,d4aa05306
q4aa085ba,d4aa05ebe
q4aa085ba,d4aa0a0ea
q4aa085ba,d4aa06030
q4aa085ba,d4aa18e92
q4aa049ba,d4aa04834
q4aa049ba,d4aa05be4
q4aa049ba,d4aa01440
q4aa049ba,d4aa007c0
q4aa049ba,d4aa00978
q4aa049ba,d4aa005d6
q4aa049ba,d4aa01288
q4aa049ba,d4aa017ba
q4aa049ba,d4aa00266
q4aa049ba,d4aa04474
q4aa1b5ac,d4aa1b854
q4aa1b5ac,d4aa0d92a
q4aa1b5ac,d4aa0dc22
q4aa1b5ac,d4aa0d740
q4aa1b5ac,d4aa11cbe
q4aa1b5ac,d4aa079c6
q4aa1b5ac,d4aa18744
q4aa1b5ac,d4aa18e92
q4aa1b5ac,d4aa197ca
q4aa1b5ac,d4aa07714
q4aa06eae,d4aa06f44
q4aa06eae,d4aa11cbe
q4aa06eae,d4aa197ca
q4aa06eae,d4aa079c6
q4aa06eae,d4aa04cc6
q4aa06eae,d4aa08ad8
q4aa06eae,d4aa04834
q4aa06eae,d4aa00978
q4aa06eae,d4aa06030
q4aa06eae,d4aa124fc
q4aa0a5c2,d4aa0a66c
q4aa0a5c2,d4aa0a7d4
q4aa0a5c2,d4aa0a9e6
q4aa0a5c2,d4aa1afee
q4aa0a5c2,d4aa09b4a
q4aa0a5c2,d4aa124fc
q4aa0a5c2,d4aa10314
q4aa0a5c2,d4aa099d8
q4aa0a5c2,d4aa18e92
q4aa0a5c2,d4aa0b6fc
q4aa08042,d4aa080e2
q4aa08042,d4aa0822c
q4aa08042,d4aa18744
q4aa08042,d4aa08ad8
q4aa08042,d4aa087cc
q4aa08042,d4aa11cbe
q4aa08042,d4aa197ca
q4aa08042,d4aa124fc
q4aa08042,d4aa110e8
q4aa08042,d4aa0839e
q4aa0a040,d4aa124fc
q4aa0a040,d4aa1530a
q4aa0a040,d4aa11cbe
q4aa0a040,d4aa18e92
q4aa0a040,d4aa09f6e
q4aa0a040,d4aa197ca
q4aa0a040,d4aa09172
q4aa0a040,d4aa110e8
q4aa0a040,d4aa0a270
q4aa0a040,d4aa0a40a
q4aa0818c,d4aa0822c
q4aa0818c,d4aa080e2
q4aa0818c,d4aa11cbe
q4aa0818c,d4aa08ad8
q4aa0818c,d4aa07714
q4aa0818c,d4aa06274
q4aa0818c,d4aa07b56
q4aa0818c,d4aa0839e
q4aa0818c,d4aa1530a
q4aa0818c,d4aa05ebe
q4aa07106,d4aa079c6
q4aa07106,d4aa071ba
q4aa07106,d4aa11cbe
q4aa07106,d4aa07b56
q4aa07106,d4aa06274
q4aa07106,d4aa067ba
q4aa07106,d4aa124fc
q4aa07106,d4aa05d24
q4aa07106,d4aa18744
q4aa07106,d4aa18e92
q4aa10ed6,d4aa110e8
q4aa10ed6,d4aa10cc4
q4aa10ed6,d4aa113f4
q4aa10ed6,d4aa09f6e
q4aa10ed6,d4aa095be
q4aa10ed6,d4aa1530a
q4aa10ed6,d4aa09172
q4aa10ed6,d4aa06468
q4aa10ed6,d4aa093e8
q4aa10ed6,d4aa197ca
q4aa058e2,d4aa05662
q4aa058e2,d4aa07336
q4aa058e2,d4aa05798
q4aa058e2,d4aa19d7e
q4aa058e2,d4aa08c36
q4aa058e2,d4aa05d24
q4aa058e2,d4aa087cc
q4aa058e2,d4aa11cbe
q4aa058e2,d4aa08ad8
q4aa058e2,d4aa06274
q4aa01fda,d4aa04474
q4aa01fda,d4aa01440
q4aa01fda,d4aa01288
q4aa01fda,d4aa11cbe
q4aa01fda,d4aa06274
q4aa01fda,d4aa04834
q4aa01fda,d4aa197ca
q4aa01fda,d4aa06030
q4aa01fda,d4aa18744
q4aa01fda,d4aa079c6
q4aa0a1d0,d4aa0a270
q4aa0a1d0,d4aa0a0ea
q4aa0a1d0,d4aa0a40a
q4aa0a1d0,d4aa0d92a
q4aa0a1d0,d4aa08664
q4aa0a1d0,d4aa05ebe
q4aa0a1d0,d4aa18e92
q4aa0a1d0,d4aa1b854
q4aa0a1d0,d4aa124fc
q4aa0a1d0,d4aa0af90
q4aa0a34c,d4aa0a40a
q4aa0a34c,d4aa0a0ea
q4aa0a34c,d4aa0a270
q4aa0a34c,d4aa124fc
q4aa0a34c,d4aa05ebe
q4aa0a34c,d4aa08664
q4aa0a34c,d4aa18e92
q4aa0a34c,d4aa06030
q4aa0a34c,d4aa11cbe
q4aa0a34c,d4aa0af90
q4aa05284,d4aa05306
q4aa05284,d4aa124fc
q4aa05284,d4aa05ebe
q4aa05284,d4aa0839e
q4aa05284,d4aa11cbe
q4aa05284,d4aa06274
q4aa05284,d4aa08ad8
q4aa05284,d4aa079c6
q4aa05284,d4aa1530a
q4aa05284,d4aa07714
q4aa0b3fa,d4aa0b1f2
q4aa0b3fa,d4aa0a52c
q4aa0b3fa,d4aa18e92
q4aa0b3fa,d4aa0a9e6
q4aa0b3fa,d4aa1afee
q4aa0b3fa,d4aa10314
q4aa0b3fa,d4aa0a7d4
q4aa0b3fa,d4aa0a66c
q4aa0b3fa,d4aa124fc
q4aa0b3fa,d4aa0b6fc
q82d4c6ec,d81a04f9e
q82d4c6ec,d8863d1a2
q82d4c6ec,d8a3e18e8
q82d4c6ec,d87a9864e
q82d4c6ec,d8f31013a
q82d4c6ec,d8880226c
q82d4c6ec,d8d3fbbaa
q82d4c6ec,d89bf23bc
q82d4c6ec,d8c9cf758
q82d4c6ec,d88e6bfd6
q855a35a0,d8bef68f4
q855a35a0,d86400cb0
q855a35a0,d8e0084de
q855a35a0,d86a04616
q855a35a0,d827068f0
q855a35a0,d8a411e08
q855a35a0,d82375240
q855a35a0,d812c0d78
q855a35a0,d87a08bde
q855a35a0,d88e61e14
q85384530,d86ca15a4
q85384530,d86c3bd80
q85384530,d814d947a
q85384530,d86b5f0c4
q85384530,d89d890e0
q85384530,d86f0e792
q85384530,d8c38ee5c
q85384530,d8177aa80
q85384530,d8bb12a4e
q85384530,d8bf90d82
q842c8af2,d8f31013a
q842c8af2,d8d2ea43c
q842c8af2,d8159e39c
q842c8af2,d8b71cb88
q842c8af2,d8b71cad4
q842c8af2,d8e599a6a
q842c8af2,d8a5978ae
q842c8af2,d8b6353aa
q842c8af2,d8bf79894
q842c8af2,d86cd29a6
q85451756,d8d3128d8
q85451756,d8786d0d6
q85451756,d8d3624aa
q85451756,d8d4905b6
q85451756,d89e647da
q85451756,d8e0b4d24
q85451756,d8bfb33b4
q85451756,d882e5784
q85451756,d8cb2d4f6
q85451756,d8d46fc44
q85737826,d861e3928
q85737826,d8ef908ca
q85737826,d8992644e
q85737826,d864b4f4e
q85737826,d89cfc672
q85737826,d8c1090c4
q85737826,d880d3e50
q85737826,d8ac0cb58
q85737826,d8291a8da
q85737826,d8d1372a2
q827742c4,d827745bc
q827742c4,d895e2c42
q827742c4,d8bef6994
q827742c4,d86bdf8d2
q827742c4,d8f73def6
q827742c4,d89d37434
q827742c4,d86efa878
q827742c4,d8b6354a4
q827742c4,d8a0bcdb6
q827742c4,d8be614b6
q81e448f2,d8f5af530
q81e448f2,d892da932
q81e448f2,d8b1ea1c4
q81e448f2,d86e58208
q81e448f2,d885d2f82
q81e448f2,d8c3dd5b6
q81e448f2,d8e78617a
q81e448f2,d8673d52c
q81e448f2,d8c518e1c
q81e448f2,d884b7a3a
q82305cc4,d8a27a662
q82305cc4,d81907006
q82305cc4,d86617468
q82305cc4,d8af972be
q82305cc4,d8ef26d76
q82305cc4,d8b1ea386
q82305cc4,d88daccb2
q82305cc4,d8196f46c
q82305cc4,d888ccc4c
q82305cc4,d8ebf3866
q81a100a6,d81a10218
q81a100a6,d8a4cf110
q81a100a6,d881a7994
q81a100a6,d8d2ea43c
q81a100a6,d896353c0
q81a100a6,d8159e39c
q81a100a6,d89be0f0e
q81a100a6,d8d9ffbaa
q81a100a6,d8968dfb6
q81a100a6,d89065062
q847a1ac4,d85e5ed3e
q847a1ac4,d8754940e
q847a1ac4,d8b901c14
q847a1ac4,d8c4e9680
q847a1ac4,d87b64280
q847a1ac4,d87f5cc34
q847a1ac4,d8e0598d4
q847a1ac4,d87d418fa
q847a1ac4,d861e3a54
q847a1ac4,d8d7680ea
q82bb179c,d82afa5ce
q82bb179c,d87ec1c16
q82bb179c,d8bfc2a30
q82bb179c,d8da2d456
q82bb179c,d8af9db64
q82bb179c,d88043486
q82bb179c,d8bf90c88
q82bb179c,d86826362
q82bb179c,d8b69875c
q82bb179c,d8cc44a06
q82787914,d83ac8546
q82787914,d8b7a8e1c
q82787914,d8143a17c
q82787914,d8124330a
q82787914,d88d15efc
q82787914,d872a64ea
q82787914,d8889dd48
q82787914,d8c3f3b86
q82787914,d8ac0c95a
q82787914,d820d0490
q847c4394,d83b9f406
q847c4394,d89197fa2
q847c4394,d8ac2a6c6
q847c4394,d898cf6bc
q847c4394,d8bb684b2
q847c4394,d8ea377f2
q847c4394,d868cc320
q847c4394,d8959cdc8
q847c4394,d87b0fce4
q847c4394,d86617314
q85306054,d86875c6e
q85306054,d8bdc4eb8
q85306054,d8b6dd924
q85306054,d8734bd46
q85306054,d8866b868
q85306054,d8c397d86
q85306054,d872649c8
q85306054,d894c31ae
q85306054,d88465f0a
q85306054,d88aec89c
q81b147b8,d8d5af488
q81b147b8,d818fa8b0
q81b147b8,d89a56f26
q81b147b8,d8b20f73a
q81b147b8,d8bf90c88
q81b147b8,d884c6d1e
q81b147b8,d8f92165a
q81b147b8,d8da9f574
q81b147b8,d86dfdbbe
q81b147b8,d8a133394
q81a86062,d8a67f5c8
q81a86062,d8e09d28c
q81a86062,d870a76bc
q81a86062,d8c8c188e
q81a86062,d8aa64530
q81a86062,d86ae82f8
q81a86062,d8ee9989a
q81a86062,d8da2d5d2
q81a86062,d8f072fea
q81a86062,d812cfc9c
q852ed734,d884240c8
q852ed734,d8b6052d6
q852ed734,d8a0158ae
q852ed734,d8c948384
q852ed734,d891c7040
q852ed734,d8cc84aac
q852ed734,d8db6463a
q852ed734,d8734bc56
q852ed734,d8609ee82
q852ed734,d8d1372a2
q81097aec,d8665d558
q81097aec,d886f7ea8
q81097aec,d8785f094
q81097aec,d8dae1604
q81097aec,d80f19b2a
q81097aec,d8785f030
q81097aec,d85f42ffc
q81097aec,d86efa9c2
q81097aec,d8b8a5a54
q81097aec,d890382f6
q8232eeda,d891a8730
q8232eeda,d82eedadc
q8232eeda,d8232f1aa
q8232eeda,d8cf92654
q8232eeda,d8ce1449e
q8232eeda,d85e5ed3e
q8232eeda,d82787ad6
q8232eeda,d81be6600
q8232eeda,d8c8498ac
q8232eeda,d89a9cfc6
q82c368f2,d8d5dd810
q82c368f2,d8cf03f76
q82c368f2,d8a2a82c4
q82c368f2,d897e434c
q82c368f2,d8df5ff96
q82c368f2,d8f66c716
q82c368f2,d89c7a122
q82c368f2,d8953275c
q82c368f2,d8ab7ea24
q82c368f2,d886343c2
q83dfd0c2,d88163758
q83dfd0c2,d863d00c4
q83dfd0c2,d8da667ce
q83dfd0c2,d8ac4107e
q83dfd0c2,d81ad2638
q83dfd0c2,d82eeda32
q83dfd0c2,d8b1ea304
q83dfd0c2,d861e3928
q83dfd0c2,d8d1fd4a2
q83dfd0c2,d866e523c
q84448792,d878d6072
q84448792,d8b4b0674
q84448792,d860c5168
q84448792,d8dfe97c8
q84448792,d85777430
q84448792,d8da469d8
q84448792,d87c6540e
q84448792,d8c3ab160
q84448792,d8cc34124
q84448792,d8b3885a8
q8332f334,d8784315a
q8332f334,d8f6f561a
q8332f334,d8a223380
q8332f334,d8d609cc6
q8332f334,d8e02c8d4
q8332f334,d8b14ccd0
q8332f334,d8eddb408
q8332f334,d8bb3423e
q8332f334,d8b20f73a
q8332f334,d89c0de6e
q83905290,d885f4074
q83905290,d87f3c42a
q83905290,d8e0b4d24
q83905290,d8f46fab2
q83905290,d8ced73b8
q83905290,d8aec2fdc
q83905290,d870c57ca
q83905290,d8c868fa4
q83905290,d8b6a5556
q83905290,d884f24c8
q84a187b2,d8ad65806
q84a187b2,d86bc28c2
q84a187b2,d8a796aec
q84a187b2,d87264946
q84a187b2,d8f7b6f9a
q84a187b2,d8bffd216
q84a187b2,d866053bc
q84a187b2,d89fa9442
q84a187b2,d8b55c172
q84a187b2,d8247e06a
q833c8228,d8e316d06
q833c8228,d8794db5e
q833c8228,d80ee27b0
q833c8228,d8aff4fc2
q833c8228,d872e41f0
q833c8228,d87397ef8
q833c8228,d8bd86dfc
q833c8228,d8ab7ebbe
q833c8228,d8e162276
q833c8228,d892c84f8
q85c8bb88,d87a70a72
q85c8bb88,d87c97dfa
q85c8bb88,d87b0fc6c
q85c8bb88,d8779f424
q85c8bb88,d8e22636a
q85c8bb88,d8e541c66
q85c8bb88,d887d2bfc
q85c8bb88,d8f25f772
q85c8bb88,d813f946a
q85c8bb88,d82267aec
q8144794e,d8a3e1b0e
q8144794e,d87397ef8
q8144794e,d8794db5e
q8144794e,d872e41f0
q8144794e,d89498e68
q8144794e,d8c9261a8
q8144794e,d8e09d250
q8144794e,d8445e632
q8144794e,d8cc84aac
q8144794e,d810fb466
q84abfc2e,d89ac6330
q84abfc2e,d88540362
q84abfc2e,d87053ac6
q84abfc2e,d81180850
q84abfc2e,d895ad09c
q84abfc2e,d889757a2
q84abfc2e,d8da667ce
q84abfc2e,d8ee9989a
q84abfc2e,d8df513ba
q84abfc2e,d8b6a56a0
q811aabe6,d830e507e
q811aabe6,d8e62f826
q811aabe6,d892b089e
q811aabe6,d825e6b32
q811aabe6,d87479808
q811aabe6,d898c4456
q811aabe6,d8afe3f60
q811aabe6,d897e43c4
q811aabe6,d8f5489f2
q811aabe6,d8694b710
q811d0d0a,d89f869ec
q811d0d0a,d87da9cd4
q811d0d0a,d880b0446
q811d0d0a,d8a149b76
q811d0d0a,d8f7e6aba
q811d0d0a,d88c3582a
q811d0d0a,d8e541aa4
q811d0d0a,d899b62b0
q811d0d0a,d814f5ab2
q811d0d0a,d84dc5e00
q82364166,d899134d4
q82364166,d85fff328
q82364166,d899c5800
q82364166,d8738a15e
q82364166,d8def80e4
q82364166,d8def8094
q82364166,d8f696ca0
q82364166,d81d04d98
q82364166,d8f29f5c0
q82364166,d81e74174
q83c3dbba,d82441ab6
q83c3dbba,d8c1a894e
q83c3dbba,d867fd5e8
q83c3dbba,d8b68d56e
q83c3dbba,d81d4e114
q83c3dbba,d8cf80b70
q83c3dbba,d881435f2
q83c3dbba,d86d5f220
q83c3dbba,d8afb0782
q83c3dbba,d88dcb874
q8258ff9e,d8806fe64
q8258ff9e,d884fed36
q8258ff9e,d893f1e9c
q8258ff9e,d887d2bfc
q8258ff9e,d8124326a
q8258ff9e,d893b4650
q8258ff9e,d87b0fc6c
q8258ff9e,d8d6d8e86
q8258ff9e,d87db6e70
q8258ff9e,d8847cee4
q84360b04,d8aa75894
q84360b04,d8bcea286
q84360b04,d874fa034
q84360b04,d8829b1d4
q84360b04,d838d65da
q84360b04,d8823b216
q84360b04,d818fa8b0
q84360b04,d8788d886
q84360b04,d8204017e
q84360b04,d838f1f74
q8397ee9c,d8dc06426
q8397ee9c,d8c8acc0e
q8397ee9c,d82200db0
q8397ee9c,d812de404
q8397ee9c,d8ee34bc0
q8397ee9c,d8f8899d6
q8397ee9c,d8cebf056
q8397ee9c,d88fb4d52
q8397ee9c,d8af6935a
q8397ee9c,d8e2758f2
q818cb290,d837f6002
q818cb290,d8b4b0674
q818cb290,d87d418fa
q818cb290,d8b7a8d18
q818cb290,d868871c6
q818cb290,d8b9db338
q818cb290,d89f12eac
q818cb290,d8f8bc7fa
q818cb290,d8cd9d542
q818cb290,d8eaff5c2
q8203fe68,d8204017e
q8203fe68,d878828b4
q8203fe68,d89e993f4
q8203fe68,d8623d036
q8203fe68,d8c59d644
q8203fe68,d83f65c16
q8203fe68,d8eed0b92
q8203fe68,d87397d9a
q8203fe68,d8a626afe
q8203fe68,d8b11ac44
q82f207b6,d8805f0d2
q82f207b6,d8b8a5b9e
q82f207b6,d863c228a
q82f207b6,d8124330a
q82f207b6,d8805f050
q82f207b6,d834c52b6
q82f207b6,d82441c8c
q82f207b6,d8dbe56e0
q82f207b6,d8f125474
q82f207b6,d8d64e646
q83e3e52c,d8927fac8
q83e3e52c,d818fa748
q83e3e52c,d8c07e2bc
q83e3e52c,d8e4aa564
q83e3e52c,d880209cc
q83e3e52c,d8e625600
q83e3e52c,d8abbd9a4
q83e3e52c,d85ee087a
q83e3e52c,d88c9d498
q83e3e52c,d87c72000
q82374f34,d8aacba3c
q82374f34,d8779f424
q82374f34,d880bf090
q82374f34,d8f70d5c6
q82374f34,d872c733e
q82374f34,d8a8c69ee
q82374f34,d8786d248
q82374f34,d87ab19d2
q82374f34,d88fd8dec
q82374f34,d8b96318a
q83e16b08,d827ba4e0
q83e16b08,d875d8b5e
q83e16b08,d88d22e5e
q83e16b08,d889e4bd4
q83e16b08,d81aa1ba0
q83e16b08,d8a0158ae
q83e16b08,d812ed6a2
q83e16b08,d8866b868
q83e16b08,d8b0af37c
q83e16b08,d89e993f4
q830208be,d8bd1789e
q830208be,d8dbcea4e
q830208be,d8a3a4236
q830208be,d896447d0
q830208be,d8f565598
q830208be,d8a44df02
q830208be,d89f40870
q830208be,d8caae8c2
q830208be,d880432f6
q830208be,d8e6e6a12
q83554574,d82ba7300
q83554574,d8a0f7ab0
q83554574,d8777edb4
q83554574,d8912bd02
q83554574,d8d4906b0
q83554574,d8d151f3a
q83554574,d8cb39eea
q83554574,d88822814
q83554574,d8c259118
q83554574,d882e5784
q848f1da2,d820b0dc0
q848f1da2,d89aa94b0
q848f1da2,d8754940e
q848f1da2,d881433b8
q848f1da2,d8b5692dc
q848f1da2,d8abfd144
q848f1da2,d87d15e9e
q848f1da2,d8c326fa0
q848f1da2,d8b4779b4
q848f1da2,d8aa5184a
q84494d40,d8c043a04
q84494d40,d8ef0c4c6
q84494d40,d8a8410b4
q84494d40,d88ad95da
q84494d40,d8b48dea8
q84494d40,d8ef0c534
q84494d40,d8f1eee78
q84494d40,d8777edb4
q84494d40,d874ac4ec
q84494d40,d8db0b18e
q83562c00,d8b39b2a2
q83562c00,d8bef6944
q83562c00,d8bc5c4a4
q83562c00,d8d99831a
q83562c00,d8d72ed18
q83562c00,d8e0085ec
q83562c00,d89bd4844
q83562c00,d8d3fbc40
q83562c00,d8c64e944
q83562c00,d89b68144
q81cfaef6,d8e5fd8f8
q81cfaef6,d8ce1449e
q81cfaef6,d868871c6
q81cfaef6,d8b9db338
q81cfaef6,d8e285c5c
q81cfaef6,d8734bd46
q81cfaef6,d8ce2f3a2
q81cfaef6,d8ac36d90
q81cfaef6,d8d2245ca
q81cfaef6,d8ece1da4
q821eb91a,d821eba82
q821eb91a,d8c56f244
q821eb91a,d8d3d34d4
q821eb91a,d880d3e96
q821eb91a,d8193ecc2
q821eb91a,d8a488486
q821eb91a,d8aae8b96
q821eb91a,d8de8a26a
q821eb91a,d8959cdc8
q821eb91a,d835c7362
q83ee4b48,d87b8ca78
q83ee4b48,d86261e54
q83ee4b48,d8a3ffaf0
q83ee4b48,d8d609cc6
q83ee4b48,d8753470c
q83ee4b48,d8ac57680
q83ee4b48,d884240c8
q83ee4b48,d89629728
q83ee4b48,d8ebf3866
q83ee4b48,d8f8055aa
q8284743a,d8b4b0674
q8284743a,d8cbcc146
q8284743a,d8a015962
q8284743a,d8b7d5002
q8284743a,d8cdd4178
q8284743a,d870a76bc
q8284743a,d8e86753a
q8284743a,d894eff4c
q8284743a,d866e523c
q8284743a,d8cfea250
q823ddc1e,d82223b3a
q823ddc1e,d8cd809c4
q823ddc1e,d81329026
q823ddc1e,d898ab1f4
q823ddc1e,d896ed93e
q823ddc1e,d8af10660
q823ddc1e,d88d22e5e
q823ddc1e,d860c5050
q823ddc1e,d8e8a662c
q823ddc1e,d8e86753a
q8543ee4e,d8f68a2de
q8543ee4e,d8ab69052
q8543ee4e,d8e51ccfe
q8543ee4e,d8dc58a82
q8543ee4e,d8e4936fc
q8543ee4e,d861c8bdc
q8543ee4e,d8c7e0b40
q8543ee4e,d8d20b8b8
q8543ee4e,d8a779faa
q8543ee4e,d896ad42e
q82d0e284,d8124330a
q82d0e284,d88163758
q82d0e284,d8b71cc6e
q82d0e284,d86760e00
q82d0e284,d8614a91c
q82d0e284,d81e74174
q82d0e284,d8a3e1a96
q82d0e284,d881e206c
q82d0e284,d8184fdfc
q82d0e284,d86e1fab6
q820e4ada,d8a5cbac8
q820e4ada,d89698772
q820e4ada,d866b233c
q820e4ada,d81a6b028
q820e4ada,d86a78890
q820e4ada,d86d96d38
q820e4ada,d80f0a9e0
q820e4ada,d883db8d2
q820e4ada,d8ddc6b30
q820e4ada,d82a64f1a
q81661522,d86e7a89e
q81661522,d89774a38
q81661522,d87adb1ba
q81661522,d879d762e
q81661522,d8da9f574
q81661522,d88791c74
q81661522,d884c6d1e
q81661522,d8b3c9b16
q81661522,d8c59d59a
q81661522,d8160f3b2
q81719e24,d89f869ec
q81719e24,d8c9260ea
q81719e24,d8d960532
q81719e24,d8e08335a
q81719e24,d8291a948
q81719e24,d8151164a
q81719e24,d8ab11082
q81719e24,d8d624b5c
q81719e24,d8ef0c660
q81719e24,d8ab110be
q83fd9170,d81329094
q83fd9170,d8120e344
q83fd9170,d88bf52e8
q83fd9170,d81329026
q83fd9170,d8b5c290e
q83fd9170,d8126d038
q83fd9170,d891682e8
q83fd9170,d8f8d68b2
q83fd9170,d8c25900a
q83fd9170,d8a0d6dce
q83baea32,d81f402d8
q83baea32,d89a14f40
q83baea32,d89d74122
q83baea32,d8ea20ebc
q83baea32,d81695034
q83baea32,d8c803ee2
q83baea32,d87559110
q83baea32,d87fae1e2
q83baea32,d8cbcc146
q83baea32,d86731aa6
q81d04c30,d8cee7b3c
q81d04c30,d8ba5aae8
q81d04c30,d8aa0443c
q81d04c30,d89bb4daa
q81d04c30,d89498e68
q81d04c30,d821ebc62
q81d04c30,d8e757eba
q81d04c30,d8de39874
q81d04c30,d8ac0c95a
q81d04c30,d8d6f43f2
q84f2c618,d8177a896
q84f2c618,d8da9f9a2
q84f2c618,d8b1dbd9a
q84f2c618,d88e6bfd6
q84f2c618,d8f1c990c
q84f2c618,d813cd3f6
q84f2c618,d8b445612
q84f2c618,d88c78d50
q84f2c618,d8bef68b8
q84f2c618,d8c305166
q83c04efa,d813a4104
q83c04efa,d813a41c2
q83c04efa,d88d47b96
q83c04efa,d8b34cdc8
q83c04efa,d862f0a82
q83c04efa,d87e6bec4
q83c04efa,d897d09f0
q83c04efa,d8239fb62
q83c04efa,d89e289a6
q83c04efa,d8809f9c0
q83cf55b2,d828e3ad8
q83cf55b2,d84dc5f18
q83cf55b2,d882b61c8
q83cf55b2,d861b4678
q83cf55b2,d8271c646
q83cf55b2,d88afa64a
q83cf55b2,d8271c5ec
q83cf55b2,d8b8befc2
q83cf55b2,d81da99ec
q83cf55b2,d88465d52
q82384b82,d893a24fa
q82384b82,d893a24aa
q82384b82,d8ae62510
q82384b82,d8cbbf6c6
q82384b82,d898ef25a
q82384b82,d8c13b4ac
q82384b82,d88d5e53a
q82384b82,d888dafea
q82384b82,d8cd2160e
q82384b82,d8124326a
q826ed10c,d86b9708c
q826ed10c,d8855245e
q826ed10c,d8bcea286
q826ed10c,d8f32b03e
q826ed10c,d87fed9be
q826ed10c,d893d3622
q826ed10c,d8982ec80
q826ed10c,d82def72a
q826ed10c,d866e523c
q826ed10c,d86fcfe9c
q8445e3ee,d8445e56a
q8445e3ee,d8e9bc5c0
q8445e3ee,d897d09f0
q8445e3ee,d88d47b96
q8445e3ee,d87e6be2e
q8445e3ee,d8982eb18
q8445e3ee,d89e289a6
q8445e3ee,d8add2c26
q8445e3ee,d8df060ea
q8445e3ee,d8b34cdc8
q815dd65a,d8b4e965e
q815dd65a,d8995d598
q815dd65a,d8143a212
q815dd65a,d8a994b0a
q815dd65a,d8dcdc814
q815dd65a,d8779f424
q815dd65a,d8b4e96a4
q815dd65a,d86a2e506
q815dd65a,d8b06e264
q815dd65a,d8a149c34
q817a53d4,d870d5f1c
q817a53d4,d8aacba3c
q817a53d4,d899b62b0
q817a53d4,d87ab19d2
q817a53d4,d8b7f7422
q817a53d4,d8666ba7c
q817a53d4,d861948be
q817a53d4,d898c4456
q817a53d4,d8e541aa4
q817a53d4,d8d45d198
q8302f030,d88a4a1e6
q8302f030,d87b8cc80
q8302f030,d8c0d7f4c
q8302f030,d89ac6330
q8302f030,d83b59fbe
q8302f030,d8775a568
q8302f030,d81180850
q8302f030,d86d96f72
q8302f030,d813b8e42
q8302f030,d8c3d362e
q83ecfa72,d8779f276
q83ecfa72,d88afa578
q83ecfa72,d8dde1eb2
q83ecfa72,d87acf0f4
q83ecfa72,d8de10d2a
q83ecfa72,d8c3f3a28
q83ecfa72,d87144fa2
q83ecfa72,d86eeb1b6
q83ecfa72,d89d37498
q83ecfa72,d818cb3a8
q83542c84,d81b48892
q83542c84,d81b4890a
q83542c84,d87acf1a8
q83542c84,d8a2b4272
q83542c84,d8c1618a0
q83542c84,d80ef6d0a
q83542c84,d81907196
q83542c84,d8873b28e
q83542c84,d8e9467c6
q83542c84,d8d5bdb14
q839b24cc,d89c7a122
q839b24cc,d8f43c3b0
q839b24cc,d8c926298
q839b24cc,d8f0a7358
q839b24cc,d88aa4862
q839b24cc,d88df2adc
q839b24cc,d8a223308
q839b24cc,d8177aaf8
q839b24cc,d8cfc2c82
q839b24cc,d85e7965c
q83880a04,d8b6cc408
q83880a04,d8a242708
q83880a04,d82a77ab6
q83880a04,d87d4ce08
q83880a04,d8857913a
q83880a04,d89504adc
q83880a04,d8757dad8
q83880a04,d8a02a236
q83880a04,d8c3f39ba
q83880a04,d8e083396
q82573bfa,d81a5d6d0
q82573bfa,d81329094
q82573bfa,d8d5a132e
q82573bfa,d88975806
q82573bfa,d885114f4
q82573bfa,d81b489c8
q82573bfa,d8d3d3362
q82573bfa,d8d3d33e4
q82573bfa,d88e6be8c
q82573bfa,d8b6a56a0
q83206f84,d8df988fa
q83206f84,d85e7988c
q83206f84,d82a93dba
q83206f84,d88d78cc8
q83206f84,d8130c5ca
q83206f84,d8ecea116
q83206f84,d8d609cc6
q83206f84,d89ed642a
q83206f84,d8aaf867c
q83206f84,d8ce46868
q84fb6e6c,d8177aa80
q84fb6e6c,d8b96318a
q84fb6e6c,d8bec3d14
q84fb6e6c,d8aadb4b4
q84fb6e6c,d87b9bcbc
q84fb6e6c,d88f7b976
q84fb6e6c,d87ab19d2
q84fb6e6c,d88877580
q84fb6e6c,d8c9e1d86
q84fb6e6c,d87f7b49a
q826da55c,d8b10a5f6
q826da55c,d8ad65806
q826da55c,d8968e092
q826da55c,d86bc28c2
q826da55c,d81907196
q826da55c,d82267aec
q826da55c,d85f76f64
q826da55c,d8e7d7624
q826da55c,d8e0599f6
q826da55c,d87f8a274
q853b5e6e,d87920366
q853b5e6e,d86d241ac
q853b5e6e,d8267f1c0
q853b5e6e,d817d47ce
q853b5e6e,d8c7c046c
q853b5e6e,d8d6f4348
q853b5e6e,d86e1fab6
q853b5e6e,d8d6f43f2
q853b5e6e,d8c13b4ac
q853b5e6e,d895ff2de
q82dca556,d81f4036e
q82dca556,d8f696c0a
q82dca556,d8aa3aee2
q82dca556,d86d96df6
q82dca556,d8f4eda48
q82dca556,d8771f012
q82dca556,d89b098c4
q82dca556,d860d8a06
q82dca556,d868c163c
q82dca556,d8da2d456
q84e55370,d8124330a
q84e55370,d8ef0c4c6
q84e55370,d8e4936fc
q84e55370,d861c8bdc
q84e55370,d8ef0c534
q84e55370,d8c9f2794
q84e55370,d88822814
q84e55370,d818cb592
q84e55370,d8aed1b04
q84e55370,d896ad42e
q8198bd92,d8cd0c740
q8198bd92,d8c8c18fc
q8198bd92,d8d0257a6
q8198bd92,d8a27a608
q8198bd92,d884b7986
q8198bd92,d89504c4e
q8198bd92,d8db949d4
q8198bd92,d87a98702
q8198bd92,d8d151e68
q8198bd92,d86f5ca32
q8518ff4a,d8600bbaa
q8518ff4a,d8b5524f6
q8518ff4a,d8736bc22
q8518ff4a,d8d2ea612
q8518ff4a,d897ab36c
q8518ff4a,d84845a0c
q8518ff4a,d8b5a192a
q8518ff4a,d89212c70
q8518ff4a,d8f5fa986
q8518ff4a,d8665d454
q82be72ac,d8e487b04
q82be72ac,d81a10434
q82be72ac,d8843b0b6
q82be72ac,d884fed36
q82be72ac,d82080652
q82be72ac,d87d352da
q82be72ac,d8f24878e
q82be72ac,d8847cee4
q82be72ac,d8cebef02
q82be72ac,d8e4878de
q85724ac8,d8b7f72ec
q85724ac8,d871ce28e
q85724ac8,d88a11dc8
q85724ac8,d82441ab6
q85724ac8,d87ef3fcc
q85724ac8,d891a8730
q85724ac8,d8ae81500
q85724ac8,d85eb4464
q85724ac8,d8777edb4
q85724ac8,d8b3e3192
q8556c10e,d8364bcd4
q8556c10e,d894a3be2
q8556c10e,d817bc0a2
q8556c10e,d8d312950
q8556c10e,d8d4156f4
q8556c10e,d8727f00c
q8556c10e,d8642a416
q8556c10e,d8cebf088
q8556c10e,d8cbcbf7a
q8556c10e,d8b54696c
q82581dc2,d86f5c8e8
q82581dc2,d8aab41de
q82581dc2,d8be9b9f4
q82581dc2,d86d16426
q82581dc2,d8eeb9d70
q82581dc2,d87a379c0
q82581dc2,d8e503d12
q82581dc2,d887d2ef4
q82581dc2,d880208a0
q82581dc2,d8dc9cc0a
q81bc4a1e,d8c5e0304
q81bc4a1e,d8b2ec874
q81bc4a1e,d89ad1aa0
q81bc4a1e,d8724e0ce
q81bc4a1e,d8ecca230
q81bc4a1e,d8a606984
q81bc4a1e,d89ba82da
q81bc4a1e,d820400fc
q81bc4a1e,d8b8a5b9e
q81bc4a1e,d8c773a72
q81520e92,d8140c1d2
q81520e92,d8b9c13de
q81520e92,d8f5e022a
q81520e92,d8e757f64
q81520e92,d893fda26
q81520e92,d86dbb250
q81520e92,d877f37c2
q81520e92,d87e8c66a
q81520e92,d886120b0
q81520e92,d8f8aa802
q858b5c20,d886d0b82
q858b5c20,d81447b6a
q858b5c20,d89498e68
q858b5c20,d87180e58
q858b5c20,d88d78e26
q858b5c20,d8202fdb0
q858b5c20,d8c3ab160
q858b5c20,d8bbb843a
q858b5c20,d8acff9c0
q858b5c20,d88be204e
q81cb3060,d8e29de60
q81cb3060,d8b044536
q81cb3060,d871193d4
q81cb3060,d8140c1d2
q81cb3060,d8afd3a84
q81cb3060,d877f37c2
q81cb3060,d8327a6d2
q81cb3060,d8c692bda
q81cb3060,d8789c49e
q81cb3060,d8b7593d0
q84dd9f7c,d8caaea2a
q84dd9f7c,d8cf598cc
q84dd9f7c,d8ae2db80
q84dd9f7c,d88940c14
q84dd9f7c,d8d63803a
q84dd9f7c,d81392f30
q84dd9f7c,d867a3714
q84dd9f7c,d87b01f0e
q84dd9f7c,d881638e8
q84dd9f7c,d89a56f26
q84e682ea,d8445e56a
q84e682ea,d8ae624b6
q84e682ea,d855e743a
q84e682ea,d8f2cb2ba
q84e682ea,d8c38ee5c
q84e682ea,d81ffb9e8
q84e682ea,d869ea4dc
q84e682ea,d8bbd0562
q84e682ea,d87abda52
q84e682ea,d8d3e0ed6
q81566442,d8c849834
q81566442,d8eda6546
q81566442,d8a4806b4
q81566442,d88fe4caa
q81566442,d8614a91c
q81566442,d87df9964
q81566442,d8b0311c0
q81566442,d8be614b6
q81566442,d8e2643f4
q81566442,d89fa9244
q838b6d0c,d8d29598c
q838b6d0c,d8ab97966
q838b6d0c,d8170ca26
q838b6d0c,d87851e1c
q838b6d0c,d88e4a692
q838b6d0c,d82b41f64
q838b6d0c,d8d3e0ed6
q838b6d0c,d876fa082
q838b6d0c,d867fd6b0
q838b6d0c,d86d4d87c
q834fefca,d869890b0
q834fefca,d8bfb3472
q834fefca,d8b0f8d10
q834fefca,d8ad5a9a6
q834fefca,d873b5818
q834fefca,d8e579fda
q834fefca,d83dd4c44
q834fefca,d86826402
q834fefca,d8ad5a9f6
q834fefca,d8a6c7ae4
q842fefc6,d8996d98e
q842fefc6,d88f99a2a
q842fefc6,d8b3e3192
q842fefc6,d8d9ffc22
q842fefc6,d8665d558
q842fefc6,d87b01f0e
q842fefc6,d8bae4ffe
q842fefc6,d8a7306de
q842fefc6,d89a25598
q842fefc6,d8eeb9b54
q8300ab0e,d873acb96
q8300ab0e,d88928d12
q8300ab0e,d8a8bae46
q8300ab0e,d8b569138
q8300ab0e,d8f125348
q8300ab0e,d89d0b0dc
q8300ab0e,d8dca4590
q8300ab0e,d8f38c2e4
q8300ab0e,d88d5e288
q8300ab0e,d89e0a384
q81392cb0,d890b88d4
q81392cb0,d814c1370
q81392cb0,d8a3e1b0e
q81392cb0,d8880226c
q81392cb0,d8da469d8
q81392cb0,d8b4b0674
q81392cb0,d897fcb2c
q81392cb0,d82729ada
q81392cb0,d89498e68
q81392cb0,d887a48e2
q853e847c,d8b68d6fe
q853e847c,d82a3a666
q853e847c,d8e39a386
q853e847c,d8c518f0c
q853e847c,d82c60742
q853e847c,d8eca4d96
q853e847c,d8908b58c
q853e847c,d8d569dde
q853e847c,d8a3d46a2
q853e847c,d87da9cd4
q859daefc,d82bda0d4
q859daefc,d8dc9cca0
q859daefc,d8ebf38c0
q859daefc,d8c07e262
q859daefc,d8b1d27d6
q859daefc,d816223ea
q859daefc,d89151b74
q859daefc,d8a951e18
q859daefc,d83b5a036
q859daefc,d824fceec
q836cd57c,d89bd489e
q836cd57c,d885f420e
q836cd57c,d8bec3ddc
q836cd57c,d86b2f8ec
q836cd57c,d8aea762e
q836cd57c,d8316feb8
q836cd57c,d88c1f188
q836cd57c,d8b6ddb40
q836cd57c,d8dd135ee
q836cd57c,d89e28a82
q810fb0f6,d8685bd78
q810fb0f6,d8ec685c6
q810fb0f6,d8d4e1538
q810fb0f6,d89a8e638
q810fb0f6,d8f36b9fe
q810fb0f6,d8efed0f2
q810fb0f6,d895ad09c
q810fb0f6,d88465e9c
q810fb0f6,d85e7988c
q810fb0f6,d8cb482ec
q82b28b22,d8c9f2794
q82b28b22,d88163758
q82b28b22,d8ba001ce
q82b28b22,d89abe4a0
q82b28b22,d82267aec
q82b28b22,d87876a6e
q82b28b22,d815115be
q82b28b22,d880bf018
q82b28b22,d8e0599f6
q82b28b22,d89bb4daa
q8384b3ea,d8aacbaaa
q8384b3ea,d87e9763c
q8384b3ea,d8186bf20
q8384b3ea,d8c29a622
q8384b3ea,d81486c70
q8384b3ea,d8af6935a
q8384b3ea,d8f748478
q8384b3ea,d8a1177de
q8384b3ea,d880bf090
q8384b3ea,d87a70a72
q81d7599e,d861e39f0
q81d7599e,d89d891b2
q81d7599e,d8799ab52
q81d7599e,d86efa878
q81d7599e,d870f47fa
q81d7599e,d8836bee2
q81d7599e,d8836be7e
q81d7599e,d8d8cc6b6
q81d7599e,d8ad23c6c
q81d7599e,d86f0e792
q853c2a92,d8a925b1a
q853c2a92,d8abfd1e4
q853c2a92,d8ec82098
q853c2a92,d8749ddc0
q853c2a92,d86dcdb6c
q853c2a92,d8648986c
q853c2a92,d8c7a8e52
q853c2a92,d8c3f3a28
q853c2a92,d8e0cdaa4
q853c2a92,d89e647da
q81d3a056,d86fcff78
q81d3a056,d8777edb4
q81d3a056,d8959cba2
q81d3a056,d8b48df0c
q81d3a056,d879e4356
q81d3a056,d8a2ea12e
q81d3a056,d86b5f0c4
q81d3a056,d8b012ac2
q81d3a056,d8912badc
q81d3a056,d81642b9a
q849d08a4,d82bda0d4
q849d08a4,d8c692b08
q849d08a4,d8c59d644
q849d08a4,d8be2ad26
q849d08a4,d89c035f4
q849d08a4,d8be45e46
q849d08a4,d8dc8cb7a
q849d08a4,d8a7e49a4
q849d08a4,d825b9a24
q849d08a4,d8eca5016
q811c3614,d879b9b56
q811c3614,d892da860
q811c3614,d8e6b82d4
q811c3614,d8e0b4df6
q811c3614,d86d4d5f2
q811c3614,d814f5ab2
q811c3614,d892b089e
q811c3614,d8de397b6
q811c3614,d86bdf8d2
q811c3614,d8a0bcdb6
q82c9a85c,d81c091dc
q82c9a85c,d8ece1da4
q82c9a85c,d8cc6f74c
q82c9a85c,d86ce3d1e
q82c9a85c,d8e9eb672
q82c9a85c,d8aff50d0
q82c9a85c,d88f1e636
q82c9a85c,d89f26ed4
q82c9a85c,d8679362a
q82c9a85c,d8823b1a8
q83bc7cbc,d8124330a
q83bc7cbc,d8d90416a
q83bc7cbc,d8f444b64
q83bc7cbc,d8cf9f278
q83bc7cbc,d873e2002
q83bc7cbc,d871195e6
q83bc7cbc,d8ef0c660
q83bc7cbc,d87f293fc
q83bc7cbc,d8c00bfa0
q83bc7cbc,d818fa7ca
q8175db10,d815e5c7e
q8175db10,d8b054260
q8175db10,d89749644
q8175db10,d8d0e7bbc
q8175db10,d8b0839a2
q8175db10,d8ca0fea2
q8175db10,d8ad23a3c
q8175db10,d8dc58a1e
q8175db10,d87f7b5e4
q8175db10,d87e2e416
q82c2627c,d81d04d98
q82c2627c,d8664f688
q82c2627c,d812cfc9c
q82c2627c,d8daf9d3a
q82c2627c,d8e487b04
q82c2627c,d8cb6294e
q82c2627c,d87a98702
q82c2627c,d8a216464
q82c2627c,d8e211730
q82c2627c,d8dcdc620
q82efcc80,d89635438
q82efcc80,d8b6dda46
q82efcc80,d8e3d6a48
q82efcc80,d87fc1b20
q82efcc80,d8b024b5a
q82efcc80,d8e881796
q82efcc80,d8c6e8f4e
q82efcc80,d86bc2976
q82efcc80,d8187d7d4
q82efcc80,d8c8acc0e
q82864972,d82e92858
q82864972,d8782c0f4
q82864972,d86b3c4de
q82864972,d87c3aef2
q82864972,d826cd56e
q82864972,d8e903bba
q82864972,d8ea8bd7a
q82864972,d8749dc30
q82864972,d8b34cea4
q82864972,d8888e17c
q82b4cc20,d8dd8d646
q82b4cc20,d8e5e57b2
q82b4cc20,d8bbd02e2
q82b4cc20,d8a6e7038
q82b4cc20,d89a14eaa
q82b4cc20,d8b054346
q82b4cc20,d8cd012a0
q82b4cc20,d8ddaa052
q82b4cc20,d8bc26cf0
q82b4cc20,d8b3fe500
q84ceb836,d8d2c9cdc
q84ceb836,d8f57e0e8
q84ceb836,d8af9737c
q84ceb836,d82441ab6
q84ceb836,d8a27a590
q84ceb836,d8c1da4a8
q84ceb836,d8a27a608
q84ceb836,d87397cc8
q84ceb836,d8dd5582c
q84ceb836,d8c1da598
q82871b7c,d8aefb508
q82871b7c,d8c5ed9be
q82871b7c,d87befcd6
q82871b7c,d8d630006
q82871b7c,d8727efa8
q82871b7c,d889e4bd4
q82871b7c,d8e487988
q82871b7c,d8cd34790
q82871b7c,d82d2ca22
q82871b7c,d8d4156f4
q847a93dc,d8ac0c95a
q847a93dc,d87fae2dc
q847a93dc,d89629728
q847a93dc,d8267f2e2
q847a93dc,d8aec2f00
q847a93dc,d8825d6ea
q847a93dc,d8acdf076
q847a93dc,d8c7a8e52
q847a93dc,d8d2c9cdc
q847a93dc,d8cda6660
q83e70dd8,d88d9abe8
q83e70dd8,d88000c08
q83e70dd8,d880208a0
q83e70dd8,d8dec83a8
q83e70dd8,d8e50d826
q83e70dd8,d8f1eecac
q83e70dd8,d8bdc4eb8
q83e70dd8,d86389f84
q83e70dd8,d867cd352
q83e70dd8,d8d000cf8
q856d40e6,d8e1e392a
q856d40e6,d87b9bbea
q856d40e6,d8124330a
q856d40e6,d8775a568
q856d40e6,d8f696b6a
q856d40e6,d8184fdfc
q856d40e6,d88c78d50
q856d40e6,d8126d164
q856d40e6,d89b1acf0
q856d40e6,d8ce91fac
q81da9686,d81dfb4d6
q81da9686,d86a90094
q81da9686,d87c97cf6
q81da9686,d887d2b66
q81da9686,d8bec3d96
q81da9686,d872995f6
q81da9686,d855e75d4
q81da9686,d8c07e262
q81da9686,d8ed89a72
q81da9686,d871e165e
q81f778aa,d81f7797c
q81f778aa,d8ec20654
q81f778aa,d890abdd2
q81f778aa,d82b4220c
q81f778aa,d861f42fa
q81f778aa,d8b6f9994
q81f778aa,d82400930
q81f778aa,d8c5faed4
q81f778aa,d8b710130
q81f778aa,d88387340
q82e4317c,d828e39f2
q82e4317c,d89663ef0
q82e4317c,d8bfe6052
q82e4317c,d8d5a1392
q82e4317c,d8dd01218
q82e4317c,d81559512
q82e4317c,d81a04e72
q82e4317c,d8ae06148
q82e4317c,d8ae06184
q82e4317c,d8889dee2
q845eabea,d8a0158ae
q845eabea,d8d9d0a08
q845eabea,d86e7a89e
q845eabea,d873acb96
q845eabea,d8775a48c
q845eabea,d8be2ad26
q845eabea,d8779f384
q845eabea,d873efe0a
q845eabea,d8bb12b52
q845eabea,d86b5f0c4
q836b9360,d89498e68
q836b9360,d885113e6
q836b9360,d86ada310
q836b9360,d8e01a742
q836b9360,d81a5d66c
q836b9360,d8ae49a4c
q836b9360,d8a7306de
q836b9360,d817f648c
q836b9360,d8af8aa14
q836b9360,d8c6c15a2
q815893ca,d88e61d42
q815893ca,d81589686
q815893ca,d81328f7c
q815893ca,d8f35fb4a
q815893ca,d8996d98e
q815893ca,d8789c5e8
q815893ca,d89b9aa36
q815893ca,d8c1c8c3a
q815893ca,d8cdeb210
q815893ca,d8d1fd402
q8290c910,d88c78d50
q8290c910,d87b59cb8
q8290c910,d888dafea
q8290c910,d8848a472
q8290c910,d8e95de58
q8290c910,d8cbbf6c6
q8290c910,d8120e344
q8290c910,d8a223308
q8290c910,d88e58062
q8290c910,d8b7d5002
q8435886e,d81ad282c
q8435886e,d8cc91a4a
q8435886e,d85f42e26
q8435886e,d8ef9047e
q8435886e,d877c9c42
q8435886e,d869ea540
q8435886e,d8e86753a
q8435886e,d8a626b58
q8435886e,d8ca63b9c
q8435886e,d8dcf1098
q837b54d0,d81180850
q837b54d0,d8f36b9fe
q837b54d0,d8ca743f2
q837b54d0,d8cfb213e
q837b54d0,d85d529cc
q837b54d0,d8de10d8e
q837b54d0,d86b4c1a4
q837b54d0,d87b9bcbc
q837b54d0,d8dd216d0
q837b54d0,d8aa64530
q8580ff64,d860fde14
q8580ff64,d87e41e08
q8580ff64,d8b6f9a34
q8580ff64,d8a3e1b9a
q8580ff64,d87e41db8
q8580ff64,d8f8f8444
q8580ff64,d893fda26
q8580ff64,d8b6a5556
q8580ff64,d8c5400d4
q8580ff64,d8b9c12b2
q81dc665a,d82e4ef72
q81dc665a,d86e7a89e
q81dc665a,d8912badc
q81dc665a,d8e8c64d6
q81dc665a,d8bd316ea
q81dc665a,d8a2ea12e
q81dc665a,d873d5294
q81dc665a,d8be2ad26
q81dc665a,d86b5f0c4
q81dc665a,d86023944
q83d4ede2,d862f08f2
q83d4ede2,d89dd0dbe
q83d4ede2,d8da8a3ae
q83d4ede2,d8dd01100
q83d4ede2,d89aed412
q83d4ede2,d8ef90988
q83d4ede2,d8b000818
q83d4ede2,d8a616b5e
q83d4ede2,d8c3675be
q83d4ede2,d8a5e5a0e
q83e4d1ee,d8a1177de
q83e4d1ee,d8be2ad26
q83e4d1ee,d81ffb9e8
q83e4d1ee,d88f44214
q83e4d1ee,d8ef54c26
q83e4d1ee,d8c5aa1d2
q83e4d1ee,d8177aa80
q83e4d1ee,d8c3f3be0
q83e4d1ee,d88d9aa8a
q83e4d1ee,d8edceb9a
q8159e19e,d8b7f7422
q8159e19e,d870d5f1c
q8159e19e,d86089ba4
q8159e19e,d8be2ad26
q8159e19e,d8b5c2aee
q8159e19e,d8ed317be
q8159e19e,d893b4650
q8159e19e,d8cfc2d54
q8159e19e,d8b6354a4
q8159e19e,d8239fbee
q821d9148,d81694f62
q821d9148,d8cbb1f44
q821d9148,d8e99e5ca
q821d9148,d8b1baa0a
q821d9148,d87817f8c
q821d9148,d894cfe18
q821d9148,d89412e26
q821d9148,d8ba20e42
q821d9148,d827744c2
q821d9148,d8733fec4
q8247de8a,d877f37c2
q8247de8a,d8b2d576e
q8247de8a,d8c00c054
q8247de8a,d894c30dc
q8247de8a,d8724e0ce
q8247de8a,d88dbe52a
q8247de8a,d8e757f64
q8247de8a,d824419da
q8247de8a,d867a36ba
q8247de8a,d83374362
q852a4c64,d8ab28c8c
q852a4c64,d81e688a6
q852a4c64,d82787ad6
q852a4c64,d8d43dab4
q852a4c64,d8aaf86c2
q852a4c64,d8da5bee6
q852a4c64,d881b3456
q852a4c64,d8c6316b4
q852a4c64,d8b69875c
q852a4c64,d8c38ecf4
q84e8101a,d81ee40c8
q84e8101a,d8c28a902
q84e8101a,d824419da
q84e8101a,d894c30dc
q84e8101a,d83374362
q84e8101a,d8ae815aa
q84e8101a,d8afd3b1a
q84e8101a,d8c00c054
q84e8101a,d8abd30d8
q84e8101a,d8b2d576e
q81344b3c,d81329094
q81344b3c,d88975806
q81344b3c,d8d3d33e4
q81344b3c,d8d3d3362
q81344b3c,d837f60d4
q81344b3c,d8932b904
q81344b3c,d81da99ec
q81344b3c,d85f76f64
q81344b3c,d8e79b638
q81344b3c,d885113e6
q85cc7e58,d814d947a
q85cc7e58,d89d890e0
q85cc7e58,d86dbb3cc
q85cc7e58,d86c3bd80
q85cc7e58,d8ed43324
q85cc7e58,d824b7e00
q85cc7e58,d880f107c
q85cc7e58,d87876a6e
q85cc7e58,d8b48dea8
q85cc7e58,d8d64e51a
q84e182f4,d8193ecc2
q84e182f4,d8aae8b96
q84e182f4,d8d3d34d4
q84e182f4,d8e2396e0
q84e182f4,d886e7cce
q84e182f4,d817f6306
q84e182f4,d842c8cfa
q84e182f4,d8e18a2d0
q84e182f4,d8d3e1016
q84e182f4,d8baa67cc
q83cdbf9a,d87843204
q83cdbf9a,d8aacba3c
q83cdbf9a,d83b5a0f4
q83cdbf9a,d8b781e98
q83cdbf9a,d889169f0
q83cdbf9a,d8da9f902
q83cdbf9a,d8e77b090
q83cdbf9a,d8ded88fc
q83cdbf9a,d8b1f13e8
q83cdbf9a,d8ba20d84
q83caeaea,d811dc0c4
q83caeaea,d8239fb62
q83caeaea,d87e6be2e
q83caeaea,d8b34cdc8
q83caeaea,d89e289a6
q83caeaea,d862f087a
q83caeaea,d8df060ea
q83caeaea,d8809f9c0
q83caeaea,d8e4cc006
q83caeaea,d87e6bec4
q843df09e,d8da667ce
q843df09e,d8cadcb32
q843df09e,d86745a1a
q843df09e,d8f8244dc
q843df09e,d873d5294
q843df09e,d825b9a24
q843df09e,d8db94970
q843df09e,d896ed93e
q843df09e,d889757a2
q843df09e,d8d46fc44
q81db3f50,d8c981828
q81db3f50,d8ef7026e
q81db3f50,d89413024
q81db3f50,d8c313112
q81db3f50,d88c1719a
q81db3f50,d89635514
q81db3f50,d8715150e
q81db3f50,d89b31aea
q81db3f50,d8bfb3472
q81db3f50,d8aa644cc
q82c4fd2a,d8908b438
q82c4fd2a,d880b0446
q82c4fd2a,d8bbb8386
q82c4fd2a,d85dd9af8
q82c4fd2a,d88465e9c
q82c4fd2a,d8b78e88c
q82c4fd2a,d8aadb5d6
q82c4fd2a,d8694b710
q82c4fd2a,d8e470ae4
q82c4fd2a,d8b740a9c
q828a58aa,d8ebf3866
q828a58aa,d8f44f7b2
q828a58aa,d8f40b47c
q828a58aa,d88ec564e
q828a58aa,d8ac57680
q828a58aa,d8e0599f6
q828a58aa,d814d947a
q828a58aa,d89629728
q828a58aa,d86261e54
q828a58aa,d8be2ad26
q837a4e78,d8152111c
q837a4e78,d8cea64de
q837a4e78,d87df9888
q837a4e78,d8a103658
q837a4e78,d8f238dde
q837a4e78,d8acffae2
q837a4e78,d89c7a082
q837a4e78,d8f43c3b0
q837a4e78,d872b9c8e
q837a4e78,d8e2758f2
q8441a2de,d8a27a608
q8441a2de,d8f1c990c
q8441a2de,d8799ab0c
q8441a2de,d8cdd4178
q8441a2de,d8d72edfe
q8441a2de,d89e28a82
q8441a2de,d8e91ec12
q8441a2de,d8a3913c0
q8441a2de,d86030cd4
q8441a2de,d8e96bc74
q84d56a96,d8c70843e
q84d56a96,d8f8899d6
q84d56a96,d89d74122
q84d56a96,d87559110
q84d56a96,d88d9ab7a
q84d56a96,d866e50f2
q84d56a96,d8a2e98c8
q84d56a96,d89420846
q84d56a96,d88a37aaa
q84d56a96,d87809afe
q85b3b076,d813a4104
q85b3b076,d862f0a82
q85b3b076,d8b34cdc8
q85b3b076,d88d47b96
q85b3b076,d862f0a46
q85b3b076,d8239fb62
q85b3b076,d8809f9c0
q85b3b076,d897d09f0
q85b3b076,d831eadca
q85b3b076,d862f087a
q817f6202,d82e92858
q817f6202,d86b3c4de
q817f6202,d8888e17c
q817f6202,d80f19972
q817f6202,d88975856
q817f6202,d8445e56a
q817f6202,d870a7798
q817f6202,d8b34cea4
q817f6202,d8932b904
q817f6202,d8b8a5a54
q83c7a90c,d8bc6e46a
q83c7a90c,d8e541c66
q83c7a90c,d8b3e3192
q83c7a90c,d880bf090
q83c7a90c,d8ea6a08a
q83c7a90c,d89bb4daa
q83c7a90c,d810fb466
q83c7a90c,d8232f1aa
q83c7a90c,d8f8055aa
q83c7a90c,d860c5168
q8241c7b6,d8f5d5c76
q8241c7b6,d87f6f30c
q8241c7b6,d861f40b6
q8241c7b6,d863aba12
q8241c7b6,d8ced764c
q8241c7b6,d8c13b4ac
q8241c7b6,d88e4a692
q8241c7b6,d81b7d772
q8241c7b6,d8d5af3c0
q8241c7b6,d8f66c950
q81b8fb70,d8775a568
q81b8fb70,d87ef3fcc
q81b8fb70,d8863d1a2
q81b8fb70,d87f5cb94
q81b8fb70,d899f1c34
q81b8fb70,d8c8d078a
q81b8fb70,d87b8cc80
q81b8fb70,d8c7c0534
q81b8fb70,d8e5fd81c
q81b8fb70,d8acf027c
q8542325c,d8d3e0e90
q8542325c,d89985e4e
q8542325c,d812c0d78
q8542325c,d877f3768
q8542325c,d8192290a
q8542325c,d88a710a2
q8542325c,d8c7d2a18
q8542325c,d8d07385c
q8542325c,d86fcfe9c
q8542325c,d8201bb30
q835b5ee6,d8afd3a84
q835b5ee6,d8d54204a
q835b5ee6,d81c092ae
q835b5ee6,d8c5c0c02
q835b5ee6,d8a9cb434
q835b5ee6,d8777edb4
q835b5ee6,d894c30dc
q835b5ee6,d8a3e1b9a
q835b5ee6,d87fc1d1e
q835b5ee6,d86731b32
q81439f7e,d8e350e8e
q81439f7e,d8e51ccfe
q81439f7e,d86fac618
q81439f7e,d8b5f3e32
q81439f7e,d869ea4dc
q81439f7e,d873d5294
q81439f7e,d8f889918
q81439f7e,d8c5aa1d2
q81439f7e,d8edceb9a
q81439f7e,d8ae624b6
q838d6486,d8bf90de6
q838d6486,d86745a1a
q838d6486,d8c30527e
q838d6486,d87528cfe
q838d6486,d8cf63fc0
q838d6486,d896d2e86
q838d6486,d8a0a31cc
q838d6486,d838d6698
q838d6486,d8cef8324
q838d6486,d86261d96
q834d2524,d8156667c
q834d2524,d8c849834
q834d2524,d8d0d51a6
q834d2524,d8f4e0f96
q834d2524,d8ac40fd4
q834d2524,d8aa0443c
q834d2524,d86eac52e
q834d2524,d8a216464
q834d2524,d8181896a
q834d2524,d86a8762e
q8277c280,d873acbf0
q8277c280,d8cdd4178
q8277c280,d8614a732
q8277c280,d8741987c
q8277c280,d8cebf056
q8277c280,d8d6989e4
q8277c280,d8cbbf5ae
q8277c280,d8b9c12b2
q8277c280,d8ecca230
q8277c280,d8223559c
q828e37cc,d89663d24
q828e37cc,d828e3b82
q828e37cc,d8ea378a6
q828e37cc,d8ad978e2
q828e37cc,d88afa64a
q828e37cc,d895325cc
q828e37cc,d8c2c6e66
q828e37cc,d8d4d279a
q828e37cc,d8203ffd0
q828e37cc,d89ad1a00
q832dd8e0,d8777edb4
q832dd8e0,d81332ff4
q832dd8e0,d8abd3150
q832dd8e0,d8c00c054
q832dd8e0,d8606f3bc
q832dd8e0,d8c9e1e26
q832dd8e0,d8124326a
q832dd8e0,d83374362
q832dd8e0,d867a36ba
q832dd8e0,d896ad30c
q83576886,d82f20c66
q83576886,d8d4905b6
q83576886,d8d46fc44
q83576886,d8d3624aa
q83576886,d8e3eb88a
q83576886,d8746a57e
q83576886,d88ec55a4
q83576886,d882e5784
q83576886,d8e0b4d24
q83576886,d8954de94
q85a20326,d8a626afe
q85a20326,d8ded0166
q85a20326,d826041e6
q85a20326,d8da9f600
q85a20326,d89d22cb4
q85a20326,d87bfca76
q85a20326,d8f6ea2b0
q85a20326,d88d78be2
q85a20326,d8ee8cf64
q85a20326,d87fdd640
q83affb90,d899ac2a6
q83affb90,d87e2e592
q83affb90,d8c64e89a
q83affb90,d89fd9764
q83affb90,d8dfd4f3a
q83affb90,d8f536cd4
q83affb90,d815e5c7e
q83affb90,d8ca03418
q83affb90,d87e7dfe8
q83affb90,d8624905c
q848cf432,d81cc5c06
q848cf432,d8b1ea386
q848cf432,d86e0de10
q848cf432,d889e4cf6
q848cf432,d8ea8bcd0
q848cf432,d8e64bb20
q848cf432,d8b68d5fa
q848cf432,d818a3a10
q848cf432,d85f2a150
q848cf432,d8b024a4c
q8187d4c8,d8880226c
q8187d4c8,d80ee27b0
q8187d4c8,d8e316d06
q8187d4c8,d89ca887e
q8187d4c8,d8f238bb8
q8187d4c8,d87e7dfe8
q8187d4c8,d87397ef8
q8187d4c8,d872e41f0
q8187d4c8,d8b55238e
q8187d4c8,d8b66f3e8
q837f5ea4,d837f60d4
q837f5ea4,d8df83a0e
q837f5ea4,d89cb9c0a
q837f5ea4,d85de8c9c
q837f5ea4,d8b378806
q837f5ea4,d867e1424
q837f5ea4,d81329094
q837f5ea4,d8d0596aa
q837f5ea4,d88975806
q837f5ea4,d8ebf3866
q82852614,d8e5e583e
q82852614,d8f5d5b72
q82852614,d8d5dd70c
q82852614,d8c2352cc
q82852614,d81f2e70e
q82852614,d8af42b38
q82852614,d88ef2680
q82852614,d8dd01100
q82852614,d8e56c36c
q82852614,d8b477cca
q82bca3be,d8ce91e6c
q82bca3be,d829d9b5e
q82bca3be,d8c3675be
q82bca3be,d814a3a0a
q82bca3be,d8e4aa564
q82bca3be,d870a7798
q82bca3be,d8ab7e9c0
q82bca3be,d89774a9c
q82bca3be,d8a5e5a0e
q82bca3be,d87abda52
q8327a402,d8973c26e
q8327a402,d8f44f76c
q8327a402,d87befcd6
q8327a402,d8d3fbc40
q8327a402,d8cf47348
q8327a402,d888ccbca
q8327a402,d873d5294
q8327a402,d8be2ad26
q8327a402,d8d3fbc9a
q8327a402,d825b9a24
q84404592,d8126d164
q84404592,d8855245e
q84404592,d889757a2
q84404592,d85fb460c
q84404592,d81452222
q84404592,d81a4d4e2
q84404592,d88bf522a
q84404592,d869a2862
q84404592,d86617468
q84404592,d866e523c
q83b66782,d815f4936
q83b66782,d87adb1ba
q83b66782,d86e7a89e
q83b66782,d8db0b1d4
q83b66782,d8d038f4a
q83b66782,d88791c74
q83b66782,d886784be
q83b66782,d89a9ce54
q83b66782,d8160f3b2
q83b66782,d8a488648
q851ab862,d8ce5486e
q851ab862,d8aa2d9e0
q851ab862,d8c692b08
q851ab862,d8c59d644
q851ab862,d8177aa80
q851ab862,d8ef26d76
q851ab862,d8e8c64d6
q851ab862,d8bc5c210
q851ab862,d8912badc
q851ab862,d86b5f0c4
q8376846e,d87e7dfe8
q8376846e,d8ef0c534
q8376846e,d8ef0c4c6
q8376846e,d86d31078
q8376846e,d88d9aaf8
q8376846e,d8dbcea4e
q8376846e,d8aff4fc2
q8376846e,d87397ef8
q8376846e,d8e162276
q8376846e,d8bffd0e0
q836db4e2,d874fa07a
q836db4e2,d8a796a7e
q836db4e2,d893094c6
q836db4e2,d86c770ce
q836db4e2,d8cd348e4
q836db4e2,d81128434
q836db4e2,d8f6b5bb4
q836db4e2,d871f3354
q836db4e2,d86fac3e8
q836db4e2,d8c06caee
q81e74066,d89bd489e
q81e74066,d888f5782
q81e74066,d89028824
q81e74066,d869890b0
q81e74066,d8dd135ee
q81e74066,d8abfd25c
q81e74066,d8e14a02c
q81e74066,d8dd5582c
q81e74066,d8da8a282
q81e74066,d8b1baa0a
q82b17a0c,d8724e0ce
q82b17a0c,d8e90caa8
q82b17a0c,d8ec72e04
q82b17a0c,d87c97c9c
q82b17a0c,d8614a732
q82b17a0c,d8e757f64
q82b17a0c,d894c30dc
q82b17a0c,d8649596e
q82b17a0c,d8bb01c4e
q82b17a0c,d884c6c10
q85a157e6,d88bf522a
q85a157e6,d8c408374
q85a157e6,d8ca63caa
q85a157e6,d8903847c
q85a157e6,d88bf532e
q85a157e6,d8ad8a444
q85a157e6,d89f60c42
q85a157e6,d87397c14
q85a157e6,d8619f854
q85a157e6,d87f3c4ca
q8319c9cc,d877720c8
q8319c9cc,d8bf90bfc
q8319c9cc,d8dd6ab28
q8319c9cc,d8267f210
q8319c9cc,d86f5c884
q8319c9cc,d89504adc
q8319c9cc,d873d5294
q8319c9cc,d85da422c
q8319c9cc,d8bcf62f2
q8319c9cc,d8d27b352
q84d7866e,d824b7d7e
q84d7866e,d8f5e014e
q84d7866e,d8889dd48
q84d7866e,d88fe4e26
q84d7866e,d887d2b66
q84d7866e,d8acd376c
q84d7866e,d87c97cf6
q84d7866e,d8f72f0e0
q84d7866e,d85e0b4cc
q84d7866e,d8a223308
q849f8d68,d89504adc
q849f8d68,d8785f166
q849f8d68,d829d9a78
q849f8d68,d8785f1f2
q849f8d68,d86f5c884
q849f8d68,d89899120
q849f8d68,d8bb01bb8
q849f8d68,d81dfb3aa
q849f8d68,d8dbe58e8
q849f8d68,d899b62b0
q82afa40c,d8f094758
q82afa40c,d8dacbdae
q82afa40c,d8ca884d8
q82afa40c,d8f29f732
q82afa40c,d87809b94
q82afa40c,d8b6dda46
q82afa40c,d8695f904
q82afa40c,d89bb4daa
q82afa40c,d89ad1a00
q82afa40c,d815e5b7a
q83dc33e0,d837f60d4
q83dc33e0,d88791ec2
q83dc33e0,d81329094
q83dc33e0,d88975806
q83dc33e0,d885114f4
q83dc33e0,d8a223380
q83dc33e0,d85de8c9c
q83dc33e0,d831eaf0a
q83dc33e0,d8b378806
q83dc33e0,d8ebf3866
q80f34920,d873acb96
q80f34920,d87d2d9fe
q80f34920,d888b5b50
q80f34920,d885112f6
q80f34920,d8e7d76a6
q80f34920,d8c8acd30
q80f34920,d81bc4cbc
q80f34920,d828cab46
q80f34920,d88877580
q80f34920,d8e18a424
q85ce788e,d81cd677c
q85ce788e,d88908fda
q85ce788e,d81cd672c
q85ce788e,d8833c03e
q85ce788e,d87d8104a
q85ce788e,d8cbb2052
q85ce788e,d8e2645b6
q85ce788e,d8c0c0680
q85ce788e,d8f36ba76
q85ce788e,d8ac0cb08
q8160538a,d8140c1d2
q8160538a,d812cfc10
q8160538a,d871193d4
q8160538a,d89d0af88
q8160538a,d83374362
q8160538a,d8e29de60
q8160538a,d8e49359e
q8160538a,d8f8aa802
q8160538a,d89635514
q8160538a,d81c799fa
q83b9f24e,d83b9f406
q83b9f24e,d8cc9dfc0
q83b9f24e,d813ebc5c
q83b9f24e,d8d45d030
q83b9f24e,d879e42e8
q83b9f24e,d88d47c4a
q83b9f24e,d85e0b602
q83b9f24e,d8959cdc8
q83b9f24e,d8ae712d6
q83b9f24e,d89337c0e
q8239f9dc,d8de10d8e
q8239f9dc,d87843204
q8239f9dc,d8ded88fc
q8239f9dc,d8bc1746c
q8239f9dc,d889169f0
q8239f9dc,d8b96318a
q8239f9dc,d87acf130
q8239f9dc,d8f21a834
q8239f9dc,d87b9bcbc
q8239f9dc,d894cfda0
q82da7740,d82c60742
q82da7740,d87c6540e
q82da7740,d86400cb0
q82da7740,d86a04616
q82da7740,d87db6da8
q82da7740,d8ea5b13e
q82da7740,d8da469d8
q82da7740,d8a89eb4c
q82da7740,d8a8e996c
q82da7740,d8e0085ec
q85924a12,d86eeb36e
q85924a12,d8606f3bc
q85924a12,d8a0c9430
q85924a12,d8ec685c6
q85924a12,d812326ea
q85924a12,d8b4b947c
q85924a12,d86617314
q85924a12,d869dcc1a
q85924a12,d8927fb9a
q85924a12,d89b8a23a
q855bb718,d8373b1b2
q855bb718,d8b68d56e
q855bb718,d816cabc6
q855bb718,d897e4450
q855bb718,d8e0b4e3c
q855bb718,d86356184
q855bb718,d81642b9a
q855bb718,d8ebf3866
q855bb718,d874df77a
q855bb718,d86f0e8aa
q8130c3ea,d89635438
q8130c3ea,d8e3d6a48
q8130c3ea,d8b024b5a
q8130c3ea,d8a488648
q8130c3ea,d8f6b5b3c
q8130c3ea,d8191002a
q8130c3ea,d8ea20ebc
q8130c3ea,d8c5400d4
q8130c3ea,d8f748478
q8130c3ea,d86bc2976
q82c08bfa,d862150d6
q82c08bfa,d85d722b8
q82c08bfa,d81a4d3d4
q82c08bfa,d8b4b0674
q82c08bfa,d8267f2e2
q82c08bfa,d8126d164
q82c08bfa,d8cdd4178
q82c08bfa,d8d46fc44
q82c08bfa,d8df513ba
q82c08bfa,d8184fdfc
q82834aba,d8c5aa2cc
q82834aba,d814d93bc
q82834aba,d8d20b8b8
q82834aba,d8ee8cfe6
q82834aba,d86dbb3cc
q82834aba,d86dabb66
q82834aba,d8cf927d0
q82834aba,d8a3913c0
q82834aba,d8cd34a38
q82834aba,d879e4356
q82e700dc,d8e599b00
q82e700dc,d86e0dd20
q82e700dc,d8ac92ec4
q82e700dc,d8e134510
q82e700dc,d8b4c192e
q82e700dc,d8e5999e8
q82e700dc,d8a95fe28
q82e700dc,d8d1eac30
q82e700dc,d89a256f6
q82e700dc,d8cc91a9a
q84aa0324,d8b4f54e0
q84aa0324,d8185cc32
q84aa0324,d8bac1d10
q84aa0324,d8b9db23e
q84aa0324,d873cd404
q84aa0324,d8cff5182
q84aa0324,d86ca166c
q84aa0324,d872e4146
q84aa0324,d826da890
q84aa0324,d8e02c94c
q81e2083a,d8e435f98
q81e2083a,d8c5aa2cc
q81e2083a,d86b5f308
q81e2083a,d87e2e5ce
q81e2083a,d8dc7b00a
q81e2083a,d8ef0c4c6
q81e2083a,d87151586
q81e2083a,d8ee8cfe6
q81e2083a,d879e4356
q81e2083a,d875671b6
q830ab982,d8d91e3f8
q830ab982,d8af97340
q830ab982,d8f5fa986
q830ab982,d89710db2
q830ab982,d882f9ee6
q830ab982,d8da667ce
q830ab982,d887d2bfc
q830ab982,d8d3032e8
q830ab982,d8cd0c646
q830ab982,d8aab41de
q8555209c,d8f49187e
q8555209c,d890abdd2
q8555209c,d82400930
q8555209c,d8863d148
q8555209c,d8d5bdce0
q8555209c,d82a93dba
q8555209c,d8b19efee
q8555209c,d85e7988c
q8555209c,d8b710130
q8555209c,d8d0e7c16
q8238d340,d81128434
q8238d340,d86c770ce
q8238d340,d893094c6
q8238d340,d8a796a7e
q8238d340,d86287370
q8238d340,d8ac40fd4
q8238d340,d8f6b5bb4
q8238d340,d893d3622
q8238d340,d8e4da7d2
q8238d340,d8b51fb96
q8309ecd2,d86b7c1a6
q8309ecd2,d889d03fa
q8309ecd2,d8f8389e6
q8309ecd2,d8bfe6052
q8309ecd2,d8f91441e
q8309ecd2,d813cd298
q8309ecd2,d87ccfda4
q8309ecd2,d8d2b2d84
q8309ecd2,d8d4984be
q8309ecd2,d8736bba0
q82954f30,d8aff4fc2
q82954f30,d8794db5e
q82954f30,d87397ef8
q82954f30,d8e316d06
q82954f30,d80ee27b0
q82954f30,d872e41f0
q82954f30,d8ab7ebbe
q82954f30,d886e7dbe
q82954f30,d8e09d250
q82954f30,d8e162276
q82614f00,d8ef0c534
q82614f00,d8e2b4b60
q82614f00,d87b4de2c
q82614f00,d86c66670
q82614f00,d814a3a0a
q82614f00,d86f0e92c
q82614f00,d8be9babc
q82614f00,d8adf5e6a
q82614f00,d826da890
q82614f00,d8c95a548
q82def450,d82def72a
q82def450,d8cea64de
q82def450,d8c5e0480
q82def450,d8ad23a3c
q82def450,d89028824
q82def450,d889e4db4
q82def450,d8700527c
q82def450,d81c799fa
q82def450,d8ba5aae8
q82def450,d8152111c
q8112818c,d8822dba2
q8112818c,d8775a568
q8112818c,d8aea74da
q8112818c,d8cfea1ce
q8112818c,d8c528466
q8112818c,d8c5401b0
q8112818c,d870a7824
q8112818c,d8a51080e
q8112818c,d874df6f8
q8112818c,d82b42036
q81baf628,d8ef0c4c6
q81baf628,d89ed6308
q81baf628,d8df5fef6
q81baf628,d8a35567c
q81baf628,d88ec55a4
q81baf628,d8f8055aa
q81baf628,d82267aec
q81baf628,d815dd894
q81baf628,d879794d4
q81baf628,d8777edb4
q83818904,d82787b30
q83818904,d8da14992
q83818904,d8b06e318
q83818904,d87c97d64
q83818904,d86e7a89e
q83818904,d87adb1ba
q83818904,d8b16dee4
q83818904,d860c5168
q83818904,d8d8c1504
q83818904,d8ba20e42
q82ca7a16,d8e586726
q82ca7a16,d88940b74
q82ca7a16,d89635438
q82ca7a16,d8df14d2a
q82ca7a16,d81392eae
q82ca7a16,d8d4d279a
q82ca7a16,d87c1d5d2
q82ca7a16,d82729b34
q82ca7a16,d8b7c2e20
q82ca7a16,d8e3bfd0c
q835e1cda,d8b68d6fe
q835e1cda,d8f508f28
q835e1cda,d82a3a666
q835e1cda,d824fce4c
q835e1cda,d870f47fa
q835e1cda,d8e39a386
q835e1cda,d898ef16a
q835e1cda,d8f46fab2
q835e1cda,d815dd894
q835e1cda,d86f3d9fc
q82806e08,d8a08687e
q82806e08,d8cc34124
q82806e08,d87479790
q82806e08,d8b06e318
q82806e08,d8f70d54e
q82806e08,d8d65f46e
q82806e08,d8df83a0e
q82806e08,d867e1424
q82806e08,d873d5294
q82806e08,d8dfc2a7e
q842f82de,d8d97bef4
q842f82de,d8bfb33b4
q842f82de,d86c04b96
q842f82de,d8f5e022a
q842f82de,d8a0a329e
q842f82de,d89348a7c
q842f82de,d88852276
q842f82de,d893fda26
q842f82de,d88cdb522
q842f82de,d8a6e7038
q831774ce,d876fa082
q831774ce,d86d4d87c
q831774ce,d8f5489f2
q831774ce,d8327a74a
q831774ce,d8e8a65c8
q831774ce,d86feb692
q831774ce,d8ad23a3c
q831774ce,d8f43c3b0
q831774ce,d8beec4f8
q831774ce,d89eaf528
q846a7bb4,d89ad1a00
q846a7bb4,d8f29f732
q846a7bb4,d8cfa9c28
q846a7bb4,d8b6dda46
q846a7bb4,d8f31013a
q846a7bb4,d8366a4b8
q846a7bb4,d8c08e9aa
q846a7bb4,d88212b5e
q846a7bb4,d89ad194c
q846a7bb4,d8dacbdae
q844c5b20,d8e879730
q844c5b20,d82ba7170
q844c5b20,d8c2352cc
q844c5b20,d8c397df4
q844c5b20,d8a925b1a
q844c5b20,d8bbb8386
q844c5b20,d8acff9c0
q844c5b20,d8a5c00d8
q844c5b20,d8c6e8f4e
q844c5b20,d8cfa9c28
q81a6aea2,d81a6af56
q81a6aea2,d8ccee808
q81a6aea2,d8da14992
q81a6aea2,d8e41ac8e
q81a6aea2,d869a2862
q81a6aea2,d85fb460c
q81a6aea2,d866053bc
q81a6aea2,d81a6afce
q81a6aea2,d8f9144b4
q81a6aea2,d88ad95da
q8557bdf2,d88e7c8a4
q8557bdf2,d8c2e4402
q8557bdf2,d8277463e
q8557bdf2,d8da8a3ae
q8557bdf2,d8771f0ee
q8557bdf2,d8bef670a
q8557bdf2,d86f5c8e8
q8557bdf2,d8ab7e902
q8557bdf2,d8115b2c6
q8557bdf2,d8e82ff9a
q85cbaa32,d838d6698
q85cbaa32,d8c23539e
q85cbaa32,d86c04ce0
q85cbaa32,d8e99e4a8
q85cbaa32,d892f2636
q85cbaa32,d8a813a56
q85cbaa32,d87817fe6
q85cbaa32,d896d2e86
q85cbaa32,d8e77b1a8
q85cbaa32,d884a1528
q852b7a62,d80f0a8e6
q852b7a62,d80f0aa58
q852b7a62,d8bae4ffe
q852b7a62,d8c05c158
q852b7a62,d895ad09c
q852b7a62,d87abda52
q852b7a62,d8e579fda
q852b7a62,d87809afe
q852b7a62,d8894d478
q852b7a62,d8ef39610
q81a04d64,d8823b360
q81a04d64,d862d1d4e
q81a04d64,d8823b2f2
q81a04d64,d8c9cf758
q81a04d64,d8e16fee4
q81a04d64,d85f42ffc
q81a04d64,d80ed4ec6
q81a04d64,d86efa9c2
q81a04d64,d89bf23bc
q81a04d64,d8f26f62c
q8594e628,d86a5070a
q8594e628,d8e8eef12
q8594e628,d8df5ff96
q8594e628,d891c6e56
q8594e628,d8125cce2
q8594e628,d8e211884
q8594e628,d86fcfd5c
q8594e628,d8192290a
q8594e628,d82bd9f08
q8594e628,d8b5fc17c
q857834c4,d85173926
q857834c4,d8ab97a4c
q857834c4,d8c9a7816
q857834c4,d8b0129a0
q857834c4,d89dea9c6
q857834c4,d8caaea2a
q857834c4,d85e0b602
q857834c4,d8b4b954e
q857834c4,d8b901cc8
q857834c4,d8c04e6f2
q8279f0a0,d8ea5b13e
q8279f0a0,d86023a66
q8279f0a0,d86338094
q8279f0a0,d8ee11ce2
q8279f0a0,d8f44f76c
q8279f0a0,d8177aa1c
q8279f0a0,d82c60742
q8279f0a0,d87b64280
q8279f0a0,d8a8e996c
q8279f0a0,d8d34d88e
q8299c632,d89504b2c
q8299c632,d86f5c974
q8299c632,d87adb16a
q8299c632,d8e13459c
q8299c632,d8c3f3a28
q8299c632,d87fdd640
q8299c632,d87a98702
q8299c632,d88d78be2
q8299c632,d8f536cd4
q8299c632,d896c4606
q82e4ee32,d8caae8c2
q82e4ee32,d8ab4af9e
q82e4ee32,d8bac1d10
q82e4ee32,d88116bf6
q82e4ee32,d8d698ade
q82e4ee32,d8bb341bc
q82e4ee32,d89926250
q82e4ee32,d8a411d90
q82e4ee32,d89504c4e
q82e4ee32,d8dfe97c8
q81ad2480,d8247e06a
q81ad2480,d882f9ee6
q81ad2480,d8130c78c
q81ad2480,d8be2ad26
q81ad2480,d82267aec
q81ad2480,d8ae2da90
q81ad2480,d8d2328f0
q81ad2480,d8be615c4
q81ad2480,d87e56cae
q81ad2480,d88a11dc8
q817bbdbe,d8b54696c
q817bbdbe,d817bc0a2
q817bbdbe,d8b546926
q817bbdbe,d8e4936fc
q817bbdbe,d861c8bdc
q817bbdbe,d8642a416
q817bbdbe,d86a78890
q817bbdbe,d8364bcd4
q817bbdbe,d894a3be2
q817bbdbe,d8cebf088
q831be112,d810b77fc
q831be112,d816dc65a
q831be112,d8e3d6a48
q831be112,d8642a358
q831be112,d89f86aa0
q831be112,d8b06e264
q831be112,d8acc08c4
q831be112,d8dd8d3f8
q831be112,d87ab1964
q831be112,d87817fe6
q827f3af6,d8e29e072
q827f3af6,d894f00be
q827f3af6,d8843b0b6
q827f3af6,d8e2cfa6e
q827f3af6,d88d9aa1c
q827f3af6,d8d5fef38
q827f3af6,d87b3591c
q827f3af6,d88a93404
q827f3af6,d8f889846
q827f3af6,d8d09a358
q81f01e20,d8a7dd06e
q81f01e20,d8ef48ffc
q81f01e20,d827ba792
q81f01e20,d8d4d279a
q81f01e20,d8e01a742
q81f01e20,d8ee543b2
q81f01e20,d8b7c2e20
q81f01e20,d86b2243a
q81f01e20,d8dd133e6
q81f01e20,d8f1b610e
q85a830f2,d894f010e
q85a830f2,d8ae2da90
q85a830f2,d81e7a466
q85a830f2,d89abe2ca
q85a830f2,d86439d08
q85a830f2,d891db1f8
q85a830f2,d8bcf62f2
q85a830f2,d890abdd2
q85a830f2,d887d2bfc
q85a830f2,d8a411d90
q81328eaa,d88e6be8c
q81328eaa,d88975806
q81328eaa,d88975856
q81328eaa,d837f60d4
q81328eaa,d8e605f9e
q81328eaa,d81a5d6d0
q81328eaa,d8b6a56a0
q81328eaa,d81537412
q81328eaa,d885114f4
q81328eaa,d81329094
q83406528,d8a854452
q83406528,d88362c02
q83406528,d8e5a96cc
q83406528,d881638e8
q83406528,d8d62ff20
q83406528,d867a3714
q83406528,d8d930bb6
q83406528,d8c00c0c2
q83406528,d880d3bee
q83406528,d8c504c32
q81ffb65a,d8a751ec4
q81ffb65a,d896d2e86
q81ffb65a,d86261d96
q81ffb65a,d8b3b77b8
q81ffb65a,d8c8c188e
q81ffb65a,d8d3127de
q81ffb65a,d8bf90de6
q81ffb65a,d884a1528
q81ffb65a,d8b657428
q81ffb65a,d893b4650
q813a3eca,d88d47b96
q813a3eca,d8b34cdc8
q813a3eca,d8809f9c0
q813a3eca,d897d09f0
q813a3eca,d831eadca
q813a3eca,d8df72a10
q813a3eca,d862f0a46
q813a3eca,d8239fb62
q813a3eca,d81f2e754
q813a3eca,d8684b856
q81b7d362,d8b4b048a
q81b7d362,d873fec2a
q81b7d362,d8a4fc0c0
q81b7d362,d8ae815aa
q81b7d362,d88d9ab7a
q81b7d362,d8d2b2ee2
q81b7d362,d87559110
q81b7d362,d8b2d576e
q81b7d362,d8ca88370
q81b7d362,d8a73efea
q84c48bea,d8666bb44
q84c48bea,d8aacbaaa
q84c48bea,d81452196
q84c48bea,d8b4f5576
q84c48bea,d8f1fec92
q84c48bea,d8b10a6a0
q84c48bea,d81486cd4
q84c48bea,d8bad3e52
q84c48bea,d8e7d7624
q84c48bea,d87078902
q83e62fc6,d8977495c
q83e62fc6,d81cc5a80
q83e62fc6,d829d9b5e
q83e62fc6,d81cc5b7a
q83e62fc6,d8ce91e6c
q83e62fc6,d8d624954
q83e62fc6,d863ab7ce
q83e62fc6,d829d9bae
q83e62fc6,d8e34404e
q83e62fc6,d8977490c
q8496d89e,d8d609cc6
q8496d89e,d87adb1ba
q8496d89e,d86e7a89e
q8496d89e,d8e2dc87c
q8496d89e,d8a58d1b0
q8496d89e,d87fae0ac
q8496d89e,d864d2044
q8496d89e,d89793f64
q8496d89e,d88791c74
q8496d89e,d8184fece
q81fb02cc,d81cd677c
q81fb02cc,d81cd672c
q81fb02cc,d8cbb2052
q81fb02cc,d825e6b96
q81fb02cc,d87dc6960
q81fb02cc,d825e6b32
q81fb02cc,d8ac0cb08
q81fb02cc,d8f38c2e4
q81fb02cc,d886a0fd6
q81fb02cc,d8e4ea592
q81e13324,d818bcd58
q81e13324,d87fed8b0
q81e13324,d8177aaf8
q81e13324,d876af55a
q81e13324,d869b4d32
q81e13324,d8924d550
q81e13324,d8af6935a
q81e13324,d8bc6e4e2
q81e13324,d896b9eae
q81e13324,d8b3e3192
q8135b094,d8a3e1b9a
q8135b094,d87e41e08
q8135b094,d8d3c5654
q8135b094,d8994804e
q8135b094,d8afd3a84
q8135b094,d8200a768
q8135b094,d8f8f8444
q8135b094,d893fda26
q8135b094,d82441c8c
q8135b094,d860fde14
q81621f8a,d88791c74
q81621f8a,d8ebf38c0
q81621f8a,d8646eb84
q81621f8a,d816223ea
q81621f8a,d8d39c970
q81621f8a,d8abbd9a4
q81621f8a,d88dbe5de
q81621f8a,d89151b74
q81621f8a,d8f6ea332
q81621f8a,d86b4c24e
q84e0b432,d8ea5b13e
q84e0b432,d89c3825e
q84e0b432,d891980e2
q84e0b432,d88791ec2
q84e0b432,d87e20550
q84e0b432,d861e3a54
q84e0b432,d8a8e996c
q84e0b432,d86c4ff10
q84e0b432,d89bd4844
q84e0b432,d8d99831a
q846bd810,d86dbb3cc
q846bd810,d8c5aa2cc
q846bd810,d814d93bc
q846bd810,d874e9766
q846bd810,d8dc58bb8
q846bd810,d8a3913c0
q846bd810,d8ee8cfe6
q846bd810,d8d77291e
q846bd810,d8cd34a38
q846bd810,d8145f1de
q83064186,d89d740d2
q83064186,d8292c544
q83064186,d8e65dd34
q83064186,d878829ae
q83064186,d8843b1ec
q83064186,d86052082
q83064186,d87a7e35c
q83064186,d8f86df6a
q83064186,d8ad978e2
q83064186,d89d5bad2
q84f7717c,d88a37c3a
q84f7717c,d8aaf867c
q84f7717c,d8a0bcec4
q84f7717c,d8d83b594
q84f7717c,d87c45258
q84f7717c,d88212b04
q84f7717c,d89382114
q84f7717c,d89ed642a
q84f7717c,d8961a458
q84f7717c,d88387340
q83deb16a,d89b24318
q83deb16a,d842dcf34
q83deb16a,d88ac73bc
q83deb16a,d8f458ee8
q83deb16a,d872c7294
q83deb16a,d8ea4e09c
q83deb16a,d8a6068bc
q83deb16a,d8df6000e
q83deb16a,d893747e4
q83deb16a,d89bd4844
q81b48752,d81b48892
q81b48752,d8a8623a4
q81b48752,d8bf90de6
q81b48752,d8dd7a7bc
q81b48752,d8b012ac2
q81b48752,d828a5b34
q81b48752,d8c75e258
q81b48752,d870a7798
q81b48752,d8160f312
q81b48752,d88143638
q858f9b64,d8a27a6d0
q858f9b64,d819070a6
q858f9b64,d86d4d87c
q858f9b64,d876fa082
q858f9b64,d8609ee82
q858f9b64,d86d88d50
q858f9b64,d8bf0d680
q858f9b64,d8ba12cac
q858f9b64,d89bb4e18
q858f9b64,d8bf0d5fe
q85627260,d8988f558
q85627260,d8ee05b40
q85627260,d8e4cc056
q85627260,d8c259118
q85627260,d8b642e38
q85627260,d884c6d1e
q85627260,d86826402
q85627260,d86e8e218
q85627260,d89f40956
q85627260,d89e1e78a
q81c6c3c2,d8e605f9e
q81c6c3c2,d88975806
q81c6c3c2,d837f60d4
q81c6c3c2,d88e6be8c
q81c6c3c2,d81a5d6d0
q81c6c3c2,d8b6a56a0
q81c6c3c2,d885114f4
q81c6c3c2,d8d3d3362
q81c6c3c2,d8d3d33e4
q81c6c3c2,d81329094
q85b2aaf0,d8327a81c
q85b2aaf0,d870c58e2
q85b2aaf0,d8823b1a8
q85b2aaf0,d81f77ad0
q85b2aaf0,d8f1eecac
q85b2aaf0,d8c210e72
q85b2aaf0,d8ec03dec
q85b2aaf0,d886e7cce
q85b2aaf0,d89ad1a00
q85b2aaf0,d8e02cab4
q83630e34,d815b556a
q83630e34,d87c3b0aa
q83630e34,d8863d1a2
q83630e34,d8def8148
q83630e34,d8ab69052
q83630e34,d8bae4ffe
q83630e34,d89337cc2
q83630e34,d87b59cb8
q83630e34,d8af9db64
q83630e34,d86389e1c
q82a8646c,d8c5e0304
q82a8646c,d8223560a
q82a8646c,d8b6a5556
q82a8646c,d87abd8fe
q82a8646c,d8c54020a
q82a8646c,d8d44bef2
q82a8646c,d87fae2dc
q82a8646c,d8da668a0
q82a8646c,d86979160
q82a8646c,d8712c5ce
q830e4cb4,d8b7f7224
q830e4cb4,d8d2c9cdc
q830e4cb4,d8af9737c
q830e4cb4,d82441ab6
q830e4cb4,d88caa53a
q830e4cb4,d8ed623fa
q830e4cb4,d87397cc8
q830e4cb4,d869b4cb0
q830e4cb4,d8cf80c6a
q830e4cb4,d8ee9989a
q8137ea08,d889169f0
q8137ea08,d8da9f902
q8137ea08,d842dcd9a
q8137ea08,d86400de6
q8137ea08,d8aacba3c
q8137ea08,d8c5949cc
q8137ea08,d86aa3dba
q8137ea08,d8a0f7ab0
q8137ea08,d8d064910
q8137ea08,d8ba20d84
q85601100,d8836bee2
q85601100,d8ce2f4d8
q85601100,d873efd9c
q85601100,d8f536cd4
q85601100,d8145f238
q85601100,d8c75e398
q85601100,d87c0c0e8
q85601100,d8bdc4eb8
q85601100,d87434d0c
q85601100,d87de6e90
q852613f6,d88e6bf36
q852613f6,d8b804eba
q852613f6,d8b20367e
q852613f6,d814c1370
q852613f6,d8b1d27d6
q852613f6,d88a7a486
q852613f6,d86b05a60
q852613f6,d8ebf38c0
q852613f6,d86b5f1b4
q852613f6,d8de10d8e
q8292c274,d8292c3fa
q8292c274,d888b59ac
q8292c274,d86ca15a4
q8292c274,d8ac0cb08
q8292c274,d89007bd8
q8292c274,d81bf4296
q8292c274,d8b20367e
q8292c274,d8e2dc6e2
q8292c274,d880b05ea
q8292c274,d89f86ae6
q851e07e2,d8aba7546
q851e07e2,d8f6b5b3c
q851e07e2,d8a6c7a4e
q851e07e2,d86c1f108
q851e07e2,d88e7c818
q851e07e2,d8e075dae
q851e07e2,d8c3f3a28
q851e07e2,d88e3768c
q851e07e2,d81566618
q851e07e2,d87d80f28
q82975596,d81589686
q82975596,d8e5fd81c
q82975596,d86e58280
q82975596,d8ca1cd8c
q82975596,d8b1ea386
q82975596,d87dd6cd4
q82975596,d87310660
q82975596,d89dea908
q82975596,d8e5fd8f8
q82975596,d81c28636
q85224fc8,d888eaaee
q85224fc8,d870f4994
q85224fc8,d8f5d5c76
q85224fc8,d8d45d134
q85224fc8,d892c8322
q85224fc8,d8c13b4ac
q85224fc8,d87f6f30c
q85224fc8,d8ce65a6a
q85224fc8,d81b7d772
q85224fc8,d85db9dfc
q8185ca48,d8bba365c
q8185ca48,d8373b14e
q8185ca48,d88d0baba
q8185ca48,d828a5b34
q8185ca48,d8bf90de6
q8185ca48,d8c5ed9be
q8185ca48,d8868278e
q8185ca48,d879794d4
q8185ca48,d8e73f360
q8185ca48,d86a78890
q84aff248,d86a8762e
q84aff248,d896fc65a
q84aff248,d8ac2a586
q84aff248,d827ba558
q84aff248,d8aac31b6
q84aff248,d8dd13544
q84aff248,d8e162276
q84aff248,d863d99bc
q84aff248,d8883c07a
q84aff248,d827ba5b2
q81ed1eb4,d819b3162
q81ed1eb4,d8e69fea0
q81ed1eb4,d8a0f7ab0
q81ed1eb4,d88c4b120
q81ed1eb4,d8d3fbd26
q81ed1eb4,d8a3ffb72
q81ed1eb4,d896fc722
q81ed1eb4,d8942099a
q81ed1eb4,d826da6d8
q81ed1eb4,d875e602e
q838615fa,d8be45e46
q838615fa,d85e2085e
q838615fa,d89629728
q838615fa,d8ac57680
q838615fa,d89a9ce54
q838615fa,d829ed99c
q838615fa,d8e2cfa6e
q838615fa,d8f790c78
q838615fa,d8c804018
q838615fa,d826da890
q8330ab74,d8b7d5002
q8330ab74,d8193ebe6
q8330ab74,d8f26f348
q8330ab74,d8775a48c
q8330ab74,d81cd677c
q8330ab74,d88863ddc
q8330ab74,d8ae624b6
q8330ab74,d8e0fbf9e
q8330ab74,d882fa0a8
q8330ab74,d889757a2
q84b195a8,d8794030a
q84b195a8,d88e7c8a4
q84b195a8,d81c287a8
q84b195a8,d8771f0ee
q84b195a8,d8da8a3ae
q84b195a8,d8ef0c660
q84b195a8,d88f63b28
q84b195a8,d871e16f4
q84b195a8,d8f57e0e8
q84b195a8,d86f5c8e8
q83701958,d8e29de60
q83701958,d871193d4
q83701958,d8b044536
q83701958,d8140c1d2
q83701958,d8b044586
q83701958,d8b5b92be
q83701958,d877f37c2
q83701958,d8789c49e
q83701958,d888827be
q83701958,d8b7593d0
q82e0526e,d8d3fbda8
q82e0526e,d819e656c
q82e0526e,d889a7de2
q82e0526e,d815210b8
q82e0526e,d8738a258
q82e0526e,d819e64e0
q82e0526e,d8afb07e6
q82e0526e,d86887176
q82e0526e,d8738a2bc
q82e0526e,d861b4786
q844b4ad2,d8dce4eba
q844b4ad2,d8b3c9b16
q844b4ad2,d8b69875c
q844b4ad2,d8c57dbaa
q844b4ad2,d8dc06516
q844b4ad2,d8c161936
q844b4ad2,d8c7a8d80
q844b4ad2,d881a7994
q844b4ad2,d898ab2da
q844b4ad2,d8d04d418
q81dd8de6,d8e01a742
q81dd8de6,d8d4d279a
q81dd8de6,d8cf9f3ae
q81dd8de6,d8b7c2e20
q81dd8de6,d892616f4
q81dd8de6,d8af8aa14
q81dd8de6,d8f1b610e
q81dd8de6,d8a7dd06e
q81dd8de6,d885113e6
q81dd8de6,d8f8d68b2
q8118067a,d8f8055aa
q8118067a,d82267aec
q8118067a,d87f8a274
q8118067a,d8d99831a
q8118067a,d8e0599f6
q8118067a,d8777edb4
q8118067a,d89bd4844
q8118067a,d8b75929a
q8118067a,d872b9ce8
q8118067a,d8e8815ac
q85b65ca4,d827068f0
q85b65ca4,d8a411e08
q85b65ca4,d88c3582a
q85b65ca4,d8bef68f4
q85b65ca4,d8e541aa4
q85b65ca4,d82def6b2
q85b65ca4,d8bec3d14
q85b65ca4,d8143a17c
q85b65ca4,d8ef39516
q85b65ca4,d81252148
q82d7d486,d886d0ab0
q82d7d486,d86030cd4
q82d7d486,d85db9d48
q82d7d486,d89c3825e
q82d7d486,d89e77650
q82d7d486,d8dbcea9e
q82d7d486,d8dbcea4e
q82d7d486,d8a3e1a96
q82d7d486,d8de10e92
q82d7d486,d8f35fb4a
q833741dc,d8a3e1b9a
q833741dc,d8200a768
q833741dc,d87fc1d1e
q833741dc,d8777edb4
q833741dc,d860fde14
q833741dc,d8c5401b0
q833741dc,d8d720646
q833741dc,d8a51080e
q833741dc,d8b6a5556
q833741dc,d870a7824
q82cf6648,d8d638008
q82cf6648,d810cc7ba
q82cf6648,d8aec2e88
q82cf6648,d8b445694
q82cf6648,d823751e6
q82cf6648,d8caae958
q82cf6648,d8ad8a322
q82cf6648,d8bc9fcb8
q82cf6648,d8de58030
q82cf6648,d880d3bee
q832f46d0,d89c7a122
q832f46d0,d89a9ce54
q832f46d0,d8ac57680
q832f46d0,d8937492e
q832f46d0,d8e4ea4ac
q832f46d0,d8c6f41fa
q832f46d0,d899b6346
q832f46d0,d8a4806b4
q832f46d0,d8de9836a
q832f46d0,d8dba392a
q84929b12,d811fbece
q84929b12,d870a787e
q84929b12,d88d22e5e
q84929b12,d8ddaa228
q84929b12,d8203ffd0
q84929b12,d8e95ddc2
q84929b12,d8cbb1f44
q84929b12,d886c170e
q84929b12,d8ce7fcda
q84929b12,d87d2d710
q83ae5cae,d81452196
q83ae5cae,d8ec20596
q83ae5cae,d868e3d36
q83ae5cae,d8202fce8
q83ae5cae,d8292c4f4
q83ae5cae,d8827ae2a
q83ae5cae,d8135b1de
q83ae5cae,d89629804
q83ae5cae,d81f93492
q83ae5cae,d8a7c24a8
q824005e8,d8a2da198
q824005e8,d86d31078
q824005e8,d893a24fa
q824005e8,d8b35fa9a
q824005e8,d8dd40e9a
q824005e8,d893a24aa
q824005e8,d88d9aaf8
q824005e8,d8ef0c534
q824005e8,d8b7d5002
q824005e8,d866e523c
q8141e512,d898ab2da
q8141e512,d86eac52e
q8141e512,d8f8244dc
q8141e512,d8c1b41c2
q8141e512,d8efba35a
q8141e512,d8c77398c
q8141e512,d8ac40fd4
q8141e512,d8cf598cc
q8141e512,d811c3808
q8141e512,d89dc25c0
q8356d650,d815e5c7e
q8356d650,d861e3a54
q8356d650,d8f44f76c
q8356d650,d8d34d88e
q8356d650,d8a8e996c
q8356d650,d87e20550
q8356d650,d8e9bc534
q8356d650,d831eaf0a
q8356d650,d8ed98a7c
q8356d650,d8e2642a0
q83795414,d81e74174
q83795414,d8ef0c4c6
q83795414,d8ca03350
q83795414,d882e5784
q83795414,d8a0594be
q83795414,d85f2a2b8
q83795414,d8d8cc774
q83795414,d8e0b4d24
q83795414,d8d42a6e4
q83795414,d8a8542c2
q83f7e374,d8ac57680
q83f7e374,d884c6b7a
q83f7e374,d86bc2a48
q83f7e374,d8e82ff9a
q83f7e374,d8c5fadd0
q83f7e374,d89bb4daa
q83f7e374,d871e165e
q83f7e374,d8873b28e
q83f7e374,d8e0a6846
q83f7e374,d812ed580
q853121e2,d87b8ca78
q853121e2,d88de6fac
q853121e2,d87b8cb5e
q853121e2,d8a015962
q853121e2,d8115194c
q853121e2,d8988f558
q853121e2,d860c5168
q853121e2,d890abdd2
q853121e2,d8a4806b4
q853121e2,d8b4b0674
q85c4c69a,d8f43c3b0
q85c4c69a,d8e9d792e
q85c4c69a,d8b86597c
q85c4c69a,d8e903cf0
q85c4c69a,d8f1c990c
q85c4c69a,d8b657428
q85c4c69a,d8e5fd6e6
q85c4c69a,d8dea638e
q85c4c69a,d8e29df6e
q85c4c69a,d8e4ea448
q810dcafc,d8a43f59c
q810dcafc,d8ed76530
q810dcafc,d8f82455e
q810dcafc,d8b8490b0
q810dcafc,d8889de10
q810dcafc,d8c04e670
q810dcafc,d8ef60a94
q810dcafc,d8ca0ff9c
q810dcafc,d8e92af26
q810dcafc,d8d259b4e
q859ca02a,d8ec72f4e
q859ca02a,d8ca88370
q859ca02a,d893094c6
q859ca02a,d83b5a18a
q859ca02a,d87d57a38
q859ca02a,d87a98702
q859ca02a,d896c4606
q859ca02a,d89f4dc8c
q859ca02a,d89504b72
q859ca02a,d8caa03ee
q838f1d1c,d8aeb4842
q838f1d1c,d8dd13544
q838f1d1c,d8c7c046c
q838f1d1c,d8dc496ae
q838f1d1c,d88d34ed8
q838f1d1c,d8a95feb4
q838f1d1c,d87e0e8aa
q838f1d1c,d86abb316
q838f1d1c,d877720c8
q838f1d1c,d8f35fb4a
q82715706,d82715972
q82715706,d88d5e382
q82715706,d89bb4e18
q82715706,d8ac92dca
q82715706,d86773bcc
q82715706,d8913765c
q82715706,d8d89b192
q82715706,d814a3b68
q82715706,d8c8987cc
q82715706,d8712c4a2
q820916b4,d8194e8a2
q820916b4,d8dea61ea
q820916b4,d8e84a91c
q820916b4,d871b1dc8
q820916b4,d89d74122
q820916b4,d8d8aeaa8
q820916b4,d8ad8a16a
q820916b4,d8953275c
q820916b4,d8f7acf72
q820916b4,d8a2a82c4
q831f9cee,d81818a3c
q831f9cee,d8c29a622
q831f9cee,d8124330a
q831f9cee,d87abda52
q831f9cee,d88f63b28
q831f9cee,d8b5fc17c
q831f9cee,d8d72edfe
q831f9cee,d81d1e608
q831f9cee,d814c1370
q831f9cee,d8be2adf8
q82561284,d81e4fb4e
q82561284,d838f1e52
q82561284,d8cea65ba
q82561284,d8d45d134
q82561284,d8b1d2632
q82561284,d85db9dfc
q82561284,d892c8322
q82561284,d8e63cd0a
q82561284,d892970e2
q82561284,d87397cc8
q851b989a,d86f5c8e8
q851b989a,d87dd6cd4
q851b989a,d87851d9a
q851b989a,d85f3611c
q851b989a,d8ca548e0
q851b989a,d881e206c
q851b989a,d8e41ad2e
q851b989a,d8f5d5b72
q851b989a,d86040026
q851b989a,d86040102
q859f47e4,d8c5e0480
q859f47e4,d81ee40c8
q859f47e4,d8a27a608
q859f47e4,d8115194c
q859f47e4,d882e5784
q859f47e4,d895aceee
q859f47e4,d8b710018
q859f47e4,d8b6ddb40
q859f47e4,d87f8a378
q859f47e4,d86617314
q813e06ae,d813cd306
q813e06ae,d8ad5a82a
q813e06ae,d87bfc968
q813e06ae,d813cd34c
q813e06ae,d8a5a32da
q813e06ae,d8a5a332a
q813e06ae,d85f0a9c2
q813e06ae,d82604236
q813e06ae,d8b406610
q813e06ae,d869890b0
q813ebad6,d88ef2680
q813ebad6,d8b5c2aee
q813ebad6,d889757a2
q813ebad6,d8a4806b4
q813ebad6,d8982eb90
q813ebad6,d8848a472
q813ebad6,d8d5dd70c
q813ebad6,d8e95de58
q813ebad6,d8df513ba
q813ebad6,d885c4388
q85c3554e,d8ec03e78
q85c3554e,d8867855e
q85c3554e,d8cee7b3c
q85c3554e,d8ac67fda
q85c3554e,d834c5112
q85c3554e,d8f35fcb2
q85c3554e,d87180e58
q85c3554e,d80f19a44
q85c3554e,d862150d6
q85c3554e,d8a4806b4
q8293450a,d8f24878e
q8293450a,d89774704
q8293450a,d8741987c
q8293450a,d874f9f9e
q8293450a,d86155a9c
q8293450a,d8df72bbe
q8293450a,d87508ab2
q8293450a,d815f4896
q8293450a,d8721b066
q8293450a,d826cd4d8
q81f5dc5c,d8ca88564
q81f5dc5c,d828e39f2
q81f5dc5c,d8957e56c
q81f5dc5c,d88196270
q81f5dc5c,d8f0730d0
q81f5dc5c,d8d5a1392
q81f5dc5c,d8124317a
q81f5dc5c,d89413024
q81f5dc5c,d8cda66e2
q81f5dc5c,d88755ac6
q8498c0dc,d8cdc72c0
q8498c0dc,d8ddd9334
q8498c0dc,d890288e2
q8498c0dc,d8177aa80
q8498c0dc,d889169f0
q8498c0dc,d8be2ad26
q8498c0dc,d87d6c8c0
q8498c0dc,d81ca2cec
q8498c0dc,d86400de6
q8498c0dc,d8bc5c210
q85536af4,d8aacba3c
q85536af4,d88020968
q85536af4,d889169f0
q85536af4,d8d960532
q85536af4,d8b96318a
q85536af4,d8ded88fc
q85536af4,d8ed318b8
q85536af4,d8792edbc
q85536af4,d88791e18
q85536af4,d8f36b9fe
q81a42bd2,d815895aa
q81a42bd2,d8f058280
q81a42bd2,d897543c8
q81a42bd2,d884c6c7e
q81a42bd2,d8c3f3a28
q81a42bd2,d8b55c24e
q81a42bd2,d867d8d9c
q81a42bd2,d883f9378
q81a42bd2,d8dba39e8
q81a42bd2,d8a3625c0
q817d44ae,d8f3eb140
q817d44ae,d8c00c054
q817d44ae,d8959cba2
q817d44ae,d86c04b96
q817d44ae,d8d64e646
q817d44ae,d8e757f64
q817d44ae,d8ce7fc30
q817d44ae,d8822dc7e
q817d44ae,d8a28fd0a
q817d44ae,d88ec55a4
q814a38fc,d8e2b4c5a
q814a38fc,d8b78e904
q814a38fc,d88d22e5e
q814a38fc,d86b3c51a
q814a38fc,d8af10660
q814a38fc,d8d65f2e8
q814a38fc,d82bda002
q814a38fc,d8a9a08ce
q814a38fc,d8f89e606
q814a38fc,d8b8492b8
q815592a6,d8dde1fac
q815592a6,d8de10faa
q815592a6,d8c6d6af6
q815592a6,d8c3580c8
q815592a6,d8e561610
q815592a6,d86d9fe92
q815592a6,d8ed6da8e
q815592a6,d8d89b07a
q815592a6,d8b3885e4
q815592a6,d882e5784
q82a77912,d8a242708
q82a77912,d894c31ae
q82a77912,d8aec2f00
q82a77912,d8d914ab0
q82a77912,d88dacbc2
q82a77912,d8eaec7f6
q82a77912,d8857913a
q82a77912,d82a77ab6
q82a77912,d87d4ce08
q82a77912,d86b7bfee
q84f63fc8,d883b00ce
q84f63fc8,d8f7cddb2
q84f63fc8,d8df25986
q84f63fc8,d8692d940
q84f63fc8,d81f2e70e
q84f63fc8,d8165903e
q84f63fc8,d8c1b42bc
q84f63fc8,d89d22c64
q84f63fc8,d8803866c
q84f63fc8,d86a8762e
q83d8e992,d8d6d8e86
q83d8e992,d8c33786e
q83d8e992,d88fb4e10
q83d8e992,d87817f0a
q83d8e992,d8745abe2
q83d8e992,d8f21a71c
q83d8e992,d8694b792
q83d8e992,d88f7ba2a
q83d8e992,d87f7b49a
q83d8e992,d87528cfe
q84dfc8d8,d818bcc4a
q84dfc8d8,d818bcd08
q84dfc8d8,d8db64888
q84dfc8d8,d82def78e
q84dfc8d8,d8b20f7da
q84dfc8d8,d8dc496ae
q84dfc8d8,d8a89eb4c
q84dfc8d8,d85fa207e
q84dfc8d8,d82c60742
q84dfc8d8,d87e20550
q84657c4a,d89698772
q84657c4a,d81f4036e
q84657c4a,d875671b6
q84657c4a,d887559a4
q84657c4a,d8771f012
q84657c4a,d8616f6a4
q84657c4a,d8ef7032c
q84657c4a,d8b38877e
q84657c4a,d87e4caa6
q84657c4a,d868c163c
q82b76e4e,d825e6c7c
q82b76e4e,d89985dae
q82b76e4e,d8c6316b4
q82b76e4e,d8a7306de
q82b76e4e,d8e8797da
q82b76e4e,d82787b30
q82b76e4e,d8b3ef14a
q82b76e4e,d8f340bbe
q82b76e4e,d8825d8e8
q82b76e4e,d8b7e81ca
q85b1cc34,d8d4e165a
q85b1cc34,d8aacbaaa
q85b1cc34,d8deebccc
q85b1cc34,d894c30dc
q85b1cc34,d87b01f0e
q85b1cc34,d86ec35c6
q85b1cc34,d88fd8ee6
q85b1cc34,d8cd348e4
q85b1cc34,d89dc25c0
q85b1cc34,d8d638008
q81755c30,d86c4ff10
q81755c30,d815e5c7e
q81755c30,d8f44f76c
q81755c30,d81c799fa
q81755c30,d8f536cd4
q81755c30,d8dc9cca0
q81755c30,d878099b4
q81755c30,d8f6f5502
q81755c30,d867a36ba
q81755c30,d89fa9244
q85ab8388,d8316feb8
q85ab8388,d8aea762e
q85ab8388,d86b2f8ec
q85ab8388,d8665d4e0
q85ab8388,d811284de
q85ab8388,d8d6f44b0
q85ab8388,d8d1ead7a
q85ab8388,d8316fe04
q85ab8388,d8bc0f622
q85ab8388,d8174df58
q815e5a4e,d861e3a54
q815e5a4e,d8b57cc56
q815e5a4e,d8b06e264
q815e5a4e,d8866b71e
q815e5a4e,d87e2e52e
q815e5a4e,d89883442
q815e5a4e,d88020968
q815e5a4e,d8b2fbbd0
q815e5a4e,d8bf0d5fe
q815e5a4e,d8a569a58
q82b647e4,d870d5e22
q82b647e4,d8ac0cb08
q82b647e4,d81bf4296
q82b647e4,d8692d9b8
q82b647e4,d8da8a3ae
q82b647e4,d87e0e8aa
q82b647e4,d8de223fe
q82b647e4,d86d9fece
q82b647e4,d869d0744
q82b647e4,d86feb692
q82ba7094,d82ba7260
q82ba7094,d87194c28
q82ba7094,d86e6dca2
q82ba7094,d8b97ef3e
q82ba7094,d88f4ee76
q82ba7094,d8a0f7ab0
q82ba7094,d8130c840
q82ba7094,d8e2396e0
q82ba7094,d82223b3a
q82ba7094,d81bf41ec
q84479edc,d812c0c38
q84479edc,d870d5e22
q84479edc,d87144d0e
q84479edc,d8c518e6c
q84479edc,d81bf4296
q84479edc,d86c66670
q84479edc,d8d3725ee
q84479edc,d8b736858
q84479edc,d89f86ae6
q84479edc,d8c518d5e
q84a7c2da,d86ca15a4
q84a7c2da,d8da5bee6
q84a7c2da,d8e18a46a
q84a7c2da,d878d600e
q84a7c2da,d8e18a424
q84a7c2da,d8b7d5002
q84a7c2da,d8b308f06
q84a7c2da,d89c03572
q84a7c2da,d8d8c1504
q84a7c2da,d85de8c9c
q83c1d5fe,d8ca63caa
q83c1d5fe,d8e2645b6
q83c1d5fe,d8c408374
q83c1d5fe,d8836be10
q83c1d5fe,d8ab68fd0
q83c1d5fe,d88f63b28
q83c1d5fe,d8d757628
q83c1d5fe,d8143a17c
q83c1d5fe,d8124330a
q83c1d5fe,d89c0df0e
q823ada82,d86f5ca32
q823ada82,d86760e00
q823ada82,d8614a91c
q823ada82,d89f12dbc
q823ada82,d8e675c72
q823ada82,d8f696b6a
q823ada82,d881e2134
q823ada82,d8df5fef6
q823ada82,d877b0d0a
q823ada82,d89ed6308
q83789aba,d82ba7260
q83789aba,d83b9f4b0
q83789aba,d86e6dca2
q83789aba,d8c8410c6
q83789aba,d8a0f7ab0
q83789aba,d81bf41ec
q83789aba,d8f5faa08
q83789aba,d827ba558
q83789aba,d817f6306
q83789aba,d8f32b03e
q824c1b1c,d8c3f3b0e
q824c1b1c,d8d3191a6
q824c1b1c,d8f07321a
q824c1b1c,d881d1a28
q824c1b1c,d8ba8014e
q824c1b1c,d8cc6f8be
q824c1b1c,d87397e30
q824c1b1c,d87adb048
q824c1b1c,d893b472c
q824c1b1c,d8e9eb6e0
q8224dd2c,d8be2ad26
q8224dd2c,d8bf0d5fe
q8224dd2c,d8852c9f2
q8224dd2c,d8f4a865a
q8224dd2c,d864b4e9a
q8224dd2c,d825e6b32
q8224dd2c,d886121d2
q8224dd2c,d810fb4f2
q8224dd2c,d8e62f826
q8224dd2c,d81bf4296
q825e6902,d825e6a42
q825e6902,d8a54c53e
q825e6902,d8b5b90b6
q825e6902,d860c5168
q825e6902,d8200a768
q825e6902,d8caae8c2
q825e6902,d8662405a
q825e6902,d8d83b594
q825e6902,d815cd0fc
q825e6902,d81ad282c
q843a7680,d896447d0
q843a7680,d8202fb8a
q843a7680,d8b8befc2
q843a7680,d86f2af28
q843a7680,d8cf9f4a8
q843a7680,d8d3d345c
q843a7680,d88e6be8c
q843a7680,d87f3c25e
q843a7680,d8b4b05e8
q843a7680,d8e605f9e
q81658e0e,d8a6e7038
q81658e0e,d8cd012a0
q81658e0e,d8a3126c4
q81658e0e,d82715972
q81658e0e,d89788e98
q81658e0e,d8b3fe500
q81658e0e,d8b054346
q81658e0e,d8cd216fe
q81658e0e,d8dd8d646
q81658e0e,d8e5e57b2
q83ccbc6c,d80f34cfe
q83ccbc6c,d8a8d00de
q83ccbc6c,d8b6cc57a
q83ccbc6c,d8a7306de
q83ccbc6c,d876fa082
q83ccbc6c,d86d4d87c
q83ccbc6c,d81a4d3d4
q83ccbc6c,d8b8bf080
q83ccbc6c,d8ccee808
q83ccbc6c,d8942edf6
q82b95e3e,d8b3b77b8
q82b95e3e,d8a751ec4
q82b95e3e,d86261d96
q82b95e3e,d896d2e86
q82b95e3e,d8b6354a4
q82b95e3e,d8bf90de6
q82b95e3e,d8d3127de
q82b95e3e,d8afbdcca
q82b95e3e,d8c8c188e
q82b95e3e,d8b3e3192
q84ccfd52,d810b77fc
q84ccfd52,d816dc6dc
q84ccfd52,d8642a358
q84ccfd52,d80f19a44
q84ccfd52,d87964e6c
q84ccfd52,d8e3d6a48
q84ccfd52,d86400de6
q84ccfd52,d85fa207e
q84ccfd52,d8d3fbbaa
q84ccfd52,d8b190c28
q815f474c,d8d0e7b30
q815f474c,d86e7a89e
q815f474c,d87180e58
q815f474c,d873acb96
q815f474c,d8d624b5c
q815f474c,d8b4b0674
q815f474c,d8c3580c8
q815f474c,d8df513ba
q815f474c,d8a0f7ab0
q815f474c,d894eff4c
q813f92c6,d83b9f406
q813f92c6,d8e8797da
q813f92c6,d855e743a
q813f92c6,d86040102
q813f92c6,d8c38ee5c
q813f92c6,d8177aa80
q813f92c6,d8f3c12b4
q813f92c6,d8130c5ca
q813f92c6,d86023944
q813f92c6,d884ac1d0
q85b4b5f2,d8d09a312
q85b4b5f2,d8eaec896
q85b4b5f2,d837f6070
q85b4b5f2,d8d1db1a4
q85b4b5f2,d89cb9b42
q85b4b5f2,d89c035f4
q85b4b5f2,d897bc70c
q85b4b5f2,d8646ec42
q85b4b5f2,d89678440
q85b4b5f2,d8f0947da
q84ee81ac,d8b1d274a
q84ee81ac,d89e99520
q84ee81ac,d8125cc60
q84ee81ac,d8ea0ef8c
q84ee81ac,d8a27a608
q84ee81ac,d8b3e3192
q84ee81ac,d8ef609f4
q84ee81ac,d8a823546
q84ee81ac,d831eaf0a
q84ee81ac,d8ad23a3c
q857f863e,d88a4a1e6
q857f863e,d88791c74
q857f863e,d8160f3b2
q857f863e,d86e7a89e
q857f863e,d87adb1ba
q857f863e,d8ce70870
q857f863e,d815f4936
q857f863e,d8ac67fda
q857f863e,d886784be
q857f863e,d8a58d1b0
q84e42a22,d8204017e
q84e42a22,d881d1a28
q84e42a22,d8c59d644
q84e42a22,d8eed0b92
q84e42a22,d89e993f4
q84e42a22,d82267b64
q84e42a22,d87397d9a
q84e42a22,d8f4eda8e
q84e42a22,d878828b4
q84e42a22,d8c3f3b0e
q856a557a,d87479920
q856a557a,d8c182dac
q856a557a,d892da860
q856a557a,d81521180
q856a557a,d8124330a
q856a557a,d8c783b66
q856a557a,d8e903c50
q856a557a,d89864556
q856a557a,d8120e344
q856a557a,d86ed2d96
q8578f08a,d8c07e208
q8578f08a,d8b962fa0
q8578f08a,d8bf90d82
q8578f08a,d8b93b252
q8578f08a,d8e7fbab0
q8578f08a,d89e3c654
q8578f08a,d8619f818
q8578f08a,d86b2f7de
q8578f08a,d8870b502
q8578f08a,d8d9d07ec
q81dfb1fc,d8f40b4f4
q81dfb1fc,d81c286ea
q81dfb1fc,d8954de94
q81dfb1fc,d81251f9a
q81dfb1fc,d885f420e
q81dfb1fc,d8d783728
q81dfb1fc,d86275774
q81dfb1fc,d867936a2
q81dfb1fc,d8d43dab4
q81dfb1fc,d8cbd7d34
q8575d724,d8327a74a
q8575d724,d8c00c054
q8575d724,d81c799fa
q8575d724,d8b6118f6
q8575d724,d83ac86e0
q8575d724,d8afd39da
q8575d724,d83374362
q8575d724,d889a7e78
q8575d724,d8609ee82
q8575d724,d8b4b048a
q839bdb2e,d834c5112
q839bdb2e,d87e7dfe8
q839bdb2e,d8a2da198
q839bdb2e,d88d9aaf8
q839bdb2e,d8aff4fc2
q839bdb2e,d8de10faa
q839bdb2e,d8dbcea4e
q839bdb2e,d87180e58
q839bdb2e,d8a3e1a96
q839bdb2e,d8e88e9f0
q82c77ef6,d8181896a
q82c77ef6,d8670e88a
q82c77ef6,d80f34e2a
q82c77ef6,d8f094758
q82c77ef6,d8f748478
q82c77ef6,d8e881796
q82c77ef6,d8f25f6aa
q82c77ef6,d8e7d758e
q82c77ef6,d8b10a70e
q82c77ef6,d8b477c2a
q82824750,d86e7a89e
q82824750,d8d914b1e
q82824750,d873acb96
q82824750,d8d0e7b30
q82824750,d825e6b96
q82824750,d879f6470
q82824750,d8f9144b4
q82824750,d8dca4590
q82824750,d889a7e78
q82824750,d8f66c86a
q83141e00,d86155baa
q83141e00,d8ac0cb08
q83141e00,d8d43dab4
q83141e00,d8e8797da
q83141e00,d8c38ecf4
q83141e00,d8d232a9e
q83141e00,d8da5bee6
q83141e00,d825e6b32
q83141e00,d8f38c230
q83141e00,d87b4decc
q839de626,d831eaf0a
q839de626,d88791ec2
q839de626,d88283f66
q839de626,d8aa1de78
q839de626,d811dc222
q839de626,d8cfea05c
q839de626,d8d1c5c82
q839de626,d85fde0e2
q839de626,d88916b1c
q839de626,d811dc146
q833d3cb8,d8191002a
q833d3cb8,d843a7acc
q833d3cb8,d8f68a3ec
q833d3cb8,d894cfd46
q833d3cb8,d8dbe58e8
q833d3cb8,d8e211884
q833d3cb8,d8110abd2
q833d3cb8,d89392eec
q833d3cb8,d87acf0f4
q833d3cb8,d8de10d8e
q84747074,d87b0fc6c
q84747074,d81e7a466
q84747074,d8170ca26
q84747074,d826cd4d8
q84747074,d86439d08
q84747074,d89abe2ca
q84747074,d87508ab2
q84747074,d8e79b6ba
q84747074,d8806fe64
q84747074,d81a10434
q825f6758,d81180850
q825f6758,d8de399d2
q825f6758,d8a5cbac8
q825f6758,d8aa80316
q825f6758,d8bfc2904
q825f6758,d813b8e42
q825f6758,d8e20249c
q825f6758,d813b8dac
q825f6758,d87adb1ba
q825f6758,d820d0562
q83741de6,d86d241ac
q83741de6,d87920366
q83741de6,d8ea983ae
q83741de6,d86a78890
q83741de6,d8da9f952
q83741de6,d8782c202
q83741de6,d8f767cb0
q83741de6,d85fbdd7e
q83741de6,d8267f1c0
q83741de6,d87b59cb8
q80ed48b8,d82787b30
q80ed48b8,d8292c4f4
q80ed48b8,d81452196
q80ed48b8,d8dded370
q80ed48b8,d8135b1de
q80ed48b8,d8a7c24a8
q80ed48b8,d8a3e1a96
q80ed48b8,d89e5442a
q80ed48b8,d8a0e3d62
q80ed48b8,d860c5050
q81bf3fbc,d81bf41ec
q81bf3fbc,d86e6dca2
q81bf3fbc,d888521fe
q81bf3fbc,d8629a93e
q81bf3fbc,d81447a3e
q81bf3fbc,d82ba7260
q81bf3fbc,d826cd438
q81bf3fbc,d8c8410c6
q81bf3fbc,d8612d998
q81bf3fbc,d8a0f7ab0
q835f8944,d85fbdd7e
q835f8944,d8f767cb0
q835f8944,d8782c202
q835f8944,d8ac21a12
q835f8944,d8373b14e
q835f8944,d8b15be10
q835f8944,d8bae4ffe
q835f8944,d8bf28318
q835f8944,d89c0df68
q835f8944,d8d9d0a08
q83a9a06a,d8b96318a
q83a9a06a,d8cbcc146
q83a9a06a,d8c86908a
q83a9a06a,d878829ae
q83a9a06a,d8be2adf8
q83a9a06a,d8786d19e
q83a9a06a,d87abda52
q83a9a06a,d89c92baa
q83a9a06a,d8b86597c
q83a9a06a,d8959cdc8
q84a910ea,d8afd3a84
q84a910ea,d8f5e022a
q84a910ea,d893fda26
q84a910ea,d8a3e1b9a
q84a910ea,d8f340b32
q84a910ea,d8c5400d4
q84a910ea,d8327a74a
q84a910ea,d8200a768
q84a910ea,d8b6f9a34
q84a910ea,d8f8f8444
q83c12e24,d8d2b2ee2
q83c12e24,d87559110
q83c12e24,d88d9ab7a
q83c12e24,d81a6afce
q83c12e24,d8ccee808
q83c12e24,d8c29a6a4
q83c12e24,d876fa082
q83c12e24,d8d1fd59c
q83c12e24,d8d5115d0
q83c12e24,d8ae624b6
q817946ba,d86a8762e
q817946ba,d8ced7548
q817946ba,d87434c8a
q817946ba,d83b5a252
q817946ba,d8aaa2b82
q817946ba,d8bac1bc6
q817946ba,d8779f384
q817946ba,d8be8d2a0
q817946ba,d8df51554
q817946ba,d888225ee
q83adb6b4,d88362cf2
q83adb6b4,d85f771b2
q83adb6b4,d8855245e
q83adb6b4,d8bc6e4e2
q83adb6b4,d887a475c
q83adb6b4,d8ae168fe
q83adb6b4,d8de10ee2
q83adb6b4,d81bc4cbc
q83adb6b4,d8dc3a0be
q83adb6b4,d8ced75a2
q83916586,d8611713e
q83916586,d875e602e
q83916586,d82604286
q83916586,d8c3d3688
q83916586,d86aa3dba
q83916586,d88c5dd34
q83916586,d8ef0c534
q83916586,d8c3d36ec
q83916586,d89ed6308
q83916586,d8c9482bc
q854dade4,d89c035f4
q854dade4,d8f0947da
q854dade4,d863aba62
q854dade4,d828a59b8
q854dade4,d87c1d686
q854dade4,d87b9bbea
q854dade4,d8cf9f4a8
q854dade4,d8681ac60
q854dade4,d86aa3dba
q854dade4,d86481c2a
q84fcfe76,d8db8ace0
q84fcfe76,d8db8ad80
q84fcfe76,d8db8ad30
q84fcfe76,d8e18a46a
q84fcfe76,d8e18a424
q84fcfe76,d888b5ad8
q84fcfe76,d888b5a88
q84fcfe76,d888b5b50
q84fcfe76,d8828404c
q84fcfe76,d864447f8
q8110aa4c,d8adbdc18
q8110aa4c,d8abb3378
q8110aa4c,d8140c2d6
q8110aa4c,d8a8e9afc
q8110aa4c,d8a4806b4
q8110aa4c,d8da667ce
q8110aa4c,d873d5294
q8110aa4c,d8b7d5002
q8110aa4c,d8187d720
q8110aa4c,d872994ca
q8325cd44,d810fb4f2
q8325cd44,d8be2ad26
q8325cd44,d8866b71e
q8325cd44,d8a133498
q8325cd44,d8b06e264
q8325cd44,d8a9b5062
q8325cd44,d89813a84
q8325cd44,d8f4a865a
q8325cd44,d89813a16
q8325cd44,d8acc08c4
q84d6fd98,d8d1ead7a
q84d6fd98,d811284de
q84d6fd98,d8d6f44b0
q84d6fd98,d8aea762e
q84d6fd98,d86b2f8ec
q84d6fd98,d8316feb8
q84d6fd98,d8202fb30
q84d6fd98,d8744515c
q84d6fd98,d8dbe58e8
q84d6fd98,d8da9f9a2
q8394d504,d81aa1ba0
q8394d504,d8a4a437a
q8394d504,d8bcea286
q8394d504,d8c6c167e
q8394d504,d8612d92a
q8394d504,d8e9eb672
q8394d504,d89dc25c0
q8394d504,d8682622c
q8394d504,d89e99520
q8394d504,d88791ec2
q81e2db2a,d886e7dbe
q81e2db2a,d8f57dfda
q81e2db2a,d8e83c72c
q81e2db2a,d81bf41ec
q81e2db2a,d8d9f196a
q81e2db2a,d86e6dca2
q81e2db2a,d8cc44ad8
q81e2db2a,d86afc294
q81e2db2a,d88116aca
q81e2db2a,d896b9e22
q8395cba8,d82bd9e4a
q8395cba8,d83427aa2
q8395cba8,d8cd809c4
q8395cba8,d8a54c53e
q8395cba8,d8a64b87c
q8395cba8,d82223b3a
q8395cba8,d8f5faa08
q8395cba8,d87bac562
q8395cba8,d8992f986
q8395cba8,d8629a93e
q8174dbe8,d85de8bf2
q8174dbe8,d81c09164
q8174dbe8,d814a3a0a
q8174dbe8,d889f777a
q8174dbe8,d8a463802
q8174dbe8,d8e361acc
q8174dbe8,d810cc698
q8174dbe8,d86c66670
q8174dbe8,d89663e32
q8174dbe8,d863562c4
q85173688,d815665c8
q85173688,d8777edb4
q85173688,d8e51ccfe
q85173688,d89d96d58
q85173688,d86e2d8b4
q85173688,d8f310004
q85173688,d8d3a9a58
q85173688,d8f889918
q85173688,d873d5294
q85173688,d8c5aa1d2
q82548a7c,d8e879730
q82548a7c,d867d8d9c
q82548a7c,d8c6e8f4e
q82548a7c,d8bcea420
q82548a7c,d8a58d084
q82548a7c,d8a08677a
q82548a7c,d8c170698
q82548a7c,d8291aa56
q82548a7c,d86a5070a
q82548a7c,d89bcbe24
q83c9a2b6,d81bf4296
q83c9a2b6,d870688d6
q83c9a2b6,d8e92ae72
q83c9a2b6,d8c73c676
q83c9a2b6,d8ddaa1a6
q83c9a2b6,d8da8a3ae
q83c9a2b6,d8c6f4268
q83c9a2b6,d8f790c78
q83c9a2b6,d897890a0
q83c9a2b6,d88143480
q845db7b2,d86a2e506
q845db7b2,d886121d2
q845db7b2,d89007bd8
q845db7b2,d86261e54
q845db7b2,d897e43c4
q845db7b2,d8f4a865a
q845db7b2,d810fb4f2
q845db7b2,d892b089e
q845db7b2,d898c4456
q845db7b2,d8cc02a3e
q82e826f6,d825e6c7c
q82e826f6,d8f340bbe
q82e826f6,d8c6316b4
q82e826f6,d89985dae
q82e826f6,d825e6b96
q82e826f6,d81e68856
q82e826f6,d8e8797da
q82e826f6,d8734bd46
q82e826f6,d8b7e81ca
q82e826f6,d88e6bf36
q84596c52,d87abd8fe
q84596c52,d8a8bacf2
q84596c52,d862b5a90
q84596c52,d8cbbf6c6
q84596c52,d85ff2d4e
q84596c52,d8e99e660
q84596c52,d8327a74a
q84596c52,d8a3e1b9a
q84596c52,d89b1ac78
q84596c52,d88d78cc8
q83608a24,d82bd9e4a
q83608a24,d8c043a5e
q83608a24,d8b5b90b6
q83608a24,d8a54c53e
q83608a24,d83427aa2
q83608a24,d8add2bb8
q83608a24,d89a6e9fa
q83608a24,d8cd809c4
q83608a24,d82223b3a
q83608a24,d8a64b87c
q81694e0e,d8acffae2
q81694e0e,d8a4eece0
q81694e0e,d896b9eae
q81694e0e,d8bdeb0f4
q81694e0e,d8872d562
q81694e0e,d8806fce8
q81694e0e,d81694f62
q81694e0e,d897fc910
q81694e0e,d8f66c7a2
q81694e0e,d89e0a2bc
q8334e644,d827745bc
q8334e644,d86bdf8d2
q8334e644,d8bef6994
q8334e644,d89d37434
q8334e644,d8f73def6
q8334e644,d8e99e4a8
q8334e644,d8be614b6
q8334e644,d8a0bcdb6
q8334e644,d8b4e95e6
q8334e644,d87ab1a18
q82cb6124,d80ee27b0
q82cb6124,d8e316d06
q82cb6124,d89ca887e
q82cb6124,d81447b6a
q82cb6124,d8794db5e
q82cb6124,d87e7dfe8
q82cb6124,d872e41f0
q82cb6124,d8aff4fc2
q82cb6124,d87882954
q82cb6124,d87397ef8
q83d7cdfa,d8e82ff9a
q83d7cdfa,d8b7a8d18
q83d7cdfa,d86617314
q83d7cdfa,d81a5d6d0
q83d7cdfa,d8cfea05c
q83d7cdfa,d87492fba
q83d7cdfa,d868871c6
q83d7cdfa,d8ddb692e
q83d7cdfa,d8cd34a38
q83d7cdfa,d8aa1de78
q830cceac,d82e9295c
q830cceac,d8982ec80
q830cceac,d890abdd2
q830cceac,d8da667ce
q830cceac,d873d5294
q830cceac,d88de6fac
q830cceac,d8ccee808
q830cceac,d8855245e
q830cceac,d8bc26dcc
q830cceac,d88c78d50
q819b3022,d819b3162
q819b3022,d8b0af3e0
q819b3022,d86e3849e
q819b3022,d875e602e
q819b3022,d8aa80316
q819b3022,d89ed62c2
q819b3022,d8c540138
q819b3022,d8c93dce0
q819b3022,d8a2c36be
q819b3022,d8cc91a4a
q84ec400e,d86dcdc98
q84ec400e,d855e74b2
q84ec400e,d8e73f360
q84ec400e,d875b8d18
q84ec400e,d8c235268
q84ec400e,d882e5784
q84ec400e,d8d64e6fa
q84ec400e,d828a5b34
q84ec400e,d838f1e52
q84ec400e,d8f1eee78
q810b75d6,d88ffb680
q810b75d6,d8f4a865a
q810b75d6,d810fb4f2
q810b75d6,d886121d2
q810b75d6,d834c5112
q810b75d6,d88a93404
q810b75d6,d89c1ccf2
q810b75d6,d8d4906b0
q810b75d6,d8f238dde
q810b75d6,d8a8bad60
q80f1979c,d80f19ad0
q80f1979c,d8e62f934
q80f1979c,d8a8d00de
q80f1979c,d8e08335a
q80f1979c,d8e3d6be2
q80f1979c,d8b93b1bc
q80f1979c,d8792024e
q80f1979c,d867936a2
q80f1979c,d8184fdfc
q80f1979c,d8abfd0a4
q824e9e1e,d897fcac8
q824e9e1e,d88f63bfa
q824e9e1e,d88f63998
q824e9e1e,d88f63b8c
q824e9e1e,d88f63b28
q824e9e1e,d8ae62420
q824e9e1e,d8ef0c660
q824e9e1e,d8ec03d74
q824e9e1e,d86f0e92c
q824e9e1e,d8aa0ec0c
q858d93f0,d8d72eb74
q858d93f0,d89c4f80a
q858d93f0,d812433b4
q858d93f0,d8b406534
q858d93f0,d8bcd073c
q858d93f0,d8a223308
q858d93f0,d8b1dbd9a
q858d93f0,d867936a2
q858d93f0,d89793f64
q858d93f0,d84d37858
q846e9500,d88a93404
q846e9500,d88a11dc8
q846e9500,d88de6fac
q846e9500,d86e8e218
q846e9500,d8be2adf8
q846e9500,d87549382
q846e9500,d8ed6db24
q846e9500,d8a569a1c
q846e9500,d89d740d2
q846e9500,d8ced75a2
q85acc7b6,d89854e8a
q85acc7b6,d87559110
q85acc7b6,d88d9ab7a
q85acc7b6,d8a569a1c
q85acc7b6,d87fae1e2
q85acc7b6,d8cbbf6c6
q85acc7b6,d8a8bacf2
q85acc7b6,d8b6118f6
q85acc7b6,d8adb2c82
q85acc7b6,d87e41e08
q84a39dcc,d894b0054
q84a39dcc,d8d3d345c
q84a39dcc,d8b4b05e8
q84a39dcc,d8a41cfb0
q84a39dcc,d8e2395be
q84a39dcc,d8e5e583e
q84a39dcc,d8d0c33fc
q84a39dcc,d8d97be9a
q84a39dcc,d8bf0d680
q84a39dcc,d8b2fbc52
q8202f964,d8b4b0674
q8202f964,d8202fd42
q8202f964,d8caae8c2
q8202f964,d88d78e26
q8202f964,d8c5c0c02
q8202f964,d89498e68
q8202f964,d8dcdc620
q8202f964,d8239fc98
q8202f964,d8df513ba
q8202f964,d873d5294
q831648ba,d8806fb62
q831648ba,d86bc2976
q831648ba,d8e285c5c
q831648ba,d88a2a9b8
q831648ba,d8e0598d4
q831648ba,d86030cd4
q831648ba,d8e24338e
q831648ba,d89175920
q831648ba,d8d7680ea
q831648ba,d870f4926
q82eca4f6,d88df2aa0
q82eca4f6,d818bcd58
q82eca4f6,d8177aaf8
q82eca4f6,d8ef60922
q82eca4f6,d8bb92302
q82eca4f6,d8d1200a2
q82eca4f6,d892b083a
q82eca4f6,d87b9bcbc
q82eca4f6,d8b781e98
q82eca4f6,d8143a212
q82f0879c,d8b4da9ba
q82f0879c,d8b69875c
q82f0879c,d8d43dab4
q82f0879c,d8da5bee6
q82f0879c,d87b4decc
q82f0879c,d8e2f5278
q82f0879c,d8c6316b4
q82f0879c,d812325d2
q82f0879c,d8a7306de
q82f0879c,d8e18a3ca
q815c4f74,d8f13f3f6
q815c4f74,d8dc49730
q815c4f74,d871b1ec2
q815c4f74,d8cc9dfc0
q815c4f74,d8f7e6d08
q815c4f74,d813ebc5c
q815c4f74,d8ef60c9c
q815c4f74,d8b4b954e
q815c4f74,d889959ee
q815c4f74,d8d09a236
q856f7f3c,d81452196
q856f7f3c,d8ab10ff6
q856f7f3c,d8ec20596
q856f7f3c,d8c38eeca
q856f7f3c,d8e6faeae
q856f7f3c,d80ed4d18
q856f7f3c,d85db9d48
q856f7f3c,d868e3d36
q856f7f3c,d8202fce8
q856f7f3c,d879a9e9a
q8558d53e,d8259f318
q8558d53e,d812c0c38
q8558d53e,d8259f282
q8558d53e,d88196270
q8558d53e,d8ac0cb08
q8558d53e,d8ab11032
q8558d53e,d88e03efe
q8558d53e,d880b0662
q8558d53e,d85eb42c0
q8558d53e,d87144d0e
q81a5d414,d8cd9d542
q81a5d414,d837f6002
q81a5d414,d868871c6
q81a5d414,d8b7a8d18
q81a5d414,d8f8bc7fa
q81a5d414,d8f838bc6
q81a5d414,d8d40a52e
q81a5d414,d8eaff5c2
q81a5d414,d87d418fa
q81a5d414,d8693f41a
q84d939e6,d88c35780
q84d939e6,d8d04d4d6
q84d939e6,d889bcc1a
q84d939e6,d87817f0a
q84d939e6,d814f5ab2
q84d939e6,d8c6f41fa
q84d939e6,d85fa207e
q84d939e6,d82f20c66
q84d939e6,d8a994a24
q84d939e6,d8889dd48
q8275aab8,d81c28636
q8275aab8,d8c812fdc
q8275aab8,d872ba0bc
q8275aab8,d8bb12bde
q8275aab8,d8aaa2b82
q8275aab8,d86fcff0a
q8275aab8,d8e350d9e
q8275aab8,d89629642
q8275aab8,d8f340c0e
q8275aab8,d8b8b1dc2
q8368b294,d8ab10e02
q8368b294,d8f86df6a
q8368b294,d8c56f244
q8368b294,d8de8a26a
q8368b294,d8777edb4
q8368b294,d878829ae
q8368b294,d89d740d2
q8368b294,d8a569a1c
q8368b294,d8d151e68
q8368b294,d880d3e96
q83a81560,d8acffae2
q83a81560,d8f2d7790
q83a81560,d8cea64de
q83a81560,d8f1fed3c
q83a81560,d8a103658
q83a81560,d8b3c9b16
q83a81560,d82def72a
q83a81560,d8806fb62
q83a81560,d89ba8244
q83a81560,d8dd40e9a
q83d06268,d8b7f7422
q83d06268,d82f20b58
q83d06268,d898c4456
q83d06268,d8bec3d14
q83d06268,d892b089e
q83d06268,d8ed62454
q83d06268,d8a994b0a
q83d06268,d8e903bba
q83d06268,d889169f0
q83d06268,d82375240
q84674e44,d8239fc98
q84674e44,d8e9bc5c0
q84674e44,d8abea972
q84674e44,d897d09f0
q84674e44,d89e28a14
q84674e44,d87eff408
q84674e44,d8d5bdc90
q84674e44,d8684b856
q84674e44,d8239fb62
q84674e44,d89e289a6
q83d346a4,d89a14eaa
q83d346a4,d8bbd02e2
q83d346a4,d8165903e
q83d346a4,d8dd40efe
q83d346a4,d8e26449e
q83d346a4,d8d33013a
q83d346a4,d8d8c159a
q83d346a4,d8e7cc878
q83d346a4,d877720c8
q83d346a4,d8bc26cf0
q83244604,d87e9763c
q83244604,d8cc34020
q83244604,d82267b64
q83244604,d8b7a8e1c
q83244604,d86f84a50
q83244604,d8d1c5d36
q83244604,d8d43dbb8
q83244604,d8ee05a82
q83244604,d86481bd0
q83244604,d8a6e7038
q83fc49be,d8f5e01b2
q83fc49be,d81566618
q83fc49be,d8c3f3a28
q83fc49be,d8a2da198
q83fc49be,d8d624b5c
q83fc49be,d87d80f28
q83fc49be,d8ecca05a
q83fc49be,d8ecca0be
q83fc49be,d8c849834
q83fc49be,d88e7c818
q83f1df74,d895ff360
q83f1df74,d8d46fc44
q83f1df74,d89d891b2
q83f1df74,d88d0baba
q83f1df74,d8deebd62
q83f1df74,d8826ee40
q83f1df74,d879794d4
q83f1df74,d88f99930
q83f1df74,d8c5ed9be
q83f1df74,d8d9d0904
q8524fb92,d82990c38
q8524fb92,d8b6a5556
q8524fb92,d8159e28e
q8524fb92,d8cfa9c28
q8524fb92,d87a98586
q8524fb92,d87abd8fe
q8524fb92,d8df987ba
q8524fb92,d881e2134
q8524fb92,d8f66c680
q8524fb92,d88c78d50
q81e99668,d8239fbee
q81e99668,d897e43c4
q81e99668,d87b9bcbc
q81e99668,d86efa878
q81e99668,d8de397b6
q81e99668,d85eb42c0
q81e99668,d8e0b4df6
q81e99668,d85fa207e
q81e99668,d875a11ae
q81e99668,d898c4456
q85518540,d81d75c5a
q85518540,d8a312660
q85518540,d85f36054
q85518540,d8b054346
q85518540,d8f92177c
q85518540,d8ed6da8e
q85518540,d842dcf7a
q85518540,d8e5e57b2
q85518540,d884c6b7a
q85518540,d82267a42
q84f69ce8,d8e16fee4
q84f69ce8,d8e69fea0
q84f69ce8,d8e561610
q84f69ce8,d8d064910
q84f69ce8,d87ccfda4
q84f69ce8,d819b3162
q84f69ce8,d86aa3dba
q84f69ce8,d8a3625c0
q84f69ce8,d86b9708c
q84f69ce8,d8aa80474
q8315483e,d8737bb90
q8315483e,d86e0ddac
q8315483e,d8a8d00de
q8315483e,d87d2d85a
q8315483e,d89504a1e
q8315483e,d89a14dc4
q8315483e,d8115b2c6
q8315483e,d8adec39c
q8315483e,d8e33b016
q8315483e,d89a46aea
q834a723e,d8b5c2aee
q834a723e,d8b7f7422
q834a723e,d870d5f1c
q834a723e,d8be2ad26
q834a723e,d893b4650
q834a723e,d8ed3193a
q834a723e,d8d6d8e86
q834a723e,d86ae8398
q834a723e,d8729959c
q834a723e,d884a1528
q819acb82,d87528bdc
q819acb82,d8779f424
q819acb82,d8bc1746c
q819acb82,d89a6ea72
q819acb82,d8a4806b4
q819acb82,d813ebdb0
q819acb82,d8b5c2aee
q819acb82,d8f5489f2
q819acb82,d8937492e
q819acb82,d87078902
q8196f2c8,d88e6be8c
q8196f2c8,d8b7c2e20
q8196f2c8,d8b6a56a0
q8196f2c8,d8e01a742
q8196f2c8,d8f1b610e
q8196f2c8,d8d4d279a
q8196f2c8,d885113e6
q8196f2c8,d8af8aa14
q8196f2c8,d8a7dd06e
q8196f2c8,d8f8d68b2
q832a542c,d8a242708
q832a542c,d871ce338
q832a542c,d894c31ae
q832a542c,d8aec2f00
q832a542c,d8857913a
q832a542c,d82a77ab6
q832a542c,d87d4ce08
q832a542c,d8b6cc408
q832a542c,d8738a1d6
q832a542c,d88dacbc2
q822a8e84,d8a8623a4
q822a8e84,d81b364e4
q822a8e84,d884abfe6
q822a8e84,d8a2da198
q822a8e84,d8777ecf6
q822a8e84,d88c1f1f6
q822a8e84,d81a4d4e2
q822a8e84,d8acaade4
q822a8e84,d89498e68
q822a8e84,d8d6e5b22
q835308a4,d8c7c046c
q835308a4,d8e1b1dc6
q835308a4,d8a95feb4
q835308a4,d8e69ffd6
q835308a4,d8ebf3866
q835308a4,d8e1b1d58
q835308a4,d81589636
q835308a4,d8cd0c646
q835308a4,d89a8e6c4
q835308a4,d8dd7a654
q84bd152c,d811284de
q84bd152c,d8b6052d6
q84bd152c,d8c5401b0
q84bd152c,d8a28fc74
q84bd152c,d8c948384
q84bd152c,d8c528466
q84bd152c,d8a266d88
q84bd152c,d884240c8
q84bd152c,d8a4806b4
q84bd152c,d870a7824
q84433acc,d88291fa8
q84433acc,d89e3c514
q84433acc,d87e7e038
q84433acc,d87567152
q84433acc,d86b2f860
q84433acc,d8b849164
q84433acc,d8204017e
q84433acc,d8e251812
q84433acc,d8bd67632
q84433acc,d8d768298
q85c1337c,d81bc4c58
q85c1337c,d8120e420
q85c1337c,d8b8902b2
q85c1337c,d86b7c05c
q85c1337c,d85f2a2b8
q85c1337c,d89337b78
q85c1337c,d8c3580c8
q85c1337c,d860bbdde
q85c1337c,d8b39b2a2
q85c1337c,d874e9766
q85c7f16c,d829d9b5e
q85c7f16c,d81f21e8c
q85c7f16c,d8d624954
q85c7f16c,d818188b6
q85c7f16c,d8e34404e
q85c7f16c,d8a029f70
q85c7f16c,d8d9041e2
q85c7f16c,d8cac6abc
q85c7f16c,d8b083a06
q85c7f16c,d86c4fd12
q833927cc,d87b8ca78
q833927cc,d87b8cb5e
q833927cc,d8642a2d6
q833927cc,d8124330a
q833927cc,d8d1c5d36
q833927cc,d8e541c66
q833927cc,d8115194c
q833927cc,d890abf1c
q833927cc,d81da9ac8
q833927cc,d8a58d084
q84a0ac02,d8b5a192a
q84a0ac02,d81559580
q84a0ac02,d8f2cb4b8
q84a0ac02,d814988f8
q84a0ac02,d8ea378a6
q84a0ac02,d8ae498c6
q84a0ac02,d815dd9fc
q84a0ac02,d81559512
q84a0ac02,d880f10c2
q84a0ac02,d86e2d864
q85a31fae,d815210b8
q85a31fae,d8a4885bc
q85a31fae,d8c66fe96
q85a31fae,d88882868
q85a31fae,d826da6d8
q85a31fae,d8eaec7f6
q85a31fae,d8a8e9bc4
q85a31fae,d86a505e8
q85a31fae,d8a63548c
q85a31fae,d875c50c2
q83f387fc,d818bcd58
q83f387fc,d87fed8b0
q83f387fc,d88df2aa0
q83f387fc,d869b4d32
q83f387fc,d876af55a
q83f387fc,d8c528556
q83f387fc,d8a813b50
q83f387fc,d8ddc69f0
q83f387fc,d890288e2
q83f387fc,d8177aaf8
q826aa5b4,d81922ae0
q826aa5b4,d8204fbba
q826aa5b4,d8b8ccf1e
q826aa5b4,d873d5294
q826aa5b4,d81537462
q826aa5b4,d871672e6
q826aa5b4,d8bdc4eb8
q826aa5b4,d86389ee4
q826aa5b4,d8292c4f4
q826aa5b4,d8194e7e4
q81a4d2c6,d81b489c8
q81a4d2c6,d88aec8ec
q81a4d2c6,d821ebc62
q81a4d2c6,d8d46fc44
q81a4d2c6,d8caae8c2
q81a4d2c6,d868cc320
q81a4d2c6,d85ee07d0
q81a4d2c6,d8d232a9e
q81a4d2c6,d893d3622
q81a4d2c6,d8dc496ae
q82729904,d8a9cb434
q82729904,d855e74b2
q82729904,d8f6c9f60
q82729904,d8c773a72
q82729904,d8a606984
q82729904,d8b477a04
q82729904,d8c28a902
q82729904,d8912bc3a
q82729904,d87fc1d1e
q82729904,d831eaf0a
q84acf93a,d85eea65e
q84acf93a,d8c38eca4
q84acf93a,d8c8c188e
q84acf93a,d8f8d6826
q84acf93a,d8ab4aea4
q84acf93a,d87528cfe
q84acf93a,d870d5f1c
q84acf93a,d884c6d1e
q84acf93a,d87f6f30c
q84acf93a,d86e8e218
q84331f2a,d87078902
q84331f2a,d882b61c8
q84331f2a,d882cc914
q84331f2a,d8670e790
q84331f2a,d8e14a02c
q84331f2a,d8836be7e
q84331f2a,d8a3d4814
q84331f2a,d87e0e76a
q84331f2a,d8f0b4fee
q84331f2a,d8191002a
q859adda8,d82080486
q859adda8,d8a4806b4
q859adda8,d8190ffb2
q859adda8,d8937492e
q859adda8,d89110c64
q859adda8,d85fde0e2
q859adda8,d866e523c
q859adda8,d8156667c
q859adda8,d87d04158
q859adda8,d8d04d602
q81f1664a,d81c091dc
q81f1664a,d8bf90c88
q81f1664a,d8e350dee
q81f1664a,d8c6d6b6e
q81f1664a,d8f0a7236
q81f1664a,d82787a22
q81f1664a,d8185cb56
q81f1664a,d892da932
q81f1664a,d82a77ab6
q81f1664a,d8b083b14
q827ba378,d8d6c6010
q827ba378,d892da932
q827ba378,d8c06ca3a
q827ba378,d8c3f3b86
q827ba378,d878828b4
q827ba378,d87397d9a
q827ba378,d8e50d826
q827ba378,d8e13459c
q827ba378,d89e99520
q827ba378,d881d1a28
q83b44f88,d863cfff2
q83b44f88,d83dd4d5c
q83b44f88,d8b012ac2
q83b44f88,d82a10302
q83b44f88,d86089c08
q83b44f88,d8794db5e
q83b44f88,d8f529c00
q83b44f88,d8d7680ea
q83b44f88,d818cb4d4
q83b44f88,d872e41f0
q85411d0e,d8d757588
q85411d0e,d88362cf2
q85411d0e,d8d4905b6
q85411d0e,d8f4a86a0
q85411d0e,d8d43dab4
q85411d0e,d87eb43ae
q85411d0e,d87b80228
q85411d0e,d88283fde
q85411d0e,d81baf7b8
q85411d0e,d87c97f12
q84f8482c,d885a0938
q84f8482c,d8b0af3e0
q84f8482c,d834278f4
q84f8482c,d8f8aa802
q84f8482c,d8a6e6f20
q84f8482c,d8e29e036
q84f8482c,d812cfc10
q84f8482c,d8e91eb7c
q84f8482c,d8a391104
q84f8482c,d8e903bba
q82604074,d8d768298
q82604074,d82a10406
q82604074,d8c93dd30
q82604074,d8d4e177c
q82604074,d8f1254ec
q82604074,d87851d54
q82604074,d8da14866
q82604074,d88d5e288
q82604074,d8823b1a8
q82604074,d88a4a196
q82a3a3f0,d886a1080
q82a3a3f0,d85f2a2b8
q82a3a3f0,d8d72ed18
q82a3a3f0,d82c60742
q82a3a3f0,d87c6540e
q82a3a3f0,d86a04616
q82a3a3f0,d8e4aa564
q82a3a3f0,d8ea5b13e
q82a3a3f0,d88f877f8
q82a3a3f0,d8d99831a
q816f0236,d80ed4e1c
q816f0236,d87c1d5d2
q816f0236,d82581f84
q816f0236,d81a5d6d0
q816f0236,d85e51e86
q816f0236,d8a4806b4
q816f0236,d8caae8c2
q816f0236,d879f659c
q816f0236,d86030cd4
q816f0236,d866e523c
q84b879fe,d8d62ff20
q84b879fe,d867a3714
q84b879fe,d881638e8
q84b879fe,d8c00c0c2
q84b879fe,d8a854452
q84b879fe,d8c504c32
q84b879fe,d8d930bb6
q84b879fe,d880d3bee
q84b879fe,d8b71cc0a
q84b879fe,d89db7396
q83b92f6c,d8327a646
q83b92f6c,d8c12784e
q83b92f6c,d899480ee
q83b92f6c,d82590106
q83b92f6c,d8cebf056
q83b92f6c,d870a75ea
q83b92f6c,d8df988fa
q83b92f6c,d8b9aa238
q83b92f6c,d83dd4b18
q83b92f6c,d8614a732
q82aa4520,d86cacad0
q82aa4520,d867d8c70
q82aa4520,d88cf8cf8
q82aa4520,d8d1fd538
q82aa4520,d8cd0121e
q82aa4520,d8d1fd4a2
q82aa4520,d8785f1b6
q82aa4520,d88ac731c
q82aa4520,d8f3fd4bc
q82aa4520,d8ad8a16a
q8386beba,d8da2d456
q8386beba,d87ec1c16
q8386beba,d88f70e72
q8386beba,d8894d478
q8386beba,d8af9db64
q8386beba,d86ed2d28
q8386beba,d87b59cb8
q8386beba,d8f125794
q8386beba,d8ef7037c
q8386beba,d8e075ed0
q847f8694,d842dcd9a
q847f8694,d83b5a0f4
q847f8694,d8cf63fc0
q847f8694,d8694b792
q847f8694,d8b7f7422
q847f8694,d8ed317be
q847f8694,d884a1528
q847f8694,d8239fbee
q847f8694,d884a155a
q847f8694,d8be2ad26
q836795c6,d8cdd4178
q836795c6,d86f0e792
q836795c6,d88a37bd6
q836795c6,d8857920c
q836795c6,d8df513ba
q836795c6,d8b7d5002
q836795c6,d8646ec42
q836795c6,d868d9610
q836795c6,d8d757628
q836795c6,d82441bba
q83837aac,d8b2fbbd0
q83837aac,d87e2e560
q83837aac,d870403f4
q83837aac,d889757a2
q83837aac,d883189ae
q83837aac,d8be8d0f2
q83837aac,d87d6c8c0
q83837aac,d8bbb8386
q83837aac,d8177aa80
q83837aac,d85e7988c
q811437fc,d884fed36
q811437fc,d893f1e9c
q811437fc,d8cdd4178
q811437fc,d87d352da
q811437fc,d8f2c16f2
q811437fc,d813cd23e
q811437fc,d83ac85aa
q811437fc,d8e4878de
q811437fc,d8b2fbc52
q811437fc,d87b0fc6c
q856edda2,d863aba12
q856edda2,d8a4806b4
q856edda2,d81e688a6
q856edda2,d8b4da9ba
q856edda2,d8de10ce4
q856edda2,d8b20367e
q856edda2,d8c6316b4
q856edda2,d8a7306de
q856edda2,d8d43dab4
q856edda2,d8da5bee6
q81673f24,d89f7048a
q81673f24,d8ac21a12
q81673f24,d855e743a
q81673f24,d8ca88442
q81673f24,d88ad95da
q81673f24,d88c78d50
q81673f24,d86e7a7a4
q81673f24,d817f6360
q81673f24,d8c18d5ae
q81673f24,d85eaad10
q8373aeec,d8f8244dc
q8373aeec,d8f25f6aa
q8373aeec,d89007bd8
q8373aeec,d8995d520
q8373aeec,d8445e704
q8373aeec,d8a2b4272
q8373aeec,d8785f094
q8373aeec,d8ad5a9f6
q8373aeec,d8b781e98
q8373aeec,d8d37256c
q81701b30,d86978f76
q81701b30,d8151164a
q81701b30,d8bb341bc
q81701b30,d89498cec
q81701b30,d86f92c72
q81701b30,d8d33fd7e
q81701b30,d87a5cdec
q81701b30,d8861eebe
q81701b30,d8ed02f90
q81701b30,d8a27a608
q82739688,d8c8987cc
q82739688,d8aaa2c36
q82739688,d8c9f2794
q82739688,d8ba001ce
q82739688,d85e0b602
q82739688,d818a3a10
q82739688,d892b089e
q82739688,d88100b3a
q82739688,d8a0f7ab0
q82739688,d8a7306de
q8250cb62,d893a24fa
q8250cb62,d893a24aa
q8250cb62,d8a223308
q8250cb62,d8caae8c2
q8250cb62,d866e523c
q8250cb62,d8b7d5002
q8250cb62,d8982ec80
q8250cb62,d885f420e
q8250cb62,d8d43dab4
q8250cb62,d8d783728
q8111431c,d8ee3f11a
q8111431c,d8c1a894e
q8111431c,d87d8104a
q8111431c,d87208146
q8111431c,d86fcfe9c
q8111431c,d8cf59818
q8111431c,d8f1eee78
q8111431c,d8a95feb4
q8111431c,d88fbd5d8
q8111431c,d8a41d028
q82bbf4aa,d815895aa
q82bbf4aa,d81a10312
q82bbf4aa,d8bffd0e0
q82bbf4aa,d897543c8
q82bbf4aa,d8b55c24e
q82bbf4aa,d883f9378
q82bbf4aa,d8a854326
q82bbf4aa,d880d3cf2
q82bbf4aa,d8a3625c0
q82bbf4aa,d8749ddc0
q820c112a,d86bb7238
q820c112a,d87574c6c
q820c112a,d8843b0b6
q820c112a,d89821864
q820c112a,d89821814
q820c112a,d8ee05b40
q820c112a,d88dcb874
q820c112a,d8e4878de
q820c112a,d8dd40e9a
q820c112a,d8bf0d6f8
q843f9840,d889d03b4
q843f9840,d8a0bcec4
q843f9840,d8dbce6fc
q843f9840,d873d5294
q843f9840,d86e2d8b4
q843f9840,d8ec03e78
q843f9840,d8de223fe
q843f9840,d8c882346
q843f9840,d82ba7300
q843f9840,d88212aa0
q811fbd20,d8662405a
q811fbd20,d8ae712d6
q811fbd20,d8c6c15a2
q811fbd20,d8959cdc8
q811fbd20,d88963a7a
q811fbd20,d82787a22
q811fbd20,d8c1fed58
q811fbd20,d8d845d5a
q811fbd20,d833929f2
q811fbd20,d8b36a008
q82eed906,d8ac4107e
q82eed906,d82eeda32
q82eed906,d8a149b76
q82eed906,d8786d130
q82eed906,d812cfc9c
q82eed906,d88fc6660
q82eed906,d812de5d0
q82eed906,d871ce36a
q82eed906,d8a27a590
q82eed906,d89a9ce54
q81f9f8be,d8988f558
q81f9f8be,d89bb4daa
q81f9f8be,d8b546aac
q81f9f8be,d8e2262a2
q81f9f8be,d8dc496ae
q81f9f8be,d8cc02a3e
q81f9f8be,d8b445612
q81f9f8be,d834c5112
q81f9f8be,d8bf0d5fe
q81f9f8be,d87f9935a
q818096a4,d8f6b5b3c
q818096a4,d89a255f2
q818096a4,d8b804e38
q818096a4,d8827ad76
q818096a4,d8b7c30be
q818096a4,d8f5faa08
q818096a4,d8649596e
q818096a4,d8c9482bc
q818096a4,d894cfda0
q818096a4,d8267f04e
q8380395a,d83427aa2
q8380395a,d8cd809c4
q8380395a,d82bd9e4a
q8380395a,d8a54c53e
q8380395a,d882e5784
q8380395a,d8c043a5e
q8380395a,d8a64b87c
q8380395a,d82223b3a
q8380395a,d8822dbde
q8380395a,d8f5faa08
q81ca2b0c,d86089ba4
q81ca2b0c,d87228ebe
q81ca2b0c,d89f86aa0
q81ca2b0c,d8de397b6
q81ca2b0c,d85eb42c0
q81ca2b0c,d8edcebea
q81ca2b0c,d889bcbd4
q81ca2b0c,d8bf0d680
q81ca2b0c,d875a11ae
q81ca2b0c,d8afe3f24
q85270e8c,d8a7c2570
q85270e8c,d87b01f0e
q85270e8c,d8d638008
q85270e8c,d89b9aab8
q85270e8c,d8b51fb96
q85270e8c,d89309426
q85270e8c,d8ed76530
q85270e8c,d8c06caee
q85270e8c,d8445e704
q85270e8c,d838d65da
q847e2c36,d89ac6330
q847e2c36,d87b8cc80
q847e2c36,d8364bba8
q847e2c36,d8c692b08
q847e2c36,d8c59d644
q847e2c36,d8e8c64d6
q847e2c36,d8202fac2
q847e2c36,d8e586686
q847e2c36,d8130c5ca
q847e2c36,d8be2ad26
q85543eb6,d814d947a
q85543eb6,d89d890e0
q85543eb6,d86c3bd80
q85543eb6,d86dbb3cc
q85543eb6,d8ed43324
q85543eb6,d8deebd62
q85543eb6,d824b7e00
q85543eb6,d885de83c
q85543eb6,d8c5aa2cc
q85543eb6,d826cd56e
q82dba4da,d8b910638
q82dba4da,d8cc91932
q82dba4da,d87b8cc80
q82dba4da,d8202fac2
q82dba4da,d8dbbb796
q82dba4da,d8a597a48
q82dba4da,d810a53e0
q82dba4da,d87abda52
q82dba4da,d8d43dbb8
q82dba4da,d88a7a486
q8595bfee,d8943f48a
q8595bfee,d8a7f543e
q8595bfee,d8e3d6ade
q8595bfee,d8b09080a
q8595bfee,d828efd06
q8595bfee,d8ece1f16
q8595bfee,d822f829a
q8595bfee,d8124330a
q8595bfee,d8c043a9a
q8595bfee,d870a76bc
q82d3e286,d8b35fa9a
q82d3e286,d87053ac6
q82d3e286,d895ad09c
q82d3e286,d8c86908a
q82d3e286,d8b20f8b6
q82d3e286,d8df513ba
q82d3e286,d88465e9c
q82d3e286,d8c38eca4
q82d3e286,d889757a2
q82d3e286,d8614a6ba
q830dae8a,d80ee27b0
q830dae8a,d89ca887e
q830dae8a,d8e316d06
q830dae8a,d8f238bb8
q830dae8a,d8b0311c0
q830dae8a,d8ef0c534
q830dae8a,d89c3809c
q830dae8a,d88d9aaf8
q830dae8a,d8880226c
q830dae8a,d8777ecf6
q81e7a268,d8745189e
q81e7a268,d8df72bbe
q81e7a268,d8e5fd97a
q81e7a268,d8bd31654
q81e7a268,d89f12e48
q81e7a268,d87574c6c
q81e7a268,d827f3cd6
q81e7a268,d8cfb1ff4
q81e7a268,d8a28fb2a
q81e7a268,d8247e0ba
q815b4e3a,d8d41564a
q815b4e3a,d885ac7c4
q815b4e3a,d8f8055aa
q815b4e3a,d8f35fb4a
q815b4e3a,d85fde0e2
q815b4e3a,d8f13f3f6
q815b4e3a,d8d6e5a96
q815b4e3a,d8ec03e78
q815b4e3a,d8827ad76
q815b4e3a,d81694f62
q814c11c2,d8cff51fa
q814c11c2,d814c142e
q814c11c2,d8e541aa4
q814c11c2,d8a626a86
q814c11c2,d8ea37748
q814c11c2,d87c97d64
q814c11c2,d8bf90d82
q814c11c2,d8b963004
q814c11c2,d8dd133e6
q814c11c2,d8e4ea5ce
q823c56fa,d8f25f6aa
q823c56fa,d8181896a
q823c56fa,d80f34e2a
q823c56fa,d8191002a
q823c56fa,d8e881796
q823c56fa,d8aba7546
q823c56fa,d8f094758
q823c56fa,d829edae6
q823c56fa,d8aa3af82
q823c56fa,d8f748478
q83ef4f2a,d81a5d586
q83ef4f2a,d88e4a692
q83ef4f2a,d85da442a
q83ef4f2a,d86dcdc98
q83ef4f2a,d8623d086
q83ef4f2a,d89f4dbc4
q83ef4f2a,d8aa2da3a
q83ef4f2a,d8792ecf4
q83ef4f2a,d86bb72ce
q83ef4f2a,d8f193c44
q838e3f14,d838e404a
q838e3f14,d877c9ddc
q838e3f14,d8b68d5fa
q838e3f14,d887e68be
q838e3f14,d8927fb9a
q838e3f14,d87ceade8
q838e3f14,d8b2ec720
q838e3f14,d82080530
q838e3f14,d8ea8bcd0
q838e3f14,d87ec1d10
q83a31056,d8a751ec4
q83a31056,d8b3b77b8
q83a31056,d896d2e86
q83a31056,d86261d96
q83a31056,d8c8c188e
q83a31056,d8239fbee
q83a31056,d8d3127de
q83a31056,d884a1528
q83a31056,d8bf90de6
q83a31056,d893b4650
q844fa212,d8a3a41be
q844fa212,d8a67f5c8
q844fa212,d8dd40e9a
q844fa212,d8267f2e2
q844fa212,d870a76bc
q844fa212,d8f3a740e
q844fa212,d86b4c1a4
q844fa212,d8124330a
q844fa212,d8da2d5d2
q844fa212,d8822dba2
q816bd7aa,d89813a84
q816bd7aa,d810fb4f2
q816bd7aa,d886121d2
q816bd7aa,d89a8e638
q816bd7aa,d8f4a865a
q816bd7aa,d8a133498
q816bd7aa,d8a9b524c
q816bd7aa,d898c4456
q816bd7aa,d87f7b49a
q816bd7aa,d8bf0d5fe
q845fe974,d81bf4304
q845fe974,d81bf4174
q845fe974,d8e22636a
q845fe974,d896447d0
q845fe974,d8cf74208
q845fe974,d89e647da
q845fe974,d869a26fa
q845fe974,d838f1e52
q845fe974,d88dacadc
q845fe974,d87e0e8aa
q8227f58e,d86d4d5f2
q8227f58e,d892b089e
q8227f58e,d86d4d732
q8227f58e,d880b0446
q8227f58e,d8c2351a0
q8227f58e,d814f5ab2
q8227f58e,d89a8e638
q8227f58e,d8e0b4df6
q8227f58e,d8a0bcdb6
q8227f58e,d898c4456
q831cc906,d8cd8acbc
q831cc906,d8d1c5d36
q831cc906,d8f35fb4a
q831cc906,d8996d98e
q831cc906,d86f0e792
q831cc906,d8d7575d8
q831cc906,d8d1fd402
q831cc906,d888f5854
q831cc906,d86e9b8aa
q831cc906,d88d15efc
q83c6be48,d889a7edc
q83c6be48,d8f4a86a0
q83c6be48,d8e0b4e82
q83c6be48,d8d1fd59c
q83c6be48,d897e4496
q83c6be48,d8ee11c56
q83c6be48,d8b308dda
q83c6be48,d85fddf16
q83c6be48,d81baf7b8
q83c6be48,d8caa03ee
q8164abd8,d87e20550
q8164abd8,d815e5c7e
q8164abd8,d8204fd4a
q8164abd8,d861e3a54
q8164abd8,d8b5fc0fa
q8164abd8,d875f1cee
q8164abd8,d8b8bf12a
q8164abd8,d8cd34a38
q8164abd8,d8836be7e
q8164abd8,d8f44f76c
q838ac280,d814a3a0a
q838ac280,d88fc6660
q838ac280,d8a0a329e
q838ac280,d8f8d6826
q838ac280,d893fda26
q838ac280,d873d5294
q838ac280,d8a597944
q838ac280,d87da9cd4
q838ac280,d82e4f04e
q838ac280,d8dc495b4
q857e548a,d8445e56a
q857e548a,d8a133394
q857e548a,d8b34cdc8
q857e548a,d87964fa2
q857e548a,d8add2c26
q857e548a,d8f63a900
q857e548a,d81f2e754
q857e548a,d81b7d646
q857e548a,d89e28a14
q857e548a,d8d45d030
q819e62ec,d85e0b4cc
q819e62ec,d860c5050
q819e62ec,d85e0b580
q819e62ec,d8bd97486
q819e62ec,d8a64b87c
q819e62ec,d82223b3a
q819e62ec,d8822dbde
q819e62ec,d8bf4eff4
q819e62ec,d8e86753a
q819e62ec,d842c8c64
q81190e80,d8843b0b6
q81190e80,d8ba12e3c
q81190e80,d877c9d5a
q81190e80,d8b728406
q81190e80,d88dcb874
q81190e80,d88a11dc8
q81190e80,d8c18d6c6
q81190e80,d8f0b4eb8
q81190e80,d88f70d0a
q81190e80,d883a3be4
q839fd986,d891ea7c0
q839fd986,d8dbcea4e
q839fd986,d85e7988c
q839fd986,d828efd56
q839fd986,d881d1a28
q839fd986,d8f8cb480
q839fd986,d8d845d5a
q839fd986,d877bddc0
q839fd986,d8c56f244
q839fd986,d8110acf4
q84e247d4,d8a5a3398
q84e247d4,d8e7cc7b0
q84e247d4,d8751613a
q84e247d4,d8c66ff9a
q84e247d4,d81e68806
q84e247d4,d86d240bc
q84e247d4,d89663d92
q84e247d4,d8ef70480
q84e247d4,d8880b6be
q84e247d4,d8a5582d0
q82356106,d8cd9d5c4
q82356106,d89678440
q82356106,d89c035f4
q82356106,d81be6718
q82356106,d8646ec42
q82356106,d8be45e46
q82356106,d8f1b621c
q82356106,d8196f46c
q82356106,d828a59b8
q82356106,d8f0947da
q84581c94,d8b7f72ec
q84581c94,d871ce28e
q84581c94,d8b06e318
q84581c94,d8e6131da
q84581c94,d862153a6
q84581c94,d8b3e3192
q84581c94,d8b910638
q84581c94,d87e20550
q84581c94,d8e305b00
q84581c94,d8ed62328
q84fab918,d84d3772c
q84fab918,d86c4fd12
q84fab918,d8d27b30c
q84fab918,d8aadb4b4
q84fab918,d8b8bf12a
q84fab918,d8ba5ab4c
q84fab918,d81521180
q84fab918,d8714501a
q84fab918,d8ea20e4e
q84fab918,d8726490a
q822d5cfe,d8f6c9f06
q822d5cfe,d87c97cf6
q822d5cfe,d8c3f3b0e
q822d5cfe,d8efba5da
q822d5cfe,d881d1a28
q822d5cfe,d8a0a329e
q822d5cfe,d8cd8abcc
q822d5cfe,d8a7f543e
q822d5cfe,d860c5118
q822d5cfe,d8120e344
q827065e4,d8c926298
q827065e4,d8f43c3b0
q827065e4,d8c9759ce
q827065e4,d8ca47cf8
q827065e4,d8ecea116
q827065e4,d81ffb9e8
q827065e4,d88ec564e
q827065e4,d8ae167b4
q827065e4,d86e2d8b4
q827065e4,d8f0a7358
q816dc54c,d810b77fc
q816dc54c,d816dc6dc
q816dc54c,d8642a358
q816dc54c,d8e3d6a48
q816dc54c,d8b3e3192
q816dc54c,d8eabdf1e
q816dc54c,d8bef6994
q816dc54c,d80f19a44
q816dc54c,d8a994ab0
q816dc54c,d8e8c65c6
q81b36020,d8a8623a4
q81b36020,d8a27a6d0
q81b36020,d8af97340
q81b36020,d819070a6
q81b36020,d8e00868c
q81b36020,d813f955a
q81b36020,d8aba73fc
q81b36020,d8d91e3f8
q81b36020,d8f696b6a
q81b36020,d8da2d53c
q8140c07e,d8e29de60
q8140c07e,d871193d4
q8140c07e,d8b044536
q8140c07e,d8140c1d2
q8140c07e,d88244cee
q8140c07e,d8327a6d2
q8140c07e,d873c18a2
q8140c07e,d894c30dc
q8140c07e,d88244c94
q8140c07e,d8789c49e
q8523400e,d8d259b4e
q8523400e,d86e6dca2
q8523400e,d8d24b238
q8523400e,d81bf41ec
q8523400e,d82223b3a
q8523400e,d82ba7260
q8523400e,d8a925b1a
q8523400e,d83b9f4b0
q8523400e,d86b4c2da
q8523400e,d8f5faa08
q82b03f02,d87e56cae
q82b03f02,d872994ca
q82b03f02,d86f0e792
q82b03f02,d8749dcd0
q82b03f02,d89c28714
q82b03f02,d81218600
q82b03f02,d8afbddd8
q82b03f02,d8751607c
q82b03f02,d86989218
q82b03f02,d86ca177a
q81e874cc,d8c3f3be0
q81e874cc,d80ee26ca
q81e874cc,d8145f17a
q81e874cc,d8883c07a
q81e874cc,d8dc06480
q81e874cc,d86481bd0
q81e874cc,d891682e8
q81e874cc,d8259f3ea
q81e874cc,d88c6f002
q81e874cc,d8e8eef12
q8190fe5e,d82a10406
q8190fe5e,d8c3f39ba
q8190fe5e,d8ecea116
q8190fe5e,d813b9086
q8190fe5e,d86bdfa3a
q8190fe5e,d8de223fe
q8190fe5e,d8e6e6a12
q8190fe5e,d8b3b76b4
q8190fe5e,d8707877c
q8190fe5e,d8c0438f6
q8267ef2c,d86d241ac
q8267ef2c,d88e580da
q8267ef2c,d8267f1c0
q8267ef2c,d87920366
q8267ef2c,d8c7913ce
q8267ef2c,d8e075ed0
q8267ef2c,d8adf5f6e
q8267ef2c,d86ed2d28
q8267ef2c,d8f125794
q8267ef2c,d86d24152
q84e70b0c,d824b7e00
q84e70b0c,d880387b6
q84e70b0c,d8be9bb5c
q84e70b0c,d879202bc
q84e70b0c,d884ac1d0
q84e70b0c,d86d0329a
q84e70b0c,d86315422
q84e70b0c,d86773d3e
q84e70b0c,d813f9618
q84e70b0c,d8193ebe6
q80ee24d6,d89d96cea
q80ee24d6,d89c3809c
q80ee24d6,d8a2da198
q80ee24d6,d8c3f39ba
q80ee24d6,d8ef0c534
q80ee24d6,d8c692b08
q80ee24d6,d8e2b4b60
q80ee24d6,d87b803cc
q80ee24d6,d8bc8d338
q80ee24d6,d8f63a900
q856b1fc8,d8a3d47ba
q856b1fc8,d8dd55796
q856b1fc8,d8e2643a4
q856b1fc8,d8641cf46
q856b1fc8,d81a4d3d4
q856b1fc8,d8e37ec9e
q856b1fc8,d8ce46868
q856b1fc8,d81f2e70e
q856b1fc8,d820400fc
q856b1fc8,d88bf522a
q829d983e,d87f8a468
q829d983e,d89629804
q829d983e,d8ac9fed0
q829d983e,d8827ae2a
q829d983e,d88791d78
q829d983e,d86e3849e
q829d983e,d8ee34ab2
q829d983e,d8202fce8
q829d983e,d881d191a
q829d983e,d89e994bc
q835f1be4,d86481c2a
q835f1be4,d89644ac8
q835f1be4,d89ca887e
q835f1be4,d86d31078
q835f1be4,d8880226c
q835f1be4,d8a3edbd4
q835f1be4,d8777ecf6
q835f1be4,d8aff4fc2
q835f1be4,d8acaade4
q835f1be4,d80ee27b0
q8262126e,d82267aec
q8262126e,d8ee05b40
q8262126e,d89c3825e
q8262126e,d8d99831a
q8262126e,d8d64e646
q8262126e,d89bd4844
q8262126e,d8b75929a
q8262126e,d8da6685a
q8262126e,d8e0599f6
q8262126e,d8c259118
q8266f522,d8c05bf0a
q8266f522,d8d3d345c
q8266f522,d8a4806b4
q8266f522,d8b35fa9a
q8266f522,d86bdfada
q8266f522,d8be8d0f2
q8266f522,d8cb482ec
q8266f522,d85f3611c
q8266f522,d89b24318
q8266f522,d8bff2550
q84fe3854,d81452196
q84fe3854,d81a10394
q84fe3854,d8ec20596
q84fe3854,d8a3edbd4
q84fe3854,d8f748478
q84fe3854,d8b49caca
q84fe3854,d8181896a
q84fe3854,d8c29a622
q84fe3854,d81486c70
q84fe3854,d88f63b28
q81c284ce,d8e8c6468
q81c284ce,d8b39b0d6
q81c284ce,d86338094
q81c284ce,d8ee3f11a
q81c284ce,d864d215c
q81c284ce,d8bbb8386
q81c284ce,d83b9f596
q81c284ce,d873d5294
q81c284ce,d86b9708c
q81c284ce,d8ae2da90
q8200a484,d86d9ff3c
q8200a484,d8e73f2b6
q8200a484,d8b838044
q8200a484,d877720c8
q8200a484,d8f5d5c76
q8200a484,d892c8322
q8200a484,d8d6f43f2
q8200a484,d81498952
q8200a484,d87e0e8aa
q8200a484,d88cc7f40
q85974f26,d8bb12a4e
q85974f26,d88c1f08e
q85974f26,d8d9d07ec
q85974f26,d8b93b252
q85974f26,d8ef90550
q85974f26,d882e5784
q85974f26,d89498bc0
q85974f26,d82aee6fc
q85974f26,d8d415690
q85974f26,d8c13b4ac
q85a67226,d8bd86dfc
q85a67226,d86d31078
q85a67226,d88d9aaf8
q85a67226,d8a2da198
q85a67226,d897bc70c
q85a67226,d8a4806b4
q85a67226,d89ca8734
q85a67226,d87d04158
q85a67226,d866e523c
q85a67226,d8937492e
q82893600,d8a9cb434
q82893600,d894c30dc
q82893600,d8c28a902
q82893600,d8b9c13de
q82893600,d867a36ba
q82893600,d8c00c054
q82893600,d83374362
q82893600,d8a3e1b9a
q82893600,d8ecca230
q82893600,d8edceafa
q85c994c2,d8f1254ec
q85c994c2,d8bcea286
q85c994c2,d8c9cf898
q85c994c2,d8a3edc74
q85c994c2,d8f6ea3c8
q85c994c2,d86eac52e
q85c994c2,d8ca0ff9c
q85c994c2,d8c1da598
q85c994c2,d87a379c0
q85c994c2,d8b805040
q82a5395e,d89bb4daa
q82a5395e,d89bd489e
q82a5395e,d8f89e606
q82a5395e,d8f8055aa
q82a5395e,d87dc67c6
q82a5395e,d88c1f188
q82a5395e,d89e28a82
q82a5395e,d8239fc98
q82a5395e,d88ec55a4
q82a5395e,d87809b94
q83e33cbc,d810b77fc
q83e33cbc,d8e3d6a48
q83e33cbc,d8c30527e
q83e33cbc,d827745bc
q83e33cbc,d8edcebea
q83e33cbc,d87c543de
q83e33cbc,d870d5f1c
q83e33cbc,d8dd8d3f8
q83e33cbc,d89f869ec
q83e33cbc,d87817fe6
q81d96a7c,d8d059844
q81d96a7c,d86a58ad6
q81d96a7c,d8d2ea43c
q81d96a7c,d814988b2
q81d96a7c,d8ac21a58
q81d96a7c,d8f24863a
q81d96a7c,d8ea7c550
q81d96a7c,d8d2c9bce
q81d96a7c,d8159e39c
q81d96a7c,d85f3611c
q815ccfda,d83392a88
q815ccfda,d87bac490
q815ccfda,d8b39b176
q815ccfda,d8d1372a2
q815ccfda,d89ac63d0
q815ccfda,d891a87e4
q815ccfda,d8c948384
q815ccfda,d8aa8038e
q815ccfda,d8959cba2
q815ccfda,d8c8fc2fe
q8291a70e,d8c7c046c
q8291a70e,d8a95feb4
q8291a70e,d8dd7a654
q8291a70e,d8cd8acbc
q8291a70e,d8c57dbaa
q8291a70e,d8ebf3866
q8291a70e,d8e69ffd6
q8291a70e,d8d8c1428
q8291a70e,d8e82ff9a
q8291a70e,d86c667c4
q859158be,d87a987c0
q859158be,d873574a2
q859158be,d8af692a6
q859158be,d8e86731e
q859158be,d86b4c2da
q859158be,d8aec2f3c
q859158be,d8d65f46e
q859158be,d8bbb8386
q859158be,d8b94b080
q859158be,d86023a66
q819f63ea,d8194e91a
q819f63ea,d89477b8c
q819f63ea,d8a7b5e88
q819f63ea,d8dcf1098
q819f63ea,d8267f2a6
q819f63ea,d8ced76c4
q819f63ea,d8dd7a7bc
q819f63ea,d875c5022
q819f63ea,d87be6f78
q819f63ea,d88c884da
q825216e8,d8202fb30
q825216e8,d88a4a1e6
q825216e8,d8c6a6f18
q825216e8,d8822db5c
q825216e8,d8664f7dc
q825216e8,d87b8cc80
q825216e8,d8f340b32
q825216e8,d8775a568
q825216e8,d89ad1a00
q825216e8,d82604236
q817e574a,d8afd3bba
q817e574a,d87f3c42a
q817e574a,d861e3a54
q817e574a,d8dba3998
q817e574a,d889ff1a0
q817e574a,d815e5c7e
q817e574a,d873d5294
q817e574a,d8c06c95e
q817e574a,d8e2642a0
q817e574a,d8ed98bf8
q82a101d6,d8d064910
q82a101d6,d82a10406
q82a101d6,d89ed62c2
q82a101d6,d8df5fe92
q82a101d6,d89ed6308
q82a101d6,d8df5fef6
q82a101d6,d81447c5a
q82a101d6,d8c3d35d4
q82a101d6,d8e7d750c
q82a101d6,d8d575d1e
q854c5836,d81180850
q854c5836,d8b9e8010
q854c5836,d86fcff78
q854c5836,d813b8e42
q854c5836,d820d0562
q854c5836,d82b42036
q854c5836,d8c528466
q854c5836,d87ccfda4
q854c5836,d8b10a5f6
q854c5836,d826da890
q842dcb60,d842dcf7a
q842dcb60,d8b054346
q842dcb60,d884fed36
q842dcb60,d82080652
q842dcb60,d8b3fe500
q842dcb60,d8cd216fe
q842dcb60,d8ed6da8e
q842dcb60,d8f193e56
q842dcb60,d8e5e57b2
q842dcb60,d893f1e9c
q81a8f77a,d87e56cae
q81a8f77a,d881a79ee
q81a8f77a,d8de22458
q81a8f77a,d889e4d5a
q81a8f77a,d8115b3e8
q81a8f77a,d87d57a38
q81a8f77a,d8d39ca06
q81a8f77a,d8c849834
q81a8f77a,d875e602e
q81a8f77a,d868c1696
q83c8aae6,d89abe2ca
q83c8aae6,d891db1f8
q83c8aae6,d8ee299d2
q83c8aae6,d86439d08
q83c8aae6,d869ea39c
q83c8aae6,d87208146
q83c8aae6,d8bbd02e2
q83c8aae6,d8ee29b6c
q83c8aae6,d89fc2cbc
q83c8aae6,d8628744c
q847b33be,d828efd06
q847b33be,d87acf0f4
q847b33be,d890e01ea
q847b33be,d8b7d5002
q847b33be,d830e507e
q847b33be,d818a3952
q847b33be,d8cc91932
q847b33be,d8d9ffad8
q847b33be,d88caa53a
q847b33be,d8f193e56
q81ac2d50,d818fa748
q81ac2d50,d8927fac8
q81ac2d50,d8ec31756
q81ac2d50,d8e2643a4
q81ac2d50,d8883c07a
q81ac2d50,d8a05945a
q81ac2d50,d8f73dde8
q81ac2d50,d8c12784e
q81ac2d50,d87abda52
q81ac2d50,d861f40b6
q858eb974,d8c6835cc
q858eb974,d88f99a2a
q858eb974,d8770a806
q858eb974,d8124330a
q858eb974,d89110c64
q858eb974,d88e58062
q858eb974,d8922bf2c
q858eb974,d8bea8e88
q858eb974,d86081a76
q858eb974,d86d24206
q853283b6,d819e656c
q853283b6,d889a7de2
q853283b6,d86887176
q853283b6,d8d3fbda8
q853283b6,d815210b8
q853283b6,d8199c8b8
q853283b6,d8738a258
q853283b6,d8afb07e6
q853283b6,d819e64e0
q853283b6,d8822dc2e
q8186be08,d8b316f2a
q8186be08,d8186c024
q8186be08,d86fcff78
q8186be08,d8dd7a7bc
q8186be08,d89337a42
q8186be08,d89c4f6c0
q8186be08,d82604236
q8186be08,d8e68d7b4
q8186be08,d8186bf20
q8186be08,d8875ff3a
q85895092,d8c66ff9a
q85895092,d8b10a70e
q85895092,d8f68a432
q85895092,d8b20f7da
q85895092,d8f748478
q85895092,d8181896a
q85895092,d88eb29fe
q85895092,d8e7d758e
q85895092,d8ea20ebc
q85895092,d8b97f092
q81f21d9c,d8de10d8e
q81f21d9c,d8ad8a4f8
q81f21d9c,d894cfe18
q81f21d9c,d8e09d34a
q81f21d9c,d8e7fb9ca
q81f21d9c,d8d1c5c82
q81f21d9c,d8f49182e
q81f21d9c,d885a0938
q81f21d9c,d834278f4
q81f21d9c,d893bfab4
q839a8cf6,d81d04d98
q839a8cf6,d8664f688
q839a8cf6,d8a31255c
q839a8cf6,d8a216464
q839a8cf6,d8daf9d3a
q839a8cf6,d8a06df22
q839a8cf6,d8bea8d98
q839a8cf6,d8c5fadd0
q839a8cf6,d8e62f6d2
q839a8cf6,d8b805004
q835c7114,d8f193e56
q835c7114,d8cf47348
q835c7114,d885f4074
q835c7114,d8ac57680
q835c7114,d86d4d87c
q835c7114,d88a93404
q835c7114,d88f8774e
q835c7114,d8e0b4d24
q835c7114,d8e65dd34
q835c7114,d8684b77a
q83385ebe,d8b0a1eac
q83385ebe,d8b16dcc8
q83385ebe,d8e5c1100
q83385ebe,d8ac4107e
q83385ebe,d85fa207e
q83385ebe,d8e4aa564
q83385ebe,d82def6b2
q83385ebe,d815dd894
q83385ebe,d8f1feb2a
q83385ebe,d87821960
q814985ec,d8b71cc6e
q814985ec,d8f1eee78
q814985ec,d8968e092
q814985ec,d8c95a692
q814985ec,d8a27a608
q814985ec,d8b740a9c
q814985ec,d8bbb8386
q814985ec,d8c70843e
q814985ec,d812433b4
q814985ec,d82cf6b5c
q851f21c2,d86760d42
q851f21c2,d88511288
q851f21c2,d86155c04
q851f21c2,d81f2e6b4
q851f21c2,d818bcd08
q851f21c2,d86b8b368
q851f21c2,d8c1b42bc
q851f21c2,d87ee5724
q851f21c2,d8d0d5322
q851f21c2,d816223ea
q85bb6136,d8ed6da8e
q85bb6136,d86760e00
q85bb6136,d8d0d5110
q85bb6136,d87f7b5e4
q85bb6136,d8a4806b4
q85bb6136,d89d22c64
q85bb6136,d8f92177c
q85bb6136,d86337fcc
q85bb6136,d8c6d6af6
q85bb6136,d8d575e40
q84b4101c,d863c233e
q84b4101c,d8dc6d81a
q84b4101c,d86887068
q84b4101c,d8d83b68e
q84b4101c,d8d8cc6b6
q84b4101c,d8a78939c
q84b4101c,d834c520c
q84b4101c,d86a87584
q84b4101c,d8bf5bf24
q84b4101c,d82a3a51c
q824fcc9e,d8ce9206a
q824fcc9e,d88038892
q824fcc9e,d8ba7634c
q824fcc9e,d8a2a82c4
q824fcc9e,d81e687a2
q824fcc9e,d86cf7166
q824fcc9e,d88c35780
q824fcc9e,d8e47c1e6
q824fcc9e,d89a6e95a
q824fcc9e,d8e4ea4ac
q831d73a6,d8f6ea332
q831d73a6,d8c77398c
q831d73a6,d8aacbaaa
q831d73a6,d8184fc8a
q831d73a6,d81a102ae
q831d73a6,d87abdaf2
q831d73a6,d8dfc2a7e
q831d73a6,d89dc25c0
q831d73a6,d8bc1753e
q831d73a6,d8a30208a
q854f9d2a,d8eed09b2
q854f9d2a,d8e3bfd0c
q854f9d2a,d8373b22a
q854f9d2a,d8c08e9aa
q854f9d2a,d87068994
q854f9d2a,d864b4f4e
q854f9d2a,d82729b34
q854f9d2a,d87bb67e2
q854f9d2a,d8992644e
q854f9d2a,d8623cff0
q82815ed0,d8d4c5266
q82815ed0,d8e4aa32a
q82815ed0,d8200a5b0
q82815ed0,d8d637ef0
q82815ed0,d888225ee
q82815ed0,d8aac3080
q82815ed0,d8d3a9a58
q82815ed0,d8dfe9930
q82815ed0,d8a8fcc74
q82815ed0,d881d1a28
q816427ee,d8e879730
q816427ee,d8bcea420
q816427ee,d8ca63caa
q816427ee,d8a58d084
q816427ee,d88e1c5b2
q816427ee,d8c408374
q816427ee,d86a5070a
q816427ee,d8e675b8c
q816427ee,d88f99ade
q816427ee,d867d8d9c
q850271a8,d8afd3a84
q850271a8,d8a149bb2
q850271a8,d8a28fca6
q850271a8,d8d3c5654
q850271a8,d893fda26
q850271a8,d8f5e022a
q850271a8,d8dbe56e0
q850271a8,d8c5400d4
q850271a8,d89151c78
q850271a8,d81ee4140
q824b7c3e,d824b7e00
q824b7c3e,d880387b6
q824b7c3e,d8be9bb5c
q824b7c3e,d879202bc
q824b7c3e,d884ac1d0
q824b7c3e,d86d0329a
q824b7c3e,d86315422
q824b7c3e,d86773d3e
q824b7c3e,d813f9618
q824b7c3e,d8c1090c4
q8312357c,d86760d42
q8312357c,d8d0d5322
q8312357c,d8942edf6
q8312357c,d8e0599f6
q8312357c,d8db0b18e
q8312357c,d8c6316b4
q8312357c,d85f42ffc
q8312357c,d8ac21a12
q8312357c,d8e350e52
q8312357c,d8f8055aa
q833a573c,d810b7770
q833a573c,d886784be
q833a573c,d8d1462de
q833a573c,d82eeda32
q833a573c,d8c397cb4
q833a573c,d862c3eec
q833a573c,d8782c176
q833a573c,d8e77af28
q833a573c,d8e7b935e
q833a573c,d875492ba
q8220b65c,d8a43f6fa
q8220b65c,d814a3a0a
q8220b65c,d8da9f9a2
q8220b65c,d89018320
q8220b65c,d823e99a6
q8220b65c,d89abe540
q8220b65c,d8bf3a48c
q8220b65c,d88e286d2
q8220b65c,d8ca0347c
q8220b65c,d89985dae
q83112876,d884b7a3a
q83112876,d8f68a388
q83112876,d8bef68b8
q83112876,d8bf0d6f8
q83112876,d86f5c8e8
q83112876,d86bc2a48
q83112876,d871b1e68
q83112876,d884dac2e
q83112876,d8cef8130
q83112876,d8f8d6920
q8518426c,d8d1db1a4
q8518426c,d837f6070
q8518426c,d8eaec896
q8518426c,d81be6718
q8518426c,d89678440
q8518426c,d897bc70c
q8518426c,d8f0947da
q8518426c,d828a59b8
q8518426c,d8646ec42
q8518426c,d8cd9d5c4
q8177a756,d8177a896
q8177a756,d8b1dbd9a
q8177a756,d8c5e0480
q8177a756,d8c305166
q8177a756,d87005362
q8177a756,d880bf090
q8177a756,d89f26ed4
q8177a756,d886121d2
q8177a756,d8177aa80
q8177a756,d8d4d28e4
q8485967e,d880f107c
q8485967e,d881c81e4
q8485967e,d8f6a8856
q8485967e,d8232f0ba
q8485967e,d8f91439c
q8485967e,d885114f4
q8485967e,d8126d164
q8485967e,d8873b054
q8485967e,d87eff34a
q8485967e,d8a5a3398
q847740b0,d8aefb508
q847740b0,d86f3d9fc
q847740b0,d889e4bd4
q847740b0,d82d2ca22
q847740b0,d8d4156f4
q847740b0,d87befcd6
q847740b0,d8eabdff0
q847740b0,d8cc02af2
q847740b0,d8a8e9bc4
q847740b0,d8727efa8
q81b5f0ec,d818cb3a8
q81b5f0ec,d87b80228
q81b5f0ec,d8c6614cc
q81b5f0ec,d8641cda2
q81b5f0ec,d8e2643f4
q81b5f0ec,d8b51fb00
q81b5f0ec,d8e2e88ca
q81b5f0ec,d891682e8
q81b5f0ec,d810b791e
q81b5f0ec,d8b0de38e
q84892e92,d871193d4
q84892e92,d8e11c0be
q84892e92,d888827be
q84892e92,d8e49359e
q84892e92,d88f99a2a
q84892e92,d8e96bbac
q84892e92,d88ffb61c
q84892e92,d8789c49e
q84892e92,d8b4b048a
q84892e92,d89b4e488
q81fc8034,d8c043a5e
q81fc8034,d8b000818
q81fc8034,d8a84115e
q81fc8034,d8d7575d8
q81fc8034,d873fec2a
q81fc8034,d8663c02e
q81fc8034,d89abe540
q81fc8034,d8ca0347c
q81fc8034,d8dbce846
q81fc8034,d88291fa8
q82a22138,d8e0598d4
q82a22138,d812a0d0c
q82a22138,d88f99a2a
q82a22138,d8d9ffc22
q82a22138,d812a0d70
q82a22138,d8ee05a82
q82a22138,d8c5aa2cc
q82a22138,d894cfd46
q82a22138,d8a3625c0
q82a22138,d86dbb3cc
q82074078,d8267f2e2
q82074078,d8d64e646
q82074078,d866e523c
q82074078,d87053ac6
q82074078,d8c07e33e
q82074078,d8e56c36c
q82074078,d8e98cc62
q82074078,d87851e94
q82074078,d8a223308
q82074078,d8d1fd59c
q823e98ca,d87d2d792
q823e98ca,d8bf90d82
q823e98ca,d8e7fbab0
q823e98ca,d87f5cb94
q823e98ca,d8870b502
q823e98ca,d8c07e208
q823e98ca,d8b962fa0
q823e98ca,d89e3c654
q823e98ca,d8b93b252
q823e98ca,d89498bc0
q81731cae,d87d418fa
q81731cae,d837f6002
q81731cae,d86030cd4
q81731cae,d8693f41a
q81731cae,d8f8bc7fa
q81731cae,d868871c6
q81731cae,d8b9db338
q81731cae,d8cd9d542
q81731cae,d8ac36d90
q81731cae,d8f838bc6
q856bb866,d87e56cae
q856bb866,d8115b3e8
q856bb866,d8de22458
q856bb866,d881a79ee
q856bb866,d889e4d5a
q856bb866,d8ee05b40
q856bb866,d8b4da9ba
q856bb866,d8746a57e
q856bb866,d8be2ad26
q856bb866,d8c1ec2c0
q82497998,d87fed8b0
q82497998,d8dbcea4e
q82497998,d8c8d06fe
q82497998,d8cb39e90
q82497998,d8b7593d0
q82497998,d8a2a82c4
q82497998,d876af55a
q82497998,d8c170698
q82497998,d8eed0b92
q82497998,d81f2e83a
q84c1b802,d8f5e022a
q84c1b802,d893fda26
q84c1b802,d8f8f8444
q84c1b802,d8c5400d4
q84c1b802,d8b6f9a34
q84c1b802,d8afd3a84
q84c1b802,d8a3e1b9a
q84c1b802,d8d3c5654
q84c1b802,d81c09236
q84c1b802,d860fde14
q82e92768,d82e9295c
q82e92768,d8be8d0f2
q82e92768,d8c5e0480
q82e92768,d82a93dba
q82e92768,d8a4806b4
q82e92768,d8bbb8386
q82e92768,d8926162c
q82e92768,d828e3ad8
q82e92768,d86e2d724
q82e92768,d8ee05b40
q8271c4f2,d873b57aa
q8271c4f2,d8271c5ec
q8271c4f2,d8b49ca3e
q8271c4f2,d8a00cde4
q8271c4f2,d8c2d5e16
q8271c4f2,d8d590a6a
q8271c4f2,d89629642
q8271c4f2,d87434c8a
q8271c4f2,d80f0aa58
q8271c4f2,d8bd4b9dc
q8391f000,d828caa88
q8391f000,d8dc6d73e
q8391f000,d8a606a74
q8391f000,d8c791310
q8391f000,d89aed412
q8391f000,d8a348f80
q8391f000,d862755bc
q8391f000,d8d39c8da
q8391f000,d88dbe58e
q8391f000,d88143480
q81c5a8c0,d870a7824
q81c5a8c0,d8ecca230
q81c5a8c0,d8614a732
q81c5a8c0,d8c00c054
q81c5a8c0,d8b9c13de
q81c5a8c0,d87e41e08
q81c5a8c0,d8f125474
q81c5a8c0,d8c9e1e26
q81c5a8c0,d8b569278
q81c5a8c0,d8a8bae8c
q825b9718,d889d03b4
q825b9718,d8d609cc6
q825b9718,d826da890
q825b9718,d8a58d1b0
q825b9718,d873d5294
q825b9718,d87534752
q825b9718,d8c59d59a
q825b9718,d8aed1a0a
q825b9718,d8a0bcec4
q825b9718,d875f1cee
q8178ae1c,d8aa2d9e0
q8178ae1c,d8740b920
q8178ae1c,d8bbdd0f0
q8178ae1c,d8124330a
q8178ae1c,d8c692b08
q8178ae1c,d8f0251a0
q8178ae1c,d86dbb3cc
q8178ae1c,d89d890e0
q8178ae1c,d86c3bd80
q8178ae1c,d814d947a
q8128f872,d87264946
q8128f872,d8726490a
q8128f872,d88283f66
q8128f872,d89dd0d50
q8128f872,d8a616b5e
q8128f872,d824fd022
q8128f872,d89aed412
q8128f872,d8a5e5a0e
q8128f872,d8c3675be
q8128f872,d8f72771e
q80ef6abc,d877bdca8
q80ef6abc,d8f790c78
q80ef6abc,d897890a0
q80ef6abc,d8aa5184a
q80ef6abc,d8a8cff9e
q80ef6abc,d8b51fb00
q80ef6abc,d8a4806b4
q80ef6abc,d8a41cfb0
q80ef6abc,d8942edf6
q80ef6abc,d811aaf06
q8372ab1e,d87508bb6
q8372ab1e,d82787b30
q8372ab1e,d8c62058a
q8372ab1e,d8698915a
q8372ab1e,d888eaa12
q8372ab1e,d8c95a548
q8372ab1e,d8e29df1e
q8372ab1e,d88df2a50
q8372ab1e,d8e5c1100
q8372ab1e,d8619f854
q82ea1bb4,d8ab7e9c0
q82ea1bb4,d8cbbf6c6
q82ea1bb4,d814a3a0a
q82ea1bb4,d88d5e44a
q82ea1bb4,d8c33786e
q82ea1bb4,d863562c4
q82ea1bb4,d8c52860a
q82ea1bb4,d889f76bc
q82ea1bb4,d8adf5e6a
q82ea1bb4,d87817f0a
q845a7ee4,d813a4104
q845a7ee4,d813a41c2
q845a7ee4,d862f0a82
q845a7ee4,d8b34cdc8
q845a7ee4,d88d47b96
q845a7ee4,d8239fb62
q845a7ee4,d862f0a46
q845a7ee4,d8eeb9ca8
q845a7ee4,d862f080c
q845a7ee4,d831eadca
q822f7f2a,d8143a212
q822f7f2a,d8b06e264
q822f7f2a,d86a2e506
q822f7f2a,d8acc08c4
q822f7f2a,d8995d598
q822f7f2a,d86261d96
q822f7f2a,d893b4650
q822f7f2a,d8e305a60
q822f7f2a,d86261e54
q822f7f2a,d89007bd8
q8576c1f2,d8749de1a
q8576c1f2,d8a149bb2
q8576c1f2,d8a6b0042
q8576c1f2,d8642a358
q8576c1f2,d8c8df80c
q8576c1f2,d8db949d4
q8576c1f2,d8f2486ee
q8576c1f2,d8ad741f8
q8576c1f2,d86dcdc98
q8576c1f2,d864c92e6
q823410b2,d82a93dba
q823410b2,d85e7988c
q823410b2,d88465e9c
q823410b2,d8bbb8386
q823410b2,d8ee3f11a
q823410b2,d8be8d0f2
q823410b2,d8b06e264
q823410b2,d8ae2da90
q823410b2,d895ad09c
q823410b2,d8777edb4
q83462972,d86875c00
q83462972,d8200a83a
q83462972,d8c7d2b76
q83462972,d8b6118f6
q83462972,d8577735e
q83462972,d8124330a
q83462972,d8871db08
q83462972,d870a787e
q83462972,d8aba73fc
q83462972,d81c09236
q843c7958,d8937485c
q843c7958,d8a89ea0c
q843c7958,d8f861922
q843c7958,d8c8acc0e
q843c7958,d8bd740a8
q843c7958,d8f3eb140
q843c7958,d8c8c18fc
q843c7958,d8e69fea0
q843c7958,d8dc06426
q843c7958,d85eb4464
q8125caf8,d8617c796
q8125caf8,d8dd8d646
q8125caf8,d8bbd02e2
q8125caf8,d8e5e57b2
q8125caf8,d828efc02
q8125caf8,d8b054346
q8125caf8,d8cfb1ff4
q8125caf8,d8f92177c
q8125caf8,d8bea8d98
q8125caf8,d8afe3d76
q82ee4676,d810fb4f2
q82ee4676,d81f02028
q82ee4676,d8ef7fa3e
q82ee4676,d898c4456
q82ee4676,d8a0f7ab0
q82ee4676,d8a67f5c8
q82ee4676,d8b9aa238
q82ee4676,d89b1acf0
q82ee4676,d8e95dc3c
q82ee4676,d8f4a865a
q85d11300,d88fbd5d8
q85d11300,d8aec2e88
q85d11300,d8b69875c
q85d11300,d8bf4f03a
q85d11300,d8b94b080
q85d11300,d8ee05b40
q85d11300,d89be0f0e
q85d11300,d87b4de2c
q85d11300,d8a95feb4
q85d11300,d8f286e62
q811e915c,d871ce36a
q811e915c,d8ac4107e
q811e915c,d87f3c3bc
q811e915c,d86978f76
q811e915c,d85fbdc98
q811e915c,d87851d9a
q811e915c,d815115be
q811e915c,d8c6a6f18
q811e915c,d8c00bfa0
q811e915c,d82eeda32
q83f97dba,d8d3191a6
q83f97dba,d8c3f3b0e
q83f97dba,d8cd34880
q83f97dba,d8cc6f8be
q83f97dba,d812de468
q83f97dba,d881d1a28
q83f97dba,d8b37872a
q83f97dba,d8bae4ffe
q83f97dba,d8f07321a
q83f97dba,d8204017e
q85cfd724,d87f3c466
q85cfd724,d87a08abc
q85cfd724,d8a8783d4
q85cfd724,d87fae1e2
q85cfd724,d86e8e218
q85cfd724,d8806fb62
q85cfd724,d81252148
q85cfd724,d8d3a9c9c
q85cfd724,d8ed6db24
q85cfd724,d89a9ce54
q81251e82,d8bb12a4e
q81251e82,d8b190b56
q81251e82,d88c1f08e
q81251e82,d8ed43194
q81251e82,d8ed4327a
q81251e82,d86cf721a
q81251e82,d881638e8
q81251e82,d8bc5c210
q81251e82,d86023944
q81251e82,d8b0de460
q83a513ba,d8792024e
q83a513ba,d86e9b8aa
q83a513ba,d8c07e2bc
q83a513ba,d89a14dc4
q83a513ba,d8de10e92
q83a513ba,d8ee11c56
q83a513ba,d82aee6fc
q83a513ba,d88ad9670
q83a513ba,d8e82ff9a
q83a513ba,d8ebf3866
q83133436,d86cd28ac
q83133436,d86cd29a6
q83133436,d82384cae
q83133436,d894afe60
q83133436,d86cacad0
q83133436,d8e7afa70
q83133436,d89ee5e3e
q83133436,d8e599a6a
q83133436,d8d1fd538
q83133436,d8ad8a16a
q837788f0,d8a616b5e
q837788f0,d8caba280
q837788f0,d863562c4
q837788f0,d8ec685c6
q837788f0,d814a3a0a
q837788f0,d869a26fa
q837788f0,d86b05a06
q837788f0,d8d4906b0
q837788f0,d8f04829a
q837788f0,d8953275c
q85cd693a,d8ee34bc0
q85cd693a,d8e7cc706
q85cd693a,d88a11dc8
q85cd693a,d82200db0
q85cd693a,d88eb29fe
q85cd693a,d86de5988
q85cd693a,d8c803ee2
q85cd693a,d8d1fd402
q85cd693a,d8d1fd59c
q85cd693a,d812de404
q8582252e,d8623cff0
q8582252e,d88e7c8fe
q8582252e,d881c818a
q8582252e,d86bb72ce
q8582252e,d8eed09b2
q8582252e,d8ded89c4
q8582252e,d8373b22a
q8582252e,d8c68370c
q8582252e,d8e3bfd0c
q8582252e,d87bb67e2
q8398e9fa,d8204ff2a
q8398e9fa,d8712c65a
q8398e9fa,d89754544
q8398e9fa,d8ee8ceec
q8398e9fa,d862b5b1c
q8398e9fa,d8641cca8
q8398e9fa,d872c719a
q8398e9fa,d88244c94
q8398e9fa,d8d1c5bb0
q8398e9fa,d88d15d1c
q84cbe61a,d814c142e
q84cbe61a,d8b8ccf1e
q84cbe61a,d86f0e792
q84cbe61a,d86444618
q84cbe61a,d891759f2
q84cbe61a,d86b2f7de
q84cbe61a,d874451ac
q84cbe61a,d8d2c9b56
q84cbe61a,d882cca2c
q84cbe61a,d8bea8ef6
q83ddee88,d81452196
q83ddee88,d8e6faeae
q83ddee88,d81f21f40
q83ddee88,d88ffb680
q83ddee88,d8e8c63b4
q83ddee88,d87e4c9e8
q83ddee88,d8b7c2e20
q83ddee88,d86617314
q83ddee88,d88bf522a
q83ddee88,d8d4d279a
q810a5124,d87b4de2c
q810a5124,d8ac0cb08
q810a5124,d8c9260ea
q810a5124,d872c7294
q810a5124,d812325d2
q810a5124,d8184fc8a
q810a5124,d8ec685c6
q810a5124,d87b01f0e
q810a5124,d86f0e92c
q810a5124,d8825d7f8
q820d0378,d820d0490
q820d0378,d8e82ff9a
q820d0378,d89d22c64
q820d0378,d8ed6da8e
q820d0378,d89ba8244
q820d0378,d8f92177c
q820d0378,d87b6433e
q820d0378,d892da932
q820d0378,d81521180
q820d0378,d8637a912
q84ed6326,d8ca47cf8
q84ed6326,d8ae167b4
q84ed6326,d89007cf0
q84ed6326,d8f04829a
q84ed6326,d8a2ea12e
q84ed6326,d8c926298
q84ed6326,d86e2d8b4
q84ed6326,d8be2ad26
q84ed6326,d81ffb9e8
q84ed6326,d85eaad10
q83bdabd2,d8dc7b00a
q83bdabd2,d8eabdf1e
q83bdabd2,d818cb592
q83bdabd2,d8190ffb2
q83bdabd2,d81e74174
q83bdabd2,d86e1fab6
q83bdabd2,d8614a91c
q83bdabd2,d8e675c72
q83bdabd2,d86760e00
q83bdabd2,d8e09d34a
q81eef32e,d89bb4daa
q81eef32e,d8ce70870
q81eef32e,d883dba26
q81eef32e,d82267aec
q81eef32e,d810fb466
q81eef32e,d8b031242
q81eef32e,d89f4dc3c
q81eef32e,d875670c6
q81eef32e,d879794d4
q81eef32e,d8a2425b4
q82acb2ba,d8dca4590
q82acb2ba,d89d0b0dc
q82acb2ba,d8d8f5f02
q82acb2ba,d88928d12
q82acb2ba,d873acb96
q82acb2ba,d8c9260ea
q82acb2ba,d8f38c2e4
q82acb2ba,d82d8f082
q82acb2ba,d8775a48c
q82acb2ba,d8d0e7b30
q84644d66,d8dfd4f80
q84644d66,d8402e864
q84644d66,d88212b9a
q84644d66,d87534752
q84644d66,d8b5fc17c
q84644d66,d8c3f3a28
q84644d66,d89a46a18
q84644d66,d8caf3544
q84644d66,d8c182f0a
q84644d66,d875a10dc
q81f6d2e2,d86d31078
q81f6d2e2,d89ca887e
q81f6d2e2,d89644ac8
q81f6d2e2,d86481c2a
q81f6d2e2,d8a3edbd4
q81f6d2e2,d8aff4fc2
q81f6d2e2,d8acaade4
q81f6d2e2,d8b0311c0
q81f6d2e2,d8d259c84
q81f6d2e2,d8880226c
q83eb26ca,d8937492e
q83eb26ca,d88d34dfc
q83eb26ca,d8a67f5c8
q83eb26ca,d88c0715a
q83eb26ca,d898ef25a
q83eb26ca,d8dc3a0be
q83eb26ca,d83374498
q83eb26ca,d89151e12
q83eb26ca,d8f43c3b0
q83eb26ca,d8c07e262
q84da3364,d8f1eee78
q84da3364,d8bd86dfc
q84da3364,d873d5294
q84da3364,d875f1cee
q84da3364,d881ef1b8
q84da3364,d87b8cb5e
q84da3364,d86023944
q84da3364,d8130c5ca
q84da3364,d8be2ad26
q84da3364,d8c692b08
q81ae8f8c,d819e64e0
q81ae8f8c,d8822db5c
q81ae8f8c,d84845926
q81ae8f8c,d8960fb3e
q81ae8f8c,d8c8d078a
q81ae8f8c,d81f77ad0
q81ae8f8c,d8d3fbd26
q81ae8f8c,d8671f392
q81ae8f8c,d8143a17c
q81ae8f8c,d8eed091c
q8145201a,d81452196
q8145201a,d8825d7f8
q8145201a,d8e6faeae
q8145201a,d88465cc6
q8145201a,d85db9d48
q8145201a,d89cfc672
q8145201a,d8885219a
q8145201a,d8ab10ff6
q8145201a,d87e4c9e8
q8145201a,d8b388544
q84d648f8,d838f1e52
q84d648f8,d8c7c046c
q84d648f8,d87144de0
q84d648f8,d8aeb4842
q84d648f8,d8dd13544
q84d648f8,d8f303f48
q84d648f8,d8d65f3ba
q84d648f8,d8f88988c
q84d648f8,d8ebf3866
q84d648f8,d88d34ed8
q848b3818,d8de39978
q848b3818,d8f43c3b0
q848b3818,d814a3a0a
q848b3818,d8c62058a
q848b3818,d826da890
q848b3818,d870a7798
q848b3818,d8a616b5e
q848b3818,d8e4aa564
q848b3818,d86c66670
q848b3818,d87b01f0e
q83510c84,d891f856e
q83510c84,d8184fdfc
q83510c84,d894eff4c
q83510c84,d81d75c5a
q83510c84,d8a8d00de
q83510c84,d8b7d5002
q83510c84,d8ee9989a
q83510c84,d866e523c
q83510c84,d8124326a
q83510c84,d887600fc
q81825962,d892b089e
q81825962,d8a4806b4
q81825962,d8e0b4df6
q81825962,d8b6354a4
q81825962,d873e1f80
q81825962,d81566618
q81825962,d89cd4c8a
q81825962,d8b3e3192
q81825962,d8aaa2c36
q81825962,d86a8762e
q827db0d2,d8e3eb77c
q827db0d2,d8d504a60
q827db0d2,d8f1eecac
q827db0d2,d8982ec80
q827db0d2,d8d6c5eb2
q827db0d2,d881ef1b8
q827db0d2,d8d3191a6
q827db0d2,d8af8ab0e
q827db0d2,d86b2f860
q827db0d2,d8d8853d8
q858a1a5e,d88aec89c
q858a1a5e,d8a2165d6
q858a1a5e,d8e50d826
q858a1a5e,d8bdb72b8
q858a1a5e,d8dec83a8
q858a1a5e,d878431a0
q858a1a5e,d8c0c04c8
q858a1a5e,d8ddd93c0
q858a1a5e,d8734bd46
q858a1a5e,d8d998220
q84ada312,d82b41f64
q84ada312,d869a26fa
q84ada312,d84dc5f18
q84ada312,d89ec4874
q84ada312,d8bd973e6
q84ada312,d8bd973aa
q84ada312,d829909b8
q84ada312,d88f70d0a
q84ada312,d82b41fe6
q84ada312,d87851de0
q812c0b0c,d812c0c38
q812c0b0c,d87144d0e
q812c0b0c,d85d722b8
q812c0b0c,d8b20f7da
q812c0b0c,d89b7bdb6
q812c0b0c,d89007bd8
q812c0b0c,d8c518e6c
q812c0b0c,d87821884
q812c0b0c,d8e7cc706
q812c0b0c,d8621514e
q8344f5de,d8c043a04
q8344f5de,d85f2a2b8
q8344f5de,d8f29f732
q8344f5de,d8b6dda46
q8344f5de,d81566618
q8344f5de,d8c37cc0c
q8344f5de,d85f361d0
q8344f5de,d8ca0ff42
q8344f5de,d8e09d1a6
q8344f5de,d89ed642a
q84f0138c,d8d845db4
q84f0138c,d8b86597c
q84f0138c,d8edceb4a
q84f0138c,d815cd1ec
q84f0138c,d8ef0c430
q84f0138c,d8130c78c
q84f0138c,d8c38ec36
q84f0138c,d873aca1a
q84f0138c,d812a0f14
q84f0138c,d814a3a0a
q81316fac,d813171b4
q81316fac,d8e50d826
q81316fac,d88ffb70c
q81316fac,d8d000cf8
q81316fac,d82787a22
q81316fac,d884240c8
q81316fac,d867cd352
q81316fac,d870c584c
q81316fac,d8e84a91c
q81316fac,d89197fa2
q8596969e,d88d9abe8
q8596969e,d880208a0
q8596969e,d8dec83a8
q8596969e,d88465f0a
q8596969e,d888523c0
q8596969e,d8dc9cc0a
q8596969e,d89c4f80a
q8596969e,d8cee7b3c
q8596969e,d8e3eb77c
q8596969e,d8f1eecac
q81e68536,d81e688a6
q81e68536,d8202fc16
q81e68536,d878099b4
q81e68536,d8a4806b4
q81e68536,d8cea64de
q81e68536,d8f8f8444
q81e68536,d8700527c
q81e68536,d8cee7b3c
q81e68536,d8af10660
q81e68536,d88f8774e
q81c79824,d88000c08
q81c79824,d880208a0
q81c79824,d8cbe89fe
q81c79824,d8cee7b3c
q81c79824,d81c79982
q81c79824,d86389f84
q81c79824,d8c37ccb6
q81c79824,d8dc9cc0a
q81c79824,d88465f0a
q81c79824,d8a522c8e
q81fd9366,d82e92858
q81fd9366,d86b3c4de
q81fd9366,d8445e56a
q81fd9366,d8888e17c
q81fd9366,d873e1fc6
q81fd9366,d80f19972
q81fd9366,d8d8cc774
q81fd9366,d8888dfa6
q81fd9366,d8160f3b2
q81fd9366,d8b5dccbe
q84dc5c34,d8d9f196a
q84dc5c34,d89f86a50
q84dc5c34,d8120e420
q84dc5c34,d87da9cd4
q84dc5c34,d81bc4c58
q84dc5c34,d8f1771d4
q84dc5c34,d8e44778e
q84dc5c34,d85f2a2b8
q84dc5c34,d8794030a
q84dc5c34,d86f5c8e8
q812ed2d8,d89cc922c
q812ed2d8,d88f63a6a
q812ed2d8,d89efb9dc
q812ed2d8,d89c3809c
q812ed2d8,d88eb2ad0
q812ed2d8,d8bc8d216
q812ed2d8,d8edb97cc
q812ed2d8,d87e7de9e
q812ed2d8,d88e03fd0
q812ed2d8,d8e5fd7ae
q857cef82,d86f0e792
q857cef82,d81c286ea
q857cef82,d82f20c66
q857cef82,d872994ca
q857cef82,d8d3624aa
q857cef82,d8f2f1ac8
q857cef82,d8caa03ee
q857cef82,d8ca47cf8
q857cef82,d8e2f5278
q857cef82,d8dd40e9a
q8126ce80,d890abdd2
q8126ce80,d8786d0d6
q8126ce80,d815cd0fc
q8126ce80,d86b4c24e
q8126ce80,d818fa8b0
q8126ce80,d8f89e606
q8126ce80,d8d4905b6
q8126ce80,d8e3eb88a
q8126ce80,d8e0b4d24
q8126ce80,d81ffbb3c
q844dbad8,d8402ea26
q844dbad8,d8a5ad050
q844dbad8,d8d609cc6
q844dbad8,d8a411e58
q844dbad8,d8dfd4f3a
q844dbad8,d88ad9670
q844dbad8,d8a5e5a9a
q844dbad8,d8867855e
q844dbad8,d8c397cb4
q844dbad8,d88928bfa
q84845660,d8d5a132e
q84845660,d8b406610
q84845660,d84845980
q84845660,d8b5a192a
q84845660,d8a4b413a
q84845660,d8600bbaa
q84845660,d8c981828
q84845660,d84845a0c
q84845660,d8d698b60
q84845660,d89212c70
q82287360,d86c11652
q82287360,d8c882346
q82287360,d89c0de6e
q82287360,d8de399d2
q82287360,d8634d05c
q82287360,d8784315a
q82287360,d873d5294
q82287360,d8b14ccd0
q82287360,d8e02c8d4
q82287360,d8204fbba
q829bcdd8,d8f44f76c
q829bcdd8,d8b57cc56
q829bcdd8,d8753470c
q829bcdd8,d8ee11ce2
q829bcdd8,d87b7026a
q829bcdd8,d86ce3cba
q829bcdd8,d8d34d88e
q829bcdd8,d87e20550
q829bcdd8,d861e3a54
q829bcdd8,d8a8e996c
q81f93208,d87ea4940
q81f93208,d8ef7fa3e
q81f93208,d88465cc6
q81f93208,d8c3580c8
q81f93208,d8a4b3ff0
q81f93208,d8d624b5c
q81f93208,d8126d164
q81f93208,d8c6a6ea0
q81f93208,d8c05c0ea
q81f93208,d863d00c4
q811517ee,d891682e8
q811517ee,d8c14bdc0
q811517ee,d8145f17a
q811517ee,d891a87e4
q811517ee,d885d3112
q811517ee,d8e2645b6
q811517ee,d8edceafa
q811517ee,d8c5fb08c
q811517ee,d8b51fb00
q811517ee,d862a7d1e
q8265da70,d889d03b4
q8265da70,d8d609cc6
q8265da70,d8dd4bb06
q8265da70,d873d5294
q8265da70,d812a0f14
q8265da70,d8a58d1b0
q8265da70,d8ca63caa
q8265da70,d826da890
q8265da70,d8aed1a0a
q8265da70,d8c59d59a
q81f4d938,d8dde1eb2
q81f4d938,d8df513ba
q81f4d938,d8402e5a8
q81f4d938,d8c60e060
q81f4d938,d8e3d6ade
q81f4d938,d8ae62510
q81f4d938,d8a4806b4
q81f4d938,d895e2bd4
q81f4d938,d88940b74
q81f4d938,d899c5800
q82eb0f9c,d8adbdc18
q82eb0f9c,d8a8e9afc
q82eb0f9c,d86887176
q82eb0f9c,d8c6d6af6
q82eb0f9c,d8b308dda
q82eb0f9c,d872994ca
q82eb0f9c,d86a8753e
q82eb0f9c,d811aaf06
q82eb0f9c,d82f20c66
q82eb0f9c,d813a41c2
q81aa19b6,d8c6c167e
q81aa19b6,d81aa1ba0
q81aa19b6,d8a4a437a
q81aa19b6,d8e50d826
q81aa19b6,d8b5f3e32
q81aa19b6,d89dc25c0
q81aa19b6,d8729050a
q81aa19b6,d8b71cc6e
q81aa19b6,d8bcea286
q81aa19b6,d8f767cb0
q845b385c,d813f955a
q845b385c,d882b6100
q845b385c,d8aba73fc
q845b385c,d8b728460
q845b385c,d89ba81ae
q845b385c,d860fde14
q845b385c,d8cdd4178
q845b385c,d888774f4
q845b385c,d8b1ba9b0
q845b385c,d88c78d50
q8539a24a,d8a355776
q8539a24a,d8d609cc6
q8539a24a,d815665c8
q8539a24a,d851738c2
q8539a24a,d87ab19d2
q8539a24a,d87c0c16a
q8539a24a,d8f5a2240
q8539a24a,d8695f99a
q8539a24a,d89d96d58
q8539a24a,d89c6ba0a
q8586ac20,d872c7294
q8586ac20,d8445e56a
q8586ac20,d883dba26
q8586ac20,d8982ec80
q8586ac20,d8ee3f11a
q8586ac20,d88ac731c
q8586ac20,d8cdd4178
q8586ac20,d8e226464
q8586ac20,d889757a2
q8586ac20,d866e523c
q84f51a8a,d8d4d279a
q84f51a8a,d8b7c2e20
q84f51a8a,d8a67f3e8
q84f51a8a,d8e605f9e
q84f51a8a,d8bbd0454
q84f51a8a,d8d3d345c
q84f51a8a,d8a894b7e
q84f51a8a,d894b0054
q84f51a8a,d8202fb8a
q84f51a8a,d8b4b05e8
q85984980,d8dcdc6d4
q85984980,d815dd9fc
q85984980,d8f36b9fe
q85984980,d8609ed92
q85984980,d8de10d8e
q85984980,d8aacba3c
q85984980,d889169f0
q85984980,d8ad8a4f8
q85984980,d87528cfe
q85984980,d8dcdc814
q8328ed6c,d8a3e1b0e
q8328ed6c,d8aff4fc2
q8328ed6c,d8794db5e
q8328ed6c,d8c9261a8
q8328ed6c,d872e41f0
q8328ed6c,d8b8bf080
q8328ed6c,d89498e68
q8328ed6c,d8a2da198
q8328ed6c,d814c1370
q8328ed6c,d80ed4f70
q83f8afde,d8f6b5b3c
q83f8afde,d89348b4e
q83f8afde,d8c6316b4
q83f8afde,d8bb3423e
q83f8afde,d8ca88370
q83f8afde,d8a4cf0ac
q83f8afde,d88423fc4
q83f8afde,d8606f0ce
q83f8afde,d83dd4d5c
q83f8afde,d8e3fa1c8
q82a009b6,d81635922
q82a009b6,d89a25598
q82a009b6,d873acbf0
q82a009b6,d887d2d46
q82a009b6,d88038892
q82a009b6,d8dc39fec
q82a009b6,d8d3ef68e
q82a009b6,d8a8d00de
q82a009b6,d8b1ba9b0
q82a009b6,d8be9babc
q81ee3fa6,d81ee42da
q81ee3fa6,d8a3e192e
q81ee3fa6,d85f42ffc
q81ee3fa6,d8a3e196a
q81ee3fa6,d86efa9c2
q81ee3fa6,d8e350e52
q81ee3fa6,d8b8134b0
q81ee3fa6,d88cf8d98
q81ee3fa6,d8ae06058
q81ee3fa6,d886f7ea8
q8184fb22,d87eff462
q8184fb22,d8e503d12
q8184fb22,d8e8a662c
q8184fb22,d8203ffd0
q8184fb22,d8dec83a8
q8184fb22,d89c4f80a
q8184fb22,d880208a0
q8184fb22,d895f0fcc
q8184fb22,d8cf598cc
q8184fb22,d827ba65c
q85ca9516,d88995aa2
q85ca9516,d8ddd9334
q85ca9516,d890288e2
q85ca9516,d889169f0
q85ca9516,d81ca2cec
q85ca9516,d86400de6
q85ca9516,d842dcd9a
q85ca9516,d8cdc72c0
q85ca9516,d8c259118
q85ca9516,d8733fe06
q846cc1ee,d8d86da9e
q846cc1ee,d8b66f50a
q846cc1ee,d8ea377f2
q846cc1ee,d8a6a4026
q846cc1ee,d8c326fa0
q846cc1ee,d863cff52
q846cc1ee,d813cd3f6
q846cc1ee,d8165917e
q846cc1ee,d8c73c540
q846cc1ee,d88038892
q818187da,d88f63b28
q818187da,d8ef0c660
q818187da,d88292138
q818187da,d8ea7c46a
q818187da,d82729ada
q818187da,d8dcdc620
q818187da,d8b48dea8
q818187da,d8da469d8
q818187da,d88c4b120
q818187da,d8a3625c0
q84370e1e,d82f20b58
q84370e1e,d898c4456
q84370e1e,d8b7f7422
q84370e1e,d8d45d198
q84370e1e,d880b0446
q84370e1e,d880bf090
q84370e1e,d8abd3060
q84370e1e,d8ef7fa3e
q84370e1e,d8b5c2aee
q84370e1e,d892b089e
q811dbf2a,d824fd022
q811dbf2a,d8e903c50
q811dbf2a,d88a7a486
q811dbf2a,d811dc222
q811dbf2a,d89c92ac4
q811dbf2a,d8a5e5b62
q811dbf2a,d82787ad6
q811dbf2a,d8af248b8
q811dbf2a,d8f7e6cc2
q811dbf2a,d8df6000e
q83ac8384,d8e5614b2
q83ac8384,d824b7f9a
q83ac8384,d820b0f3c
q83ac8384,d8f67caee
q83ac8384,d8dfe9700
q83ac8384,d8855245e
q83ac8384,d8f3a7328
q83ac8384,d8f238dde
q83ac8384,d8da667ce
q83ac8384,d8d46fc44
q84ce42de,d8a522c0c
q84ce42de,d880f1126
q84ce42de,d87be6d52
q84ce42de,d87b4de2c
q84ce42de,d8cbcc060
q84ce42de,d8b4b0674
q84ce42de,d8a894b7e
q84ce42de,d8b3fe5aa
q84ce42de,d8a2e98c8
q84ce42de,d8cd2174e
q854769d4,d8b78e88c
q854769d4,d877bdca8
q854769d4,d8aa5184a
q854769d4,d887a48e2
q854769d4,d877bdd2a
q854769d4,d80ef6dd2
q854769d4,d8b8bf080
q854769d4,d8a3e1b0e
q854769d4,d86d9fe60
q854769d4,d893a2414
q8201b8d8,d8c3d3804
q8201b8d8,d89393072
q8201b8d8,d8e80f7d6
q8201b8d8,d88d15e5c
q8201b8d8,d8e33b016
q8201b8d8,d8201ba40
q8201b8d8,d87d8104a
q8201b8d8,d8c6316b4
q8201b8d8,d8f303f48
q8201b8d8,d8a7306de
q831acf48,d8c1a89d0
q831acf48,d8dcdc6d4
q831acf48,d8779f08c
q831acf48,d8c692b08
q831acf48,d877c9ddc
q831acf48,d89c92baa
q831acf48,d8f63a900
q831acf48,d85ee0a1e
q831acf48,d8dc8cb7a
q831acf48,d8be2ad26
q8205e688,d894c31ae
q8205e688,d8a223380
q8205e688,d8836be7e
q8205e688,d8b94b080
q8205e688,d81a10218
q8205e688,d86cf7166
q8205e688,d8185cc32
q8205e688,d8de5817a
q8205e688,d8c08ea68
q8205e688,d89ac63d0
q82b41e56,d82b4220c
q82b41e56,d8953275c
q82b41e56,d89c6ba0a
q82b41e56,d8865da06
q82b41e56,d88a71174
q82b41e56,d8a84115e
q82b41e56,d86f5c8e8
q82b41e56,d89663d24
q82b41e56,d8b8b1d4a
q82b41e56,d895f0fcc
q84cff2f0,d88fd8ee6
q84cff2f0,d8e13459c
q84cff2f0,d8e65deb0
q84cff2f0,d8b11ac44
q84cff2f0,d89635438
q84cff2f0,d89e993f4
q84cff2f0,d8988f5c6
q84cff2f0,d8e350dee
q84cff2f0,d8a488648
q84cff2f0,d842c8dd6
q85b9e5b8,d85dae664
q85b9e5b8,d8c161936
q85b9e5b8,d8c1618a0
q85b9e5b8,d87851d9a
q85b9e5b8,d8c62058a
q85b9e5b8,d8caae8c2
q85b9e5b8,d87cbddca
q85b9e5b8,d879f659c
q85b9e5b8,d8c182f0a
q85b9e5b8,d8da9f9a2
q82ff7716,d82def72a
q82ff7716,d89028824
q82ff7716,d8e5614b2
q82ff7716,d8ef60c9c
q82ff7716,d8cbe89fe
q82ff7716,d8700527c
q82ff7716,d8ae2db80
q82ff7716,d86ed2bb6
q82ff7716,d82223b3a
q82ff7716,d8f0a7236
q83e22426,d8bf90d82
q83e22426,d8bb12a4e
q83e22426,d8e7fbab0
q83e22426,d8d9d07ec
q83e22426,d86b2f7de
q83e22426,d8870b502
q83e22426,d88c9d498
q83e22426,d8b962fa0
q83e22426,d82aee6fc
q83e22426,d89e3c654
q83b1443c,d8cb39e90
q83b1443c,d89e3c514
q83b1443c,d8992fa26
q83b1443c,d8e452468
q83b1443c,d87e9763c
q83b1443c,d88f63b28
q83b1443c,d8d3191a6
q83b1443c,d88ec564e
q83b1443c,d87492fba
q83b1443c,d8e0599ba
q8314b324,d8927fac8
q8314b324,d8e625600
q8314b324,d818fa748
q8314b324,d8c07e2bc
q8314b324,d8e4aa564
q8314b324,d8abbd9a4
q8314b324,d880209cc
q8314b324,d816cabc6
q8314b324,d85ee087a
q8314b324,d88c9d498
q85940ec4,d831eaf0a
q85940ec4,d88791ec2
q85940ec4,d8aa1de78
q85940ec4,d8cfea05c
q85940ec4,d8a255f1a
q85940ec4,d8e5fd8f8
q85940ec4,d811dc146
q85940ec4,d8e5fd81c
q85940ec4,d811dc222
q85940ec4,d8afe3ef2
q853a6126,d81bf4296
q853a6126,d878d600e
q853a6126,d8d2a59f4
q853a6126,d889a7edc
q853a6126,d8b7d5002
q853a6126,d8ac0cb08
q853a6126,d8b9233fa
q853a6126,d8e0b4e3c
q853a6126,d897e4450
q853a6126,d893a24fa
q835915aa,d8a51080e
q835915aa,d8c5401b0
q835915aa,d8b6a5556
q835915aa,d870a7824
q835915aa,d8edceafa
q835915aa,d815cd0fc
q835915aa,d8861eebe
q835915aa,d8e202550
q835915aa,d825e6c7c
q835915aa,d88c78d50
q81232230,d8181896a
q81232230,d8e487988
q81232230,d8f286e62
q81232230,d8f194036
q81232230,d8e7d75d4
q81232230,d8add2c94
q81232230,d84845926
q81232230,d8d698b60
q81232230,d8803866c
q81232230,d8d698ade
q83a6f7b6,d81bf4296
q83a6f7b6,d8d32ffc8
q83a6f7b6,d877bdb9a
q83a6f7b6,d8c73c676
q83a6f7b6,d8c3580c8
q83a6f7b6,d8d624b5c
q83a6f7b6,d83b9f596
q83a6f7b6,d88a37bd6
q83a6f7b6,d8c73c7a2
q83a6f7b6,d8f790c78
q816357f6,d8a5d64c8
q816357f6,d82384cae
q816357f6,d8b4c192e
q816357f6,d8e7afa70
q816357f6,d89ee5e3e
q816357f6,d8d1eab54
q816357f6,d8a95feb4
q816357f6,d894afe60
q816357f6,d8a95fe28
q816357f6,d8e13459c
q85ba959e,d81e4fb4e
q85ba959e,d88e1c4cc
q85ba959e,d8aeb4842
q85ba959e,d898cf7a2
q85ba959e,d8f193e56
q85ba959e,d8c7c046c
q85ba959e,d88d34ed8
q85ba959e,d8e69ffd6
q85ba959e,d8d2c9b56
q85ba959e,d85eea65e
q81332f22,d88e1c4cc
q81332f22,d81333094
q81332f22,d81589636
q81332f22,d8ac57680
q81332f22,d8912bd02
q81332f22,d8ebf3866
q81332f22,d876def6c
q81332f22,d88552300
q81332f22,d871e165e
q81332f22,d8dc496ae
q8396ee3e,d829eda8c
q8396ee3e,d8c5ed90a
q8396ee3e,d8770a806
q8396ee3e,d8a49a23a
q8396ee3e,d867e1334
q8396ee3e,d8c9260ea
q8396ee3e,d822f829a
q8396ee3e,d8dce4eba
q8396ee3e,d8e04a8c0
q8396ee3e,d8adec2a2
q85b816b6,d886d0ab0
q85b816b6,d8db8abe6
q85b816b6,d8c62058a
q85b816b6,d87d2d972
q85b816b6,d8204fd4a
q85b816b6,d873aca9c
q85b816b6,d8c9260ea
q85b816b6,d8bcd073c
q85b816b6,d8e18a3ca
q85b816b6,d873acb14
q83d15722,d8aed1b04
q83d15722,d8614a91c
q83d15722,d86760e00
q83d15722,d8e675c72
q83d15722,d8b6dd9ec
q83d15722,d8cff52b8
q83d15722,d8b19f21e
q83d15722,d8126d164
q83d15722,d8d5c9586
q83d15722,d8bb341bc
q81c91bd6,d85fde0e2
q81c91bd6,d85ee0a1e
q81c91bd6,d88e1c4cc
q81c91bd6,d88a11dc8
q81c91bd6,d883a3be4
q81c91bd6,d86d0306a
q81c91bd6,d8d2c9c6e
q81c91bd6,d884240c8
q81c91bd6,d882b5fde
q81c91bd6,d8c854694
q83ff4a60,d8794030a
q83ff4a60,d88e7c8a4
q83ff4a60,d8848a634
q83ff4a60,d8e3eb88a
q83ff4a60,d8ef0c660
q83ff4a60,d8165903e
q83ff4a60,d8e44778e
q83ff4a60,d8e8eef12
q83ff4a60,d8da8a3ae
q83ff4a60,d8cb1d7cc
q84f1161a,d885f4164
q84f1161a,d8184fdfc
q84f1161a,d8b0a1eac
q84f1161a,d8b963220
q84f1161a,d88d47cfe
q84f1161a,d824fce4c
q84f1161a,d8e8a647e
q84f1161a,d8b16dcc8
q84f1161a,d8ad741f8
q84f1161a,d8b57ccba
q84d48068,d8e613194
q84d48068,d88e61e14
q84d48068,d8cf47348
q84d48068,d87228ebe
q84d48068,d8bd1789e
q84d48068,d8d575e04
q84d48068,d8848a472
q84d48068,d8d34d834
q84d48068,d870402f0
q84d48068,d8d0c34e2
q81afd040,d86c11652
q81afd040,d895ff2de
q81afd040,d860c4fc4
q81afd040,d8e075dae
q81afd040,d8a35567c
q81afd040,d8d1db1fe
q81afd040,d8c59d59a
q81afd040,d8f5a2164
q81afd040,d81f2e83a
q81afd040,d8ce70870
q858184ca,d886121d2
q858184ca,d889bcc1a
q858184ca,d898c4456
q858184ca,d8e541c66
q858184ca,d810fb4f2
q858184ca,d8b657428
q858184ca,d892b089e
q858184ca,d897e43c4
q858184ca,d8bf0d5fe
q858184ca,d8e0b4df6
q8316fc06,d8cf59818
q8316fc06,d8d9041e2
q8316fc06,d8bbb8386
q8316fc06,d8b740a9c
q8316fc06,d8d43dc6c
q8316fc06,d8e5e5924
q8316fc06,d891980e2
q8316fc06,d86fcfe9c
q8316fc06,d8a7c24a8
q8316fc06,d8aab436e
q827cc5dc,d88fd8ee6
q827cc5dc,d8e13459c
q827cc5dc,d8e65deb0
q827cc5dc,d89e993f4
q827cc5dc,d8b11ac44
q827cc5dc,d842c8dd6
q827cc5dc,d8a626afe
q827cc5dc,d8c59d644
q827cc5dc,d8f0a7236
q827cc5dc,d8c3f3b86
q81bcfd1a,d8f536cd4
q81bcfd1a,d85e0b580
q81bcfd1a,d8c849834
q81bcfd1a,d87c0c0e8
q81bcfd1a,d81566618
q81bcfd1a,d8c75e398
q81bcfd1a,d884b7a3a
q81bcfd1a,d8b6dd9ec
q81bcfd1a,d8d2957f2
q81bcfd1a,d8836be7e
q81e57b96,d86c11652
q81e57b96,d815e5c7e
q81e57b96,d869dcc1a
q81e57b96,d873d5294
q81e57b96,d8c029956
q81e57b96,d87119438
q81e57b96,d8757dc54
q81e57b96,d8de399d2
q81e57b96,d8ea37748
q81e57b96,d861e3a54
q835a4894,d881c81e4
q835a4894,d89b1acf0
q835a4894,d8f34095c
q835a4894,d8184fece
q835a4894,d8e5e583e
q835a4894,d8b48dea8
q835a4894,d814c1370
q835a4894,d87f9935a
q835a4894,d8df513ba
q835a4894,d8aa0452c
q8170c918,d89bcbd98
q8170c918,d8779f384
q8170c918,d8ba12d6a
q8170c918,d8b0de38e
q8170c918,d8a7f54d4
q8170c918,d87097a14
q8170c918,d87d2d85a
q8170c918,d8a7f543e
q8170c918,d870978fc
q8170c918,d86b8b304
q85777200,d838d6698
q85777200,d8dd4ba5c
q85777200,d85777430
q85777200,d8b7d4f08
q85777200,d8e903c50
q85777200,d88940b74
q85777200,d8126d164
q85777200,d8df513ba
q85777200,d8b7d5002
q85777200,d889757a2
q822c51ec,d8a971d9e
q822c51ec,d86b5f0c4
q822c51ec,d86cf721a
q822c51ec,d8c38ee5c
q822c51ec,d8ef0c534
q822c51ec,d8c692b08
q822c51ec,d86cf7292
q822c51ec,d8a2ea12e
q822c51ec,d812cfb3e
q822c51ec,d862490ca
q85003dde,d8642a358
q85003dde,d810b77fc
q85003dde,d80f19a44
q85003dde,d8b190c28
q85003dde,d8b96318a
q85003dde,d86400de6
q85003dde,d88c35780
q85003dde,d8b06e264
q85003dde,d8a00cd80
q85003dde,d870c5752
q8433e9a0,d8b4f5576
q8433e9a0,d873efd9c
q8433e9a0,d8185ccc8
q8433e9a0,d83dd4d5c
q8433e9a0,d8b0312a6
q8433e9a0,d875a11fe
q8433e9a0,d8bba365c
q8433e9a0,d8836be10
q8433e9a0,d873efc5c
q8433e9a0,d8aa2d8a0
q829ed85c,d8b7f72ec
q829ed85c,d8de397b6
q829ed85c,d85d723f8
q829ed85c,d8b57cd0a
q829ed85c,d87479808
q829ed85c,d89bd489e
q829ed85c,d89985dae
q829ed85c,d8d624b5c
q829ed85c,d8ab978c6
q829ed85c,d8cbb2052
q82432d04,d88bf522a
q82432d04,d8f058280
q82432d04,d8749ddc0
q82432d04,d8ce70870
q82432d04,d8685bd78
q82432d04,d8e264520
q82432d04,d8c8df80c
q82432d04,d8b3ef14a
q82432d04,d89aa944c
q82432d04,d8de982e8
q820b0bcc,d8754940e
q820b0bcc,d8d295874
q820b0bcc,d8c6e8f4e
q820b0bcc,d8b024b5a
q820b0bcc,d899c58c8
q820b0bcc,d87078902
q820b0bcc,d8da667ce
q820b0bcc,d8191002a
q820b0bcc,d86bc2976
q820b0bcc,d8c5400d4
q82d6a034,d812c0c38
q82d6a034,d8f790c78
q82d6a034,d8b736858
q82d6a034,d87144d0e
q82d6a034,d85d722b8
q82d6a034,d870d5e22
q82d6a034,d89007bd8
q82d6a034,d8c8acd80
q82d6a034,d89bcbec4
q82d6a034,d8f177292
q8348fc4c,d874e9766
q8348fc4c,d89d89144
q8348fc4c,d8dc58bb8
q8348fc4c,d8a3913c0
q8348fc4c,d88f99a2a
q8348fc4c,d8b3b77b8
q8348fc4c,d871515fe
q8348fc4c,d8c3131c6
q8348fc4c,d8dc7b00a
q8348fc4c,d873c18a2
q83100f7c,d819d23c8
q83100f7c,d86481ca2
q83100f7c,d8e4ea36c
q83100f7c,d819d2526
q83100f7c,d8863d1a2
q83100f7c,d8c975ab4
q83100f7c,d8ae060a8
q83100f7c,d8aaf8546
q83100f7c,d89bf23bc
q83100f7c,d8e4ea3f8
q828c1afa,d875cff72
q828c1afa,d8d43dab4
q828c1afa,d8120e344
q828c1afa,d88de6fac
q828c1afa,d8df060ea
q828c1afa,d8b4b0674
q828c1afa,d88a7121e
q828c1afa,d8848a472
q828c1afa,d86e8e218
q828c1afa,d862a7d1e
q8157d8d6,d8a7b5d0c
q8157d8d6,d8bc26dcc
q8157d8d6,d8b054260
q8157d8d6,d87ea49c2
q8157d8d6,d89cb9994
q8157d8d6,d8f7483b0
q8157d8d6,d8e92af6c
q8157d8d6,d812a0f14
q8157d8d6,d88d5e53a
q8157d8d6,d89f26ed4
q85b90684,d8836be10
q85b90684,d86a875d4
q85b90684,d8f3a7328
q85b90684,d8aa0443c
q85b90684,d890abdd2
q85b90684,d8d3fbd26
q85b90684,d8c73c676
q85b90684,d8caae8c2
q85b90684,d8160f3b2
q85b90684,d8445e6a0
q813cd09a,d8f91439c
q813cd09a,d897ab36c
q813cd09a,d828e3ad8
q813cd09a,d8ba76400
q813cd09a,d814987e0
q813cd09a,d84dc5f18
q813cd09a,d87adb1ba
q813cd09a,d8ea378a6
q813cd09a,d86e7a89e
q813cd09a,d87fae0ac
q82441796,d824419da
q82441796,d894c30dc
q82441796,d83374362
q82441796,d8b2d576e
q82441796,d8b9db130
q82441796,d8ae815aa
q82441796,d8d3624aa
q82441796,d8609ee82
q82441796,d8e757f64
q82441796,d867a36ba
q819d229c,d8779f276
q819d229c,d818cb3a8
q819d229c,d87144fa2
q819d229c,d8b0de38e
q819d229c,d8f70d4cc
q819d229c,d8be614b6
q819d229c,d89a8e638
q819d229c,d87019a06
q819d229c,d8d757452
q819d229c,d827f3da8
q85bc44e8,d8aeb4842
q85bc44e8,d8dd13544
q85bc44e8,d8a95feb4
q85bc44e8,d8c7c046c
q85bc44e8,d8d2a59f4
q85bc44e8,d89a8e6c4
q85bc44e8,d877720c8
q85bc44e8,d816cabc6
q85bc44e8,d86f0e8aa
q85bc44e8,d86444618
q85709e08,d86e6dca2
q85709e08,d81bf41ec
q85709e08,d8c043a5e
q85709e08,d8f5faa08
q85709e08,d8bac1bc6
q85709e08,d83427aa2
q85709e08,d82223b3a
q85709e08,d8c04e670
q85709e08,d8bd741ca
q85709e08,d89c4f7ce
q84805b5a,d8185cc32
q84805b5a,d8bac1d10
q84805b5a,d8b0a1ef2
q84805b5a,d8a4cefda
q84805b5a,d87d4cea8
q84805b5a,d862d1cfe
q84805b5a,d8751613a
q84805b5a,d8f536cd4
q84805b5a,d89e1e78a
q84805b5a,d86dabb66
q83fa38cc,d8ce5486e
q83fa38cc,d8d609cc6
q83fa38cc,d81f77ad0
q83fa38cc,d8a0e3d62
q83fa38cc,d8d151e68
q83fa38cc,d8b4b947c
q83fa38cc,d869dcc1a
q83fa38cc,d8807d938
q83fa38cc,d8cc029a8
q83fa38cc,d8ca63caa
q833b4156,d8ab7ebbe
q833b4156,d8d2dc94a
q833b4156,d82def6b2
q833b4156,d8924d550
q833b4156,d8c8accc2
q833b4156,d8619483c
q833b4156,d8f47a610
q833b4156,d8d8853d8
q833b4156,d89c6bbc2
q833b4156,d8924d514
q8399f3a4,d8e3d6a48
q8399f3a4,d827745bc
q8399f3a4,d8642a358
q8399f3a4,d8b06e264
q8399f3a4,d87c543de
q8399f3a4,d8acc08c4
q8399f3a4,d8f73def6
q8399f3a4,d8cc509a0
q8399f3a4,d8b657428
q8399f3a4,d87817fe6
q83b376e4,d8366a242
q83b376e4,d8366a0b2
q83b376e4,d8ae711aa
q83b376e4,d86287226
q83b376e4,d899fdaac
q83b376e4,d8191002a
q83b376e4,d889958ae
q83b376e4,d8de48e46
q83b376e4,d899fdc6e
q83b376e4,d8e33af80
q8504d8bc,d828efd56
q8504d8bc,d8b8a59c8
q8504d8bc,d87ccfda4
q8504d8bc,d810dcd4a
q8504d8bc,d89c1cc52
q8504d8bc,d8d575d1e
q8504d8bc,d87357542
q8504d8bc,d8df6000e
q8504d8bc,d8aac317a
q8504d8bc,d8611713e
q82e2ab22,d85e7988c
q82e2ab22,d82a93dba
q82e2ab22,d80f34cfe
q82e2ab22,d8861f0c6
q82e2ab22,d8f9144b4
q82e2ab22,d8bbb8386
q82e2ab22,d8dd40e9a
q82e2ab22,d8876014c
q82e2ab22,d8e4cbf8e
q82e2ab22,d887600fc
q829908be,d8402e864
q829908be,d8b9e7e9e
q829908be,d8d0257a6
q829908be,d8c56f0fa
q829908be,d88a2aa4e
q829908be,d88ad95da
q829908be,d8777edb4
q829908be,d8cf64060
q829908be,d8f1eee78
q829908be,d8e95dbd8
q83669e0a,d89bb4e18
q83669e0a,d8ba69b4c
q83669e0a,d8a4cf110
q83669e0a,d8913765c
q83669e0a,d855e7660
q83669e0a,d8b5dcbec
q83669e0a,d8c8987cc
q83669e0a,d8848a666
q83669e0a,d81d75c5a
q83669e0a,d86f0e8aa
q83dd4992,d887e6904
q83dd4992,d8749dc30
q83dd4992,d869890b0
q83dd4992,d87d04158
q83dd4992,d8ea378a6
q83dd4992,d89b31aea
q83dd4992,d8aa64530
q83dd4992,d8c6835cc
q83dd4992,d83dd4cbc
q83dd4992,d8aea7584
q830bca48,d8a3e1b0e
q830bca48,d88c1f1f6
q830bca48,d8e4ea592
q830bca48,d89498e68
q830bca48,d8e7b935e
q830bca48,d87180e58
q830bca48,d87aa36fc
q830bca48,d8402e864
q830bca48,d8a6c7b70
q830bca48,d8202fdb0
q859a1ed6,d8a0bcdb6
q859a1ed6,d89a8e638
q859a1ed6,d8a5bfee4
q859a1ed6,d8b6574e6
q859a1ed6,d89c92baa
q859a1ed6,d87fed8b0
q859a1ed6,d876af55a
q859a1ed6,d8e8a65c8
q859a1ed6,d87bac620
q859a1ed6,d8c773a0e
q810cc3b4,d86a78890
q810cc3b4,d89abe374
q810cc3b4,d8de48f0e
q810cc3b4,d894eff4c
q810cc3b4,d8f767cb0
q810cc3b4,d8782c202
q810cc3b4,d8a0f7ab0
q810cc3b4,d8bf28318
q810cc3b4,d8b8492b8
q810cc3b4,d8ac7302e
q8402e2e2,d8ea98444
q8402e2e2,d8af692a6
q8402e2e2,d8d04d526
q8402e2e2,d88a11dc8
q8402e2e2,d8737bd48
q8402e2e2,d8ca47d5c
q8402e2e2,d8c8acc0e
q8402e2e2,d8d2b2ee2
q8402e2e2,d8f1dad60
q8402e2e2,d8a3b487a
q858cbd4a,d81dfb4d6
q858cbd4a,d8bfb33b4
q858cbd4a,d89bb4daa
q858cbd4a,d89e647da
q858cbd4a,d8f89e606
q858cbd4a,d88ec55a4
q858cbd4a,d895ff2de
q858cbd4a,d8d3624aa
q858cbd4a,d8d768158
q858cbd4a,d87f4fcf0
q83bf4b36,d883cadd4
q83bf4b36,d862f09ec
q83bf4b36,d87befcd6
q83bf4b36,d88791e18
q83bf4b36,d8402e864
q83bf4b36,d876fa14a
q83bf4b36,d8aba74ba
q83bf4b36,d8be2ad26
q83bf4b36,d8130c5ca
q83bf4b36,d8792edbc
q812de33c,d8c2d5ea2
q812de33c,d8ae498c6
q812de33c,d8c854694
q812de33c,d897ab36c
q812de33c,d86d03218
q812de33c,d8d151fd0
q812de33c,d8bb3423e
q812de33c,d8dbe596a
q812de33c,d8bd973aa
q812de33c,d8bac1d10
q85831240,d8e83c650
q85831240,d87bb676a
q85831240,d8734bddc
q85831240,d875d89e2
q85831240,d87c97be8
q85831240,d8a7f55ec
q85831240,d863f4fe6
q85831240,d85d723b2
q85831240,d8d289efc
q85831240,d8777ee18
q851a0e26,d8e4878de
q851a0e26,d8b7a8d18
q851a0e26,d81a5d6d0
q851a0e26,d8ddb692e
q851a0e26,d8cd012a0
q851a0e26,d8f65ba1a
q851a0e26,d8b7a8e1c
q851a0e26,d895ff2de
q851a0e26,d8cd34a38
q851a0e26,d86617314
q8375b8cc,d8c62058a
q8375b8cc,d828a5abc
q8375b8cc,d8bcd073c
q8375b8cc,d8e2434d8
q8375b8cc,d873acb14
q8375b8cc,d8db8abe6
q8375b8cc,d873aca9c
q8375b8cc,d886d0ab0
q8375b8cc,d8c9260ea
q8375b8cc,d897fcb2c
q832c4dfe,d813cd3f6
q832c4dfe,d8a9b524c
q832c4dfe,d886a10ee
q832c4dfe,d8ddc6a9a
q832c4dfe,d8eed09b2
q832c4dfe,d889ff056
q832c4dfe,d8d5c94c8
q832c4dfe,d8a713f7a
q832c4dfe,d89821814
q832c4dfe,d8e4878de
q812a0c08,d8c5aa2cc
q812a0c08,d8d20b8b8
q812a0c08,d8a3913c0
q812a0c08,d871515fe
q812a0c08,d8e435f98
q812a0c08,d87303884
q812a0c08,d8b49caca
q812a0c08,d887559a4
q812a0c08,d8d9d0904
q812a0c08,d8e11c320
q84a5d830,d8be8d0f2
q84a5d830,d8c5e0480
q84a5d830,d8b1dbd9a
q84a5d830,d8a4806b4
q84a5d830,d8e4cbf8e
q84a5d830,d895ad09c
q84a5d830,d892970e2
q84a5d830,d82a93dba
q84a5d830,d8bbb8386
q84a5d830,d8ee05b40
q82d2c518,d87d8104a
q82d2c518,d8201ba40
q82d2c518,d8ac0cb08
q82d2c518,d81bf4296
q82d2c518,d8e18a424
q82d2c518,d8e18a46a
q82d2c518,d8d232a9e
q82d2c518,d88908fda
q82d2c518,d8c73c676
q82d2c518,d8b7d5002
q85461e58,d8cd9d542
q85461e58,d8693f41a
q85461e58,d89c1ccf2
q85461e58,d8d8585c2
q85461e58,d811394dc
q85461e58,d89f12eac
q85461e58,d837f6002
q85461e58,d8ea8bea6
q85461e58,d8ddb692e
q85461e58,d8b9db338
q82a93a40,d82a93dba
q82a93a40,d85e7988c
q82a93a40,d8aaf867c
q82a93a40,d8a0bcec4
q82a93a40,d87c45258
q82a93a40,d8961a458
q82a93a40,d8291a8da
q82a93a40,d893f1e9c
q82a93a40,d8bffd1b2
q82a93a40,d89ed642a
q850114b6,d813f946a
q850114b6,d814d93bc
q850114b6,d8d151e68
q850114b6,d8f65b948
q850114b6,d8dd7a654
q850114b6,d8d3032e8
q850114b6,d8a27a608
q850114b6,d8f0480ec
q850114b6,d81aa1b0a
q850114b6,d828efc52
q82200a7c,d87e7dfe8
q82200a7c,d8aeedf3e
q82200a7c,d818cb592
q82200a7c,d875671b6
q82200a7c,d89337c54
q82200a7c,d8291a9de
q82200a7c,d8a3e1a96
q82200a7c,d8ef0c534
q82200a7c,d8caae8c2
q82200a7c,d8d19ca9e
q85c747d0,d81aa1ba0
q85c747d0,d8c6c167e
q85c747d0,d8729050a
q85c747d0,d8a4a437a
q85c747d0,d8e10888e
q85c747d0,d8b5f3e32
q85c747d0,d8b71cc6e
q85c747d0,d8bcea286
q85c747d0,d87da9b94
q85c747d0,d8f6f561a
q8483968a,d8e2645b6
q8483968a,d8cbb2052
q8483968a,d8ab10ff6
q8483968a,d89985dae
q8483968a,d81cd672c
q8483968a,d8da5bee6
q8483968a,d877bdca8
q8483968a,d87d8104a
q8483968a,d8201ba40
q8483968a,d825e6b96
q836f2ebc,d8dd40e9a
q836f2ebc,d8124326a
q836f2ebc,d89c92baa
q836f2ebc,d88a7121e
q836f2ebc,d89ba8244
q836f2ebc,d8c05c054
q836f2ebc,d8d757628
q836f2ebc,d85f36054
q836f2ebc,d8e27578a
q836f2ebc,d89d22c64
q8193210c,d8e586726
q8193210c,d899c58c8
q8193210c,d86bc2976
q8193210c,d8187d7d4
q8193210c,d86caca6c
q8193210c,d8cc02af2
q8193210c,d8a488648
q8193210c,d8aec2f3c
q8193210c,d8e3d6a48
q8193210c,d8c6e8f4e
q8361d06e,d8c6c167e
q8361d06e,d8770a806
q8361d06e,d82a3a51c
q8361d06e,d8f6f55a2
q8361d06e,d89dd0d50
q8361d06e,d8e5fd6e6
q8361d06e,d87f3c42a
q8361d06e,d86030c34
q8361d06e,d8f92165a
q8361d06e,d872b9c8e
q84c06a10,d88387340
q84c06a10,d8932b7a6
q84c06a10,d8ac4107e
q84c06a10,d8110ad8a
q84c06a10,d88163758
q84c06a10,d8a2e98c8
q84c06a10,d8f7acf72
q84c06a10,d8b414940
q84c06a10,d89348b4e
q84c06a10,d8291a8da
q8321712c,d8126d092
q8321712c,d87053b20
q8321712c,d8181896a
q8321712c,d8ed433ec
q8321712c,d8d757628
q8321712c,d8d03910c
q8321712c,d86089ce4
q8321712c,d86b4c1a4
q8321712c,d8f8aa9a6
q8321712c,d8f7cddb2
q84eaab0e,d873b5818
q84eaab0e,d86ca146e
q84eaab0e,d88c17294
q84eaab0e,d883db8d2
q84eaab0e,d81f4036e
q84eaab0e,d8aa3aee2
q84eaab0e,d8a5cbac8
q84eaab0e,d8bfc2904
q84eaab0e,d8b38877e
q84eaab0e,d8d9ffc22
q828823aa,d862b5a18
q828823aa,d8b9c13de
q828823aa,d8f8d6826
q828823aa,d8140c1d2
q828823aa,d86760e3c
q828823aa,d894c30dc
q828823aa,d8e757f64
q828823aa,d88dbe52a
q828823aa,d8724e0ce
q828823aa,d8124330a
q8115b172,d8a8d00de
q8115b172,d8b3ef14a
q8115b172,d87d2d85a
q8115b172,d8737bb90
q8115b172,d8cbd7e4c
q8115b172,d89393072
q8115b172,d8e33b016
q8115b172,d8caa04c0
q8115b172,d8ac0c95a
q8115b172,d8115b2c6
q8584d3c8,d87bac620
q8584d3c8,d8ef7fa3e
q8584d3c8,d82604286
q8584d3c8,d8777edb4
q8584d3c8,d8126d164
q8584d3c8,d89b1acf0
q8584d3c8,d8a321a7a
q8584d3c8,d895ff2de
q8584d3c8,d8ba7ffd2
q8584d3c8,d879f659c
q847157e0,d827ba4e0
q847157e0,d8b34cea4
q847157e0,d8ca0ff9c
q847157e0,d8b0af37c
q847157e0,d82e92858
q847157e0,d8816fdc8
q847157e0,d8ebde524
q847157e0,d85e93d72
q847157e0,d81aa1ba0
q847157e0,d8d65f2e8
q82bd9cf6,d88bf522a
q82bd9cf6,d8c408374
q82bd9cf6,d88bf532e
q82bd9cf6,d8ad8a444
q82bd9cf6,d8ca63caa
q82bd9cf6,d8903847c
q82bd9cf6,d88116b42
q82bd9cf6,d87508bb6
q82bd9cf6,d8caba1f4
q82bd9cf6,d8698915a
q8204fa8e,d89644ac8
q8204fa8e,d80ee27b0
q8204fa8e,d87e7dfe8
q8204fa8e,d86d31078
q8204fa8e,d8b55238e
q8204fa8e,d8f238bb8
q8204fa8e,d8880226c
q8204fa8e,d86481c2a
q8204fa8e,d8777ecf6
q8204fa8e,d89c3809c
q84911440,d892da860
q84911440,d814f5ab2
q84911440,d8ae16a2a
q84911440,d86d4d5f2
q84911440,d8f7e6aba
q84911440,d8a4b413a
q84911440,d81447c5a
q84911440,d8165903e
q84911440,d88cf8d52
q84911440,d8779f384
q85741ea2,d8dc58a82
q85741ea2,d814d93bc
q85741ea2,d8f25f70e
q85741ea2,d8d20b8b8
q85741ea2,d89413024
q85741ea2,d89635514
q85741ea2,d871195e6
q85741ea2,d8c5aa2cc
q85741ea2,d8ae16980
q85741ea2,d8bf3a518
q84ff0cfc,d8a9cb434
q84ff0cfc,d894c30dc
q84ff0cfc,d8a6069de
q84ff0cfc,d8ecca230
q84ff0cfc,d8a606984
q84ff0cfc,d8f6c9f60
q84ff0cfc,d8c773a72
q84ff0cfc,d8c28a902
q84ff0cfc,d855e74b2
q84ff0cfc,d8b477a04
q84f3c928,d8c8987cc
q84f3c928,d82739976
q84f3c928,d8f12569a
q84f3c928,d86978ed6
q84f3c928,d87d8104a
q84f3c928,d86fcfe9c
q84f3c928,d8b7f72ec
q84f3c928,d8c9f2794
q84f3c928,d8f1eee78
q84f3c928,d8b740a9c
q847d465e,d862490ca
q847d465e,d8bf0d6f8
q847d465e,d822f829a
q847d465e,d82e92858
q847d465e,d883a3a72
q847d465e,d82200c8e
q847d465e,d8aa1de78
q847d465e,d894afff0
q847d465e,d82441ab6
q847d465e,d8bef6804
q852067b2,d8bbb8386
q852067b2,d8be8d0f2
q852067b2,d8be2ad26
q852067b2,d8e4cbf8e
q852067b2,d8ee05b40
q852067b2,d8e56c36c
q852067b2,d892970e2
q852067b2,d895ad09c
q852067b2,d8ee3f11a
q852067b2,d8ee9989a
q8253617e,d8b1ba9b0
q8253617e,d8d0d5322
q8253617e,d873b58cc
q8253617e,d8942edf6
q8253617e,d8a8d00de
q8253617e,d898cf6bc
q8253617e,d8ef54d16
q8253617e,d87cdcdc4
q8253617e,d8f4ed98a
q8253617e,d8193ec72
q8588b970,d886f7fb6
q8588b970,d8f458e2a
q8588b970,d8d89b192
q8588b970,d8ac92dca
q8588b970,d8b59448c
q8588b970,d8a730530
q8588b970,d8a597aca
q8588b970,d8c8987cc
q8588b970,d8712c4a2
q8588b970,d8d04d56c
q838c551e,d88f63a6a
q838c551e,d89efb9dc
q838c551e,d87abda52
q838c551e,d8edb97cc
q838c551e,d8c81323e
q838c551e,d8c3dd5b6
q838c551e,d88eb2ad0
q838c551e,d8e5fd7ae
q838c551e,d88e03fd0
q838c551e,d81ee4208
q82d1dfae,d8ece1d0e
q82d1dfae,d887e6684
q82d1dfae,d8160f3b2
q82d1dfae,d8e92af6c
q82d1dfae,d8b5f3e32
q82d1dfae,d86fac618
q82d1dfae,d87d15dd6
q82d1dfae,d8de98252
q82d1dfae,d8634d156
q82d1dfae,d8bac1bc6
q81537282,d86030cd4
q81537282,d8cd9d542
q81537282,d8ddb692e
q81537282,d8693f41a
q81537282,d8632221c
q81537282,d87c1d5d2
q81537282,d8cd9d632
q81537282,d87d418fa
q81537282,d897bc7ca
q81537282,d81392eae
q84b273ec,d8d64e646
q84b273ec,d8805f0d2
q84b273ec,d85e5ec4e
q84b273ec,d8c38eca4
q84b273ec,d8ebf38c0
q84b273ec,d8bbb8386
q84b273ec,d81cd677c
q84b273ec,d8df513ba
q84b273ec,d85eea65e
q84b273ec,d882fa0a8
q8529958a,d817d472e
q8529958a,d8cd01188
q8529958a,d823e9b0e
q8529958a,d882e5784
q8529958a,d8b4b03b8
q8529958a,d81ee4140
q8529958a,d8a27a608
q8529958a,d890ea6ea
q8529958a,d86e8e04c
q8529958a,d896783dc
q85c1e02e,d8cebef02
q85c1e02e,d81a10434
q85c1e02e,d87d352da
q85c1e02e,d8843b0b6
q85c1e02e,d8f0b4eb8
q85c1e02e,d8746a4c0
q85c1e02e,d864b4ef4
q85c1e02e,d82e4f04e
q85c1e02e,d8880b6be
q85c1e02e,d8afd3a84
q8136eb08,d8aacbaaa
q8136eb08,d8666bb44
q8136eb08,d8f1fec92
q8136eb08,d88127d66
q8136eb08,d8327a81c
q8136eb08,d87078902
q8136eb08,d8b49caca
q8136eb08,d8f748478
q8136eb08,d8ef19536
q8136eb08,d8e7d7624
q8145f058,d8145f17a
q8145f058,d8dd40efe
q8145f058,d8e8eef12
q8145f058,d8883c07a
q8145f058,d8c3f3be0
q8145f058,d86481bd0
q8145f058,d8d83b68e
q8145f058,d866ce2a8
q8145f058,d891682e8
q8145f058,d87a5cd88
q85a05e90,d8e50d786
q85a05e90,d8ad5a9f6
q85a05e90,d82267aec
q85a05e90,d873b5818
q85a05e90,d8f89e606
q85a05e90,d88ec55a4
q85a05e90,d8e0599f6
q85a05e90,d8d3624aa
q85a05e90,d879794d4
q85a05e90,d8aeedf3e
q8120e178,d8d9f196a
q8120e178,d89f869ec
q8120e178,d89bd4844
q8120e178,d8d07eb26
q8120e178,d868d969c
q8120e178,d880b0446
q8120e178,d8a6c7ae4
q8120e178,d88cdb522
q8120e178,d8e5c1100
q8120e178,d8e8a647e
q83e8e32e,d8ef0c4c6
q83e8e32e,d87ea4940
q83e8e32e,d8e09d1a6
q83e8e32e,d8d3128d8
q83e8e32e,d86f3d9fc
q83e8e32e,d866e523c
q83e8e32e,d8a0f7ab0
q83e8e32e,d88ac731c
q83e8e32e,d89e28a82
q83e8e32e,d89bd489e
q839effac,d8ae623b2
q839effac,d8e75807c
q839effac,d88a4a1e6
q839effac,d87f5cb94
q839effac,d813cd3f6
q839effac,d895f0f40
q839effac,d86f92c72
q839effac,d8eed0796
q839effac,d8f0947da
q839effac,d8dd6abb4
q84bdf1d6,d82604286
q84bdf1d6,d8e0599f6
q84bdf1d6,d8b75929a
q84bdf1d6,d8623d086
q84bdf1d6,d82267aec
q84bdf1d6,d885d3112
q84bdf1d6,d8f29f732
q84bdf1d6,d8d0c3488
q84bdf1d6,d8f8055aa
q84bdf1d6,d8b6dda46
q81eaafa8,d86b9708c
q81eaafa8,d8e69fea0
q81eaafa8,d82e92858
q81eaafa8,d8a8783d4
q81eaafa8,d89a9ce54
q81eaafa8,d8d3a9c9c
q81eaafa8,d86d162b4
q81eaafa8,d82def72a
q81eaafa8,d888f5782
q81eaafa8,d8a103464
q85372790,d866e523c
q85372790,d8b4b0674
q85372790,d8b7d5002
q85372790,d8953275c
q85372790,d8d46fc44
q85372790,d8f7b6f9a
q85372790,d8982ec80
q85372790,d8a411d90
q85372790,d8e0b4d24
q85372790,d88940b74
q84c3c372,d837f6002
q84c3c372,d818cb4d4
q84c3c372,d87d418fa
q84c3c372,d8693f41a
q84c3c372,d8c397d86
q84c3c372,d8d3d3362
q84c3c372,d87053b7a
q84c3c372,d8b9db338
q84c3c372,d89f12eac
q84c3c372,d8cd9d542
q826cd24e,d87ec1d10
q826cd24e,d8d783728
q826cd24e,d885f420e
q826cd24e,d8f1feb2a
q826cd24e,d88a932c4
q826cd24e,d8124326a
q826cd24e,d815dd894
q826cd24e,d8a8e996c
q826cd24e,d8d624b5c
q826cd24e,d8c3580c8
q82699dea,d875cff72
q82699dea,d8d43dab4
q82699dea,d86de5988
q82699dea,d86feb692
q82699dea,d882e5784
q82699dea,d8f2cb2ba
q82699dea,d87fae1e2
q82699dea,d8f29f7e6
q82699dea,d86e8e218
q82699dea,d8609ee82
q8326c244,d812c0c38
q8326c244,d85eb42c0
q8326c244,d880b0662
q8326c244,d8c518d5e
q8326c244,d82a77b38
q8326c244,d87144d0e
q8326c244,d88e03efe
q8326c244,d8e2dc6e2
q8326c244,d8737bbfe
q8326c244,d89007bd8
q818fa568,d8d151fd0
q818fa568,d8d295874
q818fa568,d8cc9e0b0
q818fa568,d86c1f108
q818fa568,d88c4afd6
q818fa568,d8e3d6a48
q818fa568,d8191002a
q818fa568,d8b5b9390
q818fa568,d8aa3af82
q818fa568,d88127d66
q82ab7daa,d8292c544
q82ab7daa,d89d740d2
q82ab7daa,d878829ae
q82ab7daa,d8e65dd34
q82ab7daa,d8843b1ec
q82ab7daa,d86052082
q82ab7daa,d87a7e35c
q82ab7daa,d8f86df6a
q82ab7daa,d888dafea
q82ab7daa,d8ad978e2
q85880192,d8d1ead7a
q85880192,d811284de
q85880192,d8d6f44b0
q85880192,d8316feb8
q85880192,d86b2f8ec
q85880192,d8aea762e
q85880192,d8c75e258
q85880192,d8749ddc0
q85880192,d8822daf8
q85880192,d86481ca2
q816ca8b0,d89064fd6
q816ca8b0,d8d5420fe
q816ca8b0,d8327a54c
q816ca8b0,d88a1c23c
q816ca8b0,d8ae168fe
q816ca8b0,d8df60068
q816ca8b0,d87d4cea8
q816ca8b0,d8a626a86
q816ca8b0,d8c07e33e
q816ca8b0,d86826362
q83e9e292,d89644ac8
q83e9e292,d8880226c
q83e9e292,d8b0311c0
q83e9e292,d86481c2a
q83e9e292,d87e7dfe8
q83e9e292,d80ee27b0
q83e9e292,d8f238bb8
q83e9e292,d89ca887e
q83e9e292,d8b55238e
q83e9e292,d8e316d06
q835220e2,d8200a948
q835220e2,d8b1baa0a
q835220e2,d8bee0af4
q835220e2,d8a8cff9e
q835220e2,d86d9ff3c
q835220e2,d8600ba92
q835220e2,d898cf7a2
q835220e2,d8e73f2b6
q835220e2,d8ebf3866
q835220e2,d88fb4c3a
q84ba27ea,d8ab97a4c
q84ba27ea,d86fcfe9c
q84ba27ea,d85f2a1fa
q84ba27ea,d8373b068
q84ba27ea,d8c8df80c
q84ba27ea,d8ec20654
q84ba27ea,d8e6d7e5e
q84ba27ea,d8af692a6
q84ba27ea,d88a2a9b8
q84ba27ea,d87abda52
q82c1c808,d890abf1c
q82c1c808,d8e0598d4
q82c1c808,d8f094758
q82c1c808,d88a2a9b8
q82c1c808,d89901676
q82c1c808,d89821864
q82c1c808,d8e285c5c
q82c1c808,d885d3112
q82c1c808,d8e24338e
q82c1c808,d879e4356
q83a0fcf8,d86b2243a
q83a0fcf8,d87d8104a
q83a0fcf8,d8c3d3804
q83a0fcf8,d89393072
q83a0fcf8,d8201ba40
q83a0fcf8,d889bcb3e
q83a0fcf8,d86fcfe9c
q83a0fcf8,d82c60742
q83a0fcf8,d8bfb3350
q83a0fcf8,d8eeb9d70
q815113e8,d8a4806b4
q815113e8,d87851be2
q815113e8,d86826402
q815113e8,d86e8e218
q815113e8,d8ee05b40
q815113e8,d8bbb8386
q815113e8,d8ed6db24
q815113e8,d8d1db244
q815113e8,d88a7121e
q815113e8,d8f286e62
q8231b952,d8c3f3a28
q8231b952,d875e5fac
q8231b952,d8d6e5a96
q8231b952,d8aeb4752
q8231b952,d865ee324
q8231b952,d8641cca8
q8231b952,d8ac92ec4
q8231b952,d872a64ea
q8231b952,d8366a3e6
q8231b952,d8614a732
q8393b9bc,d8db949d4
q8393b9bc,d8d0257a6
q8393b9bc,d8cd0c740
q8393b9bc,d815ddb0a
q8393b9bc,d8d8853d8
q8393b9bc,d8809fa9c
q8393b9bc,d8be2ad26
q8393b9bc,d8b963220
q8393b9bc,d8d72ed18
q8393b9bc,d8def8148
q840174b6,d81f2e650
q840174b6,d8c1b42bc
q840174b6,d8dcdc6d4
q840174b6,d8ac0cb08
q840174b6,d8de397b6
q840174b6,d864447f8
q840174b6,d86d9ff3c
q840174b6,d8ef54c26
q840174b6,d89c1ccf2
q840174b6,d8e99e5ca
q81d5b544,d8b55c0b4
q81d5b544,d89c4f7ce
q81d5b544,d82223b3a
q81d5b544,d8e0598d4
q81d5b544,d817f6306
q81d5b544,d8b93b1bc
q81d5b544,d8b5b90b6
q81d5b544,d8a54c53e
q81d5b544,d8bf4eff4
q81d5b544,d8f5faa08
q84e3361c,d863c233e
q84e3361c,d8e2643f4
q84e3361c,d88143598
q84e3361c,d87434b5e
q84e3361c,d8dd40e9a
q84e3361c,d86ba9980
q84e3361c,d8ee3f11a
q84e3361c,d8d2243fe
q84e3361c,d87a5cd88
q84e3361c,d89f40956
q81ce41f6,d86f5c974
q81ce41f6,d89504b2c
q81ce41f6,d88d78be2
q81ce41f6,d896c4606
q81ce41f6,d8a49a23a
q81ce41f6,d8bb68570
q81ce41f6,d88eb2a80
q81ce41f6,d89f409d8
q81ce41f6,d83b5a18a
q81ce41f6,d87a98702
q852cab94,d8d757628
q852cab94,d8dd40e9a
q852cab94,d885d3112
q852cab94,d891682e8
q852cab94,d89ba8244
q852cab94,d8c6f41fa
q852cab94,d89d22c64
q852cab94,d89b24318
q852cab94,d85f76f64
q852cab94,d8d757588
q83f02d8c,d87851d9a
q83f02d8c,d86040102
q83f02d8c,d86040026
q83f02d8c,d8809fa9c
q83f02d8c,d8e2dc87c
q83f02d8c,d8a08677a
q83f02d8c,d894208c8
q83f02d8c,d8792ec22
q83f02d8c,d87fae0ac
q83f02d8c,d8aed1b04
q83470c66,d814a3a0a
q83470c66,d85f76f64
q83470c66,d872c7294
q83470c66,d813ebdb0
q83470c66,d8c62058a
q83470c66,d8be9babc
q83470c66,d86c66670
q83470c66,d87809a7c
q83470c66,d8c95a548
q83470c66,d8aeee01a
q84b68568,d8c708556
q84b68568,d8f44f76c
q84b68568,d87b7026a
q84b68568,d82c60742
q84b68568,d8ed02f90
q84b68568,d87ea49c2
q84b68568,d8d0c3578
q84b68568,d8c1fed58
q84b68568,d8e39a23c
q84b68568,d8aa0ec70
q81284e90,d8cb9c07c
q81284e90,d8bd86d98
q81284e90,d89f869ec
q81284e90,d88678450
q81284e90,d828efd56
q81284e90,d86abb3ca
q81284e90,d878829ae
q81284e90,d864c9296
q81284e90,d8662405a
q81284e90,d889bcb3e
q81ecc3ec,d82ba71d4
q81ecc3ec,d8ed6da8e
q81ecc3ec,d8155940e
q81ecc3ec,d8f47a610
q81ecc3ec,d82ba7170
q81ecc3ec,d8c326f1e
q81ecc3ec,d86bb72ce
q81ecc3ec,d827ba558
q81ecc3ec,d89498e68
q81ecc3ec,d88d22dbe
q831eac4e,d88ffb680
q831eac4e,d898c4514
q831eac4e,d8eaab92c
q831eac4e,d88ffb75c
q831eac4e,d82739796
q831eac4e,d8eda64ec
q831eac4e,d871b1ec2
q831eac4e,d872c7294
q831eac4e,d810fb3a8
q831eac4e,d8c127722
q822677ea,d8abeaa12
q822677ea,d8f094488
q822677ea,d89e28a82
q822677ea,d88c1f188
q822677ea,d8603ffb8
q822677ea,d87ccfda4
q822677ea,d8dded2a8
q822677ea,d88de6fac
q822677ea,d8184fdfc
q822677ea,d88c78d50
q853f6702,d8ddaa052
q853f6702,d8e3d6ade
q853f6702,d884dac2e
q853f6702,d8c06caee
q853f6702,d892da716
q853f6702,d86fac3e8
q853f6702,d8e62f934
q853f6702,d8a6a4026
q853f6702,d8d3e1016
q853f6702,d875e602e
q84bbd8c4,d88908f30
q84bbd8c4,d8124330a
q84bbd8c4,d86760e00
q84bbd8c4,d89a9ce54
q84bbd8c4,d886784be
q84bbd8c4,d814d947a
q84bbd8c4,d8d151e68
q84bbd8c4,d8df5fef6
q84bbd8c4,d8a65c65e
q84bbd8c4,d879e4356
q81be64ac,d8f1b621c
q81be64ac,d8f0947da
q81be64ac,d89cb9b42
q81be64ac,d8d1db1a4
q81be64ac,d89678440
q81be64ac,d8eaec896
q81be64ac,d8cd9d5c4
q81be64ac,d81be6718
q81be64ac,d85e2085e
q81be64ac,d8be45e46
q85c627c4,d887a48e2
q85c627c4,d8aa5184a
q85c627c4,d877bdca8
q85c627c4,d8e7b935e
q85c627c4,d8619f926
q85c627c4,d89698830
q85c627c4,d8a3ffc26
q85c627c4,d8a7306de
q85c627c4,d81cd677c
q85c627c4,d8cbb2052
q856c87b4,d826da6d8
q856c87b4,d8724dfac
q856c87b4,d886a10ee
q856c87b4,d8199c8b8
q856c87b4,d861b4858
q856c87b4,d8de399d2
q856c87b4,d86a5053e
q856c87b4,d88882868
q856c87b4,d8d5dd70c
q856c87b4,d8aa80316
q83d25d02,d815dda9c
q83d25d02,d8b569278
q83d25d02,d86731b32
q83d25d02,d8a312624
q83d25d02,d8ac4107e
q83d25d02,d8b6118f6
q83d25d02,d8871db08
q83d25d02,d8c7d2b76
q83d25d02,d8577735e
q83d25d02,d8185cb56
q83d5e170,d820d05c6
q83d5e170,d89ac6330
q83d5e170,d8c975a14
q83d5e170,d88540362
q83d5e170,d8df83b1c
q83d5e170,d83b9f596
q83d5e170,d88a37bd6
q83d5e170,d8d2ea5ae
q83d5e170,d8ae167b4
q83d5e170,d81180850
q838a16dc,d87b4dd5a
q838a16dc,d8f5af3a0
q838a16dc,d8e75807c
q838a16dc,d870a7798
q838a16dc,d81dfb4d6
q838a16dc,d8b6052d6
q838a16dc,d8a6a3f04
q838a16dc,d8bf79902
q838a16dc,d8c59d644
q838a16dc,d8a4806b4
q84735fe0,d8e0b4df6
q84735fe0,d8a4806b4
q84735fe0,d892b089e
q84735fe0,d8f4a865a
q84735fe0,d898c4456
q84735fe0,d810fb4f2
q84735fe0,d8de397b6
q84735fe0,d8156667c
q84735fe0,d8df9897c
q84735fe0,d83dd4cbc
q82c60594,d8ea5b13e
q82c60594,d86ce3cba
q82c60594,d89c3825e
q82c60594,d88791ec2
q82c60594,d8a8e996c
q82c60594,d815e5c7e
q82c60594,d8d1ead7a
q82c60594,d87e20550
q82c60594,d8e68d7b4
q82c60594,d899c5800
q84761ffa,d8805f0d2
q84761ffa,d8124330a
q84761ffa,d8f125474
q84761ffa,d89ad1aa0
q84761ffa,d8b8a5b9e
q84761ffa,d8d64e646
q84761ffa,d863c228a
q84761ffa,d8805f050
q84761ffa,d8712c6dc
q84761ffa,d86ae82f8
q818d973c,d8f6f561a
q818d973c,d81537412
q818d973c,d82200db0
q818d973c,d886784be
q818d973c,d8edb9862
q818d973c,d880386d0
q818d973c,d86f0e8aa
q818d973c,d887a4824
q818d973c,d826da890
q818d973c,d878b8018
q84d1064a,d8734bcd8
q84d1064a,d8c14be42
q84d1064a,d89175a7e
q84d1064a,d83dd4d5c
q84d1064a,d892ba060
q84d1064a,d8aec2f00
q84d1064a,d862c3e88
q84d1064a,d8c93dd62
q84d1064a,d895325cc
q84d1064a,d8c397d36
q81cd657e,d81cd677c
q81cd657e,d81218600
q81cd657e,d87dc6960
q81cd657e,d825e6b96
q81cd657e,d867fd534
q81cd657e,d8f38c2e4
q81cd657e,d8c5b6144
q81cd657e,d8cfea2fa
q81cd657e,d8c0c0680
q81cd657e,d88c1f1f6
q85c2451e,d88682838
q85c2451e,d82a93c34
q85c2451e,d88a11dc8
q85c2451e,d884c6b7a
q85c2451e,d8848a634
q85c2451e,d8684b77a
q85c2451e,d88f4ed86
q85c2451e,d8a3126c4
q85c2451e,d8f25f4e8
q85c2451e,d87bb6846
q855e70f2,d8c849834
q855e70f2,d8b3b76b4
q855e70f2,d86a8762e
q855e70f2,d8ef0c534
q855e70f2,d8ac40fd4
q855e70f2,d88e7c818
q855e70f2,d8bc8d216
q855e70f2,d8b8a59c8
q855e70f2,d8f6f561a
q855e70f2,d88f63b28
q842a732a,d8a0c9430
q842a732a,d8ae16980
q842a732a,d88d22dbe
q842a732a,d8c68370c
q842a732a,d8de8a26a
q842a732a,d892da860
q842a732a,d8606f3bc
q842a732a,d89b8a23a
q842a732a,d8691c38e
q842a732a,d8ec685c6
q81486b08,d8d9f196a
q81486b08,d81bc4c58
q81486b08,d89f86a50
q81486b08,d8120e420
q81486b08,d89f869ec
q81486b08,d89bd4844
q81486b08,d8794030a
q81486b08,d8f1771d4
q81486b08,d8cc34020
q81486b08,d8da8a3ae
q8193eb00,d8de10c76
q8193eb00,d8a616bea
q8193eb00,d8897589c
q8193eb00,d8c56f244
q8193eb00,d8b1d2830
q8193eb00,d8193ecc2
q8193eb00,d8d151e68
q8193eb00,d893a246e
q8193eb00,d8e18a2d0
q8193eb00,d8aae8b96
q82aee3be,d8a597a48
q82aee3be,d88143480
q82aee3be,d8be615c4
q82aee3be,d8cdc7234
q82aee3be,d8ee05b40
q82aee3be,d8e62f826
q82aee3be,d88aec766
q82aee3be,d870a76bc
q82aee3be,d8ee3f11a
q82aee3be,d8bbb8386
q82945418,d87ab19d2
q82945418,d879b9b56
q82945418,d8a411e08
q82945418,d87bac620
q82945418,d8ef7fa3e
q82945418,d8bec3d14
q82945418,d8e903bba
q82945418,d8b8ed3d6
q82945418,d824fcf78
q82945418,d827068f0
q83f4f3a8,d8876a08e
q83f4f3a8,d87851d54
q83f4f3a8,d8a6a3f04
q83f4f3a8,d8822dba2
q83f4f3a8,d8a28fc74
q83f4f3a8,d8b0839a2
q83f4f3a8,d8775a568
q83f4f3a8,d874df6f8
q83f4f3a8,d811284de
q83f4f3a8,d8b6052d6
q848826d2,d81bc4c58
q848826d2,d8d9f196a
q848826d2,d8794030a
q848826d2,d8da8a3ae
q848826d2,d8712c65a
q848826d2,d8df51554
q848826d2,d85f36054
q848826d2,d8ef0c4c6
q848826d2,d8a35567c
q848826d2,d85f2a2b8
q8259f1ba,d80f34cfe
q8259f1ba,d8a7306de
q8259f1ba,d866fc838
q8259f1ba,d8a8d00de
q8259f1ba,d8b6cc57a
q8259f1ba,d80f34dda
q8259f1ba,d81bc4cbc
q8259f1ba,d8c1b42bc
q8259f1ba,d86760d42
q8259f1ba,d875d8a3c
q828ef9be,d8f790c78
q828ef9be,d897890a0
q828ef9be,d8dd01100
q828ef9be,d8e14a02c
q828ef9be,d89028824
q828ef9be,d8dd135ee
q828ef9be,d89348a7c
q828ef9be,d8726490a
q828ef9be,d8961a458
q828ef9be,d8ee9989a
q83f6593c,d82441bba
q83f6593c,d8b48df0c
q83f6593c,d8402e864
q83f6593c,d8c38ee5c
q83f6593c,d8130c5ca
q83f6593c,d8177aa80
q83f6593c,d8f04829a
q83f6593c,d8bd316ea
q83f6593c,d8aba74ba
q83f6593c,d86023944
q849ed562,d8b68d6fe
q849ed562,d82a3a666
q849ed562,d88f877f8
q849ed562,d8642a358
q849ed562,d87c6540e
q849ed562,d82c60742
q849ed562,d8a3d46a2
q849ed562,d8d569dde
q849ed562,d8e39a386
q849ed562,d8908b58c
q830527c4,d81694f62
q830527c4,d8acffae2
q830527c4,d89e0a2bc
q830527c4,d8bdeb0f4
q830527c4,d8e0fbef4
q830527c4,d896b9eae
q830527c4,d8ab10fa6
q830527c4,d84dc5fc2
q830527c4,d8f38c2e4
q830527c4,d8f66c7a2
q854ab756,d86481c2a
q854ab756,d8b66f3e8
q854ab756,d8aff4fc2
q854ab756,d87be6fe6
q854ab756,d8f238bb8
q854ab756,d86daba1c
q854ab756,d8dfe97c8
q854ab756,d89f12dbc
q854ab756,d8c9261a8
q854ab756,d8794db5e
q84e8db44,d810a53e0
q84e8db44,d8b316dd6
q84e8db44,d8731061a
q84e8db44,d88ffb680
q84e8db44,d82441ab6
q84e8db44,d869d08e8
q84e8db44,d88a11dc8
q84e8db44,d82699f70
q84e8db44,d883a3be4
q84e8db44,d8d5bdc90
q82e1dfc6,d8be2adf8
q82e1dfc6,d882e5784
q82e1dfc6,d8f57dfda
q82e1dfc6,d8809fa9c
q82e1dfc6,d886a1080
q82e1dfc6,d8964494c
q82e1dfc6,d85e7965c
q82e1dfc6,d81bf41ec
q82e1dfc6,d86e6dca2
q82e1dfc6,d828a5abc
q84816a72,d82715972
q84816a72,d89bb4daa
q84816a72,d8e14a02c
q84816a72,d883dba26
q84816a72,d87a5cd88
q84816a72,d8e0599f6
q84816a72,d88fd8e64
q84816a72,d895ff2de
q84816a72,d85eb42c0
q84816a72,d82267aec
q828ca970,d828caa88
q828ca970,d8d7837e6
q828ca970,d824fd022
q828ca970,d8ae2d982
q828ca970,d8c00c054
q828ca970,d8aadb4b4
q828ca970,d89aed412
q828ca970,d8ec685c6
q828ca970,d87264946
q828ca970,d8dc6d73e
q8592e77e,d8f2c16f2
q8592e77e,d86de5988
q8592e77e,d8974959a
q8592e77e,d81e68806
q8592e77e,d8953275c
q8592e77e,d8c12784e
q8592e77e,d833929f2
q8592e77e,d887d2bfc
q8592e77e,d8beb89f0
q8592e77e,d8ee9989a
q857c0cfc,d89bb4daa
q857c0cfc,d8ac21a12
q857c0cfc,d8dd4bb06
q857c0cfc,d812a0f14
q857c0cfc,d88bf522a
q857c0cfc,d8da6685a
q857c0cfc,d8ba69a84
q857c0cfc,d896448e8
q857c0cfc,d8e63cd0a
q857c0cfc,d8e0599f6
q8194e6b8,d8ca0ff42
q8194e6b8,d8d4d29fc
q8194e6b8,d876df066
q8194e6b8,d8dcf1098
q8194e6b8,d87310516
q8194e6b8,d8c2afa22
q8194e6b8,d8a266e8c
q8194e6b8,d816616ee
q8194e6b8,d89cfc672
q8194e6b8,d8b477c2a
q828faf8a,d828fb11a
q828faf8a,d8ca63d7c
q828faf8a,d8c029956
q828faf8a,d8a751dde
q828faf8a,d828fb070
q828faf8a,d8d64e6fa
q828faf8a,d8dc2381e
q828faf8a,d8ca63d04
q828faf8a,d87817f0a
q828faf8a,d87f7b49a
q82c8673a,d8c9cfa32
q82c8673a,d8b7d5002
q82c8673a,d81e4fc3e
q82c8673a,d8dc2381e
q82c8673a,d8b4b0674
q82c8673a,d868cc320
q82c8673a,d8ce46868
q82c8673a,d866e523c
q82c8673a,d8953275c
q82c8673a,d8a49a0b4
q843194de,d89c1cc52
q843194de,d8db8add0
q843194de,d8c38ee5c
q843194de,d8eaff5c2
q843194de,d81d4e114
q843194de,d87ec1b80
q843194de,d8269a218
q843194de,d82080486
q843194de,d875d8a96
q843194de,d8a626a86
q83479d2a,d8327a646
q83479d2a,d8c12784e
q83479d2a,d899480ee
q83479d2a,d82590106
q83479d2a,d8cebf056
q83479d2a,d8ab28d04
q83479d2a,d870a75ea
q83479d2a,d8121866e
q83479d2a,d8df988fa
q83479d2a,d8614a732
q826436a2,d8e8797da
q826436a2,d8b611810
q826436a2,d8c38ee5c
q826436a2,d86cf7292
q826436a2,d8177aa80
q826436a2,d81ffb9e8
q826436a2,d8e51ccfe
q826436a2,d86cf721a
q826436a2,d8c5aa1d2
q826436a2,d8130c5ca
q85801d10,d8ee3f11a
q85801d10,d8dde1fac
q85801d10,d86315378
q85801d10,d8267f2e2
q85801d10,d8be6bbe6
q85801d10,d8ae2da90
q85801d10,d8b19f21e
q85801d10,d8cd012a0
q85801d10,d8d97bef4
q85801d10,d8e56c36c
q839cb2d8,d87574ba4
q839cb2d8,d81a6b028
q839cb2d8,d88f4ee76
q839cb2d8,d88791c74
q839cb2d8,d86783dc4
q839cb2d8,d8130c840
q839cb2d8,d86d88be8
q839cb2d8,d8d5fed8a
q839cb2d8,d8d698ade
q839cb2d8,d8648986c
q84c90ae4,d892f274e
q84c90ae4,d8c1b41c2
q84c90ae4,d89a8e638
q84c90ae4,d8e6b82d4
q84c90ae4,d87da9cd4
q84c90ae4,d8c791310
q84c90ae4,d813ebdb0
q84c90ae4,d8c9cf898
q84c90ae4,d8de397b6
q84c90ae4,d8e99e660
q81c0906a,d860fde14
q81c0906a,d8c773a72
q81c0906a,d8200a768
q81c0906a,d8d3624aa
q81c0906a,d8b083a06
q81c0906a,d8edceafa
q81c0906a,d8a9cb434
q81c0906a,d8a223308
q81c0906a,d88c78d50
q81c0906a,d8926162c
q82dd3fa2,d87180e58
q82dd3fa2,d8ef0c4c6
q82dd3fa2,d89abe374
q82dd3fa2,d8968e092
q82dd3fa2,d8d1372a2
q82dd3fa2,d8c9482bc
q82dd3fa2,d86df4e2e
q82dd3fa2,d872e41f0
q82dd3fa2,d8d059646
q82dd3fa2,d8e6e6a12
q836a7304,d89f4dc8c
q836a7304,d83b5a18a
q836a7304,d893094c6
q836a7304,d8ec72f4e
q836a7304,d896c4606
q836a7304,d8caa03ee
q836a7304,d8b7e81ca
q836a7304,d8ed31994
q836a7304,d86040102
q836a7304,d8c926298
q83c5297a,d8c2e4402
q83c5297a,d8da8a3ae
q83c5297a,d8771f0ee
q83c5297a,d8ac9fed0
q83c5297a,d8c9f26a4
q83c5297a,d8cc02a3e
q83c5297a,d88791d78
q83c5297a,d893a2414
q83c5297a,d8d885522
q83c5297a,d8c3f3a28
q83cbc938,d8e757f64
q83cbc938,d8ec31756
q83cbc938,d8eed0a8e
q83cbc938,d8ee05b40
q83cbc938,d8609ee82
q83cbc938,d8cbbf6c6
q83cbc938,d894c30dc
q83cbc938,d83374362
q83cbc938,d889a7e78
q83cbc938,d8ca883fc
q84aedba6,d87f3c42a
q84aedba6,d8e2642a0
q84aedba6,d8a5cbb04
q84aedba6,d8afd3bba
q84aedba6,d87492fba
q84aedba6,d8f536cd4
q84aedba6,d861e3a54
q84aedba6,d8c06c95e
q84aedba6,d87f3c3bc
q84aedba6,d8b5fc17c
q8528daa0,d86edff8c
q8528daa0,d86eeb1b6
q8528daa0,d8e24338e
q8528daa0,d827ba558
q8528daa0,d8e285c5c
q8528daa0,d8b736934
q8528daa0,d8aa51642
q8528daa0,d89629728
q8528daa0,d8c79128e
q8528daa0,d87851e94
q85aacf9c,d87b22704
q85aacf9c,d8c29a708
q85aacf9c,d872c7294
q85aacf9c,d8a4806b4
q85aacf9c,d89b24318
q85aacf9c,d8f444bf0
q85aacf9c,d8e2643f4
q85aacf9c,d8caf3788
q85aacf9c,d8d152020
q85aacf9c,d8b3c9b16
q8246be4c,d87528bdc
q8246be4c,d8b8ed44e
q8246be4c,d8dcdc6d4
q8246be4c,d87817f0a
q8246be4c,d8609ed92
q8246be4c,d815dd9fc
q8246be4c,d8779f424
q8246be4c,d89a6ea72
q8246be4c,d8259f318
q8246be4c,d8f36b9fe
q81906eda,d8b9aa440
q81906eda,d86d88d50
q81906eda,d86d4d87c
q81906eda,d82d8f082
q81906eda,d8609ee82
q81906eda,d88aec8ec
q81906eda,d8b9aa378
q81906eda,d870c57ca
q81906eda,d87fae1e2
q81906eda,d876fa082
q81dec7ec,d86bb72ce
q81dec7ec,d81dec9c2
q81dec7ec,d8aea74da
q81dec7ec,d8dc06516
q81dec7ec,d82729b34
q81dec7ec,d8cfea1ce
q81dec7ec,d8e3bfd0c
q81dec7ec,d881c818a
q81dec7ec,d8d1372a2
q81dec7ec,d8776314a
q83427390,d885a0938
q83427390,d834278f4
q83427390,d8c5c0b1c
q83427390,d8e88e9f0
q83427390,d8baa68bc
q83427390,d873c18a2
q83427390,d8d19ca9e
q83427390,d8caf36de
q83427390,d89d0af10
q83427390,d8a6e6f20
q84a6d6b8,d8b16dcc8
q84a6d6b8,d880b0446
q84a6d6b8,d883189ae
q84a6d6b8,d8e8a647e
q84a6d6b8,d815dd894
q84a6d6b8,d85fa207e
q84a6d6b8,d8b0a1eac
q84a6d6b8,d8ee3f11a
q84a6d6b8,d8e41ad2e
q84a6d6b8,d8ae2da90
q851c1f0e,d842c8dd6
q851c1f0e,d8e13459c
q851c1f0e,d842c8c64
q851c1f0e,d82bd9e4a
q851c1f0e,d8c8410c6
q851c1f0e,d82ba7260
q851c1f0e,d888eaa12
q851c1f0e,d86e6dca2
q851c1f0e,d81bf41ec
q851c1f0e,d8a64b87c
q84c73f70,d89ca887e
q84c73f70,d86d31078
q84c73f70,d89644ac8
q84c73f70,d8b0311c0
q84c73f70,d86481c2a
q84c73f70,d8880226c
q84c73f70,d8a3edbd4
q84c73f70,d8acaade4
q84c73f70,d8aff4fc2
q84c73f70,d80ee27b0
q82adc86c,d89dd0dbe
q82adc86c,d8b5dcde0
q82adc86c,d8a0a31cc
q82adc86c,d894cfd46
q82adc86c,d89864556
q82adc86c,d8e92add2
q82adc86c,d8b57ce5e
q82adc86c,d8de10d8e
q82adc86c,d88a7a486
q82adc86c,d863aba12
q8308c00a,d86a58be4
q8308c00a,d8a8fccc4
q8308c00a,d888f5782
q8308c00a,d8177a9b8
q8308c00a,d82a93e14
q8308c00a,d8ef396ec
q8308c00a,d89eb8a9c
q8308c00a,d89ed642a
q8308c00a,d8a0bce88
q8308c00a,d8f3fd4bc
q85adb040,d82d8f082
q85adb040,d8f8055aa
q85adb040,d86e7a89e
q85adb040,d8873b28e
q85adb040,d88511288
q85adb040,d88863ddc
q85adb040,d8ac57680
q85adb040,d8b963220
q85adb040,d8a27a662
q85adb040,d8e586686
q84c64732,d812c0cf6
q84c64732,d888eaaee
q84c64732,d883cac4e
q84c64732,d861f40b6
q84c64732,d870f4994
q84c64732,d87f6f30c
q84c64732,d89b1acf0
q84c64732,d869d06a4
q84c64732,d8f5d5c76
q84c64732,d81b7d772
q84d37542,d885d3112
q84d37542,d8916820c
q84d37542,d89365532
q84d37542,d867cd352
q84d37542,d8e50d826
q84d37542,d86a90134
q84d37542,d86875c6e
q84d37542,d8bd01382
q84d37542,d8b78e904
q84d37542,d891f851e
q8199c7aa,d8b20367e
q8199c7aa,d8a894a34
q8199c7aa,d87b8cc80
q8199c7aa,d88a7a486
q8199c7aa,d85eea6ae
q8199c7aa,d8a5e5b62
q8199c7aa,d818bcd08
q8199c7aa,d8b910638
q8199c7aa,d88d34dfc
q8199c7aa,d8b3e32fa
q814cc00e,d88791ec2
q814cc00e,d8beb89f0
q814cc00e,d866fc8a6
q814cc00e,d88a7a486
q814cc00e,d8193ec72
q814cc00e,d8d2ea518
q814cc00e,d86731aa6
q814cc00e,d8b8bf080
q814cc00e,d8b4da9ba
q814cc00e,d8f7e6cc2
q8455ea96,d8b34cdc8
q8455ea96,d88d47b96
q8455ea96,d8445e56a
q8455ea96,d8e9bc5c0
q8455ea96,d897d09f0
q8455ea96,d8dc8cc7e
q8455ea96,d8684b856
q8455ea96,d811dc0c4
q8455ea96,d8add2c26
q8455ea96,d8d65f46e
q81243044,d8ef0c534
q81243044,d8ef0c4c6
q81243044,d8124330a
q81243044,d886d0b82
q81243044,d8aed1b04
q81243044,d8f238bb8
q81243044,d8c849834
q81243044,d87e7dfe8
q81243044,d8143a17c
q81243044,d8e5c1100
q8160f1dc,d8160f3b2
q8160f1dc,d8aff5062
q8160f1dc,d86eac6f0
q8160f1dc,d8e9eb604
q8160f1dc,d8c3f3b0e
q8160f1dc,d86c3bcae
q8160f1dc,d838d65da
q8160f1dc,d8711953c
q8160f1dc,d8823b1a8
q8160f1dc,d8a43f59c
q848282b8,d8a8bacf2
q848282b8,d8ee34bc0
q848282b8,d88fc6660
q848282b8,d87559110
q848282b8,d86a8762e
q848282b8,d8bd014c2
q848282b8,d8e0fbe5e
q848282b8,d82a65046
q848282b8,d8d2b2ee2
q848282b8,d8c29a6a4
q84ab0bf2,d88e0d60c
q84ab0bf2,d863d9868
q84ab0bf2,d8b20367e
q84ab0bf2,d8b910638
q84ab0bf2,d8b3e32fa
q84ab0bf2,d85ff2bdc
q84ab0bf2,d8bcb8470
q84ab0bf2,d82441ab6
q84ab0bf2,d8b1ba92e
q84ab0bf2,d871e165e
q8245c302,d896ad3c0
q8245c302,d8cf927d0
q8245c302,d874e97ca
q8245c302,d8dc58a82
q8245c302,d8ba9095e
q8245c302,d861c8b28
q8245c302,d8e49368e
q8245c302,d8e11c320
q8245c302,d87303884
q8245c302,d879e4356
q822237e8,d83b9f4b0
q822237e8,d8f5faa08
q822237e8,d8d24b238
q822237e8,d82223b3a
q822237e8,d82ba7260
q822237e8,d8b93b1bc
q822237e8,d8a925b1a
q822237e8,d8dc06516
q822237e8,d8ecca0be
q822237e8,d8e0598d4
q819227de,d8f92177c
q819227de,d8cfb1ff4
q819227de,d828efc02
q819227de,d8d0e7c66
q819227de,d8a3126c4
q819227de,d8d698b60
q819227de,d877bddc0
q819227de,d891db1f8
q819227de,d8a28fb2a
q819227de,d87ab18ec
q83076002,d87851e94
q83076002,d8982eb90
q83076002,d8788d7c8
q83076002,d88292138
q83076002,d8a3625c0
q83076002,d8c2d5ea2
q83076002,d87a5cdec
q83076002,d86d5f220
q83076002,d8ee05a82
q83076002,d8d7680ea
q8489f7dc,d869a2862
q8489f7dc,d85fb460c
q8489f7dc,d8f3c1372
q8489f7dc,d8bbb8386
q8489f7dc,d885a08de
q8489f7dc,d868cc262
q8489f7dc,d8f9144b4
q8489f7dc,d8cf03f76
q8489f7dc,d89d0b0dc
q8489f7dc,d8ebf38c0
q81cc588c,d8e285c5c
q81cc588c,d8bba365c
q81cc588c,d8770a78e
q81cc588c,d8aec2f00
q81cc588c,d8beec43a
q81cc588c,d874e9766
q81cc588c,d82990a9e
q81cc588c,d89aa944c
q81cc588c,d8b1f1456
q81cc588c,d87b9bcf8
q842c0636,d88fb4d52
q842c0636,d889a7edc
q842c0636,d8d1fd59c
q842c0636,d8ee11c56
q842c0636,d8e0b4e82
q842c0636,d8b308dda
q842c0636,d8775a644
q842c0636,d8cda66e2
q842c0636,d8ef90550
q842c0636,d817f6360
q824af32c,d88143598
q824af32c,d8b992aa2
q824af32c,d8f5d5bb8
q824af32c,d8c06ca94
q824af32c,d87817e2e
q824af32c,d8cef8324
q824af32c,d8df25986
q824af32c,d89794004
q824af32c,d8f4d54a2
q824af32c,d8a8cff9e
q83ca3ed8,d8b49cc32
q83ca3ed8,d8806fce8
q83ca3ed8,d871e165e
q83ca3ed8,d82441ab6
q83ca3ed8,d8628744c
q83ca3ed8,d8872d562
q83ca3ed8,d8e0a6846
q83ca3ed8,d827745bc
q83ca3ed8,d872994ca
q83ca3ed8,d86cf7292
q825d30aa,d8f91439c
q825d30aa,d897ab36c
q825d30aa,d89b31aea
q825d30aa,d86826402
q825d30aa,d8126d164
q825d30aa,d8c981828
q825d30aa,d89b1acf0
q825d30aa,d861f4296
q825d30aa,d861f42fa
q825d30aa,d8a779faa
q82080364,d884fed36
q82080364,d82080652
q82080364,d8b054346
q82080364,d8cd216fe
q82080364,d8b3fe500
q82080364,d8e5e57b2
q82080364,d8316fd3c
q82080364,d8a28fb2a
q82080364,d8bee0af4
q82080364,d893f1e9c
q82234fde,d87fc1d1e
q82234fde,d8afd3a84
q82234fde,d8912bc3a
q82234fde,d8a9cb434
q82234fde,d877f37c2
q82234fde,d8d83b594
q82234fde,d8777edb4
q82234fde,d884a14d8
q82234fde,d894c30dc
q82234fde,d8c00c054
q832afed6,d81452196
q832afed6,d8292c4f4
q832afed6,d8dded370
q832afed6,d8a7c24a8
q832afed6,d86ca166c
q832afed6,d87d2d972
q832afed6,d8ad377ee
q832afed6,d869ea428
q832afed6,d8f6ea4ae
q832afed6,d860c5050
q8569a382,d86e7a89e
q8569a382,d87adb1ba
q8569a382,d81f2e7e0
q8569a382,d81f93492
q8569a382,d81b364e4
q8569a382,d8b569138
q8569a382,d8d0e7c16
q8569a382,d8ebf38c0
q8569a382,d8bffd0e0
q8569a382,d86dfdb50
q81d1e3b0,d8126d164
q81d1e3b0,d87b803cc
q81d1e3b0,d8c6835cc
q81d1e3b0,d89663e32
q81d1e3b0,d89413024
q81d1e3b0,d89b31aea
q81d1e3b0,d897fc910
q81d1e3b0,d88d0bbf0
q81d1e3b0,d8a488648
q81d1e3b0,d8c57dbaa
q854ea032,d88eb2a80
q854ea032,d82384ec0
q854ea032,d8bb3cbb4
q854ea032,d8a99492a
q854ea032,d8aa044e6
q854ea032,d8dbbb8d6
q854ea032,d8a522c8e
q854ea032,d87eff462
q854ea032,d8c9cf848
q854ea032,d8e579fda
q818bcaa6,d8a2ea12e
q818bcaa6,d8b378806
q818bcaa6,d8e8797da
q818bcaa6,d8b8bf080
q818bcaa6,d83b9f406
q818bcaa6,d8c38ee5c
q818bcaa6,d8177aa80
q818bcaa6,d86cf7292
q818bcaa6,d8bd316ea
q818bcaa6,d8b190b56
q8491f3ba,d814d931c
q8491f3ba,d8a2c363c
q8491f3ba,d8f89e4d0
q8491f3ba,d8926f6be
q8491f3ba,d8799aa08
q8491f3ba,d8624905c
q8491f3ba,d8611713e
q8491f3ba,d89309548
q8491f3ba,d8a103658
q8491f3ba,d875591d8
q81b04e76,d8a9b524c
q81b04e76,d862b5b1c
q81b04e76,d88fbd736
q81b04e76,d8e02c8d4
q81b04e76,d89a38666
q81b04e76,d8641cca8
q81b04e76,d8e3d6ade
q81b04e76,d8a71df5c
q81b04e76,d89b9a9a0
q81b04e76,d8ad4c356
q85beddf2,d8d43dc12
q85beddf2,d8da14992
q85beddf2,d87559110
q85beddf2,d8d2b2ee2
q85beddf2,d8dbce846
q85beddf2,d8d2b2df2
q85beddf2,d8b728316
q85beddf2,d8d7575d8
q85beddf2,d8e533da0
q85beddf2,d88d9ab7a
q818a37b8,d87b01f0e
q818a37b8,d8a35567c
q818a37b8,d86e9b8aa
q818a37b8,d826da890
q818a37b8,d87abda52
q818a37b8,d86afc2d0
q818a37b8,d8ec685c6
q818a37b8,d8da9f9a2
q818a37b8,d81251f9a
q818a37b8,d8e4aa564
q837dfed8,d883189ae
q837dfed8,d8b7a8e1c
q837dfed8,d88de6fac
q837dfed8,d824b7e00
q837dfed8,d8acd36e0
q837dfed8,d8bbb8386
q837dfed8,d8df513ba
q837dfed8,d82afa5ce
q837dfed8,d895ad09c
q837dfed8,d889757a2
q836e80f2,d8bc8d28e
q836e80f2,d8a8fccc4
q836e80f2,d8eeb9ca8
q836e80f2,d8f43c3b0
q836e80f2,d8737bd48
q836e80f2,d8ca47d5c
q836e80f2,d8a223308
q836e80f2,d8cfc2c82
q836e80f2,d8f7acf72
q836e80f2,d8f0dc4fe
q834c4d84,d8aa2d9e0
q834c4d84,d8c692b08
q834c4d84,d88791c74
q834c4d84,d8c59d644
q834c4d84,d8177aa80
q834c4d84,d86dbb3cc
q834c4d84,d86b5f0c4
q834c4d84,d8e8c64d6
q834c4d84,d8912badc
q834c4d84,d89d890e0
q80f0a76a,d8da9f952
q80f0a76a,d810cc698
q80f0a76a,d8af9da56
q80f0a76a,d8cd8ab36
q80f0a76a,d8904bd6a
q80f0a76a,d8715150e
q80f0a76a,d8bae4ffe
q80f0a76a,d8861efb8
q80f0a76a,d8cd8aac8
q80f0a76a,d862f071c
q85a7cc98,d87f3c466
q85a7cc98,d8806fb62
q85a7cc98,d870a76bc
q85a7cc98,d8cdd4178
q85a7cc98,d87a08abc
q85a7cc98,d896d2e86
q85a7cc98,d88940b74
q85a7cc98,d8880226c
q85a7cc98,d87f3c25e
q85a7cc98,d8def801c
q81d4df20,d81d4e07e
q81d4df20,d89cb9c0a
q81d4df20,d815dda9c
q81d4df20,d87763190
q81d4df20,d89774704
q81d4df20,d87a08abc
q81d4df20,d8ed764ae
q81d4df20,d8a223380
q81d4df20,d88791ec2
q81d4df20,d87d4183c
q83364962,d8f1eee78
q83364962,d8982eb90
q83364962,d8e1c13c0
q83364962,d873d5294
q83364962,d8cf92654
q83364962,d8b52dc3c
q83364962,d82739890
q83364962,d85e7988c
q83364962,d86a2e5d8
q83364962,d82a93dba
q857b4efc,d8e29df6e
q857b4efc,d86dbb322
q857b4efc,d83dd4c44
q857b4efc,d8291ab28
q857b4efc,d85fde1dc
q857b4efc,d89b4e488
q857b4efc,d88e4a692
q857b4efc,d8b7593d0
q857b4efc,d8cea65ba
q857b4efc,d8c07e2bc
q833ef6de,d8be2ad26
q833ef6de,d8b06e264
q833ef6de,d8acc08c4
q833ef6de,d8621525c
q833ef6de,d816bdaca
q833ef6de,d8ad23c6c
q833ef6de,d86a2e506
q833ef6de,d86261d96
q833ef6de,d893b4650
q833ef6de,d89fd96f6
q81a22a62,d891c7040
q81a22a62,d8d2c9bce
q81a22a62,d89c7a122
q81a22a62,d8e211884
q81a22a62,d8cb746ee
q81a22a62,d8f43c3b0
q81a22a62,d8ed4336a
q81a22a62,d8e62f6d2
q81a22a62,d8ecea116
q81a22a62,d8ae167b4
q82d8ef42,d8d2c9bce
q82d8ef42,d82d8f082
q82d8ef42,d8ec685c6
q82d8ef42,d8d1372a2
q82d8ef42,d8e1e392a
q82d8ef42,d8ae711aa
q82d8ef42,d8963555a
q82d8ef42,d8a8623a4
q82d8ef42,d8e02cab4
q82d8ef42,d8d0257a6
q81f4001c,d81f402d8
q81f4001c,d89a14f40
q81f4001c,d8ea20ebc
q81f4001c,d8c803ee2
q81f4001c,d87559110
q81f4001c,d8d2b2ee2
q81f4001c,d86731aa6
q81f4001c,d8c8acc0e
q81f4001c,d8d3a9b5c
q81f4001c,d8dc06426
q826322e4,d8ed76530
q826322e4,d838d65da
q826322e4,d898ab2da
q826322e4,d810cc7ba
q826322e4,d87b01f0e
q826322e4,d8a7c2570
q826322e4,d8d638008
q826322e4,d823751e6
q826322e4,d8445e704
q826322e4,d86eac52e
q83b8b2ee,d882b6100
q83b8b2ee,d89ba81ae
q83b8b2ee,d8aa75a92
q83b8b2ee,d8b6f9af2
q83b8b2ee,d87876ac8
q83b8b2ee,d8a8cff9e
q83b8b2ee,d8f4a8772
q83b8b2ee,d8e586686
q83b8b2ee,d894c30dc
q83b8b2ee,d8a7c24a8
q811391f8,d8d4a9e30
q811391f8,d8ef7fa3e
q811391f8,d8bc6e46a
q811391f8,d86d030ec
q811391f8,d8a3126c4
q811391f8,d8b86597c
q811391f8,d8271c5ec
q811391f8,d8aefb440
q811391f8,d8d4f7072
q811391f8,d873b57aa
q83b59da2,d842dcd9a
q83b59da2,d87843204
q83b59da2,d8ea6a08a
q83b59da2,d8da2d5d2
q83b59da2,d87b9bcbc
q83b59da2,d8c73c676
q83b59da2,d8bef68b8
q83b59da2,d8e95ddfe
q83b59da2,d86745a1a
q83b59da2,d886121d2
q813b8c26,d8a84115e
q813b8c26,d83392ad8
q813b8c26,d86de5988
q813b8c26,d81e68806
q813b8c26,d8c75e2f8
q813b8c26,d890ea6ea
q813b8c26,d86b4c1a4
q813b8c26,d833929f2
q813b8c26,d8b7d5002
q813b8c26,d8ee9989a
q812cf9ae,d871193d4
q812cf9ae,d8140c1d2
q812cf9ae,d8efba5da
q812cf9ae,d872a64ea
q812cf9ae,d8efba49a
q812cf9ae,d8789c49e
q812cf9ae,d88d0bb64
q812cf9ae,d8a04618e
q812cf9ae,d8695f904
q812cf9ae,d88dbe52a
q846236fc,d837f60d4
q846236fc,d8f4a86a0
q846236fc,d8b378806
q846236fc,d8ebf3866
q846236fc,d85de8c9c
q846236fc,d8b96318a
q846236fc,d8ac57680
q846236fc,d89774704
q846236fc,d8df83a0e
q846236fc,d867e1424
q85a99302,d837f60d4
q85a99302,d885114f4
q85a99302,d88975806
q85a99302,d81329094
q85a99302,d8e605f9e
q85a99302,d81da99ec
q85a99302,d88e6be8c
q85a99302,d8b6a56a0
q85a99302,d8e79b638
q85a99302,d8b8befc2
q82b3823e,d8957e68e
q82b3823e,d87559110
q82b3823e,d86a8762e
q82b3823e,d82a65046
q82b3823e,d8d99831a
q82b3823e,d8d2b2ee2
q82b3823e,d8d783728
q82b3823e,d885f420e
q82b3823e,d88d9ab7a
q82b3823e,d8d4d286c
q84a29b34,d81ee4140
q84a29b34,d8c28a902
q84a29b34,d86731b32
q84a29b34,d8124330a
q84a29b34,d8d64e646
q84a29b34,d8b505084
q84a29b34,d824419da
q84a29b34,d8a28fd0a
q84a29b34,d86826362
q84a29b34,d834c52b6
q8195ccf4,d871193d4
q8195ccf4,d8b044536
q8195ccf4,d8140c1d2
q8195ccf4,d8b044586
q8195ccf4,d896ad30c
q8195ccf4,d8c7e0a00
q8195ccf4,d8e11c0be
q8195ccf4,d877f37c2
q8195ccf4,d888827be
q8195ccf4,d8ee8cfe6
q84ca661e,d8a4b4054
q84ca661e,d8e8eef94
q84ca661e,d8883c160
q84ca661e,d8caf35e4
q84ca661e,d87d2d710
q84ca661e,d8ecca0be
q84ca661e,d89abe374
q84ca661e,d8445e56a
q84ca661e,d8366a198
q84ca661e,d8366a292
q83c2a93e,d828efc98
q83c2a93e,d8c7a8d80
q83c2a93e,d8cbcc060
q83c2a93e,d8c37ccb6
q83c2a93e,d8c1a8890
q83c2a93e,d8abb32e2
q83c2a93e,d87d2d710
q83c2a93e,d8184fd02
q83c2a93e,d86389f84
q83c2a93e,d8c04e6f2
q81e4f9be,d8f73dde8
q81e4f9be,d88d34ed8
q81e4f9be,d8ebf3866
q81e4f9be,d8f5d5c76
q81e4f9be,d8aeb4842
q81e4f9be,d8a95feb4
q81e4f9be,d8c5fafd8
q81e4f9be,d8c70859c
q81e4f9be,d8115b2c6
q81e4f9be,d8bffd216
q8400a284,d89ff7a2a
q8400a284,d8cbbf6c6
q8400a284,d8c2e4402
q8400a284,d8bb12bde
q8400a284,d86f84ad2
q8400a284,d89b09810
q8400a284,d88778f9e
q8400a284,d834c5112
q8400a284,d89bb4daa
q8400a284,d88c06fca
q84c305fe,d89dd0d50
q84c305fe,d864b4e9a
q84c305fe,d825e6b32
q84c305fe,d8e62f826
q84c305fe,d8c73c676
q84c305fe,d8e95ddfe
q84c305fe,d81bf4296
q84c305fe,d8c30527e
q84c305fe,d87b9bcbc
q84c305fe,d8848a5c6
q85752c8e,d8a223380
q85752c8e,d8d609cc6
q85752c8e,d8f6f561a
q85752c8e,d8b6052d6
q85752c8e,d8de5817a
q85752c8e,d8bcf62f2
q85752c8e,d863d0060
q85752c8e,d875f1cee
q85752c8e,d87be6f78
q85752c8e,d8b5fc0fa
q83228472,d8ac0cb08
q83228472,d87dc6960
q83228472,d87d8104a
q83228472,d8201ba40
q83228472,d88c1f1f6
q83228472,d88362cf2
q83228472,d88e6bf36
q83228472,d8c7a8ec0
q83228472,d89f60c42
q83228472,d87b4decc
q845279c4,d81511816
q845279c4,d8a4e6522
q845279c4,d890abdd2
q845279c4,d883b0038
q845279c4,d88ec55a4
q845279c4,d8c6d6af6
q845279c4,d815cd0fc
q845279c4,d8e3d6ade
q845279c4,d8786d0d6
q845279c4,d86b4c24e
q85874db0,d8e2645b6
q85874db0,d8e08335a
q85874db0,d8259f282
q85874db0,d8d757628
q85874db0,d87e0e6f2
q85874db0,d8c1b42bc
q85874db0,d8d624b5c
q85874db0,d8ac73128
q85874db0,d88d5e288
q85874db0,d89644ac8
q81a371f6,d8196f46c
q81a371f6,d89cb9b42
q81a371f6,d837f6070
q81a371f6,d8646ec42
q81a371f6,d8d1db1a4
q81a371f6,d8f0947da
q81a371f6,d89c035f4
q81a371f6,d8cf7429e
q81a371f6,d8f1b621c
q81a371f6,d8cd9d5c4
q83fb1e4a,d83392a88
q83fb1e4a,d898ef25a
q83fb1e4a,d89b24246
q83fb1e4a,d8327a74a
q83fb1e4a,d8785f1b6
q83fb1e4a,d8ccee88a
q83fb1e4a,d8aff5062
q83fb1e4a,d8c8b5d18
q83fb1e4a,d89d0b1a4
q83fb1e4a,d8a569a1c
q814f56d4,d87b4ddc8
q814f56d4,d87357542
q814f56d4,d812cfb3e
q814f56d4,d87c97d64
q814f56d4,d8e7d7746
q814f56d4,d87809b94
q814f56d4,d8a4eece0
q814f56d4,d81452222
q814f56d4,d87b4de2c
q814f56d4,d8843b1ec
q8499ad76,d8dacbf3e
q8499ad76,d8259f4ee
q8499ad76,d8b7d5002
q8499ad76,d866e523c
q8499ad76,d89c035f4
q8499ad76,d8b78e986
q8499ad76,d8124326a
q8499ad76,d8f0947da
q8499ad76,d870a76bc
q8499ad76,d81d75c5a
q81f2e43e,d8d757628
q81f2e43e,d8b4148be
q81f2e43e,d872c7294
q81f2e43e,d868d9610
q81f2e43e,d8e264322
q81f2e43e,d8f5d5b72
q81f2e43e,d896b9eae
q81f2e43e,d81f2e70e
q81f2e43e,d8124330a
q81f2e43e,d88bf522a
q8566cf36,d8e586726
q8566cf36,d899c58c8
q8566cf36,d8187d7d4
q8566cf36,d86bc2976
q8566cf36,d8754940e
q8566cf36,d8f29f732
q8566cf36,d8bdb736c
q8566cf36,d8bcea420
q8566cf36,d87fc1b20
q8566cf36,d8c6e8f4e
q851cc3be,d828caa88
q851cc3be,d8dc6d73e
q851cc3be,d8159e41e
q851cc3be,d8792ecf4
q851cc3be,d82d2c8b0
q851cc3be,d8a606a74
q851cc3be,d838d6698
q851cc3be,d87c6540e
q851cc3be,d8c62058a
q851cc3be,d8e533cba
q83a62494,d85f360b8
q83a62494,d8be8d0f2
q83a62494,d8788d7c8
q83a62494,d8ee3f11a
q83a62494,d8bdc4e5e
q83a62494,d8bbb8386
q83a62494,d89498e68
q83a62494,d89788f24
q83a62494,d8ae2da90
q83a62494,d895ad09c
q81b53972,d864c92e6
q81b53972,d8f536cd4
q81b53972,d8e3740fa
q81b53972,d8cc34020
q81b53972,d87a7e1ea
q81b53972,d8749de1a
q81b53972,d87d15dd6
q81b53972,d838d65da
q81b53972,d899b6346
q81b53972,d8c849834
q83daa26e,d8988f558
q83daa26e,d866e523c
q83daa26e,d870a76bc
q83daa26e,d8a8c69ee
q83daa26e,d88465e9c
q83daa26e,d8c86908a
q83daa26e,d87053ac6
q83daa26e,d8df513ba
q83daa26e,d8e8673b4
q83daa26e,d8a789310
q831886de,d8c3d3804
q831886de,d89393072
q831886de,d8201ba40
q831886de,d89110c64
q831886de,d87d8104a
q831886de,d8a0158ae
q831886de,d87c97f12
q831886de,d88a932c4
q831886de,d8de982e8
q831886de,d87d041ee
q833247b8,d8f6b5b3c
q833247b8,d8aba7546
q833247b8,d8a6c7a4e
q833247b8,d8ecca05a
q833247b8,d81566618
q833247b8,d88e3768c
q833247b8,d88afa578
q833247b8,d88e7c818
q833247b8,d88863c6a
q833247b8,d8c6614cc
q85d3a8c2,d82a10302
q85d3a8c2,d8aa2d9e0
q85d3a8c2,d886784be
q85d3a8c2,d8364bba8
q85d3a8c2,d8912badc
q85d3a8c2,d8caae8c2
q85d3a8c2,d8e02cab4
q85d3a8c2,d8e8c64d6
q85d3a8c2,d8a58d1b0
q85d3a8c2,d8867855e
q857a4322,d82787b30
q857a4322,d8ec20654
q857a4322,d87d418fa
q857a4322,d8692d940
q857a4322,d8792ecf4
q857a4322,d88f1e636
q857a4322,d8dae1776
q857a4322,d86400e4a
q857a4322,d8add2bb8
q857a4322,d890abdd2
q83a43364,d8196f46c
q83a43364,d89cb9b42
q83a43364,d837f6070
q83a43364,d828a59b8
q83a43364,d86d1648a
q83a43364,d8cfea0c0
q83a43364,d8f1b621c
q83a43364,d8646ec42
q83a43364,d81be6718
q83a43364,d8cd9d5c4
q83ab3cf4,d8e68d7b4
q83ab3cf4,d81f93492
q83ab3cf4,d87ea4940
q83ab3cf4,d8af691c0
q83ab3cf4,d8a714042
q83ab3cf4,d8a103540
q83ab3cf4,d8b57ccba
q83ab3cf4,d87e4c9e8
q83ab3cf4,d8e8c63b4
q83ab3cf4,d878d600e
q8538e544,d869a26fa
q8538e544,d82b41f64
q8538e544,d89ec4874
q8538e544,d84dc5f18
q8538e544,d867fd6b0
q8538e544,d85e51e0e
q8538e544,d88e4a692
q8538e544,d88f70d0a
q8538e544,d8d29598c
q8538e544,d8c6a6ea0
q84bf69a8,d8a5cbb04
q84bf69a8,d8dbcea4e
q84bf69a8,d8267f2e2
q84bf69a8,d8d504a60
q84bf69a8,d8cdd4178
q84bf69a8,d8184fdfc
q84bf69a8,d866e523c
q84bf69a8,d8b4b0674
q84bf69a8,d8d9ffad8
q84bf69a8,d812cfc9c
q829ce3f8,d8c28a902
q829ce3f8,d884f264e
q829ce3f8,d8f5e022a
q829ce3f8,d893fda26
q829ce3f8,d884f25fe
q829ce3f8,d8cbbf6c6
q829ce3f8,d8223560a
q829ce3f8,d8bc0f550
q829ce3f8,d8ac2a6c6
q829ce3f8,d8f8f8444
q843299d8,d8e29de60
q843299d8,d8b044536
q843299d8,d8140c1d2
q843299d8,d8afd3a84
q843299d8,d8f8d6826
q843299d8,d8b7593d0
q843299d8,d8327a6d2
q843299d8,d894c30dc
q843299d8,d88dbe52a
q843299d8,d89392e9c
q8534d314,d8316fd3c
q8534d314,d8bff24ce
q8534d314,d8dd8d646
q8534d314,d8834ee82
q8534d314,d8d72ebec
q8534d314,d8bf90bfc
q8534d314,d8d27b352
q8534d314,d8cfb1ff4
q8534d314,d8e5e57b2
q8534d314,d8b054346
q85a5bb42,d8614a91c
q85a5bb42,d8e675c72
q85a5bb42,d81452196
q85a5bb42,d86ca166c
q85a5bb42,d8c29a622
q85a5bb42,d8ec20596
q85a5bb42,d8f6b5b3c
q85a5bb42,d8135b1de
q85a5bb42,d8b49caca
q85a5bb42,d86760e00
q852d98f6,d82eedadc
q852d98f6,d89bb4daa
q852d98f6,d81cc5c06
q852d98f6,d86444618
q852d98f6,d81392e5e
q852d98f6,d8d6c5d72
q852d98f6,d8247dfb6
q852d98f6,d8177aa80
q852d98f6,d87397cc8
q852d98f6,d8f8055aa
q82a64de4,d875671b6
q82a64de4,d875346bc
q82a64de4,d8d3ef68e
q82a64de4,d8792ecf4
q82a64de4,d82a64f1a
q82a64de4,d8b3c9922
q82a64de4,d8e1c13c0
q82a64de4,d8692d940
q82a64de4,d8191002a
q82a64de4,d88f99930
q812183d0,d8b7d5002
q812183d0,d8d64e646
q812183d0,d8f26f348
q812183d0,d8805f0d2
q812183d0,d81cd677c
q812183d0,d88863ddc
q812183d0,d8a7306de
q812183d0,d8df513ba
q812183d0,d882fa0a8
q812183d0,d87053ac6
q825563f2,d872e4290
q825563f2,d898ab28a
q825563f2,d8bee0af4
q825563f2,d82a93c34
q825563f2,d81589636
q825563f2,d883a3a72
q825563f2,d864b4ef4
q825563f2,d8ee997e6
q825563f2,d8f5a2164
q825563f2,d8df258fa
q816a4a7a,d8adbdc18
q816a4a7a,d8a8e9afc
q816a4a7a,d8a149b76
q816a4a7a,d86a21b80
q816a4a7a,d8bad3df8
q816a4a7a,d874be264
q816a4a7a,d86b4c24e
q816a4a7a,d872994ca
q816a4a7a,d8e3eb88a
q816a4a7a,d8e2f5278
q821b69a4,d8b7f72ec
q821b69a4,d8bbb8386
q821b69a4,d8694b710
q821b69a4,d8d37256c
q821b69a4,d8733fec4
q821b69a4,d8be8d0f2
q821b69a4,d8f1eee78
q821b69a4,d86fcfe9c
q821b69a4,d8af692a6
q821b69a4,d89d47a96
q837bea62,d89c7a122
q837bea62,d8ca47d5c
q837bea62,d8af692a6
q837bea62,d88aa4862
q837bea62,d8f43c3b0
q837bea62,d8d04d526
q837bea62,d8f6dc49e
q837bea62,d8a95feb4
q837bea62,d8eeb9ca8
q837bea62,d8a3b487a
q83b7e33c,d8943f48a
q83b7e33c,d8e541aa4
q83b7e33c,d8160f3b2
q83b7e33c,d8cca9cc6
q83b7e33c,d8ac40fd4
q83b7e33c,d8e4da7d2
q83b7e33c,d8e18a3ca
q83b7e33c,d8f44f820
q83b7e33c,d86e48678
q83b7e33c,d81ad282c
q83583c0c,d875e602e
q83583c0c,d8836be10
q83583c0c,d89ed62c2
q83583c0c,d87b4ddc8
q83583c0c,d8a4806b4
q83583c0c,d89c1ccf2
q83583c0c,d8c73c676
q83583c0c,d872a64ea
q83583c0c,d8d3624aa
q83583c0c,d895ff2de
q814d91b4,d814d931c
q814d91b4,d8a2c363c
q814d91b4,d8926f6be
q814d91b4,d8caae8c2
q814d91b4,d8c2afa22
q814d91b4,d8c3d362e
q814d91b4,d88908f30
q814d91b4,d8c4c9a7e
q814d91b4,d8799aa08
q814d91b4,d8b0443b0
q8183d97c,d8be2ad26
q8183d97c,d8b06e264
q8183d97c,d86efa878
q8183d97c,d8bc3a426
q8183d97c,d8ad23c6c
q8183d97c,d870d5f1c
q8183d97c,d8b7f7422
q8183d97c,d8a569ac6
q8183d97c,d8e99e4a8
q8183d97c,d8acc08c4
q81c45934,d8bc5c210
q81c45934,d86023944
q81c45934,d8177aa80
q81c45934,d86c2cc4a
q81c45934,d897bc7ca
q81c45934,d8bf0d5fe
q81c45934,d87a70a72
q81c45934,d87a08bde
q81c45934,d81521180
q81c45934,d8a73eef0
q8364ba86,d8364bcd4
q8364ba86,d817bc0a2
q8364ba86,d8b54696c
q8364ba86,d8642a416
q8364ba86,d8b546926
q8364ba86,d8d312950
q8364ba86,d894a3be2
q8364ba86,d8d4156f4
q8364ba86,d8727f00c
q8364ba86,d8cbcbf7a
q83d6bbae,d89d0b096
q83d6bbae,d870d5fd0
q83d6bbae,d8f5488d0
q83d6bbae,d870d5f76
q83d6bbae,d81c79af4
q83d6bbae,d8a522c0c
q83d6bbae,d8664f688
q83d6bbae,d886d0c2c
q83d6bbae,d86afc2d0
q83d6bbae,d8cc91a9a
q824d9802,d82def6b2
q824d9802,d8bef6994
q824d9802,d87821992
q824d9802,d818bcd58
q824d9802,d8c8c188e
q824d9802,d8cef8220
q824d9802,d8bef68b8
q824d9802,d8a569ac6
q824d9802,d88df2aa0
q824d9802,d87c543de
q85039a74,d825e6c7c
q85039a74,d89985dae
q85039a74,d825e6b96
q85039a74,d8c6316b4
q85039a74,d8f340bbe
q85039a74,d8201ba40
q85039a74,d82787b30
q85039a74,d8d43dab4
q85039a74,d87d8104a
q85039a74,d8825d8e8
q85a46076,d880b06f8
q85a46076,d8f21a834
q85a46076,d8de397b6
q85a46076,d87479920
q85a46076,d8bb576a8
q85a46076,d8ecb5f1a
q85a46076,d8883c07a
q85a46076,d8e80f754
q85a46076,d89883442
q85a46076,d8e04a8c0
q84978ff0,d814a3aa0
q84978ff0,d8d04d418
q84978ff0,d8af8ab0e
q84978ff0,d870c58e2
q84978ff0,d8883c23c
q84978ff0,d8b78e904
q84978ff0,d8b5dccbe
q84978ff0,d86b05ace
q84978ff0,d857773cc
q84978ff0,d87772046
q1a73c1d4,d1b3a6fa0
q1a73c1d4,d1b3af812
q1a73c1d4,d1b2ee16c
q1a73c1d4,d1b30755e
q1a73c1d4,d1b33ec7a
q1a73c1d4,d1b370540
q1a73c1d4,d1b3c11c0
q1a73c1d4,d1b3bf28a
q1a73c1d4,d1b3be84e
q1a73c1d4,d1b3c5fe0
q1a72ef98,d1b2eca42
q1a72ef98,d1b369c7c
q1a72ef98,d1b3274f8
q1a72ef98,d1b3adc10
q1a72ef98,d1a715322
q1a72ef98,d1b3b9a42
q1a72ef98,d1b3be6fa
q1a72ef98,d1b35c0d6
q1a72ef98,d1a73cf94
q1a72ef98,d1b38eba8
q1a716380,d1a716452
q1a716380,d1b341b5a
q1a716380,d1b30240a
q1a716380,d1b304548
q1a716380,d1b2fc294
q1a716380,d1b35fb64
q1a716380,d1b3c278c
q1a716380,d1b3bcea4
q1a716380,d1b35a9fc
q1a716380,d1b3504c0
q1a73f97e,d1a73fa6e
q1a73f97e,d1b3a7ef0
q1a73f97e,d1b3c3fe2
q1a73f97e,d1b31b73e
q1a73f97e,d1b36a6ae
q1a73f97e,d1b3bccba
q1a73f97e,d1b313dcc
q1a73f97e,d1b3270fc
q1a73f97e,d1b349954
q1a73f97e,d1b369a38
q1a731ee6,d1a731ff4
q1a731ee6,d1b39346e
q1a731ee6,d1b3ab8fc
q1a731ee6,d1b33486a
q1a731ee6,d1b37f428
q1a731ee6,d1b3af100
q1a731ee6,d1b362116
q1a731ee6,d1b32ddbc
q1a731ee6,d1b3a02e0
q1a731ee6,d1b37bc24
q1a729624,d1a7296ba
q1a729624,d1b3578f6
q1a729624,d1b3061a4
q1a729624,d1b2f066a
q1a729624,d1b3c0586
q1a729624,d1b391948
q1a729624,d1b310168
q1a729624,d1b2fa340
q1a729624,d1a717c44
q1a729624,d1b3a2cf2
q1a732468,d1a7324d6
q1a732468,d1b3bab22
q1a732468,d1a7384c6
q1a732468,d1b3164f0
q1a732468,d1b37c8ea
q1a732468,d1b30df3a
q1a732468,d1b3177b0
q1a732468,d1b352f68
q1a732468,d1b35313e
q1a732468,d1b3c1bb6
q1a73f24e,d1b35b096
q1a73f24e,d1b33a846
q1a73f24e,d1b38ffda
q1a73f24e,d1b38b426
q1a73f24e,d1b324ffa
q1a73f24e,d1b399e36
q1a73f24e,d1b2ecc5e
q1a73f24e,d1b3b4f4c
q1a73f24e,d1b32baee
q1a73f24e,d1b2e7a06
q1a714760,d1a7310a4
q1a714760,d1b3aea0c
q1a714760,d1b36f398
q1a714760,d1b387d08
q1a714760,d1b362436
q1a714760,d1b2ef3dc
q1a714760,d1b34baf6
q1a714760,d1b33f3be
q1a714760,d1b32a6d0
q1a714760,d1b3bae6a
q1a72d620,d1b37f428
q1a72d620,d1b31ce72
q1a72d620,d1b33ca56
q1a72d620,d1b35a6c8
q1a72d620,d1b363a48
q1a72d620,d1a72d756
q1a72d620,d1b39616e
q1a72d620,d1b389496
q1a72d620,d1b36a6ae
q1a72d620,d1b2e7a06
q1a716fa6,d1b39690c
q1a716fa6,d1b3a009c
q1a716fa6,d1b38a288
q1a716fa6,d1b34cdfc
q1a716fa6,d1b306aa0
q1a716fa6,d1b36cf58
q1a716fa6,d1b3b353e
q1a716fa6,d1b326f12
q1a716fa6,d1b358d14
q1a716fa6,d1b3a11a4
q1a729854,d1a72991c
q1a729854,d1a7253e4
q1a729854,d1b31094c
q1a729854,d1b336d72
q1a729854,d1b30ba96
q1a729854,d1b3b553c
q1a729854,d1b36c97c
q1a729854,d1b3b2c2e
q1a729854,d1b342488
q1a729854,d1b35eeda
q1a738476,d1b30df3a
q1a738476,d1a7324d6
q1a738476,d1b35313e
q1a738476,d1b3090a2
q1a738476,d1b31b91e
q1a738476,d1b2ef3dc
q1a738476,d1b3acbbc
q1a738476,d1b38224a
q1a738476,d1b379078
q1a738476,d1b370248
q1a7212bc,d1a71bb78
q1a7212bc,d1b336d72
q1a7212bc,d1b34c80c
q1a7212bc,d1b3711d4
q1a7212bc,d1b32f14e
q1a7212bc,d1b39b4fc
q1a7212bc,d1b33b3e0
q1a7212bc,d1b349198
q1a7212bc,d1b33a9ea
q1a7212bc,d1b342488
q1a73ceea,d1b395eee
q1a73ceea,d1b314a74
q1a73ceea,d1b30c658
q1a73ceea,d1b3a61cc
q1a73ceea,d1b38fc38
q1a73ceea,d1b36b4aa
q1a73ceea,d1b36f0dc
q1a73ceea,d1a73e024
q1a73ceea,d1b3c3c5e
q1a73ceea,d1b369c7c
q1a736734,d1a7367c0
q1a736734,d1b331b10
q1a736734,d1b369c7c
q1a736734,d1a71b272
q1a736734,d1b362436
q1a736734,d1b35493a
q1a736734,d1b33cd08
q1a736734,d1b2ef3dc
q1a736734,d1b34f5a2
q1a736734,d1b387d08
q1a71a980,d1b3a1794
q1a71a980,d1b369c7c
q1a71a980,d1b33a3fa
q1a71a980,d1b3bae6a
q1a71a980,d1b387d08
q1a71a980,d1b2ef3dc
q1a71a980,d1b362436
q1a71a980,d1b35f72c
q1a71a980,d1b32e01e
q1a71a980,d1b377142
q1a719cba,d1b30388c
q1a719cba,d1b38835c
q1a719cba,d1b343752
q1a719cba,d1b2fb2f4
q1a719cba,d1b355fa6
q1a719cba,d1b363dc2
q1a719cba,d1b37c246
q1a719cba,d1b3aeb92
q1a719cba,d1b350b3c
q1a719cba,d1a72b046
q1a71659c,d1b3558a8
q1a71659c,d1a7166dc
q1a71659c,d1b30d954
q1a71659c,d1b34bc0e
q1a71659c,d1b376fda
q1a71659c,d1a71456c
q1a71659c,d1b3849b4
q1a71659c,d1a73a852
q1a71659c,d1b2f5688
q1a71659c,d1b3757ac
q1a738908,d1b39034a
q1a738908,d1b33d4b0
q1a738908,d1b39dd06
q1a738908,d1b37721e
q1a738908,d1b36474a
q1a738908,d1b39a1ec
q1a738908,d1b3ad242
q1a738908,d1b351dca
q1a738908,d1b31c670
q1a738908,d1b3c5be4
q1a734da8,d1b34fc64
q1a734da8,d1b2edfd2
q1a734da8,d1b3a8bde
q1a734da8,d1b383708
q1a734da8,d1b377e58
q1a734da8,d1b38eae0
q1a734da8,d1b364a7e
q1a734da8,d1b373862
q1a734da8,d1b3b3ffc
q1a734da8,d1b3b762a
q1a71b77c,d1b35b7bc
q1a71b77c,d1b31137e
q1a71b77c,d1b3a7932
q1a71b77c,d1b3b6d7e
q1a71b77c,d1b32a568
q1a71b77c,d1b3a9174
q1a71b77c,d1b3abcb2
q1a71b77c,d1b39ed82
q1a71b77c,d1a71e1e8
q1a71b77c,d1b388e88
q1a71ef26,d1b341db2
q1a71ef26,d1a7169c0
q1a71ef26,d1b387ef2
q1a71ef26,d1b325d42
q1a71ef26,d1b39cd20
q1a71ef26,d1b38268c
q1a71ef26,d1b30812a
q1a71ef26,d1b2fb2f4
q1a71ef26,d1b2fab74
q1a71ef26,d1b382eac
q1a72004c,d1a7200d8
q1a72004c,d1b3168b0
q1a72004c,d1b383708
q1a72004c,d1b349c42
q1a72004c,d1b32ddbc
q1a72004c,d1b380d82
q1a72004c,d1a738d04
q1a72004c,d1b377142
q1a72004c,d1a72a5d8
q1a72004c,d1b311a04
q1a724868,d1b2e46e4
q1a724868,d1b392492
q1a724868,d1a735078
q1a724868,d1b31cd64
q1a724868,d1b3b308e
q1a724868,d1a71be0c
q1a724868,d1a71cca8
q1a724868,d1b38257e
q1a724868,d1b3a9052
q1a724868,d1b38dc80
q1a713b80,d1b392abe
q1a713b80,d1b388e88
q1a713b80,d1b3c2bce
q1a713b80,d1b2e83de
q1a713b80,d1b347f1e
q1a713b80,d1b360794
q1a713b80,d1b38cac4
q1a713b80,d1b380b8e
q1a713b80,d1b3182b4
q1a713b80,d1b3a197e
q1a721ae6,d1b324bcc
q1a721ae6,d1a721b22
q1a721ae6,d1b38a148
q1a721ae6,d1a734aec
q1a721ae6,d1b37b562
q1a721ae6,d1b365e2e
q1a721ae6,d1b3287ae
q1a721ae6,d1b3af100
q1a721ae6,d1b3af286
q1a721ae6,d1a73715c
q1a728dd2,d1a728e36
q1a728dd2,d1b2e225e
q1a728dd2,d1b32c4da
q1a728dd2,d1b3487ac
q1a728dd2,d1b2e96b2
q1a728dd2,d1a71a278
q1a728dd2,d1b32a568
q1a728dd2,d1b326f12
q1a728dd2,d1b390570
q1a728dd2,d1b33fab2
q1a72559c,d1a7255f6
q1a72559c,d1b3c5702
q1a72559c,d1b31ae60
q1a72559c,d1b3bacc6
q1a72559c,d1b2f0e94
q1a72559c,d1b2ef3dc
q1a72559c,d1b395502
q1a72559c,d1b387d08
q1a72559c,d1b33cd08
q1a72559c,d1b35752c
q1a73aa1e,d1a73ab0e
q1a73aa1e,d1a735294
q1a73aa1e,d1b3971fe
q1a73aa1e,d1b36abc2
q1a73aa1e,d1b3309ea
q1a73aa1e,d1b3a3652
q1a73aa1e,d1b361a04
q1a73aa1e,d1b31a370
q1a73aa1e,d1b378560
q1a73aa1e,d1b351bc2
q1a72a7a4,d1b34befc
q1a72a7a4,d1a72a812
q1a72a7a4,d1a73a852
q1a72a7a4,d1b2f89dc
q1a72a7a4,d1b342b5e
q1a72a7a4,d1b30d954
q1a72a7a4,d1b3b7da0
q1a72a7a4,d1b3abcb2
q1a72a7a4,d1b3bb5b8
q1a72a7a4,d1b3558a8
q1a719ee0,d1b35949e
q1a719ee0,d1b39ec7e
q1a719ee0,d1b3238b2
q1a719ee0,d1b32f496
q1a719ee0,d1b3021b2
q1a719ee0,d1b37e802
q1a719ee0,d1b39690c
q1a719ee0,d1b31ed3a
q1a719ee0,d1b34cdfc
q1a719ee0,d1b35dfda
q1a73e95c,d1b34befc
q1a73e95c,d1b35db98
q1a73e95c,d1b372476
q1a73e95c,d1b34cdfc
q1a73e95c,d1b3b3ea8
q1a73e95c,d1b346c22
q1a73e95c,d1b35a416
q1a73e95c,d1b3554b6
q1a73e95c,d1b32624c
q1a73e95c,d1b39668c
q1a72d922,d1b35bf96
q1a72d922,d1a739b32
q1a72d922,d1a72d99a
q1a72d922,d1b32fc66
q1a72d922,d1b376936
q1a72d922,d1b3294d8
q1a72d922,d1b34befc
q1a72d922,d1b343d6a
q1a72d922,d1b2fe79c
q1a72d922,d1b3c8b00
q1a722c02,d1a722c66
q1a722c02,d1a72bce4
q1a722c02,d1b2ef3dc
q1a722c02,d1b311c48
q1a722c02,d1b3a3fbc
q1a722c02,d1b369c7c
q1a722c02,d1b349b3e
q1a722c02,d1b36a6ae
q1a722c02,d1b389496
q1a722c02,d1b3c865a
q1a73887c,d1a73899e
q1a73887c,d1a73a852
q1a73887c,d1b30e78c
q1a73887c,d1b3757ac
q1a73887c,d1b3b5f14
q1a73887c,d1b364470
q1a73887c,d1b3450d4
q1a73887c,d1b35c86a
q1a73887c,d1b32ddbc
q1a73887c,d1b37ff2c
q1a711e3e,d1a711fd8
q1a711e3e,d1b30eaca
q1a711e3e,d1b32be18
q1a711e3e,d1b33ba66
q1a711e3e,d1b39adae
q1a711e3e,d1b3bd598
q1a711e3e,d1b36c6de
q1a711e3e,d1b32309c
q1a711e3e,d1b338bcc
q1a711e3e,d1b30f8da
q1a73028a,d1a7303b6
q1a73028a,d1b3967cc
q1a73028a,d1b3b82e6
q1a73028a,d1b3391b2
q1a73028a,d1b3b0226
q1a73028a,d1a726d7a
q1a73028a,d1b3b9e5c
q1a73028a,d1b32ab9e
q1a73028a,d1b2ffdae
q1a73028a,d1b3bd19c
q1a734010,d1a726af0
q1a734010,d1b3aeca0
q1a734010,d1b32360a
q1a734010,d1b355ccc
q1a734010,d1b344bb6
q1a734010,d1b35a6c8
q1a734010,d1b389496
q1a734010,d1b317dd2
q1a734010,d1b349b3e
q1a734010,d1b360230
q1a71a1a6,d1a71a278
q1a71a1a6,d1b36a532
q1a71a1a6,d1b3c6bc0
q1a71a1a6,d1b39de46
q1a71a1a6,d1b32baee
q1a71a1a6,d1b2e8b36
q1a71a1a6,d1a73f2c6
q1a71a1a6,d1b3b9038
q1a71a1a6,d1b3bf532
q1a71a1a6,d1b394044
q1a7333cc,d1b3a59ca
q1a7333cc,d1b3aa1a0
q1a7333cc,d1a741bd4
q1a7333cc,d1b35f9d4
q1a7333cc,d1b36ed08
q1a7333cc,d1b2e55ee
q1a7333cc,d1b300a4c
q1a7333cc,d1b2f783e
q1a7333cc,d1a7233f0
q1a7333cc,d1b356622
q1a714508,d1a72b046
q1a714508,d1b386822
q1a714508,d1b343752
q1a714508,d1b35b7bc
q1a714508,d1b359084
q1a714508,d1a73bfc2
q1a714508,d1b3a6942
q1a714508,d1b33a9ea
q1a714508,d1b333b86
q1a714508,d1b39f78c
q1a72decc,d1b3c8362
q1a72decc,d1a72df58
q1a72decc,d1b3418d0
q1a72decc,d1b352c70
q1a72decc,d1b3b497a
q1a72decc,d1b301ca8
q1a72decc,d1b3a9dd6
q1a72decc,d1b2f7b68
q1a72decc,d1b2ef24c
q1a72decc,d1b3578f6
q1a7182c0,d1a7183ce
q1a7182c0,d1a711fd8
q1a7182c0,d1b3b353e
q1a7182c0,d1b34a598
q1a7182c0,d1a72bce4
q1a7182c0,d1b326f12
q1a7182c0,d1b32be18
q1a7182c0,d1b315a5a
q1a7182c0,d1b35446c
q1a7182c0,d1b32b094
q1a72ff38,d1b387d08
q1a72ff38,d1b2ef3dc
q1a72ff38,d1b2e707e
q1a72ff38,d1a736f40
q1a72ff38,d1b32c020
q1a72ff38,d1b369c7c
q1a72ff38,d1b2fa4da
q1a72ff38,d1b37442e
q1a72ff38,d1b35ea48
q1a72ff38,d1b32a568
q1a730852,d1a7309a6
q1a730852,d1b3a1e2e
q1a730852,d1b2f2c94
q1a730852,d1a725d26
q1a730852,d1b30f236
q1a730852,d1b387d08
q1a730852,d1b2ef3dc
q1a730852,d1b2e50e4
q1a730852,d1b32c020
q1a730852,d1b366568
q1a73a7f8,d1b3b10cc
q1a73a7f8,d1b3abcb2
q1a73a7f8,d1a72a812
q1a73a7f8,d1b321daa
q1a73a7f8,d1b3b7da0
q1a73a7f8,d1b3a8756
q1a73a7f8,d1a73a852
q1a73a7f8,d1b3757ac
q1a73a7f8,d1b360a78
q1a73a7f8,d1a732ce2
q1a72db5c,d1b37796c
q1a72db5c,d1b3416dc
q1a72db5c,d1b3bd598
q1a72db5c,d1a7155e8
q1a72db5c,d1b354e62
q1a72db5c,d1b2ea8fa
q1a72db5c,d1a72dc10
q1a72db5c,d1b31fef6
q1a72db5c,d1b35d2ce
q1a72db5c,d1b38d3fc
q1a74019e,d1a740248
q1a74019e,d1a736054
q1a74019e,d1b2fe102
q1a74019e,d1a7233f0
q1a74019e,d1b31a0d2
q1a74019e,d1b39d270
q1a74019e,d1b337970
q1a74019e,d1b2f76d6
q1a74019e,d1b38ffda
q1a74019e,d1b349954
q1a72617c,d1b388e88
q1a72617c,d1a72bce4
q1a72617c,d1b3c874a
q1a72617c,d1b30a074
q1a72617c,d1a73f2c6
q1a72617c,d1b326508
q1a72617c,d1b358530
q1a72617c,d1b369c7c
q1a72617c,d1b3182b4
q1a72617c,d1a72ccde
q1a734524,d1b3aa24a
q1a734524,d1b35e62e
q1a734524,d1a734614
q1a734524,d1b3457fa
q1a734524,d1b34baf6
q1a734524,d1a71be0c
q1a734524,d1b304548
q1a734524,d1b340598
q1a734524,d1b3aeb92
q1a734524,d1a73920e
q1a71d1d0,d1b2ef24c
q1a71d1d0,d1b3a7720
q1a71d1d0,d1b39c5b4
q1a71d1d0,d1b3a31ca
q1a71d1d0,d1a71fa20
q1a71d1d0,d1b3782ea
q1a71d1d0,d1b33486a
q1a71d1d0,d1b38301e
q1a71d1d0,d1b35881e
q1a71d1d0,d1b35ede0
q1a718324,d1b3238b2
q1a718324,d1a7183ce
q1a718324,d1a711fd8
q1a718324,d1b390fa2
q1a718324,d1b39f78c
q1a718324,d1b3ab294
q1a718324,d1b3c1f6c
q1a718324,d1b3ab596
q1a718324,d1b2e1e08
q1a718324,d1b3b353e
q1a7200a6,d1b377142
q1a7200a6,d1a7200d8
q1a7200a6,d1b3b14a0
q1a7200a6,d1b32c020
q1a7200a6,d1a7218e8
q1a7200a6,d1b383708
q1a7200a6,d1a722c66
q1a7200a6,d1b369c7c
q1a7200a6,d1b2e63f4
q1a7200a6,d1a71b272
q1a7229dc,d1b354d0e
q1a7229dc,d1b35e70a
q1a7229dc,d1b36b5ae
q1a7229dc,d1b35ea48
q1a7229dc,d1a73b248
q1a7229dc,d1a722202
q1a7229dc,d1b386b1a
q1a7229dc,d1b39b222
q1a7229dc,d1b34d356
q1a7229dc,d1b30fc4a
q1a71f98a,d1b362436
q1a71f98a,d1b307338
q1a71f98a,d1b325d42
q1a71f98a,d1b351faa
q1a71f98a,d1b3c3d44
q1a71f98a,d1b2f9698
q1a71f98a,d1b2edfd2
q1a71f98a,d1b343b58
q1a71f98a,d1b30af92
q1a71f98a,d1b334c52
q1a731946,d1a731a4a
q1a731946,d1b3b7c24
q1a731946,d1b350a7e
q1a731946,d1b36ef9c
q1a731946,d1b35446c
q1a731946,d1b3441a2
q1a731946,d1b365e2e
q1a731946,d1a7309a6
q1a731946,d1b2efa6c
q1a731946,d1b3a197e
q1a73eb78,d1b39417a
q1a73eb78,d1b363ea8
q1a73eb78,d1b3af812
q1a73eb78,d1a73ec0e
q1a73eb78,d1b3c11c0
q1a73eb78,d1b3576b2
q1a73eb78,d1b3be84e
q1a73eb78,d1b3a6fa0
q1a73eb78,d1b3a60dc
q1a73eb78,d1b37721e
q1a721c44,d1b350f2e
q1a721c44,d1a721d34
q1a721c44,d1b37a252
q1a721c44,d1b39b09c
q1a721c44,d1b3994cc
q1a721c44,d1b388000
q1a721c44,d1b2fc7bc
q1a721c44,d1b3beeca
q1a721c44,d1b313eda
q1a721c44,d1b384482
q1a73aeb0,d1a73afdc
q1a73aeb0,d1b2f4094
q1a73aeb0,d1b382eac
q1a73aeb0,d1b32cade
q1a73aeb0,d1b383f1e
q1a73aeb0,d1b341db2
q1a73aeb0,d1b34a6a6
q1a73aeb0,d1b380d82
q1a73aeb0,d1b3b3ffc
q1a73aeb0,d1b31567c
q1a71c9ba,d1a71ca46
q1a71c9ba,d1b311c48
q1a71c9ba,d1b3c47da
q1a71c9ba,d1b338bcc
q1a71c9ba,d1b3a812a
q1a71c9ba,d1b3beb3c
q1a71c9ba,d1b31a91a
q1a71c9ba,d1b34a7be
q1a71c9ba,d1a73f2c6
q1a71c9ba,d1b3689e4
q1a72a088,d1b3a2ac2
q1a72a088,d1b32d7cc
q1a72a088,d1a72a0ce
q1a72a088,d1a7419cc
q1a72a088,d1a73c7c4
q1a72a088,d1b35446c
q1a72a088,d1b3b353e
q1a72a088,d1a7289ae
q1a72a088,d1b32dec0
q1a72a088,d1b35b096
q1a7375b2,d1a7376e8
q1a7375b2,d1a71e47c
q1a7375b2,d1b359f5c
q1a7375b2,d1b32f36a
q1a7375b2,d1b398126
q1a7375b2,d1b3ba6ae
q1a7375b2,d1b38d1cc
q1a7375b2,d1b36ba22
q1a7375b2,d1b3c5540
q1a7375b2,d1b39136c
q1a723120,d1b3ba6ae
q1a723120,d1a7231d4
q1a723120,d1b359f5c
q1a723120,d1a71e47c
q1a723120,d1b32002c
q1a723120,d1a7376e8
q1a723120,d1b36ba22
q1a723120,d1b398126
q1a723120,d1b3a2414
q1a723120,d1b32f90a
q1a73d318,d1a73d426
q1a73d318,d1b3c460e
q1a73d318,d1b337a92
q1a73d318,d1a72a0ce
q1a73d318,d1b308a76
q1a73d318,d1b3bb072
q1a73d318,d1b3bb81a
q1a73d318,d1b2e1e08
q1a73d318,d1b2f89dc
q1a73d318,d1b2f2a1e
q1a714e54,d1b32a2ac
q1a714e54,d1b33ddac
q1a714e54,d1b2ecc5e
q1a714e54,d1b346902
q1a714e54,d1b3441a2
q1a714e54,d1b386e80
q1a714e54,d1b303a08
q1a714e54,d1b38257e
q1a714e54,d1b2fcf50
q1a714e54,d1a72949e
q1a71861c,d1a7210fa
q1a71861c,d1b3c230e
q1a71861c,d1b3967cc
q1a71861c,d1b322fb6
q1a71861c,d1b2f32e8
q1a71861c,d1b343856
q1a71861c,d1b381688
q1a71861c,d1b383b40
q1a71861c,d1b337f7e
q1a71861c,d1b363c1e
q1a72ecaa,d1b3856e8
q1a72ecaa,d1b30cb26
q1a72ecaa,d1b39ed82
q1a72ecaa,d1b3ad242
q1a72ecaa,d1b31dae8
q1a72ecaa,d1b35bc4e
q1a72ecaa,d1b3520ea
q1a72ecaa,d1b3425f0
q1a72ecaa,d1b2f3a5e
q1a72ecaa,d1b359084
q1a734f42,d1a735078
q1a734f42,d1a7331d8
q1a734f42,d1b392492
q1a734f42,d1b364d08
q1a734f42,d1b36d8ae
q1a734f42,d1b3a9052
q1a734f42,d1b3b9c72
q1a734f42,d1a7249da
q1a734f42,d1b36ee3e
q1a734f42,d1b330ab2
q1a73bf5e,d1b359084
q1a73bf5e,d1a73bfc2
q1a73bf5e,d1b3c3056
q1a73bf5e,d1b33a9ea
q1a73bf5e,d1b3a59ca
q1a73bf5e,d1b35f9d4
q1a73bf5e,d1b37ec1c
q1a73bf5e,d1b3aa1a0
q1a73bf5e,d1a72f362
q1a73bf5e,d1b2edfd2
q1a739574,d1b3c160c
q1a739574,d1b3b7382
q1a739574,d1b3a81f2
q1a739574,d1a715854
q1a739574,d1b362116
q1a739574,d1b3780ba
q1a739574,d1b345656
q1a739574,d1b2f4a30
q1a739574,d1a739632
q1a739574,d1b3b8660
q1a722e0a,d1a722f4a
q1a722e0a,d1b345ac0
q1a722e0a,d1b383708
q1a722e0a,d1b2e6b6a
q1a722e0a,d1b38fdc8
q1a722e0a,d1b2e1b42
q1a722e0a,d1b2e7bb4
q1a722e0a,d1b2f751e
q1a722e0a,d1b348586
q1a722e0a,d1b3aa86c
q1a731450,d1a731540
q1a731450,d1b2e7858
q1a731450,d1b35446c
q1a731450,d1b332efc
q1a731450,d1b3487ac
q1a731450,d1b3749c4
q1a731450,d1b367b34
q1a731450,d1b33a3fa
q1a731450,d1b36a532
q1a731450,d1a71a278
q1a72c6e4,d1b332740
q1a72c6e4,d1b2edfd2
q1a72c6e4,d1b39dd06
q1a72c6e4,d1b387ef2
q1a72c6e4,d1b3b3ffc
q1a72c6e4,d1b382074
q1a72c6e4,d1b2e9950
q1a72c6e4,d1b2e455e
q1a72c6e4,d1b386d40
q1a72c6e4,d1a73bfc2
q1a726d02,d1b38ba70
q1a726d02,d1b3b82e6
q1a726d02,d1b3391b2
q1a726d02,d1b31f082
q1a726d02,d1b3967cc
q1a726d02,d1a726d7a
q1a726d02,d1b31d8ae
q1a726d02,d1b3920a0
q1a726d02,d1b3af434
q1a726d02,d1b3b0226
q1a73af14,d1a73afdc
q1a73af14,d1b3a09c0
q1a73af14,d1a741756
q1a73af14,d1b35ed0e
q1a73af14,d1b30bf14
q1a73af14,d1b2ebf84
q1a73af14,d1b34fc64
q1a73af14,d1b3504c0
q1a73af14,d1b35ede0
q1a73af14,d1b3b0d3e
q1a7226ee,d1b3c12b0
q1a7226ee,d1b38a3e6
q1a7226ee,d1b3be84e
q1a7226ee,d1b33a9ea
q1a7226ee,d1b347866
q1a7226ee,d1b38f0b2
q1a7226ee,d1b3711d4
q1a7226ee,d1b336d72
q1a7226ee,d1b328bdc
q1a7226ee,d1b3991d4
q1a7144ae,d1b3aa42a
q1a7144ae,d1b3472e4
q1a7144ae,d1b3b7da0
q1a7144ae,d1b3c014e
q1a7144ae,d1b36177a
q1a7144ae,d1b3a3364
q1a7144ae,d1b36d9f8
q1a7144ae,d1a731306
q1a7144ae,d1b395eee
q1a7144ae,d1b399c2e
q1a72937c,d1b31f42e
q1a72937c,d1b369f60
q1a72937c,d1b3c6bc0
q1a72937c,d1b3900e8
q1a72937c,d1a7218e8
q1a72937c,d1b36a532
q1a72937c,d1b3749c4
q1a72937c,d1b2e96b2
q1a72937c,d1b318516
q1a72937c,d1b3bf532
q1a71dc3e,d1b304246
q1a71dc3e,d1a71dd10
q1a71dc3e,d1a731a4a
q1a71dc3e,d1b312dd2
q1a71dc3e,d1b37ee24
q1a71dc3e,d1b34ee54
q1a71dc3e,d1b3ad3be
q1a71dc3e,d1b35f90c
q1a71dc3e,d1b3a781a
q1a71dc3e,d1b308828
q1a72b41a,d1b39034a
q1a72b41a,d1b2fb63c
q1a72b41a,d1b3bbb12
q1a72b41a,d1b354750
q1a72b41a,d1b358abc
q1a72b41a,d1b33d4b0
q1a72b41a,d1b39ca32
q1a72b41a,d1b34db9e
q1a72b41a,d1b334c52
q1a72b41a,d1b3805b2
q1a73a7c6,d1b3b10cc
q1a73a7c6,d1a72a812
q1a73a7c6,d1b321daa
q1a73a7c6,d1b3abcb2
q1a73a7c6,d1b3b7da0
q1a73a7c6,d1a73a852
q1a73a7c6,d1a732ce2
q1a73a7c6,d1b39ed82
q1a73a7c6,d1b316e00
q1a73a7c6,d1b3c63c8
q1a72522c,d1a7253e4
q1a72522c,d1b2fb4a2
q1a72522c,d1b306456
q1a72522c,d1b3b553c
q1a72522c,d1b3495da
q1a72522c,d1b370946
q1a72522c,d1a72aac4
q1a72522c,d1b369812
q1a72522c,d1b35115e
q1a72522c,d1b358d14
q1a733fde,d1a7340d8
q1a733fde,d1a71e1e8
q1a733fde,d1b3bcbf2
q1a733fde,d1b3a9a7a
q1a733fde,d1b32309c
q1a733fde,d1b386822
q1a733fde,d1b2efec2
q1a733fde,d1b2f68da
q1a733fde,d1b398cac
q1a733fde,d1b2f345a
q1a7190f8,d1b35243c
q1a7190f8,d1a716c9a
q1a7190f8,d1b3ad526
q1a7190f8,d1b366e96
q1a7190f8,d1b37bddc
q1a7190f8,d1b3856e8
q1a7190f8,d1b34b02e
q1a7190f8,d1a7310a4
q1a7190f8,d1b3b229c
q1a7190f8,d1b3b2f94
q1a713e82,d1b3bdaa2
q1a713e82,d1b35493a
q1a713e82,d1b395eee
q1a713e82,d1b338c9e
q1a713e82,d1b3495da
q1a713e82,d1b34a6a6
q1a713e82,d1b33cd08
q1a713e82,d1b2ff73c
q1a713e82,d1b387ef2
q1a713e82,d1b3c6a8a
q1a715958,d1a715a70
q1a715958,d1b39a926
q1a715958,d1b373f4c
q1a715958,d1b3357ce
q1a715958,d1b2e83de
q1a715958,d1b3c7cfa
q1a715958,d1b2eb8cc
q1a715958,d1b2e6d90
q1a715958,d1b3505c4
q1a715958,d1b35ede0
q1a72c356,d1b38878a
q1a72c356,d1b3046d8
q1a72c356,d1b3712f6
q1a72c356,d1b30af92
q1a72c356,d1a72c40a
q1a72c356,d1b30687a
q1a72c356,d1b3c36a0
q1a72c356,d1b33989c
q1a72c356,d1b36ec4a
q1a72c356,d1b3669c8
q1a734d80,d1b3a8bde
q1a734d80,d1b39ca32
q1a734d80,d1b34fc64
q1a734d80,d1b2edfd2
q1a734d80,d1b39dd06
q1a734d80,d1b383708
q1a734d80,d1a73bfc2
q1a734d80,d1a734e2a
q1a734d80,d1b366e96
q1a734d80,d1b34a6a6
q1a73c224,d1b3af812
q1a73c224,d1b37721e
q1a73c224,d1b2ee16c
q1a73c224,d1b3be84e
q1a73c224,d1b2e63f4
q1a73c224,d1b363ea8
q1a73c224,d1b3aad30
q1a73c224,d1b39417a
q1a73c224,d1b3a6fa0
q1a73c224,d1b2f0e94
q1a73215c,d1a7322b0
q1a73215c,d1b2e373a
q1a73215c,d1a715322
q1a73215c,d1b31bdce
q1a73215c,d1b3274f8
q1a73215c,d1b391b6e
q1a73215c,d1b336944
q1a73215c,d1b336c6e
q1a73215c,d1b30c658
q1a73215c,d1b3a0556
q1a7246b0,d1b362436
q1a7246b0,d1b3bae6a
q1a7246b0,d1b3a1794
q1a7246b0,d1b34f9ee
q1a7246b0,d1b33a3fa
q1a7246b0,d1a71a4e4
q1a7246b0,d1b355ccc
q1a7246b0,d1b369c7c
q1a7246b0,d1b3c11c0
q1a7246b0,d1b32e01e
q1a7201f0,d1a7331d8
q1a7201f0,d1b372106
q1a7201f0,d1b333a28
q1a7201f0,d1b38a3e6
q1a7201f0,d1b348f40
q1a7201f0,d1b2fe95e
q1a7201f0,d1b373268
q1a7201f0,d1b3a7ae0
q1a7201f0,d1b378560
q1a7201f0,d1b307338
q1a72105a,d1a7210fa
q1a72105a,d1b322fb6
q1a72105a,d1b32e136
q1a72105a,d1b3967cc
q1a72105a,d1b363c1e
q1a72105a,d1b3105c8
q1a72105a,d1b343856
q1a72105a,d1b3c7ed0
q1a72105a,d1b374582
q1a72105a,d1b31a1cc
q1a721c6c,d1b3a9a7a
q1a721c6c,d1b32a568
q1a721c6c,d1b388e88
q1a721c6c,d1b3bdaa2
q1a721c6c,d1b37a0d6
q1a721c6c,d1b3a7932
q1a721c6c,d1b371d0a
q1a721c6c,d1b3061a4
q1a721c6c,d1b39ed82
q1a721c6c,d1b35b7bc
q1a72b582,d1b355a38
q1a72b582,d1a72b690
q1a72b582,d1b3a3652
q1a72b582,d1b361a04
q1a72b582,d1a73ba68
q1a72b582,d1b344968
q1a72b582,d1b349d0a
q1a72b582,d1b2f4418
q1a72b582,d1a719490
q1a72b582,d1b2f27da
q1a730faa,d1a7310a4
q1a730faa,d1a738d04
q1a730faa,d1a73f564
q1a730faa,d1b3182b4
q1a730faa,d1b39f8d6
q1a730faa,d1b35c4dc
q1a730faa,d1b375ee6
q1a730faa,d1a716c9a
q1a730faa,d1b34ecb0
q1a730faa,d1b366ad6
q1a714f3a,d1b358530
q1a714f3a,d1b3b92ea
q1a714f3a,d1b36bd92
q1a714f3a,d1b2f364e
q1a714f3a,d1a714f9e
q1a714f3a,d1a73a424
q1a714f3a,d1b3a863e
q1a714f3a,d1b3018d4
q1a714f3a,d1b38cac4
q1a714f3a,d1b33472a
q1a71313a,d1a7218e8
q1a71313a,d1b3c5d24
q1a71313a,d1b3879b6
q1a71313a,d1b37442e
q1a71313a,d1a73f2c6
q1a71313a,d1b379906
q1a71313a,d1b32c020
q1a71313a,d1b3a197e
q1a71313a,d1b2e96b2
q1a71313a,d1b2fbe34
q1a733a48,d1a733a98
q1a733a48,d1b36c60c
q1a733a48,d1b35f90c
q1a733a48,d1a71f2f0
q1a733a48,d1b33f3be
q1a733a48,d1b32d2b8
q1a733a48,d1b32c020
q1a733a48,d1b38d9ec
q1a733a48,d1b3c3fe2
q1a733a48,d1b3862b4
q1a724ae8,d1b33efcc
q1a724ae8,d1b3c0c84
q1a724ae8,d1b34fc64
q1a724ae8,d1b351dca
q1a724ae8,d1b32ddbc
q1a724ae8,d1b32401e
q1a724ae8,d1b373862
q1a724ae8,d1b3a079a
q1a724ae8,d1b3b0e1a
q1a724ae8,d1b382074
q1a714684,d1b375874
q1a714684,d1b2e766e
q1a714684,d1a71479c
q1a714684,d1b3af34e
q1a714684,d1b359674
q1a714684,d1b3538fa
q1a714684,d1b3ae62e
q1a714684,d1a723c42
q1a714684,d1b36fe9c
q1a714684,d1b3259b4
q1a72f31c,d1a732ce2
q1a72f31c,d1b315bcc
q1a72f31c,d1b38ad82
q1a72f31c,d1a73f564
q1a72f31c,d1b3a61cc
q1a72f31c,d1b387d08
q1a72f31c,d1b2e707e
q1a72f31c,d1a72b046
q1a72f31c,d1b37ff2c
q1a72f31c,d1a736f40
q1a72ceaa,d1b31b4fa
q1a72ceaa,d1b307c48
q1a72ceaa,d1b3b4cea
q1a72ceaa,d1b3a7f9a
q1a72ceaa,d1a72cf18
q1a72ceaa,d1b3a3288
q1a72ceaa,d1b3a277a
q1a72ceaa,d1a740464
q1a72ceaa,d1b310cd0
q1a72ceaa,d1b3211d4
q1a73a712,d1a73a852
q1a73a712,d1a72a812
q1a73a712,d1b3b641e
q1a73a712,d1b321daa
q1a73a712,d1b2f5688
q1a73a712,d1b360a78
q1a73a712,d1b34bc0e
q1a73a712,d1b30d954
q1a73a712,d1b3c63c8
q1a73a712,d1b3b7da0
q1a723756,d1b35243c
q1a723756,d1b2ffca0
q1a723756,d1b365942
q1a723756,d1b3ad526
q1a723756,d1a738d04
q1a723756,d1a73f564
q1a723756,d1b3520ea
q1a723756,d1b366e96
q1a723756,d1b38a6de
q1a723756,d1a7310a4
q1a73b400,d1b3a4c0a
q1a73b400,d1b2f4418
q1a73b400,d1b2f0d72
q1a73b400,d1b353846
q1a73b400,d1b34e18e
q1a73b400,d1a73b46e
q1a73b400,d1b37423a
q1a73b400,d1b3971fe
q1a73b400,d1b3ad3be
q1a73b400,d1b3a2568
q1a715d04,d1b2fc690
q1a715d04,d1a715e30
q1a715d04,d1b3b9b78
q1a715d04,d1b35bc4e
q1a715d04,d1b300c2c
q1a715d04,d1b33143a
q1a715d04,d1b3ad242
q1a715d04,d1b3abe92
q1a715d04,d1b32fc66
q1a715d04,d1b327d22
q1a731004,d1a7310a4
q1a731004,d1a738d04
q1a731004,d1b39f8d6
q1a731004,d1b386d40
q1a731004,d1a716c9a
q1a731004,d1b389a04
q1a731004,d1b3182b4
q1a731004,d1b3c874a
q1a731004,d1b3856e8
q1a731004,d1b35243c
q1a7418fa,d1a7419cc
q1a7418fa,d1a72a0ce
q1a7418fa,d1b3a2ac2
q1a7418fa,d1b375054
q1a7418fa,d1b32d7cc
q1a7418fa,d1b33599a
q1a7418fa,d1b2eb0de
q1a7418fa,d1b32c020
q1a7418fa,d1b3b23be
q1a7418fa,d1b3278c2
q1a721e4c,d1b334aea
q1a721e4c,d1b3052cc
q1a721e4c,d1a721fa0
q1a721e4c,d1b350b3c
q1a721e4c,d1b3a1c8a
q1a721e4c,d1b3c63c8
q1a721e4c,d1b351a3c
q1a721e4c,d1b366658
q1a721e4c,d1b39ea4e
q1a721e4c,d1b3a9782
q1a72079a,d1b39a084
q1a72079a,d1a72083a
q1a72079a,d1b3bfe6a
q1a72079a,d1b385b5c
q1a72079a,d1b33eefa
q1a72079a,d1b357d56
q1a72079a,d1b369e02
q1a72079a,d1a740f04
q1a72079a,d1b343a22
q1a72079a,d1b3278c2
q1a739fc4,d1b369a38
q1a739fc4,d1b31bcc0
q1a739fc4,d1b313dcc
q1a739fc4,d1b31fa28
q1a739fc4,d1b389496
q1a739fc4,d1b3c1bb6
q1a739fc4,d1b3a1f8c
q1a739fc4,d1b39d270
q1a739fc4,d1a71dd10
q1a739fc4,d1b37f9b4
q1a712b04,d1b2fc51e
q1a712b04,d1b383708
q1a712b04,d1b30687a
q1a712b04,d1b2e5468
q1a712b04,d1b394f12
q1a712b04,d1b306456
q1a712b04,d1b35b7bc
q1a712b04,d1b3712f6
q1a712b04,d1b3ac356
q1a712b04,d1b3866b0
q1a73b3a6,d1b344968
q1a73b3a6,d1b334e28
q1a73b3a6,d1a73b46e
q1a73b3a6,d1b2f0d72
q1a73b3a6,d1b3c19d6
q1a73b3a6,d1b3b2ad0
q1a73b3a6,d1b3a4c0a
q1a73b3a6,d1b374672
q1a73b3a6,d1b2f4418
q1a73b3a6,d1a72d3f0
q1a731482,d1a731540
q1a731482,d1b355ccc
q1a731482,d1b2e7858
q1a731482,d1b33a3fa
q1a731482,d1b3c0eaa
q1a731482,d1b302856
q1a731482,d1b35493a
q1a731482,d1b2e4978
q1a731482,d1b3487ac
q1a731482,d1a726af0
q1a736e96,d1b2e63f4
q1a736e96,d1b37721e
q1a736e96,d1b3aad30
q1a736e96,d1b3af812
q1a736e96,d1b363ea8
q1a736e96,d1b3be84e
q1a736e96,d1b3c5fe0
q1a736e96,d1b2ee16c
q1a736e96,d1b39417a
q1a736e96,d1b3bf28a
q1a726aaa,d1a726af0
q1a726aaa,d1a723a30
q1a726aaa,d1b330e7c
q1a726aaa,d1b3c8146
q1a726aaa,d1b37dcae
q1a726aaa,d1b357bda
q1a726aaa,d1b31d46c
q1a726aaa,d1a727b8a
q1a726aaa,d1a72d756
q1a726aaa,d1b3a7ef0
q1a73d372,d1a73d426
q1a73d372,d1b3c7a70
q1a73d372,d1b3b50be
q1a73d372,d1b34fc64
q1a73d372,d1b3c1bb6
q1a73d372,d1b3179a4
q1a73d372,d1b34befc
q1a73d372,d1a727e1e
q1a73d372,d1b3183d6
q1a73d372,d1a72a358
q1a7189aa,d1a71456c
q1a7189aa,d1b378e52
q1a7189aa,d1b3866b0
q1a7189aa,d1b2ef5c6
q1a7189aa,d1b323d94
q1a7189aa,d1a718a36
q1a7189aa,d1b33a1de
q1a7189aa,d1b37dfd8
q1a7189aa,d1b3c3d44
q1a7189aa,d1b38257e
q1a71690c,d1b33fab2
q1a71690c,d1b31d8ae
q1a71690c,d1b335206
q1a71690c,d1b3b82e6
q1a71690c,d1b3af434
q1a71690c,d1b3304fe
q1a71690c,d1b3a3c88
q1a71690c,d1a7283d2
q1a71690c,d1b3967cc
q1a71690c,d1b3391b2
q1a72e3ae,d1a72e41c
q1a72e3ae,d1b336fb6
q1a72e3ae,d1b3aefe8
q1a72e3ae,d1b2fcb7c
q1a72e3ae,d1b3505c4
q1a72e3ae,d1b3c4b36
q1a72e3ae,d1b35c9dc
q1a72e3ae,d1b3a863e
q1a72e3ae,d1b30f3ee
q1a72e3ae,d1b2ed03c
q1a7133c4,d1a713428
q1a7133c4,d1b34fc64
q1a7133c4,d1b356758
q1a7133c4,d1b35de90
q1a7133c4,d1b38464e
q1a7133c4,d1b2e8f00
q1a7133c4,d1b33efcc
q1a7133c4,d1b351dca
q1a7133c4,d1b3c865a
q1a7133c4,d1b32c98a
q1a711452,d1b35e44e
q1a711452,d1b390a2a
q1a711452,d1a711510
q1a711452,d1b3211d4
q1a711452,d1b353684
q1a711452,d1b34dca2
q1a711452,d1b3b2026
q1a711452,d1b35de90
q1a711452,d1b338a6e
q1a711452,d1b34f8f4
q1a716146,d1b37543c
q1a716146,d1b3ba6ae
q1a716146,d1b30e5d4
q1a716146,d1b362b70
q1a716146,d1b3611a8
q1a716146,d1a7376e8
q1a716146,d1b2f0886
q1a716146,d1b385a12
q1a716146,d1b2e92ac
q1a716146,d1b2f9a8a
q1a72506a,d1b391b6e
q1a72506a,d1b3952fa
q1a72506a,d1a7250b0
q1a72506a,d1b314a74
q1a72506a,d1b38af94
q1a72506a,d1b34622c
q1a72506a,d1a7322b0
q1a72506a,d1b2e373a
q1a72506a,d1b30c658
q1a72506a,d1a715322
q1a72a218,d1a72a358
q1a72a218,d1a7340d8
q1a72a218,d1b32cf84
q1a72a218,d1b3c38ee
q1a72a218,d1b3487ac
q1a72a218,d1b38716e
q1a72a218,d1b3b8da4
q1a72a218,d1b3c7a70
q1a72a218,d1b36279c
q1a72a218,d1b308828
q1a728396,d1a71d82e
q1a728396,d1a71a278
q1a728396,d1b33a846
q1a728396,d1b3af434
q1a728396,d1b2f76d6
q1a728396,d1b3967cc
q1a728396,d1a72e818
q1a728396,d1b3aaa1a
q1a728396,d1b32c4da
q1a728396,d1b3bf118
q1a726154,d1b3a12a8
q1a726154,d1b3300b2
q1a726154,d1b2f76d6
q1a726154,d1b3507e0
q1a726154,d1b3aaa1a
q1a726154,d1a72083a
q1a726154,d1b3278c2
q1a726154,d1b318a5c
q1a726154,d1b3878a8
q1a726154,d1b3c7cfa
q1a72e386,d1b2fcb7c
q1a72e386,d1b3aefe8
q1a72e386,d1b347e60
q1a72e386,d1b3c4b36
q1a72e386,d1b3b0582
q1a72e386,d1b336fb6
q1a72e386,d1b3a0c72
q1a72e386,d1b324d98
q1a72e386,d1b35c9dc
q1a72e386,d1b3505c4
q1a73698c,d1a732ce2
q1a73698c,d1b31f082
q1a73698c,d1a73bd10
q1a73698c,d1b330f9e
q1a73698c,d1b315bcc
q1a73698c,d1b36177a
q1a73698c,d1b346902
q1a73698c,d1a739434
q1a73698c,d1b36eb0a
q1a73698c,d1b35de90
q1a723918,d1a723a30
q1a723918,d1a726af0
q1a723918,d1a722202
q1a723918,d1b355ccc
q1a723918,d1b37f428
q1a723918,d1b38522e
q1a723918,d1b312dd2
q1a723918,d1b33198a
q1a723918,d1b387d08
q1a723918,d1b35a6c8
q1a71634e,d1a716452
q1a71634e,d1b36ba22
q1a71634e,d1b36014a
q1a71634e,d1b30388c
q1a71634e,d1b3c278c
q1a71634e,d1b36001e
q1a71634e,d1b33829e
q1a71634e,d1b2f68da
q1a71634e,d1b305ef2
q1a71634e,d1b35c2de
q1a73221a,d1b3a543e
q1a73221a,d1b3254a0
q1a73221a,d1b32624c
q1a73221a,d1b3af812
q1a73221a,d1b2e3a5a
q1a73221a,d1b36580c
q1a73221a,d1b363ea8
q1a73221a,d1b331b10
q1a73221a,d1a7367c0
q1a73221a,d1a7237ce
q1a73bf0e,d1b373862
q1a73bf0e,d1b3c0c84
q1a73bf0e,d1b3b8c3c
q1a73bf0e,d1b325d42
q1a73bf0e,d1b34a6a6
q1a73bf0e,d1b2e9950
q1a73bf0e,d1b341db2
q1a73bf0e,d1b3c014e
q1a73bf0e,d1b36e60a
q1a73bf0e,d1a711c7c
q1a72c37e,d1b359e3a
q1a72c37e,d1b3950ac
q1a72c37e,d1b3af812
q1a72c37e,d1b2e585a
q1a72c37e,d1b33ba66
q1a72c37e,d1b2ee16c
q1a72c37e,d1b2f68da
q1a72c37e,d1a72c40a
q1a72c37e,d1b368e9e
q1a72c37e,d1b38ffda
q1a73a9c4,d1b3505c4
q1a73a9c4,d1b393784
q1a73a9c4,d1b3bdf66
q1a73a9c4,d1b398f54
q1a73a9c4,d1b3a863e
q1a73a9c4,d1a720a88
q1a73a9c4,d1b32ff9a
q1a73a9c4,d1b36398a
q1a73a9c4,d1b2f1524
q1a73a9c4,d1b363192
q1a740612,d1a74070c
q1a740612,d1b39034a
q1a740612,d1b379906
q1a740612,d1b36ed08
q1a740612,d1b3a59ca
q1a740612,d1b36639c
q1a740612,d1b379f64
q1a740612,d1b300a4c
q1a740612,d1b3aa1a0
q1a740612,d1b339068
q1a713194,d1b365e2e
q1a713194,d1b3921e0
q1a713194,d1b3a6596
q1a713194,d1b369c7c
q1a713194,d1a72e1ec
q1a713194,d1b349c42
q1a713194,d1b3b69d2
q1a713194,d1b2ef3dc
q1a713194,d1b387d08
q1a713194,d1b390570
q1a720024,d1b31607c
q1a720024,d1a7200d8
q1a720024,d1b3b46be
q1a720024,d1b346c22
q1a720024,d1b396074
q1a720024,d1b2ed4ba
q1a720024,d1a7237ce
q1a720024,d1b369812
q1a720024,d1b39b8f8
q1a720024,d1b32624c
q1a72ac68,d1b3c6bc0
q1a72ac68,d1b3bf532
q1a72ac68,d1b3b9038
q1a72ac68,d1b3b23be
q1a72ac68,d1b31f42e
q1a72ac68,d1b3c6a8a
q1a72ac68,d1a71a278
q1a72ac68,d1b369f60
q1a72ac68,d1b39d270
q1a72ac68,d1b3a7c2a
q1a717ffa,d1a718108
q1a717ffa,d1b39d270
q1a717ffa,d1b3a948a
q1a717ffa,d1b326d46
q1a717ffa,d1b30687a
q1a717ffa,d1b34468e
q1a717ffa,d1b3306a2
q1a717ffa,d1b2ec5ba
q1a717ffa,d1b317dd2
q1a717ffa,d1b354e62
q1a717dfc,d1a732a94
q1a717dfc,d1a717e60
q1a717dfc,d1b31bba8
q1a717dfc,d1b2f0886
q1a717dfc,d1b2f4418
q1a717dfc,d1b362fe4
q1a717dfc,d1a71f7d2
q1a717dfc,d1b39a084
q1a717dfc,d1b3bf370
q1a717dfc,d1b3336c2
q1a7146de,d1b3b65b8
q1a7146de,d1b346902
q1a7146de,d1b31d46c
q1a7146de,d1b31c0c6
q1a7146de,d1b3506a0
q1a7146de,d1b3b0334
q1a7146de,d1a72949e
q1a7146de,d1b35c86a
q1a7146de,d1b32a2ac
q1a7146de,d1b2f345a
q1a730956,d1a7309a6
q1a730956,d1a725d26
q1a730956,d1b2f2c94
q1a730956,d1b3a1e2e
q1a730956,d1b30f236
q1a730956,d1b375054
q1a730956,d1b2e50e4
q1a730956,d1a71b272
q1a730956,d1b356406
q1a730956,d1b3278c2
q1a73bc34,d1a73bd10
q1a73bc34,d1b372930
q1a73bc34,d1b35868e
q1a73bc34,d1b37ee24
q1a73bc34,d1b39de46
q1a73bc34,d1b3493e6
q1a73bc34,d1b39f28c
q1a73bc34,d1b348586
q1a73bc34,d1b376800
q1a73bc34,d1a7244a8
q1a713af4,d1b3b46be
q1a713af4,d1a7218e8
q1a713af4,d1b3b24cc
q1a713af4,d1b3931c6
q1a713af4,d1b3bba2c
q1a713af4,d1b3408c2
q1a713af4,d1b3386b8
q1a713af4,d1b2e225e
q1a713af4,d1b32c020
q1a713af4,d1b379906
q1a74165c,d1a741756
q1a74165c,d1b347b86
q1a74165c,d1b359f5c
q1a74165c,d1b322e9e
q1a74165c,d1b3947f6
q1a74165c,d1b336c6e
q1a74165c,d1b3c7c0a
q1a74165c,d1b3c06da
q1a74165c,d1b36c97c
q1a74165c,d1b3ba3c0
q1a71ae3a,d1a71aebc
q1a71ae3a,d1b38346a
q1a71ae3a,d1b38835c
q1a71ae3a,d1b3ad3be
q1a71ae3a,d1b324668
q1a71ae3a,d1b354a8e
q1a71ae3a,d1b3396e4
q1a71ae3a,d1b3106f4
q1a71ae3a,d1b36d8ae
q1a71ae3a,d1b31812e
q1a73c724,d1b35446c
q1a73c724,d1b33bb60
q1a73c724,d1b349954
q1a73c724,d1b346380
q1a73c724,d1b30df3a
q1a73c724,d1b34f9ee
q1a73c724,d1a72f8c6
q1a73c724,d1b3b69d2
q1a73c724,d1a73d426
q1a73c724,d1b322912
q1a727054,d1a7270c2
q1a727054,d1b3a31ca
q1a727054,d1b3418d0
q1a727054,d1b3b4ac4
q1a727054,d1b34d946
q1a727054,d1b389392
q1a727054,d1b308d82
q1a727054,d1b348cde
q1a727054,d1b300fb0
q1a727054,d1a7337aa
q1a72cc98,d1b3a2568
q1a72cc98,d1b38504e
q1a72cc98,d1a72ccde
q1a72cc98,d1b336c6e
q1a72cc98,d1b39d34c
q1a72cc98,d1b3309ea
q1a72cc98,d1b303e86
q1a72cc98,d1b39b79a
q1a72cc98,d1b385a12
q1a72cc98,d1b391b6e
q1a74066c,d1a74070c
q1a74066c,d1b36b4aa
q1a74066c,d1b33c038
q1a74066c,d1b344bb6
q1a74066c,d1b36639c
q1a74066c,d1b326d46
q1a74066c,d1a71f7d2
q1a74066c,d1b369c7c
q1a74066c,d1b2fe95e
q1a74066c,d1b2e6d90
q1a72b35c,d1a72b474
q1a72b35c,d1b3692cc
q1a72b35c,d1a71456c
q1a72b35c,d1b36001e
q1a72b35c,d1b3832bc
q1a72b35c,d1b3c0a5e
q1a72b35c,d1b33829e
q1a72b35c,d1b386822
q1a72b35c,d1b34823e
q1a72b35c,d1b3315de
q1a71fdea,d1a71febc
q1a71fdea,d1b2f1524
q1a71fdea,d1b32ff9a
q1a71fdea,d1b3a6d3e
q1a71fdea,d1b3274f8
q1a71fdea,d1b39e774
q1a71fdea,d1b2eca42
q1a71fdea,d1b36065e
q1a71fdea,d1b355d9e
q1a71fdea,d1b313bc4
q1a73d39a,d1b34fc64
q1a73d39a,d1a731ff4
q1a73d39a,d1b390d90
q1a73d39a,d1a73d426
q1a73d39a,d1b369a38
q1a73d39a,d1b2e225e
q1a73d39a,d1b3c7a70
q1a73d39a,d1b3c1ada
q1a73d39a,d1b365e2e
q1a73d39a,d1b335c1a
q1a71965c,d1a719738
q1a71965c,d1a714224
q1a71965c,d1b31137e
q1a71965c,d1b33cd08
q1a71965c,d1b3345c2
q1a71965c,d1b378d4e
q1a71965c,d1b352f68
q1a71965c,d1b300d1c
q1a71965c,d1b30df3a
q1a71965c,d1b34118c
q1a72027c,d1b356550
q1a72027c,d1b3698ee
q1a72027c,d1b2fa340
q1a72027c,d1b2fb948
q1a72027c,d1b398d9c
q1a72027c,d1b343b58
q1a72027c,d1b3bcf6c
q1a72027c,d1b31a1cc
q1a72027c,d1b36a0c8
q1a72027c,d1b3c769c
q1a72772a,d1b2f48d2
q1a72772a,d1a727810
q1a72772a,d1b395822
q1a72772a,d1b39c12c
q1a72772a,d1b370a72
q1a72772a,d1b30a074
q1a72772a,d1b3c492e
q1a72772a,d1b2ebf84
q1a72772a,d1b36bd92
q1a72772a,d1b3b3a70
q1a72d8c8,d1b35bf96
q1a72d8c8,d1a72d99a
q1a72d8c8,d1b3aa42a
q1a72d8c8,d1a739b32
q1a72d8c8,d1b3610c2
q1a72d8c8,d1b2e74c0
q1a72d8c8,d1b2efb8e
q1a72d8c8,d1b3493e6
q1a72d8c8,d1b31a1cc
q1a72d8c8,d1b31ebd2
q1a73088e,d1b3a1e2e
q1a73088e,d1a7309a6
q1a73088e,d1a725d26
q1a73088e,d1b2f2c94
q1a73088e,d1b30f236
q1a73088e,d1a71b272
q1a73088e,d1b38008a
q1a73088e,d1b2e50e4
q1a73088e,d1b38c498
q1a73088e,d1b3b8f0c
q1a7280b2,d1b389392
q1a7280b2,d1b34d946
q1a7280b2,d1b37ae6e
q1a7280b2,d1a7270c2
q1a7280b2,d1b39c492
q1a7280b2,d1b3c8362
q1a7280b2,d1b3c5a04
q1a7280b2,d1b308d82
q1a7280b2,d1b3935fe
q1a7280b2,d1b300fb0
q1a73a776,d1a73a852
q1a73a776,d1b368c82
q1a73a776,d1b3c1d96
q1a73a776,d1b321daa
q1a73a776,d1b2ef24c
q1a73a776,d1a72a812
q1a73a776,d1b3c63c8
q1a73a776,d1b30d954
q1a73a776,d1b39ea4e
q1a73a776,d1b342b5e
q1a71c014,d1a71c082
q1a71c014,d1b3af9ca
q1a71c014,d1b3757ac
q1a71c014,d1b3183d6
q1a71c014,d1b350b3c
q1a71c014,d1b2e1e08
q1a71c014,d1b3a9782
q1a71c014,d1b375932
q1a71c014,d1b364844
q1a71c014,d1b3b5f14
q1a73b75c,d1b38283a
q1a73b75c,d1b307b12
q1a73b75c,d1b2ef044
q1a73b75c,d1b38f3c8
q1a73b75c,d1b34e4e0
q1a73b75c,d1b2eb8cc
q1a73b75c,d1b3bcea4
q1a73b75c,d1b366bd0
q1a73b75c,d1b3c8362
q1a73b75c,d1b34dd6a
q1a738e9e,d1b2fcf50
q1a738e9e,d1b349f26
q1a738e9e,d1b2f1d3a
q1a738e9e,d1b3c1bb6
q1a738e9e,d1b33d3ca
q1a738e9e,d1b35de90
q1a738e9e,d1b369f60
q1a738e9e,d1b3b4ac4
q1a738e9e,d1b365320
q1a738e9e,d1a7131e4
q1a7329b8,d1b362b70
q1a7329b8,d1a71f7d2
q1a7329b8,d1b3611a8
q1a7329b8,d1b2f0886
q1a7329b8,d1b37a252
q1a7329b8,d1b35881e
q1a7329b8,d1b3ba6ae
q1a7329b8,d1b3515fa
q1a7329b8,d1b3061a4
q1a7329b8,d1b33d28a
q1a7269c4,d1b36a6ae
q1a7269c4,d1b389496
q1a7269c4,d1b356758
q1a7269c4,d1b31b73e
q1a7269c4,d1a726af0
q1a7269c4,d1b3c3fe2
q1a7269c4,d1b3c1bb6
q1a7269c4,d1b355ccc
q1a7269c4,d1b330e7c
q1a7269c4,d1b3aeca0
q1a72ced2,d1a73c7c4
q1a72ced2,d1b32d7cc
q1a72ced2,d1b310cd0
q1a72ced2,d1b3211d4
q1a72ced2,d1a72cf18
q1a72ced2,d1a740464
q1a72ced2,d1b3bccba
q1a72ced2,d1b390a2a
q1a72ced2,d1b3641f0
q1a72ced2,d1b32d2b8
q1a71bb32,d1a71bb78
q1a71bb32,d1b31094c
q1a71bb32,d1b3394aa
q1a71bb32,d1b3c12b0
q1a71bb32,d1b3a3c88
q1a71bb32,d1b349198
q1a71bb32,d1b36a8ac
q1a71bb32,d1b347866
q1a71bb32,d1b328bdc
q1a71bb32,d1b3c4514
q1a735ec4,d1b369c7c
q1a735ec4,d1b31a91a
q1a735ec4,d1b3c865a
q1a735ec4,d1b31a0d2
q1a735ec4,d1b346114
q1a735ec4,d1a736054
q1a735ec4,d1b3bccba
q1a735ec4,d1a722c66
q1a735ec4,d1b36b180
q1a735ec4,d1b38a288
q1a716678,d1a7166dc
q1a716678,d1b3a26b2
q1a716678,d1b32ae78
q1a716678,d1b3af6d2
q1a716678,d1b361590
q1a716678,d1b3a9782
q1a716678,d1b3849b4
q1a716678,d1b36c3be
q1a716678,d1b33d4b0
q1a716678,d1b364844
q1a712e6a,d1b37c32c
q1a712e6a,d1b3029aa
q1a712e6a,d1a712ec4
q1a712e6a,d1b367f1c
q1a712e6a,d1b38e284
q1a712e6a,d1b3926d6
q1a712e6a,d1b39800e
q1a712e6a,d1b349de6
q1a712e6a,d1a73f2c6
q1a712e6a,d1b3a197e
q1a71f76e,d1b32a568
q1a71f76e,d1b3a60dc
q1a71f76e,d1b30b5d2
q1a71f76e,d1b2feb48
q1a71f76e,d1b36c6de
q1a71f76e,d1b347a32
q1a71f76e,d1b353dd2
q1a71f76e,d1b340c28
q1a71f76e,d1b33599a
q1a71f76e,d1b3878a8
q1a734560,d1b3aa24a
q1a734560,d1a73920e
q1a734560,d1b3457fa
q1a734560,d1b35e62e
q1a734560,d1a734614
q1a734560,d1b34baf6
q1a734560,d1b34159c
q1a734560,d1b304548
q1a734560,d1b2f4a30
q1a734560,d1b3aeb92
q1a7196b6,d1a719738
q1a7196b6,d1a714224
q1a7196b6,d1b300d1c
q1a7196b6,d1b33cd08
q1a7196b6,d1b3316ec
q1a7196b6,d1b3686ec
q1a7196b6,d1b3a9c50
q1a7196b6,d1b378d4e
q1a7196b6,d1b352f68
q1a7196b6,d1b31137e
q1a73a014,d1b36b180
q1a73a014,d1b39d63a
q1a73a014,d1a727b8a
q1a73a014,d1b317dd2
q1a73a014,d1b36a6ae
q1a73a014,d1b3c3fe2
q1a73a014,d1b34ffca
q1a73a014,d1b3270fc
q1a73a014,d1a71dd10
q1a73a014,d1b32d2b8
q1a721316,d1b2ef3dc
q1a721316,d1b369c7c
q1a721316,d1b38ffda
q1a721316,d1a73b248
q1a721316,d1b32c020
q1a721316,d1b387d08
q1a721316,d1b2e225e
q1a721316,d1b35b096
q1a721316,d1b33126e
q1a721316,d1b39d9dc
q1a7412f6,d1a7413dc
q1a7412f6,d1b37796c
q1a7412f6,d1a730c3a
q1a7412f6,d1b375dd8
q1a7412f6,d1b35b460
q1a7412f6,d1b3a2fb8
q1a7412f6,d1b31fef6
q1a7412f6,d1b3416dc
q1a7412f6,d1b36de6c
q1a7412f6,d1b3bedf8
q1a7383ea,d1b30df3a
q1a7383ea,d1b395eee
q1a7383ea,d1b379078
q1a7383ea,d1b3acbbc
q1a7383ea,d1b35313e
q1a7383ea,d1b3164f0
q1a7383ea,d1b31b91e
q1a7383ea,d1b3168b0
q1a7383ea,d1b2f0e94
q1a7383ea,d1a7324d6
q1a71d932,d1a71da5e
q1a71d932,d1b38f4d6
q1a71d932,d1b33126e
q1a71d932,d1a717e60
q1a71d932,d1b3c8998
q1a71d932,d1b3c3c5e
q1a71d932,d1b33bd86
q1a71d932,d1a722a18
q1a71d932,d1a734402
q1a71d932,d1b36136a
q1a72acfe,d1b376800
q1a72acfe,d1a72ad94
q1a72acfe,d1b2f9daa
q1a72acfe,d1b391722
q1a72acfe,d1b3bdcf0
q1a72acfe,d1b34ffca
q1a72acfe,d1a72e1ec
q1a72acfe,d1b2eb728
q1a72acfe,d1b3c11c0
q1a72acfe,d1b34fc64
q1a73c17a,d1b2e63f4
q1a73c17a,d1b3aad30
q1a73c17a,d1b2f0e94
q1a73c17a,d1b3c5702
q1a73c17a,d1b3bacc6
q1a73c17a,d1b37721e
q1a73c17a,d1b377f84
q1a73c17a,d1b3af812
q1a73c17a,d1b3be84e
q1a73c17a,d1b30687a
q1a718ca2,d1b369c7c
q1a718ca2,d1b3a1794
q1a718ca2,d1b362436
q1a718ca2,d1b36a532
q1a718ca2,d1b3254a0
q1a718ca2,d1b389a04
q1a718ca2,d1a736f40
q1a718ca2,d1b3aad30
q1a718ca2,d1b37721e
q1a718ca2,d1b3443e6
q1a725948,d1a725a2e
q1a725948,d1b38e284
q1a725948,d1b34ebe8
q1a725948,d1b33c330
q1a725948,d1b39f28c
q1a725948,d1b33f95e
q1a725948,d1b2fb01a
q1a725948,d1b3bbd7e
q1a725948,d1b35b668
q1a725948,d1b3a41c4
q1a741350,d1b3a2fb8
q1a741350,d1b3c41c2
q1a741350,d1b3bd598
q1a741350,d1b34e72e
q1a741350,d1b3416dc
q1a741350,d1b31b2e8
q1a741350,d1b365a78
q1a741350,d1b3791b8
q1a741350,d1b394972
q1a741350,d1b317652
q1a719f6c,d1a71a016
q1a719f6c,d1b31e448
q1a719f6c,d1b30e5d4
q1a719f6c,d1b384cac
q1a719f6c,d1b33472a
q1a719f6c,d1b37e38e
q1a719f6c,d1b2e92ac
q1a719f6c,d1b38404a
q1a719f6c,d1b38e284
q1a719f6c,d1b33ea2c
q1a724f7a,d1b30ec14
q1a724f7a,d1a71fa20
q1a724f7a,d1b3a6fa0
q1a724f7a,d1b36065e
q1a724f7a,d1b3b1ebe
q1a724f7a,d1b3adc10
q1a724f7a,d1b3bacc6
q1a724f7a,d1b39c5b4
q1a724f7a,d1b390908
q1a724f7a,d1b2e373a
q1a724976,d1b368d7c
q1a724976,d1b31b40a
q1a724976,d1b3971fe
q1a724976,d1b317f26
q1a724976,d1b3925aa
q1a724976,d1b3bccba
q1a724976,d1b2e34ec
q1a724976,d1b3106f4
q1a724976,d1b32b54e
q1a724976,d1b366bd0
q1a73e574,d1a73e6aa
q1a73e574,d1b3aa0e2
q1a73e574,d1b39417a
q1a73e574,d1b38fc38
q1a73e574,d1b38257e
q1a73e574,d1b3afc7c
q1a73e574,d1b358abc
q1a73e574,d1b34b416
q1a73e574,d1b363336
q1a73e574,d1b3be84e
q1a7159bc,d1b2e6d90
q1a7159bc,d1a715a70
q1a7159bc,d1b35ede0
q1a7159bc,d1b3aefe8
q1a7159bc,d1b327fa2
q1a7159bc,d1b3505c4
q1a7159bc,d1b3018d4
q1a7159bc,d1b3a0c72
q1a7159bc,d1b3b0582
q1a7159bc,d1b3ad616
q1a72412e,d1a724228
q1a72412e,d1b3b0fd2
q1a72412e,d1b2fbe34
q1a72412e,d1b3becc2
q1a72412e,d1b31137e
q1a72412e,d1a711fd8
q1a72412e,d1b376cb0
q1a72412e,d1b332c22
q1a72412e,d1b358d14
q1a72412e,d1a7210fa
q1a71ab4c,d1a71ac1e
q1a71ab4c,d1b35f150
q1a71ab4c,d1b337dbc
q1a71ab4c,d1a71cca8
q1a71ab4c,d1b3a3364
q1a71ab4c,d1b3b0d3e
q1a71ab4c,d1b3a5bd2
q1a71ab4c,d1b367134
q1a71ab4c,d1b36bf9a
q1a71ab4c,d1b3472e4
q1a735ef6,d1b369c7c
q1a735ef6,d1a71dd10
q1a735ef6,d1b389496
q1a735ef6,d1b3c3fe2
q1a735ef6,d1b387d08
q1a735ef6,d1b36a6ae
q1a735ef6,d1b37f428
q1a735ef6,d1b349954
q1a735ef6,d1b346114
q1a735ef6,d1b3352d8
q1a73339a,d1b37bee0
q1a73339a,d1b3a3364
q1a73339a,d1b325f2c
q1a73339a,d1b325108
q1a73339a,d1b3472e4
q1a73339a,d1b369e02
q1a73339a,d1b327606
q1a73339a,d1b3182b4
q1a73339a,d1b39f8d6
q1a73339a,d1b389e46
q1a738f7a,d1a716c9a
q1a738f7a,d1b35243c
q1a738f7a,d1b389a04
q1a738f7a,d1a72c798
q1a738f7a,d1b32cade
q1a738f7a,d1b366ad6
q1a738f7a,d1b3a1794
q1a738f7a,d1b34b02e
q1a738f7a,d1b375ee6
q1a738f7a,d1a719184
q1a7349d4,d1a726af0
q1a7349d4,d1b321094
q1a7349d4,d1b2e5468
q1a7349d4,d1b2ec434
q1a7349d4,d1b355ccc
q1a7349d4,d1b34bfec
q1a7349d4,d1b37f428
q1a7349d4,d1b317dd2
q1a7349d4,d1b387d08
q1a7349d4,d1b3287ae
q1a72fe3e,d1b3b3ffc
q1a72fe3e,d1b332740
q1a72fe3e,d1b39dd06
q1a72fe3e,d1b3b0e1a
q1a72fe3e,d1b382074
q1a72fe3e,d1b382eac
q1a72fe3e,d1b386d40
q1a72fe3e,d1b3b8c3c
q1a72fe3e,d1b2fb2f4
q1a72fe3e,d1b32cade
q1a720768,d1b39a084
q1a720768,d1b385b5c
q1a720768,d1b3bfe6a
q1a720768,d1b343a22
q1a720768,d1b357d56
q1a720768,d1b3396e4
q1a720768,d1b33eefa
q1a720768,d1b3573f6
q1a720768,d1b3926d6
q1a720768,d1b3278c2
q1a735ac8,d1b36df98
q1a735ac8,d1b35626c
q1a735ac8,d1b3a4c0a
q1a735ac8,d1b39dfc2
q1a735ac8,d1b30716c
q1a735ac8,d1b3387a8
q1a735ac8,d1b2f4418
q1a735ac8,d1b334e28
q1a735ac8,d1b347b86
q1a735ac8,d1b39b79a
q1a72128a,d1a72135c
q1a72128a,d1b338bcc
q1a72128a,d1b3c47da
q1a72128a,d1b2e63f4
q1a72128a,d1a71ca46
q1a72128a,d1a73f2c6
q1a72128a,d1b3c0eaa
q1a72128a,d1b2e707e
q1a72128a,d1b337c7c
q1a72128a,d1b3c0a5e
q1a7241e2,d1a724228
q1a7241e2,d1b3900e8
q1a7241e2,d1b32c020
q1a7241e2,d1b32dec0
q1a7241e2,d1b32cf84
q1a7241e2,d1b35a6c8
q1a7241e2,d1b3287ae
q1a7241e2,d1b2f2a1e
q1a7241e2,d1b308a76
q1a7241e2,d1b2e96b2
q1a73efba,d1b396e66
q1a73efba,d1b31b40a
q1a73efba,d1b3b308e
q1a73efba,d1b32cc6e
q1a73efba,d1b3309ea
q1a73efba,d1b3abdac
q1a73efba,d1b364d08
q1a73efba,d1a73f046
q1a73efba,d1b317f26
q1a73efba,d1b3a9052
q1a7342e0,d1b2e4c34
q1a7342e0,d1a734402
q1a7342e0,d1b38224a
q1a7342e0,d1b39d270
q1a7342e0,d1b34cdfc
q1a7342e0,d1b39b09c
q1a7342e0,d1b332efc
q1a7342e0,d1b38716e
q1a7342e0,d1a72f8c6
q1a7342e0,d1b2e4072
q1a73d67e,d1b315bcc
q1a73d67e,d1a7362fc
q1a73d67e,d1b39f28c
q1a73d67e,d1b329e9c
q1a73d67e,d1b3b14a0
q1a73d67e,d1b3507e0
q1a73d67e,d1a732a94
q1a73d67e,d1a71ec9c
q1a73d67e,d1b356974
q1a73d67e,d1b3c1404
q1a723c10,d1b369c7c
q1a723c10,d1b32c020
q1a723c10,d1b362436
q1a723c10,d1b389a04
q1a723c10,d1b33a3fa
q1a723c10,d1b32d2b8
q1a723c10,d1b32a568
q1a723c10,d1b2f3a5e
q1a723c10,d1b371d0a
q1a723c10,d1b32c4da
q1a71555c,d1b31fef6
q1a71555c,d1b362116
q1a71555c,d1b3c743a
q1a71555c,d1b36b914
q1a71555c,d1b34e72e
q1a71555c,d1b35e57a
q1a71555c,d1b37796c
q1a71555c,d1b30c7f2
q1a71555c,d1b3791b8
q1a71555c,d1b36f0dc
q1a718cd4,d1b32a568
q1a718cd4,d1b2ee16c
q1a718cd4,d1b36ec4a
q1a718cd4,d1b38878a
q1a718cd4,d1b30f754
q1a718cd4,d1b39c5b4
q1a718cd4,d1a71fa20
q1a718cd4,d1b38489c
q1a718cd4,d1b3b497a
q1a718cd4,d1b30ab0a
q1a72d35a,d1b3c19d6
q1a72d35a,d1a72d3f0
q1a72d35a,d1b3bfe6a
q1a72d35a,d1b374672
q1a72d35a,d1b33472a
q1a72d35a,d1a71f7d2
q1a72d35a,d1b346f9c
q1a72d35a,d1a72083a
q1a72d35a,d1b32bcd8
q1a72d35a,d1b30e5d4
q1a7410f8,d1a7411b6
q1a7410f8,d1b2eead6
q1a7410f8,d1b34c1cc
q1a7410f8,d1b31f212
q1a7410f8,d1a719490
q1a7410f8,d1b380b8e
q1a7410f8,d1b33472a
q1a7410f8,d1b3b92ea
q1a7410f8,d1b36abc2
q1a7410f8,d1b37c32c
q1a731630,d1b342c1c
q1a731630,d1a731748
q1a731630,d1b38b71e
q1a731630,d1b32401e
q1a731630,d1b37dfd8
q1a731630,d1b300fb0
q1a731630,d1a71e79c
q1a731630,d1b312dd2
q1a731630,d1a721654
q1a731630,d1b3579be
q1a72856c,d1a7285e4
q1a72856c,d1b355a38
q1a72856c,d1b3118b0
q1a72856c,d1b3bfb40
q1a72856c,d1b3ac356
q1a72856c,d1b3b16d0
q1a72856c,d1b2fe508
q1a72856c,d1b36398a
q1a72856c,d1b3947f6
q1a72856c,d1b343b58
q1a71d73e,d1a71d82e
q1a71d73e,d1b36aab4
q1a71d73e,d1b32848e
q1a71d73e,d1b3b5320
q1a71d73e,d1b3bc6e8
q1a71d73e,d1b322912
q1a71d73e,d1b3967cc
q1a71d73e,d1b3b0226
q1a71d73e,d1b363cfa
q1a71d73e,d1b3287ae
q1a71e63e,d1b2fa4da
q1a71e63e,d1b366568
q1a71e63e,d1a736f40
q1a71e63e,d1b30af92
q1a71e63e,d1b30c9a0
q1a71e63e,d1b395eee
q1a71e63e,d1b3a7068
q1a71e63e,d1b2ef3dc
q1a71e63e,d1a72d184
q1a71e63e,d1b37721e
q1a735b4a,d1b3a1794
q1a735b4a,d1b3309ea
q1a735b4a,d1b357e96
q1a735b4a,d1b37e38e
q1a735b4a,d1b3b3926
q1a735b4a,d1b378560
q1a735b4a,d1b3adc10
q1a735b4a,d1b2f208c
q1a735b4a,d1b3946fc
q1a735b4a,d1b39b79a
q1a727da6,d1b34bfec
q1a727da6,d1a727e1e
q1a727da6,d1b3beb3c
q1a727da6,d1b36a6ae
q1a727da6,d1b3862b4
q1a727da6,d1b2ef3dc
q1a727da6,d1a724228
q1a727da6,d1b389496
q1a727da6,d1b387d08
q1a727da6,d1a73b248
q1a71d9be,d1b337c7c
q1a71d9be,d1b3affd8
q1a71d9be,d1a71da5e
q1a71d9be,d1b349b3e
q1a71d9be,d1a73f2c6
q1a71d9be,d1a734402
q1a71d9be,d1b3c8998
q1a71d9be,d1b34adcc
q1a71d9be,d1b399d28
q1a71d9be,d1b33198a
q1a72b1cc,d1a72b258
q1a72b1cc,d1b2f68da
q1a72b1cc,d1b36d8ae
q1a72b1cc,d1b367b34
q1a72b1cc,d1b31236e
q1a72b1cc,d1a73f2c6
q1a72b1cc,d1b370946
q1a72b1cc,d1b3bf28a
q1a72b1cc,d1b311c48
q1a72b1cc,d1b387d08
q1a72cdf6,d1b384e32
q1a72cdf6,d1b38835c
q1a72cdf6,d1b3be34e
q1a72cdf6,d1b351a3c
q1a72cdf6,d1b33bb60
q1a72cdf6,d1b3225a2
q1a72cdf6,d1a7177a8
q1a72cdf6,d1b3a3c88
q1a72cdf6,d1a7210fa
q1a72cdf6,d1b3136e2
q1a726442,d1a7265a0
q1a726442,d1b3b3ffc
q1a726442,d1b3c52c0
q1a726442,d1b332740
q1a726442,d1b30a394
q1a726442,d1b39dd06
q1a726442,d1a71f084
q1a726442,d1a71b628
q1a726442,d1b372106
q1a726442,d1b2fca64
q1a71e080,d1b3c0eaa
q1a71e080,d1b36ac94
q1a71e080,d1b32a568
q1a71e080,d1b3bf8a2
q1a71e080,d1b3878a8
q1a71e080,d1b371d0a
q1a71e080,d1b2ff73c
q1a71e080,d1b32441a
q1a71e080,d1a71e1e8
q1a71e080,d1b36fa96
q1a723e72,d1b31137e
q1a723e72,d1b35b7bc
q1a723e72,d1b3abcb2
q1a723e72,d1b36fa96
q1a723e72,d1a72c19e
q1a723e72,d1b388e88
q1a723e72,d1b3a7932
q1a723e72,d1b2fc7bc
q1a723e72,d1a71e1e8
q1a723e72,d1b3061a4
q1a7171f4,d1b337542
q1a7171f4,d1b326814
q1a7171f4,d1b388c26
q1a7171f4,d1b346d12
q1a7171f4,d1a7411b6
q1a7171f4,d1a71726c
q1a7171f4,d1b396c7c
q1a7171f4,d1b30ad1c
q1a7171f4,d1b335116
q1a7171f4,d1b3be51a
q1a72f0a6,d1a72f100
q1a72f0a6,d1b358d14
q1a72f0a6,d1b3952fa
q1a72f0a6,d1b2e373a
q1a72f0a6,d1a73cf94
q1a72f0a6,d1b3274f8
q1a72f0a6,d1b3adc10
q1a72f0a6,d1b336c6e
q1a72f0a6,d1b338c9e
q1a72f0a6,d1a715322
q1a718090,d1b362436
q1a718090,d1a726af0
q1a718090,d1b32c020
q1a718090,d1b344bb6
q1a718090,d1b326d46
q1a718090,d1b3520ea
q1a718090,d1a719184
q1a718090,d1a732a94
q1a718090,d1b374c30
q1a718090,d1b2fe95e
q1a731694,d1a731748
q1a731694,d1b342c1c
q1a731694,d1a71e79c
q1a731694,d1b37866e
q1a731694,d1b361f86
q1a731694,d1b375932
q1a731694,d1a7177a8
q1a731694,d1a721654
q1a731694,d1b351028
q1a731694,d1b33ce20
q1a721082,d1a7210fa
q1a721082,d1b381688
q1a721082,d1b3967cc
q1a721082,d1b343856
q1a721082,d1b2f32e8
q1a721082,d1b383b40
q1a721082,d1b3c7ed0
q1a721082,d1b361266
q1a721082,d1b3105c8
q1a721082,d1b322fb6
q1a7215b4,d1b2ef3dc
q1a7215b4,d1b387d08
q1a7215b4,d1b35a6c8
q1a7215b4,d1b37f0ae
q1a7215b4,d1b3c5d24
q1a7215b4,d1b37f428
q1a7215b4,d1b31ce72
q1a7215b4,d1b37dcae
q1a7215b4,d1b33ca56
q1a7215b4,d1b326508
q1a7312ca,d1a732ce2
q1a7312ca,d1b31f082
q1a7312ca,d1b2fa340
q1a7312ca,d1b33b75a
q1a7312ca,d1a731306
q1a7312ca,d1b3b7da0
q1a7312ca,d1b330f9e
q1a7312ca,d1b346902
q1a7312ca,d1b31523a
q1a7312ca,d1b363336
q1a72de4a,d1a72df58
q1a72de4a,d1b3c5a04
q1a72de4a,d1b308d82
q1a72de4a,d1b379f64
q1a72de4a,d1a7270c2
q1a72de4a,d1b32e28a
q1a72de4a,d1b37ff2c
q1a72de4a,d1b34d946
q1a72de4a,d1b3c8362
q1a72de4a,d1b39bccc
q1a72de18,d1a72df58
q1a72de18,d1b3950ac
q1a72de18,d1b343144
q1a72de18,d1a740a0e
q1a72de18,d1b395502
q1a72de18,d1b2e585a
q1a72de18,d1b2ef24c
q1a72de18,d1b3a7932
q1a72de18,d1b2f9a8a
q1a72de18,d1b358fda
q1a73033e,d1a7303b6
q1a73033e,d1b3b0226
q1a73033e,d1b3967cc
q1a73033e,d1b305948
q1a73033e,d1b381584
q1a73033e,d1b353b48
q1a73033e,d1b306bae
q1a73033e,d1b3558a8
q1a73033e,d1b2f9698
q1a73033e,d1b38257e
q1a718cfc,d1b3a2568
q1a718cfc,d1b34d45a
q1a718cfc,d1a718d56
q1a718cfc,d1b38504e
q1a718cfc,d1b38e52c
q1a718cfc,d1a713f36
q1a718cfc,d1a73a62c
q1a718cfc,d1b355d9e
q1a718cfc,d1b34e18e
q1a718cfc,d1b342942
q1a717fc8,d1a718108
q1a717fc8,d1b39d270
q1a717fc8,d1b3a948a
q1a717fc8,d1b326d46
q1a717fc8,d1b30687a
q1a717fc8,d1b373f4c
q1a717fc8,d1b34468e
q1a717fc8,d1b336764
q1a717fc8,d1b354e62
q1a717fc8,d1b374c30
q1a73a366,d1b2f364e
q1a73a366,d1b370a72
q1a73a366,d1b38a7ec
q1a73a366,d1b36bd92
q1a73a366,d1b358530
q1a73a366,d1b3bb45a
q1a73a366,d1a714f9e
q1a73a366,d1b336278
q1a73a366,d1b2eead6
q1a73a366,d1a7261ea
q1a73aee2,d1b39f4bc
q1a73aee2,d1b3ac356
q1a73aee2,d1b39cf00
q1a73aee2,d1b390c64
q1a73aee2,d1b326d46
q1a73aee2,d1b35b33e
q1a73aee2,d1b366126
q1a73aee2,d1b36ed08
q1a73aee2,d1b389748
q1a73aee2,d1b3a3490
q1a71cec4,d1b323c72
q1a71cec4,d1b32a568
q1a71cec4,d1b389748
q1a71cec4,d1b3c0eaa
q1a71cec4,d1b32441a
q1a71cec4,d1a719d6e
q1a71cec4,d1b358fda
q1a71cec4,d1b38346a
q1a71cec4,d1b31ae60
q1a71cec4,d1b3576b2
q1a73c6f2,d1a73c7c4
q1a73c6f2,d1b3a7ef0
q1a73c6f2,d1b387d08
q1a73c6f2,d1b369c7c
q1a73c6f2,d1b35446c
q1a73c6f2,d1b32635a
q1a73c6f2,d1b390570
q1a73c6f2,d1b3c8146
q1a73c6f2,d1b2f6fd8
q1a73c6f2,d1b3aea0c
q1a722464,d1a7270c2
q1a722464,d1b39bccc
q1a722464,d1b39c492
q1a722464,d1b3c8362
q1a722464,d1b3a31ca
q1a722464,d1b352c70
q1a722464,d1b3c5a04
q1a722464,d1b389392
q1a722464,d1b3b4ac4
q1a722464,d1b3418d0
q1a720fce,d1b369f60
q1a720fce,d1b391e34
q1a720fce,d1b2f1d3a
q1a720fce,d1b365320
q1a720fce,d1a7131e4
q1a720fce,d1b2e4072
q1a720fce,d1b33d3ca
q1a720fce,d1b2f19b6
q1a720fce,d1b351974
q1a720fce,d1a7161fa
q1a72f7a4,d1b35a6c8
q1a72f7a4,d1b30edb8
q1a72f7a4,d1b3270fc
q1a72f7a4,d1b369a38
q1a72f7a4,d1a731a4a
q1a72f7a4,d1b3879b6
q1a72f7a4,d1a72f8c6
q1a72f7a4,d1b312dd2
q1a72f7a4,d1a731ff4
q1a72f7a4,d1b37bc24
q1a732c38,d1a732ce2
q1a732c38,d1b315bcc
q1a732c38,d1b2fa340
q1a732c38,d1b3a2e78
q1a732c38,d1b38049a
q1a732c38,d1b374794
q1a732c38,d1a73f564
q1a732c38,d1b346902
q1a732c38,d1b35b7bc
q1a732c38,d1b30842c
q1a7226bc,d1b2f1d3a
q1a7226bc,d1b365320
q1a7226bc,d1a7131e4
q1a7226bc,d1b3418d0
q1a7226bc,d1b369f60
q1a7226bc,d1b391236
q1a7226bc,d1b2e4c34
q1a7226bc,d1b391e34
q1a7226bc,d1b306d8e
q1a7226bc,d1b399044
q1a712dac,d1a712ec4
q1a712dac,d1b379d34
q1a712dac,d1b3029aa
q1a712dac,d1b37c32c
q1a712dac,d1b30a074
q1a712dac,d1b34a9f8
q1a712dac,d1a73a424
q1a712dac,d1b38aa08
q1a712dac,d1b33bb60
q1a712dac,d1b3926d6
q1a720d6c,d1b35ea48
q1a720d6c,d1b3ab168
q1a720d6c,d1b34d356
q1a720d6c,d1b37c4d0
q1a720d6c,d1b386b1a
q1a720d6c,d1b354d0e
q1a720d6c,d1b3856e8
q1a720d6c,d1b2f6ccc
q1a720d6c,d1a716c9a
q1a720d6c,d1b2edfd2
q1a7305e6,d1a72e818
q1a7305e6,d1b321580
q1a7305e6,d1b3304fe
q1a7305e6,d1b335418
q1a7305e6,d1b3af8f8
q1a7305e6,d1b38b426
q1a7305e6,d1b396b78
q1a7305e6,d1b3b4f4c
q1a7305e6,d1b3967cc
q1a7305e6,d1b3791b8
q1a71f962,d1b334c52
q1a71f962,d1b393522
q1a71f962,d1b351faa
q1a71f962,d1b3c3d44
q1a71f962,d1b2f32e8
q1a71f962,d1b2f9698
q1a71f962,d1b343b58
q1a71f962,d1b307338
q1a71f962,d1b30af92
q1a71f962,d1b39cf00
q1a715502,d1a730c3a
q1a715502,d1b36de6c
q1a715502,d1b3a2bc6
q1a715502,d1b317652
q1a715502,d1a738764
q1a715502,d1b374d48
q1a715502,d1b39624a
q1a715502,d1b3b5dc0
q1a715502,d1b35e57a
q1a715502,d1b324168
q1a73a2da,d1a732a94
q1a73a2da,d1a7261ea
q1a73a2da,d1b319038
q1a73a2da,d1b2f48d2
q1a73a2da,d1b369218
q1a73a2da,d1a714f9e
q1a73a2da,d1b31c274
q1a73a2da,d1b353ec2
q1a73a2da,d1b3630ca
q1a73a2da,d1b370a72
q1a71765e,d1b39b2d6
q1a71765e,d1b335e72
q1a71765e,d1b38f878
q1a71765e,d1b36ed08
q1a71765e,d1b343d6a
q1a71765e,d1b37f2b6
q1a71765e,d1b321daa
q1a71765e,d1b31e7a4
q1a71765e,d1a73a852
q1a71765e,d1b351028
q1a738c3c,d1a738d04
q1a738c3c,d1b34b02e
q1a738c3c,d1b389a04
q1a738c3c,d1b365942
q1a738c3c,d1a72c798
q1a738c3c,d1b32cade
q1a738c3c,d1b37bddc
q1a738c3c,d1b38c9f2
q1a738c3c,d1b377e58
q1a738c3c,d1b364ee8
q1a72c090,d1b35b7bc
q1a72c090,d1a740c66
q1a72c090,d1b33959a
q1a72c090,d1b3c0eaa
q1a72c090,d1a71e1e8
q1a72c090,d1b37a252
q1a72c090,d1b3b6d7e
q1a72c090,d1b315a5a
q1a72c090,d1b3061a4
q1a72c090,d1b36fa96
q1a716ee8,d1b360794
q1a716ee8,d1b369c7c
q1a716ee8,d1b3202c0
q1a716ee8,d1b366568
q1a716ee8,d1b3749c4
q1a716ee8,d1b3a9174
q1a716ee8,d1b39ed82
q1a716ee8,d1b395eee
q1a716ee8,d1a729b42
q1a716ee8,d1b2e707e
q1a734ab0,d1b302856
q1a734ab0,d1b3c2ac0
q1a734ab0,d1b302f4a
q1a734ab0,d1b332efc
q1a734ab0,d1a71a4e4
q1a734ab0,d1b33a3fa
q1a734ab0,d1b3749c4
q1a734ab0,d1b340df4
q1a734ab0,d1b3061a4
q1a734ab0,d1b338e56
q1a7370f8,d1b39444a
q1a7370f8,d1b385396
q1a7370f8,d1b33599a
q1a7370f8,d1b33a1de
q1a7370f8,d1b369c7c
q1a7370f8,d1b31d0c0
q1a7370f8,d1b383708
q1a7370f8,d1b32d2b8
q1a7370f8,d1b33ca56
q1a7370f8,d1b3866b0
q1a73e8a8,d1b2f68da
q1a73e8a8,d1b35ede0
q1a73e8a8,d1b33f274
q1a73e8a8,d1b3ac770
q1a73e8a8,d1b3487ac
q1a73e8a8,d1a717032
q1a73e8a8,d1b36b4aa
q1a73e8a8,d1b38e52c
q1a73e8a8,d1b32f04a
q1a73e8a8,d1b3b69d2
q1a73f500,d1b3a8f4e
q1a73f500,d1b30bbfe
q1a73f500,d1b30928c
q1a73f500,d1b32fc66
q1a73f500,d1b39f8d6
q1a73f500,d1b37937a
q1a73f500,d1b333b86
q1a73f500,d1b368e9e
q1a73f500,d1a73f564
q1a73f500,d1b2f6ccc
q1a73841c,d1b3164f0
q1a73841c,d1b371dd2
q1a73841c,d1b3bab22
q1a73841c,d1b31e7a4
q1a73841c,d1a7324d6
q1a73841c,d1b389496
q1a73841c,d1b31b91e
q1a73841c,d1b30df3a
q1a73841c,d1b33e716
q1a73841c,d1b37c8ea
q1a723e4a,d1b2f9a8a
q1a723e4a,d1b2ee798
q1a723e4a,d1b367b34
q1a723e4a,d1b36d638
q1a723e4a,d1b3a9174
q1a723e4a,d1b371d0a
q1a723e4a,d1b371ef4
q1a723e4a,d1b3429f6
q1a723e4a,d1b37a252
q1a723e4a,d1b3a52c2
q1a71f4d0,d1a71f534
q1a71f4d0,d1b39d270
q1a71f4d0,d1b391e34
q1a71f4d0,d1b3797e4
q1a71f4d0,d1b3a1794
q1a71f4d0,d1b3c0a5e
q1a71f4d0,d1b35c9dc
q1a71f4d0,d1b3387a8
q1a71f4d0,d1b333b86
q1a71f4d0,d1a7218e8
q1a7236ca,d1a7237ce
q1a7236ca,d1b33bb60
q1a7236ca,d1b31607c
q1a7236ca,d1b39adae
q1a7236ca,d1b32624c
q1a7236ca,d1b3b317e
q1a7236ca,d1b390e62
q1a7236ca,d1b31ae60
q1a7236ca,d1b3554b6
q1a7236ca,d1b35a416
q1a731036,d1b3860b6
q1a731036,d1a7310a4
q1a731036,d1b386d40
q1a731036,d1a716c9a
q1a731036,d1b3520ea
q1a731036,d1b3357ce
q1a731036,d1b3b69d2
q1a731036,d1b3c52c0
q1a731036,d1b328f2e
q1a731036,d1b384e32
q1a723972,d1b369c7c
q1a723972,d1a71dd10
q1a723972,d1b350a7e
q1a723972,d1b389496
q1a723972,d1b387d08
q1a723972,d1b36a6ae
q1a723972,d1b37f428
q1a723972,d1b3862b4
q1a723972,d1a72d756
q1a723972,d1b346114
q1a716b32,d1b386d40
q1a716b32,d1a7310a4
q1a716b32,d1b3ad526
q1a716b32,d1b39f8d6
q1a716b32,d1a738d04
q1a716b32,d1b366e96
q1a716b32,d1a73f564
q1a716b32,d1a716c9a
q1a716b32,d1b3182b4
q1a716b32,d1b3860b6
q1a72d0ee,d1b363ea8
q1a72d0ee,d1b3af812
q1a72d0ee,d1b389748
q1a72d0ee,d1b3576b2
q1a72d0ee,d1b2ee16c
q1a72d0ee,d1b2e63f4
q1a72d0ee,d1b2e74c0
q1a72d0ee,d1b387d08
q1a72d0ee,d1b3c11c0
q1a72d0ee,d1b37721e
q1a735b7c,d1b35626c
q1a735b7c,d1b30716c
q1a735b7c,d1b36014a
q1a735b7c,d1b3ab8fc
q1a735b7c,d1b347b86
q1a735b7c,d1b36df98
q1a735b7c,d1b39dfc2
q1a735b7c,d1b368d7c
q1a735b7c,d1b3bd6b0
q1a735b7c,d1b36ba22
q1a71e918,d1a71ea1c
q1a71e918,d1b34ef26
q1a71e918,d1b2f751e
q1a71e918,d1b39b09c
q1a71e918,d1b320888
q1a71e918,d1b3860b6
q1a71e918,d1b326936
q1a71e918,d1b2f7172
q1a71e918,d1b3380d2
q1a71e918,d1b337c7c
q1a711416,d1a711510
q1a711416,d1b38e658
q1a711416,d1b36ed08
q1a711416,d1b35133e
q1a711416,d1a715854
q1a711416,d1b36f74e
q1a711416,d1b34f8f4
q1a711416,d1b353684
q1a711416,d1b336516
q1a711416,d1b3b2026
q1a719f9e,d1a71a016
q1a719f9e,d1b31e448
q1a719f9e,d1b37e38e
q1a719f9e,d1b384cac
q1a719f9e,d1b30e5d4
q1a719f9e,d1b33472a
q1a719f9e,d1b38404a
q1a719f9e,d1b38e284
q1a719f9e,d1b2e92ac
q1a719f9e,d1a717e60
q1a71ec1a,d1a71ec9c
q1a71ec1a,d1b33dec4
q1a71ec1a,d1a720542
q1a71ec1a,d1b33cd08
q1a71ec1a,d1b2e225e
q1a71ec1a,d1b315a5a
q1a71ec1a,d1b3bab22
q1a71ec1a,d1b369c7c
q1a71ec1a,d1b3a948a
q1a71ec1a,d1b3b8da4
q1a726a00,d1a726af0
q1a726a00,d1a723a30
q1a726a00,d1b355ccc
q1a726a00,d1b357bda
q1a726a00,d1b330e7c
q1a726a00,d1b35a6c8
q1a726a00,d1b3b5320
q1a726a00,d1b31d46c
q1a726a00,d1b326d46
q1a726a00,d1b326508
q1a72216c,d1a722202
q1a72216c,d1b36b5ae
q1a72216c,d1b35e70a
q1a72216c,d1b354d0e
q1a72216c,d1b39b222
q1a72216c,d1b386b1a
q1a72216c,d1a73b248
q1a72216c,d1b35ea48
q1a72216c,d1b3affd8
q1a72216c,d1b30fc4a
q1a72277a,d1b332632
q1a72277a,d1a72e818
q1a72277a,d1b36c97c
q1a72277a,d1b3af434
q1a72277a,d1b356de8
q1a72277a,d1b3b6eb4
q1a72277a,d1b39d888
q1a72277a,d1b3af812
q1a72277a,d1b3a358a
q1a72277a,d1b38abac
q1a72d6ac,d1b37f428
q1a72d6ac,d1a72d756
q1a72d6ac,d1b3287ae
q1a72d6ac,d1b3c5d24
q1a72d6ac,d1b33ca56
q1a72d6ac,d1b363a48
q1a72d6ac,d1b3a1f8c
q1a72d6ac,d1b39616e
q1a72d6ac,d1b35a6c8
q1a72d6ac,d1b2ef3dc
q1a73f4d8,d1b3a8f4e
q1a73f4d8,d1b30bbfe
q1a73f4d8,d1b2f6ccc
q1a73f4d8,d1b2fb63c
q1a73f4d8,d1b32fc66
q1a73f4d8,d1b30928c
q1a73f4d8,d1b368e9e
q1a73f4d8,d1b38242a
q1a73f4d8,d1b333b86
q1a73f4d8,d1b30cb26
q1a7193fa,d1b32a568
q1a7193fa,d1a719490
q1a7193fa,d1b3a9868
q1a7193fa,d1b344a30
q1a7193fa,d1a72ccde
q1a7193fa,d1b3b2ad0
q1a7193fa,d1b326d46
q1a7193fa,d1b369218
q1a7193fa,d1b304b42
q1a7193fa,d1b387d08
q1a729ade,d1a722c66
q1a729ade,d1b356758
q1a729ade,d1b32c020
q1a729ade,d1b2ef3dc
q1a729ade,d1b2e225e
q1a729ade,d1b387d08
q1a729ade,d1a72d756
q1a729ade,d1b3757ac
q1a729ade,d1b34bfec
q1a729ade,d1b2e5468
q1a733cb4,d1b36a1e0
q1a733cb4,d1b3aefe8
q1a733cb4,d1b358e2c
q1a733cb4,d1a73ba68
q1a733cb4,d1b399788
q1a733cb4,d1b3a0c72
q1a733cb4,d1b3c874a
q1a733cb4,d1b37423a
q1a733cb4,d1b36398a
q1a733cb4,d1b3a863e
q1a71b56a,d1a722a18
q1a71b56a,d1b30a074
q1a71b56a,d1a73f2c6
q1a71b56a,d1b326508
q1a71b56a,d1a72bce4
q1a71b56a,d1b360794
q1a71b56a,d1b347f1e
q1a71b56a,d1b2f539a
q1a71b56a,d1b3182b4
q1a71b56a,d1b35ddaa
q1a71986e,d1b309750
q1a71986e,d1b3a52c2
q1a71986e,d1b32eb86
q1a71986e,d1a719972
q1a71986e,d1b34bd44
q1a71986e,d1b37a252
q1a71986e,d1b346902
q1a71986e,d1b318b92
q1a71986e,d1b31c274
q1a71986e,d1b3a3490
q1a7230c6,d1a7231d4
q1a7230c6,d1b391948
q1a7230c6,d1b36cad0
q1a7230c6,d1b2f7fd2
q1a7230c6,d1b37fd6a
q1a7230c6,d1a734402
q1a7230c6,d1b359e3a
q1a7230c6,d1a71d310
q1a7230c6,d1b33d9ba
q1a7230c6,d1b3bb072
q1a720452,d1b315a5a
q1a720452,d1b3a7932
q1a720452,d1a71e1e8
q1a720452,d1b338bcc
q1a720452,d1b3abcb2
q1a720452,d1a740c66
q1a720452,d1a724e76
q1a720452,d1b31137e
q1a720452,d1b36fa96
q1a720452,d1b37a252
q1a7386c4,d1a738764
q1a7386c4,d1b36b914
q1a7386c4,d1b3c743a
q1a7386c4,d1b374d48
q1a7386c4,d1b3791b8
q1a7386c4,d1b324168
q1a7386c4,d1b3a948a
q1a7386c4,d1b3c41c2
q1a7386c4,d1b2f3d88
q1a7386c4,d1b3b7238
q1a73ca30,d1a73ca80
q1a73ca30,d1b301456
q1a73ca30,d1b3a02e0
q1a73ca30,d1b35de90
q1a73ca30,d1b30c658
q1a73ca30,d1b342b5e
q1a73ca30,d1b3630ca
q1a73ca30,d1b3a6fa0
q1a73ca30,d1b348dce
q1a73ca30,d1b32fe8c
q1a71549e,d1b373150
q1a71549e,d1b38835c
q1a71549e,d1b370c02
q1a71549e,d1b3c1404
q1a71549e,d1a7296ba
q1a71549e,d1b3abb86
q1a71549e,d1b303a08
q1a71549e,d1b35ede0
q1a71549e,d1b3340ea
q1a71549e,d1b3694d4
q1a726c12,d1a726d7a
q1a726c12,d1b32a91e
q1a726c12,d1b306bae
q1a726c12,d1b3af434
q1a726c12,d1a713c66
q1a726c12,d1a72e818
q1a726c12,d1b369e02
q1a726c12,d1b3304fe
q1a726c12,d1b32ab9e
q1a726c12,d1b3c540a
q1a71de32,d1b2e2632
q1a71de32,d1b38fe7c
q1a71de32,d1b3135ca
q1a71de32,d1a7285e4
q1a71de32,d1b2e87c6
q1a71de32,d1a73ad20
q1a71de32,d1a741bd4
q1a71de32,d1b39034a
q1a71de32,d1b375108
q1a71de32,d1a71df22
q1a740e82,d1b390908
q1a740e82,d1b395502
q1a740e82,d1b3bacc6
q1a740e82,d1b395eee
q1a740e82,d1b363ea8
q1a740e82,d1a7255f6
q1a740e82,d1b30687a
q1a740e82,d1b2ee16c
q1a740e82,d1b3c5702
q1a740e82,d1b2f0e94
q1a73eb46,d1b39417a
q1a73eb46,d1a73ec0e
q1a73eb46,d1b3af812
q1a73eb46,d1b3576b2
q1a73eb46,d1b3be84e
q1a73eb46,d1b3a60dc
q1a73eb46,d1b3c11c0
q1a73eb46,d1b363ea8
q1a73eb46,d1b370540
q1a73eb46,d1b30755e
q1a73b158,d1b39ff66
q1a73b158,d1a73b248
q1a73b158,d1b323164
q1a73b158,d1b36c06c
q1a73b158,d1b33959a
q1a73b158,d1a722202
q1a73b158,d1b316f0e
q1a73b158,d1b311c48
q1a73b158,d1b38d3fc
q1a73b158,d1b31c580
q1a736766,d1b3495da
q1a736766,d1b35c0d6
q1a736766,d1b35493a
q1a736766,d1b3345c2
q1a736766,d1b3a6fa0
q1a736766,d1b32ddbc
q1a736766,d1a738d04
q1a736766,d1b31f2e4
q1a736766,d1b33cd08
q1a736766,d1b31c9e0
q1a7364a0,d1a73652c
q1a7364a0,d1b37743a
q1a7364a0,d1b3a2e78
q1a7364a0,d1b30124e
q1a7364a0,d1b34134e
q1a7364a0,d1b371d0a
q1a7364a0,d1b3345c2
q1a7364a0,d1b3b762a
q1a7364a0,d1b347618
q1a7364a0,d1a736cca
q1a739a9c,d1b35bf96
q1a739a9c,d1a739b32
q1a739a9c,d1b3b5f14
q1a739a9c,d1b350b3c
q1a739a9c,d1b2e1e08
q1a739a9c,d1b397758
q1a739a9c,d1b3a26b2
q1a739a9c,d1b36803e
q1a739a9c,d1b33f274
q1a739a9c,d1b2fcf50
q1a715534,d1b3c743a
q1a715534,d1b35e57a
q1a715534,d1b30c7f2
q1a715534,d1b31fef6
q1a715534,d1b3791b8
q1a715534,d1b36b914
q1a715534,d1b324168
q1a715534,d1b349094
q1a715534,d1b37796c
q1a715534,d1b3a948a
q1a71a926,d1b34e18e
q1a71a926,d1b35d6b6
q1a71a926,d1b338460
q1a71a926,d1b2f208c
q1a71a926,d1b2ec5ba
q1a71a926,d1b35c0d6
q1a71a926,d1a715322
q1a71a926,d1b3a1794
q1a71a926,d1a72f100
q1a71a926,d1b3c71e2
q1a72494e,d1b3309ea
q1a72494e,d1b31b40a
q1a72494e,d1a735078
q1a72494e,d1b366bd0
q1a72494e,d1b3b308e
q1a72494e,d1b3abdac
q1a72494e,d1b368d7c
q1a72494e,d1b2e34ec
q1a72494e,d1b364d08
q1a72494e,d1a7255f6
q1a71e8e6,d1a71ea1c
q1a71e8e6,d1b34ef26
q1a71e8e6,d1b2f751e
q1a71e8e6,d1b39b09c
q1a71e8e6,d1b320888
q1a71e8e6,d1b326936
q1a71e8e6,d1b351dca
q1a71e8e6,d1b3380d2
q1a71e8e6,d1b38c1b4
q1a71e8e6,d1b33a9ea
q1a72f2ea,d1a72b046
q1a72f2ea,d1a732ce2
q1a72f2ea,d1b33d4b0
q1a72f2ea,d1b3a61cc
q1a72f2ea,d1b38ad82
q1a72f2ea,d1a73f564
q1a72f2ea,d1b37ff2c
q1a72f2ea,d1b3a8bde
q1a72f2ea,d1a736f40
q1a72f2ea,d1b31d0c0
q1a71d16c,d1a71d310
q1a71d16c,d1b36cad0
q1a71d16c,d1b359e3a
q1a71d16c,d1a73b824
q1a71d16c,d1b37336c
q1a71d16c,d1b31ae60
q1a71d16c,d1b36ae1a
q1a71d16c,d1b390908
q1a71d16c,d1b37fd6a
q1a71d16c,d1b33d9ba
q1a71e6c0,d1b387d08
q1a71e6c0,d1b369c7c
q1a71e6c0,d1b2ef3dc
q1a71e6c0,d1b32c020
q1a71e6c0,d1b33f3be
q1a71e6c0,d1b3c3fe2
q1a71e6c0,d1b365e2e
q1a71e6c0,d1b349954
q1a71e6c0,d1b37f428
q1a71e6c0,d1a736054
q1a733188,d1b31b40a
q1a733188,d1b317f26
q1a733188,d1b3309ea
q1a733188,d1a735078
q1a733188,d1b3a9052
q1a733188,d1b3abdac
q1a733188,d1a7331d8
q1a733188,d1b3b308e
q1a733188,d1b3b16d0
q1a733188,d1b2e34ec
q1a72a970,d1b383708
q1a72a970,d1a71f534
q1a72a970,d1b3ab668
q1a72a970,d1b306456
q1a72a970,d1b2e3a5a
q1a72a970,d1b336c6e
q1a72a970,d1b3a1550
q1a72a970,d1b320608
q1a72a970,d1a7322b0
q1a72a970,d1b354750
q1a720c7c,d1b332740
q1a720c7c,d1a7265a0
q1a720c7c,d1b380d82
q1a720c7c,d1b39dd06
q1a720c7c,d1b2e455e
q1a720c7c,d1a71f084
q1a720c7c,d1b348f40
q1a720c7c,d1b3c3056
q1a720c7c,d1b35493a
q1a720c7c,d1b387ef2
q1a711844,d1b3489dc
q1a711844,d1b3a9868
q1a711844,d1b32c020
q1a711844,d1a722202
q1a711844,d1b3affd8
q1a711844,d1b39b222
q1a711844,d1b3c743a
q1a711844,d1b38224a
q1a711844,d1b35ea48
q1a711844,d1b344bb6
q1a712a82,d1b370c02
q1a712a82,d1b3b8da4
q1a712a82,d1b366126
q1a712a82,d1b3ac356
q1a712a82,d1b321864
q1a712a82,d1b30842c
q1a712a82,d1b31a780
q1a712a82,d1a712ba4
q1a712a82,d1b30687a
q1a712a82,d1b3afc7c
q1a72c11c,d1b35b7bc
q1a72c11c,d1b3c0eaa
q1a72c11c,d1b360e42
q1a72c11c,d1b3abcb2
q1a72c11c,d1b36fa96
q1a72c11c,d1b3a8756
q1a72c11c,d1b3a7932
q1a72c11c,d1b329e9c
q1a72c11c,d1a71e1e8
q1a72c11c,d1a72c19e
q1a741ba2,d1b39034a
q1a741ba2,d1a741bd4
q1a741ba2,d1b3a59ca
q1a741ba2,d1b35f9d4
q1a741ba2,d1b3b97e0
q1a741ba2,d1b2e2632
q1a741ba2,d1b351faa
q1a741ba2,d1b356622
q1a741ba2,d1a7285e4
q1a741ba2,d1b36ed08
q1a736298,d1a7362fc
q1a736298,d1b3795dc
q1a736298,d1b385a12
q1a736298,d1b353846
q1a736298,d1a718d56
q1a736298,d1b3a863e
q1a736298,d1b31bdce
q1a736298,d1b30c658
q1a736298,d1b36a1e0
q1a736298,d1b355d9e
q1a73c1fc,d1b2f0e94
q1a73c1fc,d1b3c5702
q1a73c1fc,d1b3af812
q1a73c1fc,d1b37a4a0
q1a73c1fc,d1b3aad30
q1a73c1fc,d1b395502
q1a73c1fc,d1b3bacc6
q1a73c1fc,d1a7255f6
q1a73c1fc,d1b37721e
q1a73c1fc,d1b3be84e
q1a7214e2,d1b38464e
q1a7214e2,d1a713428
q1a7214e2,d1b33efcc
q1a7214e2,d1b39ca32
q1a7214e2,d1b374794
q1a7214e2,d1b360988
q1a7214e2,d1b38a4a4
q1a7214e2,d1b351dca
q1a7214e2,d1b35133e
q1a7214e2,d1b2e8f00
q1a741120,d1a7411b6
q1a741120,d1b37c32c
q1a741120,d1b34c1cc
q1a741120,d1b305ef2
q1a741120,d1b2eead6
q1a741120,d1b2f8694
q1a741120,d1a712ec4
q1a741120,d1b339ea0
q1a741120,d1b3b92ea
q1a741120,d1b31f212
q1a71242e,d1a712532
q1a71242e,d1b3502c2
q1a71242e,d1b3856e8
q1a71242e,d1b3b29c2
q1a71242e,d1b39f8d6
q1a71242e,d1b30bbfe
q1a71242e,d1b2f6042
q1a71242e,d1b34d946
q1a71242e,d1b33b2f0
q1a71242e,d1b37937a
q1a7241ba,d1a724228
q1a7241ba,d1b3487ac
q1a7241ba,d1b3ba9b0
q1a7241ba,d1b2e24e8
q1a7241ba,d1b2ea634
q1a7241ba,d1b3391b2
q1a7241ba,d1b329a00
q1a7241ba,d1b3ad3be
q1a7241ba,d1b390570
q1a7241ba,d1b32cf84
q1a72f772,d1b36aab4
q1a72f772,d1b322912
q1a72f772,d1b32848e
q1a72f772,d1b35a6c8
q1a72f772,d1b3c5d24
q1a72f772,d1a72f8c6
q1a72f772,d1b3bb81a
q1a72f772,d1b387d08
q1a72f772,d1b32136e
q1a72f772,d1b33ca56
q1a740bc6,d1b371d0a
q1a740bc6,d1b31137e
q1a740bc6,d1b388e88
q1a740bc6,d1b39ed82
q1a740bc6,d1a71e1e8
q1a740bc6,d1b3a7932
q1a740bc6,d1b35b7bc
q1a740bc6,d1b390fa2
q1a740bc6,d1a72c19e
q1a740bc6,d1b3a9a7a
q1a735f50,d1b306d8e
q1a735f50,d1b3797e4
q1a735f50,d1b302856
q1a735f50,d1b3c50d6
q1a735f50,d1b2e9e46
q1a735f50,d1b392d3e
q1a735f50,d1b3c2e58
q1a735f50,d1b3b69d2
q1a735f50,d1b3a1794
q1a735f50,d1b304b42
q1a72bc30,d1a72bce4
q1a72bc30,d1b2e225e
q1a72bc30,d1b35b096
q1a72bc30,d1b38ffda
q1a72bc30,d1b2e9950
q1a72bc30,d1b2ecc5e
q1a72bc30,d1b3a2fb8
q1a72bc30,d1b3090a2
q1a72bc30,d1b354e62
q1a72bc30,d1b38d8b6
q1a711bdc,d1b390430
q1a711bdc,d1b352d74
q1a711bdc,d1b2fa340
q1a711bdc,d1b3af434
q1a711bdc,d1b307068
q1a711bdc,d1b362116
q1a711bdc,d1b3b1ebe
q1a711bdc,d1b39d63a
q1a711bdc,d1b2fe95e
q1a711bdc,d1b3aeeda
q1a7217d0,d1a7218e8
q1a7217d0,d1b3797e4
q1a7217d0,d1b33ce20
q1a7217d0,d1b36afe6
q1a7217d0,d1b2f381a
q1a7217d0,d1a716c9a
q1a7217d0,d1b39fa5c
q1a7217d0,d1b2fdfd6
q1a7217d0,d1b34ffca
q1a7217d0,d1b31fa28
q1a71b59c,d1b32cade
q1a71b59c,d1b3a8bde
q1a71b59c,d1b2edfd2
q1a71b59c,d1b382074
q1a71b59c,d1b33207e
q1a71b59c,d1a716c9a
q1a71b59c,d1b377e58
q1a71b59c,d1b34d5f4
q1a71b59c,d1b373862
q1a71b59c,d1b385eae
q1a732f1c,d1b3ad8aa
q1a732f1c,d1b3890d6
q1a732f1c,d1b327fa2
q1a732f1c,d1b3963b2
q1a732f1c,d1b3b3926
q1a732f1c,d1b33472a
q1a732f1c,d1b361a04
q1a732f1c,d1b32e3fc
q1a732f1c,d1b39a084
q1a732f1c,d1b3bfe6a
q1a7217f8,d1b36a6ae
q1a7217f8,d1b2e4c34
q1a7217f8,d1b3c2e58
q1a7217f8,d1b306d8e
q1a7217f8,d1b33198a
q1a7217f8,d1b3797e4
q1a7217f8,d1b37f0ae
q1a7217f8,d1a7218e8
q1a7217f8,d1b33a026
q1a7217f8,d1b304b42
q1a72446c,d1a7244a8
q1a72446c,d1b3b8f0c
q1a72446c,d1b3a407a
q1a72446c,d1b2ef3dc
q1a72446c,d1a717e60
q1a72446c,d1b387d08
q1a72446c,d1b2ec434
q1a72446c,d1b2f9fbc
q1a72446c,d1b2f46ca
q1a72446c,d1b3bcdc8
q1a73fa0a,d1b34befc
q1a73fa0a,d1a73fa6e
q1a73fa0a,d1b36a6ae
q1a73fa0a,d1b3270fc
q1a73fa0a,d1b326d46
q1a73fa0a,d1b2f539a
q1a73fa0a,d1b3a09c0
q1a73fa0a,d1b3bff82
q1a73fa0a,d1b36b180
q1a73fa0a,d1b3c3fe2
q1a7298e0,d1a72991c
q1a7298e0,d1b336d72
q1a7298e0,d1b36c97c
q1a7298e0,d1b38772c
q1a7298e0,d1b30d418
q1a7298e0,d1b3a4ea8
q1a7298e0,d1b3983ba
q1a7298e0,d1b3711d4
q1a7298e0,d1b32f14e
q1a7298e0,d1b30ba96
q1a712794,d1a7127d0
q1a712794,d1b357d56
q1a712794,d1b343a22
q1a712794,d1b377142
q1a712794,d1b3aaa1a
q1a712794,d1b3703ba
q1a712794,d1b2fbe34
q1a712794,d1b373150
q1a712794,d1b35fd94
q1a712794,d1b3879b6
q1a71ada4,d1a71aebc
q1a71ada4,d1b367b34
q1a71ada4,d1b321864
q1a71ada4,d1b371ef4
q1a71ada4,d1b39fe30
q1a71ada4,d1b354a8e
q1a71ada4,d1b3a2e78
q1a71ada4,d1b376cb0
q1a71ada4,d1b344968
q1a71ada4,d1b36398a
q1a71c8e8,d1a71ca46
q1a71c8e8,d1b3c865a
q1a71c8e8,d1b369a38
q1a71c8e8,d1b31a91a
q1a71c8e8,d1b2eb0de
q1a71c8e8,d1b311c48
q1a71c8e8,d1b3c47da
q1a71c8e8,d1b3a9692
q1a71c8e8,d1b338bcc
q1a71c8e8,d1b321094
q1a733138,d1a7331d8
q1a733138,d1b32aa36
q1a733138,d1b2f68da
q1a733138,d1b3aae3e
q1a733138,d1b3bcbf2
q1a733138,d1b3340ea
q1a733138,d1b2fd590
q1a733138,d1b359084
q1a733138,d1b3a9052
q1a733138,d1b385c38
q1a71ab7e,d1a71ac1e
q1a71ab7e,d1b35f150
q1a71ab7e,d1b3b0d3e
q1a71ab7e,d1b36f99c
q1a71ab7e,d1b3a0ace
q1a71ab7e,d1a71cca8
q1a71ab7e,d1b378b82
q1a71ab7e,d1b337dbc
q1a71ab7e,d1b2e9086
q1a71ab7e,d1b39bccc
q1a722950,d1b387d08
q1a722950,d1b2ef3dc
q1a722950,d1a718108
q1a722950,d1b32309c
q1a722950,d1b358206
q1a722950,d1b326d46
q1a722950,d1b369f60
q1a722950,d1b3c1bb6
q1a722950,d1b2f539a
q1a722950,d1b2fa7be
q1a73bcb6,d1a732ce2
q1a73bcb6,d1b315bcc
q1a73bcb6,d1b31f082
q1a73bcb6,d1a73bd10
q1a73bcb6,d1a739434
q1a73bcb6,d1b346902
q1a73bcb6,d1b330f9e
q1a73bcb6,d1b36177a
q1a73bcb6,d1b35de90
q1a73bcb6,d1b36eb0a
q1a72c144,d1b3a7932
q1a72c144,d1b35b7bc
q1a72c144,d1b2f345a
q1a72c144,d1b3abcb2
q1a72c144,d1b329e9c
q1a72c144,d1b3a8756
q1a72c144,d1b36fa96
q1a72c144,d1a71b952
q1a72c144,d1b39ed82
q1a72c144,d1b37a252
q1a7176b8,d1b346114
q1a7176b8,d1b369c7c
q1a7176b8,d1b33f166
q1a7176b8,d1b317aa8
q1a7176b8,d1b3bccba
q1a7176b8,d1b2ef3dc
q1a7176b8,d1b387d08
q1a7176b8,d1b33f3be
q1a7176b8,d1b37f0ae
q1a7176b8,d1b35a6c8
q1a730fdc,d1b30812a
q1a730fdc,d1a7310a4
q1a730fdc,d1b32fb4e
q1a730fdc,d1b35243c
q1a730fdc,d1a73bfc2
q1a730fdc,d1b36fe9c
q1a730fdc,d1b36f398
q1a730fdc,d1b3a0baa
q1a730fdc,d1b36ef9c
q1a730fdc,d1b33d726
q1a73240e,d1a7324d6
q1a73240e,d1b2ed898
q1a73240e,d1b30df3a
q1a73240e,d1b3164f0
q1a73240e,d1b3bab22
q1a73240e,d1b30bf14
q1a73240e,d1b3090a2
q1a73240e,d1b3a09c0
q1a73240e,d1b35ede0
q1a73240e,d1b33e716
q1a733458,d1b382eac
q1a733458,d1b2e9950
q1a733458,d1b3c0c84
q1a733458,d1b380d82
q1a733458,d1b32cade
q1a733458,d1b3bf6e0
q1a733458,d1b35cb8a
q1a733458,d1b30a394
q1a733458,d1b373862
q1a733458,d1b2f4094
q1a728058,d1b389392
q1a728058,d1b301ca8
q1a728058,d1b34d946
q1a728058,d1b3b9d80
q1a728058,d1b39c492
q1a728058,d1a72250e
q1a728058,d1a7270c2
q1a728058,d1b352c70
q1a728058,d1b327aa2
q1a728058,d1b33db86
q1a740112,d1a740248
q1a740112,d1b346f9c
q1a740112,d1b35ede0
q1a740112,d1b34fc64
q1a740112,d1b32cf84
q1a740112,d1b368c82
q1a740112,d1a741756
q1a740112,d1b31f2e4
q1a740112,d1b354372
q1a740112,d1b3c7c0a
q1a71b4e8,d1b3bb298
q1a71b4e8,d1b387ef2
q1a71b4e8,d1b32cade
q1a71b4e8,d1b2fb2f4
q1a71b4e8,d1b31330e
q1a71b4e8,d1a7169c0
q1a71b4e8,d1b34a6a6
q1a71b4e8,d1b3b7846
q1a71b4e8,d1b2e9950
q1a71b4e8,d1b3a079a
q1a7189fa,d1a718a36
q1a7189fa,d1b3003a8
q1a7189fa,d1b31dae8
q1a7189fa,d1b2f3a5e
q1a7189fa,d1b35881e
q1a7189fa,d1b3a520e
q1a7189fa,d1b3712f6
q1a7189fa,d1b37c4d0
q1a7189fa,d1a738d04
q1a7189fa,d1b39cd20
q1a7412ce,d1b3c1bb6
q1a7412ce,d1b35d2ce
q1a7412ce,d1b31fef6
q1a7412ce,d1b34e72e
q1a7412ce,d1b3416dc
q1a7412ce,d1b3bd598
q1a7412ce,d1a7326f2
q1a7412ce,d1b30c7f2
q1a7412ce,d1b3791b8
q1a7412ce,d1b3a2fb8
q1a734786,d1b3c4d8e
q1a734786,d1b3a0f92
q1a734786,d1b391a42
q1a734786,d1b34adcc
q1a734786,d1b391c4a
q1a734786,d1a734894
q1a734786,d1b36136a
q1a734786,d1b375054
q1a734786,d1b329a00
q1a734786,d1b3ba7a8
q1a73e98e,d1b2f68da
q1a73e98e,d1b30ba96
q1a73e98e,d1b366568
q1a73e98e,d1b3c5702
q1a73e98e,d1b377f84
q1a73e98e,d1b3a734c
q1a73e98e,d1a72d184
q1a73e98e,d1b3be84e
q1a73e98e,d1b370540
q1a73e98e,d1b30755e
q1a736478,d1a73652c
q1a736478,d1b30124e
q1a736478,d1b37743a
q1a736478,d1b3a2e78
q1a736478,d1b3000ba
q1a736478,d1b371d0a
q1a736478,d1b374154
q1a736478,d1b347618
q1a736478,d1a736cca
q1a736478,d1b3573f6
q1a73b126,d1a73b248
q1a73b126,d1b39b222
q1a73b126,d1b35e70a
q1a73b126,d1b354d0e
q1a73b126,d1b35ea48
q1a73b126,d1b36b5ae
q1a73b126,d1b386b1a
q1a73b126,d1b2f46ca
q1a73b126,d1b337c7c
q1a73b126,d1a722202
q1a718658,d1b372840
q1a718658,d1b3881ae
q1a718658,d1b32e136
q1a718658,d1b3af434
q1a718658,d1b37b562
q1a718658,d1b350b3c
q1a718658,d1b39bad8
q1a718658,d1b39dd06
q1a718658,d1b3a8bde
q1a718658,d1b319556
q1a728512,d1a7285e4
q1a728512,d1b2e2632
q1a728512,d1a71df22
q1a728512,d1b3a59ca
q1a728512,d1b36ed08
q1a728512,d1b3640ce
q1a728512,d1b38fe7c
q1a728512,d1b3b97e0
q1a728512,d1b3aa1a0
q1a728512,d1b3135ca
q1a73141e,d1a731540
q1a73141e,d1b3b353e
q1a73141e,d1b30edb8
q1a73141e,d1b3487ac
q1a73141e,d1b34da5e
q1a73141e,d1b2e24e8
q1a73141e,d1b2e7858
q1a73141e,d1b3a1e2e
q1a73141e,d1b38b0de
q1a73141e,d1b33f684
q1a713b58,d1b32c020
q1a713b58,d1b3879b6
q1a713b58,d1b2e225e
q1a713b58,d1a7218e8
q1a713b58,d1b3386b8
q1a713b58,d1b3c5d24
q1a713b58,d1b377142
q1a713b58,d1b3b46be
q1a713b58,d1b2f6ad8
q1a713b58,d1a722c66
q1a7375e4,d1a7376e8
q1a7375e4,d1b36279c
q1a7375e4,d1b39d270
q1a7375e4,d1b391e34
q1a7375e4,d1b3c0a5e
q1a7375e4,d1b3c492e
q1a7375e4,d1b35c9dc
q1a7375e4,d1b368e9e
q1a7375e4,d1b3ab668
q1a7375e4,d1b333b86
q1a72be74,d1b3489dc
q1a72be74,d1b33b3e0
q1a72be74,d1a72bf32
q1a72be74,d1b38cee8
q1a72be74,d1b30252c
q1a72be74,d1a73f2c6
q1a72be74,d1b360230
q1a72be74,d1b3172c4
q1a72be74,d1b352572
q1a72be74,d1b337c7c
q1a718c66,d1a718d56
q1a718c66,d1b3a2568
q1a718c66,d1b38e52c
q1a718c66,d1a72f100
q1a718c66,d1b36065e
q1a718c66,d1b3b55fa
q1a718c66,d1b391b6e
q1a718c66,d1b355d9e
q1a718c66,d1b39e774
q1a718c66,d1b3c71e2
q1a733480,d1b3a59ca
q1a733480,d1b356622
q1a733480,d1a741bd4
q1a733480,d1b3aa1a0
q1a733480,d1b39034a
q1a733480,d1b35f9d4
q1a733480,d1b36ed08
q1a733480,d1b2e55ee
q1a733480,d1b379906
q1a733480,d1b300a4c
q1a73beb4,d1a73bfc2
q1a73beb4,d1b387ef2
q1a73beb4,d1b2e9950
q1a73beb4,d1b332740
q1a73beb4,d1b39dd06
q1a73beb4,d1b2e455e
q1a73beb4,d1b3b3ffc
q1a73beb4,d1b382998
q1a73beb4,d1b362666
q1a73beb4,d1b35493a
q1a73931c,d1b3a6e42
q1a73931c,d1a739434
q1a73931c,d1b33347e
q1a73931c,d1b390c64
q1a73931c,d1b3211d4
q1a73931c,d1a731306
q1a73931c,d1b3a0ace
q1a73931c,d1b36177a
q1a73931c,d1b36d9f8
q1a73931c,d1b35de90
q1a71f282,d1a71f2f0
q1a71f282,d1b31dd7c
q1a71f282,d1b35f90c
q1a71f282,d1b3879b6
q1a71f282,d1b33a3fa
q1a71f282,d1b35a6c8
q1a71f282,d1b343e64
q1a71f282,d1b32c4da
q1a71f282,d1b366568
q1a71f282,d1b38abac
q1a721e9c,d1b368c82
q1a721e9c,d1b36f5aa
q1a721e9c,d1b3381ea
q1a721e9c,d1a721fa0
q1a721e9c,d1b351a3c
q1a721e9c,d1b2fd374
q1a721e9c,d1b336764
q1a721e9c,d1a73899e
q1a721e9c,d1b393298
q1a721e9c,d1b347398
q1a72b9b0,d1b2f9698
q1a72b9b0,d1b34a7be
q1a72b9b0,d1b305948
q1a72b9b0,d1b307338
q1a72b9b0,d1b33a026
q1a72b9b0,d1a72b258
q1a72b9b0,d1b351faa
q1a72b9b0,d1b2fe508
q1a72b9b0,d1b36ec4a
q1a72b9b0,d1b3168b0
q1a73951a,d1b328f2e
q1a73951a,d1b350c5e
q1a73951a,d1b39f8d6
q1a73951a,d1b30cb26
q1a73951a,d1b3bd4a8
q1a73951a,d1b38c1b4
q1a73951a,d1b356866
q1a73951a,d1b32441a
q1a73951a,d1b38242a
q1a73951a,d1b368e9e
q1a7121a4,d1b39cf00
q1a7121a4,d1a721654
q1a7121a4,d1a71b952
q1a7121a4,d1b2fff16
q1a7121a4,d1b39c942
q1a7121a4,d1a72b046
q1a7121a4,d1b2e707e
q1a7121a4,d1b3958ea
q1a7121a4,d1b35b1fe
q1a7121a4,d1b3abb86
q1a71870c,d1b34e72e
q1a71870c,d1b32441a
q1a71870c,d1b3238b2
q1a71870c,d1b362116
q1a71870c,d1b39624a
q1a71870c,d1b31fef6
q1a71870c,d1b3881ae
q1a71870c,d1b3950ac
q1a71870c,d1b2ef24c
q1a71870c,d1b39ee90
q1a714c74,d1b329dc0
q1a714c74,d1b321094
q1a714c74,d1b2fa908
q1a714c74,d1b2ecdee
q1a714c74,d1b313dcc
q1a714c74,d1b389496
q1a714c74,d1a714cd8
q1a714c74,d1b3a7c2a
q1a714c74,d1b31b73e
q1a714c74,d1b36a6ae
q1a719c24,d1b3689e4
q1a719c24,d1b2fcf50
q1a719c24,d1b349f26
q1a719c24,d1b2f1d3a
q1a719c24,d1b32309c
q1a719c24,d1b365320
q1a719c24,d1a7131e4
q1a719c24,d1b3c1bb6
q1a719c24,d1b369f60
q1a719c24,d1a737b0c
q1a7159e4,d1b3bbe96
q1a7159e4,d1b39a926
q1a7159e4,d1a715a70
q1a7159e4,d1b35fc90
q1a7159e4,d1b3357ce
q1a7159e4,d1b2e83de
q1a7159e4,d1b3182b4
q1a7159e4,d1b324906
q1a7159e4,d1b2eb8cc
q1a7159e4,d1b2e6d90
q1a713eaa,d1b34e18e
q1a713eaa,d1b3c874a
q1a713eaa,d1b355d9e
q1a713eaa,d1b344968
q1a713eaa,d1b338c9e
q1a713eaa,d1b2ec5ba
q1a713eaa,d1b2ebf84
q1a713eaa,d1b34d45a
q1a713eaa,d1b32cc6e
q1a713eaa,d1b38504e
q1a72bef6,d1b3489dc
q1a72bef6,d1b30252c
q1a72bef6,d1b33b3e0
q1a72bef6,d1b38cee8
q1a72bef6,d1a72bf32
q1a72bef6,d1b360230
q1a72bef6,d1b337c7c
q1a72bef6,d1b37b97c
q1a72bef6,d1a73f2c6
q1a72bef6,d1b36136a
q1a72ce28,d1a72cf18
q1a72ce28,d1b311a04
q1a72ce28,d1b32e6c2
q1a72ce28,d1b342488
q1a72ce28,d1a73e024
q1a72ce28,d1b30d418
q1a72ce28,d1b3ab398
q1a72ce28,d1b306456
q1a72ce28,d1b32b094
q1a72ce28,d1b3675c6
q1a73ff3c,d1b3b5ad2
q1a73ff3c,d1b3b14a0
q1a73ff3c,d1b33bb60
q1a73ff3c,d1b33f95e
q1a73ff3c,d1b33a846
q1a73ff3c,d1b353dd2
q1a73ff3c,d1b3b317e
q1a73ff3c,d1b340c28
q1a73ff3c,d1b39adae
q1a73ff3c,d1b372476
q1a722b44,d1a722c66
q1a722b44,d1b2fe26a
q1a722b44,d1b32c020
q1a722b44,d1b2e225e
q1a722b44,d1b33d726
q1a722b44,d1b3c50d6
q1a722b44,d1b3c5d24
q1a722b44,d1b379906
q1a722b44,d1b3925aa
q1a722b44,d1b3a4ff2
q1a71683a,d1a7169c0
q1a71683a,d1b3b0e1a
q1a71683a,d1b382074
q1a71683a,d1b362666
q1a71683a,d1b33207e
q1a71683a,d1b376b5c
q1a71683a,d1b382eac
q1a71683a,d1b37640e
q1a71683a,d1b3c0c84
q1a71683a,d1b341db2
q1a71a8cc,d1b39e774
q1a71a8cc,d1b342942
q1a71a8cc,d1b385a12
q1a71a8cc,d1b32d114
q1a71a8cc,d1b351974
q1a71a8cc,d1b3952fa
q1a71a8cc,d1b3a6d3e
q1a71a8cc,d1b39b79a
q1a71a8cc,d1b2f208c
q1a71a8cc,d1b338460
q1a712488,d1b332740
q1a712488,d1b2fb63c
q1a712488,d1b3a8f4e
q1a712488,d1b2e9ab8
q1a712488,d1b373268
q1a712488,d1b3881ae
q1a712488,d1b372840
q1a712488,d1a712532
q1a712488,d1b333ef6
q1a712488,d1b326a3a
q1a71968e,d1a719738
q1a71968e,d1a714224
q1a71968e,d1b370248
q1a71968e,d1b35c7a2
q1a71968e,d1b351262
q1a71968e,d1a71b272
q1a71968e,d1b375054
q1a71968e,d1b39417a
q1a71968e,d1b2fb4a2
q1a71968e,d1b3a9692
q1a720952,d1a720a88
q1a720952,d1b377ce6
q1a720952,d1b3505c4
q1a720952,d1b398cac
q1a720952,d1b3c4b36
q1a720952,d1b3b92ea
q1a720952,d1b3aefe8
q1a720952,d1b3bbe96
q1a720952,d1b2ea2ec
q1a720952,d1b3b5438
q1a725efc,d1b38464e
q1a725efc,d1b38a4a4
q1a725efc,d1b374794
q1a725efc,d1b37aaf4
q1a725efc,d1b35de90
q1a725efc,d1b33efcc
q1a725efc,d1a713428
q1a725efc,d1b32c98a
q1a725efc,d1b34fc64
q1a725efc,d1b351dca
q1a7253b2,d1b3aeb92
q1a7253b2,d1b328bdc
q1a7253b2,d1b324532
q1a7253b2,d1a72dc10
q1a7253b2,d1b347f1e
q1a7253b2,d1b38283a
q1a7253b2,d1a7255f6
q1a7253b2,d1b30ba96
q1a7253b2,d1b35ede0
q1a7253b2,d1b3967cc
q1a7126ae,d1a7127d0
q1a7126ae,d1b319ea2
q1a7126ae,d1b39c492
q1a7126ae,d1b378880
q1a7126ae,d1b34d946
q1a7126ae,d1a7138d8
q1a7126ae,d1b36b180
q1a7126ae,d1b378560
q1a7126ae,d1b38dd7a
q1a7126ae,d1b34d270
q1a7395a6,d1b3b7382
q1a7395a6,d1b3a81f2
q1a7395a6,d1a715854
q1a7395a6,d1b3c160c
q1a7395a6,d1b3780ba
q1a7395a6,d1a739632
q1a7395a6,d1b345656
q1a7395a6,d1b363dc2
q1a7395a6,d1b3b8660
q1a7395a6,d1b362116
q1a731eb4,d1b384572
q1a731eb4,d1b3453e0
q1a731eb4,d1b38c38a
q1a731eb4,d1a723a30
q1a731eb4,d1b3857ba
q1a731eb4,d1b3b2f94
q1a731eb4,d1b340df4
q1a731eb4,d1b391e34
q1a731eb4,d1b3c3c5e
q1a731eb4,d1b385eae
q1a73b9d2,d1a73ba68
q1a73b9d2,d1b358e2c
q1a73b9d2,d1b3a863e
q1a73b9d2,d1b3aefe8
q1a73b9d2,d1b353846
q1a73b9d2,d1b3c4b36
q1a73b9d2,d1b2ed03c
q1a73b9d2,d1b31f564
q1a73b9d2,d1b324d98
q1a73b9d2,d1b302c5c
q1a7198fa,d1b3008f8
q1a7198fa,d1b346902
q1a7198fa,d1b32e5be
q1a7198fa,d1b382c04
q1a7198fa,d1b360cc6
q1a7198fa,d1b3c2d68
q1a7198fa,d1b34bd44
q1a7198fa,d1b37a0d6
q1a7198fa,d1b33cb1e
q1a7198fa,d1b31c274
q1a72f7d6,d1a72f8c6
q1a72f7d6,d1b34cdfc
q1a72f7d6,d1b35eb9c
q1a72f7d6,d1b38224a
q1a72f7d6,d1b2e4c34
q1a72f7d6,d1b326f12
q1a72f7d6,d1a71f2f0
q1a72f7d6,d1b3061a4
q1a72f7d6,d1b3bacc6
q1a72f7d6,d1b3749c4
q1a71d46e,d1a71d5a4
q1a71d46e,d1b2eb41c
q1a71d46e,d1b340df4
q1a71d46e,d1b359b92
q1a71d46e,d1b343f54
q1a71d46e,d1b3aa632
q1a71d46e,d1b34b240
q1a71d46e,d1b333df2
q1a71d46e,d1b34c4ba
q1a71d46e,d1b36d52a
q1a71f6b0,d1b38a3e6
q1a71f6b0,d1b33e3f6
q1a71f6b0,d1b323c72
q1a71f6b0,d1b2f3a5e
q1a71f6b0,d1b389a04
q1a71f6b0,d1b30812a
q1a71f6b0,d1b35bc4e
q1a71f6b0,d1a738d04
q1a71f6b0,d1b35243c
q1a71f6b0,d1b3b2f94
q1a71a69c,d1b368c82
q1a71a69c,d1b3719ae
q1a71a69c,d1b351a3c
q1a71a69c,d1b347398
q1a71a69c,d1b333ef6
q1a71a69c,d1b3381ea
q1a71a69c,d1b393298
q1a71a69c,d1a73899e
q1a71a69c,d1a7166dc
q1a71a69c,d1b36f5aa
q1a73a38e,d1b2f364e
q1a73a38e,d1b370a72
q1a73a38e,d1b38a7ec
q1a73a38e,d1b358530
q1a73a38e,d1b36bd92
q1a73a38e,d1a714f9e
q1a73a38e,d1b3acef0
q1a73a38e,d1a73a424
q1a73a38e,d1b39fe30
q1a73a38e,d1b369218
q1a7195f8,d1a714224
q1a7195f8,d1a719738
q1a7195f8,d1b370248
q1a7195f8,d1b35fb64
q1a7195f8,d1b392d3e
q1a7195f8,d1b32624c
q1a7195f8,d1b3b92ea
q1a7195f8,d1b35f4b6
q1a7195f8,d1b36580c
q1a7195f8,d1b2fe95e
q1a71b13c,d1b3a0f92
q1a71b13c,d1b391a42
q1a71b13c,d1b3a9868
q1a71b13c,d1a734894
q1a71b13c,d1b34adcc
q1a71b13c,d1b3ba7a8
q1a71b13c,d1b36136a
q1a71b13c,d1b3c4d8e
q1a71b13c,d1b329a00
q1a71b13c,d1b3172c4
q1a729dc2,d1b389496
q1a729dc2,d1a726af0
q1a729dc2,d1b356758
q1a729dc2,d1b355ccc
q1a729dc2,d1a714cd8
q1a729dc2,d1b360230
q1a729dc2,d1b32360a
q1a729dc2,d1b330e7c
q1a729dc2,d1b3c7a70
q1a729dc2,d1b3bc0b2
q1a71fb2e,d1b387d08
q1a71fb2e,d1b3858e6
q1a71fb2e,d1a71fc46
q1a71fb2e,d1b31a1cc
q1a71fb2e,d1b365e2e
q1a71fb2e,d1b39ed82
q1a71fb2e,d1b37f428
q1a71fb2e,d1b2e5468
q1a71fb2e,d1b3a1e2e
q1a71fb2e,d1b39d9dc
q1a717e24,d1a717e60
q1a717e24,d1b369e02
q1a717e24,d1b3796e0
q1a717e24,d1b3c8998
q1a717e24,d1b38f4d6
q1a717e24,d1b36136a
q1a717e24,d1b30fc4a
q1a717e24,d1b3a9868
q1a717e24,d1b3b0334
q1a717e24,d1b32a2ac
q1a721f00,d1a721fa0
q1a721f00,d1b320608
q1a721f00,d1b386822
q1a721f00,d1a7210fa
q1a721f00,d1a72949e
q1a721f00,d1b3c1d96
q1a721f00,d1a73a852
q1a721f00,d1b3c1cba
q1a721f00,d1b3993d2
q1a721f00,d1b33eefa
q1a7418a0,d1a7419cc
q1a7418a0,d1b3a2ac2
q1a7418a0,d1b3c31be
q1a7418a0,d1b369c7c
q1a7418a0,d1b2e9cc0
q1a7418a0,d1b2e2d26
q1a7418a0,d1b2eb0de
q1a7418a0,d1b35493a
q1a7418a0,d1b387d08
q1a7418a0,d1b32c020
q1a718680,d1b34e72e
q1a718680,d1b32441a
q1a718680,d1b39624a
q1a718680,d1b39ee90
q1a718680,d1b362116
q1a718680,d1b31fef6
q1a718680,d1b3791b8
q1a718680,d1b37796c
q1a718680,d1b36b914
q1a718680,d1b36d3cc
q1a721f5a,d1b3757ac
q1a721f5a,d1b2e1e08
q1a721f5a,d1b3183d6
q1a721f5a,d1b32c020
q1a721f5a,d1b369c7c
q1a721f5a,d1b3a9782
q1a721f5a,d1b39ed82
q1a721f5a,d1b3b362e
q1a721f5a,d1b334aea
q1a721f5a,d1b388e88
q1a716416,d1a716452
q1a716416,d1b35fb64
q1a716416,d1b3ac356
q1a716416,d1b3c278c
q1a716416,d1b341b5a
q1a716416,d1b30240a
q1a716416,d1b3884d8
q1a716416,d1b364470
q1a716416,d1b2e819a
q1a716416,d1b36177a
q1a71c988,d1a71ca46
q1a71c988,d1b3c865a
q1a71c988,d1b369a38
q1a71c988,d1b369c7c
q1a71c988,d1b31a91a
q1a71c988,d1b311c48
q1a71c988,d1b2eb0de
q1a71c988,d1b3c47da
q1a71c988,d1b34bfec
q1a71c988,d1b3beb3c
q1a72958e,d1a7296ba
q1a72958e,d1b35acf4
q1a72958e,d1a717c44
q1a72958e,d1b33f274
q1a72958e,d1b33b75a
q1a72958e,d1b3061a4
q1a72958e,d1b315f0a
q1a72958e,d1a7138d8
q1a72958e,d1b3782ea
q1a72958e,d1b359e3a
q1a715728,d1a715854
q1a715728,d1b351faa
q1a715728,d1b336764
q1a715728,d1b34b52e
q1a715728,d1b375108
q1a715728,d1b2e8f00
q1a715728,d1b343752
q1a715728,d1b327606
q1a715728,d1b359084
q1a715728,d1b3a59ca
q1a71f73c,d1b36c6de
q1a71f73c,d1b30b5d2
q1a71f73c,d1b30b0a0
q1a71f73c,d1b3878a8
q1a71f73c,d1b32a568
q1a71f73c,d1b3a60dc
q1a71f73c,d1b316f0e
q1a71f73c,d1b2feb48
q1a71f73c,d1b303f6c
q1a71f73c,d1b30b4b0
q1a71efb2,d1b2e6d90
q1a71efb2,d1b30842c
q1a71efb2,d1b389496
q1a71efb2,d1b341db2
q1a71efb2,d1b3310c0
q1a71efb2,d1b375b44
q1a71efb2,d1b2f27da
q1a71efb2,d1b350f2e
q1a71efb2,d1b3bf28a
q1a71efb2,d1b371d0a
q1a72b226,d1b2ef3dc
q1a72b226,d1b38cee8
q1a72b226,d1b387d08
q1a72b226,d1b32c020
q1a72b226,d1a7419cc
q1a72b226,d1b369c7c
q1a72b226,d1b3bccba
q1a72b226,d1b304b42
q1a72b226,d1a722c66
q1a72b226,d1b35e70a
q1a716934,d1b3a8bde
q1a716934,d1a7369d2
q1a716934,d1b39dd06
q1a716934,d1b3bf6e0
q1a716934,d1b3a079a
q1a716934,d1b3b762a
q1a716934,d1b34a6a6
q1a716934,d1b2edfd2
q1a716934,d1b373862
q1a716934,d1b385eae
q1a73d5c0,d1a73d6ec
q1a73d5c0,d1a7362fc
q1a73d5c0,d1b39f78c
q1a73d5c0,d1b329e9c
q1a73d5c0,d1b3507e0
q1a73d5c0,d1b356974
q1a73d5c0,d1b32d114
q1a73d5c0,d1b30d954
q1a73d5c0,d1b3795dc
q1a73d5c0,d1b315bcc
q1a72a2fe,d1b36e088
q1a72a2fe,d1b371d0a
q1a72a2fe,d1b317dd2
q1a72a2fe,d1b390d90
q1a72a2fe,d1b3c0eaa
q1a72a2fe,d1b3c11c0
q1a72a2fe,d1b326d46
q1a72a2fe,d1b3c36a0
q1a72a2fe,d1b2fa4da
q1a72a2fe,d1b2ff9bc
q1a721550,d1b3c32cc
q1a721550,d1b366658
q1a721550,d1b38b71e
q1a721550,d1b351262
q1a721550,d1b2f0156
q1a721550,d1b32e6c2
q1a721550,d1b3a38e6
q1a721550,d1b3aed54
q1a721550,d1b363b10
q1a721550,d1b3ac11c
q1a73406a,d1b37cc46
q1a73406a,d1b36eb0a
q1a73406a,d1b301744
q1a73406a,d1b2f23f2
q1a73406a,d1b2f7fd2
q1a73406a,d1b30cca2
q1a73406a,d1a71aebc
q1a73406a,d1b3b91b4
q1a73406a,d1a7340d8
q1a73406a,d1b3b0fd2
q1a73edf8,d1b2ef3dc
q1a73edf8,d1b387d08
q1a73edf8,d1b369c7c
q1a73edf8,d1b37f0ae
q1a73edf8,d1b32c020
q1a73edf8,d1b37b0da
q1a73edf8,d1b305416
q1a73edf8,d1b3408c2
q1a73edf8,d1a73ee34
q1a73edf8,d1b36375a
q1a720074,d1a7200d8
q1a720074,d1b377142
q1a720074,d1b3b14a0
q1a720074,d1b383708
q1a720074,d1b2e63f4
q1a720074,d1b3a6fa0
q1a720074,d1b371d0a
q1a720074,d1b3558a8
q1a720074,d1b3a2e78
q1a720074,d1b369c7c
q1a729822,d1b336d72
q1a729822,d1b35eeda
q1a729822,d1b3711d4
q1a729822,d1a72991c
q1a729822,d1b3a042a
q1a729822,d1b38772c
q1a729822,d1b3b553c
q1a729822,d1b3c4514
q1a729822,d1b39c6ea
q1a729822,d1b32f14e
q1a724386,d1b32a2ac
q1a724386,d1b33ddac
q1a724386,d1b2ecc5e
q1a724386,d1b346902
q1a724386,d1b3441a2
q1a724386,d1b386e80
q1a724386,d1b303a08
q1a724386,d1b38257e
q1a724386,d1b2fcf50
q1a724386,d1a72949e
q1a721cf8,d1b371ef4
q1a721cf8,d1b367b34
q1a721cf8,d1b371d0a
q1a721cf8,d1b2e63f4
q1a721cf8,d1b329e9c
q1a721cf8,d1b3254a0
q1a721cf8,d1a721d34
q1a721cf8,d1b31a1cc
q1a721cf8,d1b2ff73c
q1a721cf8,d1b310dde
q1a7351f4,d1b3a8756
q1a7351f4,d1a735294
q1a7351f4,d1b3c0eaa
q1a7351f4,d1b344968
q1a7351f4,d1b2f345a
q1a7351f4,d1a71fa20
q1a7351f4,d1b3970fa
q1a7351f4,d1b315a5a
q1a7351f4,d1a73cf94
q1a7351f4,d1b342b5e
q1a71e134,d1b36fa96
q1a71e134,d1b37a0d6
q1a71e134,d1b367b34
q1a71e134,d1b34bd44
q1a71e134,d1b36d638
q1a71e134,d1b371ef4
q1a71e134,d1b3a8756
q1a71e134,d1b33cb1e
q1a71e134,d1a72c19e
q1a71e134,d1b371d0a
q1a73d624,d1b3630ca
q1a73d624,d1b3b4394
q1a73d624,d1b389ca2
q1a73d624,d1b344968
q1a73d624,d1b346f9c
q1a73d624,d1b373f4c
q1a73d624,d1b334e28
q1a73d624,d1b333fe6
q1a73d624,d1b3a3652
q1a73d624,d1b3970fa
q1a7316bc,d1a731748
q1a7316bc,d1b342c1c
q1a7316bc,d1a71e79c
q1a7316bc,d1b361f86
q1a7316bc,d1b375932
q1a7316bc,d1b3a38e6
q1a7316bc,d1b308828
q1a7316bc,d1b37866e
q1a7316bc,d1b35de90
q1a7316bc,d1a7177a8
q1a72a6e6,d1b3b641e
q1a72a6e6,d1a72a812
q1a72a6e6,d1b3c1508
q1a72a6e6,d1b3558a8
q1a72a6e6,d1b30d954
q1a72a6e6,d1b2f5688
q1a72a6e6,d1b3b5f14
q1a72a6e6,d1b3c1d96
q1a72a6e6,d1b376fda
q1a72a6e6,d1b34bc0e
q1a734cf4,d1a734e2a
q1a734cf4,d1b3a520e
q1a734cf4,d1b3b229c
q1a734cf4,d1b3ab168
q1a734cf4,d1b377e58
q1a734cf4,d1b364a7e
q1a734cf4,d1b38c9f2
q1a734cf4,d1b3402dc
q1a734cf4,d1a719184
q1a734cf4,d1b3abe92
q1a7295ca,d1a7296ba
q1a7295ca,d1b30cca2
q1a7295ca,d1b35de90
q1a7295ca,d1b2f066a
q1a7295ca,d1b3578f6
q1a7295ca,d1b3061a4
q1a7295ca,d1b310168
q1a7295ca,d1b346902
q1a7295ca,d1b300d1c
q1a7295ca,d1b2fa340
q1a73cf44,d1b369c7c
q1a73cf44,d1b388e88
q1a73cf44,d1b35493a
q1a73cf44,d1b325d42
q1a73cf44,d1b2e63f4
q1a73cf44,d1b37442e
q1a73cf44,d1b338c9e
q1a73cf44,d1b32a07c
q1a73cf44,d1b39cd20
q1a73cf44,d1b3150c8
q1a72650a,d1a716c9a
q1a72650a,d1b2f6042
q1a72650a,d1a7118d0
q1a72650a,d1b3a407a
q1a72650a,d1b2f381a
q1a72650a,d1b3991d4
q1a72650a,d1a71a278
q1a72650a,d1b3babf4
q1a72650a,d1b32f496
q1a72650a,d1b366ad6
q1a73f1f4,d1b399e36
q1a73f1f4,d1b324ffa
q1a73f1f4,d1b371d0a
q1a73f1f4,d1b33a846
q1a73f1f4,d1b3a0f92
q1a73f1f4,d1b32baee
q1a73f1f4,d1b32360a
q1a73f1f4,d1a73f2c6
q1a73f1f4,d1b391a42
q1a73f1f4,d1b3bbd7e
q1a7157be,d1a715854
q1a7157be,d1a740c66
q1a7157be,d1b32dce0
q1a7157be,d1a738034
q1a7157be,d1b363dc2
q1a7157be,d1b3780ba
q1a7157be,d1b3b8660
q1a7157be,d1b37c246
q1a7157be,d1b343752
q1a7157be,d1b395822
q1a72e520,d1a71d82e
q1a72e520,d1a72e818
q1a72e520,d1b3b82e6
q1a72e520,d1b3b0226
q1a72e520,d1b38b0de
q1a72e520,d1b3967cc
q1a72e520,d1a71a278
q1a72e520,d1b3af434
q1a72e520,d1b38ba70
q1a72e520,d1b39ff66
q1a727ce8,d1b3900e8
q1a727ce8,d1a727e1e
q1a727ce8,d1b355ee8
q1a727ce8,d1b2fd234
q1a727ce8,d1b356de8
q1a727ce8,d1b2f2a1e
q1a727ce8,d1b347744
q1a727ce8,d1b329b9a
q1a727ce8,d1b3af5a6
q1a727ce8,d1b2ec434
q1a739150,d1b3aa24a
q1a739150,d1a73920e
q1a739150,d1b34baf6
q1a739150,d1b35e62e
q1a739150,d1b3457fa
q1a739150,d1a734614
q1a739150,d1b37eaf0
q1a739150,d1b34159c
q1a739150,d1b3a3364
q1a739150,d1b304548
q1a734d4e,d1b325d42
q1a734d4e,d1b382eac
q1a734d4e,d1b32cade
q1a734d4e,d1b380d82
q1a734d4e,d1b35cb8a
q1a734d4e,d1b3c0c84
q1a734d4e,d1b3805b2
q1a734d4e,d1b30a394
q1a734d4e,d1b3a8bde
q1a734d4e,d1b39dd06
q1a711baa,d1b2f1d3a
q1a711baa,d1b3418d0
q1a711baa,d1b365320
q1a711baa,d1a7131e4
q1a711baa,d1b369f60
q1a711baa,d1b2e4c34
q1a711baa,d1b391236
q1a711baa,d1b35de90
q1a711baa,d1b391e34
q1a711baa,d1b34f3a4
q1a728b5c,d1b3bc0b2
q1a728b5c,d1b38db72
q1a728b5c,d1a734aec
q1a728b5c,d1b35ede0
q1a728b5c,d1b3b0712
q1a728b5c,d1b32c61a
q1a728b5c,d1b34706e
q1a728b5c,d1b2ff9bc
q1a728b5c,d1b337970
q1a728b5c,d1b365e2e
q1a714440,d1a71456c
q1a714440,d1a72b474
q1a714440,d1b3692cc
q1a714440,d1b3a38e6
q1a714440,d1b3b641e
q1a714440,d1b3b6d7e
q1a714440,d1b3c4fb4
q1a714440,d1b3507e0
q1a714440,d1b305c90
q1a714440,d1b3bdf66
q1a71d554,d1b32c020
q1a71d554,d1b362436
q1a71d554,d1b344bb6
q1a71d554,d1b31dae8
q1a71d554,d1b3c460e
q1a71d554,d1b33b534
q1a71d554,d1a712532
q1a71d554,d1b317dd2
q1a71d554,d1b332740
q1a71d554,d1b3c11c0
q1a73690a,d1b3504c0
q1a73690a,d1b2e5f26
q1a73690a,d1b3a6672
q1a73690a,d1b35fb64
q1a73690a,d1b32c61a
q1a73690a,d1b34706e
q1a73690a,d1b3bc35a
q1a73690a,d1b3bddc2
q1a73690a,d1a7210fa
q1a73690a,d1b36eb0a
q1a713784,d1b379f64
q1a713784,d1a7138d8
q1a713784,d1a7270c2
q1a713784,d1b389392
q1a713784,d1b2e7bb4
q1a713784,d1b327aa2
q1a713784,d1b380a62
q1a713784,d1b39bccc
q1a713784,d1b32e28a
q1a713784,d1b31b2e8
q1a71a958,d1b33a3fa
q1a71a958,d1b369c7c
q1a71a958,d1b3a1794
q1a71a958,d1b36d638
q1a71a958,d1b388e88
q1a71a958,d1b321f3a
q1a71a958,d1b3495da
q1a71a958,d1b377142
q1a71a958,d1b3c6a8a
q1a71a958,d1b3a7932
q1a73a334,d1b2f364e
q1a73a334,d1b358530
q1a73a334,d1b38a7ec
q1a73a334,d1b370a72
q1a73a334,d1a714f9e
q1a73a334,d1b36bd92
q1a73a334,d1a727810
q1a73a334,d1b3a863e
q1a73a334,d1b2ea8fa
q1a73a334,d1b32cf84
q1a71546c,d1a7290b6
q1a71546c,d1b34e72e
q1a71546c,d1b39d4aa
q1a71546c,d1b34e29c
q1a71546c,d1b37188c
q1a71546c,d1b33dec4
q1a71546c,d1b3791b8
q1a71546c,d1b37796c
q1a71546c,d1b365a78
q1a71546c,d1b36de6c
q1a72a4b6,d1a72a5d8
q1a72a4b6,d1b3000ba
q1a72a4b6,d1b3304fe
q1a72a4b6,d1b351faa
q1a72a4b6,d1b362116
q1a72a4b6,d1b3105c8
q1a72a4b6,d1b39cf00
q1a72a4b6,d1b3a02e0
q1a72a4b6,d1b3ad774
q1a72a4b6,d1a7210fa
q1a73cc7e,d1a73ccc4
q1a73cc7e,d1b34b52e
q1a73cc7e,d1b31bec8
q1a73cc7e,d1b38d4ec
q1a73cc7e,d1b3006dc
q1a73cc7e,d1b3403d6
q1a73cc7e,d1b359084
q1a73cc7e,d1b3ac22a
q1a73cc7e,d1b34a034
q1a73cc7e,d1b317dd2
q1a7141b6,d1a714224
q1a7141b6,d1a719738
q1a7141b6,d1b362436
q1a7141b6,d1b3bf28a
q1a7141b6,d1b3c460e
q1a7141b6,d1b3202c0
q1a7141b6,d1a726af0
q1a7141b6,d1b355ccc
q1a7141b6,d1b36e088
q1a7141b6,d1b356758
q1a728364,d1b3af8f8
q1a728364,d1a7283d2
q1a728364,d1a72e818
q1a728364,d1b3af434
q1a728364,d1b37dea2
q1a728364,d1b382cea
q1a728364,d1b32ab9e
q1a728364,d1b321580
q1a728364,d1b3967cc
q1a728364,d1b361b12
q1a714738,d1b2e766e
q1a714738,d1a71479c
q1a714738,d1b380d82
q1a714738,d1b3ae62e
q1a714738,d1b366ad6
q1a714738,d1a723c42
q1a714738,d1b359674
q1a714738,d1b33ae9a
q1a714738,d1b3259b4
q1a714738,d1b35aae2
q1a72c0ea,d1b3abcb2
q1a72c0ea,d1b35b7bc
q1a72c0ea,d1b31137e
q1a72c0ea,d1b3a9a7a
q1a72c0ea,d1b36fa96
q1a72c0ea,d1a72c19e
q1a72c0ea,d1b3a9174
q1a72c0ea,d1b3a7932
q1a72c0ea,d1b388e88
q1a72c0ea,d1a71e1e8
q1a73e628,d1b3c5fe0
q1a73e628,d1a72d184
q1a73e628,d1a736f40
q1a73e628,d1b366568
q1a73e628,d1b3bf28a
q1a73e628,d1a73e6aa
q1a73e628,d1b35c7a2
q1a73e628,d1b3c11c0
q1a73e628,d1b36c206
q1a73e628,d1b2ff9bc
q1a73433a,d1a734402
q1a73433a,d1b3ba7a8
q1a73433a,d1a72f8c6
q1a73433a,d1b36f4e2
q1a73433a,d1b38224a
q1a73433a,d1b30c9a0
q1a73433a,d1a72bf32
q1a73433a,d1b337c7c
q1a73433a,d1b2e225e
q1a73433a,d1b3172c4
q1a737a4e,d1b3ba7a8
q1a737a4e,d1a72bf32
q1a737a4e,d1b2e225e
q1a737a4e,d1b2e4072
q1a737a4e,d1b302856
q1a737a4e,d1b373e48
q1a737a4e,d1b3a812a
q1a737a4e,d1b399d28
q1a737a4e,d1b3affd8
q1a737a4e,d1b38716e
q1a731504,d1b2e225e
q1a731504,d1b35b7bc
q1a731504,d1b33a3fa
q1a731504,d1b30df3a
q1a731504,d1b3495da
q1a731504,d1b371d0a
q1a731504,d1b35493a
q1a731504,d1b3aac4a
q1a731504,d1b3bdaa2
q1a731504,d1b390fa2
q1a73ce90,d1b3bdaa2
q1a73ce90,d1b369c7c
q1a73ce90,d1b3a7ae0
q1a73ce90,d1b39b09c
q1a73ce90,d1b35752c
q1a73ce90,d1b314a74
q1a73ce90,d1b35493a
q1a73ce90,d1b38fc38
q1a73ce90,d1b32a07c
q1a73ce90,d1b33f274
q1a71cb72,d1a71cca8
q1a71cb72,d1b3bc1a2
q1a71cb72,d1b331e12
q1a71cb72,d1b34288e
q1a71cb72,d1b33ba66
q1a71cb72,d1b2e6d90
q1a71cb72,d1a740f04
q1a71cb72,d1b3aeb92
q1a71cb72,d1b389b4e
q1a71cb72,d1b3b3cbe
q1a73e34e,d1b36a532
q1a73e34e,d1b327b92
q1a73e34e,d1b338e56
q1a73e34e,d1b355ee8
q1a73e34e,d1a73e402
q1a73e34e,d1b33ddac
q1a73e34e,d1b362436
q1a73e34e,d1b33a3fa
q1a73e34e,d1b332efc
q1a73e34e,d1b3b69d2
q1a72775c,d1b352572
q1a72775c,d1b315bcc
q1a72775c,d1a727810
q1a72775c,d1b369218
q1a72775c,d1b337c7c
q1a72775c,d1b3492f6
q1a72775c,d1b352f68
q1a72775c,d1b375054
q1a72775c,d1b393bb2
q1a72775c,d1b3b4c2c
q1a7223d8,d1b3c5a04
q1a7223d8,d1b3c77f0
q1a7223d8,d1b31b2e8
q1a7223d8,d1b3310c0
q1a7223d8,d1b3a31ca
q1a7223d8,d1b327aa2
q1a7223d8,d1b2f65ce
q1a7223d8,d1a7138d8
q1a7223d8,d1b33db86
q1a7223d8,d1b3782ea
q1a729a20,d1a729b42
q1a729a20,d1b34da5e
q1a729a20,d1b33319a
q1a729a20,d1a731540
q1a729a20,d1b357e96
q1a729a20,d1b3a1e2e
q1a729a20,d1b303a08
q1a729a20,d1b388e88
q1a729a20,d1b2e67a0
q1a729a20,d1b30f236
q1a73709e,d1b313dcc
q1a73709e,d1b369a38
q1a73709e,d1a71dd10
q1a73709e,d1b3710bc
q1a73709e,d1a73715c
q1a73709e,d1a72e1ec
q1a73709e,d1b3a7c2a
q1a73709e,d1b389496
q1a73709e,d1b36b180
q1a73709e,d1b3a79e6
q1a728080,d1a728170
q1a728080,d1a72df58
q1a728080,d1b348cde
q1a728080,d1b37543c
q1a728080,d1b344ce2
q1a728080,d1b3c8362
q1a728080,d1b37bee0
q1a728080,d1b36279c
q1a728080,d1b314178
q1a728080,d1b3b0d3e
q1a72b9d8,d1a72ba82
q1a72b9d8,d1b2f9698
q1a72b9d8,d1b383190
q1a72b9d8,d1b326724
q1a72b9d8,d1b36ae1a
q1a72b9d8,d1b37336c
q1a72b9d8,d1b307b12
q1a72b9d8,d1b350f2e
q1a72b9d8,d1b3061a4
q1a72b9d8,d1b391948
q1a734312,d1b2e707e
q1a734312,d1b33126e
q1a734312,d1b3c4d8e
q1a734312,d1b37e578
q1a734312,d1a734402
q1a734312,d1a736f40
q1a734312,d1a722a18
q1a734312,d1b366568
q1a734312,d1a73f2c6
q1a734312,d1b35e70a
q1a711484,d1b39034a
q1a711484,d1b39d180
q1a711484,d1a711510
q1a711484,d1b38e658
q1a711484,d1b36474a
q1a711484,d1b39a1ec
q1a711484,d1a741bd4
q1a711484,d1b3c5e96
q1a711484,d1b356622
q1a711484,d1b36ed08
q1a715d5e,d1b3a8bde
q1a715d5e,d1b2edfd2
q1a715d5e,d1b325d42
q1a715d5e,d1b377e58
q1a715d5e,d1b385eae
q1a715d5e,d1a73bfc2
q1a715d5e,d1b382074
q1a715d5e,d1b3c52c0
q1a715d5e,d1b2fb2f4
q1a715d5e,d1b38eae0
q1a72a02e,d1b3a2ac2
q1a72a02e,d1a72a0ce
q1a72a02e,d1b32d7cc
q1a72a02e,d1b3b353e
q1a72a02e,d1b34a598
q1a72a02e,d1b32bf12
q1a72a02e,d1a7419cc
q1a72a02e,d1b306aa0
q1a72a02e,d1b33126e
q1a72a02e,d1a7289ae
q1a7308c0,d1a7309a6
q1a7308c0,d1b3a1e2e
q1a7308c0,d1b2f2c94
q1a7308c0,d1a725d26
q1a7308c0,d1b30f236
q1a7308c0,d1b375054
q1a7308c0,d1b2e50e4
q1a7308c0,d1b3278c2
q1a7308c0,d1b360230
q1a7308c0,d1b38a288
q1a72b3e8,d1b36f1c2
q1a72b3e8,d1b3849b4
q1a72b3e8,d1a72b474
q1a72b3e8,d1b3881ae
q1a72b3e8,d1b373268
q1a72b3e8,d1b3795dc
q1a72b3e8,d1b3bd318
q1a72b3e8,d1b372840
q1a72b3e8,d1b350b3c
q1a72b3e8,d1b399e36
q1a7330d4,d1a732a94
q1a7330d4,d1b32bcd8
q1a7330d4,d1b31fb54
q1a7330d4,d1b392492
q1a7330d4,d1b3b308e
q1a7330d4,d1b327fa2
q1a7330d4,d1b32ff9a
q1a7330d4,d1b3bb072
q1a7330d4,d1b3201e4
q1a7330d4,d1b3b16d0
q1a73b7b6,d1b360cc6
q1a73b7b6,d1b382c04
q1a73b7b6,d1b39abf6
q1a73b7b6,d1b330f9e
q1a73b7b6,d1b34d766
q1a73b7b6,d1b31ae60
q1a73b7b6,d1b38283a
q1a73b7b6,d1b2ef3dc
q1a73b7b6,d1b387d08
q1a73b7b6,d1b2f751e
q1a71da18,d1a71da5e
q1a71da18,d1a73f2c6
q1a71da18,d1b3a9868
q1a71da18,d1b337c7c
q1a71da18,d1b3a7ef0
q1a71da18,d1b34d356
q1a71da18,d1b3c4d8e
q1a71da18,d1b36136a
q1a71da18,d1b38224a
q1a71da18,d1b3278c2
q1a73ca08,d1a73ca80
q1a73ca08,d1b342b5e
q1a73ca08,d1b38ed06
q1a73ca08,d1b347866
q1a73ca08,d1b36d638
q1a73ca08,d1b301456
q1a73ca08,d1b30b5d2
q1a73ca08,d1b34c4ba
q1a73ca08,d1b35de90
q1a73ca08,d1b34fc64
q1a73c9ae,d1a73ca80
q1a73c9ae,d1b342b5e
q1a73c9ae,d1b301456
q1a73c9ae,d1b351262
q1a73c9ae,d1b33856e
q1a73c9ae,d1b374e60
q1a73c9ae,d1b30c658
q1a73c9ae,d1b3300b2
q1a73c9ae,d1b35de90
q1a73c9ae,d1b38ed06
q1a73ac94,d1b35f9d4
q1a73ac94,d1b2e55ee
q1a73ac94,d1a741bd4
q1a73ac94,d1b36ed08
q1a73ac94,d1b3aa1a0
q1a73ac94,d1b356622
q1a73ac94,d1b39034a
q1a73ac94,d1b3a59ca
q1a73ac94,d1b37e47e
q1a73ac94,d1b375108
q1a7206dc,d1a72083a
q1a7206dc,d1a73ab0e
q1a7206dc,d1b3890d6
q1a7206dc,d1b33472a
q1a7206dc,d1b3c19d6
q1a7206dc,d1b3188ea
q1a7206dc,d1b347b86
q1a7206dc,d1b36abc2
q1a7206dc,d1b321b70
q1a7206dc,d1b361a04
q1a720484,d1b37a0d6
q1a720484,d1b36d638
q1a720484,d1b2f9a8a
q1a720484,d1b36fa96
q1a720484,d1b3a9174
q1a720484,d1b37a252
q1a720484,d1b32eb86
q1a720484,d1b367b34
q1a720484,d1b323290
q1a720484,d1b3a3490
q1a73ba22,d1b39d34c
q1a73ba22,d1b2f4418
q1a73ba22,d1b34e18e
q1a73ba22,d1b3813b8
q1a73ba22,d1b336fb6
q1a73ba22,d1b3c874a
q1a73ba22,d1b344968
q1a73ba22,d1b364542
q1a73ba22,d1b3b2ad0
q1a73ba22,d1b3c4b36
q1a730b04,d1b3c41c2
q1a730b04,d1a7326f2
q1a730b04,d1b324168
q1a730b04,d1b3a2fb8
q1a730b04,d1b34a7be
q1a730b04,d1a72a5d8
q1a730b04,d1b2f9698
q1a730b04,d1b38fc38
q1a730b04,d1b326936
q1a730b04,d1b36a1e0
q1a737616,d1a7376e8
q1a737616,d1b36279c
q1a737616,d1b39d270
q1a737616,d1b391e34
q1a737616,d1b3061a4
q1a737616,d1b3c0a5e
q1a737616,d1b368e9e
q1a737616,d1b3c492e
q1a737616,d1b3ab668
q1a737616,d1b333b86
q1a739d44,d1a73ccc4
q1a739d44,d1a7138d8
q1a739d44,d1b31c0c6
q1a739d44,d1b33ba66
q1a739d44,d1b389392
q1a739d44,d1b3c5a04
q1a739d44,d1a739e3e
q1a739d44,d1b378880
q1a739d44,d1b34d946
q1a739d44,d1b32b986
q1a740b6c,d1b33959a
q1a740b6c,d1a71e1e8
q1a740b6c,d1b35b7bc
q1a740b6c,d1b31137e
q1a740b6c,d1b371d0a
q1a740b6c,d1b3a7932
q1a740b6c,d1b32441a
q1a740b6c,d1b338bcc
q1a740b6c,d1b3c0eaa
q1a740b6c,d1b36fa96
q1a73d0ac,d1b309750
q1a73d0ac,d1b3a52c2
q1a73d0ac,d1b3a3490
q1a73d0ac,d1a719972
q1a73d0ac,d1b318b92
q1a73d0ac,d1b34bd44
q1a73d0ac,d1b31c274
q1a73d0ac,d1b346902
q1a73d0ac,d1b2ee798
q1a73d0ac,d1b32eb86
q1a73e2f4,d1b355ee8
q1a73e2f4,d1a73e402
q1a73e2f4,d1b3c1ada
q1a73e2f4,d1b3c865a
q1a73e2f4,d1b36a532
q1a73e2f4,d1a71a4e4
q1a73e2f4,d1b2f5e76
q1a73e2f4,d1b2fda22
q1a73e2f4,d1b33a3fa
q1a73e2f4,d1b338e56
q1a729d04,d1b32a2ac
q1a729d04,d1b33ddac
q1a729d04,d1b2ecc5e
q1a729d04,d1b346902
q1a729d04,d1b3441a2
q1a729d04,d1b386e80
q1a729d04,d1b303a08
q1a729d04,d1b38257e
q1a729d04,d1b2fcf50
q1a729d04,d1a72949e
q1a71a6c4,d1b388e88
q1a71a6c4,d1b3183d6
q1a71a6c4,d1b39ed82
q1a71a6c4,d1b3b362e
q1a71a6c4,d1b37a0d6
q1a71a6c4,d1b2e1e08
q1a71a6c4,d1b3a9782
q1a71a6c4,d1b351a3c
q1a71a6c4,d1b371d0a
q1a71a6c4,d1a71c082
q1a741634,d1a741756
q1a741634,d1b3c7c0a
q1a741634,d1b3947f6
q1a741634,d1b336c6e
q1a741634,d1b34d45a
q1a741634,d1b3ad8aa
q1a741634,d1b385a12
q1a741634,d1b36065e
q1a741634,d1b391b6e
q1a741634,d1b35c9dc
q1a72219e,d1a722a18
q1a72219e,d1a722202
q1a72219e,d1b36b5ae
q1a72219e,d1a73b248
q1a72219e,d1b354d0e
q1a72219e,d1b30fc4a
q1a72219e,d1b38bf5c
q1a72219e,d1b34d356
q1a72219e,d1b386b1a
q1a72219e,d1b35ea48
q1a7297f0,d1a72991c
q1a7297f0,d1a72a5d8
q1a7297f0,d1b39d888
q1a7297f0,d1b3a9dd6
q1a7297f0,d1b3c230e
q1a7297f0,d1b36c3be
q1a7297f0,d1b2fd72a
q1a7297f0,d1a726d7a
q1a7297f0,d1b34fe9e
q1a7297f0,d1b363c1e
q1a71dcc0,d1b321094
q1a71dcc0,d1b39336a
q1a71dcc0,d1b369a38
q1a71dcc0,d1b30edb8
q1a71dcc0,d1a71dd10
q1a71dcc0,d1b3a1e2e
q1a71dcc0,d1b350100
q1a71dcc0,d1a731ff4
q1a71dcc0,d1b37bc24
q1a71dcc0,d1b37f0ae
q1a73d0de,d1a73d19c
q1a73d0de,d1b329e9c
q1a73d0de,d1a721d34
q1a73d0de,d1b37a252
q1a73d0de,d1b3994cc
q1a73d0de,d1b30eaca
q1a73d0de,d1b30e78c
q1a73d0de,d1b3a9174
q1a73d0de,d1b310dde
q1a73d0de,d1b313eda
q1a71e440,d1b32002c
q1a71e440,d1b385396
q1a71e440,d1b359f5c
q1a71e440,d1b3c5540
q1a71e440,d1b362436
q1a71e440,d1a71e47c
q1a71e440,d1b3b7e86
q1a71e440,d1b3795dc
q1a71e440,d1b3b308e
q1a71e440,d1b37c6ce
q1a7272de,d1a72740a
q1a7272de,d1b370c02
q1a7272de,d1b33dc58
q1a7272de,d1b329e9c
q1a7272de,d1b3a3490
q1a7272de,d1b3ad616
q1a7272de,d1b3239fc
q1a7272de,d1b3507e0
q1a7272de,d1b31c274
q1a7272de,d1b362116
q1a73cc4c,d1a73ccc4
q1a73cc4c,d1b34b52e
q1a73cc4c,d1b2e9ab8
q1a73cc4c,d1b31bec8
q1a73cc4c,d1b359084
q1a73cc4c,d1b3c6a8a
q1a73cc4c,d1a73f564
q1a73cc4c,d1b3403d6
q1a73cc4c,d1b38d4ec
q1a73cc4c,d1b2fb4a2
q1a72bca8,d1b369c7c
q1a72bca8,d1a72bce4
q1a72bca8,d1b3bb180
q1a72bca8,d1b3beb3c
q1a72bca8,d1b349b3e
q1a72bca8,d1a722c66
q1a72bca8,d1b2ef3dc
q1a72bca8,d1b3a197e
q1a72bca8,d1b2f2c94
q1a72bca8,d1b2fa7be
q1a73e934,d1b34befc
q1a73e934,d1b3c11c0
q1a73e934,d1b35a416
q1a73e934,d1b334c52
q1a73e934,d1b38aa08
q1a73e934,d1b373268
q1a73e934,d1b39e3fa
q1a73e934,d1b3ac770
q1a73e934,d1b360794
q1a73e934,d1b342b5e
q1a7246d8,d1b35d6b6
q1a7246d8,d1b338460
q1a7246d8,d1a718d56
q1a7246d8,d1b32ff9a
q1a7246d8,d1b2f1524
q1a7246d8,d1b385a12
q1a7246d8,d1b35c0d6
q1a7246d8,d1b37221e
q1a7246d8,d1b313bc4
q1a7246d8,d1b3a0556
q1a717d3e,d1a717e60
q1a717d3e,d1b31bba8
q1a717d3e,d1b32a2ac
q1a717d3e,d1a71a016
q1a717d3e,d1a732a94
q1a717d3e,d1b3b0334
q1a717d3e,d1b30e5d4
q1a717d3e,d1b3c3a38
q1a717d3e,d1b3afaba
q1a717d3e,d1b35be06
q1a719f12,d1a71a016
q1a719f12,d1b337650
q1a719f12,d1b3a9a7a
q1a719f12,d1a732a94
q1a719f12,d1b362b70
q1a719f12,d1b3611a8
q1a719f12,d1b3b2760
q1a719f12,d1a71f7d2
q1a719f12,d1b31bba8
q1a719f12,d1b2f0886
q1a737120,d1b375054
q1a737120,d1a725d26
q1a737120,d1b2ef3dc
q1a737120,d1b33599a
q1a737120,d1b369c7c
q1a737120,d1b387d08
q1a737120,d1b3bae6a
q1a737120,d1b32c020
q1a737120,d1a722c66
q1a737120,d1b389496
q1a728544,d1b3b97e0
q1a728544,d1a7285e4
q1a728544,d1b3135ca
q1a728544,d1b2e2632
q1a728544,d1b38fe7c
q1a728544,d1b37e47e
q1a728544,d1b2f72a8
q1a728544,d1b2e87c6
q1a728544,d1b35f9d4
q1a728544,d1b3aa1a0
q1a7239cc,d1a723a30
q1a7239cc,d1a726af0
q1a7239cc,d1b3a7ef0
q1a7239cc,d1b35a6c8
q1a7239cc,d1b31d46c
q1a7239cc,d1b3c8146
q1a7239cc,d1b3b5320
q1a7239cc,d1b3bccba
q1a7239cc,d1b330e7c
q1a7239cc,d1a727b8a
q1a728896,d1a7289ae
q1a728896,d1b38a288
q1a728896,d1b32d2b8
q1a728896,d1a7309a6
q1a728896,d1b3a1e2e
q1a728896,d1b3aeca0
q1a728896,d1a726af0
q1a728896,d1b32360a
q1a728896,d1b337970
q1a728896,d1b365e2e
q1a73db1a,d1a73dc6e
q1a73db1a,d1b342e92
q1a73db1a,d1b3278c2
q1a73db1a,d1b312dd2
q1a73db1a,d1b357d56
q1a73db1a,d1b3aeeda
q1a73db1a,d1b391722
q1a73db1a,d1a72cac2
q1a73db1a,d1b3b0334
q1a73db1a,d1b33347e
q1a72cc70,d1b2f4418
q1a72cc70,d1b3a2e78
q1a72cc70,d1b3278c2
q1a72cc70,d1b39d34c
q1a72cc70,d1b38ccb8
q1a72cc70,d1b36398a
q1a72cc70,d1b36a1e0
q1a72cc70,d1b31297c
q1a72cc70,d1b2e225e
q1a72cc70,d1b303e86
q1a717da2,d1b31bba8
q1a717da2,d1b3b0334
q1a717da2,d1b32a2ac
q1a717da2,d1a717e60
q1a717da2,d1b38ccb8
q1a717da2,d1b2e819a
q1a717da2,d1b385576
q1a717da2,d1b3a09c0
q1a717da2,d1b395eee
q1a717da2,d1b38c9f2
q1a7163a8,d1a716452
q1a7163a8,d1b3c278c
q1a7163a8,d1b341b5a
q1a7163a8,d1b3420e6
q1a7163a8,d1b371ef4
q1a7163a8,d1b34159c
q1a7163a8,d1b35a9fc
q1a7163a8,d1b34befc
q1a7163a8,d1b30240a
q1a7163a8,d1b390c64
q1a7316ee,d1b3a6942
q1a7316ee,d1b32522a
q1a7316ee,d1b300fb0
q1a7316ee,d1b342c1c
q1a7316ee,d1b33d4b0
q1a7316ee,d1b38fc38
q1a7316ee,d1b35c86a
q1a7316ee,d1b3866b0
q1a7316ee,d1b3bb81a
q1a7316ee,d1b3c8362
q1a730c08,d1b308256
q1a730c08,d1b35e57a
q1a730c08,d1b3b7238
q1a730c08,d1b3a2fb8
q1a730c08,d1b33dec4
q1a730c08,d1b3c1bb6
q1a730c08,d1a730c3a
q1a730c08,d1b30c7f2
q1a730c08,d1b324168
q1a730c08,d1b39ee90
q1a720f9c,d1b32a2ac
q1a720f9c,d1b2fcf50
q1a720f9c,d1b369f60
q1a720f9c,d1b349f26
q1a720f9c,d1b346902
q1a720f9c,d1b32401e
q1a720f9c,d1b3c1bb6
q1a720f9c,d1b3a38e6
q1a720f9c,d1b3689e4
q1a720f9c,d1b329cc6
q1a71a444,d1b34befc
q1a71a444,d1b3ba9b0
q1a71a444,d1b3ac770
q1a71a444,d1b3c6a8a
q1a71a444,d1b3b23be
q1a71a444,d1b2f1d3a
q1a71a444,d1a71b952
q1a71a444,d1b3c589c
q1a71a444,d1b2e1e08
q1a71a444,d1a71a4e4
q1a718c3e,d1b338460
q1a718c3e,d1b313bc4
q1a718c3e,d1b32ff9a
q1a718c3e,d1a718d56
q1a718c3e,d1b2f1524
q1a718c3e,d1b2e373a
q1a718c3e,d1b37221e
q1a718c3e,d1b35c0d6
q1a718c3e,d1b3654f6
q1a718c3e,d1b2eca42
q1a72ad62,d1b2ef3dc
q1a72ad62,d1b35ea48
q1a72ad62,d1b376800
q1a72ad62,d1b387d08
q1a72ad62,d1b369c7c
q1a72ad62,d1a727b8a
q1a72ad62,d1b39d9dc
q1a72ad62,d1b3c460e
q1a72ad62,d1b31e8d0
q1a72ad62,d1b2f9daa
q1a71dc66,d1a7309a6
q1a71dc66,d1b30f236
q1a71dc66,d1b330e7c
q1a71dc66,d1b3a7c2a
q1a71dc66,d1a726af0
q1a71dc66,d1b3c0eaa
q1a71dc66,d1b3862b4
q1a71dc66,d1a726870
q1a71dc66,d1a72d756
q1a71dc66,d1b365e2e
q1a721f28,d1b351a3c
q1a721f28,d1a72c19e
q1a721f28,d1b388e88
q1a721f28,d1b371d0a
q1a721f28,d1b3b5f14
q1a721f28,d1b39ed82
q1a721f28,d1b360a78
q1a721f28,d1b3b362e
q1a721f28,d1b3a1c8a
q1a721f28,d1b2f5688
q1a71834c,d1a7183ce
q1a71834c,d1b32be18
q1a71834c,d1b384482
q1a71834c,d1a711fd8
q1a71834c,d1b39b09c
q1a71834c,d1b3a7932
q1a71834c,d1b32b094
q1a71834c,d1b32e5be
q1a71834c,d1b34b31c
q1a71834c,d1b3b353e
q1a71abce,d1a71ac1e
q1a71abce,d1b35f150
q1a71abce,d1a71cca8
q1a71abce,d1a717e60
q1a71abce,d1b36f99c
q1a71abce,d1b2e9086
q1a71abce,d1b39c2ee
q1a71abce,d1b3b0d3e
q1a71abce,d1b328bdc
q1a71abce,d1b358d14
q1a739f92,d1b3c3fe2
q1a739f92,d1b36a6ae
q1a739f92,d1b330e7c
q1a739f92,d1b356758
q1a739f92,d1b389496
q1a739f92,d1a726af0
q1a739f92,d1b3b69d2
q1a739f92,d1b3af100
q1a739f92,d1a727b8a
q1a739f92,d1b32c020
q1a730b36,d1a730c3a
q1a730b36,d1b39ee90
q1a730b36,d1b308256
q1a730b36,d1b36d3cc
q1a730b36,d1a7326f2
q1a730b36,d1b30c7f2
q1a730b36,d1b324168
q1a730b36,d1b351faa
q1a730b36,d1b39624a
q1a730b36,d1a7155e8
q1a71bce0,d1a71be0c
q1a71bce0,d1b328920
q1a71bce0,d1b3bcea4
q1a71bce0,d1b3b0bd6
q1a71bce0,d1b31925e
q1a71bce0,d1b3a590c
q1a71bce0,d1b3bd836
q1a71bce0,d1b31c9e0
q1a71bce0,d1b2ef814
q1a71bce0,d1b3315de
q1a72243c,d1b346902
q1a72243c,d1b2fcf50
q1a72243c,d1b2ffdae
q1a72243c,d1b35de90
q1a72243c,d1b38257e
q1a72243c,d1b3b4ac4
q1a72243c,d1b2f345a
q1a72243c,d1b32309c
q1a72243c,d1b3a38e6
q1a72243c,d1b369f60
q1a7230f8,d1b35ede0
q1a7230f8,d1a7231d4
q1a7230f8,d1b32f36a
q1a7230f8,d1b3c5540
q1a7230f8,d1b3769fe
q1a7230f8,d1b327fa2
q1a7230f8,d1b3ad8aa
q1a7230f8,d1b377840
q1a7230f8,d1b36901a
q1a7230f8,d1b353c42
q1a71e940,d1a71ea1c
q1a71e940,d1b34ef26
q1a71e940,d1b2f751e
q1a71e940,d1b39b09c
q1a71e940,d1b320888
q1a71e940,d1b3860b6
q1a71e940,d1b326936
q1a71e940,d1b3380d2
q1a71e940,d1b2f7172
q1a71e940,d1b337c7c
q1a721ece,d1b3a1c8a
q1a721ece,d1b351a3c
q1a721ece,d1b3b5f14
q1a721ece,d1b350b3c
q1a721ece,d1b38b32c
q1a721ece,d1b360a78
q1a721ece,d1b371d0a
q1a721ece,d1b3aa1a0
q1a721ece,d1b3570cc
q1a721ece,d1b2f5688
q1a71a3e0,d1a71a4e4
q1a71a3e0,d1b36a532
q1a71a3e0,d1b2fda22
q1a71a3e0,d1b3ab7da
q1a71a3e0,d1b338e56
q1a71a3e0,d1b33ddac
q1a71a3e0,d1b2f5e76
q1a71a3e0,d1b355ee8
q1a71a3e0,d1b332efc
q1a71a3e0,d1b33a3fa
q1a734038,d1b3ba9b0
q1a734038,d1b3c2e58
q1a734038,d1b37534c
q1a734038,d1a7218e8
q1a734038,d1b3aea0c
q1a734038,d1b3797e4
q1a734038,d1b379906
q1a734038,d1b32c020
q1a734038,d1b2e9e46
q1a734038,d1b349b3e
q1a715192,d1a715322
q1a715192,d1b3a6d3e
q1a715192,d1a73cf94
q1a715192,d1b336944
q1a715192,d1b3947f6
q1a715192,d1b36065e
q1a715192,d1b33d05a
q1a715192,d1b376cb0
q1a715192,d1b3a0556
q1a715192,d1b3193e4
q1a728d78,d1a728e36
q1a728d78,d1b35f9d4
q1a728d78,d1b3a59ca
q1a728d78,d1b36ed08
q1a728d78,d1b33a616
q1a728d78,d1b39034a
q1a728d78,d1a7285e4
q1a728d78,d1b301ca8
q1a728d78,d1b2e2632
q1a728d78,d1b2f72a8
q1a7345e2,d1b2fc294
q1a7345e2,d1b304548
q1a7345e2,d1b37a7a2
q1a7345e2,d1b3929ec
q1a7345e2,d1b3c278c
q1a7345e2,d1b3393c4
q1a7345e2,d1b341b5a
q1a7345e2,d1b39e53a
q1a7345e2,d1b310ab4
q1a7345e2,d1b31ad02
q1a74160c,d1b36901a
q1a74160c,d1a741756
q1a74160c,d1b329cc6
q1a74160c,d1b359f5c
q1a74160c,d1b322e9e
q1a74160c,d1b3ad8aa
q1a74160c,d1b3c7c0a
q1a74160c,d1b31aa78
q1a74160c,d1b39e774
q1a74160c,d1b3a3652
q1a73af3c,d1b380d82
q1a73af3c,d1b2fa340
q1a73af3c,d1b3c3056
q1a73af3c,d1b325d42
q1a73af3c,d1b3c0c84
q1a73af3c,d1b3a8e2c
q1a73af3c,d1b385eae
q1a73af3c,d1b373862
q1a73af3c,d1b3bf6e0
q1a73af3c,d1b393f5e
q1a7319a0,d1b31ce72
q1a7319a0,d1b3900e8
q1a7319a0,d1b2ef3dc
q1a7319a0,d1b387d08
q1a7319a0,d1b31a0d2
q1a7319a0,d1b3270fc
q1a7319a0,d1b37442e
q1a7319a0,d1b35a6c8
q1a7319a0,d1b33f3be
q1a7319a0,d1b36a532
q1a731298,d1a731306
q1a731298,d1b3211d4
q1a731298,d1b330f9e
q1a731298,d1b3a0ace
q1a731298,d1b375a7c
q1a731298,d1b3022fc
q1a731298,d1b346902
q1a731298,d1b35de90
q1a731298,d1b3881ae
q1a731298,d1b3bddc2
q1a7248f4,d1b36a2ee
q1a7248f4,d1b31b40a
q1a7248f4,d1b3b308e
q1a7248f4,d1a735078
q1a7248f4,d1b368d7c
q1a7248f4,d1b32cc6e
q1a7248f4,d1b2e46e4
q1a7248f4,d1b3309ea
q1a7248f4,d1b3abdac
q1a7248f4,d1b2e34ec
q1a7165ce,d1a7166dc
q1a7165ce,d1b3a74e6
q1a7165ce,d1b368c82
q1a7165ce,d1b3c0586
q1a7165ce,d1b376fda
q1a7165ce,d1b3993d2
q1a7165ce,d1b322480
q1a7165ce,d1b3381ea
q1a7165ce,d1a721fa0
q1a7165ce,d1b3343ce
q1a713e50,d1b2e373a
q1a713e50,d1a713f36
q1a713e50,d1b385a12
q1a713e50,d1b35c9dc
q1a713e50,d1b33d05a
q1a713e50,d1b355d9e
q1a713e50,d1a715322
q1a713e50,d1b378560
q1a713e50,d1a72e41c
q1a713e50,d1b39b79a
q1a736ec8,d1a736f40
q1a736ec8,d1b2ef814
q1a736ec8,d1b31c9e0
q1a736ec8,d1b3a590c
q1a736ec8,d1b3a3fbc
q1a736ec8,d1b395eee
q1a736ec8,d1b333df2
q1a736ec8,d1b2f8856
q1a736ec8,d1b39e53a
q1a736ec8,d1b34baf6
q1a737a76,d1a734402
q1a737a76,d1b38224a
q1a737a76,d1b3ba7a8
q1a737a76,d1b38716e
q1a737a76,d1b2e225e
q1a737a76,d1b3278c2
q1a737a76,d1b2e4072
q1a737a76,d1b30c9a0
q1a737a76,d1b35e70a
q1a737a76,d1a72f8c6
q1a713306,d1b2e8f00
q1a713306,d1a713428
q1a713306,d1b32848e
q1a713306,d1b39ca32
q1a713306,d1b35133e
q1a713306,d1a738034
q1a713306,d1b32ddbc
q1a713306,d1b3211d4
q1a713306,d1b37aaf4
q1a713306,d1a721fa0
q1a714922,d1a714a58
q1a714922,d1b347d5c
q1a714922,d1b30c7f2
q1a714922,d1b34c960
q1a714922,d1b372840
q1a714922,d1b36d3cc
q1a714922,d1b35b460
q1a714922,d1b3881ae
q1a714922,d1b351faa
q1a714922,d1b39a6ce
q1a72bc80,d1a72bce4
q1a72bc80,d1a722c66
q1a72bc80,d1b349b3e
q1a72bc80,d1b2ef3dc
q1a72bc80,d1b3beb3c
q1a72bc80,d1b3bbe96
q1a72bc80,d1b369c7c
q1a72bc80,d1b2f2c94
q1a72bc80,d1b3a197e
q1a72bc80,d1b2fa7be
q1a73954c,d1b377714
q1a73954c,d1b3780ba
q1a73954c,d1b3b7382
q1a73954c,d1b397320
q1a73954c,d1b359084
q1a73954c,d1b2ed62c
q1a73954c,d1b3a9962
q1a73954c,d1b30cb26
q1a73954c,d1b37e6a4
q1a73954c,d1b395822
q1a71a3a4,d1b3797e4
q1a71a3a4,d1b35c4dc
q1a71a3a4,d1b360230
q1a71a3a4,d1b3489dc
q1a71a3a4,d1b2e8d98
q1a71a3a4,d1a71a4e4
q1a71a3a4,d1b38cee8
q1a71a3a4,d1b3b23be
q1a71a3a4,d1a72bf32
q1a71a3a4,d1b3c6bc0
q1a732c60,d1b3a4dea
q1a732c60,d1a732ce2
q1a732c60,d1a7255f6
q1a732c60,d1b3935fe
q1a732c60,d1b32fd60
q1a732c60,d1b36fdf2
q1a732c60,d1b391948
q1a732c60,d1b343144
q1a732c60,d1b307b12
q1a732c60,d1a740a0e
q1a714c1a,d1b3b96f0
q1a714c1a,d1b321094
q1a714c1a,d1a714cd8
q1a714c1a,d1b394044
q1a714c1a,d1b39d63a
q1a714c1a,d1b389496
q1a714c1a,d1b384266
q1a714c1a,d1b36a6ae
q1a714c1a,d1b3710bc
q1a714c1a,d1b31b73e
q1a7202d6,d1a717e60
q1a7202d6,d1b3b69d2
q1a7202d6,d1b2e707e
q1a7202d6,d1b3c6bc0
q1a7202d6,d1b33f3be
q1a7202d6,d1b38d9ec
q1a7202d6,d1b387d08
q1a7202d6,d1a72d184
q1a7202d6,d1b2ec434
q1a7202d6,d1b2ef3dc
q1a72833c,d1b38cee8
q1a72833c,d1b360230
q1a72833c,d1a72bf32
q1a72833c,d1b3489dc
q1a72833c,d1b35ede0
q1a72833c,d1b32360a
q1a72833c,d1b36136a
q1a72833c,d1b33198a
q1a72833c,d1b2e96b2
q1a72833c,d1b2eb8cc
q1a72525e,d1b38a3e6
q1a72525e,d1b3c12b0
q1a72525e,d1b34c80c
q1a72525e,d1b395eee
q1a72525e,d1b318a5c
q1a72525e,d1b32b094
q1a72525e,d1b337c7c
q1a72525e,d1b33a9ea
q1a72525e,d1b328bdc
q1a72525e,d1b31fef6
q1a736bf8,d1b2e8d98
q1a736bf8,d1b2fda22
q1a736bf8,d1b3bf532
q1a736bf8,d1b2fbe34
q1a736bf8,d1b347618
q1a736bf8,d1b39417a
q1a736bf8,d1a726d7a
q1a736bf8,d1a736cca
q1a736bf8,d1b38b20a
q1a736bf8,d1b3150c8
q1a72900c,d1b362116
q1a72900c,d1b31fef6
q1a72900c,d1a7413dc
q1a72900c,d1b3a2fb8
q1a72900c,d1b317652
q1a72900c,d1b3416dc
q1a72900c,d1a7290b6
q1a72900c,d1b37796c
q1a72900c,d1b30c7f2
q1a72900c,d1a730c3a
q1a725ce0,d1a725d26
q1a725ce0,d1b3a1e2e
q1a725ce0,d1b2f2c94
q1a725ce0,d1b30f236
q1a725ce0,d1a7309a6
q1a725ce0,d1b3b353e
q1a725ce0,d1b38b0de
q1a725ce0,d1a71b272
q1a725ce0,d1b2ecc5e
q1a725ce0,d1b35243c
q1a734fd8,d1b3c874a
q1a734fd8,d1b3b308e
q1a734fd8,d1b3a0c72
q1a734fd8,d1b36a1e0
q1a734fd8,d1b324532
q1a734fd8,d1b327fa2
q1a734fd8,d1b3086e8
q1a734fd8,d1b3963b2
q1a734fd8,d1b3aefe8
q1a734fd8,d1b3abdac
q1a739380,d1a739434
q1a739380,d1b39f174
q1a739380,d1b3a6e42
q1a739380,d1b31f082
q1a739380,d1b399c2e
q1a739380,d1b30842c
q1a739380,d1b35de90
q1a739380,d1a73bd10
q1a739380,d1b3b7da0
q1a739380,d1b36d9f8
q1a73b96e,d1a73ba68
q1a73b96e,d1b36398a
q1a73b96e,d1b3b16d0
q1a73b96e,d1b3ad616
q1a73b96e,d1a720a88
q1a73b96e,d1b377ce6
q1a73b96e,d1a719490
q1a73b96e,d1b3018d4
q1a73b96e,d1b327fa2
q1a73b96e,d1b38dc80
q1a72d300,d1a72d3f0
q1a72d300,d1b3a520e
q1a72d300,d1b38a3e6
q1a72d300,d1b318a5c
q1a72d300,d1b39ee90
q1a72d300,d1b347f1e
q1a72d300,d1b395eee
q1a72d300,d1b3991d4
q1a72d300,d1b3ab398
q1a72d300,d1b2f72a8
q1a71cbfe,d1a71cca8
q1a71cbfe,d1b378b82
q1a71cbfe,d1a71ac1e
q1a71cbfe,d1b3a3364
q1a71cbfe,d1b3c278c
q1a71cbfe,d1b36f99c
q1a71cbfe,d1b35f150
q1a71cbfe,d1b3b0d3e
q1a71cbfe,d1b367134
q1a71cbfe,d1b3bc1a2
q1a71d4d2,d1a71d5a4
q1a71d4d2,d1b3085c6
q1a71d4d2,d1b3aeb92
q1a71d4d2,d1b34db9e
q1a71d4d2,d1b3457fa
q1a71d4d2,d1b394a76
q1a71d4d2,d1b34107e
q1a71d4d2,d1b342d3e
q1a71d4d2,d1b331e12
q1a71d4d2,d1b30362a
q1a736b9e,d1b347618
q1a736b9e,d1a736cca
q1a736b9e,d1b3b3a70
q1a736b9e,d1b3c0d88
q1a736b9e,d1b39417a
q1a736b9e,d1b3501c8
q1a736b9e,d1b3150c8
q1a736b9e,d1b30d0f8
q1a736b9e,d1b38489c
q1a736b9e,d1b374154
q1a7243e0,d1b34befc
q1a7243e0,d1b375054
q1a7243e0,d1a7244a8
q1a7243e0,d1b36d020
q1a7243e0,d1b3487ac
q1a7243e0,d1b386822
q1a7243e0,d1b34b31c
q1a7243e0,d1b34823e
q1a7243e0,d1b32309c
q1a7243e0,d1b36375a
q1a7410c6,d1a7411b6
q1a7410c6,d1b36508c
q1a7410c6,d1b2eead6
q1a7410c6,d1b34c1cc
q1a7410c6,d1b31f212
q1a7410c6,d1b302c5c
q1a7410c6,d1b38cac4
q1a7410c6,d1b37c32c
q1a7410c6,d1b380b8e
q1a7410c6,d1a719490
q1a715264,d1b38504e
q1a715264,d1b3a2568
q1a715264,d1b2ec5ba
q1a715264,d1b391b6e
q1a715264,d1b2f208c
q1a715264,d1b33d05a
q1a715264,d1b3c88b2
q1a715264,d1b32d114
q1a715264,d1b3309ea
q1a715264,d1b355d9e
q1a736216,d1a7362fc
q1a736216,d1b36abc2
q1a736216,d1b36dd36
q1a736216,d1b3ab8fc
q1a736216,d1b3795dc
q1a736216,d1b344f08
q1a736216,d1b30c658
q1a736216,d1b351262
q1a736216,d1b39346e
q1a736216,d1b31bdce
q1a7123e8,d1b350c5e
q1a7123e8,d1a712532
q1a7123e8,d1b3373e4
q1a7123e8,d1b2f6042
q1a7123e8,d1b368e9e
q1a7123e8,d1b30cb26
q1a7123e8,d1b39f8d6
q1a7123e8,d1b3425f0
q1a7123e8,d1b30513c
q1a7123e8,d1b3856e8
q1a71d202,d1b37e38e
q1a71d202,d1b35115e
q1a71d202,d1b307b12
q1a71d202,d1b2f0c14
q1a71d202,d1a732ce2
q1a71d202,d1b3578f6
q1a71d202,d1b35f272
q1a71d202,d1a7255f6
q1a71d202,d1b324adc
q1a71d202,d1b3712f6
q1a718c0c,d1b313bc4
q1a718c0c,d1a718d56
q1a718c0c,d1b32ff9a
q1a718c0c,d1b338460
q1a718c0c,d1b3274f8
q1a718c0c,d1b37221e
q1a718c0c,d1b2f1524
q1a718c0c,d1b336c6e
q1a718c0c,d1b35c0d6
q1a718c0c,d1b3654f6
q1a73733c,d1a73744a
q1a73733c,d1b3a7068
q1a73733c,d1b3c11c0
q1a73733c,d1b3a9174
q1a73733c,d1b359b92
q1a73733c,d1b2fa340
q1a73733c,d1b3aa632
q1a73733c,d1b3575f4
q1a73733c,d1b37e38e
q1a73733c,d1b35949e
q1a71273a,d1a7127d0
q1a71273a,d1b3a75ea
q1a71273a,d1b311ef0
q1a71273a,d1b3115b8
q1a71273a,d1b3c1ada
q1a71273a,d1b37442e
q1a71273a,d1b36b7fc
q1a71273a,d1b325a7c
q1a71273a,d1b34be20
q1a71273a,d1b37c32c
q1a73ac08,d1b37e47e
q1a73ac08,d1b375108
q1a73ac08,d1a71df22
q1a73ac08,d1b3aa1a0
q1a73ac08,d1b35f9d4
q1a73ac08,d1b356622
q1a73ac08,d1b38fe7c
q1a73ac08,d1b2e2632
q1a73ac08,d1b3640ce
q1a73ac08,d1b2e55ee
q1a72dddc,d1b389392
q1a72dddc,d1a72df58
q1a72dddc,d1b31c0c6
q1a72dddc,d1b32b986
q1a72dddc,d1b378880
q1a72dddc,d1b2f7b68
q1a72dddc,d1b352c70
q1a72dddc,d1b301ca8
q1a72dddc,d1b308d82
q1a72dddc,d1b379f64
q1a71578c,d1a715854
q1a71578c,d1b31bec8
q1a71578c,d1b38ad82
q1a71578c,d1b33382a
q1a71578c,d1b356866
q1a71578c,d1b32401e
q1a71578c,d1b3403d6
q1a71578c,d1b35de90
q1a71578c,d1b3aeb92
q1a71578c,d1b39b4fc
q1a728f80,d1b3b65b8
q1a728f80,d1b346902
q1a728f80,d1b31d46c
q1a728f80,d1b31c0c6
q1a728f80,d1b3506a0
q1a728f80,d1b3b0334
q1a728f80,d1a72949e
q1a728f80,d1b35c86a
q1a728f80,d1b32a2ac
q1a728f80,d1b2f345a
q1a732eea,d1a732f9e
q1a732eea,d1b335116
q1a732eea,d1b370f68
q1a732eea,d1b3ad8aa
q1a732eea,d1b398f54
q1a732eea,d1b32e3fc
q1a732eea,d1b3188ea
q1a732eea,d1b3a3652
q1a732eea,d1a741756
q1a732eea,d1b2f0d72
q1a717dca,d1a717e60
q1a717dca,d1b38f4d6
q1a717dca,d1b31bba8
q1a717dca,d1a72bf32
q1a717dca,d1b35e70a
q1a717dca,d1b30fc4a
q1a717dca,d1b32a2ac
q1a717dca,d1b3796e0
q1a717dca,d1a734402
q1a717dca,d1b337c7c
q1a72bbfe,d1b2ef3dc
q1a72bbfe,d1a72bce4
q1a72bbfe,d1a722c66
q1a72bbfe,d1b36a6ae
q1a72bbfe,d1b3beb3c
q1a72bbfe,d1b3a197e
q1a72bbfe,d1b349b3e
q1a72bbfe,d1b369c7c
q1a72bbfe,d1b311c48
q1a72bbfe,d1b389496
q1a73a30c,d1a73a424
q1a73a30c,d1b2eead6
q1a73a30c,d1b30ba96
q1a73a30c,d1b380a62
q1a73a30c,d1b3c2610
q1a73a30c,d1a728170
q1a73a30c,d1b3278c2
q1a73a30c,d1b31b2e8
q1a73a30c,d1b35a862
q1a73a30c,d1b325108
q1a713810,d1b39bccc
q1a713810,d1b3c5a04
q1a713810,d1b33db86
q1a713810,d1b34d946
q1a713810,d1b389392
q1a713810,d1b352c70
q1a713810,d1a7270c2
q1a713810,d1b39c492
q1a713810,d1b2f81f8
q1a713810,d1b31c0c6
q1a740eaa,d1b2ef814
q1a740eaa,d1b328bdc
q1a740eaa,d1b31ad02
q1a740eaa,d1b32ec76
q1a740eaa,d1b395eee
q1a740eaa,d1b366ce8
q1a740eaa,d1b31c9e0
q1a740eaa,d1b3457fa
q1a740eaa,d1b30c658
q1a740eaa,d1b2fab74
q1a71cbd6,d1a71cca8
q1a71cbd6,d1b396fce
q1a71cbd6,d1b3aac4a
q1a71cbd6,d1b34e97c
q1a71cbd6,d1b3bd836
q1a71cbd6,d1b3278c2
q1a71cbd6,d1b2f76d6
q1a71cbd6,d1b344bb6
q1a71cbd6,d1b3affd8
q1a71cbd6,d1b3b0bd6
q1a725380,d1b33a9ea
q1a725380,d1b31094c
q1a725380,d1a71bb78
q1a725380,d1b3c12b0
q1a725380,d1b34c80c
q1a725380,d1b336d72
q1a725380,d1b3711d4
q1a725380,d1b3a042a
q1a725380,d1b33b3e0
q1a725380,d1b38772c
q1a7368e2,d1b373862
q1a7368e2,d1b3c0c84
q1a7368e2,d1b325d42
q1a7368e2,d1b3a8bde
q1a7368e2,d1b3b3ffc
q1a7368e2,d1b39dd06
q1a7368e2,d1b3b0e1a
q1a7368e2,d1b2e455e
q1a7368e2,d1b2fb2f4
q1a7368e2,d1b304e80
q1a7311d0,d1b334aea
q1a7311d0,d1a721fa0
q1a7311d0,d1b3a26b2
q1a7311d0,d1b30d954
q1a7311d0,d1b398d9c
q1a7311d0,d1b3343ce
q1a7311d0,d1b38b32c
q1a7311d0,d1b336764
q1a7311d0,d1b34cec4
q1a7311d0,d1b3b5f14
q1a73cec2,d1b38504e
q1a73cec2,d1b3a2568
q1a73cec2,d1b355d9e
q1a73cec2,d1b34e18e
q1a73cec2,d1b342942
q1a73cec2,d1b3afaba
q1a73cec2,d1b3654f6
q1a73cec2,d1b338c9e
q1a73cec2,d1b2ec5ba
q1a73cec2,d1b2f208c
q1a7364d2,d1a73652c
q1a7364d2,d1b3000ba
q1a7364d2,d1b33dc58
q1a7364d2,d1b3ac356
q1a7364d2,d1b30687a
q1a7364d2,d1b3573f6
q1a7364d2,d1b390908
q1a7364d2,d1b36ec4a
q1a7364d2,d1b2ef24c
q1a7364d2,d1b38257e
q1a71d52c,d1a71d5a4
q1a71d52c,d1b37743a
q1a71d52c,d1b359b92
q1a71d52c,d1b34c4ba
q1a71d52c,d1b397cf8
q1a71d52c,d1b371d0a
q1a71d52c,d1b3884d8
q1a71d52c,d1b371ef4
q1a71d52c,d1b2f1b46
q1a71d52c,d1b39c942
q1a737c9c,d1a737d96
q1a737c9c,d1b3c6bc0
q1a737c9c,d1a72ad94
q1a737c9c,d1a7326f2
q1a737c9c,d1b3b9038
q1a737c9c,d1b3b712a
q1a737c9c,d1b39de46
q1a737c9c,d1b36a532
q1a737c9c,d1b351faa
q1a737c9c,d1a71a278
q1a73c74c,d1a73c7c4
q1a73c74c,d1b35446c
q1a73c74c,d1a72a0ce
q1a73c74c,d1b3b353e
q1a73c74c,d1b346380
q1a73c74c,d1b32d7cc
q1a73c74c,d1b349954
q1a73c74c,d1b306aa0
q1a73c74c,d1b369c7c
q1a73c74c,d1b337970
q1a7373e6,d1b36eb0a
q1a7373e6,d1b35e1e2
q1a7373e6,d1b32309c
q1a7373e6,d1b39cf00
q1a7373e6,d1b38d8b6
q1a7373e6,d1b384e32
q1a7373e6,d1b343b58
q1a7373e6,d1b3239fc
q1a7373e6,d1b30388c
q1a7373e6,d1b362116
q1a71792e,d1b342b5e
q1a71792e,d1b36b4aa
q1a71792e,d1a7179c4
q1a71792e,d1a722202
q1a71792e,d1b3c743a
q1a71792e,d1b33959a
q1a71792e,d1a726af0
q1a71792e,d1b3aeca0
q1a71792e,d1b3af8f8
q1a71792e,d1b35a6c8
q1a723b5c,d1b375874
q1a723b5c,d1b3af34e
q1a723b5c,d1b359674
q1a723b5c,d1b3ae62e
q1a723b5c,d1a723c42
q1a723b5c,d1b2e766e
q1a723b5c,d1b3538fa
q1a723b5c,d1b36fe9c
q1a723b5c,d1b33ae9a
q1a723b5c,d1b337e84
q1a7259a2,d1a725a2e
q1a7259a2,d1b38e284
q1a7259a2,d1b39f28c
q1a7259a2,d1b35b668
q1a7259a2,d1a71b272
q1a7259a2,d1b375054
q1a7259a2,d1b353ec2
q1a7259a2,d1b30ce78
q1a7259a2,d1a7310a4
q1a7259a2,d1b3aea0c
q1a715db8,d1b3bf6e0
q1a715db8,d1b325d42
q1a715db8,d1b3c014e
q1a715db8,d1b3a8bde
q1a715db8,d1b39dd06
q1a715db8,d1b3c0c84
q1a715db8,d1b2edfd2
q1a715db8,d1b382074
q1a715db8,d1a7169c0
q1a715db8,d1b2f4094
q1a72fb0a,d1b3576b2
q1a72fb0a,d1b377f84
q1a72fb0a,d1b3a2e78
q1a72fb0a,d1b2e63f4
q1a72fb0a,d1b3be84e
q1a72fb0a,d1b3a6fa0
q1a72fb0a,d1b33cd08
q1a72fb0a,d1b3ba500
q1a72fb0a,d1b2ee16c
q1a72fb0a,d1b30687a
q1a72b97e,d1b2f9698
q1a72b97e,d1b353c42
q1a72b97e,d1a72ba82
q1a72b97e,d1b362116
q1a72b97e,d1b2fe508
q1a72b97e,d1b3c3d44
q1a72b97e,d1b2f32e8
q1a72b97e,d1b30af92
q1a72b97e,d1a7166dc
q1a72b97e,d1b2ebe26
q1a73060e,d1b3c743a
q1a73060e,d1a714224
q1a73060e,d1b335206
q1a73060e,d1b362116
q1a73060e,d1b3a6fa0
q1a73060e,d1a72a5d8
q1a73060e,d1b3168b0
q1a73060e,d1b3a62ee
q1a73060e,d1b371d0a
q1a73060e,d1b2fd892
q1a7408e2,d1b3712f6
q1a7408e2,d1b38878a
q1a7408e2,d1b324adc
q1a7408e2,d1b3c865a
q1a7408e2,d1b3c36a0
q1a7408e2,d1b35b7bc
q1a7408e2,d1b34ee54
q1a7408e2,d1b391948
q1a7408e2,d1b372106
q1a7408e2,d1b2f7fd2
q1a7321c0,d1a7322b0
q1a7321c0,d1b35d6b6
q1a7321c0,d1b3a6d3e
q1a7321c0,d1b3afaba
q1a7321c0,d1b338c9e
q1a7321c0,d1b378560
q1a7321c0,d1b3952fa
q1a7321c0,d1a7250b0
q1a7321c0,d1b2f4418
q1a7321c0,d1b385a12
q1a71add6,d1a71aebc
q1a71add6,d1b33ea2c
q1a71add6,d1b38404a
q1a71add6,d1b35881e
q1a71add6,d1b39b09c
q1a71add6,d1b32309c
q1a71add6,d1b32a568
q1a71add6,d1b338bcc
q1a71add6,d1a73d6ec
q1a71add6,d1b3a06aa
q1a7137de,d1b3a31ca
q1a7137de,d1b38283a
q1a7137de,d1b352c70
q1a7137de,d1b3782ea
q1a7137de,d1a7138d8
q1a7137de,d1b33ba66
q1a7137de,d1b3136e2
q1a7137de,d1b315f0a
q1a7137de,d1b378880
q1a7137de,d1b35d1ac
q1a731b8a,d1b364362
q1a731b8a,d1b322700
q1a731b8a,d1b3611a8
q1a731b8a,d1b398b80
q1a731b8a,d1b3a7932
q1a731b8a,d1b346754
q1a731b8a,d1b39dfc2
q1a731b8a,d1b38878a
q1a731b8a,d1b3bd6b0
q1a731b8a,d1b2e2ab0
q1a722752,d1a716c9a
q1a722752,d1b3be84e
q1a722752,d1b30ce78
q1a722752,d1b3a1794
q1a722752,d1b2ffca0
q1a722752,d1b3991d4
q1a722752,d1b2f4cb0
q1a722752,d1b3a7ef0
q1a722752,d1b38f0b2
q1a722752,d1b30d274
q1a73ce5e,d1b39b09c
q1a73ce5e,d1b35752c
q1a73ce5e,d1b38fc38
q1a73ce5e,d1b3a61cc
q1a73ce5e,d1b3168b0
q1a73ce5e,d1a73e024
q1a73ce5e,d1b30c658
q1a73ce5e,d1b3a6fa0
q1a73ce5e,d1b369c7c
q1a73ce5e,d1b31e6b4
q1a7209c0,d1a720a88
q1a7209c0,d1b3aefe8
q1a7209c0,d1b377ce6
q1a7209c0,d1b3505c4
q1a7209c0,d1b3b0582
q1a7209c0,d1b2ea2ec
q1a7209c0,d1b31f212
q1a7209c0,d1b3c4b36
q1a7209c0,d1b36ee3e
q1a7209c0,d1b398cac
q1a7152b4,d1b34622c
q1a7152b4,d1b338c9e
q1a7152b4,d1b314a74
q1a7152b4,d1b3274f8
q1a7152b4,d1b34d45a
q1a7152b4,d1b31bdce
q1a7152b4,d1a713f36
q1a7152b4,d1b2eca42
q1a7152b4,d1a715322
q1a7152b4,d1b30ec14
q1a72d0c6,d1a736f40
q1a72d0c6,d1b37721e
q1a72d0c6,d1b366568
q1a72d0c6,d1b3003a8
q1a72d0c6,d1b2e63f4
q1a72d0c6,d1a72d184
q1a72d0c6,d1b3c5fe0
q1a72d0c6,d1b2fa4da
q1a72d0c6,d1b3bf28a
q1a72d0c6,d1b2fb4a2
q1a736450,d1a73652c
q1a736450,d1b3bfb40
q1a736450,d1b366126
q1a736450,d1a72c40a
q1a736450,d1b38706a
q1a736450,d1b2ef24c
q1a736450,d1b2f9698
q1a736450,d1b36ec4a
q1a736450,d1a72740a
q1a736450,d1b34b416
q1a72d94a,d1b369c7c
q1a72d94a,d1b32c020
q1a72d94a,d1b32a568
q1a72d94a,d1b362436
q1a72d94a,d1b2e707e
q1a72d94a,d1b388e88
q1a72d94a,d1b3a7ef0
q1a72d94a,d1b390570
q1a72d94a,d1b3c6a8a
q1a72d94a,d1b3900e8
q1a721c12,d1b35b7bc
q1a721c12,d1b36fa96
q1a721c12,d1a721d34
q1a721c12,d1b30f754
q1a721c12,d1b315a5a
q1a721c12,d1b3bdaa2
q1a721c12,d1b32a568
q1a721c12,d1b34bfec
q1a721c12,d1b35881e
q1a721c12,d1b371d0a
q1a71b7ae,d1b32a568
q1a71b7ae,d1a71e1e8
q1a71b7ae,d1b3a9a7a
q1a71b7ae,d1a72c19e
q1a71b7ae,d1b3bf8a2
q1a71b7ae,d1b3bdaa2
q1a71b7ae,d1b35b7bc
q1a71b7ae,d1b3061a4
q1a71b7ae,d1b36c6de
q1a71b7ae,d1b3495da
q1a7151c4,d1a715322
q1a7151c4,d1b35493a
q1a7151c4,d1b338c9e
q1a7151c4,d1b34622c
q1a7151c4,d1b395eee
q1a7151c4,d1b360794
q1a7151c4,d1b3bdaa2
q1a7151c4,d1b38eba8
q1a7151c4,d1a7310a4
q1a7151c4,d1b3c6a8a
q1a73cb98,d1a73ccc4
q1a73cb98,d1b38d4ec
q1a73cb98,d1b353ec2
q1a73cb98,d1b39f4bc
q1a73cb98,d1b2f89dc
q1a73cb98,d1b31bec8
q1a73cb98,d1b32775a
q1a73cb98,d1b3ac22a
q1a73cb98,d1b342c1c
q1a73cb98,d1b2f8e6e
q1a73e376,d1b355ee8
q1a73e376,d1b383b40
q1a73e376,d1a73e402
q1a73e376,d1b3c1ada
q1a73e376,d1b39fa5c
q1a73e376,d1a71a4e4
q1a73e376,d1b378fa6
q1a73e376,d1b2f5e76
q1a73e376,d1b2eaec2
q1a73e376,d1b395656
q1a71de00,d1a71df22
q1a71de00,d1b375108
q1a71de00,d1a7285e4
q1a71de00,d1b300a4c
q1a71de00,d1a73ad20
q1a71de00,d1b2e2632
q1a71de00,d1b3b97e0
q1a71de00,d1b356622
q1a71de00,d1b2e87c6
q1a71de00,d1b38fe7c
q1a71bd9e,d1a71be0c
q1a71bd9e,d1b328920
q1a71bd9e,d1b34baf6
q1a71bd9e,d1b2ef814
q1a71bd9e,d1b3a9868
q1a71bd9e,d1b31c9e0
q1a71bd9e,d1b3a590c
q1a71bd9e,d1b332efc
q1a71bd9e,d1b39e53a
q1a71bd9e,d1b31dff2
q1a73249a,d1a7324d6
q1a73249a,d1b2e5468
q1a73249a,d1b2e225e
q1a73249a,d1b32c020
q1a73249a,d1b317dd2
q1a73249a,d1b3bab22
q1a73249a,d1b2ef3dc
q1a73249a,d1b3bccba
q1a73249a,d1b34bfec
q1a73249a,d1b31e7a4
q1a71e04e,d1a71e1e8
q1a71e04e,d1b2efec2
q1a71e04e,d1b3061a4
q1a71e04e,d1a72c19e
q1a71e04e,d1b3abcb2
q1a71e04e,d1b388e88
q1a71e04e,d1b36fa96
q1a71e04e,d1b3a8756
q1a71e04e,d1b31137e
q1a71e04e,d1b371d0a
q1a741db4,d1b2e373a
q1a741db4,d1b3193e4
q1a741db4,d1b33d05a
q1a741db4,d1b30c658
q1a741db4,d1a741ec2
q1a741db4,d1b3a0556
q1a741db4,d1b338460
q1a741db4,d1b34e18e
q1a741db4,d1b38504e
q1a741db4,d1b3adc10
q1a72e660,d1b332632
q1a72e660,d1b3a358a
q1a72e660,d1b36c97c
q1a72e660,d1b3a9868
q1a72e660,d1b39d888
q1a72e660,d1b31bba8
q1a72e660,d1a734402
q1a72e660,d1b3c0a5e
q1a72e660,d1b34fe9e
q1a72e660,d1b356de8
q1a714e86,d1a714f9e
q1a714e86,d1b2ed03c
q1a714e86,d1b31f212
q1a714e86,d1b3018d4
q1a714e86,d1a73a424
q1a714e86,d1b398f54
q1a714e86,d1b358530
q1a714e86,d1b3a863e
q1a714e86,d1b3b92ea
q1a714e86,d1b36bd92
q1a7267a8,d1b385396
q1a7267a8,d1b33fcf6
q1a7267a8,d1b3a7932
q1a7267a8,d1b3c1ada
q1a7267a8,d1a726870
q1a7267a8,d1b3a812a
q1a7267a8,d1b309b74
q1a7267a8,d1b33ce20
q1a7267a8,d1b2e5468
q1a7267a8,d1b2e34ec
q1a712e38,d1b3b65b8
q1a712e38,d1b327fa2
q1a712e38,d1a73fcc6
q1a712e38,d1b371a9e
q1a712e38,d1b36001e
q1a712e38,d1b35ede0
q1a712e38,d1b344ce2
q1a712e38,d1b305ef2
q1a712e38,d1b32b54e
q1a712e38,d1b2eead6
q1a73f4a6,d1b2f6ccc
q1a73f4a6,d1b3a8f4e
q1a73f4a6,d1b30928c
q1a73f4a6,d1b30bbfe
q1a73f4a6,d1b32fc66
q1a73f4a6,d1b2fb63c
q1a73f4a6,d1b38242a
q1a73f4a6,d1b333b86
q1a73f4a6,d1a73f564
q1a73f4a6,d1b30cb26
q1a725f2e,d1b37e578
q1a725f2e,d1a722a18
q1a725f2e,d1b352572
q1a725f2e,d1b3c4d8e
q1a725f2e,d1b329a00
q1a725f2e,d1b2ef3dc
q1a725f2e,d1b369218
q1a725f2e,d1b387d08
q1a725f2e,d1a717e60
q1a725f2e,d1b398cac
q1a734754,d1b36136a
q1a734754,d1b3c4d8e
q1a734754,d1a734894
q1a734754,d1b34adcc
q1a734754,d1b3a9868
q1a734754,d1b391c4a
q1a734754,d1b30755e
q1a734754,d1b33ec7a
q1a734754,d1b370540
q1a734754,d1a7118d0
q1a71ebf2,d1a71ec9c
q1a71ebf2,d1b2fc51e
q1a71ebf2,d1b343608
q1a71ebf2,d1b3907e6
q1a71ebf2,d1b306d8e
q1a71ebf2,d1b3a49c6
q1a71ebf2,d1b342e92
q1a71ebf2,d1b3c2ac0
q1a71ebf2,d1b362116
q1a71ebf2,d1a73bd10
q1a71a41c,d1b3931c6
q1a71a41c,d1b3b23be
q1a71a41c,d1b39d63a
q1a71a41c,d1b384bc6
q1a71a41c,d1b3797e4
q1a71a41c,d1b2e8d98
q1a71a41c,d1b3c6bc0
q1a71a41c,d1a71a4e4
q1a71a41c,d1b31f42e
q1a71a41c,d1b38346a
q1a726802,d1b33fcf6
q1a726802,d1b385396
q1a726802,d1a726870
q1a726802,d1b3c1ada
q1a726802,d1b3a7932
q1a726802,d1b3a812a
q1a726802,d1b35d6b6
q1a726802,d1b31ad02
q1a726802,d1a722a18
q1a726802,d1b3bb91e
q1a71ef58,d1b372840
q1a71ef58,d1b33a8e6
q1a71ef58,d1b3881ae
q1a71ef58,d1b2efb8e
q1a71ef58,d1a732ce2
q1a71ef58,d1b3578f6
q1a71ef58,d1b352216
q1a71ef58,d1b389b4e
q1a71ef58,d1b30eaca
q1a71ef58,d1b3515fa
q1a73b78e,d1b35fb64
q1a73b78e,d1b2f32e8
q1a73b78e,d1a717c44
q1a73b78e,d1b390a2a
q1a73b78e,d1b37721e
q1a73b78e,d1b346902
q1a73b78e,d1b364470
q1a73b78e,d1b38e658
q1a73b78e,d1b37f428
q1a73b78e,d1b34f5a2
q1a73b1bc,d1b36b5ae
q1a73b1bc,d1a73b248
q1a73b1bc,d1b386b1a
q1a73b1bc,d1b35e70a
q1a73b1bc,d1b34d356
q1a73b1bc,d1b354d0e
q1a73b1bc,d1b39b222
q1a73b1bc,d1b35ea48
q1a73b1bc,d1a722202
q1a73b1bc,d1b30fc4a
q1a716178,d1b3749c4
q1a716178,d1b36a532
q1a716178,d1b332efc
q1a716178,d1b3a1794
q1a716178,d1b3061a4
q1a716178,d1b39ed82
q1a716178,d1b338e56
q1a716178,d1b2e4c34
q1a716178,d1b33a3fa
q1a716178,d1b3b6eb4
q1a71b51a,d1b32cade
q1a71b51a,d1b3abe92
q1a71b51a,d1b3bb298
q1a71b51a,d1b2fab74
q1a71b51a,d1a7169c0
q1a71b51a,d1b387ef2
q1a71b51a,d1b31330e
q1a71b51a,d1b39cd20
q1a71b51a,d1b3a079a
q1a71b51a,d1b2fb2f4
q1a73f9d8,d1a73fa6e
q1a73f9d8,d1b3a7ef0
q1a73f9d8,d1b3270fc
q1a73f9d8,d1a731a4a
q1a73f9d8,d1b369a38
q1a73f9d8,d1b304246
q1a73f9d8,d1b332c22
q1a73f9d8,d1b3a781a
q1a73f9d8,d1b312dd2
q1a73f9d8,d1b35a6c8
q1a737396,d1b32c020
q1a737396,d1b38cee8
q1a737396,d1b354d0e
q1a737396,d1a72bf32
q1a737396,d1b369c7c
q1a737396,d1b2f539a
q1a737396,d1b2f7fd2
q1a737396,d1b30cca2
q1a737396,d1b3712f6
q1a737396,d1b35c7a2
q1a729a84,d1a723a30
q1a729a84,d1b357e96
q1a729a84,d1b303a08
q1a729a84,d1b39ed82
q1a729a84,d1b3b9a42
q1a729a84,d1b369c7c
q1a729a84,d1b34134e
q1a729a84,d1b31c77e
q1a729a84,d1b375ee6
q1a729a84,d1a7218e8
q1a7240fc,d1a724228
q1a7240fc,d1b386822
q1a7240fc,d1b333a28
q1a7240fc,d1b3b69d2
q1a7240fc,d1b37b562
q1a7240fc,d1a72a358
q1a7240fc,d1b31f906
q1a7240fc,d1b346d12
q1a7240fc,d1b3895d6
q1a7240fc,d1b3b9038
q1a721528,d1a7237ce
q1a721528,d1b2e42de
q1a721528,d1b3c3fe2
q1a721528,d1b321094
q1a721528,d1b3c865a
q1a721528,d1b371440
q1a721528,d1a73fa6e
q1a721528,d1b39616e
q1a721528,d1b3270fc
q1a721528,d1b32a162
q1a72be9c,d1b30252c
q1a72be9c,d1b38cee8
q1a72be9c,d1b3489dc
q1a72be9c,d1a72bf32
q1a72be9c,d1b337c7c
q1a72be9c,d1a7118d0
q1a72be9c,d1b360230
q1a72be9c,d1b3ba7a8
q1a72be9c,d1b33b3e0
q1a72be9c,d1b352572
q1a726a50,d1a726af0
q1a726a50,d1b36a6ae
q1a726a50,d1b389496
q1a726a50,d1b356758
q1a726a50,d1b355ccc
q1a726a50,d1b3aeca0
q1a726a50,d1b32c020
q1a726a50,d1b3c1bb6
q1a726a50,d1b2fb63c
q1a726a50,d1b330e7c
q1a73515e,d1a735294
q1a73515e,d1b34c74e
q1a73515e,d1b3309ea
q1a73515e,d1b366bd0
q1a73515e,d1b2e83de
q1a73515e,d1b333fe6
q1a73515e,d1b398cac
q1a73515e,d1b368d7c
q1a73515e,d1b380b8e
q1a73515e,d1b3795dc
q1a71baa6,d1b3a042a
q1a71baa6,d1b33a9ea
q1a71baa6,d1b31094c
q1a71baa6,d1b336d72
q1a71baa6,d1a71bb78
q1a71baa6,d1b33b3e0
q1a71baa6,d1b39b4fc
q1a71baa6,d1b3394aa
q1a71baa6,d1b349198
q1a71baa6,d1b3711d4
q1a7224be,d1b3c5a04
q1a7224be,d1a7270c2
q1a7224be,d1b32e28a
q1a7224be,d1b386c5a
q1a7224be,d1b308d82
q1a7224be,d1b2f65ce
q1a7224be,d1b33a76a
q1a7224be,d1b33db86
q1a7224be,d1b34d946
q1a7224be,d1a7138d8
q1a716f42,d1b37336c
q1a716f42,d1b372476
q1a716f42,d1b3287ae
q1a716f42,d1b33ba66
q1a716f42,d1b343856
q1a716f42,d1a719184
q1a716f42,d1b36bd92
q1a716f42,d1a73b824
q1a716f42,d1b2fe95e
q1a716f42,d1b34befc
q1a72f07e,d1a72f100
q1a72f07e,d1b336c6e
q1a72f07e,d1b3947f6
q1a72f07e,d1b3c88b2
q1a72f07e,d1b2ebf84
q1a72f07e,d1b391b6e
q1a72f07e,d1b33d05a
q1a72f07e,d1b3a2568
q1a72f07e,d1b38504e
q1a72f07e,d1b2eca42
q1a7165f6,d1a7166dc
q1a7165f6,d1b32ae78
q1a7165f6,d1b3a26b2
q1a7165f6,d1b3b362e
q1a7165f6,d1b3849b4
q1a7165f6,d1b33d4b0
q1a7165f6,d1b387d08
q1a7165f6,d1b34cec4
q1a7165f6,d1b3c1404
q1a7165f6,d1b34bc0e
q1a734a2e,d1b302856
q1a734a2e,d1a734aec
q1a734a2e,d1b3bc0b2
q1a734a2e,d1b3797e4
q1a734a2e,d1a71a4e4
q1a734a2e,d1b332efc
q1a734a2e,d1b357bda
q1a734a2e,d1b382cea
q1a734a2e,d1a7118d0
q1a734a2e,d1b3a8756
q1a73911e,d1b3aa24a
q1a73911e,d1b35e62e
q1a73911e,d1b34baf6
q1a73911e,d1a73920e
q1a73911e,d1b3457fa
q1a73911e,d1b37eaf0
q1a73911e,d1a734614
q1a73911e,d1b34159c
q1a73911e,d1b36001e
q1a73911e,d1b2f4a30
q1a7198c8,d1b33b534
q1a7198c8,d1b34bd44
q1a7198c8,d1b37a252
q1a7198c8,d1b371ef4
q1a7198c8,d1b3a52c2
q1a7198c8,d1b32eb86
q1a7198c8,d1b342b5e
q1a7198c8,d1b3a3490
q1a7198c8,d1a719972
q1a7198c8,d1b38c074
q1a72778e,d1a727810
q1a72778e,d1b2f48d2
q1a72778e,d1b369218
q1a72778e,d1b36bd92
q1a72778e,d1b2f364e
q1a72778e,d1b352572
q1a72778e,d1b39c12c
q1a72778e,d1b315bcc
q1a72778e,d1b2fb01a
q1a72778e,d1b336278
q1a7219f6,d1b38a148
q1a7219f6,d1b324bcc
q1a7219f6,d1a721b22
q1a7219f6,d1b37b562
q1a7219f6,d1b38522e
q1a7219f6,d1b3b9614
q1a7219f6,d1a71b952
q1a7219f6,d1b33e5e0
q1a7219f6,d1b373ba0
q1a7219f6,d1b32c020
q1a72c9b4,d1b372c46
q1a72c9b4,d1b30b5d2
q1a72c9b4,d1b36c6de
q1a72c9b4,d1b30b0a0
q1a72c9b4,d1a72cac2
q1a72c9b4,d1b32a568
q1a72c9b4,d1b316f0e
q1a72c9b4,d1b3878a8
q1a72c9b4,d1b357d56
q1a72c9b4,d1b30b4b0
q1a741b20,d1a71df22
q1a741b20,d1b37e47e
q1a741b20,d1b375108
q1a741b20,d1b3aa1a0
q1a741b20,d1a741bd4
q1a741b20,d1b2e55ee
q1a741b20,d1b36ed08
q1a741b20,d1b35f9d4
q1a741b20,d1b33f274
q1a741b20,d1a73ad20
q1a71b16e,d1b375054
q1a71b16e,d1a71b272
q1a71b16e,d1b3150c8
q1a71b16e,d1a734894
q1a71b16e,d1b3b353e
q1a71b16e,d1b3c6152
q1a71b16e,d1b389b4e
q1a71b16e,d1b3b6d7e
q1a71b16e,d1b38346a
q1a71b16e,d1b35b7bc
q1a737a1c,d1b3ba7a8
q1a737a1c,d1b2f76d6
q1a737a1c,d1b2e225e
q1a737a1c,d1b36f4e2
q1a737a1c,d1b399d28
q1a737a1c,d1a734402
q1a737a1c,d1b3bdaa2
q1a737a1c,d1b38224a
q1a737a1c,d1a72bf32
q1a737a1c,d1b34cdfc
q1a725c36,d1a725d26
q1a725c36,d1b3a1e2e
q1a725c36,d1b2f2c94
q1a725c36,d1b30f236
q1a725c36,d1a7309a6
q1a725c36,d1a71b272
q1a725c36,d1b38b0de
q1a725c36,d1b365e2e
q1a725c36,d1b2e7858
q1a725c36,d1b2f539a
q1a73fa3c,d1a726af0
q1a73fa3c,d1b326d46
q1a73fa3c,d1b3c3fe2
q1a73fa3c,d1b355ccc
q1a73fa3c,d1b32c020
q1a73fa3c,d1b3a7ef0
q1a73fa3c,d1b369c7c
q1a73fa3c,d1a723a30
q1a73fa3c,d1b3c1bb6
q1a73fa3c,d1b344bb6
q1a71575a,d1b396510
q1a71575a,d1b2f3a5e
q1a71575a,d1b31a1cc
q1a71575a,d1b35f4b6
q1a71575a,d1b35243c
q1a71575a,d1b377e58
q1a71575a,d1b3af34e
q1a71575a,d1b389a04
q1a71575a,d1a738d04
q1a71575a,d1b35bc4e
q1a72fb64,d1b38ffda
q1a72fb64,d1b33126e
q1a72fb64,d1b3a5e20
q1a72fb64,d1b3503e4
q1a72fb64,d1b303102
q1a72fb64,d1b2e7a06
q1a72fb64,d1b3881ae
q1a72fb64,d1b348586
q1a72fb64,d1b3278c2
q1a72fb64,d1b32441a
q1a7232ba,d1a7233f0
q1a7232ba,d1b375108
q1a7232ba,d1b34a598
q1a7232ba,d1a71df22
q1a7232ba,d1b2e2632
q1a7232ba,d1b36279c
q1a7232ba,d1a7285e4
q1a7232ba,d1b390c64
q1a7232ba,d1b3aeeda
q1a7232ba,d1b33126e
q1a72317a,d1b3c5540
q1a72317a,d1b3b7e86
q1a72317a,d1b38878a
q1a72317a,d1a7231d4
q1a72317a,d1b38d1cc
q1a72317a,d1b398126
q1a72317a,d1b395822
q1a72317a,d1a71e47c
q1a72317a,d1b32002c
q1a72317a,d1b353c42
q1a73d12e,d1a73d19c
q1a73d12e,d1a721d34
q1a73d12e,d1b3994cc
q1a73d12e,d1b329e9c
q1a73d12e,d1b32a568
q1a73d12e,d1b30e78c
q1a73d12e,d1b3a9174
q1a73d12e,d1b313eda
q1a73d12e,d1b32309c
q1a73d12e,d1b36d638
q1a721ab4,d1b324bcc
q1a721ab4,d1a721b22
q1a721ab4,d1b38a148
q1a721ab4,d1b37b562
q1a721ab4,d1b38522e
q1a721ab4,d1b3c3fe2
q1a721ab4,d1b36e98e
q1a721ab4,d1b39d9dc
q1a721ab4,d1b365e2e
q1a721ab4,d1b373ba0
q1a738714,d1a738764
q1a738714,d1b34e72e
q1a738714,d1b301e4c
q1a738714,d1b332ace
q1a738714,d1b33d4b0
q1a738714,d1b3c41c2
q1a738714,d1b362116
q1a738714,d1b2fd72a
q1a738714,d1a7155e8
q1a738714,d1b39f78c
q1a733a20,d1b3bdcf0
q1a733a20,d1b379906
q1a733a20,d1b355ee8
q1a733a20,d1b3ab7da
q1a733a20,d1b373150
q1a733a20,d1b3270fc
q1a733a20,d1b34f9ee
q1a733a20,d1a73715c
q1a733a20,d1b32635a
q1a733a20,d1a73fa6e
q1a73a514,d1a73a62c
q1a73a514,d1b360794
q1a73a514,d1b376cb0
q1a73a514,d1b314a74
q1a73a514,d1b37221e
q1a73a514,d1b3542a0
q1a73a514,d1a718d56
q1a73a514,d1b391b6e
q1a73a514,d1b38af94
q1a73a514,d1a7322b0
q1a726712,d1b33fcf6
q1a726712,d1a726870
q1a726712,d1b385396
q1a726712,d1b3a83a0
q1a726712,d1b384572
q1a726712,d1b3c1ada
q1a726712,d1b3b46be
q1a726712,d1b39c2ee
q1a726712,d1b37fc52
q1a726712,d1a735816
q1a732e2c,d1a732f9e
q1a732e2c,d1b3a3652
q1a732e2c,d1b3ad8aa
q1a732e2c,d1b335116
q1a732e2c,d1b2ea634
q1a732e2c,d1b33472a
q1a732e2c,d1b32863c
q1a732e2c,d1b32c16a
q1a732e2c,d1a72d3f0
q1a732e2c,d1b35e8ea
q1a73d3c2,d1b3179a4
q1a73d3c2,d1b301744
q1a73d3c2,d1a72ad94
q1a73d3c2,d1b355ccc
q1a73d3c2,d1b3c3556
q1a73d3c2,d1b34befc
q1a73d3c2,d1b3a7c2a
q1a73d3c2,d1b3c1bb6
q1a73d3c2,d1b3926d6
q1a73d3c2,d1b3bb81a
q1a719378,d1b336fb6
q1a719378,d1b3c4b36
q1a719378,d1b3aefe8
q1a719378,d1b351bc2
q1a719378,d1b3505c4
q1a719378,d1b3c06da
q1a719378,d1a720a88
q1a719378,d1b3a863e
q1a719378,d1b35c9dc
q1a719378,d1b3b5438
q1a73fc26,d1a73fcc6
q1a73fc26,d1b37c32c
q1a73fc26,d1a712ec4
q1a73fc26,d1b344ce2
q1a73fc26,d1b305ef2
q1a73fc26,d1b2eead6
q1a73fc26,d1b3926d6
q1a73fc26,d1b379d34
q1a73fc26,d1b363192
q1a73fc26,d1b340c28
q1a7117ae,d1b360230
q1a7117ae,d1b3489dc
q1a7117ae,d1a72bf32
q1a7117ae,d1b38cee8
q1a7117ae,d1b3affd8
q1a7117ae,d1b30252c
q1a7117ae,d1b3a9b60
q1a7117ae,d1b37b97c
q1a7117ae,d1b3bbe96
q1a7117ae,d1a7118d0
q1a721852,d1a7218e8
q1a721852,d1b3749c4
q1a721852,d1b369c7c
q1a721852,d1b302856
q1a721852,d1b3797e4
q1a721852,d1b383708
q1a721852,d1b38ffda
q1a721852,d1b33ddac
q1a721852,d1b39ca32
q1a721852,d1b35b096
q1a71721c,d1b337542
q1a71721c,d1a71726c
q1a71721c,d1b326814
q1a71721c,d1b32bcd8
q1a71721c,d1b30ad1c
q1a71721c,d1b32cf84
q1a71721c,d1b329a00
q1a71721c,d1b356f0a
q1a71721c,d1b347e60
q1a71721c,d1b36065e
q1a73f21c,d1a73f2c6
q1a73f21c,d1a722a18
q1a73f21c,d1b33198a
q1a73f21c,d1b38bf5c
q1a73f21c,d1a72bce4
q1a73f21c,d1b3a7932
q1a73f21c,d1b3c4d8e
q1a73f21c,d1b326508
q1a73f21c,d1a731ff4
q1a73f21c,d1b349b3e
q1a715a3e,d1b3a863e
q1a715a3e,d1b393784
q1a715a3e,d1a720a88
q1a715a3e,d1b3b0582
q1a715a3e,d1b3aefe8
q1a715a3e,d1b3922ee
q1a715a3e,d1b3505c4
q1a715a3e,d1b3c4b36
q1a715a3e,d1b2f8694
q1a715a3e,d1b377ce6
q1a73fee2,d1b3b5ad2
q1a73fee2,d1a73ffe6
q1a73fee2,d1b2efa6c
q1a73fee2,d1b355ccc
q1a73fee2,d1b34bfec
q1a73fee2,d1b3ba9b0
q1a73fee2,d1b3a5b00
q1a73fee2,d1b350a7e
q1a73fee2,d1b306aa0
q1a73fee2,d1b3b23be
q1a72ecdc,d1b30c9a0
q1a72ecdc,d1b38224a
q1a72ecdc,d1b33126e
q1a72ecdc,d1b359084
q1a72ecdc,d1b3c743a
q1a72ecdc,d1a738034
q1a72ecdc,d1b377714
q1a72ecdc,d1b2e63f4
q1a72ecdc,d1b2ed62c
q1a72ecdc,d1b3b7382
q1a729408,d1b3280ce
q1a729408,d1b2e96b2
q1a729408,d1a72949e
q1a729408,d1b3ba1fe
q1a729408,d1b3bf532
q1a729408,d1b384bc6
q1a729408,d1b39a7e6
q1a729408,d1b3b7f94
q1a729408,d1b3c6bc0
q1a729408,d1b36a532
q1a7220e0,d1b39b222
q1a7220e0,d1a722202
q1a7220e0,d1b386b1a
q1a7220e0,d1b354d0e
q1a7220e0,d1a73b248
q1a7220e0,d1b35e70a
q1a7220e0,d1b35ea48
q1a7220e0,d1b36b5ae
q1a7220e0,d1b2e4c34
q1a7220e0,d1b3b69d2
q1a73eba0,d1b39417a
q1a73eba0,d1b3bf28a
q1a73eba0,d1b3345c2
q1a73eba0,d1b3c11c0
q1a73eba0,d1b3af812
q1a73eba0,d1b363ea8
q1a73eba0,d1b3a6fa0
q1a73eba0,d1b37721e
q1a73eba0,d1a71f7d2
q1a73eba0,d1a73f564
q1a7126e0,d1a7127d0
q1a7126e0,d1b3aaa1a
q1a7126e0,d1b377142
q1a7126e0,d1b357d56
q1a7126e0,d1b3926d6
q1a7126e0,d1b3b0334
q1a7126e0,d1a71f7d2
q1a7126e0,d1b396074
q1a7126e0,d1b373150
q1a7126e0,d1b304b42
q1a72eb60,d1b34d0fe
q1a72eb60,d1a739632
q1a72eb60,d1b3975be
q1a72eb60,d1b39f8d6
q1a72eb60,d1b30cb26
q1a72eb60,d1b3125e4
q1a72eb60,d1b3bd4a8
q1a72eb60,d1b30bbfe
q1a72eb60,d1b328f2e
q1a72eb60,d1b38c1b4
q1a719346,d1b32e3fc
q1a719346,d1b3a3652
q1a719346,d1b3aafce
q1a719346,d1a719490
q1a719346,d1b36abc2
q1a719346,d1a732f9e
q1a719346,d1b35626c
q1a719346,d1b34c74e
q1a719346,d1a73ab0e
q1a719346,d1b32bf12
q1a71ab1a,d1a71ac1e
q1a71ab1a,d1b366ce8
q1a71ab1a,d1b32ed66
q1a71ab1a,d1b2e7cb8
q1a71ab1a,d1b36abc2
q1a71ab1a,d1b34db9e
q1a71ab1a,d1b31ad02
q1a71ab1a,d1b38cac4
q1a71ab1a,d1b2e4da6
q1a71ab1a,d1b33472a
q1a73763e,d1b359f5c
q1a73763e,d1a7231d4
q1a73763e,d1b32002c
q1a73763e,d1a71e47c
q1a73763e,d1b36ba22
q1a73763e,d1b2e96b2
q1a73763e,d1b38d1cc
q1a73763e,d1b2ecc5e
q1a73763e,d1b3c5540
q1a73763e,d1b3bf532
q1a71b8da,d1a71b952
q1a71b8da,d1a740c66
q1a71b8da,d1b39ed82
q1a71b8da,d1a71e1e8
q1a71b8da,d1b30f754
q1a71b8da,d1b3a7932
q1a71b8da,d1b36fa96
q1a71b8da,d1b3a9a7a
q1a71b8da,d1b35b7bc
q1a71b8da,d1b3bbd7e
q1a7395ce,d1b3b7382
q1a7395ce,d1b3a81f2
q1a7395ce,d1a715854
q1a7395ce,d1b3c160c
q1a7395ce,d1b3780ba
q1a7395ce,d1a739632
q1a7395ce,d1b3b8660
q1a7395ce,d1b345656
q1a7395ce,d1b363dc2
q1a7395ce,d1b362116
q1a739af6,d1b35bf96
q1a739af6,d1a739b32
q1a739af6,d1b36803e
q1a739af6,d1b3610c2
q1a739af6,d1b2e74c0
q1a739af6,d1b3aa42a
q1a739af6,d1b389b4e
q1a739af6,d1b3493e6
q1a739af6,d1b3af9ca
q1a739af6,d1b31a1cc
q1a737990,d1b369f60
q1a737990,d1b391e34
q1a737990,d1b2f1d3a
q1a737990,d1b365320
q1a737990,d1a7131e4
q1a737990,d1b2e4072
q1a737990,d1b33d3ca
q1a737990,d1b2f19b6
q1a737990,d1b351974
q1a737990,d1b3b1ebe
q1a739fec,d1b34befc
q1a739fec,d1b396c7c
q1a739fec,d1b3287ae
q1a739fec,d1b355ccc
q1a739fec,d1b33b818
q1a739fec,d1b3408c2
q1a739fec,d1b37a694
q1a739fec,d1b37aaf4
q1a739fec,d1b3bccba
q1a739fec,d1b2e4c34
q1a71de64,d1a71df22
q1a71de64,d1b375108
q1a71de64,d1b37e47e
q1a71de64,d1b3aa1a0
q1a71de64,d1b2e55ee
q1a71de64,d1a741bd4
q1a71de64,d1b2e2632
q1a71de64,d1b36ed08
q1a71de64,d1b33f274
q1a71de64,d1a73ad20
q1a728bb6,d1b34befc
q1a728bb6,d1b3b0712
q1a728bb6,d1a728c1a
q1a728bb6,d1b334c52
q1a728bb6,d1b3739ca
q1a728bb6,d1b371440
q1a728bb6,d1b314eca
q1a728bb6,d1b301e4c
q1a728bb6,d1b2f2a1e
q1a728bb6,d1b31b73e
q1a71ae08,d1a71aebc
q1a71ae08,d1b35b7bc
q1a71ae08,d1b338bcc
q1a71ae08,d1b329e9c
q1a71ae08,d1b31137e
q1a71ae08,d1b2fc7bc
q1a71ae08,d1a72c19e
q1a71ae08,d1b3abcb2
q1a71ae08,d1b35881e
q1a71ae08,d1b38404a
q1a729b06,d1a729b42
q1a729b06,d1b3202c0
q1a729b06,d1b3a2e78
q1a729b06,d1b31f906
q1a729b06,d1b35b7bc
q1a729b06,d1b360794
q1a729b06,d1b33b2f0
q1a729b06,d1b3a6596
q1a729b06,d1b2e4978
q1a729b06,d1b3c0eaa
q1a738c64,d1a716c9a
q1a738c64,d1b32bf12
q1a738c64,d1b3078b0
q1a738c64,d1b3a812a
q1a738c64,d1b339c52
q1a738c64,d1b3963b2
q1a738c64,d1b341a38
q1a738c64,d1b3bf6e0
q1a738c64,d1b35d6b6
q1a738c64,d1b375b44
q1a741e68,d1a741ec2
q1a741e68,d1b33d05a
q1a741e68,d1b3947f6
q1a741e68,d1b3a6d3e
q1a741e68,d1a71a9bc
q1a741e68,d1b36065e
q1a741e68,d1b34e18e
q1a741e68,d1b3a0556
q1a741e68,d1b38504e
q1a741e68,d1b3afaba
q1a71aba6,d1a71ac1e
q1a71aba6,d1b35f150
q1a71aba6,d1a73b46e
q1a71aba6,d1b2e9086
q1a71aba6,d1b36f99c
q1a71aba6,d1b367134
q1a71aba6,d1b39bccc
q1a71aba6,d1a71cca8
q1a71aba6,d1b3b3c00
q1a71aba6,d1b39c2ee
q1a7114b6,d1b32309c
q1a7114b6,d1b350f2e
q1a7114b6,d1b36eb0a
q1a7114b6,d1b391812
q1a7114b6,d1a711510
q1a7114b6,d1b35e1e2
q1a7114b6,d1b33347e
q1a7114b6,d1b3b91b4
q1a7114b6,d1b3acd6a
q1a7114b6,d1a73744a
q1a738c96,d1a7118d0
q1a738c96,d1b32f496
q1a738c96,d1b35eb9c
q1a738c96,d1b320716
q1a738c96,d1b35dfda
q1a738c96,d1b37e802
q1a738c96,d1b34cdfc
q1a738c96,d1b39690c
q1a738c96,d1b3a009c
q1a738c96,d1b39ec7e
q1a71f3ea,d1a71f534
q1a71f3ea,d1b3ab668
q1a71f3ea,d1b3797e4
q1a71f3ea,d1b3c589c
q1a71f3ea,d1b302856
q1a71f3ea,d1b379906
q1a71f3ea,d1b35de90
q1a71f3ea,d1b2fda22
q1a71f3ea,d1b3a197e
q1a71f3ea,d1b391e34
q1a71c046,d1a71c082
q1a71c046,d1b3af9ca
q1a71c046,d1b3757ac
q1a71c046,d1b3c1bb6
q1a71c046,d1b3a74e6
q1a71c046,d1b335e72
q1a71c046,d1b32ddbc
q1a71c046,d1b3bccba
q1a71c046,d1b383708
q1a71c046,d1b349954
q1a73ed9e,d1a73ee34
q1a73ed9e,d1b3bd98a
q1a73ed9e,d1b360794
q1a73ed9e,d1b2eca42
q1a73ed9e,d1b3a1794
q1a73ed9e,d1b3274f8
q1a73ed9e,d1b3202c0
q1a73ed9e,d1b331b10
q1a73ed9e,d1b3adc10
q1a73ed9e,d1b39e774
q1a713df6,d1a713f36
q1a713df6,d1b34e18e
q1a713df6,d1b3306a2
q1a713df6,d1b37221e
q1a713df6,d1b30a074
q1a713df6,d1b35ce14
q1a713df6,d1b325f2c
q1a713df6,d1a7322b0
q1a713df6,d1b2ea634
q1a713df6,d1b3795dc
q1a74040a,d1b310cd0
q1a74040a,d1b3022fc
q1a74040a,d1b3003a8
q1a74040a,d1b390a2a
q1a74040a,d1b338a6e
q1a74040a,d1b32cade
q1a74040a,d1b38f0b2
q1a74040a,d1a740464
q1a74040a,d1b32d7cc
q1a74040a,d1b3504c0
q1a72aefc,d1a72b046
q1a72aefc,d1b373862
q1a72aefc,d1b3b8c3c
q1a72aefc,d1b378880
q1a72aefc,d1a716c9a
q1a72aefc,d1b2e9950
q1a72aefc,d1b3c2944
q1a72aefc,d1b36e60a
q1a72aefc,d1b38049a
q1a72aefc,d1b37e38e
q1a716eb6,d1b35db98
q1a716eb6,d1b346c22
q1a716eb6,d1b3b3ea8
q1a716eb6,d1a717032
q1a716eb6,d1a7237ce
q1a716eb6,d1b2fd234
q1a716eb6,d1b2ee676
q1a716eb6,d1b35a416
q1a716eb6,d1b372476
q1a716eb6,d1b35a862
q1a7293d6,d1a72949e
q1a7293d6,d1b2e96b2
q1a7293d6,d1b3c6bc0
q1a7293d6,d1b31f42e
q1a7293d6,d1b36a532
q1a7293d6,d1b3bf532
q1a7293d6,d1b37442e
q1a7293d6,d1b33b3e0
q1a7293d6,d1b3280ce
q1a7293d6,d1b3b7f94
q1a724ba6,d1b38464e
q1a724ba6,d1b35cb8a
q1a724ba6,d1b32cade
q1a724ba6,d1b35ce14
q1a724ba6,d1b364a7e
q1a724ba6,d1b371d0a
q1a724ba6,d1b377e58
q1a724ba6,d1b36cd96
q1a724ba6,d1b3b229c
q1a724ba6,d1b38f0b2
q1a721cc6,d1b32a568
q1a721cc6,d1b3c0eaa
q1a721cc6,d1a71e1e8
q1a721cc6,d1b31137e
q1a721cc6,d1b3bf8a2
q1a721cc6,d1b3a8756
q1a721cc6,d1b3abcb2
q1a721cc6,d1b3061a4
q1a721cc6,d1b3b6d7e
q1a721cc6,d1b371d0a
q1a715a0c,d1b360794
q1a715a0c,d1b3b3926
q1a715a0c,d1b341a38
q1a715a0c,d1b3aafce
q1a715a0c,d1b375b44
q1a715a0c,d1b3974ce
q1a715a0c,d1b3890d6
q1a715a0c,d1b2f27da
q1a715a0c,d1b3afaba
q1a715a0c,d1b38897e
q1a7361e4,d1b32a2ac
q1a7361e4,d1b33ddac
q1a7361e4,d1b2ecc5e
q1a7361e4,d1b346902
q1a7361e4,d1b3441a2
q1a7361e4,d1b386e80
q1a7361e4,d1b303a08
q1a7361e4,d1b38257e
q1a7361e4,d1b2fcf50
q1a7361e4,d1a72949e
q1a740856,d1b31ae60
q1a740856,d1b352c70
q1a740856,d1b359e3a
q1a740856,d1b391948
q1a740856,d1b35d7ce
q1a740856,d1b313eda
q1a740856,d1a73b824
q1a740856,d1a71d310
q1a740856,d1b36cad0
q1a740856,d1b358fda
q1a72d648,d1b3bccba
q1a72d648,d1b363a48
q1a72d648,d1b2ef3dc
q1a72d648,d1b3c6594
q1a72d648,d1a7179c4
q1a72d648,d1b387d08
q1a72d648,d1b39b2d6
q1a72d648,d1a72d756
q1a72d648,d1b35a6c8
q1a72d648,d1b37bc24
q1a7117e0,d1a722202
q1a7117e0,d1b35e70a
q1a7117e0,d1b354d0e
q1a7117e0,d1b36b5ae
q1a7117e0,d1b39b222
q1a7117e0,d1b3affd8
q1a7117e0,d1b386b1a
q1a7117e0,d1b35ea48
q1a7117e0,d1a73b248
q1a7117e0,d1a722a18
q1a73e90c,d1b2f0e94
q1a73e90c,d1b3c5702
q1a73e90c,d1b3af812
q1a73e90c,d1b37a4a0
q1a73e90c,d1b3aad30
q1a73e90c,d1b395502
q1a73e90c,d1b3bacc6
q1a73e90c,d1a7255f6
q1a73e90c,d1b37721e
q1a73e90c,d1b3be84e
q1a7264e2,d1b2f6042
q1a7264e2,d1a716c9a
q1a7264e2,d1b3babf4
q1a7264e2,d1a71a278
q1a7264e2,d1b2eb728
q1a7264e2,d1b3259b4
q1a7264e2,d1a7118d0
q1a7264e2,d1b329dc0
q1a7264e2,d1b32c4da
q1a7264e2,d1b3c11c0
q1a725ed4,d1a725f60
q1a725ed4,d1b3bdaa2
q1a725ed4,d1b371d0a
q1a725ed4,d1b32441a
q1a725ed4,d1b32309c
q1a725ed4,d1b3975be
q1a725ed4,d1b32e5be
q1a725ed4,d1a73d426
q1a725ed4,d1b2e225e
q1a725ed4,d1b390fa2
q1a733160,d1a7331d8
q1a733160,d1b39a084
q1a733160,d1b36a2ee
q1a733160,d1b3aafce
q1a733160,d1b370f68
q1a733160,d1b330ab2
q1a733160,d1b375b44
q1a733160,d1b3018d4
q1a733160,d1b36901a
q1a733160,d1b3ad8aa
q1a720a1a,d1b3a0c72
q1a720a1a,d1a720a88
q1a720a1a,d1b3aefe8
q1a720a1a,d1b3c4b36
q1a720a1a,d1b327fa2
q1a720a1a,d1b3c874a
q1a720a1a,d1b3b5438
q1a720a1a,d1b364542
q1a720a1a,d1b2ea2ec
q1a720a1a,d1b393784
q1a729322,d1a72949e
q1a729322,d1b326814
q1a729322,d1b3be51a
q1a729322,d1b35cb8a
q1a729322,d1b35243c
q1a729322,d1a71726c
q1a729322,d1b388c26
q1a729322,d1b347b86
q1a729322,d1b346f9c
q1a729322,d1b359f5c
q1a71f67e,d1b30b5d2
q1a71f67e,d1b30b0a0
q1a71f67e,d1b32a568
q1a71f67e,d1b36c6de
q1a71f67e,d1b316f0e
q1a71f67e,d1b3878a8
q1a71f67e,d1b30b4b0
q1a71f67e,d1b35f81c
q1a71f67e,d1b33d28a
q1a71f67e,d1b372c46
q1a71fdb8,d1a71febc
q1a71fdb8,d1b2f1524
q1a71fdb8,d1b3597d2
q1a71fdb8,d1b39616e
q1a71fdb8,d1b31baa4
q1a71fdb8,d1b37937a
q1a71fdb8,d1b2f4fc6
q1a71fdb8,d1b32f824
q1a71fdb8,d1b3662d4
q1a71fdb8,d1b39ed82
q1a72c9e6,d1b372c46
q1a72c9e6,d1b30b0a0
q1a72c9e6,d1b316f0e
q1a72c9e6,d1b36c6de
q1a72c9e6,d1a72cac2
q1a72c9e6,d1b3c36a0
q1a72c9e6,d1b3878a8
q1a72c9e6,d1b32a568
q1a72c9e6,d1b3a9a7a
q1a72c9e6,d1b30b5d2
q1a724e26,d1b384482
q1a724e26,d1b39ed82
q1a724e26,d1b36fa96
q1a724e26,d1b3a7932
q1a724e26,d1b3abcb2
q1a724e26,d1b2f345a
q1a724e26,d1b35b7bc
q1a724e26,d1b399044
q1a724e26,d1b3a812a
q1a724e26,d1b342b5e
q1a720740,d1a72083a
q1a720740,d1b3300b2
q1a720740,d1b309df4
q1a720740,d1b34be20
q1a720740,d1b315816
q1a720740,d1a73ab0e
q1a720740,d1b393522
q1a720740,d1a72ccde
q1a720740,d1b3278c2
q1a720740,d1b35c64e
q1a72efd4,d1b33d3ca
q1a72efd4,d1b2f19b6
q1a72efd4,d1b369f60
q1a72efd4,d1b349f26
q1a72efd4,d1b351974
q1a72efd4,d1b2f1d3a
q1a72efd4,d1b3c1bb6
q1a72efd4,d1b2fcf50
q1a72efd4,d1b32309c
q1a72efd4,d1b339a5e
q1a741e0e,d1a741ec2
q1a741e0e,d1b2f208c
q1a741e0e,d1b33d05a
q1a741e0e,d1b385a12
q1a741e0e,d1b2e373a
q1a741e0e,d1b3193e4
q1a741e0e,d1b35c9dc
q1a741e0e,d1b30c658
q1a741e0e,d1b358d14
q1a741e0e,d1b3274f8
q1a7121fe,d1b34d45a
q1a7121fe,d1b336c6e
q1a7121fe,d1a713f36
q1a7121fe,d1b3947f6
q1a7121fe,d1b385a12
q1a7121fe,d1b3afaba
q1a7121fe,d1b2ebf84
q1a7121fe,d1b34238e
q1a7121fe,d1b3a2568
q1a7121fe,d1b39576e
q1a72ec28,d1a72ed36
q1a72ec28,d1b3780ba
q1a72ec28,d1b37e6a4
q1a72ec28,d1b397320
q1a72ec28,d1b2ed62c
q1a72ec28,d1b377714
q1a72ec28,d1b39b150
q1a72ec28,d1b31b176
q1a72ec28,d1b389748
q1a72ec28,d1b3a9962
q1a73bee6,d1b30812a
q1a73bee6,d1b36fe9c
q1a73bee6,d1a7310a4
q1a73bee6,d1b31330e
q1a73bee6,d1b36f398
q1a73bee6,d1b306456
q1a73bee6,d1a73bfc2
q1a73bee6,d1b380d82
q1a73bee6,d1b35243c
q1a73bee6,d1b324668
q1a737670,d1a7376e8
q1a737670,d1b32002c
q1a737670,d1b398126
q1a737670,d1a7231d4
q1a737670,d1b359f5c
q1a737670,d1a71e47c
q1a737670,d1b3c5540
q1a737670,d1b38d1cc
q1a737670,d1b385396
q1a737670,d1b3b7e86
q1a740bee,d1b36fa96
q1a740bee,d1b359ce6
q1a740bee,d1b3c0eaa
q1a740bee,d1b371d0a
q1a740bee,d1b3abcb2
q1a740bee,d1b31137e
q1a740bee,d1b3a9174
q1a740bee,d1b2f9a8a
q1a740bee,d1b33b534
q1a740bee,d1b34bd44
q1a714c4c,d1b321094
q1a714c4c,d1b39336a
q1a714c4c,d1a714cd8
q1a714c4c,d1a71dd10
q1a714c4c,d1b39d270
q1a714c4c,d1b369a38
q1a714c4c,d1b30edb8
q1a714c4c,d1b31bcc0
q1a714c4c,d1b2e42de
q1a714c4c,d1b389496
q1a73db7e,d1b340732
q1a73db7e,d1b385576
q1a73db7e,d1b3aeeda
q1a73db7e,d1b356de8
q1a73db7e,d1b395eee
q1a73db7e,d1b39e936
q1a73db7e,d1b3703ba
q1a73db7e,d1b373150
q1a73db7e,d1b31bba8
q1a73db7e,d1b384266
q1a72b65e,d1a73ba68
q1a72b65e,d1b3c874a
q1a72b65e,d1b32bf12
q1a72b65e,d1b3b9c72
q1a72b65e,d1a72b690
q1a72b65e,d1b3813b8
q1a72b65e,d1b327fa2
q1a72b65e,d1b35ce14
q1a72b65e,d1b3aefe8
q1a72b65e,d1b3a0c72
q1a71f25a,d1b34befc
q1a71f25a,d1a71f2f0
q1a71f25a,d1a731a4a
q1a71f25a,d1b312dd2
q1a71f25a,d1b38489c
q1a71f25a,d1b37ee24
q1a71f25a,d1b36a6ae
q1a71f25a,d1b3879b6
q1a71f25a,d1b35ce14
q1a71f25a,d1b3ae124
q1a717168,d1a71726c
q1a717168,d1b3be51a
q1a717168,d1b30ad1c
q1a717168,d1b322e9e
q1a717168,d1b2eab2a
q1a717168,d1b31aa78
q1a717168,d1b35da30
q1a717168,d1b346d12
q1a717168,d1a732f9e
q1a717168,d1b3a7720
q1a73b216,d1b2ef3dc
q1a73b216,d1b369c7c
q1a73b216,d1b387d08
q1a73b216,d1b32c020
q1a73b216,d1b31ce72
q1a73b216,d1b3c1bb6
q1a73b216,d1b33f3be
q1a73b216,d1b3757ac
q1a73b216,d1b350a7e
q1a73b216,d1b365e2e
q1a722112,d1a722202
q1a722112,d1b36b5ae
q1a722112,d1b345d9a
q1a722112,d1b39b222
q1a722112,d1b354d0e
q1a722112,d1b35e70a
q1a722112,d1b2e4c34
q1a722112,d1b386b1a
q1a722112,d1b3affd8
q1a722112,d1b34d356
q1a73af96,d1b3b8c3c
q1a73af96,d1b380d82
q1a73af96,d1b382eac
q1a73af96,d1b2fa340
q1a73af96,d1b325d42
q1a73af96,d1b3a8bde
q1a73af96,d1b3b0e1a
q1a73af96,d1b39dd06
q1a73af96,d1b393f5e
q1a73af96,d1b373862
q1a71ba4c,d1a71bb78
q1a71ba4c,d1b336d72
q1a71ba4c,d1b33b3e0
q1a71ba4c,d1b349198
q1a71ba4c,d1b3711d4
q1a71ba4c,d1b39b4fc
q1a71ba4c,d1b3a042a
q1a71ba4c,d1b32f14e
q1a71ba4c,d1b357e96
q1a71ba4c,d1b33a9ea
q1a73c6ca,d1a73c7c4
q1a73c6ca,d1b35446c
q1a73c6ca,d1b3b353e
q1a73c6ca,d1b32d7cc
q1a73c6ca,d1b306aa0
q1a73c6ca,d1a72a0ce
q1a73c6ca,d1b34a598
q1a73c6ca,d1b349954
q1a73c6ca,d1b36cf58
q1a73c6ca,d1b369c7c
q1a72964c,d1a7296ba
q1a72964c,d1b3578f6
q1a72964c,d1b310168
q1a72964c,d1b2fa340
q1a72964c,d1b315bcc
q1a72964c,d1a717c44
q1a72964c,d1b300d1c
q1a72964c,d1b38b71e
q1a72964c,d1b2f066a
q1a72964c,d1b362436
q1a71bf92,d1a71c082
q1a71bf92,d1b337a92
q1a71bf92,d1b3b50be
q1a71bf92,d1a737d96
q1a71bf92,d1b34f3a4
q1a71bf92,d1a727e1e
q1a71bf92,d1b3c1bb6
q1a71bf92,d1b3183d6
q1a71bf92,d1b3757ac
q1a71bf92,d1b3af9ca
q1a736e14,d1a736f40
q1a736e14,d1b395eee
q1a736e14,d1b3a3fbc
q1a736e14,d1b33486a
q1a736e14,d1b3457fa
q1a736e14,d1b366ce8
q1a736e14,d1b2f8856
q1a736e14,d1b39e53a
q1a736e14,d1b3187c8
q1a736e14,d1a740f04
q1a735258,d1b3a8756
q1a735258,d1a735294
q1a735258,d1b34e18e
q1a735258,d1b2f4418
q1a735258,d1b2f345a
q1a735258,d1b32bf12
q1a735258,d1b362436
q1a735258,d1b38404a
q1a735258,d1b384482
q1a735258,d1b3970fa
q1a713ac2,d1b392abe
q1a713ac2,d1b3c2bce
q1a713ac2,d1b38cac4
q1a713ac2,d1b39a926
q1a713ac2,d1b3182b4
q1a713ac2,d1b30964c
q1a713ac2,d1b2e83de
q1a713ac2,d1b33fdd2
q1a713ac2,d1b3bbe96
q1a713ac2,d1b35fc90
q1a715200,d1b360794
q1a715200,d1b35ae3e
q1a715200,d1b34e18e
q1a715200,d1b38504e
q1a715200,d1b355d9e
q1a715200,d1b34d45a
q1a715200,d1a715322
q1a715200,d1b2ebf84
q1a715200,d1b2ec5ba
q1a715200,d1a73cf94
q1a719314,d1a719490
q1a719314,d1b3188ea
q1a719314,d1b398f54
q1a719314,d1a735294
q1a719314,d1b36abc2
q1a719314,d1b3970fa
q1a719314,d1b3971fe
q1a719314,d1b30a074
q1a719314,d1a732f9e
q1a719314,d1b2f4418
q1a723314,d1a7233f0
q1a723314,d1b31fef6
q1a723314,d1b3c2610
q1a723314,d1b3416dc
q1a723314,d1b2eed56
q1a723314,d1b33bd86
q1a723314,d1b374d48
q1a723314,d1b34e72e
q1a723314,d1b39034a
q1a723314,d1b307fae
q1a73c1a2,d1b2e63f4
q1a73c1a2,d1b37721e
q1a73c1a2,d1b3aad30
q1a73c1a2,d1b3af812
q1a73c1a2,d1b363ea8
q1a73c1a2,d1b3be84e
q1a73c1a2,d1b2ee16c
q1a73c1a2,d1b3254a0
q1a73c1a2,d1b3c5fe0
q1a73c1a2,d1b39417a
q1a73f424,d1a73f564
q1a73f424,d1b30513c
q1a73f424,d1b328f2e
q1a73f424,d1b30cb26
q1a73f424,d1b30928c
q1a73f424,d1b39f8d6
q1a73f424,d1b37937a
q1a73f424,d1b350c5e
q1a73f424,d1b34e3dc
q1a73f424,d1b3373e4
q1a7173b6,d1b39d63a
q1a7173b6,d1b3958ea
q1a7173b6,d1b31a1cc
q1a7173b6,d1b3879b6
q1a7173b6,d1b30842c
q1a7173b6,d1b2fa340
q1a7173b6,d1a73744a
q1a7173b6,d1b3b82e6
q1a7173b6,d1b343e64
q1a7173b6,d1b3c6bc0
q1a731c0c,d1b32fc66
q1a731c0c,d1b31bec8
q1a731c0c,d1b3520ea
q1a731c0c,d1b36001e
q1a731c0c,d1b3ac11c
q1a731c0c,d1b34befc
q1a731c0c,d1b3403d6
q1a731c0c,d1b34db9e
q1a731c0c,d1b3ad3be
q1a731c0c,d1b3bd4a8
q1a7207c2,d1b39a084
q1a7207c2,d1a72083a
q1a7207c2,d1b304b42
q1a7207c2,d1b38eae0
q1a7207c2,d1b37e578
q1a7207c2,d1b387d08
q1a7207c2,d1b32c020
q1a7207c2,d1b3bfe6a
q1a7207c2,d1b2ef3dc
q1a7207c2,d1b3bb6f8
q1a72e75a,d1a72e818
q1a72e75a,d1b332632
q1a72e75a,d1b3a358a
q1a72e75a,d1b377142
q1a72e75a,d1b2fbfce
q1a72e75a,d1b356de8
q1a72e75a,d1b3ac11c
q1a72e75a,d1a734402
q1a72e75a,d1b305416
q1a72e75a,d1a722f4a
q1a716f1a,d1b374d48
q1a716f1a,d1b3b4f4c
q1a716f1a,d1b34e29c
q1a716f1a,d1b38b426
q1a716f1a,d1b2e8924
q1a716f1a,d1b36b914
q1a716f1a,d1b39ee90
q1a716f1a,d1b335418
q1a716f1a,d1b3791b8
q1a716f1a,d1b38f58a
q1a71983c,d1b3a52c2
q1a71983c,d1b2fff16
q1a71983c,d1b33b534
q1a71983c,d1a719972
q1a71983c,d1b346902
q1a71983c,d1b3a3490
q1a71983c,d1b31c274
q1a71983c,d1b360cc6
q1a71983c,d1b367b34
q1a71983c,d1b323290
q1a71a1ce,d1a72bf32
q1a71a1ce,d1b32c020
q1a71a1ce,d1b354d0e
q1a71a1ce,d1b322e9e
q1a71a1ce,d1b329cc6
q1a71a1ce,d1b3c8362
q1a71a1ce,d1b372106
q1a71a1ce,d1b38ce02
q1a71a1ce,d1b3795dc
q1a71a1ce,d1b386b1a
q1a740b9e,d1b3a9a7a
q1a740b9e,d1b39ed82
q1a740b9e,d1b35b7bc
q1a740b9e,d1b36fa96
q1a740b9e,d1b3a7932
q1a740b9e,d1b384482
q1a740b9e,d1a740c66
q1a740b9e,d1b36ac94
q1a740b9e,d1b31137e
q1a740b9e,d1a72c19e
q1a727d4c,d1b34bfec
q1a727d4c,d1b346114
q1a727d4c,d1a727e1e
q1a727d4c,d1b3beb3c
q1a727d4c,d1b2ef3dc
q1a727d4c,d1b387d08
q1a727d4c,d1b3bccba
q1a727d4c,d1b33f166
q1a727d4c,d1a722c66
q1a727d4c,d1b35493a
q1a719634,d1a714224
q1a719634,d1a719738
q1a719634,d1b370248
q1a719634,d1b351262
q1a719634,d1b36c206
q1a719634,d1b30f236
q1a719634,d1b39b8f8
q1a719634,d1b375054
q1a719634,d1b36065e
q1a719634,d1a715322
q1a74168e,d1b347b86
q1a74168e,d1b359f5c
q1a74168e,d1a741756
q1a74168e,d1b3947f6
q1a74168e,d1b36901a
q1a74168e,d1b3c7c0a
q1a74168e,d1b322e9e
q1a74168e,d1b3ba3c0
q1a74168e,d1b336c6e
q1a74168e,d1b34d45a
q1a71d22a,d1b343144
q1a71d22a,d1b3a7720
q1a71d22a,d1b307b12
q1a71d22a,d1b326724
q1a71d22a,d1b3bfd5c
q1a71d22a,d1b3150c8
q1a71d22a,d1b39887e
q1a71d22a,d1b2ef24c
q1a71d22a,d1b3453e0
q1a71d22a,d1b39c5b4
q1a71712c,d1a71726c
q1a71712c,d1b326814
q1a71712c,d1b337542
q1a71712c,d1b332d58
q1a71712c,d1b346d12
q1a71712c,d1b3be51a
q1a71712c,d1b30ad1c
q1a71712c,d1b35da30
q1a71712c,d1b364006
q1a71712c,d1b388c26
q1a726776,d1b3929ec
q1a726776,d1b2fc294
q1a726776,d1b369f60
q1a726776,d1b32c854
q1a726776,d1b33d3ca
q1a726776,d1b3b1ebe
q1a726776,d1b2f19b6
q1a726776,d1b31f082
q1a726776,d1b3307f6
q1a726776,d1b339a5e
q1a714ee0,d1b35da30
q1a714ee0,d1a714f9e
q1a714ee0,d1b369218
q1a714ee0,d1b3630ca
q1a714ee0,d1b32309c
q1a714ee0,d1b325ba8
q1a714ee0,d1b38e284
q1a714ee0,d1b37066c
q1a714ee0,d1b31ae60
q1a714ee0,d1b374e60
q1a729066,d1b3c743a
q1a729066,d1b3791b8
q1a729066,d1b324168
q1a729066,d1b33dec4
q1a729066,d1b374d48
q1a729066,d1b3b7238
q1a729066,d1b36b914
q1a729066,d1b30c7f2
q1a729066,d1b34e29c
q1a729066,d1b35e57a
q1a72dad0,d1a7303b6
q1a72dad0,d1b3af434
q1a72dad0,d1b35b460
q1a72dad0,d1b36b914
q1a72dad0,d1b36de6c
q1a72dad0,d1b362116
q1a72dad0,d1b38ba70
q1a72dad0,d1b3391b2
q1a72dad0,d1b3967cc
q1a72dad0,d1b393aa4
q1a72a524,d1a71ea1c
q1a72a524,d1b35e57a
q1a72a524,d1b2f3d88
q1a72a524,d1b3c1bb6
q1a72a524,d1b374d48
q1a72a524,d1a7290b6
q1a72a524,d1a72a5d8
q1a72a524,d1b3b00fa
q1a72a524,d1b36de6c
q1a72a524,d1b3b5dc0
q1a713338,d1a713428
q1a713338,d1b342c1c
q1a713338,d1a731748
q1a713338,d1b2fdc34
q1a713338,d1b3967cc
q1a713338,d1a721654
q1a713338,d1b2e6b6a
q1a713338,d1b38fdc8
q1a713338,d1b2e1b42
q1a713338,d1a72dc10
q1a71f930,d1b34e4e0
q1a71f930,d1b307b12
q1a71f930,d1b2f0c14
q1a71f930,d1b30687a
q1a71f930,d1b35acf4
q1a71f930,d1b32fd60
q1a71f930,d1b36fdf2
q1a71f930,d1b35d1ac
q1a71f930,d1b384482
q1a71f930,d1b3046d8
q1a73f9b0,d1a73fa6e
q1a73f9b0,d1b3a7ef0
q1a73f9b0,d1b304246
q1a73f9b0,d1a731a4a
q1a73f9b0,d1b313dcc
q1a73f9b0,d1b3a781a
q1a73f9b0,d1b312dd2
q1a73f9b0,d1b3471ea
q1a73f9b0,d1b3270fc
q1a73f9b0,d1b36a6ae
q1a71b542,d1b30ce78
q1a71b542,d1b3b3ffc
q1a71b542,d1b38a3e6
q1a71b542,d1b30513c
q1a71b542,d1b34b02e
q1a71b542,d1b318a5c
q1a71b542,d1b2f6ccc
q1a71b542,d1b32cade
q1a71b542,d1a716c9a
q1a71b542,d1b2edfd2
q1a714986,d1a73f79e
q1a714986,d1b31fef6
q1a714986,d1b3a2fb8
q1a714986,d1a714a58
q1a714986,d1b30c7f2
q1a714986,d1b324168
q1a714986,d1b37188c
q1a714986,d1b3c41c2
q1a714986,d1b36daca
q1a714986,d1b3ab398
q1a714706,d1b375874
q1a714706,d1a71479c
q1a714706,d1b2e766e
q1a714706,d1b3259b4
q1a714706,d1b3471ea
q1a714706,d1b36fe9c
q1a714706,d1b35aae2
q1a714706,d1b3991d4
q1a714706,d1b366ad6
q1a714706,d1b3af34e
q1a72810c,d1b3c8362
q1a72810c,d1b3b4ac4
q1a72810c,d1b36cad0
q1a72810c,d1b339068
q1a72810c,d1b380a62
q1a72810c,d1b2f65ce
q1a72810c,d1b3b497a
q1a72810c,d1a7138d8
q1a72810c,d1b3b9d80
q1a72810c,d1b34d946
q1a71f200,d1a71f2f0
q1a71f200,d1b38e400
q1a71f200,d1b36a532
q1a71f200,d1b3879b6
q1a71f200,d1b33a3fa
q1a71f200,d1b343e64
q1a71f200,d1b35f90c
q1a71f200,d1b39ed82
q1a71f200,d1b332efc
q1a71f200,d1b3c6bc0
q1a712460,d1a712532
q1a712460,d1b38e78e
q1a712460,d1b2f8c2a
q1a712460,d1b33b2f0
q1a712460,d1b327d22
q1a712460,d1b2fbac4
q1a712460,d1b3520ea
q1a712460,d1b34e3dc
q1a712460,d1b2f6042
q1a712460,d1b39f8d6
q1a725916,d1a725a2e
q1a725916,d1b3b46be
q1a725916,d1b3bdba6
q1a725916,d1b31aff0
q1a725916,d1b387d08
q1a725916,d1b30755e
q1a725916,d1b33ec7a
q1a725916,d1b370540
q1a725916,d1b362d1e
q1a725916,d1b36d52a
q1a73e5ce,d1b39417a
q1a73e5ce,d1b3a6fa0
q1a73e5ce,d1a73e6aa
q1a73e5ce,d1b3be84e
q1a73e5ce,d1b35c7a2
q1a73e5ce,d1b36c206
q1a73e5ce,d1b351262
q1a73e5ce,d1b340df4
q1a73e5ce,d1b395eee
q1a73e5ce,d1b2fa4da
q1a71eb98,d1a71ec9c
q1a71eb98,d1a71aebc
q1a71eb98,d1b2fd590
q1a71eb98,d1b33ba66
q1a71eb98,d1b36cad0
q1a71eb98,d1b32b1f2
q1a71eb98,d1a72740a
q1a71eb98,d1b344f08
q1a71eb98,d1b39f28c
q1a71eb98,d1b362d1e
q1a73b6c6,d1b3b3a70
q1a73b6c6,d1b37336c
q1a73b6c6,d1b39c5b4
q1a73b6c6,d1b359e3a
q1a73b6c6,d1a73b824
q1a73b6c6,d1b31ae60
q1a73b6c6,d1b33ba66
q1a73b6c6,d1b3c7098
q1a73b6c6,d1b36cad0
q1a73b6c6,d1b3a7720
q1a71b812,d1a71e1e8
q1a71b812,d1b32441a
q1a71b812,d1a740c66
q1a71b812,d1b33959a
q1a71b812,d1b31137e
q1a71b812,d1b3a7932
q1a71b812,d1b371d0a
q1a71b812,d1b39ed82
q1a71b812,d1b315a5a
q1a71b812,d1b35b7bc
q1a729d90,d1a729e44
q1a729d90,d1b3170d0
q1a729d90,d1b32c020
q1a729d90,d1b302856
q1a729d90,d1b344bb6
q1a729d90,d1a71dd10
q1a729d90,d1b34f9ee
q1a729d90,d1b389496
q1a729d90,d1a726af0
q1a729d90,d1b32dc04
q1a73556e,d1b34bfec
q1a73556e,d1a722c66
q1a73556e,d1b2e225e
q1a73556e,d1b2e5468
q1a73556e,d1a7309a6
q1a73556e,d1b3bccba
q1a73556e,d1b346114
q1a73556e,d1b33f166
q1a73556e,d1a72d756
q1a73556e,d1b349954
q1a73f014,d1b3c874a
q1a73f014,d1b3890d6
q1a73f014,d1b3b308e
q1a73f014,d1b39d34c
q1a73f014,d1b3086e8
q1a73f014,d1b36a1e0
q1a73f014,d1b3a0c72
q1a73f014,d1b3aefe8
q1a73f014,d1b347e60
q1a73f014,d1a735078
q1a718068,d1a718108
q1a718068,d1b362436
q1a718068,d1a726af0
q1a718068,d1b3a6596
q1a718068,d1b32c020
q1a718068,d1a71a4e4
q1a718068,d1b355ccc
q1a718068,d1b344bb6
q1a718068,d1b326d46
q1a718068,d1a719184
q1a722c2a,d1a7218e8
q1a722c2a,d1b32c020
q1a722c2a,d1b379906
q1a722c2a,d1b3879b6
q1a722c2a,d1b3c5d24
q1a722c2a,d1b3a197e
q1a722c2a,d1b377142
q1a722c2a,d1a722c66
q1a722c2a,d1b2e225e
q1a722c2a,d1b349b3e
q1a726fa0,d1b3c5a04
q1a726fa0,d1a7270c2
q1a726fa0,d1b32e28a
q1a726fa0,d1b308d82
q1a726fa0,d1b2f65ce
q1a726fa0,d1b34d946
q1a726fa0,d1b33db86
q1a726fa0,d1b3a9b60
q1a726fa0,d1b378880
q1a726fa0,d1b3c8362
q1a71b7e0,d1b36fa96
q1a71b7e0,d1b329e9c
q1a71b7e0,d1b359ce6
q1a71b7e0,d1b3c0eaa
q1a71b7e0,d1b371d0a
q1a71b7e0,d1b3abcb2
q1a71b7e0,d1b31137e
q1a71b7e0,d1b3a9174
q1a71b7e0,d1b2f9a8a
q1a71b7e0,d1b3a9a7a
q1a73d106,d1a73d19c
q1a73d106,d1b359e3a
q1a73d106,d1a73b824
q1a73d106,d1b3950ac
q1a73d106,d1b307b12
q1a73d106,d1b37336c
q1a73d106,d1a721d34
q1a73d106,d1b33d9ba
q1a73d106,d1b2f345a
q1a73d106,d1b35115e
q1a73ed12,d1b305416
q1a73ed12,d1b37b0da
q1a73ed12,d1b3408c2
q1a73ed12,d1a73ee34
q1a73ed12,d1b3be6fa
q1a73ed12,d1b3895d6
q1a73ed12,d1b36375a
q1a73ed12,d1b3a0baa
q1a73ed12,d1b2f109c
q1a73ed12,d1b3577de
q1a72ac9a,d1a72ad94
q1a72ac9a,d1b32e7f8
q1a72ac9a,d1b2eb728
q1a72ac9a,d1b3308fa
q1a72ac9a,d1a7326f2
q1a72ac9a,d1b384bc6
q1a72ac9a,d1b3c6bc0
q1a72ac9a,d1b39a7e6
q1a72ac9a,d1a727e1e
q1a72ac9a,d1b3c7a70
q1a739768,d1a739b32
q1a739768,d1b36803e
q1a739768,d1b393298
q1a739768,d1b3a26b2
q1a739768,d1b3bbb12
q1a739768,d1b3a74e6
q1a739768,d1b3c1404
q1a739768,d1b3b7da0
q1a739768,d1b361590
q1a739768,d1b2f89dc
q1a7221c6,d1b2ef3dc
q1a7221c6,d1b3c3fe2
q1a7221c6,d1b32c020
q1a7221c6,d1b387d08
q1a7221c6,d1b3bae6a
q1a7221c6,d1b32d2b8
q1a7221c6,d1a71dd10
q1a7221c6,d1b396fce
q1a7221c6,d1b33f3be
q1a7221c6,d1b3c1bb6
q1a725538,d1b37a4a0
q1a725538,d1a7255f6
q1a725538,d1b395502
q1a725538,d1b2f0e94
q1a725538,d1b3345c2
q1a725538,d1b3316ec
q1a725538,d1b33cd08
q1a725538,d1b3c5702
q1a725538,d1b36d3cc
q1a725538,d1b320888
q1a725c5e,d1a725d26
q1a725c5e,d1b2f2c94
q1a725c5e,d1b3a1e2e
q1a725c5e,d1b30f236
q1a725c5e,d1a7309a6
q1a725c5e,d1b38b0de
q1a725c5e,d1b3b353e
q1a725c5e,d1a71b272
q1a725c5e,d1b38a288
q1a725c5e,d1b35243c
q1a72a4f2,d1a72a5d8
q1a72a4f2,d1b3bbfae
q1a72a4f2,d1a730672
q1a72a4f2,d1b346c22
q1a72a4f2,d1b3c842a
q1a72a4f2,d1b33ddac
q1a72a4f2,d1b2ecc5e
q1a72a4f2,d1b3983ba
q1a72a4f2,d1b37b38c
q1a72a4f2,d1b3b46be
q1a7130a4,d1b365320
q1a7130a4,d1a7131e4
q1a7130a4,d1b377142
q1a7130a4,d1b3ab398
q1a7130a4,d1b3b15c2
q1a7130a4,d1b3162d4
q1a7130a4,d1b3143b2
q1a7130a4,d1b356de8
q1a7130a4,d1b3a3c88
q1a7130a4,d1b3b6eb4
q1a727702,d1a727810
q1a727702,d1b2f48d2
q1a727702,d1b395822
q1a727702,d1b39c12c
q1a727702,d1b370a72
q1a727702,d1b30a074
q1a727702,d1b2fb01a
q1a727702,d1b2ebf84
q1a727702,d1b315816
q1a727702,d1b349198
q1a71f4f8,d1a71f534
q1a71f4f8,d1b391e34
q1a71f4f8,d1b3ab668
q1a71f4f8,d1b3387a8
q1a71f4f8,d1b35c9dc
q1a71f4f8,d1b3a1794
q1a71f4f8,d1b3c0a5e
q1a71f4f8,d1b368e9e
q1a71f4f8,d1b359674
q1a71f4f8,d1b3bd598
q1a731c34,d1b399788
q1a731c34,d1b3a863e
q1a731c34,d1b36a1e0
q1a731c34,d1b358e2c
q1a731c34,d1b3aefe8
q1a731c34,d1b36398a
q1a731c34,d1b353846
q1a731c34,d1b37423a
q1a731c34,d1b3a0c72
q1a731c34,d1b344968
q1a71a142,d1a71a278
q1a71a142,d1b382cea
q1a71a142,d1b32c3fe
q1a71a142,d1b35a6c8
q1a71a142,d1b30252c
q1a71a142,d1b3c6bc0
q1a71a142,d1b304b42
q1a71a142,d1b37f428
q1a71a142,d1b387d08
q1a71a142,d1b35ea48
q1a732634,d1a7326f2
q1a732634,d1b2fdc34
q1a732634,d1b2e7a06
q1a732634,d1b39d4aa
q1a732634,d1b3c1bb6
q1a732634,d1b3416dc
q1a732634,d1b326f12
q1a732634,d1b3238b2
q1a732634,d1b2f3d88
q1a732634,d1b31b2e8
q1a72aa60,d1a72aac4
q1a72aa60,d1b2fb4a2
q1a72aa60,d1b38f0b2
q1a72aa60,d1b348b12
q1a72aa60,d1b35ff38
q1a72aa60,d1b35b8b6
q1a72aa60,d1b3495da
q1a72aa60,d1b370946
q1a72aa60,d1b384e32
q1a72aa60,d1b358d14
q1a73f19a,d1a73f2c6
q1a73f19a,d1b3ba7a8
q1a73f19a,d1b3172c4
q1a73f19a,d1b36136a
q1a73f19a,d1b38ffda
q1a73f19a,d1b2e707e
q1a73f19a,d1b329a00
q1a73f19a,d1b2e8b36
q1a73f19a,d1b391a42
q1a73f19a,d1b35b096
q1a72feac,d1a72ff9c
q1a72feac,d1b35243c
q1a72feac,d1b31567c
q1a72feac,d1b3b8c3c
q1a72feac,d1b335b34
q1a72feac,d1b2fb2f4
q1a72feac,d1b341db2
q1a72feac,d1b3a8bde
q1a72feac,d1b373862
q1a72feac,d1b304e80
q1a71aae8,d1a71ac1e
q1a71aae8,d1b35f150
q1a71aae8,d1b3b0d3e
q1a71aae8,d1b3a3364
q1a71aae8,d1a71cca8
q1a71aae8,d1b337dbc
q1a71aae8,d1b36bf9a
q1a71aae8,d1b3a5bd2
q1a71aae8,d1b3aa0e2
q1a71aae8,d1b325108
q1a7236fc,d1b369c7c
q1a7236fc,d1b3a2e78
q1a7236fc,d1b388e88
q1a7236fc,d1b3495da
q1a7236fc,d1b371d0a
q1a7236fc,d1b31f906
q1a7236fc,d1b3a9a7a
q1a7236fc,d1b2e63f4
q1a7236fc,d1b35b7bc
q1a7236fc,d1a736f40
q1a73fba4,d1b363192
q1a73fba4,d1b3789d4
q1a73fba4,d1b37c32c
q1a73fba4,d1b34c1cc
q1a73fba4,d1a712ec4
q1a73fba4,d1b305ef2
q1a73fba4,d1a741756
q1a73fba4,d1b35ede0
q1a73fba4,d1a7411b6
q1a73fba4,d1b36375a
q1a712adc,d1b3b8da4
q1a712adc,d1b2e5468
q1a712adc,d1b2fc51e
q1a712adc,d1b3712f6
q1a712adc,d1b394f12
q1a712adc,d1b35b7bc
q1a712adc,d1a7331d8
q1a712adc,d1b3aeb92
q1a712adc,d1b2fe508
q1a712adc,d1b35493a
q1a730f64,d1a7310a4
q1a730f64,d1b39f8d6
q1a730f64,d1a738d04
q1a730f64,d1b3ae8fe
q1a730f64,d1b35bc4e
q1a730f64,d1b3182b4
q1a730f64,d1b384e32
q1a730f64,d1b3856e8
q1a730f64,d1a716c9a
q1a730f64,d1b389a04
q1a72b38e,d1b3692cc
q1a72b38e,d1a72b474
q1a72b38e,d1a71456c
q1a72b38e,d1b3832bc
q1a72b38e,d1b3c0a5e
q1a72b38e,d1b3bb81a
q1a72b38e,d1b37dfd8
q1a72b38e,d1b347e60
q1a72b38e,d1b33829e
q1a72b38e,d1b396c7c
q1a7329ea,d1b2e92ac
q1a7329ea,d1b36a2ee
q1a7329ea,d1b3bf370
q1a7329ea,d1a732a94
q1a7329ea,d1b337650
q1a7329ea,d1b2e34ec
q1a7329ea,d1b38e284
q1a7329ea,d1b32bf12
q1a7329ea,d1b3b3926
q1a7329ea,d1b31b40a
q1a7113c6,d1a711510
q1a7113c6,d1b38e658
q1a7113c6,d1b3b3764
q1a7113c6,d1b36279c
q1a7113c6,d1b35e44e
q1a7113c6,d1b336516
q1a7113c6,d1b398cac
q1a7113c6,d1b2f0156
q1a7113c6,d1b307338
q1a7113c6,d1b36474a
q1a71bdd0,d1a71be0c
q1a71bdd0,d1b304548
q1a71bdd0,d1b3b0bd6
q1a71bdd0,d1b3457fa
q1a71bdd0,d1b328920
q1a71bdd0,d1b3aeb92
q1a71bdd0,d1b2e2826
q1a71bdd0,d1a71cca8
q1a71bdd0,d1b3187c8
q1a71bdd0,d1b3b3c00
q1a725ea2,d1b352572
q1a725ea2,d1a722a18
q1a725ea2,d1b3ae8fe
q1a725ea2,d1b3182b4
q1a725ea2,d1b39f8d6
q1a725ea2,d1b325108
q1a725ea2,d1b3a3364
q1a725ea2,d1b325f2c
q1a725ea2,d1b3c4d8e
q1a725ea2,d1a71da5e
q1a7261ae,d1b37e578
q1a7261ae,d1b369c7c
q1a7261ae,d1b32c020
q1a7261ae,d1a73f2c6
q1a7261ae,d1b35ea48
q1a7261ae,d1a722a18
q1a7261ae,d1b31bba8
q1a7261ae,d1b326508
q1a7261ae,d1a734402
q1a7261ae,d1b2f539a
q1a71a61a,d1b3381ea
q1a71a61a,d1b368c82
q1a71a61a,d1b351a3c
q1a71a61a,d1b3719ae
q1a71a61a,d1b347398
q1a71a61a,d1b393298
q1a71a61a,d1b3052cc
q1a71a61a,d1a73899e
q1a71a61a,d1a71a764
q1a71a61a,d1b36f5aa
q1a72179e,d1a7218e8
q1a72179e,d1b379906
q1a72179e,d1b32c020
q1a72179e,d1b3c5d24
q1a72179e,d1b30f236
q1a72179e,d1b2e225e
q1a72179e,d1a722c66
q1a72179e,d1b3879b6
q1a72179e,d1b349b3e
q1a72179e,d1b377142
q1a7319d2,d1a731a4a
q1a7319d2,d1b35b1fe
q1a7319d2,d1b376800
q1a7319d2,d1b3b91b4
q1a7319d2,d1b39a7e6
q1a7319d2,d1b39dacc
q1a7319d2,d1b3b9038
q1a7319d2,d1b3c6bc0
q1a7319d2,d1b35ea48
q1a7319d2,d1b31f42e
q1a73f76c,d1b3c1bb6
q1a73f76c,d1b3c743a
q1a73f76c,d1b3238b2
q1a73f76c,d1b39d4aa
q1a73f76c,d1b30c7f2
q1a73f76c,d1b31fef6
q1a73f76c,d1b3a2fb8
q1a73f76c,d1b3791b8
q1a73f76c,d1a73f79e
q1a73f76c,d1b3b5c94
q1a717438,d1b3879b6
q1a717438,d1b343e64
q1a717438,d1b3958ea
q1a717438,d1b362116
q1a717438,d1b35a6c8
q1a717438,d1b3a8bde
q1a717438,d1b3b82e6
q1a717438,d1b35f90c
q1a717438,d1b2edfd2
q1a717438,d1b369c7c
q1a7182f2,d1a7183ce
q1a7182f2,d1b32be18
q1a7182f2,d1a711fd8
q1a7182f2,d1b34a598
q1a7182f2,d1b306aa0
q1a7182f2,d1b35446c
q1a7182f2,d1b31cd64
q1a7182f2,d1a73c7c4
q1a7182f2,d1b3926d6
q1a7182f2,d1b3b353e
q1a73fbd6,d1b363192
q1a73fbd6,d1b3789d4
q1a73fbd6,d1b2f8694
q1a73fbd6,d1b305ef2
q1a73fbd6,d1b37c32c
q1a73fbd6,d1b334a2c
q1a73fbd6,d1b345f84
q1a73fbd6,d1a712ec4
q1a73fbd6,d1b343a22
q1a73fbd6,d1b2eead6
q1a72e11a,d1b321094
q1a72e11a,d1a71dd10
q1a72e11a,d1a72e1ec
q1a72e11a,d1b313dcc
q1a72e11a,d1b30edb8
q1a72e11a,d1b2e42de
q1a72e11a,d1a714cd8
q1a72e11a,d1b31b73e
q1a72e11a,d1b369a38
q1a72e11a,d1b39336a
q1a729d36,d1a729e44
q1a729d36,d1b32360a
q1a729d36,d1b30f236
q1a729d36,d1b31d1f6
q1a729d36,d1a719184
q1a729d36,d1b39fa5c
q1a729d36,d1b3170d0
q1a729d36,d1b349b3e
q1a729d36,d1b33bd86
q1a729d36,d1b3bb180
q1a733c00,d1b3182b4
q1a733c00,d1b2eb8cc
q1a733c00,d1b35fc90
q1a733c00,d1b3357ce
q1a733c00,d1b392abe
q1a733c00,d1b302c5c
q1a733c00,d1b3c874a
q1a733c00,d1b3c2bce
q1a733c00,d1b39a926
q1a733c00,d1b3946fc
q1a736c2a,d1a7331d8
q1a736c2a,d1b347618
q1a736c2a,d1b340df4
q1a736c2a,d1a736cca
q1a736c2a,d1b342b5e
q1a736c2a,d1b33cd08
q1a736c2a,d1a71f084
q1a736c2a,d1b374154
q1a736c2a,d1b3a61cc
q1a736c2a,d1b3c3056
q1a71719a,d1b326814
q1a71719a,d1a71726c
q1a71719a,d1b388c26
q1a71719a,d1b30ad1c
q1a71719a,d1b346d12
q1a71719a,d1b32cf84
q1a71719a,d1b332d58
q1a71719a,d1b346f9c
q1a71719a,d1b347e60
q1a71719a,d1b30ab0a
q1a730370,d1a7303b6
q1a730370,d1b3967cc
q1a730370,d1b3b9e5c
q1a730370,d1b3391b2
q1a730370,d1b2fdc34
q1a730370,d1a726d7a
q1a730370,d1b3b82e6
q1a730370,d1b33bf5c
q1a730370,d1b32ab9e
q1a730370,d1b3b0226
q1a717adc,d1b32a2ac
q1a717adc,d1b33ddac
q1a717adc,d1b2ecc5e
q1a717adc,d1b346902
q1a717adc,d1b3441a2
q1a717adc,d1b386e80
q1a717adc,d1b303a08
q1a717adc,d1b38257e
q1a717adc,d1b2fcf50
q1a717adc,d1a72949e
q1a73a744,d1a73a852
q1a73a744,d1a72a812
q1a73a744,d1b3b10cc
q1a73a744,d1a739434
q1a73a744,d1b3b641e
q1a73a744,d1b3b7da0
q1a73a744,d1b3558a8
q1a73a744,d1b2f5688
q1a73a744,d1b321daa
q1a73a744,d1b33347e
q1a719d14,d1b342b5e
q1a719d14,d1b3495da
q1a719d14,d1b313eda
q1a719d14,d1b3a9174
q1a719d14,d1b33f274
q1a719d14,d1b3bbd7e
q1a719d14,d1b388e88
q1a719d14,d1b31ad02
q1a719d14,d1b3712f6
q1a719d14,d1a71b272
q1a74037e,d1b310cd0
q1a74037e,d1a740464
q1a74037e,d1b3a3288
q1a74037e,d1b3022fc
q1a74037e,d1b31b4fa
q1a74037e,d1b3a7f9a
q1a74037e,d1b307c48
q1a74037e,d1b3a277a
q1a74037e,d1b3b4cea
q1a74037e,d1b390a2a
q1a71bfba,d1a71c082
q1a71bfba,d1b3b641e
q1a71bfba,d1b2e55ee
q1a71bfba,d1b3b5f14
q1a71bfba,d1b2ea8fa
q1a71bfba,d1b361932
q1a71bfba,d1b320608
q1a71bfba,d1b2fe508
q1a71bfba,d1b364844
q1a71bfba,d1a73899e
q1a71336a,d1b31d1f6
q1a71336a,d1b326a3a
q1a71336a,d1b3127ec
q1a71336a,d1b3a8f4e
q1a71336a,d1b343856
q1a71336a,d1a713428
q1a71336a,d1b368c82
q1a71336a,d1b30bbfe
q1a71336a,d1b347398
q1a71336a,d1b39034a
q1a73aa46,d1b3974ce
q1a73aa46,d1b38897e
q1a73aa46,d1b341a38
q1a73aa46,d1b3b3926
q1a73aa46,d1b2f4e5e
q1a73aa46,d1b375b44
q1a73aa46,d1b3890d6
q1a73aa46,d1b3963b2
q1a73aa46,d1b3b308e
q1a73aa46,d1b309b74
q1a71580e,d1b362116
q1a71580e,d1b3b7382
q1a71580e,d1a715854
q1a71580e,d1b39ed82
q1a71580e,d1b3a8bde
q1a71580e,d1b3c160c
q1a71580e,d1b3520ea
q1a71580e,d1a73f564
q1a71580e,d1b3a81f2
q1a71580e,d1b39b4fc
q1a714bb6,d1b321094
q1a714bb6,d1b39336a
q1a714bb6,d1b31b73e
q1a714bb6,d1a714cd8
q1a714bb6,d1a71dd10
q1a714bb6,d1b39d270
q1a714bb6,d1b369a38
q1a714bb6,d1b389496
q1a714bb6,d1b30edb8
q1a714bb6,d1b313dcc
q1a72d094,d1b377f84
q1a72d094,d1b3a734c
q1a72d094,d1b36e088
q1a72d094,d1b3c11c0
q1a72d094,d1b3bacc6
q1a72d094,d1b3bf28a
q1a72d094,d1b3af812
q1a72d094,d1a72d184
q1a72d094,d1b3a6fa0
q1a72d094,d1b395502
q1a7323aa,d1a7324d6
q1a7323aa,d1b2e5468
q1a7323aa,d1b30df3a
q1a7323aa,d1b2e225e
q1a7323aa,d1b32c020
q1a7323aa,d1b3bccba
q1a7323aa,d1b3bab22
q1a7323aa,d1b317dd2
q1a7323aa,d1a722c66
q1a7323aa,d1b33f166
q1a72ea5c,d1a740c66
q1a72ea5c,d1b32dce0
q1a72ea5c,d1b3780ba
q1a72ea5c,d1b31bec8
q1a72ea5c,d1a738034
q1a72ea5c,d1b3b8660
q1a72ea5c,d1b31b176
q1a72ea5c,d1b343752
q1a72ea5c,d1a72b046
q1a72ea5c,d1b3a9962
q1a7178fc,d1b3aeca0
q1a7178fc,d1a7179c4
q1a7178fc,d1b373e48
q1a7178fc,d1b390e62
q1a7178fc,d1b2f5a7a
q1a7178fc,d1b399d28
q1a7178fc,d1b3861b0
q1a7178fc,d1b38d7c6
q1a7178fc,d1a734402
q1a7178fc,d1b2e7bb4
q1a7193a0,d1b3a2e78
q1a7193a0,d1b336fb6
q1a7193a0,d1a719490
q1a7193a0,d1b3c06da
q1a7193a0,d1b3aefe8
q1a7193a0,d1b3a863e
q1a7193a0,d1b351bc2
q1a7193a0,d1a720a88
q1a7193a0,d1b3b5438
q1a7193a0,d1b372106
q1a73b9a0,d1a73ba68
q1a73b9a0,d1b358e2c
q1a73b9a0,d1b399788
q1a73b9a0,d1b353846
q1a73b9a0,d1b36398a
q1a73b9a0,d1b37423a
q1a73b9a0,d1b324d98
q1a73b9a0,d1b3018d4
q1a73b9a0,d1b38aa08
q1a73b9a0,d1b33382a
q1a73efec,d1b3a9052
q1a73efec,d1b3971fe
q1a73efec,d1b3b308e
q1a73efec,d1b368d7c
q1a73efec,d1b3abdac
q1a73efec,d1b36a2ee
q1a73efec,d1b3309ea
q1a73efec,d1b31b40a
q1a73efec,d1b2e34ec
q1a73efec,d1b364d08
q1a71fbe2,d1b389496
q1a71fbe2,d1b3a812a
q1a71fbe2,d1b3975be
q1a71fbe2,d1b3c160c
q1a71fbe2,d1b3862b4
q1a71fbe2,d1b3c3fe2
q1a71fbe2,d1a71fc46
q1a71fbe2,d1b39ed82
q1a71fbe2,d1b35ddaa
q1a71fbe2,d1b39f8d6
q1a73623e,d1a7362fc
q1a73623e,d1a73899e
q1a73623e,d1b3c4514
q1a73623e,d1b38ed06
q1a73623e,d1b3a47d2
q1a73623e,d1b329e9c
q1a73623e,d1b34fc64
q1a73623e,d1b31ae60
q1a73623e,d1a71d310
q1a73623e,d1b342b5e
q1a72a2d6,d1b36001e
q1a72a2d6,d1b3a812a
q1a72a2d6,d1b324532
q1a72a2d6,d1b350a7e
q1a72a2d6,d1b3ba1fe
q1a72a2d6,d1b3115b8
q1a72a2d6,d1b3aeb92
q1a72a2d6,d1b3294d8
q1a72a2d6,d1b36a0c8
q1a72a2d6,d1b3bc0b2
q1a71fe80,d1b32dc04
q1a71fe80,d1b30f236
q1a71fe80,d1b34da5e
q1a71fe80,d1a71dd10
q1a71fe80,d1b3287ae
q1a71fe80,d1b32c020
q1a71fe80,d1a736054
q1a71fe80,d1b30edb8
q1a71fe80,d1b365e2e
q1a71fe80,d1b33ddac
q1a71fe44,d1a71febc
q1a71fe44,d1b2f1524
q1a71fe44,d1b39616e
q1a71fe44,d1b34befc
q1a71fe44,d1b37937a
q1a71fe44,d1b32f824
q1a71fe44,d1b3662d4
q1a71fe44,d1b3bc90e
q1a71fe44,d1b3a8990
q1a71fe44,d1b375ee6
q1a71ae6c,d1a71aebc
q1a71ae6c,d1b3c38ee
q1a71ae6c,d1b35e1e2
q1a71ae6c,d1b3b91b4
q1a71ae6c,d1b2f23f2
q1a71ae6c,d1b36eb0a
q1a71ae6c,d1b3ae55c
q1a71ae6c,d1b354a8e
q1a71ae6c,d1b2f7fd2
q1a71ae6c,d1b30cca2
q1a72a47a,d1a72a5d8
q1a72a47a,d1b3bfb40
q1a72a47a,d1b2fc294
q1a72a47a,d1b3a3490
q1a72a47a,d1b3032f6
q1a72a47a,d1b30388c
q1a72a47a,d1b39cf00
q1a72a47a,d1b35b33e
q1a72a47a,d1b366126
q1a72a47a,d1b31a780
q1a72f830,d1b384572
q1a72f830,d1b33a026
q1a72f830,d1b358206
q1a72f830,d1b39346e
q1a72f830,d1b399044
q1a72f830,d1b3ac770
q1a72f830,d1b2e225e
q1a72f830,d1b366658
q1a72f830,d1b311a04
q1a72f830,d1b2f98f0
q1a73260c,d1a7326f2
q1a73260c,d1b36b914
q1a73260c,d1a730c3a
q1a73260c,d1b35141a
q1a73260c,d1b3791b8
q1a73260c,d1b3bedf8
q1a73260c,d1b3c743a
q1a73260c,d1b375dd8
q1a73260c,d1b3a2bc6
q1a73260c,d1b3a2fb8
q1a72d382,d1b3c19d6
q1a72d382,d1a72d3f0
q1a72d382,d1b39a084
q1a72d382,d1b30e5d4
q1a72d382,d1a732a94
q1a72d382,d1b374672
q1a72d382,d1b337650
q1a72d382,d1b2f4418
q1a72d382,d1b2e92ac
q1a72d382,d1a71f7d2
q1a72a57e,d1b3c1bb6
q1a72a57e,d1b35e57a
q1a72a57e,d1b374d48
q1a72a57e,d1b30c7f2
q1a72a57e,d1b3a2fb8
q1a72a57e,d1b34e29c
q1a72a57e,d1b36b914
q1a72a57e,d1b36f0dc
q1a72a57e,d1b3a948a
q1a72a57e,d1b3229ee
q1a72ca68,d1b3aaa1a
q1a72ca68,d1b377142
q1a72ca68,d1b3749c4
q1a72ca68,d1b2e225e
q1a72ca68,d1b37442e
q1a72ca68,d1b32c020
q1a72ca68,d1b3879b6
q1a72ca68,d1b2e707e
q1a72ca68,d1b31bba8
q1a72ca68,d1b30a4fc
q1a72cc48,d1b36a1e0
q1a72cc48,d1b3aefe8
q1a72cc48,d1b39309a
q1a72cc48,d1b3bdf66
q1a72cc48,d1a73ba68
q1a72cc48,d1b3c874a
q1a72cc48,d1a72ccde
q1a72cc48,d1b36398a
q1a72cc48,d1b344968
q1a72cc48,d1a72f100
q1a724b74,d1b38464e
q1a724b74,d1b35ce14
q1a724b74,d1b39ca32
q1a724b74,d1b32cade
q1a724b74,d1b35cb8a
q1a724b74,d1b36cd96
q1a724b74,d1b371d0a
q1a724b74,d1b3a6bfe
q1a724b74,d1b366e96
q1a724b74,d1b2f4094
q1a719922,d1b34bd44
q1a719922,d1b33cb1e
q1a719922,d1b371ef4
q1a719922,d1b36fa96
q1a719922,d1b346902
q1a719922,d1b31c274
q1a719922,d1b31c198
q1a719922,d1b360cc6
q1a719922,d1b2ee798
q1a719922,d1a719972
q1a729a52,d1a729b42
q1a729a52,d1b34da5e
q1a729a52,d1b33319a
q1a729a52,d1b388e88
q1a729a52,d1b3a1e2e
q1a729a52,d1b357e96
q1a729a52,d1b3202c0
q1a729a52,d1a731540
q1a729a52,d1b2e67a0
q1a729a52,d1b3b9a42
q1a71fbba,d1b387d08
q1a71fbba,d1b2ef3dc
q1a71fbba,d1b32c020
q1a71fbba,d1b369c7c
q1a71fbba,d1b3287ae
q1a71fbba,d1b3b7382
q1a71fbba,d1b2e707e
q1a71fbba,d1b39ed82
q1a71fbba,d1a71fc46
q1a71fbba,d1b375054
q1a72dbb6,d1a72bf32
q1a72dbb6,d1b2ef3dc
q1a72dbb6,d1b2f7e88
q1a72dbb6,d1a72dc10
q1a72dbb6,d1b33959a
q1a72dbb6,d1b343e64
q1a72dbb6,d1b35e57a
q1a72dbb6,d1b3a781a
q1a72dbb6,d1b303b70
q1a72dbb6,d1b387d08
q1a734d26,d1b373862
q1a734d26,d1b3b8c3c
q1a734d26,d1b341db2
q1a734d26,d1b3c0c84
q1a734d26,d1b36e60a
q1a734d26,d1b2e455e
q1a734d26,d1b362666
q1a734d26,d1b37640e
q1a734d26,d1b3a8bde
q1a734d26,d1b2fb2f4
q1a741aee,d1a741bd4
q1a741aee,d1a7285e4
q1a741aee,d1b2e8d98
q1a741aee,d1b300a4c
q1a741aee,d1b375054
q1a741aee,d1a73ad20
q1a741aee,d1b31f906
q1a741aee,d1b379906
q1a741aee,d1b39f78c
q1a741aee,d1b357d56
q1a71d996,d1a71da5e
q1a71d996,d1b34adcc
q1a71d996,d1b395eee
q1a71d996,d1a73ab0e
q1a71d996,d1b3c8998
q1a71d996,d1b3c4d8e
q1a71d996,d1b340df4
q1a71d996,d1a738034
q1a71d996,d1b379078
q1a71d996,d1b30fc4a
q1a73578a,d1a731540
q1a73578a,d1b302856
q1a73578a,d1b370540
q1a73578a,d1b30755e
q1a73578a,d1b33ec7a
q1a73578a,d1b3749c4
q1a73578a,d1b3983ba
q1a73578a,d1b332efc
q1a73578a,d1b32c4da
q1a73578a,d1b3a7c2a
q1a714954,d1a7290b6
q1a714954,d1b34e72e
q1a714954,d1b3c1bb6
q1a714954,d1b39ee90
q1a714954,d1b3229ee
q1a714954,d1b362116
q1a714954,d1b335418
q1a714954,d1a7326f2
q1a714954,d1b31b2e8
q1a714954,d1b374d48
q1a711f10,d1b35d2ce
q1a711f10,d1a711fd8
q1a711f10,d1b3610c2
q1a711f10,d1b38346a
q1a711f10,d1b3b23be
q1a711f10,d1a7289ae
q1a711f10,d1b344f08
q1a711f10,d1b3a7c2a
q1a711f10,d1b390fa2
q1a711f10,d1b34cb5e
q1a73f456,d1b3425f0
q1a73f456,d1b389a04
q1a73f456,d1b394bb6
q1a73f456,d1b350c5e
q1a73f456,d1b34e3dc
q1a73f456,d1b36d020
q1a73f456,d1b356866
q1a73f456,d1a738d04
q1a73f456,d1b2f4cb0
q1a73f456,d1b3201e4
q1a7209e8,d1a720a88
q1a7209e8,d1b3c4b36
q1a7209e8,d1b3a0c72
q1a7209e8,d1b3505c4
q1a7209e8,d1b393784
q1a7209e8,d1b3aefe8
q1a7209e8,d1b3b5438
q1a7209e8,d1a72f100
q1a7209e8,d1b3b2ad0
q1a7209e8,d1b3a863e
q1a71b1c8,d1b2e9e46
q1a71b1c8,d1b3797e4
q1a71b1c8,d1b38b0de
q1a71b1c8,d1b3b353e
q1a71b1c8,d1b3c50d6
q1a71b1c8,d1b355ccc
q1a71b1c8,d1b34da5e
q1a71b1c8,d1b2e96b2
q1a71b1c8,d1b3a4ff2
q1a71b1c8,d1b3aea0c
q1a71e3aa,d1b3b7e86
q1a71e3aa,d1a71e47c
q1a71e3aa,d1b32002c
q1a71e3aa,d1b359f5c
q1a71e3aa,d1b3c5540
q1a71e3aa,d1b32f36a
q1a71e3aa,d1b36ba22
q1a71e3aa,d1b2f421a
q1a71e3aa,d1b398a04
q1a71e3aa,d1b39bfe2
q1a72859e,d1a7285e4
q1a72859e,d1b300a4c
q1a72859e,d1b2e2632
q1a72859e,d1b3b7f94
q1a72859e,d1a741bd4
q1a72859e,d1b2e8d98
q1a72859e,d1b33ba66
q1a72859e,d1b35f9d4
q1a72859e,d1b356622
q1a72859e,d1b38fc38
q1a73ac3a,d1b35f9d4
q1a73ac3a,d1a73ad20
q1a73ac3a,d1b3aa1a0
q1a73ac3a,d1b38fe7c
q1a73ac3a,d1b37e47e
q1a73ac3a,d1b39034a
q1a73ac3a,d1b2e2632
q1a73ac3a,d1b36ed08
q1a73ac3a,d1b3135ca
q1a73ac3a,d1b3a59ca
q1a72aa2e,d1a72aac4
q1a72aa2e,d1b315a5a
q1a72aa2e,d1b376800
q1a72aa2e,d1b3495da
q1a72aa2e,d1b3199ca
q1a72aa2e,d1b30f754
q1a72aa2e,d1b34e97c
q1a72aa2e,d1b367e4a
q1a72aa2e,d1b2f5a7a
q1a72aa2e,d1b35881e
q1a7260be,d1b325f2c
q1a7260be,d1a7261ea
q1a7260be,d1b3a5bd2
q1a7260be,d1a73ca80
q1a7260be,d1b373150
q1a7260be,d1b35ede0
q1a7260be,d1b3a3364
q1a7260be,d1b325108
q1a7260be,d1b2fb01a
q1a7260be,d1a738034
q1a718946,d1a718a36
q1a718946,d1b378e52
q1a718946,d1b323d94
q1a718946,d1b3975be
q1a718946,d1b38835c
q1a718946,d1a71456c
q1a718946,d1a738034
q1a718946,d1b2ef5c6
q1a718946,d1b31c670
q1a718946,d1b3a9962
q1a73d8ae,d1a73d944
q1a73d8ae,d1b3c4d8e
q1a73d8ae,d1b304fca
q1a73d8ae,d1b2e225e
q1a73d8ae,d1b2ff4b2
q1a73d8ae,d1b3b80ac
q1a73d8ae,d1b33a314
q1a73d8ae,d1b3b4c2c
q1a73d8ae,d1b365708
q1a73d8ae,d1b372106
q1a740e28,d1a740f04
q1a740e28,d1b37a694
q1a740e28,d1b354750
q1a740e28,d1b315d84
q1a740e28,d1b380d82
q1a740e28,d1b353ec2
q1a740e28,d1b3471ea
q1a740e28,d1b34baf6
q1a740e28,d1a7310a4
q1a740e28,d1b34f9ee
q1a737fc6,d1a738034
q1a737fc6,d1b36136a
q1a737fc6,d1a73f2c6
q1a737fc6,d1b369c7c
q1a737fc6,d1a722a18
q1a737fc6,d1a738d04
q1a737fc6,d1b39034a
q1a737fc6,d1b3c8146
q1a737fc6,d1b30cb26
q1a737fc6,d1b36d52a
q1a714c9c,d1b3b96f0
q1a714c9c,d1b321094
q1a714c9c,d1a714cd8
q1a714c9c,d1b394044
q1a714c9c,d1b2e42de
q1a714c9c,d1b39d63a
q1a714c9c,d1b384266
q1a714c9c,d1b3710bc
q1a714c9c,d1b389496
q1a714c9c,d1b36a6ae
q1a740dce,d1b2ef814
q1a740dce,d1b38ffda
q1a740dce,d1b35b096
q1a740dce,d1b3a590c
q1a740dce,d1b331e12
q1a740dce,d1b33126e
q1a740dce,d1b3c743a
q1a740dce,d1b2e9086
q1a740dce,d1b381124
q1a740dce,d1b3aeb92
q1a728fb2,d1b396b78
q1a728fb2,d1b3c7c0a
q1a728fb2,d1b33db86
q1a728fb2,d1b3515fa
q1a728fb2,d1a7290b6
q1a728fb2,d1b38d8b6
q1a728fb2,d1b38f878
q1a728fb2,d1b3a9dd6
q1a728fb2,d1b316c52
q1a728fb2,d1b370e0a
q1a731be4,d1b39034a
q1a731be4,d1b359084
q1a731be4,d1b32fc66
q1a731be4,d1b3520ea
q1a731be4,d1a7210fa
q1a731be4,d1b38e78e
q1a731be4,d1b343856
q1a731be4,d1b2f8c2a
q1a731be4,d1b38242a
q1a731be4,d1b335206
q1a71dc0c,d1b39f78c
q1a71dc0c,d1a71dd10
q1a71dc0c,d1a731ff4
q1a71dc0c,d1b34ee54
q1a71dc0c,d1b39d270
q1a71dc0c,d1b36a6ae
q1a71dc0c,d1a731a4a
q1a71dc0c,d1b3270fc
q1a71dc0c,d1b312dd2
q1a71dc0c,d1b37bc24
q1a741ddc,d1a741ec2
q1a741ddc,d1a715322
q1a741ddc,d1b398a04
q1a741ddc,d1b32ff9a
q1a741ddc,d1b2e373a
q1a741ddc,d1b378560
q1a741ddc,d1b3193e4
q1a741ddc,d1b338c9e
q1a741ddc,d1b3952fa
q1a741ddc,d1b336c6e
q1a72ff06,d1a736f40
q1a72ff06,d1b366568
q1a72ff06,d1b2e63f4
q1a72ff06,d1b387d08
q1a72ff06,d1b36fb72
q1a72ff06,d1b2eb41c
q1a72ff06,d1b35752c
q1a72ff06,d1b2fa4da
q1a72ff06,d1b35c7a2
q1a72ff06,d1b2ef3dc
q1a71cf46,d1b3c743a
q1a71cf46,d1b35141a
q1a71cf46,d1b3238b2
q1a71cf46,d1b34e72e
q1a71cf46,d1a7155e8
q1a71cf46,d1b362116
q1a71cf46,d1a71cfa0
q1a71cf46,d1b3881ae
q1a71cf46,d1b34e29c
q1a71cf46,d1b38f58a
q1a725e7a,d1b38464e
q1a725e7a,d1b374794
q1a725e7a,d1b37aaf4
q1a725e7a,d1b38a4a4
q1a725e7a,d1b35de90
q1a725e7a,d1b33efcc
q1a725e7a,d1b32c98a
q1a725e7a,d1b373862
q1a725e7a,d1b34fc64
q1a725e7a,d1b366658
q1a719eae,d1b31e448
q1a719eae,d1b326d46
q1a719eae,d1a712532
q1a719eae,d1b31ed3a
q1a719eae,d1b35dfda
q1a719eae,d1b390c64
q1a719eae,d1b34cdfc
q1a719eae,d1b39690c
q1a719eae,d1b2f539a
q1a719eae,d1b32f496
q1a71bb00,d1a71bb78
q1a71bb00,d1b31094c
q1a71bb00,d1b347866
q1a71bb00,d1b33a9ea
q1a71bb00,d1b38772c
q1a71bb00,d1b349198
q1a71bb00,d1b3c12b0
q1a71bb00,d1b336d72
q1a71bb00,d1b35eeda
q1a71bb00,d1b39c6ea
q1a72182a,d1b304b42
q1a72182a,d1b36a6ae
q1a72182a,d1b2ec434
q1a72182a,d1b2e4c34
q1a72182a,d1b2fe26a
q1a72182a,d1b3797e4
q1a72182a,d1b37bc24
q1a72182a,d1b349b3e
q1a72182a,d1b3879b6
q1a72182a,d1b2e225e
q1a7298ae,d1a72991c
q1a7298ae,d1b39d888
q1a7298ae,d1a72a5d8
q1a7298ae,d1b3c230e
q1a7298ae,d1b36c97c
q1a7298ae,d1b3a9dd6
q1a7298ae,d1b336d72
q1a7298ae,d1b383b40
q1a7298ae,d1b38772c
q1a7298ae,d1b3711d4
q1a72467e,d1b3797e4
q1a72467e,d1b3931c6
q1a72467e,d1b3489dc
q1a72467e,d1b3b23be
q1a72467e,d1b38cee8
q1a72467e,d1b36b5ae
q1a72467e,d1b2e8d98
q1a72467e,d1b355ccc
q1a72467e,d1a71a4e4
q1a72467e,d1b36136a
q1a733bd8,d1a733cf0
q1a733bd8,d1b35fc90
q1a733bd8,d1b398cac
q1a733bd8,d1b2eb8cc
q1a733bd8,d1b38cac4
q1a733bd8,d1b3357ce
q1a733bd8,d1a72ccde
q1a733bd8,d1b39a926
q1a733bd8,d1b3a291e
q1a733bd8,d1b3bbe96
q1a7140b2,d1a714224
q1a7140b2,d1a719738
q1a7140b2,d1b370248
q1a7140b2,d1b35fb64
q1a7140b2,d1b392d3e
q1a7140b2,d1b32624c
q1a7140b2,d1b3b92ea
q1a7140b2,d1b35f4b6
q1a7140b2,d1b36580c
q1a7140b2,d1b2fe95e
q1a739d6c,d1b34d946
q1a739d6c,d1a7270c2
q1a739d6c,d1b39bccc
q1a739d6c,d1b3a31ca
q1a739d6c,d1b3c5a04
q1a739d6c,d1b308d82
q1a739d6c,d1b379f64
q1a739d6c,d1b389392
q1a739d6c,d1b37ae6e
q1a739d6c,d1b300fb0
q1a72ca40,d1b377142
q1a72ca40,d1b3aaa1a
q1a72ca40,d1b2e225e
q1a72ca40,d1b3749c4
q1a72ca40,d1b3a75ea
q1a72ca40,d1b31bba8
q1a72ca40,d1b3879b6
q1a72ca40,d1b39444a
q1a72ca40,d1b33a3fa
q1a72ca40,d1b388e88
q1a711b3c,d1b32a2ac
q1a711b3c,d1b33ddac
q1a711b3c,d1b2ecc5e
q1a711b3c,d1b346902
q1a711b3c,d1b3441a2
q1a711b3c,d1b386e80
q1a711b3c,d1b303a08
q1a711b3c,d1b38257e
q1a711b3c,d1b2fcf50
q1a711b3c,d1a72949e
q1a72db34,d1a72dc10
q1a72db34,d1b2fdc34
q1a72db34,d1b33bf5c
q1a72db34,d1b384482
q1a72db34,d1b36c6de
q1a72db34,d1a72bf32
q1a72db34,d1b33959a
q1a72db34,d1b38b426
q1a72db34,d1b35e57a
q1a72db34,d1b3a948a
q1a72d120,d1b3aad30
q1a72d120,d1b3bacc6
q1a72d120,d1b3c5702
q1a72d120,d1b2e63f4
q1a72d120,d1b37721e
q1a72d120,d1b3af812
q1a72d120,d1b377f84
q1a72d120,d1b2f0e94
q1a72d120,d1b3be84e
q1a72d120,d1b2ee16c
q1a72d148,d1a736f40
q1a72d148,d1b2e63f4
q1a72d148,d1b2e707e
q1a72d148,d1b35c7a2
q1a72d148,d1b36fb72
q1a72d148,d1b37721e
q1a72d148,d1b2fa4da
q1a72d148,d1b35752c
q1a72d148,d1b387d08
q1a72d148,d1b3c5fe0
q1a714eae,d1a714f9e
q1a714eae,d1b302c5c
q1a714eae,d1b36bd92
q1a714eae,d1b347e60
q1a714eae,d1b2e2ab0
q1a714eae,d1b318674
q1a714eae,d1b38716e
q1a714eae,d1b3086e8
q1a714eae,d1b364006
q1a714eae,d1b35243c
q1a73436c,d1b38b0de
q1a73436c,d1b34706e
q1a73436c,d1b32c61a
q1a73436c,d1b309a8e
q1a73436c,d1b302c5c
q1a73436c,d1b31ebd2
q1a73436c,d1b345d9a
q1a73436c,d1b3b6eb4
q1a73436c,d1b36a8ac
q1a73436c,d1b39c2ee
q1a73d340,d1a73d426
q1a73d340,d1b3b3336
q1a73d340,d1b2e1e08
q1a73d340,d1b3c1bb6
q1a73d340,d1b337a92
q1a73d340,d1b3183d6
q1a73d340,d1b3b50be
q1a73d340,d1b32dec0
q1a73d340,d1b390570
q1a73d340,d1b30e908
q1a7336a6,d1b34e3dc
q1a7336a6,d1b2e5d50
q1a7336a6,d1a72df58
q1a7336a6,d1b3425f0
q1a7336a6,d1b3b29c2
q1a7336a6,d1b376b5c
q1a7336a6,d1b33b2f0
q1a7336a6,d1b34d946
q1a7336a6,d1b2f6042
q1a7336a6,d1b3ad242
q1a72d5bc,d1b2ef3dc
q1a72d5bc,d1b3bccba
q1a72d5bc,d1b387d08
q1a72d5bc,d1b35a6c8
q1a72d5bc,d1a72d756
q1a72d5bc,d1a7179c4
q1a72d5bc,d1a728c1a
q1a72d5bc,d1b39b2d6
q1a72d5bc,d1b363a48
q1a72d5bc,d1b39616e
q1a726122,d1a73ca80
q1a726122,d1b325108
q1a726122,d1a7261ea
q1a726122,d1b3acef0
q1a726122,d1b325f2c
q1a726122,d1b3a5bd2
q1a726122,d1b3458e0
q1a726122,d1b3492f6
q1a726122,d1b3a3364
q1a726122,d1b3a12a8
q1a716b64,d1a7310a4
q1a716b64,d1a738d04
q1a716b64,d1b39f8d6
q1a716b64,d1b386d40
q1a716b64,d1a73f564
q1a716b64,d1a716c9a
q1a716b64,d1b389a04
q1a716b64,d1b375ee6
q1a716b64,d1b3182b4
q1a716b64,d1b3357ce
q1a71debe,d1b31c378
q1a71debe,d1b2f72a8
q1a71debe,d1b35f9d4
q1a71debe,d1a7285e4
q1a71debe,d1b36ed08
q1a71debe,d1b2e87c6
q1a71debe,d1b356622
q1a71debe,d1b300a4c
q1a71debe,d1b2e2632
q1a71debe,d1b3a59ca
q1a72e0b6,d1b313dcc
q1a72e0b6,d1b39d270
q1a72e0b6,d1a72e1ec
q1a72e0b6,d1b3352d8
q1a72e0b6,d1b389496
q1a72e0b6,d1b3a79e6
q1a72e0b6,d1b3958ea
q1a72e0b6,d1b37f9b4
q1a72e0b6,d1a71dd10
q1a72e0b6,d1b31b73e
q1a71eef4,d1b332740
q1a71eef4,d1b3b3ffc
q1a71eef4,d1b3c3056
q1a71eef4,d1b39dd06
q1a71eef4,d1b386d40
q1a71eef4,d1b382074
q1a71eef4,d1b2edfd2
q1a71eef4,d1b380d82
q1a71eef4,d1b2e9950
q1a71eef4,d1b2e455e
q1a719076,d1a719184
q1a719076,d1b35f4b6
q1a719076,d1b36cd96
q1a719076,d1b3805b2
q1a719076,d1b332740
q1a719076,d1a732ce2
q1a719076,d1b37ec1c
q1a719076,d1b3991d4
q1a719076,d1b35aae2
q1a719076,d1b3c52c0
q1a73f28a,d1a73f2c6
q1a73f28a,d1b3c8998
q1a73f28a,d1b3a7932
q1a73f28a,d1b399d28
q1a73f28a,d1b369e02
q1a73f28a,d1b349b3e
q1a73f28a,d1b33198a
q1a73f28a,d1b38bf5c
q1a73f28a,d1b3a042a
q1a73f28a,d1b325108
q1a7280da,d1b3c5a04
q1a7280da,d1b3b4ac4
q1a7280da,d1b39a6ce
q1a7280da,d1b3a31ca
q1a7280da,d1b39bccc
q1a7280da,d1b300fb0
q1a7280da,d1b37ae6e
q1a7280da,d1b378880
q1a7280da,d1b33db86
q1a7280da,d1b3c8362
q1a7144d6,d1a72b046
q1a7144d6,d1b386822
q1a7144d6,d1b3975be
q1a7144d6,d1b33a9ea
q1a7144d6,d1b32dce0
q1a7144d6,d1b359084
q1a7144d6,d1b3abcb2
q1a7144d6,d1b343752
q1a7144d6,d1b324668
q1a7144d6,d1b379078
q1a71a4a8,d1a71a4e4
q1a71a4a8,d1b34c654
q1a71a4a8,d1b36a532
q1a71a4a8,d1b3af286
q1a71a4a8,d1b35243c
q1a71a4a8,d1b389e46
q1a71a4a8,d1b325d42
q1a71a4a8,d1b3c589c
q1a71a4a8,d1a7174c4
q1a71a4a8,d1b377142
q1a71b1fa,d1a725d26
q1a71b1fa,d1b30f236
q1a71b1fa,d1b2f2c94
q1a71b1fa,d1b38b0de
q1a71b1fa,d1a72bce4
q1a71b1fa,d1b2ef3dc
q1a71b1fa,d1a722c66
q1a71b1fa,d1b349b3e
q1a71b1fa,d1a729b42
q1a71b1fa,d1b2e96b2
q1a7319fa,d1b39a7e6
q1a7319fa,d1b33ce20
q1a7319fa,d1b387d08
q1a7319fa,d1b2e1e08
q1a7319fa,d1a727e1e
q1a7319fa,d1b2ef3dc
q1a7319fa,d1b33da8c
q1a7319fa,d1b3c7a70
q1a7319fa,d1b349c42
q1a7319fa,d1b31f42e
q1a72a9de,d1a72aac4
q1a72a9de,d1b3199ca
q1a72a9de,d1b315a5a
q1a72a9de,d1b3443e6
q1a72a9de,d1b3495da
q1a72a9de,d1b34e97c
q1a72a9de,d1b34cc44
q1a72a9de,d1b30f754
q1a72a9de,d1b39cd20
q1a72a9de,d1b367e4a
q1a72f808,d1a72f8c6
q1a72f808,d1b3a7ef0
q1a72f808,d1b3254a0
q1a72f808,d1b3238b2
q1a72f808,d1b34cdfc
q1a72f808,d1b332632
q1a72f808,d1b30fc4a
q1a72f808,d1b37f1d0
q1a72f808,d1b34fc64
q1a72f808,d1b3900e8
q1a71ce6a,d1b31f906
q1a71ce6a,d1b3a60dc
q1a71ce6a,d1b37ee24
q1a71ce6a,d1b2fda22
q1a71ce6a,d1b311c48
q1a71ce6a,d1b3abb86
q1a71ce6a,d1b3162d4
q1a71ce6a,d1b32309c
q1a71ce6a,d1a713f36
q1a71ce6a,d1b334c52
q1a735190,d1b3309ea
q1a735190,d1b333fe6
q1a735190,d1b368d7c
q1a735190,d1a735294
q1a735190,d1b2ea634
q1a735190,d1b31b40a
q1a735190,d1b34c74e
q1a735190,d1b32bf12
q1a735190,d1b39eb34
q1a735190,d1b3971fe
q1a736c52,d1b347618
q1a736c52,d1a736cca
q1a736c52,d1b39417a
q1a736c52,d1b2fda22
q1a736c52,d1b302856
q1a736c52,d1b2fbe34
q1a736c52,d1b37b0da
q1a736c52,d1a71a4e4
q1a736c52,d1b3a4dea
q1a736c52,d1b359b92
q1a73b93c,d1a73ba68
q1a73b93c,d1b3274f8
q1a73b93c,d1b30ec14
q1a73b93c,d1b39b79a
q1a73b93c,d1b398a04
q1a73b93c,d1b32ff9a
q1a73b93c,d1b2e373a
q1a73b93c,d1b35c9dc
q1a73b93c,d1b36580c
q1a73b93c,d1b3c2228
q1a7267d0,d1b33fcf6
q1a7267d0,d1a726870
q1a7267d0,d1b385396
q1a7267d0,d1b3a7932
q1a7267d0,d1b3a812a
q1a7267d0,d1b3c1ada
q1a7267d0,d1b317dd2
q1a7267d0,d1b32eab4
q1a7267d0,d1b309b74
q1a7267d0,d1b3309ea
q1a72b8f2,d1b3b65b8
q1a72b8f2,d1b38346a
q1a72b8f2,d1a72ba82
q1a72b8f2,d1b2f81f8
q1a72b8f2,d1b2e585a
q1a72b8f2,d1b33d9ba
q1a72b8f2,d1b340c28
q1a72b8f2,d1b30ab0a
q1a72b8f2,d1b3a49c6
q1a72b8f2,d1b3420e6
q1a717b40,d1b378880
q1a717b40,d1b3950ac
q1a717b40,d1b30928c
q1a717b40,d1b310168
q1a717b40,d1b33d9ba
q1a717b40,d1b39c5b4
q1a717b40,d1b33ba66
q1a717b40,d1a7138d8
q1a717b40,d1b325f2c
q1a717b40,d1b35d1ac
q1a71177c,d1a73b248
q1a71177c,d1b34d356
q1a71177c,d1b36b5ae
q1a71177c,d1b35e70a
q1a71177c,d1b39b222
q1a71177c,d1b35ea48
q1a71177c,d1b386b1a
q1a71177c,d1b354d0e
q1a71177c,d1b2f46ca
q1a71177c,d1b30fc4a
q1a71def0,d1b31c378
q1a71def0,d1a7285e4
q1a71def0,d1b3a59ca
q1a71def0,d1b2f72a8
q1a71def0,d1b2e2632
q1a71def0,d1b3b97e0
q1a71def0,d1b35f9d4
q1a71def0,d1b300a4c
q1a71def0,d1b36ed08
q1a71def0,d1b356622
q1a739dc6,d1b34d946
q1a739dc6,d1a73ccc4
q1a739dc6,d1b31c0c6
q1a739dc6,d1b3b9d80
q1a739dc6,d1b38835c
q1a739dc6,d1b321580
q1a739dc6,d1a73a852
q1a739dc6,d1a7138d8
q1a739dc6,d1b33ba66
q1a739dc6,d1b31ae60
q1a724d40,d1b3061a4
q1a724d40,d1b388e88
q1a724d40,d1a724e76
q1a724d40,d1b39ed82
q1a724d40,d1b360e42
q1a724d40,d1b3bdaa2
q1a724d40,d1b39444a
q1a724d40,d1b3b6d7e
q1a724d40,d1a723f4e
q1a724d40,d1b3a9a7a
q1a727360,d1a72740a
q1a727360,d1b32424e
q1a727360,d1b33eaf4
q1a727360,d1b390430
q1a727360,d1b39d63a
q1a727360,d1b362116
q1a727360,d1a73a08c
q1a727360,d1b389496
q1a727360,d1a7326f2
q1a727360,d1b3929ec
q1a7160ec,d1b3749c4
q1a7160ec,d1b332efc
q1a7160ec,d1b36a532
q1a7160ec,d1b33a3fa
q1a7160ec,d1b3061a4
q1a7160ec,d1b39ed82
q1a7160ec,d1b302856
q1a7160ec,d1b2e4c34
q1a7160ec,d1b303a08
q1a7160ec,d1b338e56
q1a72ce50,d1a71bb78
q1a72ce50,d1b349198
q1a72ce50,d1b3ba096
q1a72ce50,d1b31094c
q1a72ce50,d1b38772c
q1a72ce50,d1a72cf18
q1a72ce50,d1b336d72
q1a72ce50,d1b3a042a
q1a72ce50,d1b3711d4
q1a72ce50,d1b3b2c2e
q1a732c92,d1a732ce2
q1a732c92,d1b315bcc
q1a732c92,d1a73f564
q1a732c92,d1b372840
q1a732c92,d1b3881ae
q1a732c92,d1b33989c
q1a732c92,d1b35881e
q1a732c92,d1b38049a
q1a732c92,d1b31a1cc
q1a732c92,d1b3866b0
q1a7175dc,d1b3c6cec
q1a7175dc,d1b2ff9bc
q1a7175dc,d1a7177a8
q1a7175dc,d1b30e408
q1a7175dc,d1b3a31ca
q1a7175dc,d1a727e1e
q1a7175dc,d1a731ff4
q1a7175dc,d1b364ee8
q1a7175dc,d1b3c5d24
q1a7175dc,d1b301ca8
q1a741d82,d1b33d05a
q1a741d82,d1a741ec2
q1a741d82,d1b3947f6
q1a741d82,d1a715322
q1a741d82,d1a73cf94
q1a741d82,d1b3a6d3e
q1a741d82,d1b30c658
q1a741d82,d1b3193e4
q1a741d82,d1b38bd54
q1a741d82,d1b3a0556
q1a715232,d1b3bdaa2
q1a715232,d1b36b4aa
q1a715232,d1b35493a
q1a715232,d1b35c0d6
q1a715232,d1b3a6fa0
q1a715232,d1b3495da
q1a715232,d1b396b78
q1a715232,d1b31f906
q1a715232,d1b34622c
q1a715232,d1b338c9e
q1a71eb66,d1b32b1f2
q1a71eb66,d1a71ec9c
q1a71eb66,d1b3316ec
q1a71eb66,d1b33ba66
q1a71eb66,d1b37a0d6
q1a71eb66,d1b33f166
q1a71eb66,d1b33d9ba
q1a71eb66,d1b3c794e
q1a71eb66,d1b356550
q1a71eb66,d1b378880
q1a72443a,d1a7244a8
q1a72443a,d1b3b8f0c
q1a72443a,d1b34d356
q1a72443a,d1b2f46ca
q1a72443a,d1b2e4c34
q1a72443a,d1b37442e
q1a72443a,d1b3bf118
q1a72443a,d1b338bcc
q1a72443a,d1a722a18
q1a72443a,d1b35b668
q1a73db4c,d1b378e52
q1a73db4c,d1b342e92
q1a73db4c,d1a73dc6e
q1a73db4c,d1b3b0334
q1a73db4c,d1b3ae390
q1a73db4c,d1b35fd94
q1a73db4c,d1b34bc0e
q1a73db4c,d1b37e578
q1a73db4c,d1b373150
q1a73db4c,d1b2f7fd2
q1a72bbcc,d1a72bce4
q1a72bbcc,d1a722c66
q1a72bbcc,d1a725d26
q1a72bbcc,d1b37f0ae
q1a72bbcc,d1b33ddac
q1a72bbcc,d1b3604d8
q1a72bbcc,d1b2e225e
q1a72bbcc,d1b2ecc5e
q1a72bbcc,d1b2f2c94
q1a72bbcc,d1b369c7c
q1a7204de,d1b360e42
q1a7204de,d1b35b7bc
q1a7204de,d1a723f4e
q1a7204de,d1b3abcb2
q1a7204de,d1b3a7932
q1a7204de,d1b3a8756
q1a7204de,d1b31c77e
q1a7204de,d1a72c19e
q1a7204de,d1b2f345a
q1a7204de,d1b392bae
q1a71a228,d1b33a3fa
q1a71a228,d1b3749c4
q1a71a228,d1b332efc
q1a71a228,d1b36a532
q1a71a228,d1b3bdaa2
q1a71a228,d1b338e56
q1a71a228,d1a71a278
q1a71a228,d1b366568
q1a71a228,d1b2e4c34
q1a71a228,d1b3a7c2a
q1a740356,d1a740464
q1a740356,d1b36001e
q1a740356,d1b33b75a
q1a740356,d1b391948
q1a740356,d1b32c61a
q1a740356,d1b3999f4
q1a740356,d1b3929ec
q1a740356,d1b3757ac
q1a740356,d1b2e585a
q1a740356,d1b3b7026
q1a7418d2,d1a7419cc
q1a7418d2,d1b3a2ac2
q1a7418d2,d1a72a0ce
q1a7418d2,d1b32d7cc
q1a7418d2,d1b2e2d26
q1a7418d2,d1b2eb0de
q1a7418d2,d1b35dfda
q1a7418d2,d1b326f12
q1a7418d2,d1b371742
q1a7418d2,d1b34cdfc
q1a722982,d1b3c4d8e
q1a722982,d1a722a18
q1a722982,d1b35115e
q1a722982,d1b3791b8
q1a722982,d1b35f272
q1a722982,d1b3a7ef0
q1a722982,d1b31b2e8
q1a722982,d1b306d8e
q1a722982,d1b343608
q1a722982,d1b3bd598
q1a73375a,d1b327aa2
q1a73375a,d1a7270c2
q1a73375a,d1b36cad0
q1a73375a,d1a7138d8
q1a73375a,d1b3c5a04
q1a73375a,d1b359e3a
q1a73375a,d1b3301a2
q1a73375a,d1b37ff2c
q1a73375a,d1b31b2e8
q1a73375a,d1b380a62
q1a731068,d1a7310a4
q1a731068,d1b30812a
q1a731068,d1b36f398
q1a731068,d1b33d726
q1a731068,d1b32fb4e
q1a731068,d1b36ef9c
q1a731068,d1b3aea0c
q1a731068,d1a73bfc2
q1a731068,d1b36fe9c
q1a731068,d1b380d82
q1a722e96,d1b3300b2
q1a722e96,d1b3bbd7e
q1a722e96,d1b3a60dc
q1a722e96,d1b3c3c5e
q1a722e96,d1b32cade
q1a722e96,d1b377e58
q1a722e96,d1a72d184
q1a722e96,d1b375ee6
q1a722e96,d1a71f534
q1a722e96,d1b3396e4
q1a73a9f6,d1b347e60
q1a73a9f6,d1b3b0582
q1a73a9f6,d1b3922ee
q1a73a9f6,d1b2ea2ec
q1a73a9f6,d1b393784
q1a73a9f6,d1b2ed03c
q1a73a9f6,d1b39fe30
q1a73a9f6,d1b370a72
q1a73a9f6,d1b377ce6
q1a73a9f6,d1b36065e
q1a7305b4,d1b2e7a06
q1a7305b4,d1b3bd598
q1a7305b4,d1b3034b8
q1a7305b4,d1b37188c
q1a7305b4,d1b3b4f4c
q1a7305b4,d1b36f0dc
q1a7305b4,d1a72dc10
q1a7305b4,d1a738764
q1a7305b4,d1b335418
q1a7305b4,d1b354e62
q1a7202ae,d1b3c6bc0
q1a7202ae,d1a72d184
q1a7202ae,d1a736f40
q1a7202ae,d1b2fa4da
q1a7202ae,d1b366568
q1a7202ae,d1b36fb72
q1a7202ae,d1b387d08
q1a7202ae,d1b33ddac
q1a7202ae,d1b2eb41c
q1a7202ae,d1b3006dc
q1a720222,d1a72031c
q1a720222,d1a739434
q1a720222,d1b39f174
q1a720222,d1b36d9f8
q1a720222,d1b31f082
q1a720222,d1b3a6e42
q1a720222,d1b3bf01e
q1a720222,d1b35de90
q1a720222,d1b36e844
q1a720222,d1b3211d4
q1a7403d8,d1a740464
q1a7403d8,d1b342b5e
q1a7403d8,d1b3b353e
q1a7403d8,d1b307c48
q1a7403d8,d1b32e6c2
q1a7403d8,d1a714a58
q1a7403d8,d1b3a1794
q1a7403d8,d1b3579be
q1a7403d8,d1b39616e
q1a7403d8,d1b3a1f8c
q1a71cf1e,d1b323c72
q1a71cf1e,d1b300c2c
q1a71cf1e,d1b38283a
q1a71cf1e,d1b35bc4e
q1a71cf1e,d1b377e58
q1a71cf1e,d1b35881e
q1a71cf1e,d1b367b34
q1a71cf1e,d1b31a1cc
q1a71cf1e,d1a735816
q1a71cf1e,d1a71b952
q1a71bf56,d1a71c082
q1a71bf56,d1b364844
q1a71bf56,d1b3757ac
q1a71bf56,d1b3af9ca
q1a71bf56,d1b350b3c
q1a71bf56,d1b368c82
q1a71bf56,d1b3b641e
q1a71bf56,d1b3183d6
q1a71bf56,d1b37a0d6
q1a71bf56,d1b3a9782
q1a723de6,d1b388e88
q1a723de6,d1b3abcb2
q1a723de6,d1b36fa96
q1a723de6,d1b3a7932
q1a723de6,d1b30b5d2
q1a723de6,d1b35b7bc
q1a723de6,d1b37a252
q1a723de6,d1b32a568
q1a723de6,d1b360e42
q1a723de6,d1a72c19e
q1a72f01a,d1b34d45a
q1a72f01a,d1a72f100
q1a72f01a,d1b3a2568
q1a72f01a,d1b3afaba
q1a72f01a,d1b34238e
q1a72f01a,d1b2ebf84
q1a72f01a,d1b33d05a
q1a72f01a,d1b336c6e
q1a72f01a,d1b3c88b2
q1a72f01a,d1b3947f6
q1a73120c,d1a731306
q1a73120c,d1b3022fc
q1a73120c,d1b351262
q1a73120c,d1b3061a4
q1a73120c,d1b31ebd2
q1a73120c,d1b3bcdc8
q1a73120c,d1b33126e
q1a73120c,d1a71b952
q1a73120c,d1b32dec0
q1a73120c,d1b32d916
q1a7245f2,d1b35313e
q1a7245f2,d1a72471e
q1a7245f2,d1b346f9c
q1a7245f2,d1a72e818
q1a7245f2,d1b370248
q1a7245f2,d1a734402
q1a7245f2,d1b373e48
q1a7245f2,d1b2ff9bc
q1a7245f2,d1b35eeda
q1a7245f2,d1b379078
q1a726ca8,d1b33a846
q1a726ca8,d1b3304fe
q1a726ca8,d1b3af434
q1a726ca8,d1b363cfa
q1a726ca8,d1b3b4f4c
q1a726ca8,d1b36b914
q1a726ca8,d1b3967cc
q1a726ca8,d1b374d48
q1a726ca8,d1a71d82e
q1a726ca8,d1b321580
q1a71e698,d1b3aad30
q1a71e698,d1b387d08
q1a71e698,d1b3254a0
q1a71e698,d1b2e63f4
q1a71e698,d1b2ef3dc
q1a71e698,d1b3af812
q1a71e698,d1b37721e
q1a71e698,d1b3be84e
q1a71e698,d1b3bae6a
q1a71e698,d1b389a04
q1a73051e,d1b325a7c
q1a73051e,d1b3689e4
q1a73051e,d1a737b0c
q1a73051e,d1b33d3ca
q1a73051e,d1b349f26
q1a73051e,d1b32309c
q1a73051e,d1b369f60
q1a73051e,d1b3c1bb6
q1a73051e,d1b351974
q1a73051e,d1b2f19b6
q1a7330ac,d1b317f26
q1a7330ac,d1b32bcd8
q1a7330ac,d1b3a9052
q1a7330ac,d1b2e34ec
q1a7330ac,d1b31b40a
q1a7330ac,d1b392492
q1a7330ac,d1b3309ea
q1a7330ac,d1b3b16d0
q1a7330ac,d1a7249da
q1a7330ac,d1b364d08
q1a73f6ea,d1b3c1bb6
q1a73f6ea,d1b34e72e
q1a73f6ea,d1b3bd598
q1a73f6ea,d1b35d2ce
q1a73f6ea,d1b31fef6
q1a73f6ea,d1b30c7f2
q1a73f6ea,d1a73f79e
q1a73f6ea,d1b39d4aa
q1a73f6ea,d1b3791b8
q1a73f6ea,d1b3a2fb8
q1a734cc2,d1a734e2a
q1a734cc2,d1b377e58
q1a734cc2,d1b35cd42
q1a734cc2,d1b3abe92
q1a734cc2,d1a716c9a
q1a734cc2,d1a72c798
q1a734cc2,d1b32fb4e
q1a734cc2,d1a719184
q1a734cc2,d1b38c9f2
q1a734cc2,d1b3b2f94
q1a72fb32,d1b34ee54
q1a72fb32,d1b3af812
q1a72fb32,d1b2ee16c
q1a72fb32,d1b3576b2
q1a72fb32,d1b3be84e
q1a72fb32,d1b3c11c0
q1a72fb32,d1b389748
q1a72fb32,d1a721654
q1a72fb32,d1b363ea8
q1a72fb32,d1b387d08
q1a725c04,d1a725d26
q1a725c04,d1b30f236
q1a725c04,d1b2f2c94
q1a725c04,d1b3a1e2e
q1a725c04,d1a7309a6
q1a725c04,d1b2e96b2
q1a725c04,d1b38b0de
q1a725c04,d1b34da5e
q1a725c04,d1b349b3e
q1a725c04,d1b2ef3dc
q1a730b7c,d1b2f9698
q1a730b7c,d1b38fc38
q1a730b7c,d1a7326f2
q1a730b7c,d1b351faa
q1a730b7c,d1b362116
q1a730b7c,d1b36a1e0
q1a730b7c,d1a7367c0
q1a730b7c,d1b34a7be
q1a730b7c,d1b3c874a
q1a730b7c,d1b326936
q1a7314b4,d1b2e225e
q1a7314b4,d1b33a3fa
q1a7314b4,d1b2e5468
q1a7314b4,d1b3bdaa2
q1a7314b4,d1b360794
q1a7314b4,d1a731540
q1a7314b4,d1b30df3a
q1a7314b4,d1b395eee
q1a7314b4,d1b337970
q1a7314b4,d1b35b7bc
q1a730bd6,d1a730c3a
q1a730bd6,d1b2edfd2
q1a730bd6,d1b3a2bc6
q1a730bd6,d1b33f3be
q1a730bd6,d1b306bae
q1a730bd6,d1b340c28
q1a730bd6,d1b36ed08
q1a730bd6,d1a732a94
q1a730bd6,d1b36cad0
q1a730bd6,d1a7169c0
q1a712230,d1b34e18e
q1a712230,d1a7122a8
q1a712230,d1b2eca42
q1a712230,d1a713f36
q1a712230,d1b3a2568
q1a712230,d1b2f208c
q1a712230,d1b33d05a
q1a712230,d1b2e373a
q1a712230,d1b38504e
q1a712230,d1a73a62c
q1a728b02,d1a728c1a
q1a728b02,d1b3441a2
q1a728b02,d1b3c6594
q1a728b02,d1b3b0712
q1a728b02,d1b2fcf50
q1a728b02,d1b3c1bb6
q1a728b02,d1b3c589c
q1a728b02,d1b32401e
q1a728b02,d1b35de90
q1a728b02,d1a7174c4
q1a738ed0,d1b389a04
q1a738ed0,d1b373038
q1a738ed0,d1b391f92
q1a738ed0,d1a716c9a
q1a738ed0,d1b3c4c80
q1a738ed0,d1b3685de
q1a738ed0,d1a738fb6
q1a738ed0,d1b396510
q1a738ed0,d1b32cade
q1a738ed0,d1a7310a4
q1a73e31c,d1b355ee8
q1a73e31c,d1b2f5e76
q1a73e31c,d1a73e402
q1a73e31c,d1b2eaec2
q1a73e31c,d1b38d9ec
q1a73e31c,d1b337236
q1a73e31c,d1b2e50e4
q1a73e31c,d1b3aeca0
q1a73e31c,d1b383708
q1a73e31c,d1b32e9b0
q1a72c662,d1a72c798
q1a72c662,d1b3ad526
q1a72c662,d1b38d302
q1a72c662,d1b36cd96
q1a72c662,d1b365942
q1a72c662,d1b30812a
q1a72c662,d1a738d04
q1a72c662,d1b300c2c
q1a72c662,d1b3b2d14
q1a72c662,d1b30c32e
q1a71e0da,d1b3a9a7a
q1a71e0da,d1b32a568
q1a71e0da,d1a71e1e8
q1a71e0da,d1b371d0a
q1a71e0da,d1b3c40aa
q1a71e0da,d1b32441a
q1a71e0da,d1b3061a4
q1a71e0da,d1b31137e
q1a71e0da,d1b2ff73c
q1a71e0da,d1b36fa96
q1a738930,d1a73899e
q1a738930,d1b333b86
q1a738930,d1b3403d6
q1a738930,d1b3520ea
q1a738930,d1b2ee34c
q1a738930,d1b31bec8
q1a738930,d1b34db9e
q1a738930,d1b3a812a
q1a738930,d1b3bd4a8
q1a738930,d1b3381ea
q1a7149b8,d1b36f0dc
q1a7149b8,d1b374d48
q1a7149b8,d1b36d3cc
q1a7149b8,d1b36de6c
q1a7149b8,d1b31fef6
q1a7149b8,d1b35e57a
q1a7149b8,d1b37188c
q1a7149b8,d1b3a948a
q1a7149b8,d1b3b7238
q1a7149b8,d1b34e72e
q1a72de72,d1b39bccc
q1a72de72,d1a7270c2
q1a72de72,d1a7337aa
q1a72de72,d1b3c5a04
q1a72de72,d1b301ca8
q1a72de72,d1b389392
q1a72de72,d1b34d270
q1a72de72,d1b31c0c6
q1a72de72,d1b34d946
q1a72de72,d1b3418d0
q1a724188,d1a724228
q1a724188,d1b3604d8
q1a724188,d1b390d90
q1a724188,d1b3c865a
q1a724188,d1b335c1a
q1a724188,d1b372106
q1a724188,d1b374794
q1a724188,d1b3c36a0
q1a724188,d1b37dcae
q1a724188,d1b2e5468
q1a72e174,d1b369c7c
q1a72e174,d1b3a7c2a
q1a72e174,d1b389496
q1a72e174,d1b375054
q1a72e174,d1b3757ac
q1a72e174,d1b32c020
q1a72e174,d1b3a407a
q1a72e174,d1a736054
q1a72e174,d1a725d26
q1a72e174,d1b34823e
q1a71e378,d1b398126
q1a71e378,d1b32002c
q1a71e378,d1a7231d4
q1a71e378,d1a71e47c
q1a71e378,d1a7376e8
q1a71e378,d1b359f5c
q1a71e378,d1b38d1cc
q1a71e378,d1b3c5540
q1a71e378,d1b3b7e86
q1a71e378,d1b34fe9e
q1a713162,d1b396d94
q1a713162,d1b30c658
q1a713162,d1b39b79a
q1a713162,d1b3afaba
q1a713162,d1b321c9c
q1a713162,d1b3274f8
q1a713162,d1b3947f6
q1a713162,d1b33d05a
q1a713162,d1b36065e
q1a713162,d1a741ec2
q1a740e50,d1b38ffda
q1a740e50,d1b35b096
q1a740e50,d1b33126e
q1a740e50,d1b3604d8
q1a740e50,d1b3b96f0
q1a740e50,d1b311c48
q1a740e50,d1b3bccba
q1a740e50,d1b3a2e78
q1a740e50,d1b2f2c94
q1a740e50,d1b374794
q1a734a88,d1b302856
q1a734a88,d1b36a6ae
q1a734a88,d1b302f4a
q1a734a88,d1b313dcc
q1a734a88,d1b3797e4
q1a734a88,d1b3b23be
q1a734a88,d1a734aec
q1a734a88,d1b2e8d98
q1a734a88,d1b344bb6
q1a734a88,d1b3061a4
q1a73df0c,d1b32c020
q1a73df0c,d1a7218e8
q1a73df0c,d1b3c5d24
q1a73df0c,d1b379906
q1a73df0c,d1b3879b6
q1a73df0c,d1a722c66
q1a73df0c,d1b2e225e
q1a73df0c,d1b3797e4
q1a73df0c,d1a72bce4
q1a73df0c,d1b37442e
q1a7373be,d1b3c88b2
q1a7373be,d1b35ede0
q1a7373be,d1b364542
q1a7373be,d1b3970fa
q1a7373be,d1b336c6e
q1a7373be,d1b385a12
q1a7373be,d1b33ea2c
q1a7373be,d1b38504e
q1a7373be,d1b3ad3be
q1a7373be,d1b39b79a
q1a731662,d1b31d46c
q1a731662,d1b346902
q1a731662,d1b2fcf50
q1a731662,d1b357bda
q1a731662,d1b3354cc
q1a731662,d1b2ffdae
q1a731662,d1b369f60
q1a731662,d1b2f1d3a
q1a731662,d1b35de90
q1a731662,d1b3506a0
q1a71ebca,d1a71ec9c
q1a71ebca,d1a71aebc
q1a71ebca,d1b3247ee
q1a71ebca,d1b3a6fa0
q1a71ebca,d1b32b1f2
q1a71ebca,d1a7187f2
q1a71ebca,d1b35610e
q1a71ebca,d1b34665a
q1a71ebca,d1b31e448
q1a71ebca,d1b344f08
q1a72b924,d1b32b094
q1a72b924,d1b2f9698
q1a72b924,d1b362116
q1a72b924,d1b351faa
q1a72b924,d1a72ba82
q1a72b924,d1b353c42
q1a72b924,d1b352c70
q1a72b924,d1b3c1404
q1a72b924,d1b393522
q1a72b924,d1b30687a
q1a728daa,d1a728e36
q1a728daa,d1b3ad3be
q1a728daa,d1b370f68
q1a728daa,d1b327fa2
q1a728daa,d1b3610c2
q1a728daa,d1b349198
q1a728daa,d1b34e18e
q1a728daa,d1b342e92
q1a728daa,d1b317dd2
q1a728daa,d1a7231d4
q1a71f1ce,d1a71f2f0
q1a71f1ce,d1b35f90c
q1a71f1ce,d1b332efc
q1a71f1ce,d1b36a532
q1a71f1ce,d1b33a3fa
q1a71f1ce,d1b37a252
q1a71f1ce,d1b3abcb2
q1a71f1ce,d1b3c40aa
q1a71f1ce,d1b3921e0
q1a71f1ce,d1b38abac
q1a74117a,d1a7411b6
q1a74117a,d1b351bc2
q1a74117a,d1b31f212
q1a74117a,d1b30240a
q1a74117a,d1b305ef2
q1a74117a,d1b353846
q1a74117a,d1a719490
q1a74117a,d1b324532
q1a74117a,d1b386f48
q1a74117a,d1b3a863e
q1a73c148,d1b300c2c
q1a73c148,d1b3003a8
q1a73c148,d1b3aa4de
q1a73c148,d1b2f3a5e
q1a73c148,d1b38f0b2
q1a73c148,d1a71b272
q1a73c148,d1b2ffca0
q1a73c148,d1b366568
q1a73c148,d1b36d782
q1a73c148,d1a72c798
q1a73df66,d1b3c3c5e
q1a73df66,d1a73e024
q1a73df66,d1b34d766
q1a73df66,d1b324668
q1a73df66,d1b367b34
q1a73df66,d1b396b78
q1a73df66,d1b38346a
q1a73df66,d1b36b4aa
q1a73df66,d1b35c0d6
q1a73df66,d1b35493a
q1a72372e,d1b2e63f4
q1a72372e,d1b3af812
q1a72372e,d1b2ee16c
q1a72372e,d1b3aad30
q1a72372e,d1b3be84e
q1a72372e,d1a72d184
q1a72372e,d1b37721e
q1a72372e,d1b36fb72
q1a72372e,d1b363ea8
q1a72372e,d1b377f84
q1a717bf4,d1b34e72e
q1a717bf4,d1b32441a
q1a717bf4,d1b3418d0
q1a717bf4,d1a72df58
q1a717bf4,d1b39624a
q1a717bf4,d1b347d5c
q1a717bf4,d1b37796c
q1a717bf4,d1b39ee90
q1a717bf4,d1b38706a
q1a717bf4,d1b34e29c
q1a732bac,d1a732ce2
q1a732bac,d1b315bcc
q1a732bac,d1b2fa340
q1a732bac,d1b308828
q1a732bac,d1b33330c
q1a732bac,d1b38e400
q1a732bac,d1a73f564
q1a732bac,d1b38049a
q1a732bac,d1b3495da
q1a732bac,d1b35b7bc
q1a731b58,d1a731c70
q1a731b58,d1b2e2ab0
q1a731b58,d1b35626c
q1a731b58,d1b3970fa
q1a731b58,d1b329cc6
q1a731b58,d1b322e9e
q1a731b58,d1b385a12
q1a731b58,d1b361a04
q1a731b58,d1b335116
q1a731b58,d1b38504e
q1a72c716,d1b2edfd2
q1a72c716,d1b332740
q1a72c716,d1b386d40
q1a72c716,d1b393f5e
q1a72c716,d1b2e9950
q1a72c716,d1b39dd06
q1a72c716,d1a73bfc2
q1a72c716,d1b380d82
q1a72c716,d1b3b3ffc
q1a72c716,d1b377e58
q1a71d19e,d1b34665a
q1a71d19e,d1b367b34
q1a71d19e,d1b3970fa
q1a71d19e,d1b3a47d2
q1a71d19e,d1b3a3652
q1a71d19e,d1b3a7720
q1a71d19e,d1b35fb64
q1a71d19e,d1b3bcbf2
q1a71d19e,d1b38489c
q1a71d19e,d1b3182b4
q1a741328,d1a7413dc
q1a741328,d1b365a78
q1a741328,d1a73f79e
q1a741328,d1b317652
q1a741328,d1b3a2bc6
q1a741328,d1b32b31e
q1a741328,d1b35e57a
q1a741328,d1b3416dc
q1a741328,d1b2f3d88
q1a741328,d1b3bedf8
q1a7173e8,d1b36eb0a
q1a7173e8,d1b33c48e
q1a7173e8,d1b31a1cc
q1a7173e8,d1a73744a
q1a7173e8,d1b2fa340
q1a7173e8,d1b31f082
q1a7173e8,d1b3391b2
q1a7173e8,d1b30842c
q1a7173e8,d1b362116
q1a7173e8,d1a732ce2
q1a721582,d1b387d08
q1a721582,d1b2ef3dc
q1a721582,d1b369c7c
q1a721582,d1b31a0d2
q1a721582,d1b32c020
q1a721582,d1b31ce72
q1a721582,d1b33f3be
q1a721582,d1a722c66
q1a721582,d1b3bae6a
q1a721582,d1b389496
q1a720d3a,d1b325d42
q1a720d3a,d1b341db2
q1a720d3a,d1b373862
q1a720d3a,d1b3bf6e0
q1a720d3a,d1b3c0c84
q1a720d3a,d1b3b3ffc
q1a720d3a,d1b2f4094
q1a720d3a,d1b392e92
q1a720d3a,d1b39dd06
q1a720d3a,d1a7169c0
q1a738444,d1b3164f0
q1a738444,d1b3bab22
q1a738444,d1a7324d6
q1a738444,d1a7384c6
q1a738444,d1b30df3a
q1a738444,d1b371dd2
q1a738444,d1b3177b0
q1a738444,d1b31e7a4
q1a738444,d1b31b91e
q1a738444,d1b33e716
q1a725c86,d1a725d26
q1a725c86,d1b30f236
q1a725c86,d1b3a1e2e
q1a725c86,d1b2f2c94
q1a725c86,d1a7309a6
q1a725c86,d1b2ecc5e
q1a725c86,d1b2e96b2
q1a725c86,d1b33ddac
q1a725c86,d1b38b0de
q1a725c86,d1b2e7858
q1a741b7a,d1b39034a
q1a741b7a,d1a741bd4
q1a741b7a,d1b35f9d4
q1a741b7a,d1b36ed08
q1a741b7a,d1b356622
q1a741b7a,d1b2e2632
q1a741b7a,d1a7285e4
q1a741b7a,d1b300a4c
q1a741b7a,d1b3a59ca
q1a741b7a,d1b351faa
q1a726744,d1a726870
q1a726744,d1b37f428
q1a726744,d1b365e2e
q1a726744,d1b2e1e08
q1a726744,d1a73899e
q1a726744,d1b3c1404
q1a726744,d1b3115b8
q1a726744,d1b3b50be
q1a726744,d1b37fc52
q1a726744,d1a73715c
q1a72f25e,d1a72f362
q1a72f25e,d1b31094c
q1a72f25e,d1b3b2c2e
q1a72f25e,d1b342488
q1a72f25e,d1b33a9ea
q1a72f25e,d1b38772c
q1a72f25e,d1b3394aa
q1a72f25e,d1a7253e4
q1a72f25e,d1b336d72
q1a72f25e,d1b39c6ea
q1a72489a,d1a7249da
q1a72489a,d1b36ee3e
q1a72489a,d1b3b308e
q1a72489a,d1b3abdac
q1a72489a,d1b364d08
q1a72489a,d1b2e34ec
q1a72489a,d1b3b16d0
q1a72489a,d1b32b54e
q1a72489a,d1b330ab2
q1a72489a,d1b36a2ee
q1a73f956,d1a73fa6e
q1a73f956,d1b349954
q1a73f956,d1b326d46
q1a73f956,d1b3b353e
q1a73f956,d1a726af0
q1a73f956,d1b36b180
q1a73f956,d1b38008a
q1a73f956,d1b2f539a
q1a73f956,d1b32dc04
q1a73f956,d1b2ec434
q1a72bece,d1b360230
q1a72bece,d1b38cee8
q1a72bece,d1b3affd8
q1a72bece,d1a72bf32
q1a72bece,d1b3489dc
q1a72bece,d1a7118d0
q1a72bece,d1b30252c
q1a72bece,d1b3b69d2
q1a72bece,d1b36136a
q1a72bece,d1b337c7c
q1a73d908,d1b389a04
q1a73d908,d1b34b02e
q1a73d908,d1b30cb26
q1a73d908,d1b35243c
q1a73d908,d1b2f4cb0
q1a73d908,d1b37bddc
q1a73d908,d1b38a3e6
q1a73d908,d1b377e58
q1a73d908,d1b3a02e0
q1a73d908,d1b37dcae
q1a71a476,d1a71a4e4
q1a71a476,d1b36a532
q1a71a476,d1b3af286
q1a71a476,d1b3af8f8
q1a71a476,d1b389e46
q1a71a476,d1b3931c6
q1a71a476,d1b31dd7c
q1a71a476,d1b325d42
q1a71a476,d1b3c589c
q1a71a476,d1b37442e
q1a733994,d1a733a98
q1a733994,d1b36c60c
q1a733994,d1b335c1a
q1a733994,d1b390fa2
q1a733994,d1b34e97c
q1a733994,d1b390d90
q1a733994,d1a71f534
q1a733994,d1b36a6ae
q1a733994,d1b3c3fe2
q1a733994,d1b373150
q1a735b22,d1b3a4c0a
q1a735b22,d1b30716c
q1a735b22,d1b2f4418
q1a735b22,d1b36df98
q1a735b22,d1b39dfc2
q1a735b22,d1b347b86
q1a735b22,d1b334e28
q1a735b22,d1b364362
q1a735b22,d1b378560
q1a735b22,d1b3ad062
q1a71d25c,d1b34e4e0
q1a71d25c,d1b2f0c14
q1a71d25c,d1b3712f6
q1a71d25c,d1b3935fe
q1a71d25c,d1b35b33e
q1a71d25c,d1b343c66
q1a71d25c,d1b2f23f2
q1a71d25c,d1a7255f6
q1a71d25c,d1b3adf26
q1a71d25c,d1b30cca2
q1a71b1a0,d1b2e9e46
q1a71b1a0,d1b3b353e
q1a71b1a0,d1a7218e8
q1a71b1a0,d1b34da5e
q1a71b1a0,d1b3c50d6
q1a71b1a0,d1b2e96b2
q1a71b1a0,d1b38b0de
q1a71b1a0,d1b357e96
q1a71b1a0,d1b36ef9c
q1a71b1a0,d1b3879b6
q1a72a54c,d1b35e57a
q1a72a54c,d1b374d48
q1a72a54c,d1b30c7f2
q1a72a54c,d1b3a2fb8
q1a72a54c,d1b36f0dc
q1a72a54c,d1b3c1bb6
q1a72a54c,d1b36b914
q1a72a54c,d1b3b00fa
q1a72a54c,d1b362116
q1a72a54c,d1b34e29c
q1a7160b0,d1b3c6bc0
q1a7160b0,d1b369f60
q1a7160b0,d1b31f42e
q1a7160b0,d1b327b92
q1a7160b0,d1b36a532
q1a7160b0,d1b39d270
q1a7160b0,d1b3bf532
q1a7160b0,d1b384bc6
q1a7160b0,d1a7218e8
q1a7160b0,d1b3ab668
q1a728864,d1a7289ae
q1a728864,d1b349954
q1a728864,d1b34cdfc
q1a728864,d1b38e400
q1a728864,d1a711fd8
q1a728864,d1a726af0
q1a728864,d1b3b353e
q1a728864,d1b2ecc5e
q1a728864,d1b337970
q1a728864,d1b32d2b8
q1a71686c,d1a7169c0
q1a71686c,d1b387ef2
q1a71686c,d1b2fb2f4
q1a71686c,d1b31330e
q1a71686c,d1b39cd20
q1a71686c,d1b3bdaa2
q1a71686c,d1b388e88
q1a71686c,d1b3b7846
q1a71686c,d1b327d22
q1a71686c,d1b2edfd2
q1a716894,d1b2fb2f4
q1a716894,d1a7169c0
q1a716894,d1b2fab74
q1a716894,d1b2e9950
q1a716894,d1b2edfd2
q1a716894,d1b3a079a
q1a716894,d1b39cd20
q1a716894,d1b327d22
q1a716894,d1a720dee
q1a716894,d1b36d020
q1a721a8c,d1a721b22
q1a721a8c,d1b324bcc
q1a721a8c,d1b38a148
q1a721a8c,d1b37b562
q1a721a8c,d1b36e98e
q1a721a8c,d1b38db72
q1a721a8c,d1a73fa6e
q1a721a8c,d1b3bccba
q1a721a8c,d1b3c3fe2
q1a721a8c,d1b35bf96
q1a728fe4,d1b3791b8
q1a728fe4,d1b39ee90
q1a728fe4,d1b36b914
q1a728fe4,d1b38b426
q1a728fe4,d1b335418
q1a728fe4,d1b374d48
q1a728fe4,d1b324168
q1a728fe4,d1b399e36
q1a728fe4,d1b38f58a
q1a728fe4,d1b3b4f4c
q1a732a12,d1b3a9a7a
q1a732a12,d1a71f7d2
q1a732a12,d1a732a94
q1a732a12,d1b31bba8
q1a732a12,d1b30e5d4
q1a732a12,d1b392bae
q1a732a12,d1b3336c2
q1a732a12,d1b362b70
q1a732a12,d1b2e92ac
q1a732a12,d1b38e284
q1a738ba6,d1a7310a4
q1a738ba6,d1a738d04
q1a738ba6,d1b39f8d6
q1a738ba6,d1b386d40
q1a738ba6,d1a73f564
q1a738ba6,d1a716c9a
q1a738ba6,d1b389a04
q1a738ba6,d1b375ee6
q1a738ba6,d1b3182b4
q1a738ba6,d1b3357ce
q1a724dcc,d1b3abcb2
q1a724dcc,d1b36fa96
q1a724dcc,d1b31137e
q1a724dcc,d1b3061a4
q1a724dcc,d1b371d0a
q1a724dcc,d1b3a8756
q1a724dcc,d1b388e88
q1a724dcc,d1b3495da
q1a724dcc,d1b3a7932
q1a724dcc,d1a72c19e
q1a7408ba,d1b31ae60
q1a7408ba,d1b313eda
q1a7408ba,d1b359e3a
q1a7408ba,d1b358fda
q1a7408ba,d1b36cad0
q1a7408ba,d1b347b86
q1a7408ba,d1a71d310
q1a7408ba,d1a73b824
q1a7408ba,d1b3515fa
q1a7408ba,d1b39bd9e
q1a72d670,d1b37f428
q1a72d670,d1b363a48
q1a72d670,d1a72d756
q1a72d670,d1b33ca56
q1a72d670,d1b31ce72
q1a72d670,d1b35a6c8
q1a72d670,d1b371440
q1a72d670,d1b38a4a4
q1a72d670,d1b389496
q1a72d670,d1b39616e
q1a7189d2,d1b359084
q1a7189d2,d1b3a9962
q1a7189d2,d1b2ed62c
q1a7189d2,d1b3780ba
q1a7189d2,d1b31bec8
q1a7189d2,d1b377714
q1a7189d2,d1b37e6a4
q1a7189d2,d1b362116
q1a7189d2,d1b379078
q1a7189d2,d1b397320
q1a727a4a,d1b36a6ae
q1a727a4a,d1b389496
q1a727a4a,d1b3bc0b2
q1a727a4a,d1b356758
q1a727a4a,d1a727b8a
q1a727a4a,d1b3a7c2a
q1a727a4a,d1a726af0
q1a727a4a,d1b3270fc
q1a727a4a,d1b317dd2
q1a727a4a,d1b35de90
q1a73e650,d1b3c5fe0
q1a73e650,d1b366568
q1a73e650,d1b3bf28a
q1a73e650,d1a736f40
q1a73e650,d1a73e6aa
q1a73e650,d1a72d184
q1a73e650,d1b2fa340
q1a73e650,d1b362436
q1a73e650,d1b2e707e
q1a73e650,d1b2ff9bc
q1a724dfe,d1b33959a
q1a724dfe,d1b338bcc
q1a724dfe,d1b384482
q1a724dfe,d1b39ed82
q1a724dfe,d1a71e1e8
q1a724dfe,d1b3a7932
q1a724dfe,d1b36fa96
q1a724dfe,d1b3061a4
q1a724dfe,d1b371d0a
q1a724dfe,d1b3abcb2
q1a73bc02,d1a73bd10
q1a73bc02,d1b330f9e
q1a73bc02,d1b346902
q1a73bc02,d1b3211d4
q1a73bc02,d1b3a0ace
q1a73bc02,d1b3bddc2
q1a73bc02,d1b35de90
q1a73bc02,d1b36177a
q1a73bc02,d1a7290b6
q1a73bc02,d1b35c2de
q1a712172,d1a7122a8
q1a712172,d1a72f100
q1a712172,d1b35c9dc
q1a712172,d1b3b55fa
q1a712172,d1b36065e
q1a712172,d1b38af94
q1a712172,d1b3193e4
q1a712172,d1b38504e
q1a712172,d1b336944
q1a712172,d1b2e373a
q1a731f40,d1a731ff4
q1a731f40,d1b33b3e0
q1a731f40,d1a73b248
q1a731f40,d1b33198a
q1a731f40,d1b351dca
q1a731f40,d1b2ef3dc
q1a731f40,d1b37bc24
q1a731f40,d1b2e96b2
q1a731f40,d1b33f3be
q1a731f40,d1b38d9ec
q1a717b72,d1b34e72e
q1a717b72,d1b32441a
q1a717b72,d1b2ef3dc
q1a717b72,d1b362116
q1a717b72,d1b31fef6
q1a717b72,d1b39624a
q1a717b72,d1b387d08
q1a717b72,d1b38706a
q1a717b72,d1b2ef24c
q1a717b72,d1a7413dc
q1a728832,d1a73c7c4
q1a728832,d1a7289ae
q1a728832,d1b349954
q1a728832,d1b337970
q1a728832,d1b32c3fe
q1a728832,d1b3b353e
q1a728832,d1b2ef3dc
q1a728832,d1b332c22
q1a728832,d1b2e4c34
q1a728832,d1b35446c
q1a741954,d1a7419cc
q1a741954,d1b3a2ac2
q1a741954,d1a72a0ce
q1a741954,d1b38d9ec
q1a741954,d1b32d7cc
q1a741954,d1a723a30
q1a741954,d1b3287ae
q1a741954,d1b3b353e
q1a741954,d1b32c020
q1a741954,d1b387d08
q1a7366da,d1b350a7e
q1a7366da,d1b389496
q1a7366da,d1b369c7c
q1a7366da,d1b36a6ae
q1a7366da,d1b2fa908
q1a7366da,d1b3757ac
q1a7366da,d1b387d08
q1a7366da,d1b3862b4
q1a7366da,d1a728c1a
q1a7366da,d1b35a6c8
q1a720d12,d1b332740
q1a720d12,d1b393f5e
q1a720d12,d1b39dd06
q1a720d12,d1b2edfd2
q1a720d12,d1b3b3ffc
q1a720d12,d1b3b8c3c
q1a720d12,d1b3c3056
q1a720d12,d1b33207e
q1a720d12,d1a7334da
q1a720d12,d1a73bfc2
q1a71a5e8,d1b375932
q1a71a5e8,d1b2fcf50
q1a71a5e8,d1b350b3c
q1a71a5e8,d1b375216
q1a71a5e8,d1a740c66
q1a71a5e8,d1b351a3c
q1a71a5e8,d1b3b641e
q1a71a5e8,d1b334aea
q1a71a5e8,d1b388e88
q1a71a5e8,d1b321daa
q1a71e346,d1b32f36a
q1a71e346,d1a71e47c
q1a71e346,d1b3b7e86
q1a71e346,d1b359f5c
q1a71e346,d1b378560
q1a71e346,d1b32002c
q1a71e346,d1b385a12
q1a71e346,d1b3adc10
q1a71e346,d1b3c5540
q1a71e346,d1b3c88b2
q1a71cc30,d1a71cca8
q1a71cc30,d1b35f150
q1a71cc30,d1b367134
q1a71cc30,d1b2e2826
q1a71cc30,d1b3c278c
q1a71cc30,d1b328920
q1a71cc30,d1b3b3c00
q1a71cc30,d1b3187c8
q1a71cc30,d1b304548
q1a71cc30,d1b3b0bd6
q1a717988,d1b32c020
q1a717988,d1b369c7c
q1a717988,d1b387d08
q1a717988,d1b2ef3dc
q1a717988,d1b33f3be
q1a717988,d1a7179c4
q1a717988,d1b32d2b8
q1a717988,d1b3a7ef0
q1a717988,d1b37f428
q1a717988,d1a722a18
q1a71e9e0,d1a73f79e
q1a71e9e0,d1a71ea1c
q1a71e9e0,d1b3b7238
q1a71e9e0,d1b3a2fb8
q1a71e9e0,d1b38f58a
q1a71e9e0,d1b34e29c
q1a71e9e0,d1b2f3d88
q1a71e9e0,d1b374d48
q1a71e9e0,d1b337c7c
q1a71e9e0,d1b375dd8
q1a736266,d1a7362fc
q1a736266,d1b3795dc
q1a736266,d1b3ab8fc
q1a736266,d1b39346e
q1a736266,d1b31bdce
q1a736266,d1b351262
q1a736266,d1b344f08
q1a736266,d1b30c658
q1a736266,d1b3507e0
q1a736266,d1b3a6fa0
q1a736b6c,d1b32a2ac
q1a736b6c,d1b33ddac
q1a736b6c,d1b2ecc5e
q1a736b6c,d1b346902
q1a736b6c,d1b3441a2
q1a736b6c,d1b386e80
q1a736b6c,d1b303a08
q1a736b6c,d1b38257e
q1a736b6c,d1b2fcf50
q1a736b6c,d1a72949e
q1a73dbb0,d1b39444a
q1a73dbb0,d1b3aaa1a
q1a73dbb0,d1b377142
q1a73dbb0,d1b32c4da
q1a73dbb0,d1b2fda22
q1a73dbb0,d1b3b0334
q1a73dbb0,d1b373150
q1a73dbb0,d1b2fbe34
q1a73dbb0,d1b39e936
q1a73dbb0,d1b31bba8
q1a71d766,d1b3b041a
q1a71d766,d1b363cfa
q1a71d766,d1b34d356
q1a71d766,d1b31d46c
q1a71d766,d1a73b248
q1a71d766,d1b36b5ae
q1a71d766,d1b3beb3c
q1a71d766,d1a7183ce
q1a71d766,d1b311c48
q1a71d766,d1b3bccba
q1a722b6c,d1a722c66
q1a722b6c,d1b3beb3c
q1a722b6c,d1b2f2c94
q1a722b6c,d1b32baee
q1a722b6c,d1a72bce4
q1a722b6c,d1b2e5468
q1a722b6c,d1b3bccba
q1a722b6c,d1b39a926
q1a722b6c,d1b2ef3dc
q1a722b6c,d1b33ddac
q1a72b3c0,d1a72b474
q1a72b3c0,d1a71456c
q1a72b3c0,d1b3afc7c
q1a72b3c0,d1b38257e
q1a72b3c0,d1b343b58
q1a72b3c0,d1b363336
q1a72b3c0,d1b323d94
q1a72b3c0,d1b38835c
q1a72b3c0,d1b2f5688
q1a72b3c0,d1b352932
q1a72b1f4,d1a72bce4
q1a72b1f4,d1b32a568
q1a72b1f4,d1a732a94
q1a72b1f4,d1b32d7cc
q1a72b1f4,d1b33959a
q1a72b1f4,d1b366568
q1a72b1f4,d1b369c7c
q1a72b1f4,d1b36cf58
q1a72b1f4,d1a71b272
q1a72b1f4,d1a72b258
q1a7255c4,d1a7255f6
q1a7255c4,d1b395502
q1a7255c4,d1b37a4a0
q1a7255c4,d1b2f0e94
q1a7255c4,d1b33cd08
q1a7255c4,d1b3c5702
q1a7255c4,d1b32441a
q1a7255c4,d1b3316ec
q1a7255c4,d1b2ee16c
q1a7255c4,d1b390908
q1a73190a,d1b2f2a1e
q1a73190a,d1a727e1e
q1a73190a,d1b38a148
q1a73190a,d1b3c589c
q1a73190a,d1b389e46
q1a73190a,d1b2fd234
q1a73190a,d1b39d270
q1a73190a,d1b37f9b4
q1a73190a,d1b3a7c2a
q1a73190a,d1a7174c4
q1a71d4a0,d1b39c942
q1a71d4a0,d1a71d5a4
q1a71d4a0,d1b3aa632
q1a71d4a0,d1b34c4ba
q1a71d4a0,d1b38489c
q1a71d4a0,d1b33c330
q1a71d4a0,d1b354c00
q1a71d4a0,d1b343f54
q1a71d4a0,d1b38eba8
q1a71d4a0,d1b3b3a70
q1a72accc,d1a72ad94
q1a72accc,d1b34befc
q1a72accc,d1b36474a
q1a72accc,d1b39a1ec
q1a72accc,d1b39d63a
q1a72accc,d1b2fe102
q1a72accc,d1b34b416
q1a72accc,d1b3b23be
q1a72accc,d1b356758
q1a72accc,d1b3c1bb6
q1a72e2fa,d1b2fcb7c
q1a72e2fa,d1b3aefe8
q1a72e2fa,d1b3c4b36
q1a72e2fa,d1b3b0582
q1a72e2fa,d1a72e41c
q1a72e2fa,d1b336fb6
q1a72e2fa,d1b35c9dc
q1a72e2fa,d1b3505c4
q1a72e2fa,d1b351bc2
q1a72e2fa,d1b302c5c
q1a71746a,d1b38d8b6
q1a71746a,d1b35b096
q1a71746a,d1b32cade
q1a71746a,d1b36a0c8
q1a71746a,d1b31f082
q1a71746a,d1b38ffda
q1a71746a,d1b344bb6
q1a71746a,d1b38f0b2
q1a71746a,d1b362116
q1a71746a,d1b2edfd2
q1a73550a,d1a735816
q1a73550a,d1b37fc52
q1a73550a,d1b3ac770
q1a73550a,d1b351974
q1a73550a,d1b316c52
q1a73550a,d1b370e0a
q1a73550a,d1a7384c6
q1a73550a,d1b372b6a
q1a73550a,d1b30755e
q1a73550a,d1b33ec7a
q1a7391aa,d1b3457fa
q1a7391aa,d1a73920e
q1a7391aa,d1b3aeb92
q1a7391aa,d1b34baf6
q1a7391aa,d1b304548
q1a7391aa,d1b3b3c00
q1a7391aa,d1b34159c
q1a7391aa,d1b34db9e
q1a7391aa,d1b367134
q1a7391aa,d1b3aa24a
q1a73df34,d1a73d19c
q1a73df34,d1b355ccc
q1a73df34,d1a72c798
q1a73df34,d1b356758
q1a73df34,d1b328f2e
q1a73df34,d1a7169c0
q1a73df34,d1b344bb6
q1a73df34,d1b2ef3dc
q1a73df34,d1b38fa3a
q1a73df34,d1b30a074
q1a711e7a,d1a711fd8
q1a711e7a,d1a7183ce
q1a711e7a,d1b3c4fb4
q1a711e7a,d1b30b0a0
q1a711e7a,d1b32be18
q1a711e7a,d1b3170d0
q1a711e7a,d1b39b09c
q1a711e7a,d1b3b353e
q1a711e7a,d1b3abcb2
q1a711e7a,d1b338bcc
q1a734812,d1b3a0f92
q1a734812,d1b36136a
q1a734812,d1b3a9868
q1a734812,d1b391a42
q1a734812,d1b34adcc
q1a734812,d1b3796e0
q1a734812,d1b30755e
q1a734812,d1b33ec7a
q1a734812,d1b370540
q1a734812,d1b391c4a
q1a738692,d1b36c06c
q1a738692,d1b303b70
q1a738692,d1b39ff66
q1a738692,d1a73b248
q1a738692,d1b323164
q1a738692,d1b3c5d24
q1a738692,d1b32441a
q1a738692,d1b3b5c94
q1a738692,d1b324168
q1a738692,d1b2f65ce
q1a737c6a,d1a737d96
q1a737c6a,d1b337a92
q1a737c6a,d1b2e4c34
q1a737c6a,d1b3c7a70
q1a737c6a,d1b35a6c8
q1a737c6a,d1b3179a4
q1a737c6a,d1b35243c
q1a737c6a,d1b34823e
q1a737c6a,d1b36639c
q1a737c6a,d1b3489dc
q1a737d50,d1b337a92
q1a737d50,d1b389496
q1a737d50,d1b35de90
q1a737d50,d1a714cd8
q1a737d50,d1b356758
q1a737d50,d1b3c3fe2
q1a737d50,d1b3862b4
q1a737d50,d1b317dd2
q1a737d50,d1b383708
q1a737d50,d1b39dacc
q1a71cc58,d1a71cca8
q1a71cc58,d1b35f150
q1a71cc58,d1b3bc1a2
q1a71cc58,d1b3b3c00
q1a71cc58,d1b367134
q1a71cc58,d1b304548
q1a71cc58,d1b340598
q1a71cc58,d1b2e2826
q1a71cc58,d1a71ac1e
q1a71cc58,d1b3a3364
q1a71d798,d1a71d82e
q1a71d798,d1a7200d8
q1a71d798,d1b34a89a
q1a71d798,d1a714a58
q1a71d798,d1b344bb6
q1a71d798,d1b379c4e
q1a71d798,d1b38ba70
q1a71d798,d1b3a7720
q1a71d798,d1b340df4
q1a71d798,d1b3199ca
q1a74197c,d1a7419cc
q1a74197c,d1b3a2ac2
q1a74197c,d1a72a0ce
q1a74197c,d1b32d7cc
q1a74197c,d1a7289ae
q1a74197c,d1b3287ae
q1a74197c,d1b3b353e
q1a74197c,d1b32c020
q1a74197c,d1b3a79e6
q1a74197c,d1b340b1a
q1a71762c,d1a73899e
q1a71762c,d1b3b5f14
q1a71762c,d1b33efcc
q1a71762c,d1b3c5be4
q1a71762c,d1b38f2ba
q1a71762c,d1b38fa3a
q1a71762c,d1b35de90
q1a71762c,d1b39ca32
q1a71762c,d1b31d0c0
q1a71762c,d1b3b3764
q1a720420,d1b2f345a
q1a720420,d1b2efec2
q1a720420,d1b3495da
q1a720420,d1a720542
q1a720420,d1b3061a4
q1a720420,d1a72c19e
q1a720420,d1b31137e
q1a720420,d1b3abcb2
q1a720420,d1b3a8756
q1a720420,d1a71e1e8
q1a71f480,d1b391e34
q1a71f480,d1a71f534
q1a71f480,d1b39d270
q1a71f480,d1b3a1f8c
q1a71f480,d1b3a1794
q1a71f480,d1b35c9dc
q1a71f480,d1b3c0a5e
q1a71f480,d1b3ab668
q1a71f480,d1b36279c
q1a71f480,d1b3b23be
q1a73c986,d1a73ca80
q1a73c986,d1b301456
q1a73c986,d1b342b5e
q1a73c986,d1b38ed06
q1a73c986,d1b3630ca
q1a73c986,d1b35de90
q1a73c986,d1b3c4514
q1a73c986,d1b30b5d2
q1a73c986,d1b30c658
q1a73c986,d1b3991d4
q1a73d084,d1b309750
q1a73d084,d1b3a52c2
q1a73d084,d1b34bd44
q1a73d084,d1b32eb86
q1a73d084,d1a719972
q1a73d084,d1b318b92
q1a73d084,d1b346902
q1a73d084,d1b37a252
q1a73d084,d1b31c274
q1a73d084,d1b3a3490
q1a7405e0,d1b375108
q1a7405e0,d1a74070c
q1a7405e0,d1b34d946
q1a7405e0,d1b3be6fa
q1a7405e0,d1b300a4c
q1a7405e0,d1b339068
q1a7405e0,d1a717c44
q1a7405e0,d1a7285e4
q1a7405e0,d1b3a59ca
q1a7405e0,d1b3c5a04
q1a720a42,d1a720a88
q1a720a42,d1b3a0c72
q1a720a42,d1b3c4b36
q1a720a42,d1a72f100
q1a720a42,d1b3505c4
q1a720a42,d1b364542
q1a720a42,d1b336944
q1a720a42,d1b3b5438
q1a720a42,d1b336fb6
q1a720a42,d1b2ea2ec
q1a727306,d1b3a3490
q1a727306,d1b370c02
q1a727306,d1a72740a
q1a727306,d1b301456
q1a727306,d1b31c274
q1a727306,d1b3a52c2
q1a727306,d1b329e9c
q1a727306,d1b3ad3be
q1a727306,d1b3507e0
q1a727306,d1b33dc58
q1a72c694,d1a72c798
q1a72c694,d1b30812a
q1a72c694,d1b31457e
q1a72c694,d1b37762e
q1a72c694,d1a738d04
q1a72c694,d1b30c32e
q1a72c694,d1b3991d4
q1a72c694,d1b36cd96
q1a72c694,d1b32cade
q1a72c694,d1b2fe95e
q1a737efe,d1b38835c
q1a737efe,d1b3006dc
q1a737efe,d1b38489c
q1a737efe,d1b3a3c88
q1a737efe,d1a72b046
q1a737efe,d1b35ed0e
q1a737efe,d1b3aa42a
q1a737efe,d1b32b986
q1a737efe,d1b363cfa
q1a737efe,d1b3ae232
q1a72a9ac,d1a72aac4
q1a72a9ac,d1b2fb4a2
q1a72a9ac,d1b35b8b6
q1a72a9ac,d1b362ab2
q1a72a9ac,d1b32b1f2
q1a72a9ac,d1b306456
q1a72a9ac,d1b320608
q1a72a9ac,d1b3386b8
q1a72a9ac,d1b3495da
q1a72a9ac,d1b31f082
q1a727d7e,d1b346114
q1a727d7e,d1b34bfec
q1a727d7e,d1a727e1e
q1a727d7e,d1b3beb3c
q1a727d7e,d1b37f0ae
q1a727d7e,d1b33f3be
q1a727d7e,d1b33f166
q1a727d7e,d1b2ec434
q1a727d7e,d1b369c7c
q1a727d7e,d1b35a6c8
q1a716b96,d1b30812a
q1a716b96,d1b389a04
q1a716b96,d1b35243c
q1a716b96,d1b300c2c
q1a716b96,d1b3991d4
q1a716b96,d1b35bc4e
q1a716b96,d1b38a3e6
q1a716b96,d1b37c4d0
q1a716b96,d1b36d782
q1a716b96,d1a716c9a
q1a72de9a,d1b3b4ac4
q1a72de9a,d1a7337aa
q1a72de9a,d1b380a62
q1a72de9a,d1b3c5a04
q1a72de9a,d1a7138d8
q1a72de9a,d1b3b9d80
q1a72de9a,d1b300fb0
q1a72de9a,d1b2f65ce
q1a72de9a,d1b3c8362
q1a72de9a,d1b33db86
q1a714530,d1b35b7bc
q1a714530,d1a73bfc2
q1a714530,d1b386822
q1a714530,d1b39f78c
q1a714530,d1b38346a
q1a714530,d1b3a6942
q1a714530,d1b387d08
q1a714530,d1b2e3c26
q1a714530,d1b2ef3dc
q1a714530,d1b359084
q1a71f8d6,d1b2ee16c
q1a71f8d6,d1b339068
q1a71f8d6,d1b38301e
q1a71f8d6,d1b39c5b4
q1a71f8d6,d1a717c44
q1a71f8d6,d1b38706a
q1a71f8d6,d1b326724
q1a71f8d6,d1b33d9ba
q1a71f8d6,d1b359e3a
q1a71f8d6,d1b371ef4
q1a71cba4,d1a71cca8
q1a71cba4,d1b3a0eb6
q1a71cba4,d1b34baf6
q1a71cba4,d1b36001e
q1a71cba4,d1b3aeb92
q1a71cba4,d1b3a3364
q1a71cba4,d1b344a30
q1a71cba4,d1b3b3c00
q1a71cba4,d1b3187c8
q1a71cba4,d1a71ac1e
q1a712d7a,d1a712ec4
q1a712d7a,d1b3029aa
q1a712d7a,d1b37c32c
q1a712d7a,d1b34a9f8
q1a712d7a,d1b363192
q1a712d7a,d1b369218
q1a712d7a,d1b2ec434
q1a712d7a,d1b3061a4
q1a712d7a,d1b32002c
q1a712d7a,d1b3b8c3c
q1a734fa6,d1a735078
q1a734fa6,d1b364d08
q1a734fa6,d1b31b40a
q1a734fa6,d1b3b308e
q1a734fa6,d1b3a9052
q1a734fa6,d1b3309ea
q1a734fa6,d1b2e34ec
q1a734fa6,d1a7331d8
q1a734fa6,d1b32b54e
q1a734fa6,d1b32cc6e
q1a71a1f6,d1b39690c
q1a71a1f6,d1b34cdfc
q1a71a1f6,d1b38a288
q1a71a1f6,d1b3921e0
q1a71a1f6,d1b39668c
q1a71a1f6,d1b306aa0
q1a71a1f6,d1b326f12
q1a71a1f6,d1b3a11a4
q1a71a1f6,d1b372476
q1a71a1f6,d1b36cf58
q1a736932,d1b3a8bde
q1a736932,d1b373862
q1a736932,d1b3b3ffc
q1a736932,d1b2edfd2
q1a736932,d1b39dd06
q1a736932,d1b34a6a6
q1a736932,d1b380d82
q1a736932,d1b33207e
q1a736932,d1a73bfc2
q1a736932,d1b38eae0
q1a7279b4,d1b350a7e
q1a7279b4,d1a727b8a
q1a7279b4,d1b3b8f0c
q1a7279b4,d1b35446c
q1a7279b4,d1b32d2b8
q1a7279b4,d1a731a4a
q1a7279b4,d1b37f428
q1a7279b4,d1b2ec434
q1a7279b4,d1b3a1e2e
q1a7279b4,d1b34cdfc
q1a7379f4,d1b3ab398
q1a7379f4,d1b3b20f8
q1a7379f4,d1b364ee8
q1a7379f4,d1b31607c
q1a7379f4,d1b39fa5c
q1a7379f4,d1b33bd86
q1a7379f4,d1b33d9ba
q1a7379f4,d1b33126e
q1a7379f4,d1b307fae
q1a7379f4,d1b34147a
q1a72b5dc,d1a72b690
q1a72b5dc,d1b361a04
q1a72b5dc,d1b349d0a
q1a72b5dc,d1b398f54
q1a72b5dc,d1b36abc2
q1a72b5dc,d1b385c38
q1a72b5dc,d1b344968
q1a72b5dc,d1b34a9f8
q1a72b5dc,d1b317f26
q1a72b5dc,d1b335116
q1a73058c,d1b3304fe
q1a73058c,d1b374d48
q1a73058c,d1b3b4f4c
q1a73058c,d1b3af434
q1a73058c,d1b38ba70
q1a73058c,d1b3967cc
q1a73058c,d1a72e818
q1a73058c,d1b39ff66
q1a73058c,d1b2e8924
q1a73058c,d1b335418
q1a72c05e,d1b3061a4
q1a72c05e,d1b2efec2
q1a72c05e,d1b35b7bc
q1a72c05e,d1b3495da
q1a72c05e,d1a72c19e
q1a72c05e,d1b371d0a
q1a72c05e,d1b31137e
q1a72c05e,d1a740c66
q1a72c05e,d1a71e1e8
q1a72c05e,d1b3abcb2
q1a739d12,d1a739e3e
q1a739d12,d1b307b12
q1a739d12,d1b2e387a
q1a739d12,d1b3ace32
q1a739d12,d1b3764f4
q1a739d12,d1b32fd60
q1a739d12,d1b31ae60
q1a739d12,d1b2ee798
q1a739d12,d1b36ae1a
q1a739d12,d1b352c70
q1a729ffc,d1a72a0ce
q1a729ffc,d1b3a2ac2
q1a729ffc,d1b3b353e
q1a729ffc,d1b32d7cc
q1a729ffc,d1a7419cc
q1a729ffc,d1a7183ce
q1a729ffc,d1b35446c
q1a729ffc,d1a7289ae
q1a729ffc,d1a73c7c4
q1a729ffc,d1b31cd64
q1a717956,d1b3aeca0
q1a717956,d1a7179c4
q1a717956,d1b390e62
q1a717956,d1b31dff2
q1a717956,d1a734402
q1a717956,d1b345d9a
q1a717956,d1b2e7bb4
q1a717956,d1b369c7c
q1a717956,d1b3af8f8
q1a717956,d1a722a18
q1a7323dc,d1a7324d6
q1a7323dc,d1b317dd2
q1a7323dc,d1b30df3a
q1a7323dc,d1b3090a2
q1a7323dc,d1b31e7a4
q1a7323dc,d1b350100
q1a7323dc,d1b36c60c
q1a7323dc,d1b3ab294
q1a7323dc,d1b3bab22
q1a7323dc,d1b31f906
q1a725e48,d1b32441a
q1a725e48,d1b3bdaa2
q1a725e48,d1a725f60
q1a725e48,d1a73d426
q1a725e48,d1b379078
q1a725e48,d1b390fa2
q1a725e48,d1b342b5e
q1a725e48,d1b2e4c34
q1a725e48,d1b3975be
q1a725e48,d1b36fa96
q1a71de96,d1a71df22
q1a71de96,d1a74070c
q1a71de96,d1b2e55ee
q1a71de96,d1b39aaca
q1a71de96,d1b36639c
q1a71de96,d1b3b23be
q1a71de96,d1b382cea
q1a71de96,d1b313eda
q1a71de96,d1b38e400
q1a71de96,d1b2f7e88
q1a7146ac,d1b2e766e
q1a7146ac,d1a71479c
q1a7146ac,d1b375874
q1a7146ac,d1b3babf4
q1a7146ac,d1b3471ea
q1a7146ac,d1b36fe9c
q1a7146ac,d1b3ae62e
q1a7146ac,d1b3259b4
q1a7146ac,d1b3af34e
q1a7146ac,d1b35aae2
q1a727338,d1b370c02
q1a727338,d1b3bfb40
q1a727338,d1b321864
q1a727338,d1b31c274
q1a727338,d1b3239fc
q1a727338,d1b3a3490
q1a727338,d1b3a6fa0
q1a727338,d1b2fe508
q1a727338,d1b33cb1e
q1a727338,d1b367b34
q1a730924,d1a7309a6
q1a730924,d1b3a1e2e
q1a730924,d1a725d26
q1a730924,d1b30f236
q1a730924,d1b2f2c94
q1a730924,d1b2e50e4
q1a730924,d1b38008a
q1a730924,d1a71b272
q1a730924,d1b38c498
q1a730924,d1b3a7ef0
q1a712a14,d1a712ba4
q1a712a14,d1b366126
q1a712a14,d1b370c02
q1a712a14,d1b3bfb40
q1a712a14,d1b2f9698
q1a712a14,d1b2fe508
q1a712a14,d1b34b416
q1a712a14,d1b39f4bc
q1a712a14,d1b343b58
q1a712a14,d1b3a3490
q1a7258ee,d1a725a2e
q1a7258ee,d1b3be6fa
q1a7258ee,d1a71b272
q1a7258ee,d1a73bd10
q1a7258ee,d1b37ee24
q1a7258ee,d1b2e9cc0
q1a7258ee,d1b36d020
q1a7258ee,d1b3b8da4
q1a7258ee,d1a73744a
q1a7258ee,d1a71f084
q1a717bcc,d1a717c44
q1a717bcc,d1b2e585a
q1a717bcc,d1b33d9ba
q1a717bcc,d1a7138d8
q1a717bcc,d1a7340d8
q1a717bcc,d1b359e3a
q1a717bcc,d1b323290
q1a717bcc,d1b315f0a
q1a717bcc,d1b33ba66
q1a717bcc,d1b370946
q1a72f736,d1b30edb8
q1a72f736,d1b321094
q1a72f736,d1a71dd10
q1a72f736,d1b369a38
q1a72f736,d1b37bc24
q1a72f736,d1b350100
q1a72f736,d1b39336a
q1a72f736,d1a714cd8
q1a72f736,d1a731ff4
q1a72f736,d1b31b73e
q1a73d8d6,d1b304fca
q1a73d8d6,d1b3174e0
q1a73d8d6,d1a73d944
q1a73d8d6,d1b3aa344
q1a73d8d6,d1b36cbc0
q1a73d8d6,d1b3b4c2c
q1a73d8d6,d1b2ff4b2
q1a73d8d6,d1b3b80ac
q1a73d8d6,d1b3a5d1c
q1a73d8d6,d1b3ae232
q1a7215dc,d1b374794
q1a7215dc,d1b38464e
q1a7215dc,d1a713428
q1a7215dc,d1b39ca32
q1a7215dc,d1b34fc64
q1a7215dc,d1b358efe
q1a7215dc,d1b2ef3dc
q1a7215dc,d1b33efcc
q1a7215dc,d1b351dca
q1a7215dc,d1b38a4a4
q1a7137b6,d1b379f64
q1a7137b6,d1b380a62
q1a7137b6,d1a7337aa
q1a7137b6,d1a7138d8
q1a7137b6,d1b300fb0
q1a7137b6,d1b3c5a04
q1a7137b6,d1b33db86
q1a7137b6,d1a7270c2
q1a7137b6,d1b372840
q1a7137b6,d1b3c8362
q1a726fc8,d1a7270c2
q1a726fc8,d1b33330c
q1a726fc8,d1b34e4e0
q1a726fc8,d1b324adc
q1a726fc8,d1b3712f6
q1a726fc8,d1b34d946
q1a726fc8,d1b39bccc
q1a726fc8,d1b2f0c14
q1a726fc8,d1b37ae6e
q1a726fc8,d1b36fdf2
q1a73f6b8,d1a73f79e
q1a73f6b8,d1b37796c
q1a73f6b8,d1b354e62
q1a73f6b8,d1b3416dc
q1a73f6b8,d1b3b5c94
q1a73f6b8,d1b3a2fb8
q1a73f6b8,d1b31fef6
q1a73f6b8,d1b3739ca
q1a73f6b8,d1b31f906
q1a73f6b8,d1b35141a
q1a722b9e,d1a722c66
q1a722b9e,d1b2f2c94
q1a722b9e,d1b2ef3dc
q1a722b9e,d1b356758
q1a722b9e,d1b3a6596
q1a722b9e,d1a72d756
q1a722b9e,d1b3beb3c
q1a722b9e,d1b3bb180
q1a722b9e,d1b32baee
q1a722b9e,d1b3533b4
q1a7157e6,d1b3003a8
q1a7157e6,d1b389a04
q1a7157e6,d1b35bc4e
q1a7157e6,d1b325d42
q1a7157e6,d1b2f3a5e
q1a7157e6,d1a738d04
q1a7157e6,d1b35243c
q1a7157e6,d1a72c798
q1a7157e6,d1b35881e
q1a7157e6,d1b31a1cc
q1a7386ec,d1b3a2bc6
q1a7386ec,d1a73f79e
q1a7386ec,d1b36b914
q1a7386ec,d1b34e72e
q1a7386ec,d1b36de6c
q1a7386ec,d1b3c743a
q1a7386ec,d1b2e8924
q1a7386ec,d1b3b00fa
q1a7386ec,d1b3791b8
q1a7386ec,d1b2f9daa
q1a737fee,d1a738034
q1a737fee,d1b3780ba
q1a737fee,d1b363dc2
q1a737fee,d1b32dce0
q1a737fee,d1b343752
q1a737fee,d1b323d94
q1a737fee,d1a740c66
q1a737fee,d1b39b150
q1a737fee,d1b3a9962
q1a737fee,d1b38489c
q1a729354,d1a72949e
q1a729354,d1b3b7f94
q1a729354,d1b372692
q1a729354,d1b3bf532
q1a729354,d1b39e22e
q1a729354,d1b34ffca
q1a729354,d1b39de46
q1a729354,d1b38716e
q1a729354,d1b3873a8
q1a729354,d1b356f0a
q1a732198,d1a7322b0
q1a732198,d1b2f4418
q1a732198,d1b338c9e
q1a732198,d1b3afaba
q1a732198,d1b378560
q1a732198,d1b3a6d3e
q1a732198,d1b3952fa
q1a732198,d1b3c71e2
q1a732198,d1b35c9dc
q1a732198,d1a7250b0
q1a728be8,d1b3c3fe2
q1a728be8,d1b387d08
q1a728be8,d1b2ef3dc
q1a728be8,d1b32c020
q1a728be8,d1b31ce72
q1a728be8,d1b3bae6a
q1a728be8,d1a736054
q1a728be8,d1b369c7c
q1a728be8,d1b33f3be
q1a728be8,d1b39dacc
q1a73e600,d1b3bf28a
q1a73e600,d1b366568
q1a73e600,d1b370540
q1a73e600,d1b30755e
q1a73e600,d1b33ec7a
q1a73e600,d1b3be84e
q1a73e600,d1b3c5fe0
q1a73e600,d1a72d184
q1a73e600,d1a736f40
q1a73e600,d1b2fa4da
q1a71415c,d1a714224
q1a71415c,d1a719738
q1a71415c,d1b378d4e
q1a71415c,d1b31137e
q1a71415c,d1b300d1c
q1a71415c,d1b352f68
q1a71415c,d1b3686ec
q1a71415c,d1b3345c2
q1a71415c,d1b33cd08
q1a71415c,d1b3a9c50
q1a735f28,d1a736054
q1a735f28,d1b34c654
q1a735f28,d1b326d46
q1a735f28,d1b355ccc
q1a735f28,d1a726af0
q1a735f28,d1b33c038
q1a735f28,d1b365e2e
q1a735f28,d1b32c3fe
q1a735f28,d1b3287ae
q1a735f28,d1b38522e
q1a738f2a,d1b386d40
q1a738f2a,d1b3c4c80
q1a738f2a,d1a716c9a
q1a738f2a,d1b31457e
q1a738f2a,d1b3685de
q1a738f2a,d1b396510
q1a738f2a,d1b3945e4
q1a738f2a,d1b391f92
q1a738f2a,d1b389a04
q1a738f2a,d1b32cbb0
q1a73a546,d1a73a62c
q1a73a546,d1b3afaba
q1a73a546,d1a72f100
q1a73a546,d1b378560
q1a73a546,d1b391b6e
q1a73a546,d1b3ad8aa
q1a73a546,d1a7322b0
q1a73a546,d1b2f4418
q1a73a546,d1b3c7c0a
q1a73a546,d1b2e373a
q1a72967e,d1a7296ba
q1a72967e,d1b3061a4
q1a72967e,d1b310168
q1a72967e,d1b2f7fd2
q1a72967e,d1b3a41c4
q1a72967e,d1b359e3a
q1a72967e,d1b2fa340
q1a72967e,d1b38b71e
q1a72967e,d1b3ae55c
q1a72967e,d1a717c44
q1a717b9a,d1b310168
q1a717b9a,d1b369c7c
q1a717b9a,d1b35f72c
q1a717b9a,d1b387d08
q1a717b9a,d1b2ef3dc
q1a717b9a,d1a7296ba
q1a717b9a,d1a732a94
q1a717b9a,d1b2ef24c
q1a717b9a,d1b36cad0
q1a717b9a,d1b36a0c8
q1a724ab6,d1a724bd8
q1a724ab6,d1b32401e
q1a724ab6,d1a731748
q1a724ab6,d1b351dca
q1a724ab6,d1b37dfd8
q1a724ab6,d1b2f4094
q1a724ab6,d1b342c1c
q1a724ab6,d1b38eae0
q1a724ab6,d1b373862
q1a724ab6,d1b34f5a2
q1a735f78,d1a7218e8
q1a735f78,d1b304b42
q1a735f78,d1b3c50d6
q1a735f78,d1a72bce4
q1a735f78,d1b2e225e
q1a735f78,d1b3879b6
q1a735f78,d1b32c020
q1a735f78,d1b2e4c34
q1a735f78,d1b3a7ef0
q1a735f78,d1b37f0ae
q1a72a24a,d1b34befc
q1a72a24a,d1b3bb81a
q1a72a24a,d1a72a358
q1a72a24a,d1b32dec0
q1a72a24a,d1b3bb072
q1a72a24a,d1b2eed56
q1a72a24a,d1b36279c
q1a72a24a,d1a7187f2
q1a72a24a,d1b2f2a1e
q1a72a24a,d1b3c3e8e
q1a72c2ca,d1a72c40a
q1a72c2ca,d1b2ef24c
q1a72c2ca,d1b2f9698
q1a72c2ca,d1b36ec4a
q1a72c2ca,d1a72740a
q1a72c2ca,d1b38dd7a
q1a72c2ca,d1b3bfd5c
q1a72c2ca,d1b2e585a
q1a72c2ca,d1b3000ba
q1a72c2ca,d1b352c70
q1a73c954,d1a73ca80
q1a73c954,d1b3acef0
q1a73c954,d1b325108
q1a73c954,d1b34be20
q1a73c954,d1b2fb01a
q1a73c954,d1b3a3364
q1a73c954,d1a7261ea
q1a73c954,d1b373150
q1a73c954,d1b325f2c
q1a73c954,d1b3492f6
q1a73d886,d1b33a314
q1a73d886,d1a73d944
q1a73d886,d1b36cbc0
q1a73d886,d1b304fca
q1a73d886,d1b3a5d1c
q1a73d886,d1b35d094
q1a73d886,d1b365708
q1a73d886,d1b3bd318
q1a73d886,d1b387dee
q1a73d886,d1b319ea2
q1a73b374,d1a73ba68
q1a73b374,d1a73b46e
q1a73b374,d1b2f0d72
q1a73b374,d1b3c06da
q1a73b374,d1b3813b8
q1a73b374,d1b3b2ad0
q1a73b374,d1b309a8e
q1a73b374,d1b36014a
q1a73b374,d1b361a04
q1a73b374,d1b3a863e
q1a7406bc,d1a74070c
q1a7406bc,d1b369c7c
q1a7406bc,d1b39ed82
q1a7406bc,d1b387d08
q1a7406bc,d1b2ef3dc
q1a7406bc,d1b315bcc
q1a7406bc,d1b31c670
q1a7406bc,d1b33f3be
q1a7406bc,d1b2fe508
q1a7406bc,d1b3183d6
q1a72b60e,d1b3890d6
q1a72b60e,d1b3c874a
q1a72b60e,d1b347e60
q1a72b60e,d1b36398a
q1a72b60e,d1a72b690
q1a72b60e,d1b3b9c72
q1a72b60e,d1b3a0c72
q1a72b60e,d1b3b308e
q1a72b60e,d1b3946fc
q1a72b60e,d1b2fcb7c
q1a72ce82,d1b307c48
q1a72ce82,d1b31b4fa
q1a72ce82,d1a72cf18
q1a72ce82,d1b3b4cea
q1a72ce82,d1b3a277a
q1a72ce82,d1b3a7f9a
q1a72ce82,d1b310cd0
q1a72ce82,d1b3061a4
q1a72ce82,d1b390a2a
q1a72ce82,d1b3211d4
q1a73ef92,d1b3b308e
q1a73ef92,d1b2e34ec
q1a73ef92,d1b3abdac
q1a73ef92,d1a73f046
q1a73ef92,d1b3309ea
q1a73ef92,d1b368d7c
q1a73ef92,d1a735078
q1a73ef92,d1b3971fe
q1a73ef92,d1b31b40a
q1a73ef92,d1b366bd0
q1a71f9bc,d1a73f564
q1a71f9bc,d1b3af6d2
q1a71f9bc,d1b3adf26
q1a71f9bc,d1b3576b2
q1a71f9bc,d1b347d5c
q1a71f9bc,d1b389b4e
q1a71f9bc,d1b3c8362
q1a71f9bc,d1b2f5688
q1a71f9bc,d1a7331d8
q1a71f9bc,d1a71e79c
q1a711740,d1a7118d0
q1a711740,d1b37f1d0
q1a711740,d1b36b5ae
q1a711740,d1b329a00
q1a711740,d1b3affd8
q1a711740,d1b337c7c
q1a711740,d1b36a6ae
q1a711740,d1b364ee8
q1a711740,d1b36136a
q1a711740,d1b3c1bb6
q1a724160,d1a724228
q1a724160,d1b32c020
q1a724160,d1b32cf84
q1a724160,d1b386822
q1a724160,d1a736054
q1a724160,d1b31e448
q1a724160,d1b3287ae
q1a724160,d1b398cac
q1a724160,d1b370946
q1a724160,d1b3a7c2a
q1a721230,d1b33b3e0
q1a721230,d1b34d356
q1a721230,d1b37b97c
q1a721230,d1a72135c
q1a721230,d1a71bb78
q1a721230,d1b33a9ea
q1a721230,d1b36f398
q1a721230,d1b3a042a
q1a721230,d1b349198
q1a721230,d1b3394aa
q1a721c9e,d1a721d34
q1a721c9e,d1b388000
q1a721c9e,d1b3994cc
q1a721c9e,d1b3a9174
q1a721c9e,d1a73d19c
q1a721c9e,d1b34bd44
q1a721c9e,d1b38c074
q1a721c9e,d1b397758
q1a721c9e,d1b313eda
q1a721c9e,d1b3c1bb6
q1a737f30,d1b32a2ac
q1a737f30,d1b33ddac
q1a737f30,d1b2ecc5e
q1a737f30,d1b346902
q1a737f30,d1b3441a2
q1a737f30,d1b386e80
q1a737f30,d1b303a08
q1a737f30,d1b38257e
q1a737f30,d1b2fcf50
q1a737f30,d1a72949e
q1a735af0,d1a735c44
q1a735af0,d1b322700
q1a735af0,d1b364362
q1a735af0,d1b39dfc2
q1a735af0,d1b398b80
q1a735af0,d1b346754
q1a735af0,d1a71f084
q1a735af0,d1b37afa4
q1a735af0,d1b347b86
q1a735af0,d1b344f08
q1a738f02,d1b3c4c80
q1a738f02,d1b3685de
q1a738f02,d1a738fb6
q1a738f02,d1a716c9a
q1a738f02,d1b32cade
q1a738f02,d1b396510
q1a738f02,d1b386d40
q1a738f02,d1b3ad526
q1a738f02,d1b391f92
q1a738f02,d1b373038
q1a71f232,d1b36a532
q1a71f232,d1a71a4e4
q1a71f232,d1b3af5a6
q1a71f232,d1a727e1e
q1a71f232,d1b355ee8
q1a71f232,d1b307068
q1a71f232,d1b356de8
q1a71f232,d1b378fa6
q1a71f232,d1b389e46
q1a71f232,d1a7174c4
q1a71ba74,d1b33b3e0
q1a71ba74,d1a71bb78
q1a71ba74,d1b34d356
q1a71ba74,d1b336d72
q1a71ba74,d1b3a042a
q1a71ba74,d1b349198
q1a71ba74,d1b37b97c
q1a71ba74,d1b39c6ea
q1a71ba74,d1b3394aa
q1a71ba74,d1b3711d4
q1a72fad8,d1b33ff62
q1a72fad8,d1b3a2e78
q1a72fad8,d1b3150c8
q1a72fad8,d1b3301a2
q1a72fad8,d1b34e080
q1a72fad8,d1b2e4978
q1a72fad8,d1a7331d8
q1a72fad8,d1b32a07c
q1a72fad8,d1b33cd08
q1a72fad8,d1b3315de
q1a7282d8,d1a7283d2
q1a7282d8,d1b361b12
q1a7282d8,d1b30d418
q1a7282d8,d1b32ab9e
q1a7282d8,d1b3af434
q1a7282d8,d1b353b48
q1a7282d8,d1b3b0226
q1a7282d8,d1b3967cc
q1a7282d8,d1a71d82e
q1a7282d8,d1a71a278
q1a718914,d1a718a36
q1a718914,d1b378e52
q1a718914,d1b323d94
q1a718914,d1b2ef5c6
q1a718914,d1b352932
q1a718914,d1b3630ca
q1a718914,d1a71456c
q1a718914,d1b3849b4
q1a718914,d1b38835c
q1a718914,d1b3a6456
q1a71d9f0,d1a71da5e
q1a71d9f0,d1a73f2c6
q1a71d9f0,d1b337c7c
q1a71d9f0,d1b36136a
q1a71d9f0,d1b3c8998
q1a71d9f0,d1b34d356
q1a71d9f0,d1b386b1a
q1a71d9f0,d1b3a9868
q1a71d9f0,d1b3278c2
q1a71d9f0,d1a722a18
q1a731978,d1b327b92
q1a731978,d1b33b3e0
q1a731978,d1b2ef3dc
q1a731978,d1b387d08
q1a731978,d1a736054
q1a731978,d1b35ea48
q1a731978,d1b38cee8
q1a731978,d1b32c020
q1a731978,d1b3b9038
q1a731978,d1b39dacc
q1a736ef0,d1a736f40
q1a736ef0,d1b3a6fa0
q1a736ef0,d1b3bdaa2
q1a736ef0,d1b33486a
q1a736ef0,d1b36fb72
q1a736ef0,d1b3b9a42
q1a736ef0,d1b34e080
q1a736ef0,d1b38346a
q1a736ef0,d1b369c7c
q1a736ef0,d1b3712f6
q1a732666,d1b327b92
q1a732666,d1b38cee8
q1a732666,d1b3489dc
q1a732666,d1b3c1bb6
q1a732666,d1a72bf32
q1a732666,d1b35ea48
q1a732666,d1b36136a
q1a732666,d1b31f42e
q1a732666,d1b3c6a8a
q1a732666,d1b2e96b2
q1a71efda,d1b3780ba
q1a71efda,d1b377714
q1a71efda,d1b2ed62c
q1a71efda,d1b397320
q1a71efda,d1b343752
q1a71efda,d1a738034
q1a71efda,d1b37e6a4
q1a71efda,d1a739632
q1a71efda,d1a718a36
q1a71efda,d1b31b176
q1a73574e,d1b35ede0
q1a73574e,d1b3bcea4
q1a73574e,d1a71be0c
q1a73574e,d1b34cc44
q1a73574e,d1b3aeeda
q1a73574e,d1b3422b2
q1a73574e,d1b31ed3a
q1a73574e,d1b385576
q1a73574e,d1b3a60dc
q1a73574e,d1b2f6042
q1a72af38,d1a72b046
q1a72af38,d1b38e658
q1a72af38,d1a715854
q1a72af38,d1b301a6e
q1a72af38,d1a740c66
q1a72af38,d1b32cade
q1a72af38,d1b31a1cc
q1a72af38,d1b38835c
q1a72af38,d1b359ce6
q1a72af38,d1b38f3c8
q1a736676,d1b33347e
q1a736676,d1b343c66
q1a736676,d1b2efb8e
q1a736676,d1b2f23f2
q1a736676,d1b33a1de
q1a736676,d1b379f64
q1a736676,d1b33d4b0
q1a736676,d1b3ae55c
q1a736676,d1b31d0c0
q1a736676,d1b38e284
q1a7333fe,d1b3b641e
q1a7333fe,d1b3052cc
q1a7333fe,d1b3a1c8a
q1a7333fe,d1b351a3c
q1a7333fe,d1b33add2
q1a7333fe,d1a73899e
q1a7333fe,d1b366658
q1a7333fe,d1b38b32c
q1a7333fe,d1b334aea
q1a7333fe,d1b364844
q1a7347b8,d1b391a42
q1a7347b8,d1b391c4a
q1a7347b8,d1b36136a
q1a7347b8,d1b3a9868
q1a7347b8,d1b3ba7a8
q1a7347b8,d1b34adcc
q1a7347b8,d1a734894
q1a7347b8,d1b3172c4
q1a7347b8,d1b3c4d8e
q1a7347b8,d1b335c1a
q1a728b8e,d1a726af0
q1a728b8e,d1b32c020
q1a728b8e,d1b2e4c34
q1a728b8e,d1b355ccc
q1a728b8e,d1b32136e
q1a728b8e,d1a728c1a
q1a728b8e,d1b32e9b0
q1a728b8e,d1b360230
q1a728b8e,d1b32635a
q1a728b8e,d1b39dacc
q1a7204b6,d1b32a568
q1a7204b6,d1b360e42
q1a7204b6,d1a723f4e
q1a7204b6,d1b388e88
q1a7204b6,d1b3a8756
q1a7204b6,d1b3abcb2
q1a7204b6,d1b35b7bc
q1a7204b6,d1b3bdaa2
q1a7204b6,d1b3a7932
q1a7204b6,d1b36d638
q1a7308f2,d1a7309a6
q1a7308f2,d1b3a1e2e
q1a7308f2,d1b2f2c94
q1a7308f2,d1b30f236
q1a7308f2,d1a725d26
q1a7308f2,d1b375054
q1a7308f2,d1b2e50e4
q1a7308f2,d1a71b272
q1a7308f2,d1b3278c2
q1a7308f2,d1b32360a
q1a73feba,d1a73ffe6
q1a73feba,d1b3b5ad2
q1a73feba,d1b32921c
q1a73feba,d1b345f84
q1a73feba,d1b39f78c
q1a73feba,d1b359a84
q1a73feba,d1b3ba9b0
q1a73feba,d1b347866
q1a73feba,d1b3c874a
q1a73feba,d1b38ed06
q1a729dea,d1b355ccc
q1a729dea,d1b3c38ee
q1a729dea,d1b3090a2
q1a729dea,d1b3895d6
q1a729dea,d1b39f048
q1a729dea,d1b358efe
q1a729dea,d1b362d1e
q1a729dea,d1b38346a
q1a729dea,d1b350a7e
q1a729dea,d1b3a9052
q1a72b636,d1b3c874a
q1a72b636,d1a73ba68
q1a72b636,d1b3b9c72
q1a72b636,d1b35ce14
q1a72b636,d1a72b690
q1a72b636,d1b32bf12
q1a72b636,d1b3890d6
q1a72b636,d1b38897e
q1a72b636,d1b3aefe8
q1a72b636,d1b3a2e78
q1a7401c6,d1a7419cc
q1a7401c6,d1a740248
q1a7401c6,d1b32d7cc
q1a7401c6,d1a7309a6
q1a7401c6,d1b365e2e
q1a7401c6,d1b37f428
q1a7401c6,d1b2f539a
q1a7401c6,d1b33207e
q1a7401c6,d1b33959a
q1a7401c6,d1b3b8da4
q1a73292c,d1a732a94
q1a73292c,d1b2e92ac
q1a73292c,d1b392faa
q1a73292c,d1b3542a0
q1a73292c,d1a716c9a
q1a73292c,d1b3b2760
q1a73292c,d1b3078b0
q1a73292c,d1b2e6264
q1a73292c,d1b38f0b2
q1a73292c,d1a72c798
q1a735226,d1b333fe6
q1a735226,d1b368d7c
q1a735226,d1b2e83de
q1a735226,d1a735294
q1a735226,d1b398cac
q1a735226,d1b34c74e
q1a735226,d1b31b40a
q1a735226,d1b3795dc
q1a735226,d1b3309ea
q1a735226,d1b380b8e
q1a73d5e8,d1b2f4418
q1a73d5e8,d1b33ea2c
q1a73d5e8,d1b38404a
q1a73d5e8,d1b2f0d72
q1a73d5e8,d1b3c06da
q1a73d5e8,d1a73b46e
q1a73d5e8,d1b3970fa
q1a73d5e8,d1b389ca2
q1a73d5e8,d1b344968
q1a73d5e8,d1b2e2ab0
q1a741922,d1a7419cc
q1a741922,d1b3a2ac2
q1a741922,d1a72a0ce
q1a741922,d1b32d7cc
q1a741922,d1b2f4418
q1a741922,d1a7289ae
q1a741922,d1b3a6942
q1a741922,d1b38ccb8
q1a741922,d1b3b353e
q1a741922,d1b33472a
q1a7403b0,d1a740464
q1a7403b0,d1b310cd0
q1a7403b0,d1b385576
q1a7403b0,d1b3b4cea
q1a7403b0,d1b34e72e
q1a7403b0,d1b395eee
q1a7403b0,d1b3afaba
q1a7403b0,d1a72b046
q1a7403b0,d1b3757ac
q1a7403b0,d1b2fff16
q1a7370d0,d1b389496
q1a7370d0,d1b350a7e
q1a7370d0,d1b31b73e
q1a7370d0,d1b31d0c0
q1a7370d0,d1b33a1de
q1a7370d0,d1b3b0d3e
q1a7370d0,d1b3b8f0c
q1a7370d0,d1b32d2b8
q1a7370d0,d1a726af0
q1a7370d0,d1a73715c
q1a71909e,d1b34300e
q1a71909e,d1a719184
q1a71909e,d1b365942
q1a71909e,d1b2f3a5e
q1a71909e,d1a738d04
q1a71909e,d1b3b7a9e
q1a71909e,d1b3991d4
q1a71909e,d1a72c798
q1a71909e,d1b300c2c
q1a71909e,d1b36cd96
q1a72e714,d1a72e818
q1a72e714,d1a71d82e
q1a72e714,d1a71a278
q1a72e714,d1b399e36
q1a72e714,d1b39d9dc
q1a72e714,d1b2e8b36
q1a72e714,d1b38b0de
q1a72e714,d1a732ce2
q1a72e714,d1a7283d2
q1a72e714,d1a73f2c6
q1a738f52,d1a716c9a
q1a738f52,d1b32cade
q1a738f52,d1b3c4c80
q1a738f52,d1b366e96
q1a738f52,d1b35243c
q1a738f52,d1b391f92
q1a738f52,d1b34300e
q1a738f52,d1b3685de
q1a738f52,d1a738fb6
q1a738f52,d1b2fab74
q1a71418e,d1a714224
q1a71418e,d1a719738
q1a71418e,d1a71f084
q1a71418e,d1b372106
q1a71418e,d1b370248
q1a71418e,d1b300d1c
q1a71418e,d1b33cd08
q1a71418e,d1a7169c0
q1a71418e,d1b3316ec
q1a71418e,d1b3201e4
q1a722e64,d1b2ef3dc
q1a722e64,d1a734894
q1a722e64,d1a71b272
q1a722e64,d1a717e60
q1a722e64,d1b375054
q1a722e64,d1b3c743a
q1a722e64,d1b3150c8
q1a722e64,d1b38ffda
q1a722e64,d1b38346a
q1a722e64,d1b387d08
q1a719ce2,d1b31ad02
q1a719ce2,d1b388e88
q1a719ce2,d1b3a9174
q1a719ce2,d1b371d0a
q1a719ce2,d1b346c22
q1a719ce2,d1b35db98
q1a719ce2,d1b342b5e
q1a719ce2,d1b3bbd7e
q1a719ce2,d1b398f54
q1a719ce2,d1b305948
q1a71276c,d1b3a75ea
q1a71276c,d1a71f7d2
q1a71276c,d1a7127d0
q1a71276c,d1b33330c
q1a71276c,d1b2ee798
q1a71276c,d1b3bbfae
q1a71276c,d1b3c3d44
q1a71276c,d1b31c77e
q1a71276c,d1b340c28
q1a71276c,d1b37a252
q1a7366a8,d1b33347e
q1a7366a8,d1b343c66
q1a7366a8,d1b35ede0
q1a7366a8,d1b2efb8e
q1a7366a8,d1b2f23f2
q1a7366a8,d1b33a1de
q1a7366a8,d1b2f4094
q1a7366a8,d1b3ae55c
q1a7366a8,d1b31fd3e
q1a7366a8,d1b33d4b0
q1a717d70,d1a717e60
q1a717d70,d1b31bba8
q1a717d70,d1b32a2ac
q1a717d70,d1b3c8998
q1a717d70,d1b3b0334
q1a717d70,d1b3796e0
q1a717d70,d1b369e02
q1a717d70,d1b3ba096
q1a717d70,d1a72bf32
q1a717d70,d1b3a60dc
q1a7345b0,d1b3457fa
q1a7345b0,d1b304548
q1a7345b0,d1b3aeb92
q1a7345b0,d1b3b3c00
q1a7345b0,d1b34baf6
q1a7345b0,d1b35f150
q1a7345b0,d1b367134
q1a7345b0,d1a71be0c
q1a7345b0,d1b340598
q1a7345b0,d1b37eaf0
q1a73224c,d1b32d114
q1a73224c,d1b376cb0
q1a73224c,d1a7322b0
q1a73224c,d1b3c3a38
q1a73224c,d1b390d90
q1a73224c,d1b2e63f4
q1a73224c,d1b36580c
q1a73224c,d1b2ee16c
q1a73224c,d1b3c2228
q1a73224c,d1b367b34
q1a72e7c8,d1a72e818
q1a72e7c8,d1b355ccc
q1a72e7c8,d1b3287ae
q1a72e7c8,d1a71b272
q1a72e7c8,d1b32baee
q1a72e7c8,d1b3443e6
q1a72e7c8,d1b31f906
q1a72e7c8,d1b3aeca0
q1a72e7c8,d1b383708
q1a72e7c8,d1b30f754
q1a729d68,d1a729e44
q1a729d68,d1b2ec812
q1a729d68,d1b36001e
q1a729d68,d1b3947f6
q1a729d68,d1b3115b8
q1a729d68,d1b3925aa
q1a729d68,d1b2e46e4
q1a729d68,d1b39398c
q1a729d68,d1b3554b6
q1a729d68,d1b354750
q1a73f47e,d1a73f564
q1a73f47e,d1b3373e4
q1a73f47e,d1b39f8d6
q1a73f47e,d1b356866
q1a73f47e,d1b394bb6
q1a73f47e,d1a716c9a
q1a73f47e,d1b38242a
q1a73f47e,d1b35bc4e
q1a73f47e,d1b30cb26
q1a73f47e,d1b368e9e
q1a713b26,d1a713c66
q1a713b26,d1b362436
q1a713b26,d1b2ec812
q1a713b26,d1b369812
q1a713b26,d1b35a416
q1a713b26,d1b32624c
q1a713b26,d1b3b69d2
q1a713b26,d1b346c22
q1a713b26,d1b2eb570
q1a713b26,d1b365cb2
q1a73d6a6,d1a7362fc
q1a73d6a6,d1b315bcc
q1a73d6a6,d1b36d638
q1a73d6a6,d1b329e9c
q1a73d6a6,d1b3507e0
q1a73d6a6,d1b34fc64
q1a73d6a6,d1b342b5e
q1a73d6a6,d1a7210fa
q1a73d6a6,d1b356974
q1a73d6a6,d1b30d954
q1a740144,d1a740248
q1a740144,d1b378b82
q1a740144,d1b2fe102
q1a740144,d1a712532
q1a740144,d1b346f9c
q1a740144,d1b3c7c0a
q1a740144,d1b39f048
q1a740144,d1b3201e4
q1a740144,d1b3c6cec
q1a740144,d1b31ebd2
q1a73fe88,d1a73ffe6
q1a73fe88,d1b39f78c
q1a73fe88,d1b3b5ad2
q1a73fe88,d1b3ba9b0
q1a73fe88,d1b345f84
q1a73fe88,d1a723a30
q1a73fe88,d1b340c28
q1a73fe88,d1a711510
q1a73fe88,d1b359a84
q1a73fe88,d1b39c12c
q1a72a77c,d1b3b641e
q1a72a77c,d1b3abcb2
q1a72a77c,d1b3558a8
q1a72a77c,d1b2f5688
q1a72a77c,d1b30d954
q1a72a77c,d1b3a9b60
q1a72a77c,d1b32ae78
q1a72a77c,d1b3b7da0
q1a72a77c,d1b3bbb12
q1a72a77c,d1b3849b4
q1a734a56,d1b302856
q1a734a56,d1b36a6ae
q1a734a56,d1b313dcc
q1a734a56,d1b302f4a
q1a734a56,d1b31b73e
q1a734a56,d1b3797e4
q1a734a56,d1b3b23be
q1a734a56,d1a734aec
q1a734a56,d1b344bb6
q1a734a56,d1b2e8d98
q1a7344f2,d1b3aa24a
q1a7344f2,d1a734614
q1a7344f2,d1b34159c
q1a7344f2,d1b34baf6
q1a7344f2,d1b3457fa
q1a7344f2,d1b35e62e
q1a7344f2,d1b3c278c
q1a7344f2,d1b39e53a
q1a7344f2,d1b304548
q1a7344f2,d1b2ef24c
q1a73eb1e,d1a73ec0e
q1a73eb1e,d1b35c7a2
q1a73eb1e,d1b3b67ac
q1a73eb1e,d1b374154
q1a73eb1e,d1b3345c2
q1a73eb1e,d1b367e4a
q1a73eb1e,d1a71d5a4
q1a73eb1e,d1b37743a
q1a73eb1e,d1b35752c
q1a73eb1e,d1b347618
q1a731266,d1b35fb64
q1a731266,d1b2f32e8
q1a731266,d1b351262
q1a731266,d1b3c4d8e
q1a731266,d1b3105c8
q1a731266,d1a7210fa
q1a731266,d1b362116
q1a731266,d1b346902
q1a731266,d1b39034a
q1a731266,d1a73bd10
q1a7124e2,d1a712532
q1a7124e2,d1b2fb63c
q1a7124e2,d1b3a8f4e
q1a7124e2,d1b33b2f0
q1a7124e2,d1b332380
q1a7124e2,d1b2e9ab8
q1a7124e2,d1b376b5c
q1a7124e2,d1a716c9a
q1a7124e2,d1b3795dc
q1a7124e2,d1b30bbfe
q1a71f2b4,d1b33a3fa
q1a71f2b4,d1b369c7c
q1a71f2b4,d1b362436
q1a71f2b4,d1b332efc
q1a71f2b4,d1b2e225e
q1a71f2b4,d1b36a532
q1a71f2b4,d1b366568
q1a71f2b4,d1b377142
q1a71f2b4,d1b3a1794
q1a71f2b4,d1b3bae6a
q1a71a642,d1b33add2
q1a71a642,d1b334aea
q1a71a642,d1b3a1c8a
q1a71a642,d1b3c63c8
q1a71a642,d1a71a764
q1a71a642,d1b351a3c
q1a71a642,d1b360a78
q1a71a642,d1b323290
q1a71a642,d1b3b641e
q1a71a642,d1b364844
q1a71ef80,d1b391812
q1a71ef80,d1b3881ae
q1a71ef80,d1a732ce2
q1a71ef80,d1b372840
q1a71ef80,d1b31fd3e
q1a71ef80,d1a72b046
q1a71ef80,d1b31a1cc
q1a71ef80,d1b3515fa
q1a71ef80,d1b321468
q1a71ef80,d1a71f7d2
q1a7355a0,d1b387d08
q1a7355a0,d1b2ef3dc
q1a7355a0,d1b369c7c
q1a7355a0,d1b3a1794
q1a7355a0,d1b32c020
q1a7355a0,d1b31ce72
q1a7355a0,d1b33f3be
q1a7355a0,d1b3a7ef0
q1a7355a0,d1b356758
q1a7355a0,d1b35f72c
q1a73cbf2,d1a73ccc4
q1a73cbf2,d1b31bec8
q1a73cbf2,d1b38d4ec
q1a73cbf2,d1b3a6942
q1a73cbf2,d1b3ac22a
q1a73cbf2,d1b355fa6
q1a73cbf2,d1b3403d6
q1a73cbf2,d1b34a034
q1a73cbf2,d1b3a9052
q1a73cbf2,d1b342c1c
q1a7302d0,d1b305948
q1a7302d0,d1a7303b6
q1a7302d0,d1b3391b2
q1a7302d0,d1b381584
q1a7302d0,d1b351faa
q1a7302d0,d1b3ac356
q1a7302d0,d1a72b258
q1a7302d0,d1b33a026
q1a7302d0,d1b393522
q1a7302d0,d1b3967cc
q1a72a718,d1b3c1508
q1a72a718,d1a72a812
q1a72a718,d1b3b641e
q1a72a718,d1b327df4
q1a72a718,d1b375216
q1a72a718,d1b36be46
q1a72a718,d1b2f5688
q1a72a718,d1b30d954
q1a72a718,d1b32ae78
q1a72a718,d1b3558a8
q1a72a272,d1b33ce20
q1a72a272,d1b346f9c
q1a72a272,d1b2eed56
q1a72a272,d1b34befc
q1a72a272,d1a72a358
q1a72a272,d1b36279c
q1a72a272,d1b2fda22
q1a72a272,d1a7331d8
q1a72a272,d1b3c3e8e
q1a72a272,d1b36daca
q1a71bd76,d1a71be0c
q1a71bd76,d1b3b0bd6
q1a71bd76,d1b328920
q1a71bd76,d1b2ef814
q1a71bd76,d1b31c9e0
q1a71bd76,d1b3a590c
q1a71bd76,d1b34baf6
q1a71bd76,d1b3a3fbc
q1a71bd76,d1b3457fa
q1a71bd76,d1b39e53a
q1a73ed76,d1b3bd98a
q1a73ed76,d1a73ee34
q1a73ed76,d1b2eca42
q1a73ed76,d1b3274f8
q1a73ed76,d1b36375a
q1a73ed76,d1a73e9d4
q1a73ed76,d1b36065e
q1a73ed76,d1a71a9bc
q1a73ed76,d1b355d9e
q1a73ed76,d1b39b79a
q1a7362c0,d1b3795dc
q1a7362c0,d1a7362fc
q1a7362c0,d1b344f08
q1a7362c0,d1b36abc2
q1a7362c0,d1b37f428
q1a7362c0,d1b3a02e0
q1a7362c0,d1b39346e
q1a7362c0,d1b3ab8fc
q1a7362c0,d1b36dd36
q1a7362c0,d1b351262
q1a726f64,d1a7270c2
q1a726f64,d1b3950ac
q1a726f64,d1b3336c2
q1a726f64,d1b37ae6e
q1a726f64,d1b33ba66
q1a726f64,d1b339068
q1a726f64,d1b33330c
q1a726f64,d1b2e585a
q1a726f64,d1b391948
q1a726f64,d1b39bccc
q1a7282a6,d1a7283d2
q1a7282a6,d1b37b97c
q1a7282a6,d1b391c4a
q1a7282a6,d1b3af8f8
q1a7282a6,d1a71a278
q1a7282a6,d1b32ab9e
q1a7282a6,d1b30d418
q1a7282a6,d1b349b3e
q1a7282a6,d1a72e818
q1a7282a6,d1b2fe26a
q1a7171c2,d1a71726c
q1a7171c2,d1b326814
q1a7171c2,d1b337542
q1a7171c2,d1b3be51a
q1a7171c2,d1b346d12
q1a7171c2,d1b30ad1c
q1a7171c2,d1b374e60
q1a7171c2,d1b332d58
q1a7171c2,d1b388c26
q1a7171c2,d1b339068
q1a727b1c,d1b3a7ef0
q1a727b1c,d1b34cdfc
q1a727b1c,d1a727b8a
q1a727b1c,d1b371b5c
q1a727b1c,d1a723a30
q1a727b1c,d1a725a2e
q1a727b1c,d1b3b8f0c
q1a727b1c,d1a72f8c6
q1a727b1c,d1b3247ee
q1a727b1c,d1b33f95e
q1a7401f8,d1b31a0d2
q1a7401f8,d1b387d08
q1a7401f8,d1b35b096
q1a7401f8,d1b2ef3dc
q1a7401f8,d1b3a781a
q1a7401f8,d1b38ffda
q1a7401f8,d1b327b92
q1a7401f8,d1b33126e
q1a7401f8,d1b337970
q1a7401f8,d1b349954
q1a712aaa,d1b3b8da4
q1a712aaa,d1b343388
q1a712aaa,d1b2e5468
q1a712aaa,d1b2fc51e
q1a712aaa,d1b33f3be
q1a712aaa,d1b3712f6
q1a712aaa,d1b35b7bc
q1a712aaa,d1b2fe508
q1a712aaa,d1a7331d8
q1a712aaa,d1b321864
q1a738962,d1b3520ea
q1a738962,d1b358efe
q1a738962,d1b2ef3dc
q1a738962,d1b2ee34c
q1a738962,d1b38e78e
q1a738962,d1b343856
q1a738962,d1b39034a
q1a738962,d1b387d08
q1a738962,d1b32d2b8
q1a738962,d1b3641f0
q1a732c10,d1b344a30
q1a732c10,d1a732ce2
q1a732c10,d1a73f564
q1a732c10,d1b36eb0a
q1a732c10,d1b33330c
q1a732c10,d1b308828
q1a732c10,d1a740c66
q1a732c10,d1b321468
q1a732c10,d1b388e88
q1a732c10,d1b31a1cc
q1a716f74,d1b2ff9bc
q1a716f74,d1b2e819a
q1a716f74,d1b364ee8
q1a716f74,d1b3c0a5e
q1a716f74,d1b35ea48
q1a716f74,d1b38ccb8
q1a716f74,d1b3520ea
q1a716f74,d1b37dea2
q1a716f74,d1b37bddc
q1a716f74,d1b30755e
q1a72afec,d1a72b046
q1a72afec,d1b362116
q1a72afec,d1b33a1de
q1a72afec,d1b3c160c
q1a72afec,d1b39b4fc
q1a72afec,d1a732ce2
q1a72afec,d1a725f60
q1a72afec,d1b3b8660
q1a72afec,d1b3866b0
q1a72afec,d1b37c246
q1a7326c0,d1b327b92
q1a7326c0,d1b31f42e
q1a7326c0,d1b33b3e0
q1a7326c0,d1b36a532
q1a7326c0,d1b3900e8
q1a7326c0,d1b3c6bc0
q1a7326c0,d1b3c6a8a
q1a7326c0,d1b3ab668
q1a7326c0,d1b36136a
q1a7326c0,d1b37442e
q1a720510,d1b2f9a8a
q1a720510,d1b36d638
q1a720510,d1b2ee798
q1a720510,d1a720542
q1a720510,d1b367b34
q1a720510,d1b371ef4
q1a720510,d1b3429f6
q1a720510,d1b3a8756
q1a720510,d1b388e88
q1a720510,d1b3a3490
q1a73fbfe,d1a73fcc6
q1a73fbfe,d1b367f1c
q1a73fbfe,d1b34a9f8
q1a73fbfe,d1b3789d4
q1a73fbfe,d1b37c32c
q1a73fbfe,d1b31ee98
q1a73fbfe,d1b396c7c
q1a73fbfe,d1b311ef0
q1a73fbfe,d1b3595ac
q1a73fbfe,d1b2f364e
q1a74016c,d1a740248
q1a74016c,d1a7233f0
q1a74016c,d1b327b92
q1a74016c,d1b2f76d6
q1a74016c,d1b31a0d2
q1a74016c,d1b337970
q1a74016c,d1b3b9038
q1a74016c,d1b304b42
q1a74016c,d1b2f7e88
q1a74016c,d1b35b096
q1a71f908,d1b2f0c14
q1a71f908,d1b30687a
q1a71f908,d1b307b12
q1a71f908,d1b34e4e0
q1a71f908,d1b3669c8
q1a71f908,d1b35acf4
q1a71f908,d1b3b65b8
q1a71f908,d1b384482
q1a71f908,d1b35d1ac
q1a71f908,d1b3ac356
q1a71ec4c,d1a71d82e
q1a71ec4c,d1a72e818
q1a71ec4c,d1b3967cc
q1a71ec4c,d1b38ba70
q1a71ec4c,d1b3b82e6
q1a71ec4c,d1b353b48
q1a71ec4c,d1b39ff66
q1a71ec4c,d1b32a91e
q1a71ec4c,d1b3af434
q1a71ec4c,d1b363cfa
q1a7284b8,d1b2e2632
q1a7284b8,d1b38fe7c
q1a7284b8,d1a73ad20
q1a7284b8,d1b2e87c6
q1a7284b8,d1a7285e4
q1a7284b8,d1b2f783e
q1a7284b8,d1b375108
q1a7284b8,d1a71df22
q1a7284b8,d1b3873a8
q1a7284b8,d1b39034a
q1a72d332,d1a72d3f0
q1a72d332,d1b3bfe6a
q1a72d332,d1b3947f6
q1a72d332,d1b3ad8aa
q1a72d332,d1b36a2ee
q1a72d332,d1b2f4e5e
q1a72d332,d1b374672
q1a72d332,d1b391b6e
q1a72d332,d1b360bf4
q1a72d332,d1b3b55fa
q1a72afc4,d1a717e60
q1a72afc4,d1b31bba8
q1a72afc4,d1b38aa08
q1a72afc4,d1b3abcb2
q1a72afc4,d1b35610e
q1a72afc4,d1b3630ca
q1a72afc4,d1b39ed82
q1a72afc4,d1b32c4da
q1a72afc4,d1b33ddac
q1a72afc4,d1b32a568
q1a7390e2,d1a73920e
q1a7390e2,d1b3457fa
q1a7390e2,d1b3aa24a
q1a7390e2,d1a734614
q1a7390e2,d1b34baf6
q1a7390e2,d1b35e62e
q1a7390e2,d1b34159c
q1a7390e2,d1b304548
q1a7390e2,d1b3b3c00
q1a7390e2,d1b3c8362
q1a728918,d1b317dd2
q1a728918,d1b38a288
q1a728918,d1b326d46
q1a728918,d1a726af0
q1a728918,d1a723a30
q1a728918,d1a7289ae
q1a728918,d1b35a6c8
q1a728918,d1b355ccc
q1a728918,d1a7309a6
q1a728918,d1b332efc
q1a737d28,d1b369c7c
q1a737d28,d1b34bfec
q1a737d28,d1b383708
q1a737d28,d1b2e225e
q1a737d28,d1b375054
q1a737d28,d1b31a0d2
q1a737d28,d1b365e2e
q1a737d28,d1b3c865a
q1a737d28,d1b2eb0de
q1a737d28,d1b369a38
q1a71e99a,d1a73f79e
q1a71e99a,d1a71ea1c
q1a71e99a,d1b3b7238
q1a71e99a,d1b3a2fb8
q1a71e99a,d1b38f58a
q1a71e99a,d1b374d48
q1a71e99a,d1b34e29c
q1a71e99a,d1b3a4aca
q1a71e99a,d1b30c7f2
q1a71e99a,d1b2f3d88
q1a71ffc0,d1a7200d8
q1a71ffc0,d1b31607c
q1a71ffc0,d1b39b8f8
q1a71ffc0,d1b35ede0
q1a71ffc0,d1b3797e4
q1a71ffc0,d1b396074
q1a71ffc0,d1b33bb60
q1a71ffc0,d1b3616a8
q1a71ffc0,d1a7218e8
q1a71ffc0,d1b345f84
q1a73f690,d1a73f79e
q1a73f690,d1b3c743a
q1a73f690,d1b3bd598
q1a73f690,d1b3791b8
q1a73f690,d1b31fef6
q1a73f690,d1b30c7f2
q1a73f690,d1b354e62
q1a73f690,d1b3bedf8
q1a73f690,d1b30c09a
q1a73f690,d1b349094
q1a71bfec,d1a71c082
q1a71bfec,d1b3c1bb6
q1a71bfec,d1b3757ac
q1a71bfec,d1b3af9ca
q1a71bfec,d1b387d08
q1a71bfec,d1b2ef3dc
q1a71bfec,d1b32c020
q1a71bfec,d1b33f3be
q1a71bfec,d1b349954
q1a71bfec,d1b3bccba
q1a725038,d1b361a04
q1a725038,d1b351bc2
q1a725038,d1a7250b0
q1a725038,d1b335116
q1a725038,d1b3971fe
q1a725038,d1b3ad8aa
q1a725038,d1b3970fa
q1a725038,d1b36abc2
q1a725038,d1b344968
q1a725038,d1b36580c
q1a72fede,d1b387d08
q1a72fede,d1b3604d8
q1a72fede,d1b3c11c0
q1a72fede,d1b3bf28a
q1a72fede,d1b30af92
q1a72fede,d1b3b3a70
q1a72fede,d1b311c48
q1a72fede,d1b3c4d8e
q1a72fede,d1a734402
q1a72fede,d1b2fa340
q1a739d9e,d1b3c5a04
q1a739d9e,d1b308d82
q1a739d9e,d1a7270c2
q1a739d9e,d1a7337aa
q1a739d9e,d1b34d946
q1a739d9e,d1b378880
q1a739d9e,d1b301ca8
q1a739d9e,d1b32e28a
q1a739d9e,d1b39bccc
q1a739d9e,d1b379f64
q1a72fe84,d1b38a3e6
q1a72fe84,d1b30ce78
q1a72fe84,d1b3b3ffc
q1a72fe84,d1b3c3056
q1a72fe84,d1b345520
q1a72fe84,d1b2fb2f4
q1a72fe84,d1b34b02e
q1a72fe84,d1b30513c
q1a72fe84,d1b2f6ccc
q1a72fe84,d1b2fab74
q1a715d90,d1b36eb0a
q1a715d90,d1b3aeeda
q1a715d90,d1b306bae
q1a715d90,d1b347492
q1a715d90,d1b3967cc
q1a715d90,d1b334c52
q1a715d90,d1a732ce2
q1a715d90,d1b31a1cc
q1a715d90,d1b31f082
q1a715d90,d1b3b9e5c
q1a722ebe,d1b38f0b2
q1a722ebe,d1b30f236
q1a722ebe,d1b31d46c
q1a722ebe,d1b3c4d8e
q1a722ebe,d1b357e96
q1a722ebe,d1b34cdfc
q1a722ebe,d1b375054
q1a722ebe,d1b30fc4a
q1a722ebe,d1b3b9038
q1a722ebe,d1a71b272
q1a733962,d1b3bdcf0
q1a733962,d1b3958ea
q1a733962,d1b3b50be
q1a733962,d1b387c0e
q1a733962,d1b31fa28
q1a733962,d1b356de8
q1a733962,d1b384266
q1a733962,d1b389e46
q1a733962,d1a7174c4
q1a733962,d1b36b180
q1a724da4,d1a724e76
q1a724da4,d1b33c48e
q1a724da4,d1b3bf8a2
q1a724da4,d1b336516
q1a724da4,d1a721d34
q1a724da4,d1b3abcb2
q1a724da4,d1b36fa96
q1a724da4,d1b3c0eaa
q1a724da4,d1b329e9c
q1a724da4,d1b3a60dc
q1a718978,d1b323d94
q1a718978,d1a718a36
q1a718978,d1b33a1de
q1a718978,d1b2ef5c6
q1a718978,d1b37dfd8
q1a718978,d1a71456c
q1a718978,d1b3866b0
q1a718978,d1b378e52
q1a718978,d1b352932
q1a718978,d1b2ef24c
q1a71cef6,d1b32441a
q1a71cef6,d1b32a568
q1a71cef6,d1b35b7bc
q1a71cef6,d1b323c72
q1a71cef6,d1b2e63f4
q1a71cef6,d1b31c77e
q1a71cef6,d1b2f9a8a
q1a71cef6,d1b37a0d6
q1a71cef6,d1b35881e
q1a71cef6,d1b342b5e
q1a72c6bc,d1a72c798
q1a72c6bc,d1b37762e
q1a72c6bc,d1b30812a
q1a72c6bc,d1a738d04
q1a72c6bc,d1b30c32e
q1a72c6bc,d1b2fe95e
q1a72c6bc,d1b3991d4
q1a72c6bc,d1b3ad526
q1a72c6bc,d1a716c9a
q1a72c6bc,d1b36cd96
q1a721884,d1a7218e8
q1a721884,d1b3749c4
q1a721884,d1b2ef3dc
q1a721884,d1b387d08
q1a721884,d1b3797e4
q1a721884,d1b369c7c
q1a721884,d1b302856
q1a721884,d1b32c020
q1a721884,d1b33f3be
q1a721884,d1b35b096
q1a735a96,d1a735c44
q1a735a96,d1b37afa4
q1a735a96,d1b35ae3e
q1a735a96,d1b364362
q1a735a96,d1b3bd6b0
q1a735a96,d1b3ab8fc
q1a735a96,d1b398b80
q1a735a96,d1b33e824
q1a735a96,d1b3387a8
q1a735a96,d1b39b600
q1a727392,d1b362116
q1a727392,d1a72a5d8
q1a727392,d1b39d63a
q1a727392,d1b32424e
q1a727392,d1b390430
q1a727392,d1b3bfb40
q1a727392,d1b2fc51e
q1a727392,d1b389496
q1a727392,d1b3616a8
q1a727392,d1b376800
q1a738638,d1b37796c
q1a738638,d1b3bd598
q1a738638,d1b3b4f4c
q1a738638,d1b30c09a
q1a738638,d1a72dc10
q1a738638,d1a73f79e
q1a738638,d1a738764
q1a738638,d1b33a846
q1a738638,d1b3791b8
q1a738638,d1b31fef6
q1a735546,d1b31dff2
q1a735546,d1b2feed6
q1a735546,d1b3abb86
q1a735546,d1b328358
q1a735546,d1a735816
q1a735546,d1b36357a
q1a735546,d1b30755e
q1a735546,d1b33ec7a
q1a735546,d1b370540
q1a735546,d1b3c0a5e
q1a723b8e,d1b325342
q1a723b8e,d1b3b69d2
q1a723b8e,d1b3a7c2a
q1a723b8e,d1b3ae62e
q1a723b8e,d1a726af0
q1a723b8e,d1b395eee
q1a723b8e,d1b371d0a
q1a723b8e,d1b35cb8a
q1a723b8e,d1b369c7c
q1a723b8e,d1b3ae390
q1a72fb8c,d1b32c020
q1a72fb8c,d1b362436
q1a72fb8c,d1b369c7c
q1a72fb8c,d1b3a9868
q1a72fb8c,d1b38346a
q1a72fb8c,d1b3c743a
q1a72fb8c,d1b366568
q1a72fb8c,d1b3a7ef0
q1a72fb8c,d1b2ef3dc
q1a72fb8c,d1b35ea48
q1a72a7cc,d1b3a8756
q1a72a7cc,d1b3558a8
q1a72a7cc,d1b34bc0e
q1a72a7cc,d1b2f5688
q1a72a7cc,d1a72a812
q1a72a7cc,d1b3b362e
q1a72a7cc,d1b30d954
q1a72a7cc,d1b398d9c
q1a72a7cc,d1b3b7da0
q1a72a7cc,d1b3bbb12
q1a72d5ee,d1b2ef3dc
q1a72d5ee,d1b371440
q1a72d5ee,d1b387d08
q1a72d5ee,d1b32441a
q1a72d5ee,d1a72d756
q1a72d5ee,d1b2f7e88
q1a72d5ee,d1b35a6c8
q1a72d5ee,d1b3c6594
q1a72d5ee,d1a72bf32
q1a72d5ee,d1b36aab4
q1a733c82,d1b2eb8cc
q1a733c82,d1b35fc90
q1a733c82,d1b3357ce
q1a733c82,d1b3182b4
q1a733c82,d1b302c5c
q1a733c82,d1b3c2bce
q1a733c82,d1b3505c4
q1a733c82,d1b351bc2
q1a733c82,d1b2e83de
q1a733c82,d1b38cac4
q1a7212e4,d1b38b426
q1a7212e4,d1b324ffa
q1a7212e4,d1b3c743a
q1a7212e4,d1b38f0b2
q1a7212e4,d1b35b096
q1a7212e4,d1b374d48
q1a7212e4,d1b354e62
q1a7212e4,d1a72bce4
q1a7212e4,d1b3694d4
q1a7212e4,d1b35313e
q1a71f6e2,d1b3a9a7a
q1a71f6e2,d1b2f345a
q1a71f6e2,d1a71e1e8
q1a71f6e2,d1b30b0a0
q1a71f6e2,d1b388e88
q1a71f6e2,d1b347a32
q1a71f6e2,d1b2e4978
q1a71f6e2,d1b3a7932
q1a71f6e2,d1b3bdaa2
q1a71f6e2,d1b32a568
q1a72e14c,d1a727b8a
q1a72e14c,d1b39d63a
q1a72e14c,d1b317dd2
q1a72e14c,d1b36b180
q1a72e14c,d1a73a08c
q1a72e14c,d1b36a6ae
q1a72e14c,d1b3c3fe2
q1a72e14c,d1b34ffca
q1a72e14c,d1a71dd10
q1a72e14c,d1b355ccc
q1a740694,d1a74070c
q1a740694,d1b33c038
q1a740694,d1b36b4aa
q1a740694,d1b36639c
q1a740694,d1b32c020
q1a740694,d1b344bb6
q1a740694,d1b326d46
q1a740694,d1a71f7d2
q1a740694,d1b369c7c
q1a740694,d1b3a59ca
q1a7391d2,d1b3457fa
q1a7391d2,d1a73920e
q1a7391d2,d1b304548
q1a7391d2,d1b3aeb92
q1a7391d2,d1b34159c
q1a7391d2,d1b34baf6
q1a7391d2,d1b3b3c00
q1a7391d2,d1a71cca8
q1a7391d2,d1b39e53a
q1a7391d2,d1b31ad02
q1a715d36,d1b35f9d4
q1a715d36,d1b36ed08
q1a715d36,d1a741bd4
q1a715d36,d1b3aa1a0
q1a715d36,d1b3a59ca
q1a715d36,d1b3061a4
q1a715d36,d1b37796c
q1a715d36,d1b2e55ee
q1a715d36,d1b3af434
q1a715d36,d1b362116
q1a72b442,d1b2ef3dc
q1a72b442,d1b387d08
q1a72b442,d1a722c66
q1a72b442,d1b2f2c94
q1a72b442,d1b3b362e
q1a72b442,d1b354750
q1a72b442,d1b3af6d2
q1a72b442,d1b3805b2
q1a72b442,d1b3bbb12
q1a72b442,d1b33b75a
q1a724624,d1b39346e
q1a724624,d1b336c6e
q1a724624,d1b33b818
q1a724624,d1b38af94
q1a724624,d1b313bc4
q1a724624,d1a718d56
q1a724624,d1b3274f8
q1a724624,d1b3c71e2
q1a724624,d1b37221e
q1a724624,d1b3c7c0a
q1a716bf0,d1b389a04
q1a716bf0,d1b30812a
q1a716bf0,d1b3991d4
q1a716bf0,d1b300c2c
q1a716bf0,d1a716c9a
q1a716bf0,d1b3aa4de
q1a716bf0,d1b34b02e
q1a716bf0,d1b38a3e6
q1a716bf0,d1b36d782
q1a716bf0,d1b35bc4e
q1a73a5a0,d1b36065e
q1a73a5a0,d1a73a62c
q1a73a5a0,d1b3a6d3e
q1a73a5a0,d1b3a2568
q1a73a5a0,d1a72f100
q1a73a5a0,d1b336944
q1a73a5a0,d1b34d45a
q1a73a5a0,d1a715322
q1a73a5a0,d1b39576e
q1a73a5a0,d1a73cf94
q1a72556a,d1b2f0e94
q1a72556a,d1a7255f6
q1a72556a,d1b3c5702
q1a72556a,d1b32a568
q1a72556a,d1b395502
q1a72556a,d1b35752c
q1a72556a,d1b33472a
q1a72556a,d1b33cd08
q1a72556a,d1b37a4a0
q1a72556a,d1b37721e
q1a73439e,d1a72bce4
q1a73439e,d1b3bccba
q1a73439e,d1b34c654
q1a73439e,d1b3925aa
q1a73439e,d1a734402
q1a73439e,d1b31137e
q1a73439e,d1b2e225e
q1a73439e,d1b346114
q1a73439e,d1b395822
q1a73439e,d1b385eae
q1a733674,d1b3c5a04
q1a733674,d1b308d82
q1a733674,d1b378880
q1a733674,d1b379f64
q1a733674,d1b32e28a
q1a733674,d1a7270c2
q1a733674,d1b34d946
q1a733674,d1a7138d8
q1a733674,d1b2f7b68
q1a733674,d1b380a62
q1a712e10,d1b3630ca
q1a712e10,d1b32d4b6
q1a712e10,d1b35ede0
q1a712e10,d1b34e3dc
q1a712e10,d1a73fcc6
q1a712e10,d1b3c38ee
q1a712e10,d1b305ef2
q1a712e10,d1b3789d4
q1a712e10,d1b2eead6
q1a712e10,d1b344ce2
q1a7264b0,d1b3c11c0
q1a7264b0,d1b3471ea
q1a7264b0,d1b3babf4
q1a7264b0,d1b3259b4
q1a7264b0,d1b375874
q1a7264b0,d1b2eb728
q1a7264b0,d1b3a407a
q1a7264b0,d1b3ae62e
q1a7264b0,d1b3af34e
q1a7264b0,d1b3a9174
q1a73dc0a,d1b32c020
q1a73dc0a,d1a73dc6e
q1a73dc0a,d1b318a5c
q1a73dc0a,d1b36afe6
q1a73dc0a,d1b3aea0c
q1a73dc0a,d1b377142
q1a73dc0a,d1b37442e
q1a73dc0a,d1b35f4b6
q1a73dc0a,d1a722c66
q1a73dc0a,d1b3aaa1a
q1a73b9fa,d1b36a1e0
q1a73b9fa,d1b3a0c72
q1a73b9fa,d1b3aefe8
q1a73b9fa,d1a73ba68
q1a73b9fa,d1b3c874a
q1a73b9fa,d1b373f4c
q1a73b9fa,d1b324d98
q1a73b9fa,d1b3c4b36
q1a73b9fa,d1b3813b8
q1a73b9fa,d1b3b92ea
q1a73ef2e,d1b31baa4
q1a73ef2e,d1a73f046
q1a73ef2e,d1b39a926
q1a73ef2e,d1b3c7cfa
q1a73ef2e,d1b2ea2ec
q1a73ef2e,d1b3c874a
q1a73ef2e,d1b3182b4
q1a73ef2e,d1b35fc90
q1a73ef2e,d1b3018d4
q1a73ef2e,d1b347e60
q1a7248cc,d1b330ab2
q1a7248cc,d1b3b308e
q1a7248cc,d1b32cc6e
q1a7248cc,d1b396e66
q1a7248cc,d1b3106f4
q1a7248cc,d1b2f27da
q1a7248cc,d1b32b54e
q1a7248cc,d1a7331d8
q1a7248cc,d1b2ea634
q1a7248cc,d1b366bd0
q1a726c4e,d1b2fbe34
q1a726c4e,d1a726d7a
q1a726c4e,d1b2fda22
q1a726c4e,d1b3bf532
q1a726c4e,d1b306bae
q1a726c4e,d1b34fe9e
q1a726c4e,d1b3a3c88
q1a726c4e,d1b3884d8
q1a726c4e,d1a72a5d8
q1a726c4e,d1b39d888
q1a72c2fc,d1b2ebe26
q1a72c2fc,d1b2fe508
q1a72c2fc,d1b2ef24c
q1a72c2fc,d1b36ec4a
q1a72c2fc,d1b38257e
q1a72c2fc,d1b38706a
q1a72c2fc,d1b2f9698
q1a72c2fc,d1b30687a
q1a72c2fc,d1b366126
q1a72c2fc,d1b353c42
q1a72e1b0,d1b350a7e
q1a72e1b0,d1b36a6ae
q1a72e1b0,d1b3862b4
q1a72e1b0,d1b321094
q1a72e1b0,d1b313dcc
q1a72e1b0,d1b31b73e
q1a72e1b0,d1b3aeca0
q1a72e1b0,d1b355ccc
q1a72e1b0,d1a73d426
q1a72e1b0,d1b32c3fe
q1a736e3c,d1a736f40
q1a736e3c,d1b395eee
q1a736e3c,d1b2f5a7a
q1a736e3c,d1b3457fa
q1a736e3c,d1b34b240
q1a736e3c,d1b3c8998
q1a736e3c,d1a73920e
q1a736e3c,d1b314178
q1a736e3c,d1b366ce8
q1a736e3c,d1b39e53a
q1a71828e,d1a7183ce
q1a71828e,d1b3238b2
q1a71828e,d1b3b353e
q1a71828e,d1b31ae60
q1a71828e,d1b39f78c
q1a71828e,d1b3ab596
q1a71828e,d1b35ede0
q1a71828e,d1b32309c
q1a71828e,d1b2fe95e
q1a71828e,d1b36375a
q1a73fc80,d1a73fcc6
q1a73fc80,d1b37c32c
q1a73fc80,d1b369218
q1a73fc80,d1b32cf84
q1a73fc80,d1b2e707e
q1a73fc80,d1b305ef2
q1a73fc80,d1b375054
q1a73fc80,d1b3278c2
q1a73fc80,d1b32c020
q1a73fc80,d1b326d46
q1a73a79e,d1b360a78
q1a73a79e,d1b321daa
q1a73a79e,d1b3c63c8
q1a73a79e,d1a72a812
q1a73a79e,d1b32eb86
q1a73a79e,d1b2f89dc
q1a73a79e,d1b37fd6a
q1a73a79e,d1b3c2c78
q1a73a79e,d1b316e00
q1a73a79e,d1b3b7da0
q1a7368b0,d1a7369d2
q1a7368b0,d1a72c40a
q1a7368b0,d1b34b416
q1a7368b0,d1b3c874a
q1a7368b0,d1b320acc
q1a7368b0,d1b36ec4a
q1a7368b0,d1b3bfd5c
q1a7368b0,d1b361c98
q1a7368b0,d1b3b8da4
q1a7368b0,d1b2fbfce
q1a72e354,d1b2ee16c
q1a72e354,d1b32a568
q1a72e354,d1b38878a
q1a72e354,d1b3be84e
q1a72e354,d1b30ec14
q1a72e354,d1b390908
q1a72e354,d1b39c5b4
q1a72e354,d1b3a6fa0
q1a72e354,d1b2e373a
q1a72e354,d1b36ec4a
q1a73dee4,d1b369a38
q1a73dee4,d1b369c7c
q1a73dee4,d1b31a91a
q1a73dee4,d1b2eb0de
q1a73dee4,d1b3c865a
q1a73dee4,d1b32c3fe
q1a73dee4,d1b34bfec
q1a73dee4,d1b38d9ec
q1a73dee4,d1a7309a6
q1a73dee4,d1b2e225e
q1a739790,d1a739b32
q1a739790,d1b356550
q1a739790,d1b3bbb12
q1a739790,d1b38b71e
q1a739790,d1b3032f6
q1a739790,d1b354372
q1a739790,d1b310ef6
q1a739790,d1b358abc
q1a739790,d1b333ef6
q1a739790,d1b3c1cba
q1a733f84,d1a7340d8
q1a733f84,d1a71e1e8
q1a733f84,d1a717c44
q1a733f84,d1b31e6b4
q1a733f84,d1b30ab0a
q1a733f84,d1b370946
q1a733f84,d1b359e3a
q1a733f84,d1a732a94
q1a733f84,d1b36580c
q1a733f84,d1b30f754
q1a74063a,d1a74070c
q1a74063a,d1b39034a
q1a74063a,d1b379906
q1a74063a,d1b36639c
q1a74063a,d1b3a59ca
q1a74063a,d1b36ed08
q1a74063a,d1b300a4c
q1a74063a,d1b379f64
q1a74063a,d1b3aa1a0
q1a74063a,d1b339068
q1a731f9a,d1a731ff4
q1a731f9a,d1a7218e8
q1a731f9a,d1b39d270
q1a731f9a,d1b3bc6e8
q1a731f9a,d1b37442e
q1a731f9a,d1b3a79e6
q1a731f9a,d1b31d46c
q1a731f9a,d1b331c50
q1a731f9a,d1b313dcc
q1a731f9a,d1b37f428
q1a73b428,d1b2f4418
q1a73b428,d1b3a4c0a
q1a73b428,d1b3ad3be
q1a73b428,d1b30f3ee
q1a73b428,d1a73b46e
q1a73b428,d1b376cb0
q1a73b428,d1b36065e
q1a73b428,d1b321b70
q1a73b428,d1b2f0d72
q1a73b428,d1b34e18e
q1a7293ae,d1a72949e
q1a7293ae,d1b3280ce
q1a7293ae,d1b3c6bc0
q1a7293ae,d1b31f42e
q1a7293ae,d1b36a532
q1a7293ae,d1b384bc6
q1a7293ae,d1a7218e8
q1a7293ae,d1b34befc
q1a7293ae,d1b3bf532
q1a7293ae,d1b3b7f94
q1a7395f6,d1b3b7382
q1a7395f6,d1b362116
q1a7395f6,d1a715854
q1a7395f6,d1b3a8bde
q1a7395f6,d1b39ed82
q1a7395f6,d1b3c160c
q1a7395f6,d1b3a81f2
q1a7395f6,d1b3520ea
q1a7395f6,d1b39b4fc
q1a7395f6,d1a739632
q1a71e972,d1a73f79e
q1a71e972,d1b3b7238
q1a71e972,d1a71ea1c
q1a71e972,d1b2f3d88
q1a71e972,d1b38f58a
q1a71e972,d1b3a2fb8
q1a71e972,d1b374d48
q1a71e972,d1b3c1bb6
q1a71e972,d1b34e29c
q1a71e972,d1b30c7f2
q1a72b140,d1a72b258
q1a72b140,d1b354a8e
q1a72b140,d1b399b34
q1a72b140,d1b347492
q1a72b140,d1b354750
q1a72b140,d1b31cd64
q1a72b140,d1b3bbfae
q1a72b140,d1a7210fa
q1a72b140,d1b305948
q1a72b140,d1b353ec2
q1a73866a,d1b36b914
q1a73866a,d1b303b70
q1a73866a,d1a72dc10
q1a73866a,d1b36d3cc
q1a73866a,d1b374d48
q1a73866a,d1b2f3d88
q1a73866a,d1a738764
q1a73866a,d1b37796c
q1a73866a,d1b36de6c
q1a73866a,d1b3b5c94
q1a71fb88,d1b389748
q1a71fb88,d1a726af0
q1a71fb88,d1b3975be
q1a71fb88,d1a71fc46
q1a71fb88,d1b355ccc
q1a71fb88,d1b3862b4
q1a71fb88,d1b3c160c
q1a71fb88,d1a715854
q1a71fb88,d1b37e6a4
q1a71fb88,d1b39616e
q1a73acee,d1b375108
q1a73acee,d1b2e2632
q1a73acee,d1a7285e4
q1a73acee,d1b3a8990
q1a73acee,d1a73ad20
q1a73acee,d1a71df22
q1a73acee,d1b35f9d4
q1a73acee,d1b33f274
q1a73acee,d1b38716e
q1a73acee,d1b3b7f94
q1a73f1c2,d1a73f2c6
q1a73f1c2,d1b329a00
q1a73f1c2,d1b36136a
q1a73f1c2,d1b3172c4
q1a73f1c2,d1b3ba7a8
q1a73f1c2,d1b38ffda
q1a73f1c2,d1b2e707e
q1a73f1c2,d1b35b096
q1a73f1c2,d1a71b272
q1a73f1c2,d1b391c4a
q1a738386,d1b371dd2
q1a738386,d1b3164f0
q1a738386,d1b31e7a4
q1a738386,d1a7384c6
q1a738386,d1b3bab22
q1a738386,d1a7324d6
q1a738386,d1b35bb18
q1a738386,d1b31b91e
q1a738386,d1b30df3a
q1a738386,d1b352f68
q1a72830a,d1b2e96b2
q1a72830a,d1b33b3e0
q1a72830a,d1b30252c
q1a72830a,d1b3489dc
q1a72830a,d1b38cee8
q1a72830a,d1a72bf32
q1a72830a,d1b369f60
q1a72830a,d1a7233f0
q1a72830a,d1b35ede0
q1a72830a,d1b39034a
q1a7295f2,d1b32a2ac
q1a7295f2,d1b33ddac
q1a7295f2,d1b2ecc5e
q1a7295f2,d1b346902
q1a7295f2,d1b3441a2
q1a7295f2,d1b386e80
q1a7295f2,d1b303a08
q1a7295f2,d1b38257e
q1a7295f2,d1b2fcf50
q1a7295f2,d1a72949e
q1a723698,d1b2eca42
q1a723698,d1b369c7c
q1a723698,d1b3274f8
q1a723698,d1b3ae62e
q1a723698,d1b3adc10
q1a723698,d1a715322
q1a723698,d1b32624c
q1a723698,d1b395eee
q1a723698,d1b35c0d6
q1a723698,d1a73e024
q1a72291e,d1a722a18
q1a72291e,d1b386b1a
q1a72291e,d1b30fc4a
q1a72291e,d1b2e4c34
q1a72291e,d1a716c9a
q1a72291e,d1b34d356
q1a72291e,d1b354d0e
q1a72291e,d1a73b248
q1a72291e,d1b36b5ae
q1a72291e,d1b3ab596
q1a7229aa,d1b3c4d8e
q1a7229aa,d1a722a18
q1a7229aa,d1b352572
q1a7229aa,d1b386b1a
q1a7229aa,d1b37762e
q1a7229aa,d1b2e86a4
q1a7229aa,d1b2e8b36
q1a7229aa,d1b3aa4de
q1a7229aa,d1b3ae8fe
q1a7229aa,d1b37bddc
q1a741b52,d1a741bd4
q1a741b52,d1b35f9d4
q1a741b52,d1b351faa
q1a741b52,d1b38716e
q1a741b52,d1b356622
q1a741b52,d1b36ed08
q1a741b52,d1b3b97e0
q1a741b52,d1b3640ce
q1a741b52,d1b37e47e
q1a741b52,d1a7285e4
q1a733700,d1b3b4ac4
q1a733700,d1a7337aa
q1a733700,d1b33db86
q1a733700,d1b301ffa
q1a733700,d1b386c5a
q1a733700,d1b352216
q1a733700,d1b2f0318
q1a733700,d1b33a76a
q1a733700,d1b2f751e
q1a733700,d1b3979a6
q1a721028,d1a7210fa
q1a721028,d1b3105c8
q1a721028,d1b32e136
q1a721028,d1b3967cc
q1a721028,d1b322fb6
q1a721028,d1b343856
q1a721028,d1a726d7a
q1a721028,d1b374582
q1a721028,d1b3c7ed0
q1a721028,d1b306bae
q1a711ede,d1a711fd8
q1a711ede,d1a7183ce
q1a711ede,d1b38ffda
q1a711ede,d1b35b096
q1a711ede,d1b32be18
q1a711ede,d1b338bcc
q1a711ede,d1b2ef3dc
q1a711ede,d1b3003a8
q1a711ede,d1b34b31c
q1a711ede,d1b33126e
q1a724d72,d1b32441a
q1a724d72,d1b3878a8
q1a724d72,d1b371d0a
q1a724d72,d1a71e1e8
q1a724d72,d1b3c0eaa
q1a724d72,d1b32a568
q1a724d72,d1b3c40aa
q1a724d72,d1b31137e
q1a724d72,d1b36fa96
q1a724d72,d1b3bf8a2
q1a721262,d1b33b3e0
q1a721262,d1b34d356
q1a721262,d1b37b97c
q1a721262,d1a72135c
q1a721262,d1b3a042a
q1a721262,d1a71bb78
q1a721262,d1b2fbe34
q1a721262,d1b33a9ea
q1a721262,d1b349198
q1a721262,d1b30d274
q1a72c0c2,d1b37a252
q1a72c0c2,d1b35b7bc
q1a72c0c2,d1b3abcb2
q1a72c0c2,d1b3c0eaa
q1a72c0c2,d1b30f754
q1a72c0c2,d1a72c19e
q1a72c0c2,d1b36fa96
q1a72c0c2,d1a723f4e
q1a72c0c2,d1b31137e
q1a72c0c2,d1b360e42
q1a71bace,d1a71bb78
q1a71bace,d1b349198
q1a71bace,d1b3ba096
q1a71bace,d1b336d72
q1a71bace,d1b3711d4
q1a71bace,d1b38772c
q1a71bace,d1b342488
q1a71bace,d1a72cf18
q1a71bace,d1b33a9ea
q1a71bace,d1b3796e0
q1a73d160,d1b2ee798
q1a73d160,d1b3429f6
q1a73d160,d1b2f9a8a
q1a73d160,d1b36d638
q1a73d160,d1b371ef4
q1a73d160,d1b3a9174
q1a73d160,d1b37a252
q1a73d160,d1b3a3490
q1a73d160,d1b3a52c2
q1a73d160,d1b367b34
q1a73b18a,d1b2f46ca
q1a73b18a,d1a73b248
q1a73b18a,d1b39b222
q1a73b18a,d1b34d356
q1a73b18a,d1b386b1a
q1a73b18a,d1b354d0e
q1a73b18a,d1b35e70a
q1a73b18a,d1b35ea48
q1a73b18a,d1a722202
q1a73b18a,d1b30fc4a
q1a7277b6,d1b2f48d2
q1a7277b6,d1a727810
q1a7277b6,d1b369218
q1a7277b6,d1b3492f6
q1a7277b6,d1b385b5c
q1a7277b6,d1b31111c
q1a7277b6,d1b2fb01a
q1a7277b6,d1b3a12a8
q1a7277b6,d1b370a72
q1a7277b6,d1b32c020
q1a7321f2,d1b369c7c
q1a7321f2,d1b388e88
q1a7321f2,d1b3a2e78
q1a7321f2,d1b3a1794
q1a7321f2,d1b2e63f4
q1a7321f2,d1b3495da
q1a7321f2,d1b371d0a
q1a7321f2,d1b31f906
q1a7321f2,d1b35b7bc
q1a7321f2,d1b36fb72
q1a731234,d1a731306
q1a731234,d1b3022fc
q1a731234,d1b351262
q1a731234,d1b338a6e
q1a731234,d1b31ebd2
q1a731234,d1b38ae90
q1a731234,d1b307c48
q1a731234,d1b3211d4
q1a731234,d1a714a58
q1a731234,d1b32d7cc
q1a738be2,d1a738d04
q1a738be2,d1a7310a4
q1a738be2,d1b3860b6
q1a738be2,d1b3b69d2
q1a738be2,d1b375ee6
q1a738be2,d1b34b02e
q1a738be2,d1b386d40
q1a738be2,d1b3ad526
q1a738be2,d1b35c4dc
q1a738be2,d1b384e32
q1a72b19a,d1a72b258
q1a72b19a,d1b31cd64
q1a72b19a,d1b32b094
q1a72b19a,d1b36ec4a
q1a72b19a,d1b347492
q1a72b19a,d1b399b34
q1a72b19a,d1b354a8e
q1a72b19a,d1b354750
q1a72b19a,d1b39cf00
q1a72b19a,d1b33989c
q1a72394a,d1b31ce72
q1a72394a,d1a723a30
q1a72394a,d1b33198a
q1a72394a,d1b37f428
q1a72394a,d1a721b22
q1a72394a,d1b312dd2
q1a72394a,d1b35a6c8
q1a72394a,d1b33ca56
q1a72394a,d1b330e7c
q1a72394a,d1b38522e
q1a7254ca,d1a7255f6
q1a7254ca,d1b37a4a0
q1a7254ca,d1b307b12
q1a7254ca,d1b395502
q1a7254ca,d1b3764f4
q1a7254ca,d1b2f0e94
q1a7254ca,d1b33ba66
q1a7254ca,d1b347d5c
q1a7254ca,d1b39690c
q1a7254ca,d1b3345c2
q1a7379c2,d1a738034
q1a7379c2,d1b35a6c8
q1a7379c2,d1b33ce20
q1a7379c2,d1b301e4c
q1a7379c2,d1a71e79c
q1a7379c2,d1a729e44
q1a7379c2,d1b31607c
q1a7379c2,d1b3287ae
q1a7379c2,d1b383cbc
q1a7379c2,d1b37f0ae
q1a737cf6,d1b337a92
q1a737cf6,d1b2e6d90
q1a737cf6,d1b329cc6
q1a737cf6,d1b30842c
q1a737cf6,d1b3890d6
q1a737cf6,d1b3abdac
q1a737cf6,d1a741756
q1a737cf6,d1b3af100
q1a737cf6,d1b371d0a
q1a737cf6,d1b2f27da
q1a73bbd0,d1a73bd10
q1a73bbd0,d1b36177a
q1a73bbd0,d1b3211d4
q1a73bbd0,d1b390c64
q1a73bbd0,d1a7290b6
q1a73bbd0,d1b31f082
q1a73bbd0,d1b330f9e
q1a73bbd0,d1a739434
q1a73bbd0,d1b3a0ace
q1a73bbd0,d1b35de90
q1a741e36,d1a73a62c
q1a741e36,d1a72e41c
q1a741e36,d1b3274f8
q1a741e36,d1b38af94
q1a741e36,d1b33d05a
q1a741e36,d1b360794
q1a741e36,d1a72f100
q1a741e36,d1b314a74
q1a741e36,d1b39b79a
q1a741e36,d1b376cb0
q1a72a2a4,d1b3604d8
q1a72a2a4,d1b36c60c
q1a72a2a4,d1b3a2e78
q1a72a2a4,d1b352572
q1a72a2a4,d1a722a18
q1a72a2a4,d1b337970
q1a72a2a4,d1b30d274
q1a72a2a4,d1b390fa2
q1a72a2a4,d1b2e5468
q1a72a2a4,d1b372106
q1a714a12,d1b3c1bb6
q1a714a12,d1b30c7f2
q1a714a12,d1b3a2fb8
q1a714a12,d1b362116
q1a714a12,d1b36b914
q1a714a12,d1b35e57a
q1a714a12,d1b374d48
q1a714a12,d1b3229ee
q1a714a12,d1b34e72e
q1a714a12,d1b36de6c
q1a714f08,d1b36bd92
q1a714f08,d1b2f364e
q1a714f08,d1b370a72
q1a714f08,d1b38a7ec
q1a714f08,d1a714f9e
q1a714f08,d1b358530
q1a714f08,d1a73a424
q1a714f08,d1b3b92ea
q1a714f08,d1b2ed03c
q1a714f08,d1b38cac4
q1a73cf12,d1b3bdaa2
q1a73cf12,d1b338c9e
q1a73cf12,d1b395eee
q1a73cf12,d1b369c7c
q1a73cf12,d1b314a74
q1a73cf12,d1b35493a
q1a73cf12,d1b34d45a
q1a73cf12,d1b30c658
q1a73cf12,d1b32a07c
q1a73cf12,d1b2e63f4
q1a71fc14,d1a71fc46
q1a71fc14,d1b3975be
q1a71fc14,d1b39616e
q1a71fc14,d1b3757ac
q1a71fc14,d1b32a162
q1a71fc14,d1b375932
q1a71fc14,d1b305c90
q1a71fc14,d1b3b5f14
q1a71fc14,d1b39ed82
q1a71fc14,d1b39f8d6
q1a71fff2,d1a7200d8
q1a71fff2,d1b39b8f8
q1a71fff2,d1b30f236
q1a71fff2,d1b3c043c
q1a71fff2,d1b38b976
q1a71fff2,d1b3504c0
q1a71fff2,d1a71b272
q1a71fff2,d1b30d0f8
q1a71fff2,d1b3a09c0
q1a71fff2,d1b3201e4
q1a731716,d1b2e4da6
q1a731716,d1b3a6942
q1a731716,d1b2e55ee
q1a731716,d1b342c1c
q1a731716,d1b387d08
q1a731716,d1b32522a
q1a731716,d1b300fb0
q1a731716,d1b2ef3dc
q1a731716,d1b38fc38
q1a731716,d1b3c854c
q1a733426,d1b3a3364
q1a733426,d1b369e02
q1a733426,d1b3472e4
q1a733426,d1b2ef24c
q1a733426,d1b325108
q1a733426,d1b37ad42
q1a733426,d1b351cbc
q1a733426,d1b3309ea
q1a733426,d1b3b308e
q1a733426,d1b2e34ec
q1a732e68,d1b3188ea
q1a732e68,d1b3c06da
q1a732e68,d1b39136c
q1a732e68,d1b344968
q1a732e68,d1b3505c4
q1a732e68,d1b351bc2
q1a732e68,d1b30f3ee
q1a732e68,d1b355d9e
q1a732e68,d1b3bdf66
q1a732e68,d1b2fcb7c
q1a732ec2,d1b398f54
q1a732ec2,d1b36abc2
q1a732ec2,d1b3971fe
q1a732ec2,d1b361a04
q1a732ec2,d1b33472a
q1a732ec2,d1b30a074
q1a732ec2,d1b335116
q1a732ec2,d1a732f9e
q1a732ec2,d1b351bc2
q1a732ec2,d1b36d8ae
q1a7239f4,d1b32c020
q1a7239f4,d1a726af0
q1a7239f4,d1b355ccc
q1a7239f4,d1b344bb6
q1a7239f4,d1a72bf32
q1a7239f4,d1b369c7c
q1a7239f4,d1b389496
q1a7239f4,d1b3c3fe2
q1a7239f4,d1b3c1bb6
q1a7239f4,d1b32360a
q1a7393d0,d1a739434
q1a7393d0,d1b389496
q1a7393d0,d1b367724
q1a7393d0,d1a732ce2
q1a7393d0,d1b376800
q1a7393d0,d1b3bddc2
q1a7393d0,d1b32d2b8
q1a7393d0,d1b369a38
q1a7393d0,d1b31d0c0
q1a7393d0,d1a71dd10
q1a72af6a,d1b325a7c
q1a72af6a,d1b3689e4
q1a72af6a,d1a737b0c
q1a72af6a,d1b33d3ca
q1a72af6a,d1b349f26
q1a72af6a,d1b32309c
q1a72af6a,d1b369f60
q1a72af6a,d1b3c1bb6
q1a72af6a,d1b351974
q1a72af6a,d1b2f19b6
q1a73e3a8,d1b387d08
q1a73e3a8,d1b327b92
q1a73e3a8,d1b369c7c
q1a73e3a8,d1b3858e6
q1a73e3a8,d1b31ce72
q1a73e3a8,d1b3a6596
q1a73e3a8,d1b3900e8
q1a73e3a8,d1b2ec434
q1a73e3a8,d1b32c020
q1a73e3a8,d1b33f3be
q1a7243b8,d1a7244a8
q1a7243b8,d1b3af8f8
q1a7243b8,d1b2e4c34
q1a7243b8,d1b30f236
q1a7243b8,d1b32c4da
q1a7243b8,d1b386822
q1a7243b8,d1b33bb60
q1a7243b8,d1b3bf118
q1a7243b8,d1b32cf84
q1a7243b8,d1b30513c
q1a71d70c,d1b3b82e6
q1a71d70c,d1b3af434
q1a71d70c,d1b3967cc
q1a71d70c,d1b3304fe
q1a71d70c,d1a72e818
q1a71d70c,d1b3b0226
q1a71d70c,d1b38ba70
q1a71d70c,d1b374d48
q1a71d70c,d1a71d82e
q1a71d70c,d1b3391b2
q1a72399a,d1b31ce72
q1a72399a,d1a723a30
q1a72399a,d1b33198a
q1a72399a,d1b37f428
q1a72399a,d1b35a6c8
q1a72399a,d1b33ca56
q1a72399a,d1b365e2e
q1a72399a,d1b387d08
q1a72399a,d1a726af0
q1a72399a,d1b38522e
q1a7161a0,d1b33d05a
q1a7161a0,d1b385a12
q1a7161a0,d1b2f208c
q1a7161a0,d1b300222
q1a7161a0,d1b3193e4
q1a7161a0,d1b3274f8
q1a7161a0,d1b39b79a
q1a7161a0,d1b3947f6
q1a7161a0,d1b3c71e2
q1a7161a0,d1b35c9dc
q1a73deb2,d1a73e024
q1a73deb2,d1b386d40
q1a73deb2,d1a716c9a
q1a73deb2,d1b39f8d6
q1a73deb2,d1b3856e8
q1a73deb2,d1b2e67a0
q1a73deb2,d1b37762e
q1a73deb2,d1b3675c6
q1a73deb2,d1b3ad526
q1a73deb2,d1b3b69d2
q1a7415da,d1a741756
q1a7415da,d1b36901a
q1a7415da,d1b3ad8aa
q1a7415da,d1b329cc6
q1a7415da,d1b322e9e
q1a7415da,d1b359f5c
q1a7415da,d1b3c7c0a
q1a7415da,d1b31aa78
q1a7415da,d1b36014a
q1a7415da,d1b32863c
q1a731f18,d1a731ff4
q1a731f18,d1b3bb180
q1a731f18,d1b3bccba
q1a731f18,d1b31ce72
q1a731f18,d1b3a197e
q1a731f18,d1b33bd86
q1a731f18,d1b3a7ef0
q1a731f18,d1b37bc24
q1a731f18,d1a71e79c
q1a731f18,d1b351dca
q1a715cc8,d1a73f564
q1a715cc8,d1b2f6ccc
q1a715cc8,d1b30928c
q1a715cc8,d1b333b86
q1a715cc8,d1a715e30
q1a715cc8,d1b32fc66
q1a715cc8,d1b3373e4
q1a715cc8,d1b31dae8
q1a715cc8,d1b368e9e
q1a715cc8,d1b35bc4e
q1a72c630,d1b30812a
q1a72c630,d1a72c798
q1a72c630,d1b30c32e
q1a72c630,d1b37762e
q1a72c630,d1b398cac
q1a72c630,d1b36cd96
q1a72c630,d1b32cade
q1a72c630,d1b3ad526
q1a72c630,d1b389a04
q1a72c630,d1a738d04
q1a72ec6e,d1b35a862
q1a72ec6e,d1a734402
q1a72ec6e,d1b334c52
q1a72ec6e,d1b34d356
q1a72ec6e,d1b3b852a
q1a72ec6e,d1b373e48
q1a72ec6e,d1b372476
q1a72ec6e,d1b2e707e
q1a72ec6e,d1b391c4a
q1a72ec6e,d1b3c4d8e
q1a73736e,d1a73744a
q1a73736e,d1b37ec1c
q1a73736e,d1b3225a2
q1a73736e,d1b301a6e
q1a73736e,d1b381278
q1a73736e,d1b305600
q1a73736e,d1b2fa340
q1a73736e,d1b3b6c7a
q1a73736e,d1b37e38e
q1a73736e,d1b32d2b8
q1a73b702,d1b335418
q1a73b702,d1b38b426
q1a73b702,d1b39ff66
q1a73b702,d1b3967cc
q1a73b702,d1b39ee90
q1a73b702,d1b30687a
q1a73b702,d1b38ba70
q1a73b702,d1b3304fe
q1a73b702,d1b38d3fc
q1a73b702,d1b343d6a
q1a71a174,d1a71a278
q1a71a174,d1b382cea
q1a71a174,d1b39d9dc
q1a71a174,d1b3bf118
q1a71a174,d1a72e818
q1a71a174,d1b38b0de
q1a71a174,d1b3af8f8
q1a71a174,d1b32c4da
q1a71a174,d1a7283d2
q1a71a174,d1b31d46c
q1a71b4b6,d1b2e455e
q1a71b4b6,d1a71b628
q1a71b4b6,d1b2e9950
q1a71b4b6,d1b332740
q1a71b4b6,d1b3153de
q1a71b4b6,d1b39dd06
q1a71b4b6,d1a7265a0
q1a71b4b6,d1b35493a
q1a71b4b6,d1b382998
q1a71b4b6,d1b30a394
q1a72a74a,d1b2f5688
q1a72a74a,d1a72a812
q1a72a74a,d1b360a78
q1a72a74a,d1b3558a8
q1a72a74a,d1b30d954
q1a72a74a,d1b3c1d96
q1a72a74a,d1b34bc0e
q1a72a74a,d1b376fda
q1a72a74a,d1b342b5e
q1a72a74a,d1b398d9c
q1a72d8a0,d1b3beeca
q1a72d8a0,d1a72d99a
q1a72d8a0,d1b35bf96
q1a72d8a0,d1b3121fc
q1a72d8a0,d1b33eefa
q1a72d8a0,d1b2fcdd4
q1a72d8a0,d1b32be18
q1a72d8a0,d1a73a852
q1a72d8a0,d1b33d9ba
q1a72d8a0,d1b340804
q1a71bd44,d1b2f539a
q1a71bd44,d1b3187c8
q1a71bd44,d1b326508
q1a71bd44,d1b3182b4
q1a71bd44,d1b32cf84
q1a71bd44,d1b386b1a
q1a71bd44,d1b3309ea
q1a71bd44,d1b35e70a
q1a71bd44,d1b3a9868
q1a71bd44,d1a734402
q1a7186b2,d1b3c230e
q1a7186b2,d1b363c1e
q1a7186b2,d1b381688
q1a7186b2,d1b347492
q1a7186b2,d1b2f32e8
q1a7186b2,d1b33fab2
q1a7186b2,d1b322fb6
q1a7186b2,d1b383b40
q1a7186b2,d1a7210fa
q1a7186b2,d1b3105c8
q1a73a5c8,d1b36065e
q1a73a5c8,d1b376cb0
q1a73a5c8,d1a715322
q1a73a5c8,d1b3a6d3e
q1a73a5c8,d1a73a62c
q1a73a5c8,d1a73cf94
q1a73a5c8,d1b39576e
q1a73a5c8,d1b3193e4
q1a73a5c8,d1b336944
q1a73a5c8,d1b3a543e
q1a7388ae,d1b36f5aa
q1a7388ae,d1b368c82
q1a7388ae,d1b393298
q1a7388ae,d1b3c0234
q1a7388ae,d1b3381ea
q1a7388ae,d1a73899e
q1a7388ae,d1b36803e
q1a7388ae,d1b3719ae
q1a7388ae,d1b3993d2
q1a7388ae,d1b364844
q1a71c92e,d1a71ca46
q1a71c92e,d1b338bcc
q1a71c92e,d1b3c47da
q1a71c92e,d1b3a9692
q1a71c92e,d1b30f236
q1a71c92e,d1b31a1cc
q1a71c92e,d1b3287ae
q1a71c92e,d1b387d08
q1a71c92e,d1b392bae
q1a71c92e,d1b365e2e
q1a73b1e4,d1a722a18
q1a73b1e4,d1a722202
q1a73b1e4,d1a73b248
q1a73b1e4,d1b354d0e
q1a73b1e4,d1b36b5ae
q1a73b1e4,d1b38bf5c
q1a73b1e4,d1b30fc4a
q1a73b1e4,d1b34d356
q1a73b1e4,d1b35ea48
q1a73b1e4,d1b386b1a
q1a72d062,d1b2e63f4
q1a72d062,d1b3aad30
q1a72d062,d1b37721e
q1a72d062,d1b2f0e94
q1a72d062,d1b3c5702
q1a72d062,d1b377f84
q1a72d062,d1b3bacc6
q1a72d062,d1b3af812
q1a72d062,d1b3be84e
q1a72d062,d1b2ee16c
q1a73d82c,d1b3b4c2c
q1a73d82c,d1b304fca
q1a73d82c,d1b3174e0
q1a73d82c,d1b3aa344
q1a73d82c,d1b36cbc0
q1a73d82c,d1b33a314
q1a73d82c,d1b3ae232
q1a73d82c,d1a73d944
q1a73d82c,d1b2ff4b2
q1a73d82c,d1b3b80ac
q1a7397c2,d1a739b32
q1a7397c2,d1b35bf96
q1a7397c2,d1b2fcdd4
q1a7397c2,d1a7166dc
q1a7397c2,d1b3b5f14
q1a7397c2,d1b3b7da0
q1a7397c2,d1b2e74c0
q1a7397c2,d1b3b362e
q1a7397c2,d1b350b3c
q1a7397c2,d1b3336c2
q1a71e10c,d1a71e1e8
q1a71e10c,d1b39ed82
q1a71e10c,d1b36fa96
q1a71e10c,d1b35b7bc
q1a71e10c,d1b371d0a
q1a71e10c,d1b3a9a7a
q1a71e10c,d1b31137e
q1a71e10c,d1b3a7932
q1a71e10c,d1b392bae
q1a71e10c,d1b3bb81a
q1a731f72,d1b3c2e58
q1a731f72,d1a731ff4
q1a731f72,d1b368458
q1a731f72,d1b314eca
q1a731f72,d1b37534c
q1a731f72,d1b32d7cc
q1a731f72,d1b32c020
q1a731f72,d1b349b3e
q1a731f72,d1b2fe26a
q1a731f72,d1b365cb2
q1a711b6e,d1b315bcc
q1a711b6e,d1b3b82e6
q1a711b6e,d1b362116
q1a711b6e,d1b35c2de
q1a711b6e,d1b342b5e
q1a711b6e,d1b35de90
q1a711b6e,d1b37796c
q1a711b6e,d1b329e9c
q1a711b6e,d1b36d638
q1a711b6e,d1b2e6b6a
q1a711f42,d1b338bcc
q1a711f42,d1b34b31c
q1a711f42,d1a72c19e
q1a711f42,d1b32a568
q1a711f42,d1b3abcb2
q1a711f42,d1a7183ce
q1a711f42,d1b3a7932
q1a711f42,d1b33599a
q1a711f42,d1b30b0a0
q1a711f42,d1b3a60dc
q1a713720,d1a7138d8
q1a713720,d1b378880
q1a713720,d1b300fb0
q1a713720,d1b3b4ac4
q1a713720,d1b39a6ce
q1a713720,d1b380a62
q1a713720,d1b2f65ce
q1a713720,d1b33db86
q1a713720,d1b34d946
q1a713720,d1b37ae6e
q1a7130e0,d1b37a252
q1a7130e0,d1a740c66
q1a7130e0,d1b369c7c
q1a7130e0,d1b2e67a0
q1a7130e0,d1b39ed82
q1a7130e0,d1b3c1ada
q1a7130e0,d1b366568
q1a7130e0,d1b3202c0
q1a7130e0,d1b34134e
q1a7130e0,d1b3b8c3c
q1a729886,d1a72991c
q1a729886,d1b363c1e
q1a729886,d1b3c230e
q1a729886,d1b347492
q1a729886,d1b36c3be
q1a729886,d1b383b40
q1a729886,d1b3105c8
q1a729886,d1b39d888
q1a729886,d1b3c1f6c
q1a729886,d1b2f32e8
q1a71412a,d1a72991c
q1a71412a,d1b3c230e
q1a71412a,d1b32b094
q1a71412a,d1b3ab398
q1a71412a,d1b35752c
q1a71412a,d1b306456
q1a71412a,d1a72a5d8
q1a71412a,d1b34fe9e
q1a71412a,d1b31fef6
q1a71412a,d1b39d888
q1a733106,d1b3a9052
q1a733106,d1a7331d8
q1a733106,d1b32bcd8
q1a733106,d1b32c16a
q1a733106,d1b37ac20
q1a733106,d1b3abdac
q1a733106,d1b3309ea
q1a733106,d1a7249da
q1a733106,d1b392492
q1a733106,d1b309a8e
q1a7413aa,d1b3c1bb6
q1a7413aa,d1b3c743a
q1a7413aa,d1b3238b2
q1a7413aa,d1b39d4aa
q1a7413aa,d1b30c7f2
q1a7413aa,d1b31fef6
q1a7413aa,d1b3a2fb8
q1a7413aa,d1b3b5c94
q1a7413aa,d1b3791b8
q1a7413aa,d1a73f79e
q1a73ebc8,d1b39417a
q1a73ebc8,d1b3bf28a
q1a73ebc8,d1b3c11c0
q1a73ebc8,d1b3345c2
q1a73ebc8,d1b362436
q1a73ebc8,d1b3af812
q1a73ebc8,d1a72d184
q1a73ebc8,d1a732a94
q1a73ebc8,d1b3254a0
q1a73ebc8,d1a71f7d2
q1a71c9e2,d1a71ca46
q1a71c9e2,d1b369c7c
q1a71c9e2,d1b3c47da
q1a71c9e2,d1b369a38
q1a71c9e2,d1b311c48
q1a71c9e2,d1b3c865a
q1a71c9e2,d1b32dec0
q1a71c9e2,d1b31a91a
q1a71c9e2,d1b2eb0de
q1a71c9e2,d1b37f0ae
q1a740914,d1b34e18e
q1a740914,d1b364b50
q1a740914,d1b327fa2
q1a740914,d1b389928
q1a740914,d1b38c812
q1a740914,d1b3429f6
q1a740914,d1b34b52e
q1a740914,d1b3999f4
q1a740914,d1b35ede0
q1a740914,d1a7138d8
q1a7254fc,d1a7255f6
q1a7254fc,d1b37a4a0
q1a7254fc,d1b354750
q1a7254fc,d1b307b12
q1a7254fc,d1b33cd08
q1a7254fc,d1b3a734c
q1a7254fc,d1b3309ea
q1a7254fc,d1b31ae60
q1a7254fc,d1b3c5702
q1a7254fc,d1b33ba66
q1a7276d0,d1a727810
q1a7276d0,d1b2f48d2
q1a7276d0,d1b395822
q1a7276d0,d1b39c12c
q1a7276d0,d1b370a72
q1a7276d0,d1b30a074
q1a7276d0,d1b351bc2
q1a7276d0,d1b347f1e
q1a7276d0,d1b2fb01a
q1a7276d0,d1b35a862
q1a73f71c,d1b3a2fb8
q1a73f71c,d1b30c7f2
q1a73f71c,d1b36d3cc
q1a73f71c,d1b3003a8
q1a73f71c,d1b2f3d88
q1a73f71c,d1b31b2e8
q1a73f71c,d1b3416dc
q1a73f71c,d1a73f79e
q1a73f71c,d1b362116
q1a73f71c,d1b3a2bc6
q1a734588,d1b36001e
q1a734588,d1b3457fa
q1a734588,d1b34baf6
q1a734588,d1b3aa24a
q1a734588,d1b35e62e
q1a734588,d1a734614
q1a734588,d1b3c8362
q1a734588,d1b304548
q1a734588,d1a73920e
q1a734588,d1b31ad02
q1a71e3dc,d1b32002c
q1a71e3dc,d1a7376e8
q1a71e3dc,d1b3b7e86
q1a71e3dc,d1b359f5c
q1a71e3dc,d1b3c5540
q1a71e3dc,d1a71e47c
q1a71e3dc,d1a7231d4
q1a71e3dc,d1b36ba22
q1a71e3dc,d1b398126
q1a71e3dc,d1b32f36a
q1a72268a,d1a7227c0
q1a72268a,d1b3c4514
q1a72268a,d1b347866
q1a72268a,d1b38ed06
q1a72268a,d1b303a08
q1a72268a,d1b3a3c88
q1a72268a,d1b348478
q1a72268a,d1b35c4dc
q1a72268a,d1b3343ce
q1a72268a,d1b2fd234
q1a72e796,d1b3b82e6
q1a72e796,d1a72e818
q1a72e796,d1b3af434
q1a72e796,d1b3967cc
q1a72e796,d1b3b0226
q1a72e796,d1b361b12
q1a72e796,d1b374d48
q1a72e796,d1a7283d2
q1a72e796,d1b3391b2
q1a72e796,d1b32a91e
q1a71ce9c,d1b3712f6
q1a71ce9c,d1b362d1e
q1a71ce9c,d1b36d638
q1a71ce9c,d1b32309c
q1a71ce9c,d1b384482
q1a71ce9c,d1b32dec0
q1a71ce9c,d1b2f9a8a
q1a71ce9c,d1b3af812
q1a71ce9c,d1b3150c8
q1a71ce9c,d1b3abb86
q1a722720,d1b2e6264
q1a722720,d1b328bdc
q1a722720,d1b38a3e6
q1a722720,d1b30687a
q1a722720,d1b39c12c
q1a722720,d1b37c4d0
q1a722720,d1b395eee
q1a722720,d1a7255f6
q1a722720,d1b347f1e
q1a722720,d1b3187c8
q1a73edd0,d1a73ee34
q1a73edd0,d1b3bd98a
q1a73edd0,d1b36375a
q1a73edd0,d1b33ab70
q1a73edd0,d1a73e9d4
q1a73edd0,d1b368b9c
q1a73edd0,d1b380b8e
q1a73edd0,d1b332740
q1a73edd0,d1b37b0da
q1a73edd0,d1b3425f0
q1a73aaaa,d1b315816
q1a73aaaa,d1b398cac
q1a73aaaa,d1b3c4b36
q1a73aaaa,d1b373f4c
q1a73aaaa,d1b39800e
q1a73aaaa,d1b3505c4
q1a73aaaa,d1b3182b4
q1a73aaaa,d1b36a1e0
q1a73aaaa,d1a72ccde
q1a73aaaa,d1b364542
q1a738c0a,d1b389a04
q1a738c0a,d1b315d84
q1a738c0a,d1b30f754
q1a738c0a,d1b3b229c
q1a738c0a,d1b3b8728
q1a738c0a,d1b331b10
q1a738c0a,d1b3a60dc
q1a738c0a,d1b2f0e94
q1a738c0a,d1b3b308e
q1a738c0a,d1b359e3a
q1a716966,d1b3a61cc
q1a716966,d1b38cac4
q1a716966,d1b373862
q1a716966,d1b3a8bde
q1a716966,d1b314178
q1a716966,d1b3a6fa0
q1a716966,d1b3bc26a
q1a716966,d1b366e96
q1a716966,d1b35ed0e
q1a716966,d1b366658
q1a71a8fe,d1b3bf8a2
q1a71a8fe,d1b3654f6
q1a71a8fe,d1b355ccc
q1a71a8fe,d1a71a9bc
q1a71a8fe,d1b36d638
q1a71a8fe,d1b35ede0
q1a71a8fe,d1b3c6a8a
q1a71a8fe,d1b3bdaa2
q1a71a8fe,d1b3a7932
q1a71a8fe,d1b3a9a7a
q1a73703a,d1a73715c
q1a73703a,d1b3c1404
q1a73703a,d1b38b71e
q1a73703a,d1b373150
q1a73703a,d1b33ce20
q1a73703a,d1b362f12
q1a73703a,d1b3b8f0c
q1a73703a,d1a71e79c
q1a73703a,d1b38ccb8
q1a73703a,d1b376800
q1a727dd8,d1a727e1e
q1a727dd8,d1b346114
q1a727dd8,d1b34bfec
q1a727dd8,d1b2ef3dc
q1a727dd8,d1b3beb3c
q1a727dd8,d1b387d08
q1a727dd8,d1b31ce72
q1a727dd8,d1b35a6c8
q1a727dd8,d1a728c1a
q1a727dd8,d1b33f3be
q1a7339c6,d1a71f2f0
q1a7339c6,d1b39f048
q1a7339c6,d1a733a98
q1a7339c6,d1b35f90c
q1a7339c6,d1b36c60c
q1a7339c6,d1b32c3fe
q1a7339c6,d1b2e86a4
q1a7339c6,d1b389e46
q1a7339c6,d1b31dd7c
q1a7339c6,d1a7174c4
q1a740432,d1b32d7cc
q1a740432,d1b310cd0
q1a740432,d1b390a2a
q1a740432,d1b3022fc
q1a740432,d1b2ef3dc
q1a740432,d1b38f0b2
q1a740432,d1b387d08
q1a740432,d1b34b02e
q1a740432,d1a740464
q1a740432,d1b338a6e
q1a73a03c,d1b369a38
q1a73a03c,d1b387d08
q1a73a03c,d1b389496
q1a73a03c,d1b2ef3dc
q1a73a03c,d1b3c1bb6
q1a73a03c,d1b3ab596
q1a73a03c,d1b369c7c
q1a73a03c,d1b32c020
q1a73a03c,d1a731a4a
q1a73a03c,d1b33f3be
q1a73d854,d1b3aa344
q1a73d854,d1b3b4c2c
q1a73d854,d1b3174e0
q1a73d854,d1b36cbc0
q1a73d854,d1b387dee
q1a73d854,d1b2ff4b2
q1a73d854,d1b30268a
q1a73d854,d1b3003a8
q1a73d854,d1b34118c
q1a73d854,d1b3502c2
q1a718036,d1a718108
q1a718036,d1b358206
q1a718036,d1b326d46
q1a718036,d1b3309ea
q1a718036,d1b3c874a
q1a718036,d1b3a812a
q1a718036,d1b3795dc
q1a718036,d1b2fb63c
q1a718036,d1b3193e4
q1a718036,d1b2ea634
q1a72903e,d1b3c743a
q1a72903e,d1b3c1bb6
q1a72903e,d1b3a2fb8
q1a72903e,d1b374d48
q1a72903e,d1b35e57a
q1a72903e,d1b30c7f2
q1a72903e,d1a730c3a
q1a72903e,d1b324168
q1a72903e,d1b36f0dc
q1a72903e,d1b3bedf8
q1a721a64,d1a721b22
q1a721a64,d1b324bcc
q1a721a64,d1b38a148
q1a721a64,d1b304246
q1a721a64,d1b31d46c
q1a721a64,d1b3ab294
q1a721a64,d1b30f236
q1a721a64,d1b31b73e
q1a721a64,d1b3bf118
q1a721a64,d1b3a781a
q1a73dbd8,d1b318a5c
q1a73dbd8,d1a73dc6e
q1a73dbd8,d1b2fdda6
q1a73dbd8,d1b3003a8
q1a73dbd8,d1b35f4b6
q1a73dbd8,d1b32c020
q1a73dbd8,d1b373150
q1a73dbd8,d1b377142
q1a73dbd8,d1b3134f8
q1a73dbd8,d1b3b14a0
q1a71dc98,d1a71dd10
q1a71dc98,d1b389496
q1a71dc98,d1b3a79e6
q1a71dc98,d1b3270fc
q1a71dc98,d1b36b180
q1a71dc98,d1b36a6ae
q1a71dc98,d1b369c7c
q1a71dc98,d1a714cd8
q1a71dc98,d1b30edb8
q1a71dc98,d1b3bae6a
q1a71fd86,d1b30f236
q1a71fd86,d1b35ede0
q1a71fd86,d1b3862b4
q1a71fd86,d1b34f9ee
q1a71fd86,d1b350a7e
q1a71fd86,d1b39616e
q1a71fd86,d1b312dd2
q1a71fd86,d1a727b8a
q1a71fd86,d1b3287ae
q1a71fd86,d1b3a1e2e
q1a733c32,d1a733cf0
q1a733c32,d1b3ad8aa
q1a733c32,d1b3b3926
q1a733c32,d1b3890d6
q1a733c32,d1b373f4c
q1a733c32,d1b341a38
q1a733c32,d1b3340ea
q1a733c32,d1b2f4e5e
q1a733c32,d1b339ea0
q1a733c32,d1b3963b2
q1a727b4e,d1b387d08
q1a727b4e,d1b350a7e
q1a727b4e,d1b349954
q1a727b4e,d1b365e2e
q1a727b4e,d1b369c7c
q1a727b4e,d1b337970
q1a727b4e,d1b3a6596
q1a727b4e,d1a727b8a
q1a727b4e,d1b35a6c8
q1a727b4e,d1b3c3fe2
q1a724412,d1b34d356
q1a724412,d1a7244a8
q1a724412,d1b35ea48
q1a724412,d1b2e4c34
q1a724412,d1b37442e
q1a724412,d1b2f46ca
q1a724412,d1b3bf118
q1a724412,d1b3b041a
q1a724412,d1b36b5ae
q1a724412,d1b35e70a
q1a7190d0,d1a719184
q1a7190d0,d1b3a6596
q1a7190d0,d1b3abcb2
q1a7190d0,d1b332c22
q1a7190d0,d1b3495da
q1a7190d0,d1b3925aa
q1a7190d0,d1b383708
q1a7190d0,d1b38a3e6
q1a7190d0,d1b32fb4e
q1a7190d0,d1b37bddc
q1a716bc8,d1b3aa4de
q1a716bc8,d1a716c9a
q1a716bc8,d1a7310a4
q1a716bc8,d1b386d40
q1a716bc8,d1b389a04
q1a716bc8,d1a738d04
q1a716bc8,d1b396510
q1a716bc8,d1b35243c
q1a716bc8,d1b3856e8
q1a716bc8,d1b366e96
q1a7349fc,d1a734aec
q1a7349fc,d1b302856
q1a7349fc,d1b3797e4
q1a7349fc,d1b3bc0b2
q1a7349fc,d1b344bb6
q1a7349fc,d1b2e8d98
q1a7349fc,d1b3b23be
q1a7349fc,d1b3a1794
q1a7349fc,d1a7118d0
q1a7349fc,d1b37f1d0
q1a729ab6,d1a729b42
q1a729ab6,d1b3202c0
q1a729ab6,d1b360794
q1a729ab6,d1b395eee
q1a729ab6,d1a738d04
q1a729ab6,d1b30af92
q1a729ab6,d1b34cb5e
q1a729ab6,d1b35493a
q1a729ab6,d1b32624c
q1a729ab6,d1b338460
q1a72cbee,d1b344968
q1a72cbee,d1b33e4c8
q1a72cbee,d1b358e2c
q1a72cbee,d1b399788
q1a72cbee,d1b36a1e0
q1a72cbee,d1b3aefe8
q1a72cbee,d1b353846
q1a72cbee,d1b38aa08
q1a72cbee,d1b3bdf66
q1a72cbee,d1b3a863e
q1a727ae0,d1a726af0
q1a727ae0,d1b32c020
q1a727ae0,d1b355ccc
q1a727ae0,d1b317dd2
q1a727ae0,d1b3aeca0
q1a727ae0,d1b32360a
q1a727ae0,d1b3a6596
q1a727ae0,d1b344bb6
q1a727ae0,d1b35a6c8
q1a727ae0,d1b3c3fe2
q1a73cc24,d1a73ccc4
q1a73cc24,d1b34b52e
q1a73cc24,d1b32aa36
q1a73cc24,d1b31bec8
q1a73cc24,d1b3403d6
q1a73cc24,d1b359084
q1a73cc24,d1b38d4ec
q1a73cc24,d1b32775a
q1a73cc24,d1b3006dc
q1a73cc24,d1b30ff60
q1a72e3e0,d1b3aefe8
q1a72e3e0,d1b3a863e
q1a72e3e0,d1b336fb6
q1a72e3e0,d1b2fcb7c
q1a72e3e0,d1b3505c4
q1a72e3e0,d1b3c4b36
q1a72e3e0,d1b344968
q1a72e3e0,d1b351bc2
q1a72e3e0,d1b3c874a
q1a72e3e0,d1b3018d4
q1a723ea4,d1a71e1e8
q1a723ea4,d1b3a7932
q1a723ea4,d1b33959a
q1a723ea4,d1b31137e
q1a723ea4,d1b371d0a
q1a723ea4,d1b338bcc
q1a723ea4,d1b3abcb2
q1a723ea4,d1b35b7bc
q1a723ea4,d1b36fa96
q1a723ea4,d1b2f345a
q1a723152,d1b3c31be
q1a723152,d1b326f12
q1a723152,d1a7376e8
q1a723152,d1b385396
q1a723152,d1b357e96
q1a723152,d1b35f272
q1a723152,d1a7231d4
q1a723152,d1b32002c
q1a723152,d1b35dfda
q1a723152,d1b2e96b2
q1a71d7f2,d1a71d82e
q1a71d7f2,d1a72e818
q1a71d7f2,d1a71a278
q1a71d7f2,d1b2e8b36
q1a71d7f2,d1b37b97c
q1a71d7f2,d1b32c4da
q1a71d7f2,d1b3bf118
q1a71d7f2,d1b3af812
q1a71d7f2,d1b399e36
q1a71d7f2,d1b3af434
q1a7415a8,d1a741756
q1a7415a8,d1b322e9e
q1a7415a8,d1b329cc6
q1a7415a8,d1b359f5c
q1a7415a8,d1b31aa78
q1a7415a8,d1b3c7c0a
q1a7415a8,d1b3ad8aa
q1a7415a8,d1b3a3652
q1a7415a8,d1b3c38ee
q1a7415a8,d1b32863c
q1a724fac,d1b30ec14
q1a724fac,d1b36ec4a
q1a724fac,d1b36065e
q1a724fac,d1b3a6fa0
q1a724fac,d1b3bacc6
q1a724fac,d1b39c5b4
q1a724fac,d1b390908
q1a724fac,d1b2e373a
q1a724fac,d1b3b1ebe
q1a724fac,d1b3adc10
q1a716114,d1b32309c
q1a716114,d1b369f60
q1a716114,d1b386e80
q1a716114,d1b33d3ca
q1a716114,d1b2f345a
q1a716114,d1b32c854
q1a716114,d1b35d51c
q1a716114,d1b31046a
q1a716114,d1b346902
q1a716114,d1b2f19b6
q1a7288f0,d1b2eb0de
q1a7288f0,d1a7289ae
q1a7288f0,d1b3604d8
q1a7288f0,d1b317dd2
q1a7288f0,d1b369a38
q1a7288f0,d1b32360a
q1a7288f0,d1a726af0
q1a7288f0,d1b326d46
q1a7288f0,d1b349954
q1a7288f0,d1b344bb6
q1a735032,d1b36a1e0
q1a735032,d1b3c874a
q1a735032,d1b36a2ee
q1a735032,d1b3b308e
q1a735032,d1b3a0c72
q1a735032,d1b3963b2
q1a735032,d1b324532
q1a735032,d1b327fa2
q1a735032,d1b347e60
q1a735032,d1b2fcb7c
q1a73ff6e,d1a73ffe6
q1a73ff6e,d1b3ba9b0
q1a73ff6e,d1b3b5ad2
q1a73ff6e,d1b32921c
q1a73ff6e,d1b359a84
q1a73ff6e,d1b345f84
q1a73ff6e,d1b3bb6f8
q1a73ff6e,d1b39b79a
q1a73ff6e,d1b3b0d3e
q1a73ff6e,d1b3c874a
q1a72f2c2,d1b37c246
q1a72f2c2,d1b34d946
q1a72f2c2,d1b35377e
q1a72f2c2,d1a72b046
q1a72f2c2,d1b38ad82
q1a72f2c2,d1b2eec20
q1a72f2c2,d1a73f564
q1a72f2c2,d1b30388c
q1a72f2c2,d1b363dc2
q1a72f2c2,d1b39f390
q1a728d46,d1b32e136
q1a728d46,d1a728e36
q1a728d46,d1a7210fa
q1a728d46,d1a71a278
q1a728d46,d1b3bf532
q1a728d46,d1b3061a4
q1a728d46,d1b2e4c34
q1a728d46,d1a723f4e
q1a728d46,d1b36d3cc
q1a728d46,d1b320608
q1a72098e,d1a720a88
q1a72098e,d1b377ce6
q1a72098e,d1b3505c4
q1a72098e,d1b3b0582
q1a72098e,d1b398cac
q1a72098e,d1b3ad616
q1a72098e,d1b31f212
q1a72098e,d1b3c4b36
q1a72098e,d1b36ee3e
q1a72098e,d1b3a863e
q1a71447c,d1a71456c
q1a71447c,d1a72b474
q1a71447c,d1b3692cc
q1a71447c,d1b3866b0
q1a71447c,d1a738034
q1a71447c,d1a718a36
q1a71447c,d1b3975be
q1a71447c,d1b323d94
q1a71447c,d1b378e52
q1a71447c,d1b38835c
q1a72801c,d1b34db9e
q1a72801c,d1b31ad02
q1a72801c,d1a728170
q1a72801c,d1b35a9fc
q1a72801c,d1b3457fa
q1a72801c,d1b367134
q1a72801c,d1b366ce8
q1a72801c,d1b31925e
q1a72801c,d1b37eaf0
q1a72801c,d1b39e53a
q1a711812,d1b3a0f92
q1a711812,d1a734894
q1a711812,d1b33ec7a
q1a711812,d1b30755e
q1a711812,d1b370540
q1a711812,d1b3921e0
q1a711812,d1b391a42
q1a711812,d1b3ba7a8
q1a711812,d1b3a9868
q1a711812,d1b316c52
q1a72faa6,d1a72fbe6
q1a72faa6,d1b3ae390
q1a72faa6,d1b323b32
q1a72faa6,d1b2fe95e
q1a72faa6,d1b39cd20
q1a72faa6,d1b398748
q1a72faa6,d1b35cb8a
q1a72faa6,d1b3143b2
q1a72faa6,d1b370946
q1a72faa6,d1b306456
q1a740c20,d1b36fa96
q1a740c20,d1a723f4e
q1a740c20,d1b3c2d68
q1a740c20,d1b360e42
q1a740c20,d1a72c19e
q1a740c20,d1b38c074
q1a740c20,d1b371ef4
q1a740c20,d1b34bd44
q1a740c20,d1b33b534
q1a740c20,d1b359ce6
q1a73e5a6,d1a73e6aa
q1a73e5a6,d1b35a1c8
q1a73e5a6,d1b37f1d0
q1a73e5a6,d1b38fc38
q1a73e5a6,d1b358abc
q1a73e5a6,d1b37e38e
q1a73e5a6,d1b3b3a70
q1a73e5a6,d1b359b92
q1a73e5a6,d1b38f3c8
q1a73e5a6,d1b34c4ba
q1a71631c,d1b3aa24a
q1a71631c,d1a734614
q1a71631c,d1b34159c
q1a71631c,d1b34baf6
q1a71631c,d1b3457fa
q1a71631c,d1b35e62e
q1a71631c,d1b3c278c
q1a71631c,d1b39e53a
q1a71631c,d1b304548
q1a71631c,d1b2ef24c
q1a740b3a,d1b36fa96
q1a740b3a,d1b39b09c
q1a740b3a,d1b35b7bc
q1a740b3a,d1b32441a
q1a740b3a,d1b31137e
q1a740b3a,d1a740c66
q1a740b3a,d1b32a568
q1a740b3a,d1b3c0eaa
q1a740b3a,d1b2f345a
q1a740b3a,d1b3878a8
q1a724fde,d1b361a04
q1a724fde,d1b351bc2
q1a724fde,d1b3ad8aa
q1a724fde,d1a7250b0
q1a724fde,d1b335116
q1a724fde,d1b3a3652
q1a724fde,d1b355d9e
q1a724fde,d1b344968
q1a724fde,d1b36abc2
q1a724fde,d1b339ea0
q1a737f94,d1b30c9a0
q1a737f94,d1a738034
q1a737f94,d1b31c670
q1a737f94,d1a718a36
q1a737f94,d1b323d94
q1a737f94,d1b37e6a4
q1a737f94,d1b3780ba
q1a737f94,d1b3a9962
q1a737f94,d1b343752
q1a737f94,d1b377714
q1a71d7ca,d1b3c842a
q1a71d7ca,d1b381584
q1a71d7ca,d1b387c0e
q1a71d7ca,d1b32ab9e
q1a71d7ca,d1b31c580
q1a71d7ca,d1b335206
q1a71d7ca,d1b3af434
q1a71d7ca,d1b321580
q1a71d7ca,d1b30d418
q1a71d7ca,d1a72e818
q1a7232ec,d1a7233f0
q1a7232ec,d1b375108
q1a7232ec,d1b2e6d90
q1a7232ec,d1a71df22
q1a7232ec,d1a73ad20
q1a7232ec,d1b2e2632
q1a7232ec,d1b35b33e
q1a7232ec,d1b3343ce
q1a7232ec,d1b300a4c
q1a7232ec,d1b350e7a
q1a739178,d1a73920e
q1a739178,d1b3457fa
q1a739178,d1b34baf6
q1a739178,d1b39e53a
q1a739178,d1b34159c
q1a739178,d1b304548
q1a739178,d1a734614
q1a739178,d1b35e62e
q1a739178,d1b3aa24a
q1a739178,d1b31925e
q1a728b34,d1b365e2e
q1a728b34,d1b3b0712
q1a728b34,d1b3bccba
q1a728b34,d1b3c6594
q1a728b34,d1b39b2d6
q1a728b34,d1b32c98a
q1a728b34,d1b3900e8
q1a728b34,d1b35a6c8
q1a728b34,d1b2e3c26
q1a728b34,d1b389496
q1a72bc58,d1a7218e8
q1a72bc58,d1b2e225e
q1a72bc58,d1b379906
q1a72bc58,d1b38b976
q1a72bc58,d1b32c020
q1a72bc58,d1b3797e4
q1a72bc58,d1b3879b6
q1a72bc58,d1b3c2e58
q1a72bc58,d1b32e01e
q1a72bc58,d1a722c66
q1a733c5a,d1b3ad8aa
q1a733c5a,d1a733cf0
q1a733c5a,d1b3b3926
q1a733c5a,d1b339ea0
q1a733c5a,d1b375b44
q1a733c5a,d1b373f4c
q1a733c5a,d1b3890d6
q1a733c5a,d1b341a38
q1a733c5a,d1b3963b2
q1a733c5a,d1b3946fc
q1a73934e,d1a739434
q1a73934e,d1b3a6e42
q1a73934e,d1b399c2e
q1a73934e,d1b36177a
q1a73934e,d1a73bd10
q1a73934e,d1b36d9f8
q1a73934e,d1b3bddc2
q1a73934e,d1b375a7c
q1a73934e,d1a731306
q1a73934e,d1b346902
q1a711272,d1b36ed08
q1a711272,d1b38e658
q1a711272,d1a711510
q1a711272,d1b36279c
q1a711272,d1b2f0156
q1a711272,d1b3453e0
q1a711272,d1b348f40
q1a711272,d1b38ffda
q1a711272,d1b351262
q1a711272,d1b35b096
q1a71e404,d1b3ba6ae
q1a71e404,d1b359f5c
q1a71e404,d1b32002c
q1a71e404,d1a71e47c
q1a71e404,d1a7376e8
q1a71e404,d1b3c5540
q1a71e404,d1b36ba22
q1a71e404,d1b38d1cc
q1a71e404,d1b37c6ce
q1a71e404,d1b33e824
q1a723350,d1b35b096
q1a723350,d1b38ffda
q1a723350,d1a7233f0
q1a723350,d1b349954
q1a723350,d1b33126e
q1a723350,d1b337970
q1a723350,d1b3003a8
q1a723350,d1b332c22
q1a723350,d1b32c3fe
q1a723350,d1b3b353e
q1a7393f8,d1a739434
q1a7393f8,d1b3173d2
q1a7393f8,d1b3c6e54
q1a7393f8,d1a732ce2
q1a7393f8,d1b37bc24
q1a7393f8,d1b39f174
q1a7393f8,d1b3af6d2
q1a7393f8,d1a731ff4
q1a7393f8,d1b315bcc
q1a7393f8,d1b31f082
q1a72f222,d1b35377e
q1a72f222,d1b33a8e6
q1a72f222,d1b37c246
q1a72f222,d1b2eec20
q1a72f222,d1a732ce2
q1a72f222,d1b307b12
q1a72f222,d1a72b046
q1a72f222,d1b3c160c
q1a72f222,d1b379f64
q1a72f222,d1b33a1de
q1a72aa06,d1a72aac4
q1a72aa06,d1b35b8b6
q1a72aa06,d1b2fb4a2
q1a72aa06,d1b3bca94
q1a72aa06,d1b370946
q1a72aa06,d1b315a5a
q1a72aa06,d1b3386b8
q1a72aa06,d1b3495da
q1a72aa06,d1b30f754
q1a72aa06,d1b2f6ad8
q1a7149e0,d1b36d3cc
q1a7149e0,d1b3a2fb8
q1a7149e0,d1b36b914
q1a7149e0,d1b319772
q1a7149e0,d1a738764
q1a7149e0,d1b30c7f2
q1a7149e0,d1b31b2e8
q1a7149e0,d1b3b5c94
q1a7149e0,d1b374d48
q1a7149e0,d1b33dec4
q1a73ac6c,d1b35f9d4
q1a73ac6c,d1b36ed08
q1a73ac6c,d1b3aa1a0
q1a73ac6c,d1b3a59ca
q1a73ac6c,d1a741bd4
q1a73ac6c,d1b356622
q1a73ac6c,d1b2e55ee
q1a73ac6c,d1b2f72a8
q1a73ac6c,d1b39034a
q1a73ac6c,d1a7285e4
q1a73c77e,d1a73c7c4
q1a73c77e,d1b35446c
q1a73c77e,d1b3b353e
q1a73c77e,d1b349954
q1a73c77e,d1b32d7cc
q1a73c77e,d1a72a0ce
q1a73c77e,d1b306aa0
q1a73c77e,d1b346380
q1a73c77e,d1b36cf58
q1a73c77e,d1b34a598
q1a711c04,d1b2fa340
q1a711c04,d1b31f082
q1a711c04,d1b3a7ef0
q1a711c04,d1b33f3be
q1a711c04,d1b315bcc
q1a711c04,d1b352d74
q1a711c04,d1b34cdfc
q1a711c04,d1b344bb6
q1a711c04,d1b3a8bde
q1a711c04,d1b32d2b8
q1a741378,d1b3a2fb8
q1a741378,d1b3416dc
q1a741378,d1b37796c
q1a741378,d1a7413dc
q1a741378,d1a730c3a
q1a741378,d1b35141a
q1a741378,d1b362116
q1a741378,d1b377840
q1a741378,d1b354e62
q1a741378,d1b33ddac
q1a72ca0e,d1b32a568
q1a72ca0e,d1b3bdaa2
q1a72ca0e,d1b35b7bc
q1a72ca0e,d1b388e88
q1a72ca0e,d1b2f345a
q1a72ca0e,d1b3c0eaa
q1a72ca0e,d1b3abcb2
q1a72ca0e,d1a71e1e8
q1a72ca0e,d1b3b6d7e
q1a72ca0e,d1b36fa96
q1a720cb8,d1b332740
q1a720cb8,d1b39dd06
q1a720cb8,d1b3b0e1a
q1a720cb8,d1b345520
q1a720cb8,d1b2e455e
q1a720cb8,d1b3b8c3c
q1a720cb8,d1a7265a0
q1a720cb8,d1b3c3056
q1a720cb8,d1b386d40
q1a720cb8,d1b3380d2
q1a717384,d1a7174c4
q1a717384,d1b35ede0
q1a717384,d1b389e46
q1a717384,d1b31dd7c
q1a717384,d1b3641f0
q1a717384,d1b30842c
q1a717384,d1b31a1cc
q1a717384,d1a73744a
q1a717384,d1b3929ec
q1a717384,d1b31f082
q1a732440,d1a7324d6
q1a732440,d1b3bab22
q1a732440,d1b2e5468
q1a732440,d1b3bccba
q1a732440,d1b34bfec
q1a732440,d1b317dd2
q1a732440,d1b364ee8
q1a732440,d1b2e225e
q1a732440,d1b369c7c
q1a732440,d1b31e7a4
q1a73a578,d1a73a62c
q1a73a578,d1b36065e
q1a73a578,d1a72f100
q1a73a578,d1a715322
q1a73a578,d1b34e18e
q1a73a578,d1b3193e4
q1a73a578,d1b3a6d3e
q1a73a578,d1a7322b0
q1a73a578,d1b336944
q1a73a578,d1a73cf94
q1a73bc5c,d1a73bd10
q1a73bc5c,d1b370248
q1a73bc5c,d1b32cd72
q1a73bc5c,d1a7331d8
q1a73bc5c,d1b33cd08
q1a73bc5c,d1b3345c2
q1a73bc5c,d1b366568
q1a73bc5c,d1b2fec7e
q1a73bc5c,d1b33e310
q1a73bc5c,d1b340df4
q1a720ce0,d1b3c0c84
q1a720ce0,d1b3a8bde
q1a720ce0,d1b373862
q1a720ce0,d1b39dd06
q1a720ce0,d1b325d42
q1a720ce0,d1b3b3ffc
q1a720ce0,d1b382eac
q1a720ce0,d1b3b0e1a
q1a720ce0,d1b3bf6e0
q1a720ce0,d1b34a6a6
q1a720254,d1b3a6e42
q1a720254,d1a739434
q1a720254,d1b376800
q1a720254,d1b36177a
q1a720254,d1a731306
q1a720254,d1b35de90
q1a720254,d1b399c2e
q1a720254,d1a73bd10
q1a720254,d1b3211d4
q1a720254,d1b375a7c
q1a7178a2,d1a7179c4
q1a7178a2,d1b373e48
q1a7178a2,d1b2e4072
q1a7178a2,d1b3861b0
q1a7178a2,d1b3686ec
q1a7178a2,d1b349f26
q1a7178a2,d1b39f4bc
q1a7178a2,d1b3441a2
q1a7178a2,d1b3c1bb6
q1a7178a2,d1b3b1ebe
q1a735000,d1b3b308e
q1a735000,d1b36a1e0
q1a735000,d1b3c874a
q1a735000,d1b3963b2
q1a735000,d1b347e60
q1a735000,d1b327fa2
q1a735000,d1b3a0c72
q1a735000,d1a735078
q1a735000,d1b36a2ee
q1a735000,d1b336fb6
q1a722e3c,d1a722f4a
q1a722e3c,d1b345ac0
q1a722e3c,d1a72471e
q1a722e3c,d1b3c41c2
q1a722e3c,d1b38346a
q1a722e3c,d1b31f906
q1a722e3c,d1b333a28
q1a722e3c,d1b30af92
q1a722e3c,d1a716c9a
q1a722e3c,d1b327d22
q1a722bd0,d1a722c66
q1a722bd0,d1b38bf5c
q1a722bd0,d1b2e6d90
q1a722bd0,d1b33ddac
q1a722bd0,d1b349b3e
q1a722bd0,d1b3925aa
q1a722bd0,d1b3604d8
q1a722bd0,d1a72bce4
q1a722bd0,d1b2ecc5e
q1a722bd0,d1b38e400
q1a719896,d1a719972
q1a719896,d1b33b534
q1a719896,d1b34bd44
q1a719896,d1b38c074
q1a719896,d1b3c2d68
q1a719896,d1b31c274
q1a719896,d1b36fa96
q1a719896,d1b382c04
q1a719896,d1b39abf6
q1a719896,d1b31c198
q1a713392,d1b368c82
q1a713392,d1b37f428
q1a713392,d1b32ddbc
q1a713392,d1a713428
q1a713392,d1b343856
q1a713392,d1b364470
q1a713392,d1b39034a
q1a713392,d1b3b2c2e
q1a713392,d1b2fc690
q1a713392,d1b394f12
q1a7364fa,d1b37743a
q1a7364fa,d1b30124e
q1a7364fa,d1a73652c
q1a7364fa,d1b2f3144
q1a7364fa,d1b33dc58
q1a7364fa,d1b3573f6
q1a7364fa,d1b30687a
q1a7364fa,d1b35c2de
q1a7364fa,d1b2ef24c
q1a7364fa,d1b36ec4a
q1a71a89a,d1a71a9bc
q1a71a89a,d1b342942
q1a71a89a,d1a715322
q1a71a89a,d1b3193e4
q1a71a89a,d1b35c0d6
q1a71a89a,d1b31bdce
q1a71a89a,d1b32ff9a
q1a71a89a,d1a741ec2
q1a71a89a,d1b3a0556
q1a71a89a,d1b3adc10
q1a719012,d1a719184
q1a719012,d1b386d40
q1a719012,d1a716c9a
q1a719012,d1b35f4b6
q1a719012,d1b3ae62e
q1a719012,d1b366ad6
q1a719012,d1b33143a
q1a719012,d1b3945e4
q1a719012,d1b364ee8
q1a719012,d1b3991d4
q1a737076,d1a73715c
q1a737076,d1b3441a2
q1a737076,d1b32136e
q1a737076,d1b34f9ee
q1a737076,d1b32d2b8
q1a737076,d1b32635a
q1a737076,d1a7326f2
q1a737076,d1b373150
q1a737076,d1b39fa5c
q1a737076,d1b30d0f8
q1a716628,d1a7166dc
q1a716628,d1b32ae78
q1a716628,d1b3a26b2
q1a716628,d1b361590
q1a716628,d1b34cec4
q1a716628,d1b3af6d2
q1a716628,d1b3849b4
q1a716628,d1b368c82
q1a716628,d1b311a04
q1a716628,d1b376fda
q1a72c3a6,d1a72c40a
q1a72c3a6,d1b2ef24c
q1a72c3a6,d1b2fe508
q1a72c3a6,d1b323290
q1a72c3a6,d1b3698ee
q1a72c3a6,d1b346902
q1a72c3a6,d1b33b534
q1a72c3a6,d1b394f12
q1a72c3a6,d1b37a0d6
q1a72c3a6,d1b38257e
q1a72be1a,d1b30252c
q1a72be1a,d1b38cee8
q1a72be1a,d1a72bf32
q1a72be1a,d1b3489dc
q1a72be1a,d1b337c7c
q1a72be1a,d1b3ba7a8
q1a72be1a,d1b33b3e0
q1a72be1a,d1b360230
q1a72be1a,d1a73f2c6
q1a72be1a,d1b352572
q1a71bd12,d1a71be0c
q1a71bd12,d1b328920
q1a71bd12,d1b3aeb92
q1a71bd12,d1b348cde
q1a71bd12,d1b34ee54
q1a71bd12,d1b32b094
q1a71bd12,d1b2ef044
q1a71bd12,d1b354750
q1a71bd12,d1b339b76
q1a71bd12,d1b3550b0
q1a723094,d1a7231d4
q1a723094,d1b32f36a
q1a723094,d1b347b86
q1a723094,d1a734402
q1a723094,d1b3ba6ae
q1a723094,d1a71e47c
q1a723094,d1b36901a
q1a723094,d1b394e18
q1a723094,d1b38d7c6
q1a723094,d1b36580c
q1a731bb2,d1b393784
q1a731bb2,d1b399788
q1a731bb2,d1b36a1e0
q1a731bb2,d1b33e4c8
q1a731bb2,d1b358e2c
q1a731bb2,d1b38aa08
q1a731bb2,d1b3bdf66
q1a731bb2,d1b33382a
q1a731bb2,d1a720a88
q1a731bb2,d1b3aefe8
q1a723be8,d1b377e58
q1a723be8,d1b3ae62e
q1a723be8,d1b2e766e
q1a723be8,d1b366ad6
q1a723be8,d1b3c11c0
q1a723be8,d1b34a228
q1a723be8,d1b3bf28a
q1a723be8,d1b3259b4
q1a723be8,d1b3af34e
q1a723be8,d1b35aae2
q1a72b172,d1a72b258
q1a72b172,d1b361266
q1a72b172,d1b3967cc
q1a72b172,d1b343856
q1a72b172,d1a7210fa
q1a72b172,d1b2f32e8
q1a72b172,d1b3c230e
q1a72b172,d1b3c1f6c
q1a72b172,d1b3105c8
q1a72b172,d1b3668c4
q1a71c960,d1b2f65ce
q1a71c960,d1b346114
q1a71c960,d1b369c7c
q1a71c960,d1b317aa8
q1a71c960,d1b311c48
q1a71c960,d1a71ca46
q1a71c960,d1b33f166
q1a71c960,d1b364470
q1a71c960,d1b326508
q1a71c960,d1b37f0ae
q1a73a5fa,d1a73a62c
q1a73a5fa,d1b3afaba
q1a73a5fa,d1b2f4418
q1a73a5fa,d1a72f100
q1a73a5fa,d1b378560
q1a73a5fa,d1b3c7c0a
q1a73a5fa,d1b3ad8aa
q1a73a5fa,d1b391b6e
q1a73a5fa,d1b385a12
q1a73a5fa,d1a72d3f0
q1a72cbbc,d1b3182b4
q1a72cbbc,d1a72ccde
q1a72cbbc,d1b315816
q1a72cbbc,d1b398cac
q1a72cbbc,d1b320888
q1a72cbbc,d1b3c874a
q1a72cbbc,d1a7310a4
q1a72cbbc,d1b302c5c
q1a72cbbc,d1b35ce14
q1a72cbbc,d1b301456
q1a73bc8e,d1b36bb58
q1a73bc8e,d1b34b416
q1a73bc8e,d1b33cd08
q1a73bc8e,d1b321864
q1a73bc8e,d1b3c7098
q1a73bc8e,d1b374154
q1a73bc8e,d1b3c794e
q1a73bc8e,d1b394f12
q1a73bc8e,d1b31e6b4
q1a73bc8e,d1b3a734c
q1a7342ae,d1a734402
q1a7342ae,d1b399d28
q1a7342ae,d1b3b353e
q1a7342ae,d1b35e70a
q1a7342ae,d1b34cdfc
q1a7342ae,d1a73f2c6
q1a7342ae,d1b38224a
q1a7342ae,d1b35eb9c
q1a7342ae,d1b3c5702
q1a7342ae,d1b30c9a0
q1a74093c,d1b3764f4
q1a74093c,d1b2f0c14
q1a74093c,d1b35d1ac
q1a74093c,d1b37e38e
q1a74093c,d1b3a4dea
q1a74093c,d1b343144
q1a74093c,d1b324adc
q1a74093c,d1b398b80
q1a74093c,d1b3a9dd6
q1a74093c,d1a72c40a
q1a73f744,d1a71a278
q1a73f744,d1b3bb6f8
q1a73f744,d1b33ddac
q1a73f744,d1a72bce4
q1a73f744,d1b39c6ea
q1a73f744,d1b3b7c24
q1a73f744,d1b2ecc5e
q1a73f744,d1b36b5ae
q1a73f744,d1b345d9a
q1a73f744,d1b32a568
q1a71e602,d1a71e79c
q1a71e602,d1b3c1404
q1a71e602,d1b3bccba
q1a71e602,d1b37f428
q1a71e602,d1b33bd86
q1a71e602,d1b35a6c8
q1a71e602,d1b33f3be
q1a71e602,d1b346f9c
q1a71e602,d1b3ab7da
q1a71e602,d1b344bb6
q1a7228ec,d1b36b5ae
q1a7228ec,d1b30fc4a
q1a7228ec,d1a722a18
q1a7228ec,d1b33bd86
q1a7228ec,d1b35ea48
q1a7228ec,d1a722202
q1a7228ec,d1a73b248
q1a7228ec,d1b35e70a
q1a7228ec,d1b2ff9bc
q1a7228ec,d1b386b1a
q1a71598a,d1b2e83de
q1a71598a,d1b392abe
q1a71598a,d1b3182b4
q1a71598a,d1b3c2bce
q1a71598a,d1b3bbe96
q1a71598a,d1b2f6e52
q1a71598a,d1b30964c
q1a71598a,d1b2eb8cc
q1a71598a,d1b35fc90
q1a71598a,d1b33fdd2
q1a7178d4,d1a7179c4
q1a7178d4,d1b3441a2
q1a7178d4,d1b36c06c
q1a7178d4,d1b39b2d6
q1a7178d4,d1b3b7238
q1a7178d4,d1a73b248
q1a7178d4,d1b2e3c26
q1a7178d4,d1b3bccba
q1a7178d4,d1b303b70
q1a7178d4,d1b395b9c
q1a719be8,d1b3a7c2a
q1a719be8,d1b3c32cc
q1a719be8,d1b38835c
q1a719be8,d1b2fe95e
q1a719be8,d1b32e6c2
q1a719be8,d1b36ed08
q1a719be8,d1a72740a
q1a719be8,d1b352572
q1a719be8,d1b37f0ae
q1a719be8,d1b3453e0
q1a7279e6,d1a727b8a
q1a7279e6,d1b34cdfc
q1a7279e6,d1b3a7ef0
q1a7279e6,d1b32f496
q1a7279e6,d1b39ec7e
q1a7279e6,d1b3b8f0c
q1a7279e6,d1b30fc4a
q1a7279e6,d1b3247ee
q1a7279e6,d1b30e408
q1a7279e6,d1b312dd2
q1a72d8fa,d1b3b362e
q1a72d8fa,d1b3343ce
q1a72d8fa,d1a72d99a
q1a72d8fa,d1b388e88
q1a72d8fa,d1b2ef3dc
q1a72d8fa,d1b387d08
q1a72d8fa,d1b362436
q1a72d8fa,d1b3aad30
q1a72d8fa,d1b37721e
q1a72d8fa,d1b2e74c0
q1a72be42,d1b360230
q1a72be42,d1b38cee8
q1a72be42,d1a72bf32
q1a72be42,d1b3489dc
q1a72be42,d1b3affd8
q1a72be42,d1b30252c
q1a72be42,d1a7118d0
q1a72be42,d1b3b69d2
q1a72be42,d1b337c7c
q1a72be42,d1b39b222
q1a71f70a,d1b370946
q1a71f70a,d1b315d84
q1a71f70a,d1b3b6d7e
q1a71f70a,d1b3345c2
q1a71f70a,d1b30755e
q1a71f70a,d1b33ec7a
q1a71f70a,d1b370540
q1a71f70a,d1b3be84e
q1a71f70a,d1b3a84d6
q1a71f70a,d1b375054
q1a72702c,d1a7337aa
q1a72702c,d1b3c5a04
q1a72702c,d1b33db86
q1a72702c,d1b378880
q1a72702c,d1b2f65ce
q1a72702c,d1a7138d8
q1a72702c,d1b386c5a
q1a72702c,d1b33a76a
q1a72702c,d1b380a62
q1a72702c,d1b34d946
q1a740892,d1b398b80
q1a740892,d1b364362
q1a740892,d1b36df98
q1a740892,d1b347b86
q1a740892,d1b3ab8fc
q1a740892,d1b344f08
q1a740892,d1b3387a8
q1a740892,d1b3872f4
q1a740892,d1b313944
q1a740892,d1b322700
q1a725cb8,d1a725d26
q1a725cb8,d1b3a1e2e
q1a725cb8,d1b2f2c94
q1a725cb8,d1b30f236
q1a725cb8,d1a71b272
q1a725cb8,d1b38b0de
q1a725cb8,d1b2e7858
q1a725cb8,d1b33ddac
q1a725cb8,d1b2ecc5e
q1a725cb8,d1b2ed74e
q1a73295e,d1b37543c
q1a73295e,d1b30e5d4
q1a73295e,d1b362b70
q1a73295e,d1b2f0886
q1a73295e,d1b2f9a8a
q1a73295e,d1b3a9a7a
q1a73295e,d1b3ba6ae
q1a73295e,d1b37a252
q1a73295e,d1a71f7d2
q1a73295e,d1b3bf370
q1a73cbca,d1a73ccc4
q1a73cbca,d1b31bec8
q1a73cbca,d1b359084
q1a73cbca,d1b3ac22a
q1a73cbca,d1b34b52e
q1a73cbca,d1b2e9ab8
q1a73cbca,d1b32775a
q1a73cbca,d1b34a034
q1a73cbca,d1b2f65ce
q1a73cbca,d1b342c1c
q1a7233aa,d1a741bd4
q1a7233aa,d1a740c66
q1a7233aa,d1b39034a
q1a7233aa,d1b36ed08
q1a7233aa,d1a7285e4
q1a7233aa,d1a7233f0
q1a7233aa,d1b356622
q1a7233aa,d1b2e2632
q1a7233aa,d1b3b7f94
q1a7233aa,d1a71df22
q1a723e18,d1b35b7bc
q1a723e18,d1b3a7932
q1a723e18,d1a72c19e
q1a723e18,d1b36fa96
q1a723e18,d1b3abcb2
q1a723e18,d1b31137e
q1a723e18,d1b371d0a
q1a723e18,d1b3061a4
q1a723e18,d1a71e1e8
q1a723e18,d1a720542
q1a73e2c2,d1a73e402
q1a73e2c2,d1b355ee8
q1a73e2c2,d1b3c1ada
q1a73e2c2,d1b36a532
q1a73e2c2,d1b3c865a
q1a73e2c2,d1b33a3fa
q1a73e2c2,d1b338e56
q1a73e2c2,d1b2f5e76
q1a73e2c2,d1b2fbe34
q1a73e2c2,d1b39fa5c
q1a72a056,d1a72a0ce
q1a72a056,d1a7419cc
q1a72a056,d1b3a2ac2
q1a72a056,d1b3c31be
q1a72a056,d1b2e9cc0
q1a72a056,d1a720a88
q1a72a056,d1b3294d8
q1a72a056,d1b2e2d26
q1a72a056,d1b38ccb8
q1a72a056,d1a7289ae
q1a72db8e,d1b3c743a
q1a72db8e,d1b31fef6
q1a72db8e,d1b374d48
q1a72db8e,d1b36b914
q1a72db8e,d1b36de6c
q1a72db8e,d1b37796c
q1a72db8e,d1b324168
q1a72db8e,d1b3791b8
q1a72db8e,d1b39624a
q1a72db8e,d1b36f0dc
q1a73b3ce,d1b344968
q1a73b3ce,d1b2f0d72
q1a73b3ce,d1a73b46e
q1a73b3ce,d1b334e28
q1a73b3ce,d1b3b2ad0
q1a73b3ce,d1b39d34c
q1a73b3ce,d1b2f4418
q1a73b3ce,d1b34e18e
q1a73b3ce,d1b38d0fa
q1a73b3ce,d1b364542
q1a723b34,d1b375874
q1a723b34,d1b3af34e
q1a723b34,d1b337e84
q1a723b34,d1a723c42
q1a723b34,d1b359674
q1a723b34,d1b31f2e4
q1a723b34,d1b377e58
q1a723b34,d1b3554b6
q1a723b34,d1b2f3a5e
q1a723b34,d1b36fe9c
q1a7176ea,d1b369c7c
q1a7176ea,d1b344bb6
q1a7176ea,d1b33f3be
q1a7176ea,d1b32c020
q1a7176ea,d1b352572
q1a7176ea,d1a736054
q1a7176ea,d1b36b180
q1a7176ea,d1b3287ae
q1a7176ea,d1b38a288
q1a7176ea,d1a723a30
q1a741ac6,d1a741bd4
q1a741ac6,d1b300a4c
q1a741ac6,d1a7285e4
q1a741ac6,d1a73ad20
q1a741ac6,d1b33f274
q1a741ac6,d1b356622
q1a741ac6,d1b2e2632
q1a741ac6,d1b3aa1a0
q1a741ac6,d1a71df22
q1a741ac6,d1b3a59ca
q1a7258bc,d1b351974
q1a7258bc,d1a725a2e
q1a7258bc,d1b3682d2
q1a7258bc,d1b2f9fbc
q1a7258bc,d1a735816
q1a7258bc,d1b302f4a
q1a7258bc,d1b35cf86
q1a7258bc,d1b345ac0
q1a7258bc,d1b386e80
q1a7258bc,d1b2ee676
q1a722496,d1b3c5a04
q1a722496,d1b33db86
q1a722496,d1b3310c0
q1a722496,d1b327aa2
q1a722496,d1b31b2e8
q1a722496,d1b303102
q1a722496,d1b3a31ca
q1a722496,d1b2e7bb4
q1a722496,d1b3b4ac4
q1a722496,d1b3c77f0
q1a739ace,d1b35bf96
q1a739ace,d1a739b32
q1a739ace,d1a72d99a
q1a739ace,d1b2fcdd4
q1a739ace,d1b376936
q1a739ace,d1b3610c2
q1a739ace,d1b2fa340
q1a739ace,d1b2e74c0
q1a739ace,d1b3343ce
q1a739ace,d1b3712f6
q1a737698,d1b37543c
q1a737698,d1b30e5d4
q1a737698,d1b2f0886
q1a737698,d1a7376e8
q1a737698,d1b3bf370
q1a737698,d1b2e92ac
q1a737698,d1b362b70
q1a737698,d1b3611a8
q1a737698,d1b3ba6ae
q1a737698,d1b337650
q1a713bd0,d1b332632
q1a713bd0,d1b3172c4
q1a713bd0,d1b3a9868
q1a713bd0,d1a72e818
q1a713bd0,d1b2f76d6
q1a713bd0,d1b32c020
q1a713bd0,d1b3aaa1a
q1a713bd0,d1b39d888
q1a713bd0,d1b399d28
q1a713bd0,d1b34fe9e
q1a726cda,d1b31d8ae
q1a726cda,d1b38ba70
q1a726cda,d1b3967cc
q1a726cda,d1b3920a0
q1a726cda,d1b3391b2
q1a726cda,d1b3c842a
q1a726cda,d1b33a846
q1a726cda,d1b3b82e6
q1a726cda,d1b3af434
q1a726cda,d1b3b0226
q1a729f98,d1a72a0ce
q1a729f98,d1b3af8f8
q1a729f98,d1b3ba9b0
q1a729f98,d1a727e1e
q1a729f98,d1b36e98e
q1a729f98,d1b38e05e
q1a729f98,d1b38439c
q1a729f98,d1a73d426
q1a729f98,d1b365e2e
q1a729f98,d1a731ff4
q1a717b0e,d1a717c44
q1a717b0e,d1b33d9ba
q1a717b0e,d1b33ba66
q1a717b0e,d1b359e3a
q1a717b0e,d1b2e585a
q1a717b0e,d1a72ba82
q1a717b0e,d1b323290
q1a717b0e,d1b3782ea
q1a717b0e,d1b39c5b4
q1a717b0e,d1b38301e
q1a73eaec,d1b39417a
q1a73eaec,d1b3af812
q1a73eaec,d1b3a60dc
q1a73eaec,d1b363ea8
q1a73eaec,d1b3aad30
q1a73eaec,d1a71f7d2
q1a73eaec,d1b38e284
q1a73eaec,d1b2ee16c
q1a73eaec,d1b3be84e
q1a73eaec,d1b3a9a7a
q1a73b734,d1b36ae1a
q1a73b734,d1b307b12
q1a73b734,d1b2e387a
q1a73b734,d1a7237ce
q1a73b734,d1a73d19c
q1a73b734,d1b395502
q1a73b734,d1b31ae60
q1a73b734,d1b2f345a
q1a73b734,d1b2f81f8
q1a73b734,d1a739e3e
q1a72b956,d1b2f9698
q1a72b956,d1b2ebe26
q1a72b956,d1b352c70
q1a72b956,d1b3bfd5c
q1a72b956,d1b353c42
q1a72b956,d1a72ba82
q1a72b956,d1b30687a
q1a72b956,d1b393522
q1a72b956,d1b36ec4a
q1a72b956,d1b3469e8
q1a72e32c,d1b3b3926
q1a72e32c,d1b3974ce
q1a72e32c,d1b2f4e5e
q1a72e32c,d1b3963b2
q1a72e32c,d1b341a38
q1a72e32c,d1b2f27da
q1a72e32c,d1b39b79a
q1a72e32c,d1b3890d6
q1a72e32c,d1b3946fc
q1a72e32c,d1b3b9c72
q1a739f60,d1b3b96f0
q1a739f60,d1b321094
q1a739f60,d1b3879b6
q1a739f60,d1b394044
q1a739f60,d1a714cd8
q1a739f60,d1b384266
q1a739f60,d1b39d63a
q1a739f60,d1a71a278
q1a739f60,d1b3710bc
q1a739f60,d1a73a08c
q1a71e6e8,d1b3a407a
q1a71e6e8,d1b38d9ec
q1a71e6e8,d1b2fa4da
q1a71e6e8,d1b369c7c
q1a71e6e8,d1b37f428
q1a71e6e8,d1b39ed82
q1a71e6e8,d1b32f57c
q1a71e6e8,d1b373e48
q1a71e6e8,d1b33319a
q1a71e6e8,d1a71dd10
q1a736e6e,d1a736f40
q1a736e6e,d1b38346a
q1a736e6e,d1b2f5a7a
q1a736e6e,d1b35115e
q1a736e6e,d1b326724
q1a736e6e,d1b3150c8
q1a736e6e,d1b39b8f8
q1a736e6e,d1b3a6fa0
q1a736e6e,d1b2f0c14
q1a736e6e,d1b33c8d0
q1a73483a,d1b36136a
q1a73483a,d1b391a42
q1a73483a,d1b3a0f92
q1a73483a,d1b3a9868
q1a73483a,d1b3c4d8e
q1a73483a,d1b391c4a
q1a73483a,d1b3172c4
q1a73483a,d1b34adcc
q1a73483a,d1a734894
q1a73483a,d1b3abdac
q1a71d964,d1a71da5e
q1a71d964,d1b39c2ee
q1a71d964,d1b39f390
q1a71d964,d1b3a12a8
q1a71d964,d1b336278
q1a71d964,d1b31c9e0
q1a71d964,d1b3aeb92
q1a71d964,d1b36fdf2
q1a71d964,d1b30894a
q1a71d964,d1b395502
q1a71a674,d1b34befc
q1a71a674,d1b368c82
q1a71a674,d1b37336c
q1a71a674,d1b2fcdd4
q1a71a674,d1a73a852
q1a71a674,d1b323290
q1a71a674,d1b2fe508
q1a71a674,d1b2fcf50
q1a71a674,d1a740c66
q1a71a674,d1b3052cc
q1a7121d6,d1b33d05a
q1a7121d6,d1b2e373a
q1a7121d6,d1b3274f8
q1a7121d6,d1a715322
q1a7121d6,d1b378560
q1a7121d6,d1b31bdce
q1a7121d6,d1a7122a8
q1a7121d6,d1b2eca42
q1a7121d6,d1b39b79a
q1a7121d6,d1a7322b0
q1a713edc,d1b3bdaa2
q1a713edc,d1b35493a
q1a713edc,d1b338c9e
q1a713edc,d1b395eee
q1a713edc,d1b369c7c
q1a713edc,d1a7310a4
q1a713edc,d1b34d45a
q1a713edc,d1b33cd08
q1a713edc,d1b38fc38
q1a713edc,d1b3c6a8a
q1a7124ba,d1b2fb63c
q1a7124ba,d1b35e44e
q1a7124ba,d1a712532
q1a7124ba,d1b3a8f4e
q1a7124ba,d1b373268
q1a7124ba,d1b332740
q1a7124ba,d1b332380
q1a7124ba,d1b33b2f0
q1a7124ba,d1a716c9a
q1a7124ba,d1b3805b2
q1a72ad30,d1b3c1ada
q1a72ad30,d1b332c22
q1a72ad30,d1b2f9daa
q1a72ad30,d1b376800
q1a72ad30,d1b32a568
q1a72ad30,d1b391722
q1a72ad30,d1b33959a
q1a72ad30,d1b35ea48
q1a72ad30,d1b369c7c
q1a72ad30,d1b3a7068
q1a73ef60,d1a73f046
q1a73ef60,d1b324532
q1a73ef60,d1b324d98
q1a73ef60,d1b3aefe8
q1a73ef60,d1b36a1e0
q1a73ef60,d1b3b9c72
q1a73ef60,d1b3b92ea
q1a73ef60,d1b373f4c
q1a73ef60,d1a73ba68
q1a73ef60,d1b347e60
q1a71fb60,d1b39616e
q1a71fb60,d1b3975be
q1a71fb60,d1b32a162
q1a71fb60,d1b3757ac
q1a71fb60,d1b305c90
q1a71fb60,d1b3aa42a
q1a71fb60,d1b375932
q1a71fb60,d1a71fc46
q1a71fb60,d1a73899e
q1a71fb60,d1b358efe
q1a734f74,d1a735078
q1a734f74,d1b31b40a
q1a734f74,d1b3309ea
q1a734f74,d1b364d08
q1a734f74,d1b3b308e
q1a734f74,d1b32b54e
q1a734f74,d1a7331d8
q1a734f74,d1b32cc6e
q1a734f74,d1b2e46e4
q1a734f74,d1b3a9052
q1a72d3b4,d1a732a94
q1a72d3b4,d1b3c19d6
q1a72d3b4,d1b39a084
q1a72d3b4,d1a71f7d2
q1a72d3b4,d1a72d3f0
q1a72d3b4,d1b34e18e
q1a72d3b4,d1b30e5d4
q1a72d3b4,d1b37543c
q1a72d3b4,d1b31bba8
q1a72d3b4,d1b374672
q1a7284ea,d1b39034a
q1a7284ea,d1a7285e4
q1a7284ea,d1b3a59ca
q1a7284ea,d1b2e2632
q1a7284ea,d1a741bd4
q1a7284ea,d1b300a4c
q1a7284ea,d1b3b97e0
q1a7284ea,d1b36ed08
q1a7284ea,d1b2ef3dc
q1a7284ea,d1b35f9d4
q1a73be82,d1b341db2
q1a73be82,d1b2edfd2
q1a73be82,d1b34d5f4
q1a73be82,d1a73bfc2
q1a73be82,d1a7334da
q1a73be82,d1a71b628
q1a73be82,d1b3abe92
q1a73be82,d1b35575e
q1a73be82,d1b382eac
q1a73be82,d1b3a3eb8
q1a716c22,d1b386d40
q1a716c22,d1a7310a4
q1a716c22,d1a716c9a
q1a716c22,d1b3aa4de
q1a716c22,d1b3856e8
q1a716c22,d1b396510
q1a716c22,d1b373038
q1a716c22,d1a738d04
q1a716c22,d1b2fb4a2
q1a716c22,d1b366e96
q1a73ed44,d1b36375a
q1a73ed44,d1b305416
q1a73ed44,d1a73ee34
q1a73ed44,d1b3408c2
q1a73ed44,d1b39af66
q1a73ed44,d1b3be6fa
q1a73ed44,d1b37b0da
q1a73ed44,d1b3a0baa
q1a73ed44,d1b323290
q1a73ed44,d1b33b818
q1a712258,d1b34e18e
q1a712258,d1a7122a8
q1a712258,d1b2eca42
q1a712258,d1b3a1794
q1a712258,d1a713f36
q1a712258,d1b3a2568
q1a712258,d1b2f208c
q1a712258,d1b33d05a
q1a712258,d1b3947f6
q1a712258,d1b2ebf84
q1a735faa,d1b32e01e
q1a735faa,d1a734402
q1a735faa,d1b38716e
q1a735faa,d1b2e225e
q1a735faa,d1b366568
q1a735faa,d1b399d28
q1a735faa,d1b34cdfc
q1a735faa,d1b369c7c
q1a735faa,d1b377142
q1a735faa,d1b38224a
q1a729fd4,d1b3a2ac2
q1a729fd4,d1a72a0ce
q1a729fd4,d1b32d7cc
q1a729fd4,d1b35446c
q1a729fd4,d1b3b353e
q1a729fd4,d1b34a598
q1a729fd4,d1a7183ce
q1a729fd4,d1a7419cc
q1a729fd4,d1b306aa0
q1a729fd4,d1b2ef3dc
q1a741094,d1a7411b6
q1a741094,d1b34a48a
q1a741094,d1b30a074
q1a741094,d1b36901a
q1a741094,d1b31f212
q1a741094,d1a73a424
q1a741094,d1b3890d6
q1a741094,d1b351bc2
q1a741094,d1b36d8ae
q1a741094,d1a712ec4
q1a7388d6,d1a73899e
q1a7388d6,d1b33add2
q1a7388d6,d1b3b5f14
q1a7388d6,d1b368c82
q1a7388d6,d1a721fa0
q1a7388d6,d1b3381ea
q1a7388d6,d1b351a3c
q1a7388d6,d1b393298
q1a7388d6,d1b3052cc
q1a7388d6,d1b36f5aa
q1a717410,d1b34befc
q1a717410,d1b384e32
q1a717410,d1b376800
q1a717410,d1b3b0226
q1a717410,d1b3967cc
q1a717410,d1b33f274
q1a717410,d1b3ac770
q1a717410,d1b3b1ebe
q1a717410,d1b35fb64
q1a717410,d1b31a1cc
q1a72c324,d1b38878a
q1a72c324,d1b2ef24c
q1a72c324,d1b352c70
q1a72c324,d1b31cd64
q1a72c324,d1b38706a
q1a72c324,d1b3203ce
q1a72c324,d1b372106
q1a72c324,d1b36ec4a
q1a72c324,d1b353c42
q1a72c324,d1b30af92
q1a737cce,d1b390570
q1a737cce,d1b337a92
q1a737cce,d1b3c2c78
q1a737cce,d1a737d96
q1a737cce,d1b2e4c34
q1a737cce,d1b3c1bb6
q1a737cce,d1b3c7a70
q1a737cce,d1b3b3336
q1a737cce,d1b39e22e
q1a737cce,d1a72a358
q1a7154d0,d1b3238b2
q1a7154d0,d1b36b914
q1a7154d0,d1b3a2fb8
q1a7154d0,d1b31fef6
q1a7154d0,d1b374d48
q1a7154d0,d1b30c7f2
q1a7154d0,d1b36de6c
q1a7154d0,d1b35e57a
q1a7154d0,d1b362116
q1a7154d0,d1b39624a
q1a7347e0,d1b391a42
q1a7347e0,d1b36136a
q1a7347e0,d1b391c4a
q1a7347e0,d1b3a9868
q1a7347e0,d1b3ba7a8
q1a7347e0,d1b3a0f92
q1a7347e0,d1b34adcc
q1a7347e0,d1b3172c4
q1a7347e0,d1b2e8b36
q1a7347e0,d1a734894
q1a71837e,d1a7183ce
q1a71837e,d1b34a598
q1a71837e,d1b3b353e
q1a71837e,d1a711fd8
q1a71837e,d1b32be18
q1a71837e,d1b35446c
q1a71837e,d1b306aa0
q1a71837e,d1b34b31c
q1a71837e,d1b36cf58
q1a71837e,d1b381688
q1a722144,d1b386b1a
q1a722144,d1a722202
q1a722144,d1a73b248
q1a722144,d1b36b5ae
q1a722144,d1b35e70a
q1a722144,d1b39b222
q1a722144,d1b35ea48
q1a722144,d1a7118d0
q1a722144,d1b354d0e
q1a722144,d1b337c7c
q1a71656a,d1a7166dc
q1a71656a,d1b32ae78
q1a71656a,d1b34cec4
q1a71656a,d1b3849b4
q1a71656a,d1b376fda
q1a71656a,d1b2f5688
q1a71656a,d1b3450d4
q1a71656a,d1b364844
q1a71656a,d1b2e74c0
q1a71656a,d1b368c82
q1a724b4c,d1b37640e
q1a724b4c,d1b342c1c
q1a724b4c,d1b3c0c84
q1a724b4c,d1b37dfd8
q1a724b4c,d1b32cade
q1a724b4c,d1b35cb8a
q1a724b4c,d1b39ca32
q1a724b4c,d1a731748
q1a724b4c,d1b351dca
q1a724b4c,d1b32ddbc
q1a713e28,d1b2e373a
q1a713e28,d1a713f36
q1a713e28,d1b35c9dc
q1a713e28,d1b385a12
q1a713e28,d1b355d9e
q1a713e28,d1b33d05a
q1a713e28,d1a715322
q1a713e28,d1b39b79a
q1a713e28,d1b378560
q1a713e28,d1b2f208c
q1a73df8e,d1b32c020
q1a73df8e,d1a7218e8
q1a73df8e,d1b2e225e
q1a73df8e,d1b38b976
q1a73df8e,d1b3c2e58
q1a73df8e,d1b3797e4
q1a73df8e,d1b349b3e
q1a73df8e,d1b2fe26a
q1a73df8e,d1b379906
q1a73df8e,d1b38716e
q1a72b5aa,d1b38878a
q1a72b5aa,d1b31ad02
q1a72b5aa,d1b301456
q1a72b5aa,d1b33382a
q1a72b5aa,d1a71e1e8
q1a72b5aa,d1b36bf9a
q1a72b5aa,d1b38346a
q1a72b5aa,d1b35881e
q1a72b5aa,d1b3a9a7a
q1a72b5aa,d1b39f78c
q1a72af9c,d1a72b046
q1a72af9c,d1b3127ec
q1a72af9c,d1b38ad82
q1a72af9c,d1b35e2be
q1a72af9c,d1b34d946
q1a72af9c,d1a739e3e
q1a72af9c,d1b31d1f6
q1a72af9c,d1b34befc
q1a72af9c,d1b336fb6
q1a72af9c,d1b3667ac
q1a726a28,d1b37f428
q1a726a28,d1a726af0
q1a726a28,d1b355ccc
q1a726a28,d1b3c0eaa
q1a726a28,d1b32360a
q1a726a28,d1b365e2e
q1a726a28,d1b387d08
q1a726a28,d1b317dd2
q1a726a28,d1b2fa908
q1a726a28,d1a71a4e4
q1a7393a8,d1a739434
q1a7393a8,d1b39f174
q1a7393a8,d1a732ce2
q1a7393a8,d1b30842c
q1a7393a8,d1b3173d2
q1a7393a8,d1a731ff4
q1a7393a8,d1b37bc24
q1a7393a8,d1b31f082
q1a7393a8,d1b3c8146
q1a7393a8,d1a7290b6
q1a72cc16,d1a72ccde
q1a72cc16,d1b3b5438
q1a72cc16,d1b2ea2ec
q1a72cc16,d1b3505c4
q1a72cc16,d1b35ede0
q1a72cc16,d1b347e60
q1a72cc16,d1b349d0a
q1a72cc16,d1a715a70
q1a72cc16,d1b3b17e8
q1a72cc16,d1b3c4b36
q1a713108,d1a7218e8
q1a713108,d1b30f236
q1a713108,d1b38b976
q1a713108,d1b2e96b2
q1a713108,d1b3c5d24
q1a713108,d1b3879b6
q1a713108,d1b379906
q1a713108,d1b32c020
q1a713108,d1b3a197e
q1a713108,d1b2e225e
q1a72070e,d1a72083a
q1a72070e,d1b360794
q1a72070e,d1b3507e0
q1a72070e,d1b3278c2
q1a72070e,d1b309a8e
q1a72070e,d1b3225a2
q1a72070e,d1a72ccde
q1a72070e,d1b33472a
q1a72070e,d1b3300b2
q1a72070e,d1b39a084
q1a714be8,d1b329dc0
q1a714be8,d1b321094
q1a714be8,d1b2ecdee
q1a714be8,d1b313dcc
q1a714be8,d1b389496
q1a714be8,d1b2fa908
q1a714be8,d1a714cd8
q1a714be8,d1b31b73e
q1a714be8,d1b3a7c2a
q1a714be8,d1b36a6ae
q1a71b10a,d1b360230
q1a71b10a,d1b30252c
q1a71b10a,d1b38cee8
q1a71b10a,d1a72bf32
q1a71b10a,d1b337c7c
q1a71b10a,d1b3affd8
q1a71b10a,d1a7118d0
q1a71b10a,d1b3489dc
q1a71b10a,d1b3ba7a8
q1a71b10a,d1b3b69d2
q1a7163e4,d1a716452
q1a7163e4,d1b341b5a
q1a7163e4,d1b3c278c
q1a7163e4,d1b37a7a2
q1a7163e4,d1b30240a
q1a7163e4,d1b2fc294
q1a7163e4,d1b35a9fc
q1a7163e4,d1b304548
q1a7163e4,d1b3a2e78
q1a7163e4,d1b3929ec
q1a73d64c,d1b389ca2
q1a73d64c,d1b3a3652
q1a73d64c,d1b344968
q1a73d64c,d1b346f9c
q1a73d64c,d1b334e28
q1a73d64c,d1b3970fa
q1a73d64c,d1b39eb34
q1a73d64c,d1b385c38
q1a73d64c,d1b3b4394
q1a73d64c,d1b36d8ae
q1a726a82,d1a726af0
q1a726a82,d1a723a30
q1a726a82,d1b355ccc
q1a726a82,d1b37dcae
q1a726a82,d1b330e7c
q1a726a82,d1b31ce72
q1a726a82,d1b365e2e
q1a726a82,d1b37f428
q1a726a82,d1b3287ae
q1a726a82,d1b357bda
q1a723ef4,d1b3a9174
q1a723ef4,d1b2fc7bc
q1a723ef4,d1b36fa96
q1a723ef4,d1b3495da
q1a723ef4,d1a72c19e
q1a723ef4,d1b2f9a8a
q1a723ef4,d1b315a5a
q1a723ef4,d1b30f754
q1a723ef4,d1b33c48e
q1a723ef4,d1b3061a4
q1a72e0f2,d1b3a7c2a
q1a72e0f2,d1b31fa28
q1a72e0f2,d1b3a1e2e
q1a72e0f2,d1b39d270
q1a72e0f2,d1b313dcc
q1a72e0f2,d1b3270fc
q1a72e0f2,d1a727b8a
q1a72e0f2,d1b31b73e
q1a72e0f2,d1b34ffca
q1a72e0f2,d1b3a02e0
q1a725010,d1b30ec14
q1a725010,d1b3adc10
q1a725010,d1b3bacc6
q1a725010,d1b36065e
q1a725010,d1b3a6fa0
q1a725010,d1b390908
q1a725010,d1b2e373a
q1a725010,d1a71fa20
q1a725010,d1b30f754
q1a725010,d1b39c5b4
q1a71d504,d1b39e53a
q1a71d504,d1b344a30
q1a71d504,d1b34db9e
q1a71d504,d1b342d3e
q1a71d504,d1b328bdc
q1a71d504,d1a740f04
q1a71d504,d1a73f564
q1a71d504,d1b3b3c00
q1a71d504,d1b3520ea
q1a71d504,d1b2ff9bc
q1a7325da,d1a7326f2
q1a7325da,d1b350100
q1a7325da,d1a727e1e
q1a7325da,d1b30edb8
q1a7325da,d1b376800
q1a7325da,d1b2eb728
q1a7325da,d1b34f3a4
q1a7325da,d1b390430
q1a7325da,d1b2f8c2a
q1a7325da,d1a72ad94
q1a723382,d1a7233f0
q1a723382,d1b3b65b8
q1a723382,d1b395cd2
q1a723382,d1b31c378
q1a723382,d1b356622
q1a723382,d1b3b4f4c
q1a723382,d1b2f72a8
q1a723382,d1b35f9d4
q1a723382,d1b36ed08
q1a723382,d1b3b97e0
q1a7351c2,d1b2f345a
q1a7351c2,d1b3a8756
q1a7351c2,d1b3970fa
q1a7351c2,d1a735294
q1a7351c2,d1b398cac
q1a7351c2,d1a71fa20
q1a7351c2,d1a73cf94
q1a7351c2,d1a724e76
q1a7351c2,d1b30ab0a
q1a7351c2,d1b38404a
q1a7336d8,d1b301ca8
q1a7336d8,d1b3336c2
q1a7336d8,d1b2fc294
q1a7336d8,d1b380a62
q1a7336d8,d1b31b2e8
q1a7336d8,d1b2f3144
q1a7336d8,d1b3929ec
q1a7336d8,d1a7138d8
q1a7336d8,d1a7270c2
q1a7336d8,d1b3bfb40
q1a719c4c,d1a719d6e
q1a719c4c,d1a72c19e
q1a719c4c,d1b36ac94
q1a719c4c,d1b3abcb2
q1a719c4c,d1b3a7932
q1a719c4c,d1b2f345a
q1a719c4c,d1b3bb81a
q1a719c4c,d1a724e76
q1a719c4c,d1b3c36a0
q1a719c4c,d1b315d84
q1a725290,d1a7253e4
q1a725290,d1a72ccde
q1a725290,d1b337c7c
q1a725290,d1b3affd8
q1a725290,d1b320888
q1a725290,d1b315816
q1a725290,d1b3182b4
q1a725290,d1b3c7cfa
q1a725290,d1b35c64e
q1a725290,d1b31bba8
q1a7140ee,d1a714224
q1a7140ee,d1a719738
q1a7140ee,d1b370248
q1a7140ee,d1b351262
q1a7140ee,d1b36c206
q1a7140ee,d1b30f236
q1a7140ee,d1b39b8f8
q1a7140ee,d1b375054
q1a7140ee,d1b36065e
q1a7140ee,d1a715322
q1a7186da,d1b374582
q1a7186da,d1b3bd19c
q1a7186da,d1b39bad8
q1a7186da,d1b3a8bde
q1a7186da,d1b37b562
q1a7186da,d1b2fbfce
q1a7186da,d1b3ae124
q1a7186da,d1b2edfd2
q1a7186da,d1a732ce2
q1a7186da,d1b325d42
q1a73030c,d1b3967cc
q1a73030c,d1a7303b6
q1a73030c,d1b3b0226
q1a73030c,d1b381584
q1a73030c,d1b31d8ae
q1a73030c,d1b3391b2
q1a73030c,d1b3b82e6
q1a73030c,d1b363cfa
q1a73030c,d1b3c7ed0
q1a73030c,d1b306bae
q1a741148,d1a7411b6
q1a741148,d1b31f42e
q1a741148,d1b3c6a8a
q1a741148,d1b39a7e6
q1a741148,d1b36f4e2
q1a741148,d1b318516
q1a741148,d1b3879b6
q1a741148,d1b2e1e08
q1a741148,d1b3c6bc0
q1a741148,d1b2f2a1e
q1a722dd8,d1a722f4a
q1a722dd8,d1b362d1e
q1a722dd8,d1b3b46be
q1a722dd8,d1b31aff0
q1a722dd8,d1b3b2760
q1a722dd8,d1b357d56
q1a722dd8,d1b33eefa
q1a722dd8,d1b38eae0
q1a722dd8,d1b343a22
q1a722dd8,d1b38b20a
q1a711eac,d1a711fd8
q1a711eac,d1b315a5a
q1a711eac,d1a7183ce
q1a711eac,d1a72c19e
q1a711eac,d1b3238b2
q1a711eac,d1a72bce4
q1a711eac,d1b3926d6
q1a711eac,d1b353dd2
q1a711eac,d1b338bcc
q1a711eac,d1b390fa2
q1a73c698,d1a73c7c4
q1a73c698,d1b35446c
q1a73c698,d1b3b353e
q1a73c698,d1b34bfec
q1a73c698,d1b3c865a
q1a73c698,d1b39dacc
q1a73c698,d1b306aa0
q1a73c698,d1b3b9038
q1a73c698,d1b31d1f6
q1a73c698,d1b369c7c
q1a72db02,d1b3bd598
q1a72db02,d1b37796c
q1a72db02,d1a72dc10
q1a72db02,d1b34e29c
q1a72db02,d1a73f79e
q1a72db02,d1b30c09a
q1a72db02,d1a738764
q1a72db02,d1b3b4f4c
q1a72db02,d1b36f0dc
q1a72db02,d1b35e57a
q1a721a28,d1b324bcc
q1a721a28,d1b38a148
q1a721a28,d1a721b22
q1a721a28,d1b30f236
q1a721a28,d1b3ab294
q1a721a28,d1b37b562
q1a721a28,d1b35ede0
q1a721a28,d1a734aec
q1a721a28,d1b347d5c
q1a721a28,d1b3287ae
q1a73b342,d1a731c70
q1a73b342,d1b3a4c0a
q1a73b342,d1a73b46e
q1a73b342,d1b2f4418
q1a73b342,d1b2f0d72
q1a73b342,d1a713f36
q1a73b342,d1b3c06da
q1a73b342,d1b3c19d6
q1a73b342,d1a73cf94
q1a73b342,d1b34e18e
q1a7251fa,d1b32a2ac
q1a7251fa,d1b33ddac
q1a7251fa,d1b2ecc5e
q1a7251fa,d1b346902
q1a7251fa,d1b3441a2
q1a7251fa,d1b386e80
q1a7251fa,d1b303a08
q1a7251fa,d1b38257e
q1a7251fa,d1b2fcf50
q1a7251fa,d1a72949e
q1a71fe1c,d1b2f1524
q1a71fe1c,d1a71febc
q1a71fe1c,d1b32ff9a
q1a71fe1c,d1b2eca42
q1a71fe1c,d1b3274f8
q1a71fe1c,d1b313bc4
q1a71fe1c,d1b3a6d3e
q1a71fe1c,d1a718d56
q1a71fe1c,d1b39e774
q1a71fe1c,d1b3a1794
q1a739ce0,d1a712532
q1a739ce0,d1b378b82
q1a739ce0,d1b32d4b6
q1a739ce0,d1b3201e4
q1a739ce0,d1b2fc690
q1a739ce0,d1b34e3dc
q1a739ce0,d1b3085c6
q1a739ce0,d1b328920
q1a739ce0,d1a739e3e
q1a739ce0,d1b38fc38
q1a717686,d1b346114
q1a717686,d1b3bccba
q1a717686,d1b369c7c
q1a717686,d1b364ee8
q1a717686,d1b33f166
q1a717686,d1b33f3be
q1a717686,d1b311c48
q1a717686,d1b35a6c8
q1a717686,d1b326508
q1a717686,d1b33ca56
q1a73ff14,d1b3b5ad2
q1a73ff14,d1a73ffe6
q1a73ff14,d1b3ba9b0
q1a73ff14,d1b39f78c
q1a73ff14,d1b32921c
q1a73ff14,d1b3ab294
q1a73ff14,d1b38d9ec
q1a73ff14,d1b37bddc
q1a73ff14,d1b3b229c
q1a73ff14,d1b359a84
q1a713752,d1b380a62
q1a713752,d1a7138d8
q1a713752,d1b34d946
q1a713752,d1b3c5a04
q1a713752,d1b308d82
q1a713752,d1b379f64
q1a713752,d1a7270c2
q1a713752,d1b2f65ce
q1a713752,d1b3b497a
q1a713752,d1b348cde
q1a726c80,d1b3791b8
q1a726c80,d1b3af434
q1a726c80,d1b3b4f4c
q1a726c80,d1b3b7238
q1a726c80,d1b36b914
q1a726c80,d1b3304fe
q1a726c80,d1b363cfa
q1a726c80,d1b330422
q1a726c80,d1b35e57a
q1a726c80,d1b335418
q1a73730a,d1a73744a
q1a73730a,d1b3336c2
q1a73730a,d1b3a49c6
q1a73730a,d1b3a60dc
q1a73730a,d1b3573f6
q1a73730a,d1b3a9f84
q1a73730a,d1a71aebc
q1a73730a,d1b3a3364
q1a73730a,d1b3b2760
q1a73730a,d1b363336
q1a71e0b2,d1a71e1e8
q1a71e0b2,d1a7340d8
q1a71e0b2,d1b3bf28a
q1a71e0b2,d1b3061a4
q1a71e0b2,d1b3712f6
q1a71e0b2,d1b2ee16c
q1a71e0b2,d1b38f3c8
q1a71e0b2,d1b3597d2
q1a71e0b2,d1b361c98
q1a71e0b2,d1b2e6264
q1a732990,d1b37543c
q1a732990,d1a732a94
q1a732990,d1b362b70
q1a732990,d1b30e5d4
q1a732990,d1b3bf370
q1a732990,d1b3ba6ae
q1a732990,d1b35be06
q1a732990,d1a7237ce
q1a732990,d1b32bf12
q1a732990,d1b32624c
q1a726532,d1b3bf28a
q1a726532,d1b317dd2
q1a726532,d1b3c11c0
q1a726532,d1b2fab74
q1a726532,d1b325342
q1a726532,d1b395eee
q1a726532,d1b369c7c
q1a726532,d1b371d0a
q1a726532,d1b3a8f4e
q1a726532,d1b3ae390
q1a719044,d1a719184
q1a719044,d1a716c9a
q1a719044,d1b391f92
q1a719044,d1b386d40
q1a719044,d1b389a04
q1a719044,d1b3c4c80
q1a719044,d1a7310a4
q1a719044,d1b35f4b6
q1a719044,d1b396510
q1a719044,d1b373038
q1a7196e8,d1a714224
q1a7196e8,d1a719738
q1a7196e8,d1a72d184
q1a7196e8,d1b3a6fa0
q1a7196e8,d1b37a0d6
q1a7196e8,d1b31137e
q1a7196e8,d1b33cd08
q1a7196e8,d1b378d4e
q1a7196e8,d1b3b9a42
q1a7196e8,d1b2e63f4
q1a7383b8,d1a7384c6
q1a7383b8,d1b37c8ea
q1a7383b8,d1b3164f0
q1a7383b8,d1b35bb18
q1a7383b8,d1a7324d6
q1a7383b8,d1b31b91e
q1a7383b8,d1b3177b0
q1a7383b8,d1b30df3a
q1a7383b8,d1b352f68
q1a7383b8,d1b3bab22
q1a726ffa,d1a7270c2
q1a726ffa,d1b3c5a04
q1a726ffa,d1b308d82
q1a726ffa,d1b34d946
q1a726ffa,d1b378880
q1a726ffa,d1b386c5a
q1a726ffa,d1b2f7b68
q1a726ffa,d1b33a76a
q1a726ffa,d1b380a62
q1a726ffa,d1b379f64
q1a71dbda,d1a71dd10
q1a71dbda,d1b369c7c
q1a71dbda,d1b350a7e
q1a71dbda,d1b39f78c
q1a71dbda,d1b365e2e
q1a71dbda,d1a736054
q1a71dbda,d1b387d08
q1a71dbda,d1b33ca56
q1a71dbda,d1b349954
q1a71dbda,d1a727b8a
q1a7272ac,d1b39f4bc
q1a7272ac,d1b370c02
q1a7272ac,d1b3bfb40
q1a7272ac,d1a712ba4
q1a7272ac,d1a72740a
q1a7272ac,d1b34b416
q1a7272ac,d1b2fe508
q1a7272ac,d1b2f9698
q1a7272ac,d1a72c40a
q1a7272ac,d1b38ad82
q1a736964,d1b35fb64
q1a736964,d1b31f082
q1a736964,d1a7210fa
q1a736964,d1b364470
q1a736964,d1b2f32e8
q1a736964,d1b343d6a
q1a736964,d1b358382
q1a736964,d1b3a8bde
q1a736964,d1b3a6672
q1a736964,d1b33b75a
q1a723bb6,d1b34befc
q1a723bb6,d1b37f78e
q1a723bb6,d1b3471ea
q1a723bb6,d1b3090a2
q1a723bb6,d1b323b32
q1a723bb6,d1b38e78e
q1a723bb6,d1a719184
q1a723bb6,d1b36cd96
q1a723bb6,d1b3ae62e
q1a723bb6,d1a739e3e
q1a72f04c,d1b369c7c
q1a72f04c,d1b388e88
q1a72f04c,d1b2e63f4
q1a72f04c,d1b32624c
q1a72f04c,d1b2eca42
q1a72f04c,d1b3adc10
q1a72f04c,d1b302f4a
q1a72f04c,d1b3b9a42
q1a72f04c,d1b371d0a
q1a72f04c,d1b3495da
q1a7193d2,d1a72ccde
q1a7193d2,d1b3bdf66
q1a7193d2,d1b2e34ec
q1a7193d2,d1b324532
q1a7193d2,d1b324d98
q1a7193d2,d1b3890d6
q1a7193d2,d1b3c874a
q1a7193d2,d1b3963b2
q1a7193d2,d1b301456
q1a7193d2,d1b3b5438
q1a712dde,d1a73fcc6
q1a712dde,d1a712ec4
q1a712dde,d1b34a9f8
q1a712dde,d1b37c32c
q1a712dde,d1b379d34
q1a712dde,d1b363192
q1a712dde,d1b364006
q1a712dde,d1b313eda
q1a712dde,d1b36375a
q1a712dde,d1a72d756
q1a719f44,d1a71a016
q1a719f44,d1b384cac
q1a719f44,d1b38404a
q1a719f44,d1b37e38e
q1a719f44,d1b358d14
q1a719f44,d1b2e92ac
q1a719f44,d1b33ea2c
q1a719f44,d1b362b70
q1a719f44,d1b38e284
q1a719f44,d1b3b2760
q1a736bd0,d1a736cca
q1a736bd0,d1b347618
q1a736bd0,d1b3b3a70
q1a736bd0,d1b362116
q1a736bd0,d1b3c5be4
q1a736bd0,d1b364470
q1a736bd0,d1b30a394
q1a736bd0,d1b39b09c
q1a736bd0,d1a73a852
q1a736bd0,d1b31297c
q1a72c982,d1b3a9a7a
q1a72c982,d1b388e88
q1a72c982,d1b32a568
q1a72c982,d1b3bdaa2
q1a72c982,d1b2f345a
q1a72c982,d1b3a7932
q1a72c982,d1b371d0a
q1a72c982,d1b39ed82
q1a72c982,d1b3061a4
q1a72c982,d1b37a0d6
q1a73bf36,d1b325d42
q1a73bf36,d1b39cd20
q1a73bf36,d1b387ef2
q1a73bf36,d1b2edfd2
q1a73bf36,d1b34f5a2
q1a73bf36,d1b377142
q1a73bf36,d1b2fab74
q1a73bf36,d1b31330e
q1a73bf36,d1b2fb2f4
q1a73bf36,d1b34a6a6
q1a73fc58,d1a73fcc6
q1a73fc58,d1b37c32c
q1a73fc58,d1a7411b6
q1a73fc58,d1a712ec4
q1a73fc58,d1b327fa2
q1a73fc58,d1b344ce2
q1a73fc58,d1b3b65b8
q1a73fc58,d1b379d34
q1a73fc58,d1b363192
q1a73fc58,d1b3926d6
q1a732bde,d1b3bdaa2
q1a732bde,d1b388e88
q1a732bde,d1b308828
q1a732bde,d1b3061a4
q1a732bde,d1b3b353e
q1a732bde,d1a71b952
q1a732bde,d1b342b5e
q1a732bde,d1b32d7cc
q1a732bde,d1b3211d4
q1a732bde,d1a711510
q1a7260f0,d1b3acef0
q1a7260f0,d1b3458e0
q1a7260f0,d1a73ca80
q1a7260f0,d1b325108
q1a7260f0,d1b325f2c
q1a7260f0,d1b3a12a8
q1a7260f0,d1b3a3364
q1a7260f0,d1a7261ea
q1a7260f0,d1b3a5bd2
q1a7260f0,d1b3bb45a
q1a73670c,d1b387d08
q1a73670c,d1b369c7c
q1a73670c,d1b349954
q1a73670c,d1b350a7e
q1a73670c,d1b35a6c8
q1a73670c,d1b31a0d2
q1a73670c,d1b3c3fe2
q1a73670c,d1b33f3be
q1a73670c,d1b32c020
q1a73670c,d1b3862b4
q1a7339ee,d1b3bdcf0
q1a7339ee,d1b36a6ae
q1a7339ee,d1a71dd10
q1a7339ee,d1b3b50be
q1a7339ee,d1b3162d4
q1a7339ee,d1b3958ea
q1a7339ee,d1b3c3e8e
q1a7339ee,d1b389496
q1a7339ee,d1b3a7c2a
q1a7339ee,d1b3441a2
q1a7133ec,d1b2f6ccc
q1a7133ec,d1b317dd2
q1a7133ec,d1b3a8f4e
q1a7133ec,d1b3127ec
q1a7133ec,d1a713428
q1a7133ec,d1b335206
q1a7133ec,d1b3c11c0
q1a7133ec,d1b3520ea
q1a7133ec,d1b344a30
q1a7133ec,d1b2ef3dc
q1a712a50,d1b370c02
q1a712a50,d1b366126
q1a712a50,d1b3b8da4
q1a712a50,d1b3afc7c
q1a712a50,d1b31a780
q1a712a50,d1b343388
q1a712a50,d1b321864
q1a712a50,d1b3ac356
q1a712a50,d1a712ba4
q1a712a50,d1b320716
q1a71f44e,d1a71f534
q1a71f44e,d1b3ab668
q1a71f44e,d1a71a4e4
q1a71f44e,d1b3061a4
q1a71f44e,d1b34fc64
q1a71f44e,d1b2ec434
q1a71f44e,d1b344bb6
q1a71f44e,d1b2e8d98
q1a71f44e,d1b3af8f8
q1a71f44e,d1b39417a
q1a73c9e0,d1a73ca80
q1a73c9e0,d1b342b5e
q1a73c9e0,d1b38ed06
q1a73c9e0,d1b35de90
q1a73c9e0,d1b3c4514
q1a73c9e0,d1b30c658
q1a73c9e0,d1b3630ca
q1a73c9e0,d1b33856e
q1a73c9e0,d1b3991d4
q1a73c9e0,d1b36bd92
q1a7180c2,d1a718108
q1a7180c2,d1b358206
q1a7180c2,d1b3a2ac2
q1a7180c2,d1b32c020
q1a7180c2,d1b344bb6
q1a7180c2,d1b326d46
q1a7180c2,d1b355ccc
q1a7180c2,d1b32d7cc
q1a7180c2,d1b332c22
q1a7180c2,d1b37dea2
q1a724b1a,d1b30a394
q1a724b1a,d1a724bd8
q1a724b1a,d1b3c0c84
q1a724b1a,d1b32401e
q1a724b1a,d1b37640e
q1a724b1a,d1b342c1c
q1a724b1a,d1b382074
q1a724b1a,d1b37dfd8
q1a724b1a,d1b341db2
q1a724b1a,d1b34f5a2
q1a7314dc,d1a722c66
q1a7314dc,d1b356758
q1a7314dc,d1b32c020
q1a7314dc,d1b2ef3dc
q1a7314dc,d1b2e225e
q1a7314dc,d1b387d08
q1a7314dc,d1a72d756
q1a7314dc,d1b3757ac
q1a7314dc,d1b34bfec
q1a7314dc,d1b2e5468
q1a724656,d1b3967cc
q1a724656,d1a7303b6
q1a724656,d1b3af434
q1a724656,d1b3391b2
q1a724656,d1a72471e
q1a724656,d1b32ab9e
q1a724656,d1b334c52
q1a724656,d1b3b0226
q1a724656,d1b3b9e5c
q1a724656,d1a726d7a
q1a728e04,d1b2ef3dc
q1a728e04,d1b35ea48
q1a728e04,d1b387d08
q1a728e04,d1b2e707e
q1a728e04,d1b33c038
q1a728e04,d1b30a4fc
q1a728e04,d1b369c7c
q1a728e04,d1b3641f0
q1a728e04,d1b2e96b2
q1a728e04,d1b32d2b8
q1a728d14,d1a728e36
q1a728d14,d1b2e96b2
q1a728d14,d1b3a197e
q1a728d14,d1b33198a
q1a728d14,d1b369f60
q1a728d14,d1b36a6ae
q1a728d14,d1b349b3e
q1a728d14,d1a72bce4
q1a728d14,d1b379906
q1a728d14,d1b3797e4
q1a727d1a,d1b34bfec
q1a727d1a,d1b346114
q1a727d1a,d1b3beb3c
q1a727d1a,d1b2ef3dc
q1a727d1a,d1a727e1e
q1a727d1a,d1b387d08
q1a727d1a,d1b3bccba
q1a727d1a,d1b364ee8
q1a727d1a,d1b33f166
q1a727d1a,d1b3925aa
q1a73acbc,d1b39034a
q1a73acbc,d1a741bd4
q1a73acbc,d1b379906
q1a73acbc,d1b39ed82
q1a73acbc,d1b356622
q1a73acbc,d1b36ed08
q1a73acbc,d1b2ef3dc
q1a73acbc,d1b2e55ee
q1a73acbc,d1b387d08
q1a73acbc,d1b35f9d4
q1a73055a,d1a730672
q1a73055a,d1b36f0dc
q1a73055a,d1b37796c
q1a73055a,d1b30c09a
q1a73055a,d1b3c743a
q1a73055a,d1b374d48
q1a73055a,d1b3bd598
q1a73055a,d1a73f79e
q1a73055a,d1a72dc10
q1a73055a,d1a738764
q1a72d864,d1a72d99a
q1a72d864,d1b35115e
q1a72d864,d1b3061a4
q1a72d864,d1b3af9ca
q1a72d864,d1b32dce0
q1a72d864,d1b342b5e
q1a72d864,d1b3c6bc0
q1a72d864,d1b3bbd7e
q1a72d864,d1b3bf532
q1a72d864,d1b3a8756
q1a73e8da,d1b3bf28a
q1a73e8da,d1b30f8da
q1a73e8da,d1b36e088
q1a73e8da,d1b36c206
q1a73e8da,d1b35c7a2
q1a73e8da,d1b383802
q1a73e8da,d1b3c11c0
q1a73e8da,d1b2ff07a
q1a73e8da,d1b3a6fa0
q1a73e8da,d1b3be84e
q1a7288be,d1b332c22
q1a7288be,d1b349954
q1a7288be,d1b337970
q1a7288be,d1b2eb0de
q1a7288be,d1a7289ae
q1a7288be,d1b32c3fe
q1a7288be,d1b38ffda
q1a7288be,d1b2ef3dc
q1a7288be,d1b35b096
q1a7288be,d1b326d46
q1a71ad72,d1a71aebc
q1a71ad72,d1b375054
q1a71ad72,d1b33eefa
q1a71ad72,d1b38eae0
q1a71ad72,d1b33ea2c
q1a71ad72,d1b343388
q1a71ad72,d1b38404a
q1a71ad72,d1b2f7fd2
q1a71ad72,d1b3c38ee
q1a71ad72,d1b32309c
q1a7301c2,d1a7303b6
q1a7301c2,d1b3967cc
q1a7301c2,d1b36c06c
q1a7301c2,d1b2f7e88
q1a7301c2,d1a72dc10
q1a7301c2,d1b351faa
q1a7301c2,d1b370946
q1a7301c2,d1b324168
q1a7301c2,d1b30ab0a
q1a7301c2,d1a72b258
q1a71b862,d1b37a252
q1a71b862,d1a71b952
q1a71b862,d1b33f274
q1a71b862,d1b3ac9a0
q1a71b862,d1b3bb81a
q1a71b862,d1b375108
q1a71b862,d1b33959a
q1a71b862,d1b32e5be
q1a71b862,d1b33d9ba
q1a71b862,d1b3061a4
q1a71e666,d1b33bb60
q1a71e666,d1b3a407a
q1a71e666,d1a71dd10
q1a71e666,d1b37f428
q1a71e666,d1b36a6ae
q1a71e666,d1b38d9ec
q1a71e666,d1b33f3be
q1a71e666,d1b3862b4
q1a71e666,d1b369c7c
q1a71e666,d1a727b8a
q1a72f290,d1a72f362
q1a72f290,d1b34b52e
q1a72f290,d1b3a6d3e
q1a72f290,d1b39e53a
q1a72f290,d1b3b2c2e
q1a72f290,d1a72135c
q1a72f290,d1b342488
q1a72f290,d1b31094c
q1a72f290,d1b3aa42a
q1a72f290,d1b34b240
q1a73aa78,d1b3182b4
q1a73aa78,d1a72ccde
q1a73aa78,d1b337c7c
q1a73aa78,d1b320888
q1a73aa78,d1b315816
q1a73aa78,d1b35ddaa
q1a73aa78,d1b3c7cfa
q1a73aa78,d1b338d98
q1a73aa78,d1b33856e
q1a73aa78,d1b392abe
q1a71f41c,d1b3c6a8a
q1a71f41c,d1b3b23be
q1a71f41c,d1b318516
q1a71f41c,d1b3c6bc0
q1a71f41c,d1b2e8d98
q1a71f41c,d1b327b92
q1a71f41c,d1b3797e4
q1a71f41c,d1b31f42e
q1a71f41c,d1a7218e8
q1a71f41c,d1b3b9038
q1a73a2a8,d1a73a424
q1a73a2a8,d1b370946
q1a73a2a8,d1b36901a
q1a73a2a8,d1b313eda
q1a73a2a8,d1b2e6d90
q1a73a2a8,d1b3182b4
q1a73a2a8,d1b3ad616
q1a73a2a8,d1b389748
q1a73a2a8,d1b3c8146
q1a73a2a8,d1b347f1e
q1a737f62,d1b3780ba
q1a737f62,d1a738034
q1a737f62,d1b37c246
q1a737f62,d1b363dc2
q1a737f62,d1b32dce0
q1a737f62,d1b343752
q1a737f62,d1b39b150
q1a737f62,d1b37e6a4
q1a737f62,d1b31c670
q1a737f62,d1a740c66
q1a72647e,d1b36a6ae
q1a72647e,d1b389496
q1a72647e,d1b3babf4
q1a72647e,d1b3259b4
q1a72647e,d1b3ae62e
q1a72647e,d1b376800
q1a72647e,d1b39d4aa
q1a72647e,d1b2fa908
q1a72647e,d1b3c1bb6
q1a72647e,d1b3202c0
q1a712712,d1b3225a2
q1a712712,d1b34be20
q1a712712,d1b3a75ea
q1a712712,d1b33472a
q1a712712,d1b38cac4
q1a712712,d1b32ed66
q1a712712,d1b380b8e
q1a712712,d1b39a084
q1a712712,d1b36ee3e
q1a712712,d1b325108
q1a72d2ce,d1a72d3f0
q1a72d2ce,d1b3b3926
q1a72d2ce,d1b2f4e5e
q1a72d2ce,d1b3963b2
q1a72d2ce,d1b341a38
q1a72d2ce,d1b36a2ee
q1a72d2ce,d1b2e34ec
q1a72d2ce,d1b3aafce
q1a72d2ce,d1b2f27da
q1a72d2ce,d1b3ad3be
q1a733728,d1a7337aa
q1a733728,d1b386c5a
q1a733728,d1b33db86
q1a733728,d1b3418d0
q1a733728,d1b3c5a04
q1a733728,d1b301ca8
q1a733728,d1a7270c2
q1a733728,d1b34d946
q1a733728,d1b3782ea
q1a733728,d1b39bccc
q1a740e00,d1b33486a
q1a740e00,d1a740f04
q1a740e00,d1b31ad02
q1a740e00,d1b31dff2
q1a740e00,d1b395eee
q1a740e00,d1b3983ba
q1a740e00,d1b2f8856
q1a740e00,d1b328bdc
q1a740e00,d1b39e53a
q1a740e00,d1b314178
q1a73af6e,d1b392e92
q1a73af6e,d1b32cade
q1a73af6e,d1b2e9950
q1a73af6e,d1b3805b2
q1a73af6e,d1b36e60a
q1a73af6e,d1b2fb2f4
q1a73af6e,d1b382eac
q1a73af6e,d1a711c7c
q1a73af6e,d1b3a8bde
q1a73af6e,d1b341db2
q1a723666,d1b32624c
q1a723666,d1b306d8e
q1a723666,d1b362436
q1a723666,d1a713c66
q1a723666,d1b2ec812
q1a723666,d1b35a416
q1a723666,d1b369812
q1a723666,d1a7237ce
q1a723666,d1b3b3ea8
q1a723666,d1b3115b8
q1a73268e,d1b38cee8
q1a73268e,d1b3c1bb6
q1a73268e,d1b3489dc
q1a73268e,d1b3b23be
q1a73268e,d1b356758
q1a73268e,d1b2e42de
q1a73268e,d1b3c7a70
q1a73268e,d1b35ea48
q1a73268e,d1b37dea2
q1a73268e,d1b39d63a
q1a73641e,d1b367b34
q1a73641e,d1b397758
q1a73641e,d1a73652c
q1a73641e,d1b2f3144
q1a73641e,d1b397cf8
q1a73641e,d1b2ebe26
q1a73641e,d1b30124e
q1a73641e,d1b321864
q1a73641e,d1b31fd3e
q1a73641e,d1b31a1cc
q1a733fb6,d1a7340d8
q1a733fb6,d1b3533b4
q1a733fb6,d1b33c038
q1a733fb6,d1a736054
q1a733fb6,d1b399d28
q1a733fb6,d1b34665a
q1a733fb6,d1b3487ac
q1a733fb6,d1b3c7cfa
q1a733fb6,d1b33b818
q1a733fb6,d1b393cac
q1a72597a,d1a725a2e
q1a72597a,d1b375054
q1a72597a,d1a71b272
q1a72597a,d1b3134f8
q1a72597a,d1b39f28c
q1a72597a,d1b35cd42
q1a72597a,d1b30ce78
q1a72597a,d1b38eae0
q1a72597a,d1b324668
q1a72597a,d1b37c4d0
q1a730bae,d1a730c3a
q1a730bae,d1b36b914
q1a730bae,d1b3a2bc6
q1a730bae,d1b35141a
q1a730bae,d1a7169c0
q1a730bae,d1a7326f2
q1a730bae,d1b3791b8
q1a730bae,d1b3c1bb6
q1a730bae,d1b2edfd2
q1a730bae,d1b306bae
q1a732e9a,d1b3974ce
q1a732e9a,d1b3ad8aa
q1a732e9a,d1b3aafce
q1a732e9a,d1b375b44
q1a732e9a,d1b3890d6
q1a732e9a,d1b3b3926
q1a732e9a,d1b3afaba
q1a732e9a,d1b36580c
q1a732e9a,d1b2f4e5e
q1a732e9a,d1b31bdce
q1a721000,d1a7210fa
q1a721000,d1b33db86
q1a721000,d1b347866
q1a721000,d1b3c4514
q1a721000,d1b34fc64
q1a721000,d1b38ed06
q1a721000,d1b2fbac4
q1a721000,d1b35de90
q1a721000,d1b32aa36
q1a721000,d1b32ddbc
q1a72240a,d1b3c5a04
q1a72240a,d1b301ca8
q1a72240a,d1b389392
q1a72240a,d1b386c5a
q1a72240a,d1b2f0318
q1a72240a,d1b307b12
q1a72240a,d1b343144
q1a72240a,d1b35d1ac
q1a72240a,d1b33a76a
q1a72240a,d1a732ce2
q1a711c36,d1b3b2c2e
q1a711c36,d1b37b97c
q1a711c36,d1a71bb78
q1a711c36,d1a72f362
q1a711c36,d1b342488
q1a711c36,d1b39b4fc
q1a711c36,d1b33b3e0
q1a711c36,d1b336d72
q1a711c36,d1b347866
q1a711c36,d1b3711d4
q1a73d3ea,d1b3a2e78
q1a73d3ea,d1a731ff4
q1a73d3ea,d1b3b96f0
q1a73d3ea,d1b3c1ada
q1a73d3ea,d1b369a38
q1a73d3ea,d1b365e2e
q1a73d3ea,d1b337970
q1a73d3ea,d1b332c22
q1a73d3ea,d1b3a2ac2
q1a73d3ea,d1b349954
