query_id,corpus_id
qd4982518,dd4c4f7aa
qd4982518,dd4bb016e
qd4982518,dd4b9f7f6
qd4982518,dd4b87d18
qd4982518,dd4be45d6
qd4982518,dd4bd3790
qd4982518,dd4b89cbc
qd4982518,dd4972b86
qd4982518,dd4c25324
qd4982518,dd4971510
qd49795a8,dd4befb5c
qd49795a8,dd4c05bc8
qd49795a8,dd4979602
qd49795a8,dd4b9e8ce
qd49795a8,dd4c3cc86
qd49795a8,dd4c4b0a6
qd49795a8,dd4bcef88
qd49795a8,dd4b9e234
qd49795a8,dd4979f76
qd49795a8,dd4bff886
qd496f724,dd4c544d0
qd496f724,dd4bac14a
qd496f724,dd4ba4e36
qd496f724,dd4c648e4
qd496f724,dd4988f26
qd496f724,dd4ba9f94
qd496f724,dd4bcb2de
qd496f724,dd4bcab5e
qd496f724,dd4bcf62c
qd496f724,dd4c1fcb2
qd496f102,dd4bde26c
qd496f102,dd4c2f676
qd496f102,dd4972226
qd496f102,dd4bcce18
qd496f102,dd4c5e502
qd496f102,dd4bc9f60
qd496f102,dd4b985b4
qd496f102,dd4c13e26
qd496f102,dd4c5937c
qd496f102,dd4bb3512
qd496f918,dd4bbbab4
qd496f918,dd4baf534
qd496f918,dd4c229ee
qd496f918,dd4ba0908
qd496f918,dd4c60bae
qd496f918,dd4c00844
qd496f918,dd4ba898c
qd496f918,dd4bb2f36
qd496f918,dd4c3143a
qd496f918,dd496f968
qd49859fc,dd49816a4
qd49859fc,dd4be9d60
qd49859fc,dd4c43efa
qd49859fc,dd4b8ef96
qd49859fc,dd4b87c00
qd49859fc,dd4c0eb56
qd49859fc,dd4bb6870
qd49859fc,dd4c00ad8
qd49859fc,dd4bc91dc
qd49859fc,dd497692a
qd4981d2a,dd496ed24
qd4981d2a,dd4bde4e2
qd4981d2a,dd4be5b20
qd4981d2a,dd4b905bc
qd4981d2a,dd4c4dda6
qd4981d2a,dd4ba523c
qd4981d2a,dd4c657f8
qd4981d2a,dd4bdca34
qd4981d2a,dd4bf9f80
qd4981d2a,dd4ba4062
qd497d4aa,dd4befb5c
qd497d4aa,dd4979602
qd497d4aa,dd4c4b0a6
qd497d4aa,dd4c3cc86
qd497d4aa,dd4b9e8ce
qd497d4aa,dd4c05bc8
qd497d4aa,dd4baa80e
qd497d4aa,dd4979f76
qd497d4aa,dd496eee6
qd497d4aa,dd4c159ec
qd497e0ee,dd497e134
qd497e0ee,dd4c5f498
qd497e0ee,dd4c31dd6
qd497e0ee,dd4bb7e1e
qd497e0ee,dd4be0184
qd497e0ee,dd4bb1f8c
qd497e0ee,dd496fea4
qd497e0ee,dd4be409a
qd497e0ee,dd4bcce18
qd497e0ee,dd4bca5fa
qd49850c4,dd4c4bc68
qd49850c4,dd497a3f4
qd49850c4,dd4c41a88
qd49850c4,dd49763da
qd49850c4,dd4c46150
qd49850c4,dd4b88e70
qd49850c4,dd4c00dee
qd49850c4,dd4bd7228
qd49850c4,dd4bc2e5e
qd49850c4,dd4bbc8f6
qd4982d6a,dd4b99f4a
qd4982d6a,dd4c37f2e
qd4982d6a,dd4b9cec0
qd4982d6a,dd4be9c84
qd4982d6a,dd4bbc31a
qd4982d6a,dd4c1f3fc
qd4982d6a,dd4bc15d6
qd4982d6a,dd4bbb668
qd4982d6a,dd4975c1e
qd4982d6a,dd4978b44
qd498998a,dd4bf89fa
qd498998a,dd4be55f8
qd498998a,dd497041c
qd498998a,dd498ba0a
qd498998a,dd497edaa
qd498998a,dd4bfefa8
qd498998a,dd498af42
qd498998a,dd4c37dd0
qd498998a,dd4b9cccc
qd498998a,dd4bff430
qd4977906,dd4ba91e8
qd4977906,dd4ba3e6e
qd4977906,dd4b8ebcc
qd4977906,dd4b87a02
qd4977906,dd4b92f10
qd4977906,dd496d938
qd4977906,dd4be0b84
qd4977906,dd4b9a936
qd4977906,dd4c5baf0
qd4977906,dd4b93d66
qd498a6dc,dd497bae2
qd498a6dc,dd4c38834
qd498a6dc,dd4bae42c
qd498a6dc,dd4c1f924
qd498a6dc,dd4b9452c
qd498a6dc,dd4bdddee
qd498a6dc,dd4981082
qd498a6dc,dd4bdf86a
qd498a6dc,dd4be0b84
qd498a6dc,dd4c4b81c
qd498f128,dd498682a
qd498f128,dd49780b8
qd498f128,dd4bfabec
qd498f128,dd4970516
qd498f128,dd4c473d4
qd498f128,dd4bdddee
qd498f128,dd4c1a4c4
qd498f128,dd4c596a6
qd498f128,dd4bd1648
qd498f128,dd4bb43c2
qd4973770,dd4baf534
qd4973770,dd4bbbab4
qd4973770,dd4c229ee
qd4973770,dd4ba0908
qd4973770,dd4c60bae
qd4973770,dd4ba81f8
qd4973770,dd4bb9458
qd4973770,dd4c598ea
qd4973770,dd4c00844
qd4973770,dd4c55f88
qd498d6fc,dd497d298
qd498d6fc,dd4b9e234
qd498d6fc,dd497587c
qd498d6fc,dd4b9da64
qd498d6fc,dd4c63b10
qd498d6fc,dd4bf189e
qd498d6fc,dd4c3b1d8
qd498d6fc,dd497d70c
qd498d6fc,dd4bcef88
qd498d6fc,dd4bdb968
qd496d118,dd4bd5eb4
qd496d118,dd4bfd414
qd496d118,dd4bc0dd4
qd496d118,dd4c4a3cc
qd496d118,dd496d15e
qd496d118,dd4bb8fa8
qd496d118,dd4bb14b0
qd496d118,dd498a524
qd496d118,dd4bd002c
qd496d118,dd4be27ae
qd496f594,dd496f5c6
qd496f594,dd4bbe2a0
qd496f594,dd4c0119a
qd496f594,dd4bae6b6
qd496f594,dd4c4f7aa
qd496f594,dd4bcfc62
qd496f594,dd4c4e0f8
qd496f594,dd4be4e3c
qd496f594,dd4ba3590
qd496f594,dd4c24e1a
qd49825e0,dd4970e26
qd49825e0,dd4c1311a
qd49825e0,dd496ce98
qd49825e0,dd4bcef88
qd49825e0,dd4984962
qd49825e0,dd4c51988
qd49825e0,dd498a524
qd49825e0,dd4c57766
qd49825e0,dd4c1d2be
qd49825e0,dd4c11518
qd497a3b8,dd4c4bc68
qd497a3b8,dd497a3f4
qd497a3b8,dd4c41a88
qd497a3b8,dd49763da
qd497a3b8,dd4c46150
qd497a3b8,dd4bbc8f6
qd497a3b8,dd4bc2e5e
qd497a3b8,dd4ba5d86
qd497a3b8,dd4bcee8e
qd497a3b8,dd497e760
qd497c528,dd497c582
qd497c528,dd4b974d4
qd497c528,dd4c04f66
qd497c528,dd4c5923c
qd497c528,dd4c00dee
qd497c528,dd4ba3d92
qd497c528,dd4bca866
qd497c528,dd4b8dd76
qd497c528,dd4b95a76
qd497c528,dd4975250
qd498f394,dd4c4e0f8
qd498f394,dd4c4e62a
qd498f394,dd4c46150
qd498f394,dd4c41a88
qd498f394,dd4c54eb2
qd498f394,dd4bc0884
qd498f394,dd4bf1060
qd498f394,dd4b974d4
qd498f394,dd4c16450
qd498f394,dd497fd7c
qd4980326,dd4c04688
qd4980326,dd496fc06
qd4980326,dd4bee4e6
qd4980326,dd4bd2822
qd4980326,dd4bf1060
qd4980326,dd4bb2d7e
qd4980326,dd4c07df6
qd4980326,dd4c25324
qd4980326,dd4c59b2e
qd4980326,dd4bc6856
qd498cc2a,dd4b94ed2
qd498cc2a,dd497ad9a
qd498cc2a,dd4c66176
qd498cc2a,dd4c0781a
qd498cc2a,dd4ba534a
qd498cc2a,dd497cdca
qd498cc2a,dd4bbf27c
qd498cc2a,dd4bbe1b0
qd498cc2a,dd4bd73ea
qd498cc2a,dd4b8c340
qd497b7e0,dd4c091f6
qd497b7e0,dd4b99a18
qd497b7e0,dd496f2ec
qd497b7e0,dd4bce7a4
qd497b7e0,dd4bfda0e
qd497b7e0,dd4bd3d9e
qd497b7e0,dd4bcf62c
qd497b7e0,dd4bb2f36
qd497b7e0,dd4985e7a
qd497b7e0,dd4c2fb80
qd498ed9a,dd4ba3d92
qd498ed9a,dd4c3dc30
qd498ed9a,dd496df64
qd498ed9a,dd4970e26
qd498ed9a,dd4c59cf0
qd498ed9a,dd4bb4796
qd498ed9a,dd496ce98
qd498ed9a,dd4bdbc06
qd498ed9a,dd496cd4e
qd498ed9a,dd4bce560
qd498e660,dd4c178a0
qd498e660,dd4c1fcb2
qd498e660,dd49827d4
qd498e660,dd4c53d0a
qd498e660,dd4c648e4
qd498e660,dd4c3ecde
qd498e660,dd4ba4e36
qd498e660,dd4c2a0d6
qd498e660,dd4c4b592
qd498e660,dd4bac14a
qd498d5e4,dd497edaa
qd498d5e4,dd4bb3026
qd498d5e4,dd4c32894
qd498d5e4,dd4b8c4ee
qd498d5e4,dd4bc0adc
qd498d5e4,dd4976682
qd498d5e4,dd4c4b6be
qd498d5e4,dd4c13e26
qd498d5e4,dd4ba002a
qd498d5e4,dd4b9cccc
qd497c92e,dd4c37dd0
qd497c92e,dd4bf06ba
qd497c92e,dd4c51d20
qd497c92e,dd4bbb096
qd497c92e,dd496ebc6
qd497c92e,dd497de0a
qd497c92e,dd4c558b2
qd497c92e,dd4bc16bc
qd497c92e,dd4bc91dc
qd497c92e,dd496ca2e
qd498c428,dd4bbb17c
qd498c428,dd4b8ebcc
qd498c428,dd4be0b84
qd498c428,dd496d938
qd498c428,dd4ba3e6e
qd498c428,dd4b912fa
qd498c428,dd4ba91e8
qd498c428,dd4b92f10
qd498c428,dd4b87a02
qd498c428,dd49818fc
qd4978d1a,dd4b979de
qd4978d1a,dd4b95e86
qd4978d1a,dd4ba07d2
qd4978d1a,dd4c5f290
qd4978d1a,dd4bd938e
qd4978d1a,dd4bcf532
qd4978d1a,dd4c50c54
qd4978d1a,dd4bb6d3e
qd4978d1a,dd4b9cbaa
qd4978d1a,dd4c4ca28
qd49792ba,dd4bbc040
qd49792ba,dd4985452
qd49792ba,dd4c0ce78
qd49792ba,dd4b8e8f2
qd49792ba,dd4ba276c
qd49792ba,dd4bf11a0
qd49792ba,dd4c2423a
qd49792ba,dd4b9e234
qd49792ba,dd497848c
qd49792ba,dd4bd002c
qd4980a06,dd4980a42
qd4980a06,dd4be45d6
qd4980a06,dd4b9f7f6
qd4980a06,dd4b87d18
qd4980a06,dd4c35fb2
qd4980a06,dd4c121fc
qd4980a06,dd4bc47a4
qd4980a06,dd4c58b02
qd4980a06,dd4c657f8
qd4980a06,dd4c1107c
qd4973c3e,dd4bdb3be
qd4973c3e,dd4973c8e
qd4973c3e,dd4c31ebc
qd4973c3e,dd4bed97e
qd4973c3e,dd4b9cfc4
qd4973c3e,dd4c0bce4
qd4973c3e,dd4bd3d9e
qd4973c3e,dd4bfd69e
qd4973c3e,dd4c17f9e
qd4973c3e,dd4c4e62a
qd4986d0c,dd49797ec
qd4986d0c,dd4b8da4c
qd4986d0c,dd4bca276
qd4986d0c,dd4bd7caa
qd4986d0c,dd4ba122c
qd4986d0c,dd4b8af54
qd4986d0c,dd4bbb096
qd4986d0c,dd4c56e56
qd4986d0c,dd4bfdaea
qd4986d0c,dd4c44418
qd498650a,dd4c4cf78
qd498650a,dd4c05bc8
qd498650a,dd4bb1e4c
qd498650a,dd4bf30e0
qd498650a,dd4b8df74
qd498650a,dd4bc000a
qd498650a,dd498655a
qd498650a,dd4bc4c36
qd498650a,dd4b8d254
qd498650a,dd4ba90f8
qd498c8b0,dd49870ae
qd498c8b0,dd4befb5c
qd498c8b0,dd4bff886
qd498c8b0,dd4bcfe2e
qd498c8b0,dd4c4cf78
qd498c8b0,dd4b9a63e
qd498c8b0,dd4c38ce4
qd498c8b0,dd497d504
qd498c8b0,dd4becb14
qd498c8b0,dd4c4b0a6
qd49781b2,dd49781f8
qd49781b2,dd4bb216c
qd49781b2,dd4c51988
qd49781b2,dd4b9a936
qd49781b2,dd4be27ae
qd49781b2,dd498a524
qd49781b2,dd4c1311a
qd49781b2,dd4bb8fa8
qd49781b2,dd4970e26
qd49781b2,dd4c4a3cc
qd498b1b8,dd498b1f4
qd498b1b8,dd4c0d670
qd498b1b8,dd4ba7a78
qd498b1b8,dd4bc75f8
qd498b1b8,dd4bdf78e
qd498b1b8,dd4bd002c
qd498b1b8,dd4b8df74
qd498b1b8,dd4bbc31a
qd498b1b8,dd4bb6a78
qd498b1b8,dd4bb216c
qd497214a,dd4972226
qd497214a,dd4bbe1b0
qd497214a,dd4be90a4
qd497214a,dd49870ae
qd497214a,dd4bbf27c
qd497214a,dd4ba9d28
qd497214a,dd4bcce18
qd497214a,dd4c47e6a
qd497214a,dd4c0b726
qd497214a,dd4bb5d12
qd4972b4a,dd4972b86
qd4972b4a,dd4baed28
qd4972b4a,dd4bad4e6
qd4972b4a,dd4bb10f0
qd4972b4a,dd497da9a
qd4972b4a,dd4c0f696
qd4972b4a,dd4bb2b58
qd4972b4a,dd496ddd4
qd4972b4a,dd4c4f7aa
qd4972b4a,dd4c3c8e4
qd4979c6a,dd4bdb65c
qd4979c6a,dd4c47582
qd4979c6a,dd4bbd300
qd4979c6a,dd4b9aab2
qd4979c6a,dd49749cc
qd4979c6a,dd4bc45a6
qd4979c6a,dd4c17616
qd4979c6a,dd4c5a7ea
qd4979c6a,dd496f026
qd4979c6a,dd4bc1842
qd498c2de,dd498c338
qd498c2de,dd497314e
qd498c2de,dd4ba302c
qd498c2de,dd4b8e2a8
qd498c2de,dd4b8f324
qd498c2de,dd4bd153a
qd498c2de,dd4c09a2a
qd498c2de,dd4b901ac
qd498c2de,dd4c247c6
qd498c2de,dd4bc729c
qd496e4f0,dd496e554
qd496e4f0,dd4c0781a
qd496e4f0,dd4ba4ad0
qd496e4f0,dd4b9445a
qd496e4f0,dd4b8a6b2
qd496e4f0,dd4b8bbf2
qd496e4f0,dd4bcf1ae
qd496e4f0,dd4c45e44
qd496e4f0,dd4c109d8
qd496e4f0,dd4b9e068
qd4988300,dd49797ec
qd4988300,dd4c3b1d8
qd4988300,dd4bca276
qd4988300,dd4bb3648
qd4988300,dd4c3ee78
qd4988300,dd4b8af54
qd4988300,dd4bd03a6
qd4988300,dd4c417e0
qd4988300,dd4c03814
qd4988300,dd4c57766
qd497b4e8,dd497b524
qd497b4e8,dd4c08e0e
qd497b4e8,dd4b96ca0
qd497b4e8,dd4c4e0f8
qd497b4e8,dd4b974d4
qd497b4e8,dd4bca866
qd497b4e8,dd4c6501e
qd497b4e8,dd4987a22
qd497b4e8,dd4b916e2
qd497b4e8,dd4bc907e
qd496fbca,dd496fc06
qd496fbca,dd4bc7b52
qd496fbca,dd4bc7c60
qd496fbca,dd4976a9c
qd496fbca,dd4b8f518
qd496fbca,dd4c4ee72
qd496fbca,dd496d5d2
qd496fbca,dd4b8de70
qd496fbca,dd4bd4820
qd496fbca,dd4bb7108
qd4970ce6,dd4970d36
qd4970ce6,dd4bb51aa
qd4970ce6,dd4b9c790
qd4970ce6,dd4987a22
qd4970ce6,dd4c5e502
qd4970ce6,dd4c09a2a
qd4970ce6,dd4c4c726
qd4970ce6,dd4c3cc86
qd4970ce6,dd4bd7caa
qd4970ce6,dd4bda392
qd49885da,dd4974620
qd49885da,dd4bf91ac
qd49885da,dd4be678c
qd49885da,dd4979094
qd49885da,dd4c57b08
qd49885da,dd4b8e64a
qd49885da,dd4bacbf4
qd49885da,dd4bc5dac
qd49885da,dd4c4e3fa
qd49885da,dd4b89eec
qd4982112,dd4b973b2
qd4982112,dd4982158
qd4982112,dd4bb5506
qd4982112,dd4c2bb20
qd4982112,dd4c0a39e
qd4982112,dd4b9dc1c
qd4982112,dd4bb3b48
qd4982112,dd4bb655a
qd4982112,dd4baaef8
qd4982112,dd4b95cc4
qd498411a,dd4c5ee94
qd498411a,dd4bd230e
qd498411a,dd4bcd94e
qd498411a,dd4bb6b4a
qd498411a,dd4bea9d6
qd498411a,dd4beac7e
qd498411a,dd4970516
qd498411a,dd497354a
qd498411a,dd4bfd69e
qd498411a,dd4bddce0
qd498d21a,dd4c4fb38
qd498d21a,dd4bf84f0
qd498d21a,dd4c55e7a
qd498d21a,dd4bc7b52
qd498d21a,dd496fc06
qd498d21a,dd4b9c66e
qd498d21a,dd4bfe2a6
qd498d21a,dd4bf83c4
qd498d21a,dd4c4ee72
qd498d21a,dd4b8f518
qd4982770,dd4c1fcb2
qd4982770,dd4983698
qd4982770,dd4c53d0a
qd4982770,dd4c178a0
qd4982770,dd4c58d46
qd4982770,dd4c3ecde
qd4982770,dd4bdbf80
qd4982770,dd4bac14a
qd4982770,dd4bcb2de
qd4982770,dd4c4a566
qd498de22,dd4976a9c
qd498de22,dd4bc7c60
qd498de22,dd496d5d2
qd498de22,dd496fc06
qd498de22,dd4b8f518
qd498de22,dd4bc7b52
qd498de22,dd4c4ee72
qd498de22,dd4bd4820
qd498de22,dd4b8c7be
qd498de22,dd4bb7108
qd498a5e2,dd4bb6b4a
qd498a5e2,dd497b164
qd498a5e2,dd4bd230e
qd498a5e2,dd4bb5efc
qd498a5e2,dd4c5ee94
qd498a5e2,dd497a156
qd498a5e2,dd4bea9d6
qd498a5e2,dd4b95fc6
qd498a5e2,dd4bcd94e
qd498a5e2,dd4beac7e
qd498ce96,dd4b91048
qd498ce96,dd4b8f842
qd498ce96,dd4ba057a
qd498ce96,dd4b87796
qd498ce96,dd4bfd216
qd498ce96,dd4b981e0
qd498ce96,dd4c3d8a2
qd498ce96,dd4ba0ca0
qd498ce96,dd4c5750e
qd498ce96,dd4bd368c
qd497b95c,dd4c528e2
qd497b95c,dd4bbf380
qd497b95c,dd4bb4980
qd497b95c,dd4b9ec5c
qd497b95c,dd497b9d4
qd497b95c,dd4bef5da
qd497b95c,dd4bb7270
qd497b95c,dd4b8db3c
qd497b95c,dd4970aa2
qd497b95c,dd4bb9e4e
qd4978306,dd497774e
qd4978306,dd4972b86
qd4978306,dd4baed28
qd4978306,dd4be687c
qd4978306,dd496ddd4
qd4978306,dd4bb2b58
qd4978306,dd4c3c8e4
qd4978306,dd4bc12fc
qd4978306,dd496fd78
qd4978306,dd4bad4e6
qd4988422,dd4bfabec
qd4988422,dd4bd1de6
qd4988422,dd4977f8c
qd4988422,dd4bdddee
qd4988422,dd4b8ef96
qd4988422,dd4c047e6
qd4988422,dd4c326a0
qd4988422,dd4bf49c2
qd4988422,dd4be5ef4
qd4988422,dd498cefa
qd4981186,dd4c5ee94
qd4981186,dd49811d6
qd4981186,dd4bd8682
qd4981186,dd4bd711a
qd4981186,dd4bea9d6
qd4981186,dd4c5d1d4
qd4981186,dd49833dc
qd4981186,dd4bcd94e
qd4981186,dd4bed97e
qd4981186,dd4c53260
qd4976d12,dd4976d62
qd4976d12,dd4bc9a9c
qd4976d12,dd4986424
qd4976d12,dd4c1ddd6
qd4976d12,dd4bf2852
qd4976d12,dd4bc0bea
qd4976d12,dd4c527f2
qd4976d12,dd4b8bbf2
qd4976d12,dd4bdb65c
qd4976d12,dd4c17c74
qd4971344,dd4c3d78a
qd4971344,dd4ba940e
qd4971344,dd4b916e2
qd4971344,dd4beb840
qd4971344,dd4c0b9f6
qd4971344,dd496ce98
qd4971344,dd497314e
qd4971344,dd496f026
qd4971344,dd4ba4e36
qd4971344,dd4c5e502
qd498cb30,dd4ba534a
qd498cb30,dd4bc33e0
qd498cb30,dd4bb1e4c
qd498cb30,dd4b8ab80
qd498cb30,dd4bbf27c
qd498cb30,dd4bf30e0
qd498cb30,dd4ba75b4
qd498cb30,dd4bbe1b0
qd498cb30,dd4ba9d28
qd498cb30,dd4be90a4
qd4989ac0,dd497b6a0
qd4989ac0,dd4bc654a
qd4989ac0,dd4be55f8
qd4989ac0,dd4b8bf1c
qd4989ac0,dd4bc8c64
qd4989ac0,dd4c194a2
qd4989ac0,dd4bfc9d8
qd4989ac0,dd498d03a
qd4989ac0,dd4b894d8
qd4989ac0,dd4c4dea0
qd4987784,dd49877e8
qd4987784,dd4c0e5c0
qd4987784,dd4bc0bea
qd4987784,dd4b9cec0
qd4987784,dd4c1a4c4
qd4987784,dd4b92614
qd4987784,dd4be3640
qd4987784,dd4c346bc
qd4987784,dd4c5a20e
qd4987784,dd4b9a36e
qd4983b3e,dd4c5d6ca
qd4983b3e,dd496ca2e
qd4983b3e,dd4bbad1c
qd4983b3e,dd4bd7caa
qd4983b3e,dd498d03a
qd4983b3e,dd4c539b8
qd4983b3e,dd49797ec
qd4983b3e,dd4bec2fe
qd4983b3e,dd4c580b2
qd4983b3e,dd4ba5fa2
qd497843c,dd4bd7caa
qd497843c,dd4c0ce78
qd497843c,dd4bd74e4
qd497843c,dd4bc7db4
qd497843c,dd4977a32
qd497843c,dd4bd5eb4
qd497843c,dd4970318
qd497843c,dd4be623c
qd497843c,dd4bfd414
qd497843c,dd4b89dc0
qd497feb2,dd497875c
qd497feb2,dd497ff02
qd497feb2,dd4bb82e2
qd497feb2,dd4c51b22
qd497feb2,dd4c4e0f8
qd497feb2,dd4b974d4
qd497feb2,dd4bc2e5e
qd497feb2,dd498f254
qd497feb2,dd4bde6cc
qd497feb2,dd4be6fe8
qd4970de0,dd4970e26
qd4970de0,dd496ce98
qd4970de0,dd4c1311a
qd4970de0,dd4c322cc
qd4970de0,dd4c3d78a
qd4970de0,dd4bf5f66
qd4970de0,dd4c4c726
qd4970de0,dd4987a22
qd4970de0,dd4c51988
qd4970de0,dd4979a3a
qd498694c,dd49869a6
qd498694c,dd4ba6eac
qd498694c,dd4c602bc
qd498694c,dd4b9710a
qd498694c,dd4bee9d2
qd498694c,dd4b8e802
qd498694c,dd4c247c6
qd498694c,dd4bb8602
qd498694c,dd4c25cf2
qd498694c,dd4bc9f60
qd497fc46,dd4b8f1c6
qd497fc46,dd4bb90d4
qd497fc46,dd4c36fde
qd497fc46,dd4c65c30
qd497fc46,dd4bcebb4
qd497fc46,dd4b9cde4
qd497fc46,dd4b8eece
qd497fc46,dd4bc7eb8
qd497fc46,dd4b89942
qd497fc46,dd4c0fb0a
qd496dc08,dd498655a
qd496dc08,dd4c5efa2
qd496dc08,dd496dc80
qd496dc08,dd4b8df74
qd496dc08,dd4ba534a
qd496dc08,dd4b8d254
qd496dc08,dd4b8b670
qd496dc08,dd4b9649e
qd496dc08,dd4bcf794
qd496dc08,dd4be9c84
qd498fc86,dd4bbb370
qd498fc86,dd4bcff28
qd498fc86,dd498048e
qd498fc86,dd4c5750e
qd498fc86,dd4bb6a78
qd498fc86,dd497be3e
qd498fc86,dd4b8da4c
qd498fc86,dd4c4dea0
qd498fc86,dd4c14146
qd498fc86,dd4c56898
qd496f404,dd496f454
qd496f404,dd4b91e44
qd496f404,dd4bc9bbe
qd496f404,dd4bb9458
qd496f404,dd4bb43c2
qd496f404,dd4b89eec
qd496f404,dd4c0bce4
qd496f404,dd4970516
qd496f404,dd4989e76
qd496f404,dd4b8b4d6
qd49703d6,dd4bc2044
qd49703d6,dd4c13e26
qd49703d6,dd4b88aa6
qd49703d6,dd4b90bb6
qd49703d6,dd4b9cccc
qd49703d6,dd497edaa
qd49703d6,dd4b8c4ee
qd49703d6,dd4bba18c
qd49703d6,dd4ba002a
qd49703d6,dd497041c
qd4974436,dd496fc06
qd4974436,dd4976a9c
qd4974436,dd4c4ee72
qd4974436,dd4b8f518
qd4974436,dd4bc7c60
qd4974436,dd4bc7b52
qd4974436,dd496d5d2
qd4974436,dd4b917dc
qd4974436,dd4b9405e
qd4974436,dd4c528e2
qd4981bfe,dd497e4cc
qd4981bfe,dd4b89eec
qd4981bfe,dd4bf11a0
qd4981bfe,dd4b9199e
qd4981bfe,dd4bcf42e
qd4981bfe,dd4bc486c
qd4981bfe,dd4c397b6
qd4981bfe,dd4c346bc
qd4981bfe,dd4c63b10
qd4981bfe,dd4c1f226
qd4983256,dd4c04f66
qd4983256,dd4c52d60
qd4983256,dd4c42c8a
qd4983256,dd4bb90d4
qd4983256,dd4c439dc
qd4983256,dd4bedfe6
qd4983256,dd4b8dd76
qd4983256,dd4ba0b10
qd4983256,dd4baca00
qd4983256,dd4c5923c
qd496fd00,dd497d298
qd496fd00,dd4b9e234
qd496fd00,dd497587c
qd496fd00,dd4b9da64
qd496fd00,dd4bf189e
qd496fd00,dd4b9b93a
qd496fd00,dd4b8e046
qd496fd00,dd4b8ce1c
qd496fd00,dd4bcef88
qd496fd00,dd497d70c
qd4988a76,dd4c1bfb8
qd4988a76,dd4bc8b4c
qd4988a76,dd4c4f5de
qd4988a76,dd4c0781a
qd4988a76,dd4bc80a2
qd4988a76,dd4be90a4
qd4988a76,dd497ad9a
qd4988a76,dd4c66176
qd4988a76,dd4c2add8
qd4988a76,dd4c159ec
qd497a926,dd4c0781a
qd497a926,dd4bb5d12
qd497a926,dd4b94ed2
qd497a926,dd4b8a46e
qd497a926,dd4ba534a
qd497a926,dd497cdca
qd497a926,dd4c25cf2
qd497a926,dd4bbf27c
qd497a926,dd4b8e2a8
qd497a926,dd4b8c340
qd498c090,dd498c0cc
qd498c090,dd4bba4f2
qd498c090,dd4c2fb80
qd498c090,dd4984962
qd498c090,dd4baf3ea
qd498c090,dd4bc36b0
qd498c090,dd4b8da4c
qd498c090,dd4ba9922
qd498c090,dd4bd5d88
qd498c090,dd4b8b03a
qd4984a16,dd4bb6b4a
qd4984a16,dd4c31ebc
qd4984a16,dd4970516
qd4984a16,dd4c473d4
qd4984a16,dd4bfd69e
qd4984a16,dd497d036
qd4984a16,dd4bb5efc
qd4984a16,dd4bdd420
qd4984a16,dd4c28ca4
qd4984a16,dd4b916e2
qd4970f34,dd4970f84
qd4970f34,dd496eee6
qd4970f34,dd4979f76
qd4970f34,dd4b9e8ce
qd4970f34,dd4ba7cee
qd4970f34,dd497a67e
qd4970f34,dd4c3d78a
qd4970f34,dd4bacbf4
qd4970f34,dd4c4ad90
qd4970f34,dd4c17a26
qd4971722,dd4b93d66
qd4971722,dd4974328
qd4971722,dd4bed046
qd4971722,dd4bbd300
qd4971722,dd4bdac8e
qd4971722,dd4bc26ca
qd4971722,dd4b93e60
qd4971722,dd4bc86ce
qd4971722,dd4ba13ee
qd4971722,dd4b92f10
qd4987d7e,dd4981082
qd4987d7e,dd4bdf86a
qd4987d7e,dd496ebc6
qd4987d7e,dd497de0a
qd4987d7e,dd4c51d20
qd4987d7e,dd4bde83e
qd4987d7e,dd4bbb096
qd4987d7e,dd496e8ec
qd4987d7e,dd4bd7926
qd4987d7e,dd4c5adf8
qd496c9c0,dd4c5d6ca
qd496c9c0,dd496ca2e
qd496c9c0,dd4bbad1c
qd496c9c0,dd498d03a
qd496c9c0,dd4bd7caa
qd496c9c0,dd49797ec
qd496c9c0,dd4c539b8
qd496c9c0,dd4ba5fa2
qd496c9c0,dd4bec2fe
qd496c9c0,dd4c580b2
qd49856aa,dd4bedfe6
qd49856aa,dd4bbe606
qd49856aa,dd4c4fa2a
qd49856aa,dd4bb82e2
qd49856aa,dd4b8b972
qd49856aa,dd4c57fa4
qd49856aa,dd4c5169a
qd49856aa,dd4bbe44e
qd49856aa,dd4be678c
qd49856aa,dd4bde186
qd49867da,dd498682a
qd49867da,dd49780b8
qd49867da,dd4bfabec
qd49867da,dd4970516
qd49867da,dd4bdddee
qd49867da,dd4c1a4c4
qd49867da,dd4c596a6
qd49867da,dd4bc0f5a
qd49867da,dd4bb43c2
qd49867da,dd4c60c58
qd4987b12,dd4987b58
qd4987b12,dd4c5e048
qd4987b12,dd4c62fb2
qd4987b12,dd4c34acc
qd4987b12,dd4bace88
qd4987b12,dd49775fa
qd4987b12,dd4bb8b20
qd4987b12,dd4bba18c
qd4987b12,dd4c4b81c
qd4987b12,dd4b90774
qd497471a,dd497477e
qd497471a,dd4bb9e4e
qd497471a,dd4b8db3c
qd497471a,dd4b8705c
qd497471a,dd4c5f290
qd497471a,dd4be643a
qd497471a,dd4c4c636
qd497471a,dd4be6cb4
qd497471a,dd4c07df6
qd497471a,dd4ba1ef2
qd498cd6a,dd49781f8
qd498cd6a,dd4bb216c
qd498cd6a,dd4be27ae
qd498cd6a,dd4b9a936
qd498cd6a,dd4c5feac
qd498cd6a,dd4bbbd84
qd498cd6a,dd4bc0dd4
qd498cd6a,dd4b933fc
qd498cd6a,dd4bc0190
qd498cd6a,dd4bb76ee
qd4978054,dd49780b8
qd4978054,dd4b90684
qd4978054,dd4c596a6
qd4978054,dd4bc0f5a
qd4978054,dd4c60c58
qd4978054,dd4bd03a6
qd4978054,dd4974328
qd4978054,dd4b8e046
qd4978054,dd4c5d6ca
qd4978054,dd4c248b6
qd49893e0,dd4b8ebcc
qd49893e0,dd4b87a02
qd49893e0,dd4b92f10
qd49893e0,dd4bd519e
qd49893e0,dd4b93d66
qd49893e0,dd4ba6754
qd49893e0,dd4ba1894
qd49893e0,dd4b8b29c
qd49893e0,dd4c5baf0
qd49893e0,dd4c1b19e
qd497b006,dd4bd05a4
qd497b006,dd4bf3ee6
qd497b006,dd4b9f292
qd497b006,dd4bdc4da
qd497b006,dd4beaaee
qd497b006,dd4bdcf70
qd497b006,dd4b8c016
qd497b006,dd497b06a
qd497b006,dd4c23f60
qd497b006,dd4bb8436
qd498f47a,dd4c37dd0
qd498f47a,dd4bf06ba
qd498f47a,dd4bdbcc4
qd498f47a,dd4b8883a
qd498f47a,dd4c558b2
qd498f47a,dd4c51d20
qd498f47a,dd4bbb096
qd498f47a,dd497de0a
qd498f47a,dd496ebc6
qd498f47a,dd4bcdcaa
qd496ecd4,dd496ed24
qd496ecd4,dd4bde4e2
qd496ecd4,dd4c2069e
qd496ecd4,dd4be5b20
qd496ecd4,dd4bd4a32
qd496ecd4,dd4bdca34
qd496ecd4,dd4c657f8
qd496ecd4,dd4c5029a
qd496ecd4,dd4ba523c
qd496ecd4,dd497f5e8
qd4988152,dd4980a42
qd4988152,dd4bd2250
qd4988152,dd4b885a6
qd4988152,dd4b9f7f6
qd4988152,dd4b87d18
qd4988152,dd4be45d6
qd4988152,dd4c4c208
qd4988152,dd4970642
qd4988152,dd4c2403c
qd4988152,dd4b8ef96
qd498b99c,dd4bfec92
qd498b99c,dd4ba48a0
qd498b99c,dd4b90774
qd498b99c,dd4b918b8
qd498b99c,dd498ba0a
qd498b99c,dd4baf3ea
qd498b99c,dd4c453ae
qd498b99c,dd4c56f32
qd498b99c,dd4bff430
qd498b99c,dd4bd4078
qd496e07c,dd496e0d6
qd496e07c,dd4be9d60
qd496e07c,dd4c0eb56
qd496e07c,dd4b892a8
qd496e07c,dd4978892
qd496e07c,dd4c247c6
qd496e07c,dd4c5d0f8
qd496e07c,dd4ba0214
qd496e07c,dd4ba398c
qd496e07c,dd4be0b84
qd4977e06,dd4bf06ba
qd4977e06,dd496ca2e
qd4977e06,dd4bbce6e
qd4977e06,dd498e52a
qd4977e06,dd4bd7caa
qd4977e06,dd4bf6a7e
qd4977e06,dd4c1eb78
qd4977e06,dd4c346bc
qd4977e06,dd4bc774c
qd4977e06,dd4c5d6ca
qd498cfd6,dd498d03a
qd498cfd6,dd4bf8c16
qd498cfd6,dd4c07ed2
qd498cfd6,dd4b94266
qd498cfd6,dd4c13e26
qd498cfd6,dd4baca00
qd498cfd6,dd4bccf58
qd498cfd6,dd4980dd0
qd498cfd6,dd4b9cccc
qd498cfd6,dd4bb340e
qd4979f26,dd497d504
qd4979f26,dd4b9a63e
qd4979f26,dd4c4cf78
qd4979f26,dd4bff886
qd4979f26,dd4979602
qd4979f26,dd4bd7b9c
qd4979f26,dd4c0c5ea
qd4979f26,dd4bc53f2
qd4979f26,dd4bb5d12
qd4979f26,dd4c3cc86
qd4977410,dd4b8b4d6
qd4977410,dd4c4e62a
qd4977410,dd4bdd344
qd4977410,dd4b9704c
qd4977410,dd49889a4
qd4977410,dd4c10fc8
qd4977410,dd4ba1ace
qd4977410,dd4c51064
qd4977410,dd4bd2bd8
qd4977410,dd4bd3d9e
qd498d90e,dd4b9b93a
qd498d90e,dd4be9ad6
qd498d90e,dd4b93e60
qd498d90e,dd4c39c3e
qd498d90e,dd4b92e48
qd498d90e,dd4bb216c
qd498d90e,dd49781f8
qd498d90e,dd4bbe1b0
qd498d90e,dd4bcce18
qd498d90e,dd4bbf27c
qd497ca32,dd496d15e
qd497ca32,dd4bbc040
qd497ca32,dd4985452
qd497ca32,dd4b9d514
qd497ca32,dd498a524
qd497ca32,dd4bb8fa8
qd497ca32,dd4972a1e
qd497ca32,dd4baa548
qd497ca32,dd4ba7be0
qd497ca32,dd4bfd414
qd497cff0,dd497d036
qd497cff0,dd4ba111e
qd497cff0,dd4c34108
qd497cff0,dd4b8e64a
qd497cff0,dd4ba81f8
qd497cff0,dd4beeb30
qd497cff0,dd4b98866
qd497cff0,dd497b164
qd497cff0,dd4c33f0a
qd497cff0,dd4c1fa00
qd496d3f2,dd496d44c
qd496d3f2,dd4b9ab8e
qd496d3f2,dd4b924de
qd496d3f2,dd498989a
qd496d3f2,dd4c2fb80
qd496d3f2,dd4bcd2e6
qd496d3f2,dd4ba1894
qd496d3f2,dd4c1107c
qd496d3f2,dd4c3e590
qd496d3f2,dd4978b44
qd496eb76,dd4bc91dc
qd496eb76,dd496ebc6
qd496eb76,dd4b8761a
qd496eb76,dd4b8c016
qd496eb76,dd4c5adf8
qd496eb76,dd4c5a718
qd496eb76,dd4bde5c8
qd496eb76,dd4c51d20
qd496eb76,dd4c117c0
qd496eb76,dd4b89ac8
qd498be10,dd4ba72a8
qd498be10,dd4985fd8
qd498be10,dd4bba920
qd498be10,dd4c4e8c8
qd498be10,dd4c0aa92
qd498be10,dd497ab7e
qd498be10,dd49736c6
qd498be10,dd4ba785c
qd498be10,dd4b95daa
qd498be10,dd4b9d0b4
qd497f1d8,dd4bc7db4
qd497f1d8,dd4bd5eb4
qd497f1d8,dd4c26dbe
qd497f1d8,dd4bd002c
qd497f1d8,dd4b8bbf2
qd497f1d8,dd4c3af26
qd497f1d8,dd4bd0162
qd497f1d8,dd496d15e
qd497f1d8,dd4bb216c
qd497f1d8,dd4c51de8
qd49779e2,dd4bd7caa
qd49779e2,dd4bfd414
qd49779e2,dd4bd74e4
qd49779e2,dd4be623c
qd49779e2,dd4977a32
qd49779e2,dd4b89dc0
qd49779e2,dd4bd5eb4
qd49779e2,dd4bc7db4
qd49779e2,dd4b9d514
qd49779e2,dd4c4a3cc
qd496ea54,dd4bdc4da
qd496ea54,dd4c5a9f2
qd496ea54,dd4b8af54
qd496ea54,dd49797ec
qd496ea54,dd497a67e
qd496ea54,dd4b9af30
qd496ea54,dd4b8b4d6
qd496ea54,dd497502a
qd496ea54,dd4bd1de6
qd496ea54,dd4be518e
qd4979b34,dd4bc8c64
qd4979b34,dd4979b84
qd4979b34,dd4c2403c
qd4979b34,dd4c40034
qd4979b34,dd4bb2a5e
qd4979b34,dd4b957d8
qd4979b34,dd4bcd2e6
qd4979b34,dd4b9c16e
qd4979b34,dd4b99bf8
qd4979b34,dd4c5baf0
qd4978afe,dd4b924de
qd4978afe,dd4bcfe2e
qd4978afe,dd4b9ab8e
qd4978afe,dd4978b44
qd4978afe,dd4bb6a78
qd4978afe,dd4be9c84
qd4978afe,dd4c1f3fc
qd4978afe,dd4c5c3b0
qd4978afe,dd4bc15d6
qd4978afe,dd4bbb668
qd4989e12,dd4b9d19a
qd4989e12,dd4bb8436
qd4989e12,dd4b9a558
qd4989e12,dd4bc91dc
qd4989e12,dd4c5adf8
qd4989e12,dd4c453ae
qd4989e12,dd4c091f6
qd4989e12,dd4bce560
qd4989e12,dd4bfe9b8
qd4989e12,dd4bf7f64
qd498aace,dd4c50394
qd498aace,dd497e274
qd498aace,dd4ba660a
qd498aace,dd4c52298
qd498aace,dd4c0831e
qd498aace,dd4c4b920
qd498aace,dd4c5c9e6
qd498aace,dd4bcab5e
qd498aace,dd4be481a
qd498aace,dd4c34dec
qd497d6c6,dd497d70c
qd497d6c6,dd4b87fde
qd497d6c6,dd4c326a0
qd497d6c6,dd4b895c8
qd497d6c6,dd4b9cec0
qd497d6c6,dd4c32b8c
qd497d6c6,dd4c52c70
qd497d6c6,dd49707dc
qd497d6c6,dd49753cc
qd497d6c6,dd4b90e72
qd498d85a,dd4972b86
qd498d85a,dd4baed28
qd498d85a,dd4bad4e6
qd498d85a,dd4c3c8e4
qd498d85a,dd4bb2b58
qd498d85a,dd496ddd4
qd498d85a,dd497774e
qd498d85a,dd497d504
qd498d85a,dd4bed3b6
qd498d85a,dd4baab10
qd497f58e,dd496ed24
qd497f58e,dd4bde4e2
qd497f58e,dd4be5b20
qd497f58e,dd4b905bc
qd497f58e,dd4c4dda6
qd497f58e,dd4c2069e
qd497f58e,dd4c55682
qd497f58e,dd4bcb644
qd497f58e,dd4bbd8a0
qd497f58e,dd4c2403c
qd498a4d4,dd4bbc040
qd498a4d4,dd4ba276c
qd498a4d4,dd497e4cc
qd498a4d4,dd4985452
qd498a4d4,dd4bb8fa8
qd498a4d4,dd4c0ce78
qd498a4d4,dd4b8e8f2
qd498a4d4,dd4b9e234
qd498a4d4,dd4c06532
qd498a4d4,dd4c2423a
qd4983a30,dd496f5c6
qd4983a30,dd4bbe2a0
qd4983a30,dd4bab3e4
qd4983a30,dd4bb1960
qd4983a30,dd4c56bb8
qd4983a30,dd4be1700
qd4983a30,dd4c0119a
qd4983a30,dd4c2f5a4
qd4983a30,dd4b905bc
qd4983a30,dd4bcfc62
qd498fe8e,dd49780b8
qd498fe8e,dd4c596a6
qd498fe8e,dd4970516
qd498fe8e,dd4b90684
qd498fe8e,dd4bc0f5a
qd498fe8e,dd4c60c58
qd498fe8e,dd4b8e046
qd498fe8e,dd4bd03a6
qd498fe8e,dd498d03a
qd498fe8e,dd4c5d6ca
qd498458e,dd4c5f290
qd498458e,dd497477e
qd498458e,dd4b8db3c
qd498458e,dd4b8705c
qd498458e,dd4bb9e4e
qd498458e,dd4be6cb4
qd498458e,dd4be643a
qd498458e,dd4c4c636
qd498458e,dd4c07df6
qd498458e,dd4ba1ef2
qd497b25e,dd4b8f1c6
qd497b25e,dd4c36fde
qd497b25e,dd4c65c30
qd497b25e,dd4b8ece4
qd497b25e,dd4bfde14
qd497b25e,dd4bcebb4
qd497b25e,dd4c65e10
qd497b25e,dd4bd938e
qd497b25e,dd4bb123a
qd497b25e,dd4bdfb4e
qd4984afc,dd4bb5d12
qd4984afc,dd4b94ed2
qd4984afc,dd4c0781a
qd4984afc,dd4ba534a
qd4984afc,dd4b8c340
qd4984afc,dd497cdca
qd4984afc,dd4b8a46e
qd4984afc,dd4b8a14e
qd4984afc,dd4bbf27c
qd4984afc,dd4bd73ea
qd497dedc,dd4c53f26
qd497dedc,dd4c45e44
qd497dedc,dd4b9cec0
qd497dedc,dd4be2862
qd497dedc,dd4b9649e
qd497dedc,dd4b9ea7c
qd497dedc,dd4bc7db4
qd497dedc,dd4b8df74
qd497dedc,dd4bbd5e4
qd497dedc,dd4bc33e0
qd4981e6a,dd496e554
qd4981e6a,dd4ba8a5e
qd4981e6a,dd4bbf57e
qd4981e6a,dd4b9c16e
qd4981e6a,dd4bc9f60
qd4981e6a,dd4b9ef54
qd4981e6a,dd496df64
qd4981e6a,dd4970318
qd4981e6a,dd4c0748c
qd4981e6a,dd4c0aa92
qd4975aca,dd4ba5c0a
qd4975aca,dd4b8a6b2
qd4975aca,dd4c14146
qd4975aca,dd4bad4e6
qd4975aca,dd4b9d19a
qd4975aca,dd4bdd6dc
qd4975aca,dd496e554
qd4975aca,dd4ba057a
qd4975aca,dd4c1107c
qd4975aca,dd4b95daa
qd4983508,dd4b8f842
qd4983508,dd497ccb2
qd4983508,dd4b8a6b2
qd4983508,dd4bd368c
qd4983508,dd4c5750e
qd4983508,dd4c0e6ec
qd4983508,dd4b95daa
qd4983508,dd4c3f79c
qd4983508,dd4ba057a
qd4983508,dd4973d88
qd4985d26,dd4bebf02
qd4985d26,dd4978f5e
qd4985d26,dd4bbd5e4
qd4985d26,dd4bb6a78
qd4985d26,dd4bd3d9e
qd4985d26,dd4bd2bd8
qd4985d26,dd4be2b32
qd4985d26,dd4bcaf0a
qd4985d26,dd4be9c84
qd4985d26,dd4c520b8
qd496efe0,dd4bdb65c
qd496efe0,dd4b916e2
qd496efe0,dd4c17616
qd496efe0,dd49749cc
qd496efe0,dd4bbd300
qd496efe0,dd4bc45a6
qd496efe0,dd4c47582
qd496efe0,dd4c5a7ea
qd496efe0,dd4c248b6
qd496efe0,dd4bf094e
qd498885a,dd4976808
qd498885a,dd4bc62ca
qd498885a,dd4bb810c
qd498885a,dd4bdeac8
qd498885a,dd4b890be
qd498885a,dd4b9b7f0
qd498885a,dd4bbec82
qd498885a,dd4984020
qd498885a,dd4c5081c
qd498885a,dd4befcce
qd497ed64,dd4b8c4ee
qd497ed64,dd497edaa
qd497ed64,dd4975d4a
qd497ed64,dd4c13e26
qd497ed64,dd4b9cccc
qd497ed64,dd4c4b6be
qd497ed64,dd4c1201c
qd497ed64,dd4bb3026
qd497ed64,dd4bc0adc
qd497ed64,dd4976682
qd49812d0,dd4970642
qd49812d0,dd4b902a6
qd49812d0,dd4bbdb16
qd49812d0,dd4c4c208
qd49812d0,dd4c5f894
qd49812d0,dd4bf7a0a
qd49812d0,dd4bd2250
qd49812d0,dd4bdcc0a
qd49812d0,dd4ba203c
qd49812d0,dd49827d4
qd497a26e,dd4c5e048
qd497a26e,dd496f968
qd497a26e,dd4bcd4da
qd497a26e,dd49775fa
qd497a26e,dd4985e7a
qd497a26e,dd4bcb644
qd497a26e,dd497b06a
qd497a26e,dd4c529be
qd497a26e,dd4987b58
qd497a26e,dd4bd5d88
qd497e878,dd4ba002a
qd497e878,dd4c4b6be
qd497e878,dd4976682
qd497e878,dd4b96ca0
qd497e878,dd4b8c4ee
qd497e878,dd4985e7a
qd497e878,dd4bc2f30
qd497e878,dd4c538a0
qd497e878,dd497edaa
qd497e878,dd4c56e56
qd4973504,dd4be1b9c
qd4973504,dd4beac7e
qd4973504,dd4c1e0e2
qd4973504,dd4bea9d6
qd4973504,dd497354a
qd4973504,dd4c53260
qd4973504,dd4c07ed2
qd4973504,dd4bbd8a0
qd4973504,dd4bcd94e
qd4973504,dd4b9cfc4
qd49770fa,dd4970642
qd49770fa,dd4b902a6
qd49770fa,dd4bbdb16
qd49770fa,dd4bf7a0a
qd49770fa,dd4c4c208
qd49770fa,dd4c5f894
qd49770fa,dd4ba203c
qd49770fa,dd4c4d342
qd49770fa,dd49827d4
qd49770fa,dd4978f5e
qd49878ce,dd4bd519e
qd49878ce,dd4bbb17c
qd49878ce,dd4b912fa
qd49878ce,dd49818fc
qd49878ce,dd4b93d66
qd49878ce,dd4b87a02
qd49878ce,dd4b9a936
qd49878ce,dd4b92f10
qd49878ce,dd4ba6754
qd49878ce,dd4bc80a2
qd498482c,dd497b524
qd498482c,dd4c08e0e
qd498482c,dd4b96ca0
qd498482c,dd4c4ef80
qd498482c,dd4b916e2
qd498482c,dd4bca866
qd498482c,dd4bbf380
qd498482c,dd4bf3ee6
qd498482c,dd4b94ce8
qd498482c,dd4c528e2
qd497cb22,dd4b8ebcc
qd497cb22,dd4b87a02
qd497cb22,dd496d938
qd497cb22,dd4b92f10
qd497cb22,dd4ba3e6e
qd497cb22,dd4be0b84
qd497cb22,dd4b93d66
qd497cb22,dd4ba91e8
qd497cb22,dd4b9a936
qd497cb22,dd4b86b98
qd497da68,dd497da9a
qd497da68,dd497340a
qd497da68,dd4c46150
qd497da68,dd4b8dd76
qd497da68,dd4c51a78
qd497da68,dd497b29a
qd497da68,dd4b95a76
qd497da68,dd497c582
qd497da68,dd4ba111e
qd497da68,dd4bb1d3e
qd497562e,dd4bdd286
qd497562e,dd4b8f61c
qd497562e,dd497692a
qd497562e,dd4c4d248
qd497562e,dd4bb66cc
qd497562e,dd4c520b8
qd497562e,dd496df64
qd497562e,dd4b8a6b2
qd497562e,dd497ccb2
qd497562e,dd4c0781a
qd498b6d6,dd4c39c3e
qd498b6d6,dd4972a1e
qd498b6d6,dd4c1a4c4
qd498b6d6,dd4bf11a0
qd498b6d6,dd4b94266
qd498b6d6,dd4b9b6ba
qd498b6d6,dd4b9b93a
qd498b6d6,dd4bd002c
qd498b6d6,dd4ba3d92
qd498b6d6,dd4ba276c
qd498eb10,dd496f5c6
qd498eb10,dd4bbe2a0
qd498eb10,dd4c0119a
qd498eb10,dd4be4e3c
qd498eb10,dd4c6501e
qd498eb10,dd4b917dc
qd498eb10,dd4c16536
qd498eb10,dd4bcfc62
qd498eb10,dd4bc0884
qd498eb10,dd4bb10f0
qd498fd94,dd4b9cccc
qd498fd94,dd4bde83e
qd498fd94,dd4979094
qd498fd94,dd497edaa
qd498fd94,dd4bd9d20
qd498fd94,dd4bbab00
qd498fd94,dd497041c
qd498fd94,dd498ba0a
qd498fd94,dd4bfefa8
qd498fd94,dd4bc2044
qd496fa58,dd496faa8
qd496fa58,dd4c65c30
qd496fa58,dd4b971e6
qd496fa58,dd4b8eece
qd496fa58,dd4c5304e
qd496fa58,dd4bb7a0e
qd496fa58,dd4c0fb0a
qd496fa58,dd4c36fde
qd496fa58,dd4c0f696
qd496fa58,dd4be6340
qd4981640,dd49816a4
qd4981640,dd497e134
qd4981640,dd4c5f498
qd4981640,dd4bb6870
qd4981640,dd4b87c00
qd4981640,dd496e554
qd4981640,dd4c31dd6
qd4981640,dd4c37394
qd4981640,dd4bcd2e6
qd4981640,dd4c12896
qd497eb2a,dd4976808
qd497eb2a,dd4bb810c
qd497eb2a,dd4bdeac8
qd497eb2a,dd4bc62ca
qd497eb2a,dd4c1edb2
qd497eb2a,dd4b8a270
qd497eb2a,dd4baad2c
qd497eb2a,dd4984020
qd497eb2a,dd4976682
qd497eb2a,dd4b9d6ea
qd496cfc4,dd4be2196
qd496cfc4,dd4bd65e4
qd496cfc4,dd496d014
qd496cfc4,dd4b8cf20
qd496cfc4,dd4beee14
qd496cfc4,dd4bbe1b0
qd496cfc4,dd4c11518
qd496cfc4,dd4b900b2
qd496cfc4,dd4be5d3c
qd496cfc4,dd4b915f2
qd497d5c2,dd4ba002a
qd497d5c2,dd4985e7a
qd497d5c2,dd4976682
qd497d5c2,dd4bc2f30
qd497d5c2,dd4bc0adc
qd497d5c2,dd4c32894
qd497d5c2,dd4bc80a2
qd497d5c2,dd4c4b6be
qd497d5c2,dd4c1201c
qd497d5c2,dd4b96ca0
qd497d964,dd49763da
qd497d964,dd4bda02c
qd497d964,dd4b9bda4
qd497d964,dd4bc86ce
qd497d964,dd4979094
qd497d964,dd4989e76
qd497d964,dd4b96390
qd497d964,dd4bc9bbe
qd497d964,dd4c538a0
qd497d964,dd4c002fe
qd497729e,dd4971178
qd497729e,dd4bfabec
qd497729e,dd4977c4e
qd497729e,dd4bb885a
qd497729e,dd4c3e590
qd497729e,dd4bb4980
qd497729e,dd4ba8144
qd497729e,dd4b9d410
qd497729e,dd4b9d19a
qd497729e,dd4bbee44
qd49813d4,dd4bb2b58
qd49813d4,dd496ddd4
qd49813d4,dd4c5d0f8
qd49813d4,dd4bb3d8c
qd49813d4,dd4bcfe2e
qd49813d4,dd4c121fc
qd49813d4,dd4bccc06
qd49813d4,dd4be687c
qd49813d4,dd4984962
qd49813d4,dd4bcb0cc
qd496df14,dd496df64
qd496df14,dd4ba3d92
qd496df14,dd4bf3ee6
qd496df14,dd4bf8c16
qd496df14,dd4ba534a
qd496df14,dd4be2d44
qd496df14,dd4bdbc06
qd496df14,dd496cd4e
qd496df14,dd4c54aca
qd496df14,dd4bbe1b0
qd4973d42,dd4bc6b26
qd4973d42,dd4b89ff0
qd4973d42,dd4973d88
qd4973d42,dd4bad842
qd4973d42,dd4be9c84
qd4973d42,dd4c5937c
qd4973d42,dd4c5efa2
qd4973d42,dd4975c1e
qd4973d42,dd4bc4a56
qd4973d42,dd4b9445a
qd49704da,dd4be678c
qd49704da,dd4973c8e
qd49704da,dd4bb9458
qd49704da,dd4c07df6
qd49704da,dd4bed492
qd49704da,dd498989a
qd49704da,dd4b894d8
qd49704da,dd4c52716
qd49704da,dd4c37498
qd49704da,dd4c1201c
qd497cc6c,dd4bdd286
qd497cc6c,dd4b87214
qd497cc6c,dd497ccb2
qd497cc6c,dd497692a
qd497cc6c,dd4c33d0c
qd497cc6c,dd4bdb56c
qd497cc6c,dd4bca942
qd497cc6c,dd4b937e4
qd497cc6c,dd4bb66cc
qd497cc6c,dd4bfb628
qd496e374,dd4bda02c
qd496e374,dd4bdf86a
qd496e374,dd4c4b6be
qd496e374,dd4c4af66
qd496e374,dd4981082
qd496e374,dd4bb3648
qd496e374,dd4b9d19a
qd496e374,dd4bd4532
qd496e374,dd4b9fb70
qd496e374,dd4b93b5e
qd4975cf0,dd4975d4a
qd4975cf0,dd4c32894
qd4975cf0,dd4b8c4ee
qd4975cf0,dd4bb3026
qd4975cf0,dd4bb7018
qd4975cf0,dd4c4b6be
qd4975cf0,dd4c1201c
qd4975cf0,dd4ba002a
qd4975cf0,dd4bfefa8
qd4975cf0,dd4bff188
qd4983fc6,dd4984020
qd4983fc6,dd4bc62ca
qd4983fc6,dd4befcce
qd4983fc6,dd4b9a36e
qd4983fc6,dd4c5aae2
qd4983fc6,dd4b890be
qd4983fc6,dd4976808
qd4983fc6,dd4b9b12e
qd4983fc6,dd4bb810c
qd4983fc6,dd4bdeac8
qd4983ea4,dd4c121fc
qd4983ea4,dd4bcfe2e
qd4983ea4,dd496ddd4
qd4983ea4,dd4bb2b58
qd4983ea4,dd4bccc06
qd4983ea4,dd4bb3d8c
qd4983ea4,dd4984962
qd4983ea4,dd4c5d0f8
qd4983ea4,dd4b9849c
qd4983ea4,dd4be687c
qd49879d2,dd4987a22
qd49879d2,dd4c13c64
qd49879d2,dd4bb293c
qd49879d2,dd4c30b66
qd49879d2,dd4bde6cc
qd49879d2,dd4bcc45e
qd49879d2,dd4bc899e
qd49879d2,dd4bc1b94
qd49879d2,dd4c5e502
qd49879d2,dd4c1cc9c
qd4987266,dd49818fc
qd4987266,dd4b93d66
qd4987266,dd4c159ec
qd4987266,dd4b936f4
qd4987266,dd4bd519e
qd4987266,dd4b9a936
qd4987266,dd4ba6754
qd4987266,dd4c52298
qd4987266,dd497ad9a
qd4987266,dd4bc80a2
qd4980204,dd497477e
qd4980204,dd4b8db3c
qd4980204,dd4bb9e4e
qd4980204,dd4b8705c
qd4980204,dd4c4c636
qd4980204,dd4c07df6
qd4980204,dd4be6cb4
qd4980204,dd4bb2d7e
qd4980204,dd4be643a
qd4980204,dd4ba1ef2
qd4972c76,dd4981082
qd4972c76,dd4bdf86a
qd4972c76,dd4b9d19a
qd4972c76,dd498a3da
qd4972c76,dd4c38834
qd4972c76,dd4bd4532
qd4972c76,dd4b908e6
qd4972c76,dd4b8e64a
qd4972c76,dd4c5adf8
qd4972c76,dd4bf3fd6
qd498f858,dd4bd1d0a
qd498f858,dd4b96e3a
qd498f858,dd4976682
qd498f858,dd4bc2044
qd498f858,dd4c0aa92
qd498f858,dd4bfda0e
qd498f858,dd4c4e1f2
qd498f858,dd4bd002c
qd498f858,dd4c4ac6e
qd498f858,dd4bcc45e
qd4987c84,dd49869a6
qd4987c84,dd4c187be
qd4987c84,dd4bad72a
qd4987c84,dd4b9df82
qd4987c84,dd4ba28b6
qd4987c84,dd4bee9d2
qd4987c84,dd4bb8602
qd4987c84,dd4b9710a
qd4987c84,dd4978b44
qd4987c84,dd4b980aa
qd497c672,dd497c6ae
qd497c672,dd4c11b12
qd497c672,dd4c529be
qd497c672,dd4bee4e6
qd497c672,dd4973c8e
qd497c672,dd4b88498
qd497c672,dd4c52298
qd497c672,dd4c5a100
qd497c672,dd4bb885a
qd497c672,dd4c32894
qd498764e,dd4bb82e2
qd498764e,dd4bd2822
qd498764e,dd4c3eb94
qd498764e,dd4bccb34
qd498764e,dd4c4d108
qd498764e,dd4bcf532
qd498764e,dd4c4cc62
qd498764e,dd4bd938e
qd498764e,dd4bf03ea
qd498764e,dd4bbae02
qd4978f04,dd4bebf02
qd4978f04,dd4978f5e
qd4978f04,dd4c2663e
qd4978f04,dd4b914c6
qd4978f04,dd498048e
qd4978f04,dd4bd3d9e
qd4978f04,dd4bcaf0a
qd4978f04,dd4c0bce4
qd4978f04,dd4bd2bd8
qd4978f04,dd4bf7820
qd49767c2,dd4c4fc1e
qd49767c2,dd4befcce
qd49767c2,dd4bfb420
qd49767c2,dd4bda392
qd49767c2,dd4b8e046
qd49767c2,dd4bf06ba
qd49767c2,dd4bfeaee
qd49767c2,dd4c20842
qd49767c2,dd4c4ed78
qd49767c2,dd4b9ec5c
qd498f9c0,dd4ba4e36
qd498f9c0,dd4c648e4
qd498f9c0,dd4c1fcb2
qd498f9c0,dd4ba9f94
qd498f9c0,dd4c544d0
qd498f9c0,dd4bcab5e
qd498f9c0,dd4bb7108
qd498f9c0,dd4bcf62c
qd498f9c0,dd4c024aa
qd498f9c0,dd4bac14a
qd497d39c,dd4972b86
qd497d39c,dd4baed28
qd497d39c,dd4bad4e6
qd497d39c,dd4c24e1a
qd497d39c,dd4c0f696
qd497d39c,dd4c558b2
qd497d39c,dd497774e
qd497d39c,dd4c4bc68
qd497d39c,dd4bd6166
qd497d39c,dd4bb10f0
qd498540c,dd496d15e
qd498540c,dd4985452
qd498540c,dd4bd002c
qd498540c,dd4bd5eb4
qd498540c,dd4b9d514
qd498540c,dd498a524
qd498540c,dd4bb8fa8
qd498540c,dd4baa548
qd498540c,dd4bfd414
qd498540c,dd4972a1e
qd4988d64,dd496daaa
qd4988d64,dd4c248b6
qd4988d64,dd4bf094e
qd4988d64,dd4974328
qd4988d64,dd4b916e2
qd4988d64,dd4bf6a7e
qd4988d64,dd4b9c02e
qd4988d64,dd4987a22
qd4988d64,dd4b9c790
qd4988d64,dd4bdb65c
qd4982a22,dd4b973b2
qd4982a22,dd4982158
qd4982a22,dd4bb5506
qd4982a22,dd4c2bb20
qd4982a22,dd4b9dc1c
qd4982a22,dd4c0a39e
qd4982a22,dd4bb3b48
qd4982a22,dd4bb655a
qd4982a22,dd4baaef8
qd4982a22,dd4c2f5a4
qd496fe5e,dd496fea4
qd496fe5e,dd4c5f894
qd496fe5e,dd4bf7a0a
qd496fe5e,dd4be409a
qd496fe5e,dd4c4dfcc
qd496fe5e,dd497e134
qd496fe5e,dd4974b0c
qd496fe5e,dd4c2d858
qd496fe5e,dd4c31dd6
qd496fe5e,dd4bca5fa
qd4984912,dd4984962
qd4984912,dd4c619b4
qd4984912,dd4c6528a
qd4984912,dd4bcd5f2
qd4984912,dd4bf2bcc
qd4984912,dd4c109d8
qd4984912,dd4be8cbc
qd4984912,dd4bc8c64
qd4984912,dd4be50b2
qd4984912,dd4bf5e44
qd497d7e8,dd4bd153a
qd497d7e8,dd4c4f5de
qd497d7e8,dd4bc9f60
qd497d7e8,dd4ba6754
qd497d7e8,dd4b8e2a8
qd497d7e8,dd4bfabec
qd497d7e8,dd497d842
qd497d7e8,dd4b9445a
qd497d7e8,dd4ba1894
qd497d7e8,dd4c2add8
qd4985556,dd4b8b4d6
qd4985556,dd4c4e62a
qd4985556,dd4c5a9f2
qd4985556,dd497502a
qd4985556,dd497a67e
qd4985556,dd4c10fc8
qd4985556,dd4bd2bd8
qd4985556,dd4bd3d9e
qd4985556,dd4c2663e
qd4985556,dd4bf7820
qd498efb6,dd49781f8
qd498efb6,dd4bb216c
qd498efb6,dd4be27ae
qd498efb6,dd4b933fc
qd498efb6,dd4bbbd84
qd498efb6,dd4bc0dd4
qd498efb6,dd4bde3c0
qd498efb6,dd4b92e48
qd498efb6,dd4c4a3cc
qd498efb6,dd4bb76ee
qd497bbdc,dd4b87d18
qd497bbdc,dd4c4d626
qd497bbdc,dd4bd2250
qd497bbdc,dd4ba3590
qd497bbdc,dd4be45d6
qd497bbdc,dd4b894d8
qd497bbdc,dd4bb0bb4
qd497bbdc,dd4c5614a
qd497bbdc,dd4b902a6
qd497bbdc,dd4b9f7f6
qd498d30a,dd4989e76
qd498d30a,dd4c002fe
qd498d30a,dd4b9dc1c
qd498d30a,dd4bacbf4
qd498d30a,dd4979094
qd498d30a,dd4bf91ac
qd498d30a,dd4970f84
qd498d30a,dd4b88498
qd498d30a,dd4b9e478
qd498d30a,dd49732c0
qd498a826,dd49869a6
qd498a826,dd4bb8602
qd498a826,dd4bee9d2
qd498a826,dd4b90ada
qd498a826,dd4bb284c
qd498a826,dd4bbe1b0
qd498a826,dd4bbc31a
qd498a826,dd4bde26c
qd498a826,dd4bcff28
qd498a826,dd4b9df82
qd497e5a8,dd4bcbde2
qd497e5a8,dd4bacaf0
qd497e5a8,dd4c03b7a
qd497e5a8,dd4c2e726
qd497e5a8,dd4bad842
qd497e5a8,dd4be17fa
qd497e5a8,dd4bc0dd4
qd497e5a8,dd4ba3e6e
qd497e5a8,dd496d938
qd497e5a8,dd4c1141e
qd498e282,dd49785cc
qd498e282,dd497567e
qd498e282,dd4c59dea
qd498e282,dd4c22ebc
qd498e282,dd4bab3e4
qd498e282,dd4bb1960
qd498e282,dd4c30d0a
qd498e282,dd4bf6178
qd498e282,dd4b9df82
qd498e282,dd4bb8b20
qd496f2b0,dd4985e7a
qd496f2b0,dd4bd8682
qd496f2b0,dd4bac14a
qd496f2b0,dd4b892a8
qd496f2b0,dd4b920e2
qd496f2b0,dd4bfda0e
qd496f2b0,dd4bce7a4
qd496f2b0,dd4c33f0a
qd496f2b0,dd4bd1c42
qd496f2b0,dd4980772
qd4970778,dd4bca866
qd4970778,dd4bbc040
qd4970778,dd49707dc
qd4970778,dd4c63b10
qd4970778,dd4985452
qd4970778,dd4c0ce78
qd4970778,dd4b8bf1c
qd4970778,dd4b99afe
qd4970778,dd4b9b93a
qd4970778,dd4bcef88
qd498fbaa,dd4c596a6
qd498fbaa,dd4970516
qd498fbaa,dd4bd03a6
qd498fbaa,dd4b9b6ba
qd498fbaa,dd4c31ebc
qd498fbaa,dd4bfd69e
qd498fbaa,dd4bc0f5a
qd498fbaa,dd4c473d4
qd498fbaa,dd4b90684
qd498fbaa,dd497354a
qd4976fc4,dd4bbc202
qd4976fc4,dd4bac726
qd4976fc4,dd4be4e3c
qd4976fc4,dd4bbb276
qd4976fc4,dd4c4c53c
qd4976fc4,dd4bcfc62
qd4976fc4,dd4982158
qd4976fc4,dd4c4a2c8
qd4976fc4,dd4bdf78e
qd4976fc4,dd4c4f7aa
qd4984fac,dd4c52d60
qd4984fac,dd4c37498
qd4984fac,dd4c42c8a
qd4984fac,dd4c04f66
qd4984fac,dd4bfdaea
qd4984fac,dd4b97e7a
qd4984fac,dd4bbb370
qd4984fac,dd4c439dc
qd4984fac,dd4baca00
qd4984fac,dd4b8dd76
qd49886d4,dd4bcd4da
qd49886d4,dd4b892a8
qd49886d4,dd4ba398c
qd49886d4,dd4984962
qd49886d4,dd4bd3484
qd49886d4,dd4b920e2
qd49886d4,dd4bbe84a
qd49886d4,dd4c2403c
qd49886d4,dd4b92b32
qd49886d4,dd4980772
qd497a0fc,dd4c17f9e
qd497a0fc,dd4bd230e
qd497a0fc,dd4bfd69e
qd497a0fc,dd4c31ebc
qd497a0fc,dd4bed97e
qd497a0fc,dd4b9cfc4
qd497a0fc,dd4c0bce4
qd497a0fc,dd4bccc06
qd497a0fc,dd49707dc
qd497a0fc,dd4b8d768
qd4983918,dd497da9a
qd4983918,dd497340a
qd4983918,dd4b8fc2a
qd4983918,dd4c5feac
qd4983918,dd4bbbd84
qd4983918,dd4972226
qd4983918,dd4c39c3e
qd4983918,dd4ba111e
qd4983918,dd4bcf42e
qd4983918,dd4b97e7a
qd497b650,dd497b6a0
qd497b650,dd4be2c5e
qd497b650,dd4bde186
qd497b650,dd4bdb3be
qd497b650,dd498c338
qd497b650,dd49797ec
qd497b650,dd4bd65e4
qd497b650,dd498af42
qd497b650,dd4bf3ee6
qd497b650,dd4c4af66
qd498bcda,dd4bc8c64
qd498bcda,dd4979b84
qd498bcda,dd4c40034
qd498bcda,dd4b9c16e
qd498bcda,dd4c4ca28
qd498bcda,dd4c2403c
qd498bcda,dd4bb3742
qd498bcda,dd49759bc
qd498bcda,dd4c64272
qd498bcda,dd4b99bf8
qd4981776,dd4bca866
qd4981776,dd4c63b10
qd4981776,dd4b9b93a
qd4981776,dd497d14e
qd4981776,dd4bca276
qd4981776,dd4c17616
qd4981776,dd4b87912
qd4981776,dd4c58d46
qd4981776,dd4b8e046
qd4981776,dd4bcef88
qd498e372,dd4c37dd0
qd498e372,dd4b9f292
qd498e372,dd498af42
qd498e372,dd4b8c016
qd498e372,dd49797ec
qd498e372,dd4bde5c8
qd498e372,dd496ebc6
qd498e372,dd497d298
qd498e372,dd4beaaee
qd498e372,dd4b8761a
qd496e64e,dd4b952d8
qd496e64e,dd4b8d65a
qd496e64e,dd4bdac8e
qd496e64e,dd4c55cc2
qd496e64e,dd4c4d824
qd496e64e,dd4b8d844
qd496e64e,dd4bc86ce
qd496e64e,dd496e694
qd496e64e,dd4bb416a
qd496e64e,dd4c002fe
qd49708fe,dd4970944
qd49708fe,dd4c42172
qd49708fe,dd4c4e0f8
qd49708fe,dd4c5a20e
qd49708fe,dd4bd7228
qd49708fe,dd4b974d4
qd49708fe,dd4c0f696
qd49708fe,dd497e760
qd49708fe,dd4c46150
qd49708fe,dd4bdec9e
qd498abe6,dd49736c6
qd498abe6,dd4bbae02
qd498abe6,dd4b87b10
qd498abe6,dd4c4e0f8
qd498abe6,dd4c5923c
qd498abe6,dd497875c
qd498abe6,dd497ff02
qd498abe6,dd4b974d4
qd498abe6,dd4bc2e5e
qd498abe6,dd4bdad7e
qd497d266,dd497d298
qd497d266,dd4c07a04
qd497d266,dd4c4c726
qd497d266,dd4bf3ee6
qd497d266,dd4b8c5c0
qd497d266,dd4c598ea
qd497d266,dd4c1eb78
qd497d266,dd4b98f46
qd497d266,dd4c5c6e4
qd497d266,dd4bb4da4
qd497a84a,dd4bc6b26
qd497a84a,dd4973d88
qd497a84a,dd4bad842
qd497a84a,dd4b89ff0
qd497a84a,dd4be9c84
qd497a84a,dd4c1f3fc
qd497a84a,dd4c5c3b0
qd497a84a,dd4bbb668
qd497a84a,dd4975c1e
qd497a84a,dd496f026
qd4983c4c,dd4bdeac8
qd4983c4c,dd4984020
qd4983c4c,dd4c43efa
qd4983c4c,dd4c1cc9c
qd4983c4c,dd4bc2044
qd4983c4c,dd496cbc8
qd4983c4c,dd4b90bb6
qd4983c4c,dd4bb810c
qd4983c4c,dd4976808
qd4983c4c,dd4c121fc
qd49714d4,dd4971510
qd49714d4,dd4b894d8
qd49714d4,dd4c4c53c
qd49714d4,dd4c0f696
qd49714d4,dd4c46150
qd49714d4,dd4bde6cc
qd49714d4,dd4b9da64
qd49714d4,dd4985452
qd49714d4,dd4b9b93a
qd49714d4,dd4b8cc96
qd498f204,dd4c439dc
qd498f204,dd4bb1d3e
qd498f204,dd4980376
qd498f204,dd4ba057a
qd498f204,dd4c3d8a2
qd498f204,dd4b979de
qd498f204,dd496c81c
qd498f204,dd4c64a9c
qd498f204,dd4c0e6ec
qd498f204,dd4b91048
qd497dcde,dd4c55cc2
qd497dcde,dd496e694
qd497dcde,dd4bdac8e
qd497dcde,dd4bb416a
qd497dcde,dd4b8d65a
qd497dcde,dd4bc86ce
qd497dcde,dd4b952d8
qd497dcde,dd4973d88
qd497dcde,dd4c002fe
qd497dcde,dd4bd2e3a
qd497f9bc,dd4bef5da
qd497f9bc,dd4c528e2
qd497f9bc,dd4bbf380
qd497f9bc,dd4bafc78
qd497f9bc,dd4b9ec5c
qd497f9bc,dd497b9d4
qd497f9bc,dd4bb7270
qd497f9bc,dd4bb4980
qd497f9bc,dd4c5937c
qd497f9bc,dd4970aa2
qd496cb6e,dd4c0aa92
qd496cb6e,dd4b9c16e
qd496cb6e,dd4bcc45e
qd496cb6e,dd4b96e3a
qd496cb6e,dd4bd1d0a
qd496cb6e,dd498cefa
qd496cb6e,dd4bdd6dc
qd496cb6e,dd4bc2044
qd496cb6e,dd4c1edb2
qd496cb6e,dd4b90bb6
qd497ec92,dd497d298
qd497ec92,dd4c02568
qd497ec92,dd4bbf650
qd497ec92,dd4b94ff4
qd497ec92,dd4b8e046
qd497ec92,dd4bbc040
qd497ec92,dd4bca866
qd497ec92,dd4c0ce78
qd497ec92,dd4c63b10
qd497ec92,dd4b97f56
qd496d8f2,dd496d938
qd496d8f2,dd4bc1504
qd496d8f2,dd4c602bc
qd496d8f2,dd4b912fa
qd496d8f2,dd4c03b7a
qd496d8f2,dd496d30c
qd496d8f2,dd4be17fa
qd496d8f2,dd4bc6b26
qd496d8f2,dd4c247c6
qd496d8f2,dd4bc0dd4
qd498103c,dd4981082
qd498103c,dd4be7d3a
qd498103c,dd4c62fb2
qd498103c,dd4ba48a0
qd498103c,dd4987f04
qd498103c,dd4bf7f64
qd498103c,dd4bf11a0
qd498103c,dd4bfd5b8
qd498103c,dd4985fd8
qd498103c,dd4bfe9b8
qd498043e,dd4b9d0b4
qd498043e,dd4bc654a
qd498043e,dd4bbec82
qd498043e,dd4b87796
qd498043e,dd4c0e6ec
qd498043e,dd4bb26d0
qd498043e,dd4c5081c
qd498043e,dd4b982d0
qd498043e,dd4c0680c
qd498043e,dd4c30b66
qd4980f24,dd4c355f8
qd4980f24,dd4980f7e
qd4980f24,dd4ba1894
qd4980f24,dd4bb5c2c
qd4980f24,dd4bd938e
qd4980f24,dd4bc8c64
qd4980f24,dd4b8ef96
qd4980f24,dd4b8ebcc
qd4980f24,dd4bdbed6
qd4980f24,dd4bb2a5e
qd4977be0,dd4977c4e
qd4977be0,dd4971178
qd4977be0,dd4c2fb80
qd4977be0,dd4bb885a
qd4977be0,dd4c4f5de
qd4977be0,dd4c3e590
qd4977be0,dd4b92a2e
qd4977be0,dd4ba8144
qd4977be0,dd4bd0d60
qd4977be0,dd4c0dc24
qd498a100,dd4984962
qd498a100,dd4b8ebcc
qd498a100,dd4bcd5f2
qd498a100,dd4bcbb1c
qd498a100,dd4bac14a
qd498a100,dd4c109d8
qd498a100,dd4c5bc8a
qd498a100,dd4b920e2
qd498a100,dd4ba1894
qd498a100,dd49737c0
qd4975fb6,dd4bb82e2
qd4975fb6,dd4bd2822
qd4975fb6,dd4c3eb94
qd4975fb6,dd4bccb34
qd4975fb6,dd4c4d108
qd4975fb6,dd4bcf532
qd4975fb6,dd4c4cc62
qd4975fb6,dd4bd938e
qd4975fb6,dd4bbae02
qd4975fb6,dd4be7b28
qd49763a8,dd4bda02c
qd49763a8,dd49763da
qd49763a8,dd4c117c0
qd49763a8,dd4c00dee
qd49763a8,dd4c1e8a8
qd49763a8,dd4be7d3a
qd49763a8,dd4c42172
qd49763a8,dd4c5a20e
qd49763a8,dd4b9405e
qd49763a8,dd4c46150
qd4985f56,dd4985fd8
qd4985f56,dd4bba920
qd4985f56,dd4ba5fa2
qd4985f56,dd4b88bfa
qd4985f56,dd4bcd6a6
qd4985f56,dd4ba122c
qd4985f56,dd49791ac
qd4985f56,dd4b8ae64
qd4985f56,dd4bfb420
qd4985f56,dd4bb4da4
qd4983652,dd4983698
qd4983652,dd4c1fcb2
qd4983652,dd4c58d46
qd4983652,dd4c178a0
qd4983652,dd4c53d0a
qd4983652,dd4c3ecde
qd4983652,dd4bdbf80
qd4983652,dd4c02784
qd4983652,dd4bac14a
qd4983652,dd4bcab5e
qd4975822,dd497587c
qd4975822,dd4b9f292
qd4975822,dd4ba5fa2
qd4975822,dd49797ec
qd4975822,dd4c37dd0
qd4975822,dd49899f8
qd4975822,dd4b8ae64
qd4975822,dd498af42
qd4975822,dd4beaaee
qd4975822,dd4ba122c
qd49846ec,dd4c4af66
qd49846ec,dd496e8ec
qd49846ec,dd497b06a
qd49846ec,dd4c4b6be
qd49846ec,dd4b9ec5c
qd49846ec,dd4bde83e
qd49846ec,dd4bd4532
qd49846ec,dd4b8c016
qd49846ec,dd4c2403c
qd49846ec,dd4c2dccc
qd49798f0,dd4972b86
qd49798f0,dd4bad4e6
qd49798f0,dd4baed28
qd49798f0,dd4c3c8e4
qd49798f0,dd496ddd4
qd49798f0,dd4bb2b58
qd49798f0,dd497774e
qd49798f0,dd4be687c
qd49798f0,dd4c51988
qd49798f0,dd4bb340e
qd497c3de,dd4970944
qd497c3de,dd4c42172
qd497c3de,dd4c5a20e
qd497c3de,dd4bdec9e
qd497c3de,dd4bd7228
qd497c3de,dd4beb624
qd497c3de,dd497e760
qd497c3de,dd4c01ae6
qd497c3de,dd4c33d0c
qd497c3de,dd4c4e0f8
qd4974012,dd4c57766
qd4974012,dd4974062
qd4974012,dd4bb50d8
qd4974012,dd4bb3648
qd4974012,dd4c4f084
qd4974012,dd4c4b376
qd4974012,dd4c2093c
qd4974012,dd4bd2f20
qd4974012,dd4ba398c
qd4974012,dd4bad180
qd4987018,dd4972226
qd4987018,dd49870ae
qd4987018,dd4bbf27c
qd4987018,dd4b89762
qd4987018,dd4bbe1b0
qd4987018,dd4bd5eb4
qd4987018,dd4baa548
qd4987018,dd4c39c3e
qd4987018,dd4c3af26
qd4987018,dd497848c
qd498b06e,dd49891e2
qd498b06e,dd4c4dea0
qd498b06e,dd4c030c6
qd498b06e,dd4bd8b64
qd498b06e,dd4bdbcc4
qd498b06e,dd4bc907e
qd498b06e,dd4bcb0cc
qd498b06e,dd4b89bcc
qd498b06e,dd498628a
qd498b06e,dd4c0b726
qd49860dc,dd4975e94
qd49860dc,dd4c52298
qd49860dc,dd4ba83ec
qd49860dc,dd4b8b29c
qd49860dc,dd4972a1e
qd49860dc,dd497b164
qd49860dc,dd4b8e802
qd49860dc,dd4bf189e
qd49860dc,dd4c4ac6e
qd49860dc,dd4bc80a2
qd498aee8,dd498af42
qd498aee8,dd497d298
qd498aee8,dd4b9e234
qd498aee8,dd4c37dd0
qd498aee8,dd4bf06ba
qd498aee8,dd4c2423a
qd498aee8,dd4bcdaf2
qd498aee8,dd4b9f292
qd498aee8,dd497587c
qd498aee8,dd4bfc5c8
qd497f0a2,dd496dc80
qd497f0a2,dd4b8b670
qd497f0a2,dd4be9c84
qd497f0a2,dd4975c1e
qd497f0a2,dd4bb6a78
qd497f0a2,dd4bd4618
qd497f0a2,dd4c093a4
qd497f0a2,dd4c1f3fc
qd497f0a2,dd4b96a84
qd497f0a2,dd4c0dc24
qd4972f78,dd4972fd2
qd4972f78,dd4bd8682
qd4972f78,dd4c558b2
qd4972f78,dd4bc7eb8
qd4972f78,dd4bdc296
qd4972f78,dd497b29a
qd4972f78,dd4bf31da
qd4972f78,dd4c0fb0a
qd4972f78,dd4b953dc
qd4972f78,dd4c33230
qd49768da,dd497692a
qd49768da,dd4bdd286
qd49768da,dd497ccb2
qd49768da,dd4979b84
qd49768da,dd4c04f66
qd49768da,dd4bbb564
qd49768da,dd4b9fe5e
qd49768da,dd4bc2440
qd49768da,dd4b8f842
qd49768da,dd4bc8c64
qd498a218,dd4c5739c
qd498a218,dd498af42
qd498a218,dd4c2a0d6
qd498a218,dd4ba5fa2
qd498a218,dd4988c1a
qd498a218,dd496ca2e
qd498a218,dd4b936f4
qd498a218,dd4c65154
qd498a218,dd4c07cfc
qd498a218,dd4c53f26
qd4970bd8,dd4bf9c7e
qd4970bd8,dd4c08bd4
qd4970bd8,dd4bc7eb8
qd4970bd8,dd4bb90d4
qd4970bd8,dd4c24e1a
qd4970bd8,dd4b8f1c6
qd4970bd8,dd4c65e10
qd4970bd8,dd4b89942
qd4970bd8,dd4b9cde4
qd4970bd8,dd4c0fb0a
qd497780c,dd4bc6856
qd497780c,dd4975250
qd497780c,dd4c04f66
qd497780c,dd4bb82e2
qd497780c,dd4c558b2
qd497780c,dd4bd2822
qd497780c,dd4b87b10
qd497780c,dd4c3eb94
qd497780c,dd4c52d60
qd497780c,dd4ba2a5a
qd4980c18,dd4be858c
qd4980c18,dd4c4f3d6
qd4980c18,dd4ba2eba
qd4980c18,dd4bb407a
qd4980c18,dd4bec3f8
qd4980c18,dd4bc783c
qd4980c18,dd4980c68
qd4980c18,dd4b91c64
qd4980c18,dd4c4a82c
qd4980c18,dd4baef9e
qd4984214,dd4c03b7a
qd4984214,dd4bdcb24
qd4984214,dd4bacaf0
qd4984214,dd4c2e726
qd4984214,dd4c4a3cc
qd4984214,dd4bd3484
qd4984214,dd4bc0dd4
qd4984214,dd4bcbde2
qd4984214,dd4bc1504
qd4984214,dd4ba73ca
qd497ef44,dd4c4cc62
qd497ef44,dd4bfae9e
qd497ef44,dd4bb82e2
qd497ef44,dd4bac398
qd497ef44,dd4bd2822
qd497ef44,dd4b982d0
qd497ef44,dd4c3eb94
qd497ef44,dd4c60992
qd497ef44,dd4c545b6
qd497ef44,dd4c1e5c4
qd496da50,dd4c17a26
qd496da50,dd4987a22
qd496da50,dd4ba8662
qd496da50,dd4c248b6
qd496da50,dd4bf094e
qd496da50,dd4974328
qd496da50,dd4bd74e4
qd496da50,dd4bd7caa
qd496da50,dd4c322cc
qd496da50,dd4bc09b0
qd496dd84,dd496ddd4
qd496dd84,dd4be687c
qd496dd84,dd4bccc06
qd496dd84,dd4bb2b58
qd496dd84,dd4bb3d8c
qd496dd84,dd4c5d0f8
qd496dd84,dd4c0fc0e
qd496dd84,dd4bc1b94
qd496dd84,dd4c5ec82
qd496dd84,dd49707dc
qd4977f3c,dd4bd1de6
qd4977f3c,dd4bdddee
qd4977f3c,dd4b8a7fc
qd4977f3c,dd4bb5402
qd4977f3c,dd4c580b2
qd4977f3c,dd4c4dea0
qd4977f3c,dd498cefa
qd4977f3c,dd4bb66cc
qd4977f3c,dd4c52298
qd4977f3c,dd4bd2bd8
qd496d596,dd4c4f7aa
qd496d596,dd4b87d18
qd496d596,dd4972b86
qd496d596,dd4be45d6
qd496d596,dd4c4d626
qd496d596,dd4bd2250
qd496d596,dd4c25324
qd496d596,dd497340a
qd496d596,dd4bf5c14
qd496d596,dd4bf6f9c
qd4990190,dd4bec0ec
qd4990190,dd49901cc
qd4990190,dd4b94b76
qd4990190,dd4c6501e
qd4990190,dd4c4c91a
qd4990190,dd4b89cbc
qd4990190,dd4b9f7f6
qd4990190,dd4b95daa
qd4990190,dd4b9fe5e
qd4990190,dd4bd3790
qd496d758,dd49797ec
qd496d758,dd4c5a9f2
qd496d758,dd497a67e
qd496d758,dd4b8af54
qd496d758,dd4b8b4d6
qd496d758,dd4c10fc8
qd496d758,dd4c5d6ca
qd496d758,dd497502a
qd496d758,dd4badfea
qd496d758,dd49780b8
qd497264a,dd4bdb65c
qd497264a,dd4bbd300
qd497264a,dd4c47582
qd497264a,dd4c17616
qd497264a,dd4bc45a6
qd497264a,dd49749cc
qd497264a,dd4b9aab2
qd497264a,dd4c5a7ea
qd497264a,dd496f026
qd497264a,dd4bc1842
qd49863d4,dd4bc9a9c
qd49863d4,dd4bcd5f2
qd49863d4,dd4c537a6
qd49863d4,dd4bd2bd8
qd49863d4,dd4b9436a
qd49863d4,dd4c04c14
qd49863d4,dd4c4643e
qd49863d4,dd4bd1c42
qd49863d4,dd4b8b29c
qd49863d4,dd4976682
qd498c194,dd4c26116
qd498c194,dd496ebc6
qd498c194,dd49797ec
qd498c194,dd4ba5fa2
qd498c194,dd498af42
qd498c194,dd4b9f292
qd498c194,dd4c37dd0
qd498c194,dd497587c
qd498c194,dd4beaaee
qd498c194,dd4b8c016
qd498f6f0,dd498f754
qd498f6f0,dd4bb885a
qd498f6f0,dd4c2add8
qd498f6f0,dd4c52f04
qd498f6f0,dd4bc2e5e
qd498f6f0,dd4c5f09c
qd498f6f0,dd4b8c340
qd498f6f0,dd4b8fe50
qd498f6f0,dd4c66176
qd498f6f0,dd4c501b4
qd497b11e,dd4c4e62a
qd497b11e,dd4c17f9e
qd497b11e,dd4bd3d9e
qd497b11e,dd4bd2bd8
qd497b11e,dd4bac50a
qd497b11e,dd4bb5efc
qd497b11e,dd4b92be6
qd497b11e,dd49889a4
qd497b11e,dd4b8b4d6
qd497b11e,dd4bfd69e
qd496d2b2,dd4979a3a
qd496d2b2,dd4b900b2
qd496d2b2,dd4b915f2
qd496d2b2,dd4b94720
qd496d2b2,dd4b9f4ea
qd496d2b2,dd4b995e0
qd496d2b2,dd4beee14
qd496d2b2,dd498f754
qd496d2b2,dd4baa084
qd496d2b2,dd4bd65e4
qd496e252,dd49797ec
qd496e252,dd49899f8
qd496e252,dd4c539b8
qd496e252,dd4bec2fe
qd496e252,dd4ba5fa2
qd496e252,dd4c580b2
qd496e252,dd4bdce30
qd496e252,dd4c339ec
qd496e252,dd4c2403c
qd496e252,dd4c5d6ca
qd497019c,dd4ba8662
qd497019c,dd4c17a26
qd497019c,dd4bf094e
qd497019c,dd4c248b6
qd497019c,dd4987a22
qd497019c,dd4974328
qd497019c,dd4bd74e4
qd497019c,dd4976010
qd497019c,dd4bd7caa
qd497019c,dd4b8c25a
qd497bf38,dd4b894d8
qd497bf38,dd4971510
qd497bf38,dd4c4c53c
qd497bf38,dd4bb5506
qd497bf38,dd4ba1c86
qd497bf38,dd4b973b2
qd497bf38,dd4970944
qd497bf38,dd4beb624
qd497bf38,dd4c4ef80
qd497bf38,dd4c4e1f2
qd49733ce,dd4c16536
qd49733ce,dd4c4f7aa
qd49733ce,dd497340a
qd49733ce,dd4b917dc
qd49733ce,dd4c6501e
qd49733ce,dd496f5c6
qd49733ce,dd4bf6f9c
qd49733ce,dd4b88920
qd49733ce,dd4be026a
qd49733ce,dd4bbe2a0
qd49730fe,dd497314e
qd49730fe,dd4c49468
qd49730fe,dd4c17a26
qd49730fe,dd4c0b9f6
qd49730fe,dd4bc6fe0
qd49730fe,dd4c4b0a6
qd49730fe,dd4ba302c
qd49730fe,dd4c3cc86
qd49730fe,dd4b9dd0c
qd49730fe,dd4bb1e4c
qd4976632,dd4976682
qd4976632,dd4985e7a
qd4976632,dd4c1201c
qd4976632,dd4c13e26
qd4976632,dd4bc0adc
qd4976632,dd4b96ca0
qd4976632,dd4bace88
qd4976632,dd4c5e048
qd4976632,dd4bdf694
qd4976632,dd4bc2f30
qd497dbb2,dd496dc80
qd497dbb2,dd4bf43a0
qd497dbb2,dd4b8bd14
qd497dbb2,dd4ba534a
qd497dbb2,dd4bf30e0
qd497dbb2,dd4bbe1b0
qd497dbb2,dd498655a
qd497dbb2,dd4bb3512
qd497dbb2,dd4bbd5e4
qd497dbb2,dd4be90a4
qd498e02a,dd4bce1c8
qd498e02a,dd4bb3ea4
qd498e02a,dd4979602
qd498e02a,dd4ba543a
qd498e02a,dd4befb5c
qd498e02a,dd4c4cf78
qd498e02a,dd4c05bc8
qd498e02a,dd4c3cc86
qd498e02a,dd4c4b0a6
qd498e02a,dd4bb5d12
qd498c572,dd4bde5c8
qd498c572,dd4b9e7a2
qd498c572,dd4983832
qd498c572,dd4c33d0c
qd498c572,dd4bb7270
qd498c572,dd4bc7eb8
qd498c572,dd4c1ca1c
qd498c572,dd4c63f0c
qd498c572,dd4bfefa8
qd498c572,dd4c60c58
qd498c7b6,dd497e760
qd498c7b6,dd4970944
qd498c7b6,dd4bd938e
qd498c7b6,dd4bdfb4e
qd498c7b6,dd4c01ae6
qd498c7b6,dd4c46150
qd498c7b6,dd4bc2e5e
qd498c7b6,dd4c4e0f8
qd498c7b6,dd4bcf532
qd498c7b6,dd4c1e5c4
qd49764fc,dd4b900b2
qd49764fc,dd4b915f2
qd49764fc,dd4b9f4ea
qd49764fc,dd4b94720
qd49764fc,dd4b995e0
qd49764fc,dd4979a3a
qd49764fc,dd4c11518
qd49764fc,dd4c44e90
qd49764fc,dd4bb7c52
qd49764fc,dd4c10ae6
qd49754ee,dd4b9cde4
qd49754ee,dd4c1ca1c
qd49754ee,dd4bcee8e
qd49754ee,dd4c63f0c
qd49754ee,dd4c0a39e
qd49754ee,dd4bdc084
qd49754ee,dd4b971e6
qd49754ee,dd4ba02f0
qd49754ee,dd4c65c30
qd49754ee,dd4c36fde
qd498a38a,dd4c4b6be
qd498a38a,dd4bda02c
qd498a38a,dd4bb3648
qd498a38a,dd4981082
qd498a38a,dd4bdf86a
qd498a38a,dd4b9d19a
qd498a38a,dd4c4af66
qd498a38a,dd4bd595a
qd498a38a,dd4c5adf8
qd498a38a,dd4c38834
qd498e4da,dd498e52a
qd498e4da,dd4bc774c
qd498e4da,dd4be1700
qd498e4da,dd4b918b8
qd498e4da,dd4baf3ea
qd498e4da,dd4c37dd0
qd498e4da,dd4ba48a0
qd498e4da,dd4be9338
qd498e4da,dd4c2069e
qd498e4da,dd4c4cb72
qd497ddba,dd4c37dd0
qd497ddba,dd4bf06ba
qd497ddba,dd496ebc6
qd497ddba,dd4bbb096
qd497ddba,dd497de0a
qd497ddba,dd4c51d20
qd497ddba,dd4c558b2
qd497ddba,dd4bc16bc
qd497ddba,dd4c5d6ca
qd497ddba,dd4b9da64
qd497ac6e,dd497a3f4
qd497ac6e,dd4c4bc68
qd497ac6e,dd4c41a88
qd497ac6e,dd4b8d65a
qd497ac6e,dd4bcee8e
qd497ac6e,dd4b86f44
qd497ac6e,dd4bdac8e
qd497ac6e,dd4c4d824
qd497ac6e,dd4bb957a
qd497ac6e,dd4bda02c
qd498bb90,dd4be9ad6
qd498bb90,dd4b92e48
qd498bb90,dd4bd5eb4
qd498bb90,dd4b9cec0
qd498bb90,dd4c19cae
qd498bb90,dd4bbe1b0
qd498bb90,dd4b89762
qd498bb90,dd4bc7a6c
qd498bb90,dd4bb216c
qd498bb90,dd4ba9d28
qd49806fa,dd4ba71ae
qd49806fa,dd4c3a59e
qd49806fa,dd4bb2a5e
qd49806fa,dd4980772
qd49806fa,dd4bda84c
qd49806fa,dd4bcbb1c
qd49806fa,dd4c619b4
qd49806fa,dd4c047e6
qd49806fa,dd4c0680c
qd49806fa,dd4b920e2
qd497ae62,dd4be2862
qd497ae62,dd4c53f26
qd497ae62,dd4c0831e
qd497ae62,dd4c1f226
qd497ae62,dd4b8b972
qd497ae62,dd4bde186
qd497ae62,dd4c5169a
qd497ae62,dd4bb5402
qd497ae62,dd497e134
qd497ae62,dd4bfe0da
qd4985b64,dd4b973b2
qd4985b64,dd4982158
qd4985b64,dd4bc7b52
qd4985b64,dd4be4e3c
qd4985b64,dd4bcfc62
qd4985b64,dd4976a9c
qd4985b64,dd4bb5506
qd4985b64,dd4c4c53c
qd4985b64,dd4bbc202
qd4985b64,dd4980a42
qd4988ff8,dd496e694
qd4988ff8,dd4b8b3f0
qd4988ff8,dd4bc86ce
qd4988ff8,dd4bec6e6
qd4988ff8,dd4b8d65a
qd4988ff8,dd4c002fe
qd4988ff8,dd4c3d690
qd4988ff8,dd49732c0
qd4988ff8,dd4989e76
qd4988ff8,dd4bc000a
qd49857c2,dd4bda630
qd49857c2,dd4bec3f8
qd49857c2,dd4be858c
qd49857c2,dd4bb407a
qd49857c2,dd4bc783c
qd49857c2,dd4b91c64
qd49857c2,dd4ba2eba
qd49857c2,dd4b8b896
qd49857c2,dd4c4a82c
qd49857c2,dd4c393a6
qd497f2fa,dd497f354
qd497f2fa,dd4bc0bea
qd497f2fa,dd4b92614
qd497f2fa,dd4b9ea7c
qd497f2fa,dd4b9f292
qd497f2fa,dd49797ec
qd497f2fa,dd4c1a4c4
qd497f2fa,dd4b9cec0
qd497f2fa,dd4bb42d2
qd497f2fa,dd4bcb2de
qd4980d76,dd4980dd0
qd4980d76,dd4bccf58
qd4980d76,dd4bf8c16
qd4980d76,dd4bf481e
qd4980d76,dd4c13e26
qd4980d76,dd4bfefa8
qd4980d76,dd4baca00
qd4980d76,dd4bcc1f2
qd4980d76,dd4bace88
qd4980d76,dd498d03a
qd498664a,dd4be858c
qd498664a,dd4ba2eba
qd498664a,dd4bb407a
qd498664a,dd4bc783c
qd498664a,dd4980c68
qd498664a,dd4bec3f8
qd498664a,dd4c4a82c
qd498664a,dd4c4f3d6
qd498664a,dd4bda630
qd498664a,dd4baef9e
qd498b85c,dd496cd4e
qd498b85c,dd4c58e5e
qd498b85c,dd4c3dc30
qd498b85c,dd496df64
qd498b85c,dd4c43efa
qd498b85c,dd4b8ebcc
qd498b85c,dd4bac14a
qd498b85c,dd4c5bc8a
qd498b85c,dd4bc314c
qd498b85c,dd4bfe0da
qd497c15e,dd4c52298
qd497c15e,dd4bc0adc
qd497c15e,dd4bfabec
qd497c15e,dd4c1201c
qd497c15e,dd4bb5402
qd497c15e,dd496cd4e
qd497c15e,dd4ba3e6e
qd497c15e,dd4be5256
qd497c15e,dd4bd1de6
qd497c15e,dd4c529be
qd497915c,dd4bd103a
qd497915c,dd4bcd6a6
qd497915c,dd4978892
qd497915c,dd4bba4f2
qd497915c,dd4b9af30
qd497915c,dd4bb50d8
qd497915c,dd49791ac
qd497915c,dd497a796
qd497915c,dd4c54aca
qd497915c,dd4c14146
qd4974ac6,dd4974b0c
qd4974ac6,dd4c37cfe
qd4974ac6,dd4c2843e
qd4974ac6,dd4ba203c
qd4974ac6,dd4bc7db4
qd4974ac6,dd4c0831e
qd4974ac6,dd4c57946
qd4974ac6,dd4c3af26
qd4974ac6,dd4972a1e
qd4974ac6,dd4b996e4
qd4976b96,dd4971510
qd4976b96,dd4b894d8
qd4976b96,dd4c4c53c
qd4976b96,dd4970944
qd4976b96,dd4bcff28
qd4976b96,dd4c0e6ec
qd4976b96,dd4ba057a
qd4976b96,dd4c14146
qd4976b96,dd4bbc202
qd4976b96,dd4c3f79c
qd4980b0a,dd4bbd8a0
qd4980b0a,dd4b9d410
qd4980b0a,dd4b9d19a
qd4980b0a,dd4ba9922
qd4980b0a,dd4bf189e
qd4980b0a,dd4beb516
qd4980b0a,dd4bcd872
qd4980b0a,dd4b8e4d8
qd4980b0a,dd4975e94
qd4980b0a,dd4c4af66
qd498e174,dd4b9f292
qd498e174,dd4c5d6ca
qd498e174,dd4c23f60
qd498e174,dd498af42
qd498e174,dd4beaaee
qd498e174,dd4bf3ee6
qd498e174,dd496ca2e
qd498e174,dd4bdbcc4
qd498e174,dd49797ec
qd498e174,dd4b8c016
qd497611e,dd4c5d6ca
qd497611e,dd498d03a
qd497611e,dd4ba122c
qd497611e,dd496ca2e
qd497611e,dd498c0cc
qd497611e,dd4bc0f5a
qd497611e,dd4bcdcaa
qd497611e,dd4bd0e78
qd497611e,dd498af42
qd497611e,dd4c37dd0
qd4989520,dd496cd4e
qd4989520,dd4c58e5e
qd4989520,dd4c3dc30
qd4989520,dd496df64
qd4989520,dd4bdbc06
qd4989520,dd4c047e6
qd4989520,dd4bc314c
qd4989520,dd4c29884
qd4989520,dd4b9ef54
qd4989520,dd4bcd4da
qd4976a60,dd4976a9c
qd4976a60,dd496d5d2
qd4976a60,dd496fc06
qd4976a60,dd4b8f518
qd4976a60,dd4bc7c60
qd4976a60,dd4bc7b52
qd4976a60,dd4c4ee72
qd4976a60,dd4bd4820
qd4976a60,dd4bba6b4
qd4976a60,dd4b8c7be
qd497f700,dd4bd1de6
qd497f700,dd4bfabec
qd497f700,dd4bb5402
qd497f700,dd4bc9f60
qd497f700,dd4bdddee
qd497f700,dd4bc0adc
qd497f700,dd4c109d8
qd497f700,dd4c54aca
qd497f700,dd4c52298
qd497f700,dd4c1201c
qd4982b3a,dd4971510
qd4982b3a,dd4b894d8
qd4982b3a,dd4c4f7aa
qd4982b3a,dd4c4c53c
qd4982b3a,dd4c4a2c8
qd4982b3a,dd4c16536
qd4982b3a,dd4c0f696
qd4982b3a,dd4bbb370
qd4982b3a,dd4bcff28
qd4982b3a,dd4c42172
qd497e238,dd497340a
qd497e238,dd4c4f7aa
qd497e238,dd4c16536
qd497e238,dd4bc0884
qd497e238,dd4bf6f9c
qd497e238,dd4b88920
qd497e238,dd4bfcf6e
qd497e238,dd4c3b9da
qd497e238,dd4c4a2c8
qd497e238,dd4baed28
qd498984a,dd4b9445a
qd498984a,dd498989a
qd498984a,dd4c5937c
qd498984a,dd496d44c
qd498984a,dd4c247c6
qd498984a,dd4bc9f60
qd498984a,dd4bd153a
qd498984a,dd4b86b98
qd498984a,dd4ba1894
qd498984a,dd4bcd2e6
qd4990050,dd4c598ea
qd4990050,dd4c391d0
qd4990050,dd4baf534
qd4990050,dd4ba81f8
qd4990050,dd4bd8682
qd4990050,dd498048e
qd4990050,dd4c42172
qd4990050,dd4ba0908
qd4990050,dd4c539b8
qd4990050,dd4bb9458
qd49702b4,dd4bd7caa
qd49702b4,dd4bc7db4
qd49702b4,dd4970318
qd49702b4,dd4bd5eb4
qd49702b4,dd4b89dc0
qd49702b4,dd4bd74e4
qd49702b4,dd4be623c
qd49702b4,dd4bfd414
qd49702b4,dd496d15e
qd49702b4,dd4b9907c
qd497ad40,dd4b94ed2
qd497ad40,dd497ad9a
qd497ad40,dd4c66176
qd497ad40,dd4ba534a
qd497ad40,dd497cdca
qd497ad40,dd4c0781a
qd497ad40,dd4b9445a
qd497ad40,dd4b8c340
qd497ad40,dd4bd73ea
qd497ad40,dd4ba9d28
qd498eea8,dd497d70c
qd498eea8,dd4b87fde
qd498eea8,dd4b9cec0
qd498eea8,dd4c32b8c
qd498eea8,dd4b895c8
qd498eea8,dd49753cc
qd498eea8,dd4c52c70
qd498eea8,dd4c31af2
qd498eea8,dd4bc47a4
qd498eea8,dd49707dc
qd497fade,dd4bcd4da
qd497fade,dd4b892a8
qd497fade,dd4ba398c
qd497fade,dd4984962
qd497fade,dd4bd3484
qd497fade,dd4b920e2
qd497fade,dd4bcbb1c
qd497fade,dd4b92b32
qd497fade,dd4980772
qd497fade,dd4c2403c
qd498dcd8,dd4975e94
qd498dcd8,dd4b8e64a
qd498dcd8,dd4b9d410
qd498dcd8,dd4b88498
qd498dcd8,dd4bb885a
qd498dcd8,dd4ba83ec
qd498dcd8,dd4bcd872
qd498dcd8,dd4c5a100
qd498dcd8,dd4b9fb70
qd498dcd8,dd4c22fb6
qd4985312,dd496d5d2
qd4985312,dd4976a9c
qd4985312,dd4bc7c60
qd4985312,dd4b8f518
qd4985312,dd4c4ee72
qd4985312,dd4bc7b52
qd4985312,dd496fc06
qd4985312,dd4bd4820
qd4985312,dd4c5eaa2
qd4985312,dd4b8c7be
qd497f46c,dd497774e
qd497f46c,dd4be687c
qd497f46c,dd4c5e502
qd497f46c,dd4bb2b58
qd497f46c,dd4bc12fc
qd497f46c,dd4b916e2
qd497f46c,dd4ba4e36
qd497f46c,dd4b994c8
qd497f46c,dd4c1fa00
qd497f46c,dd4bedfe6
qd4986f00,dd497587c
qd4986f00,dd49797ec
qd4986f00,dd4b9f292
qd4986f00,dd498af42
qd4986f00,dd4b8eafa
qd4986f00,dd4c3b1d8
qd4986f00,dd4b8e8f2
qd4986f00,dd4bfc5c8
qd4986f00,dd4bcef88
qd4986f00,dd4bd002c
qd498df58,dd497e760
qd498df58,dd4c01ae6
qd498df58,dd4bc2e5e
qd498df58,dd4ba5d86
qd498df58,dd4970944
qd498df58,dd4bbc8f6
qd498df58,dd4bda02c
qd498df58,dd4c5bc8a
qd498df58,dd4c4e0f8
qd498df58,dd49737c0
qd4975be2,dd4be9c84
qd4975be2,dd4c5c3b0
qd4975be2,dd4bbb668
qd4975be2,dd4975c1e
qd4975be2,dd4bc15d6
qd4975be2,dd4c1f3fc
qd4975be2,dd4bad842
qd4975be2,dd4bb6a78
qd4975be2,dd4973d88
qd4975be2,dd4bc6b26
qd4984304,dd4b91f52
qd4984304,dd4c43efa
qd4984304,dd4bc62ca
qd4984304,dd4b9a36e
qd4984304,dd4be814a
qd4984304,dd4c29028
qd4984304,dd4984020
qd4984304,dd4ba4152
qd4984304,dd4bb51aa
qd4984304,dd4bdeac8
qd4977708,dd497774e
qd4977708,dd4bd2822
qd4977708,dd4c3eb94
qd4977708,dd4ba0b10
qd4977708,dd4bb82e2
qd4977708,dd4c545b6
qd4977708,dd4c3010c
qd4977708,dd4bd938e
qd4977708,dd4bcf532
qd4977708,dd4be7b28
qd498e8b8,dd49749cc
qd498e8b8,dd4bdb65c
qd498e8b8,dd4bf094e
qd498e8b8,dd4c5a7ea
qd498e8b8,dd4c47582
qd498e8b8,dd4bc45a6
qd498e8b8,dd4c17616
qd498e8b8,dd4baab10
qd498e8b8,dd4bbd300
qd498e8b8,dd4bc1842
qd4976e70,dd496faa8
qd4976e70,dd4970944
qd4976e70,dd4c14146
qd4976e70,dd4bcff28
qd4976e70,dd4bbde0e
qd4976e70,dd4c4cc62
qd4976e70,dd4ba057a
qd4976e70,dd4bc7db4
qd4976e70,dd4be6340
qd4976e70,dd4ba28b6
qd4984476,dd49753cc
qd4984476,dd4c326a0
qd4984476,dd4ba1894
qd4984476,dd4c0b726
qd4984476,dd4c61842
qd4984476,dd4bd6f58
qd4984476,dd4ba4ad0
qd4984476,dd4c23f60
qd4984476,dd4bb44b2
qd4984476,dd4c54f8e
qd4975e44,dd4975e94
qd4975e44,dd4b8e64a
qd4975e44,dd4c159ec
qd4975e44,dd4ba8144
qd4975e44,dd4b8b29c
qd4975e44,dd4c4ac6e
qd4975e44,dd4b8ea14
qd4975e44,dd4bcfc62
qd4975e44,dd4bc80a2
qd4975e44,dd4bf189e
qd4976222,dd4bda630
qd4976222,dd4b91c64
qd4976222,dd4be858c
qd4976222,dd4bec3f8
qd4976222,dd4bb407a
qd4976222,dd4c61aa4
qd4976222,dd4b8b896
qd4976222,dd4c4a82c
qd4976222,dd4bc783c
qd4976222,dd4976286
qd4974bca,dd4bda02c
qd4974bca,dd4bdf86a
qd4974bca,dd4c4b6be
qd4974bca,dd4c4af66
qd4974bca,dd4981082
qd4974bca,dd4bb3648
qd4974bca,dd4b9d19a
qd4974bca,dd4bd4532
qd4974bca,dd4b9fb70
qd4974bca,dd4b93b5e
qd496ccfe,dd4b9cccc
qd496ccfe,dd496df64
qd496ccfe,dd4c3dc30
qd496ccfe,dd4b96ca0
qd496ccfe,dd4c13e26
qd496ccfe,dd4ba898c
qd496ccfe,dd4bb3026
qd496ccfe,dd497edaa
qd496ccfe,dd4bf91ac
qd496ccfe,dd4b8c4ee
qd4974eae,dd4c648e4
qd4974eae,dd4c544d0
qd4974eae,dd4ba9f94
qd4974eae,dd4ba4e36
qd4974eae,dd4bc9542
qd4974eae,dd4bac14a
qd4974eae,dd4b92614
qd4974eae,dd4983698
qd4974eae,dd4bcb2de
qd4974eae,dd4c4a566
qd497596c,dd4b99bf8
qd497596c,dd4c4ba38
qd497596c,dd49759bc
qd497596c,dd4c12896
qd497596c,dd4c2d740
qd497596c,dd4c0aec0
qd497596c,dd4c11a22
qd497596c,dd4b9ef54
qd497596c,dd4bb7450
qd497596c,dd4b8aa86
qd4983d78,dd4bace88
qd4983d78,dd4bf89fa
qd4983d78,dd4bd9d20
qd4983d78,dd4be55f8
qd4983d78,dd4c13e26
qd4983d78,dd4b9cccc
qd4983d78,dd4bfc9d8
qd4983d78,dd4c1da48
qd4983d78,dd4985e7a
qd4983d78,dd4ba6b50
qd497c01e,dd4bbd8a0
qd497c01e,dd4b9d410
qd497c01e,dd4beb516
qd497c01e,dd4b8b29c
qd497c01e,dd4c52298
qd497c01e,dd4c4f930
qd497c01e,dd4b91e44
qd497c01e,dd4c22fb6
qd497c01e,dd4ba043a
qd497c01e,dd4b9d19a
qd4973eb4,dd4bc7db4
qd4973eb4,dd4b9cec0
qd4973eb4,dd4c26dbe
qd4973eb4,dd4bd5eb4
qd4973eb4,dd4b96a84
qd4973eb4,dd4c024aa
qd4973eb4,dd4c3af26
qd4973eb4,dd4b9ea7c
qd4973eb4,dd498315c
qd4973eb4,dd4b89762
qd49729a6,dd4972a1e
qd49729a6,dd4bc7db4
qd49729a6,dd4c0831e
qd49729a6,dd4bd002c
qd49729a6,dd4ba203c
qd49729a6,dd4b996e4
qd49729a6,dd4b890be
qd49729a6,dd4c37cfe
qd49729a6,dd4c1a4c4
qd49729a6,dd4c34acc
qd4986230,dd4c32b8c
qd4986230,dd4b94144
qd4986230,dd4c31af2
qd4986230,dd4bc47a4
qd4986230,dd498628a
qd4986230,dd4bb9b92
qd4986230,dd49877e8
qd4986230,dd4bf143e
qd4986230,dd4c0e5c0
qd4986230,dd4bd002c
qd498088a,dd4be3640
qd498088a,dd4be669c
qd498088a,dd4b9c790
qd498088a,dd4c282fe
qd498088a,dd4bc6950
qd498088a,dd4bad180
qd498088a,dd496ce98
qd498088a,dd4c2093c
qd498088a,dd4ba4fb2
qd498088a,dd4c5e502
qd49745d0,dd4974620
qd49745d0,dd4be8910
qd49745d0,dd4bf91ac
qd49745d0,dd496f454
qd49745d0,dd4b8e64a
qd49745d0,dd4c4ba38
qd49745d0,dd4b99bf8
qd49745d0,dd4979094
qd49745d0,dd4b86df0
qd49745d0,dd4bb6870
qd49837ce,dd4983832
qd49837ce,dd4ba302c
qd49837ce,dd4c1f226
qd49837ce,dd496daaa
qd49837ce,dd4b9c790
qd49837ce,dd4c2fb80
qd49837ce,dd4c5923c
qd49837ce,dd4c3d690
qd49837ce,dd4c4ed78
qd49837ce,dd4ba940e
qd497c28a,dd49741fc
qd497c28a,dd4c247c6
qd497c28a,dd4c2add8
qd497c28a,dd497314e
qd497c28a,dd4ba302c
qd497c28a,dd496daaa
qd497c28a,dd4bb3ea4
qd497c28a,dd4baf0de
qd497c28a,dd4b8f324
qd497c28a,dd4c4f5de
qd49823ec,dd497848c
qd49823ec,dd4bd7caa
qd49823ec,dd4c0ce78
qd49823ec,dd4bd74e4
qd49823ec,dd4985452
qd49823ec,dd4bc09b0
qd49823ec,dd4bbc040
qd49823ec,dd4c3af26
qd49823ec,dd4c5bdf2
qd49823ec,dd4baa548
qd4974fc6,dd4984020
qd4974fc6,dd4b91f52
qd4974fc6,dd4bdeac8
qd4974fc6,dd4bc62ca
qd4974fc6,dd4b9a36e
qd4974fc6,dd4c43efa
qd4974fc6,dd4be814a
qd4974fc6,dd4bcb1a8
qd4974fc6,dd4c48b62
qd4974fc6,dd4bdf95a
qd497a61a,dd4c25234
qd497a61a,dd4c29028
qd497a61a,dd4c43efa
qd497a61a,dd4ba8f36
qd497a61a,dd4bc62ca
qd497a61a,dd4c3be4e
qd497a61a,dd4bca168
qd497a61a,dd4b8d39e
qd497a61a,dd4be8fc8
qd497a61a,dd4c55196
qd498f592,dd498048e
qd498f592,dd4bfd69e
qd498f592,dd4be1b9c
qd498f592,dd4c3c6b4
qd498f592,dd4977456
qd498f592,dd4c17f9e
qd498f592,dd4bd4820
qd498f592,dd4c33f0a
qd498f592,dd4bd230e
qd498f592,dd497a156
qd4984d72,dd4976a9c
qd4984d72,dd4bc7c60
qd4984d72,dd496fc06
qd4984d72,dd4bc7b52
qd4984d72,dd496d5d2
qd4984d72,dd4b8f518
qd4984d72,dd4c4ee72
qd4984d72,dd4bd4820
qd4984d72,dd4b8c7be
qd4984d72,dd4bb7108
qd498338c,dd4bfd69e
qd498338c,dd4c31ebc
qd498338c,dd4bd3d9e
qd498338c,dd4b8b4d6
qd498338c,dd4c4e62a
qd498338c,dd4bd2bd8
qd498338c,dd4bd230e
qd498338c,dd497d036
qd498338c,dd4c1d62e
qd498338c,dd4b8cf20
qd49851a0,dd4bde26c
qd49851a0,dd4c5e502
qd49851a0,dd4bc9f60
qd49851a0,dd4bb3512
qd49851a0,dd4972226
qd49851a0,dd4c13e26
qd49851a0,dd4b985b4
qd49851a0,dd4ba4792
qd49851a0,dd4c2f676
qd49851a0,dd4c5937c
qd4974986,dd49749cc
qd4974986,dd4bf094e
qd4974986,dd4bbd300
qd4974986,dd4974328
qd4974986,dd4ba940e
qd4974986,dd4b916e2
qd4974986,dd4c5a7ea
qd4974986,dd4c17616
qd4974986,dd496f026
qd4974986,dd4c248b6
qd49830f8,dd4b92614
qd49830f8,dd4b87796
qd49830f8,dd498315c
qd49830f8,dd4c4e788
qd49830f8,dd4c5750e
qd49830f8,dd4c1d854
qd49830f8,dd4c53bca
qd49830f8,dd4bad72a
qd49830f8,dd4bac60e
qd49830f8,dd4bb0de4
qd497a750,dd4bd2732
qd497a750,dd4b92614
qd497a750,dd4bcb2de
qd497a750,dd4bb42d2
qd497a750,dd4be6fe8
qd497a750,dd497a796
qd497a750,dd4c3c6b4
qd497a750,dd4bc9542
qd497a750,dd4bac14a
qd497a750,dd4bc314c
qd498290a,dd4ba4e36
qd498290a,dd4b8f518
qd498290a,dd4bdbdd2
qd498290a,dd4bfe2a6
qd498290a,dd4c55e7a
qd498290a,dd4bf83c4
qd498290a,dd4c5a20e
qd498290a,dd4bc7b52
qd498290a,dd4976a9c
qd498290a,dd497b524
qd4988bc0,dd496f77e
qd4988bc0,dd4c024aa
qd4988bc0,dd4ba0eee
qd4988bc0,dd4c2a8b0
qd4988bc0,dd4bdfd38
qd4988bc0,dd4c5d80a
qd4988bc0,dd4988c1a
qd4988bc0,dd4bd2cd2
qd4988bc0,dd4bb05e2
qd4988bc0,dd4c65154
qd497e468,dd4bb14b0
qd497e468,dd4b971e6
qd497e468,dd4bc0dd4
qd497e468,dd4c04c14
qd497e468,dd4c06532
qd497e468,dd4b957d8
qd497e468,dd4bad2b6
qd497e468,dd4b86b98
qd497e468,dd4c4f6b0
qd497e468,dd497e4cc
qd4971114,dd4971178
qd4971114,dd4bfabec
qd4971114,dd4c3e590
qd4971114,dd4bbb564
qd4971114,dd4bd0d60
qd4971114,dd4b92a2e
qd4971114,dd4bd3d9e
qd4971114,dd4c53418
qd4971114,dd4bf189e
qd4971114,dd4bc8c64
qd4988954,dd4b8ebcc
qd4988954,dd4b912fa
qd4988954,dd4bbb17c
qd4988954,dd496d938
qd4988954,dd4b93d66
qd4988954,dd4ba91e8
qd4988954,dd4c602bc
qd4988954,dd49818fc
qd4988954,dd4bd519e
qd4988954,dd4b92f10
qd4987fcc,dd4bbe714
qd4987fcc,dd4b94144
qd4987fcc,dd4ba4ad0
qd4987fcc,dd4bf6268
qd4987fcc,dd4c23f60
qd4987fcc,dd4bc47a4
qd4987fcc,dd4ba71ae
qd4987fcc,dd4b920e2
qd4987fcc,dd4c539b8
qd4987fcc,dd4bec2fe
qd496e874,dd4c092e6
qd496e874,dd4c0aa92
qd496e874,dd4c30b66
qd496e874,dd4bc5e74
qd496e874,dd4bb2f36
qd496e874,dd4c3c8e4
qd496e874,dd4982f7c
qd496e874,dd4c17c74
qd496e874,dd4b9a36e
qd496e874,dd4b9362c
qd4973946,dd4c091f6
qd4973946,dd4c2dccc
qd4973946,dd4b920e2
qd4973946,dd4b8c5c0
qd4973946,dd4bdbcc4
qd4973946,dd4c558b2
qd4973946,dd4c2423a
qd4973946,dd4c07a04
qd4973946,dd497d298
qd4973946,dd4bbab00
qd498ca04,dd4bf9f80
qd498ca04,dd4bb5c2c
qd498ca04,dd4bee4e6
qd498ca04,dd4ba2b5e
qd498ca04,dd4bda02c
qd498ca04,dd4c657f8
qd498ca04,dd4c40034
qd498ca04,dd4bae31e
qd498ca04,dd4c4c53c
qd498ca04,dd4b8b03a
qd49892dc,dd497774e
qd49892dc,dd4be687c
qd49892dc,dd4bb2b58
qd49892dc,dd496ddd4
qd49892dc,dd4baed28
qd49892dc,dd4bc12fc
qd49892dc,dd4bad4e6
qd49892dc,dd4c248b6
qd49892dc,dd4bff886
qd49892dc,dd4bef95e
qd4982c20,dd4ba203c
qd4982c20,dd4bf11a0
qd4982c20,dd4972a1e
qd4982c20,dd4b8d768
qd4982c20,dd4bb5402
qd4982c20,dd4c54aca
qd4982c20,dd4bfff20
qd4982c20,dd4be1aac
qd4982c20,dd4c52298
qd4982c20,dd4c4d522
qd497bde4,dd497be3e
qd497bde4,dd4977f8c
qd497bde4,dd4bb3d8c
qd497bde4,dd498cefa
qd497bde4,dd498682a
qd497bde4,dd497f354
qd497bde4,dd4bb26d0
qd497bde4,dd4ba8a5e
qd497bde4,dd4bdd6dc
qd497bde4,dd4c5d0f8
qd498fac4,dd497edaa
qd498fac4,dd4bc4eb6
qd498fac4,dd4b96ca0
qd498fac4,dd4973a2c
qd498fac4,dd4c13e26
qd498fac4,dd4b9cccc
qd498fac4,dd4c4db9e
qd498fac4,dd4985e7a
qd498fac4,dd4c11dd8
qd498fac4,dd4bff188
qd496ee8c,dd4c39c3e
qd496ee8c,dd4ba203c
qd496ee8c,dd4972a1e
qd496ee8c,dd4c1a4c4
qd496ee8c,dd4bf11a0
qd496ee8c,dd4b94266
qd496ee8c,dd4b9b6ba
qd496ee8c,dd4b8bf1c
qd496ee8c,dd4bd002c
qd496ee8c,dd4b9b93a
qd497dff4,dd4ba91e8
qd497dff4,dd4b8ebcc
qd497dff4,dd4ba3e6e
qd497dff4,dd4b87a02
qd497dff4,dd4b92f10
qd497dff4,dd496d938
qd497dff4,dd4be0b84
qd497dff4,dd4b9a936
qd497dff4,dd4b93d66
qd497dff4,dd4c5baf0
qd4984c28,dd4c42c8a
qd4984c28,dd4c439dc
qd4984c28,dd4b8a9b4
qd4984c28,dd4b8dd76
qd4984c28,dd4c44418
qd4984c28,dd496ce98
qd4984c28,dd4bea4b8
qd4984c28,dd4c00ce0
qd4984c28,dd4970e26
qd4984c28,dd4baca00
qd497e9a4,dd4975d4a
qd497e9a4,dd4c1201c
qd497e9a4,dd4985e7a
qd497e9a4,dd4ba898c
qd497e9a4,dd4b8c4ee
qd497e9a4,dd4c23b64
qd497e9a4,dd4b96ca0
qd497e9a4,dd4bce7a4
qd497e9a4,dd4bd8682
qd497e9a4,dd4ba5822
qd498ada8,dd497587c
qd498ada8,dd4b8af54
qd498ada8,dd4bcdcaa
qd498ada8,dd4ba5fa2
qd498ada8,dd4ba122c
qd498ada8,dd4c56e56
qd498ada8,dd49797ec
qd498ada8,dd4c580b2
qd498ada8,dd4c539b8
qd498ada8,dd4bec2fe
qd497fd2c,dd497fd7c
qd497fd2c,dd4bc67a2
qd497fd2c,dd4b9e324
qd497fd2c,dd4975250
qd497fd2c,dd4c35bd4
qd497fd2c,dd4983832
qd497fd2c,dd4c558b2
qd497fd2c,dd4c04f66
qd497fd2c,dd4c5923c
qd497fd2c,dd4c20842
qd4981fc8,dd4c1edb2
qd4981fc8,dd4bcc45e
qd4981fc8,dd496cbc8
qd4981fc8,dd4ba4152
qd4981fc8,dd4b91f52
qd4981fc8,dd4b96e3a
qd4981fc8,dd4ba8f36
qd4981fc8,dd4c29028
qd4981fc8,dd4c3be4e
qd4981fc8,dd4c30b66
qd497d0f4,dd4bca866
qd497d0f4,dd497c870
qd497d0f4,dd4c17616
qd497d0f4,dd4bedfe6
qd497d0f4,dd497d14e
qd497d0f4,dd4b8e046
qd497d0f4,dd4c04b4c
qd497d0f4,dd4baad2c
qd497d0f4,dd4ba4404
qd497d0f4,dd4b89762
qd49858da,dd4c32894
qd49858da,dd497edaa
qd49858da,dd4b8c4ee
qd49858da,dd4bb3026
qd49858da,dd4975d4a
qd49858da,dd4bc0adc
qd49858da,dd4976682
qd49858da,dd4c4b6be
qd49858da,dd4b9cccc
qd49858da,dd4b96ca0
qd496c6a0,dd4ba07d2
qd496c6a0,dd4bd938e
qd496c6a0,dd4b979de
qd496c6a0,dd4b95e86
qd496c6a0,dd4bae31e
qd496c6a0,dd4c4ca28
qd496c6a0,dd4bcf532
qd496c6a0,dd4ba2a5a
qd496c6a0,dd4c50c54
qd496c6a0,dd4ba02f0
qd49800e2,dd4c2403c
qd49800e2,dd4c5baf0
qd49800e2,dd4977f8c
qd49800e2,dd4bd8b64
qd49800e2,dd4bcd2e6
qd49800e2,dd4bc8c64
qd49800e2,dd4b8ef96
qd49800e2,dd4b90814
qd49800e2,dd4c4f6b0
qd49800e2,dd4c04c14
qd497a4ee,dd4976682
qd497a4ee,dd4985e7a
qd497a4ee,dd4c13e26
qd497a4ee,dd4b96ca0
qd497a4ee,dd4bace88
qd497a4ee,dd4bdf694
qd497a4ee,dd4bfefa8
qd497a4ee,dd4bc0adc
qd497a4ee,dd4bc2f30
qd497a4ee,dd4b88aa6
qd4974878,dd4973c8e
qd4974878,dd498315c
qd4974878,dd4bd3a92
qd4974878,dd4c24b7c
qd4974878,dd4c3e3e2
qd4974878,dd4bd76ec
qd4974878,dd4c5141a
qd4974878,dd4c28ca4
qd4974878,dd4bb3512
qd4974878,dd4c4f7aa
qd497bcc2,dd4bb1f8c
qd497bcc2,dd4c35d50
qd497bcc2,dd497bd08
qd497bcc2,dd497e134
qd497bcc2,dd4b956fc
qd497bcc2,dd4c5f498
qd497bcc2,dd4bbd3f0
qd497bcc2,dd4bfefa8
qd497bcc2,dd496fd78
qd497bcc2,dd49732c0
qd498a97a,dd4970944
qd498a97a,dd497e760
qd498a97a,dd4c01ae6
qd498a97a,dd4bc2e5e
qd498a97a,dd4c4e0f8
qd498a97a,dd4b974d4
qd498a97a,dd4ba5d86
qd498a97a,dd4bbc8f6
qd498a97a,dd4be6fe8
qd498a97a,dd4bd7228
qd498c64e,dd4c529be
qd498c64e,dd4bafb7e
qd498c64e,dd49808ee
qd498c64e,dd4b9e8ce
qd498c64e,dd4979f76
qd498c64e,dd497e602
qd498c64e,dd4c527f2
qd498c64e,dd4ba9e18
qd498c64e,dd4bc80a2
qd498c64e,dd4c3eb94
qd498d422,dd4bbc040
qd498d422,dd4bd7caa
qd498d422,dd4985452
qd498d422,dd4bd74e4
qd498d422,dd4c0ce78
qd498d422,dd4b9d514
qd498d422,dd498a524
qd498d422,dd4bb8fa8
qd498d422,dd4c5bdf2
qd498d422,dd4bfd414
qd4979db4,dd4ba3d92
qd4979db4,dd496df64
qd4979db4,dd4bf8c16
qd4979db4,dd4c39c3e
qd4979db4,dd4b94266
qd4979db4,dd4bf3ee6
qd4979db4,dd4be90a4
qd4979db4,dd4bbf27c
qd4979db4,dd4bbe1b0
qd4979db4,dd4ba543a
qd4974d64,dd496f968
qd4974d64,dd4ba898c
qd4974d64,dd4bbbab4
qd4974d64,dd4baf534
qd4974d64,dd4c60bae
qd4974d64,dd4c229ee
qd4974d64,dd4ba0908
qd4974d64,dd4b8f61c
qd4974d64,dd4bc9ca4
qd4974d64,dd4b92d62
qd4986b4a,dd4c1e8a8
qd4986b4a,dd4c22fb6
qd4986b4a,dd4bda02c
qd4986b4a,dd4c4c53c
qd4986b4a,dd4c657f8
qd4986b4a,dd49763da
qd4986b4a,dd4bdfb4e
qd4986b4a,dd4be7d3a
qd4986b4a,dd4b9e324
qd4986b4a,dd4971510
qd497f818,dd497f854
qd497f818,dd4c54eb2
qd497f818,dd4baf0de
qd497f818,dd4c117c0
qd497f818,dd4b9e324
qd497f818,dd4c657f8
qd497f818,dd4bee4e6
qd497f818,dd4c1e8a8
qd497f818,dd4b8b742
qd497f818,dd4c35bd4
qd497b3d0,dd4c326a0
qd497b3d0,dd49753cc
qd497b3d0,dd4bcb00e
qd497b3d0,dd4bb987c
qd497b3d0,dd4bf2bcc
qd497b3d0,dd4c16644
qd497b3d0,dd4ba9314
qd497b3d0,dd4c59dea
qd497b3d0,dd497567e
qd497b3d0,dd4baaef8
qd498150a,dd4b99bf8
qd498150a,dd4c4ba38
qd498150a,dd49759bc
qd498150a,dd4c12896
qd498150a,dd4c2d740
qd498150a,dd4b9ef54
qd498150a,dd4c0aec0
qd498150a,dd4bb7450
qd498150a,dd4b8aa86
qd498150a,dd4c11a22
qd497e724,dd497e760
qd497e724,dd4970944
qd497e724,dd4be7d3a
qd497e724,dd4bb25d6
qd497e724,dd4b971e6
qd497e724,dd4bdec9e
qd497e724,dd4bf9f80
qd497e724,dd4c657f8
qd497e724,dd4c01ae6
qd497e724,dd49763da
qd497325c,dd49732c0
qd497325c,dd4bc8b4c
qd497325c,dd4bacbf4
qd497325c,dd4c4f5de
qd497325c,dd4c1201c
qd497325c,dd4c0dc24
qd497325c,dd4c4cf78
qd497325c,dd4c5f09c
qd497325c,dd4bc000a
qd497325c,dd4b86f44
qd498ec5a,dd4c46150
qd498ec5a,dd4b974d4
qd498ec5a,dd4c4e0f8
qd498ec5a,dd4bc729c
qd498ec5a,dd4be50b2
qd498ec5a,dd4bbbf6e
qd498ec5a,dd4b97ab0
qd498ec5a,dd497314e
qd498ec5a,dd496daaa
qd498ec5a,dd497cdca
qd497ce92,dd4970d36
qd497ce92,dd4c1d62e
qd497ce92,dd4ba5732
qd497ce92,dd4c04f66
qd497ce92,dd4b9a08a
qd497ce92,dd4bfadae
qd497ce92,dd4b9c790
qd497ce92,dd4c4c726
qd497ce92,dd4bf1af6
qd497ce92,dd4c09a2a
qd4975110,dd4be1020
qd4975110,dd496d15e
qd4975110,dd4bc7db4
qd4975110,dd4bcf42e
qd4975110,dd4bd91a4
qd4975110,dd4c32894
qd4975110,dd4975e94
qd4975110,dd4bc0adc
qd4975110,dd4972a1e
qd4975110,dd4bb8fa8
qd49799ea,dd4979a3a
qd49799ea,dd4c09098
qd49799ea,dd4b995e0
qd49799ea,dd4b900b2
qd49799ea,dd4b915f2
qd49799ea,dd4b94720
qd49799ea,dd4b9f4ea
qd49799ea,dd4beee14
qd49799ea,dd4bed3b6
qd49799ea,dd4be5d3c
qd4970034,dd4bd5eb4
qd4970034,dd4be9ad6
qd4970034,dd4b92e48
qd4970034,dd4c51de8
qd4970034,dd4bc7a6c
qd4970034,dd4c3eb94
qd4970034,dd4b9b93a
qd4970034,dd4bc6b26
qd4970034,dd4c25cf2
qd4970034,dd4c47582
qd498dbb6,dd4b8d254
qd498dbb6,dd498655a
qd498dbb6,dd4b8df74
qd498dbb6,dd4ba90f8
qd498dbb6,dd4ba534a
qd498dbb6,dd4bc33e0
qd498dbb6,dd4bbf27c
qd498dbb6,dd4b8ab80
qd498dbb6,dd4bb1e4c
qd498dbb6,dd4bc6fe0
qd498e7a0,dd497314e
qd498e7a0,dd4c49468
qd498e7a0,dd4c3cc86
qd498e7a0,dd4c4b0a6
qd498e7a0,dd4bb3ea4
qd498e7a0,dd4bc729c
qd498e7a0,dd49732c0
qd498e7a0,dd4976010
qd498e7a0,dd4c05bc8
qd498e7a0,dd4c4cf78
qd4970606,dd4970642
qd4970606,dd4bbdb16
qd4970606,dd4b902a6
qd4970606,dd4c16536
qd4970606,dd4bcfe2e
qd4970606,dd4b97e7a
qd4970606,dd497a796
qd4970606,dd4bb50d8
qd4970606,dd4bea4b8
qd4970606,dd4b8dd76
qd4981a46,dd496f2ec
qd4981a46,dd4c58e5e
qd4981a46,dd4985e7a
qd4981a46,dd4980772
qd4981a46,dd4bcf62c
qd4981a46,dd4bcb644
qd4981a46,dd4bfda0e
qd4981a46,dd4976682
qd4981a46,dd4bb2f36
qd4981a46,dd4bd3d9e
qd498ff92,dd49818fc
qd498ff92,dd4ba91e8
qd498ff92,dd4b92f10
qd498ff92,dd4b93d66
qd498ff92,dd4b912fa
qd498ff92,dd4bad842
qd498ff92,dd4ba3e6e
qd498ff92,dd4b87a02
qd498ff92,dd4bbb17c
qd498ff92,dd49749cc
qd497cd70,dd4b94ed2
qd497cd70,dd497cdca
qd497cd70,dd4bb5d12
qd497cd70,dd4ba75b4
qd497cd70,dd4c0781a
qd497cd70,dd4c66176
qd497cd70,dd497ad9a
qd497cd70,dd4bbf27c
qd497cd70,dd4be90a4
qd497cd70,dd4b8e2a8
qd4973afe,dd497354a
qd4973afe,dd4bcd94e
qd4973afe,dd4be1b9c
qd4973afe,dd4bbd8a0
qd4973afe,dd4c1e0e2
qd4973afe,dd4c07ed2
qd4973afe,dd4bea9d6
qd4973afe,dd4c53260
qd4973afe,dd4beac7e
qd4973afe,dd497b164
qd497ba9c,dd497bae2
qd497ba9c,dd4c38834
qd497ba9c,dd4bae42c
qd497ba9c,dd4b9452c
qd497ba9c,dd4bdf86a
qd497ba9c,dd4c1f924
qd497ba9c,dd4bdddee
qd497ba9c,dd4be5256
qd497ba9c,dd4981082
qd497ba9c,dd4b8b3f0
qd4989174,dd49891e2
qd4989174,dd4c4dea0
qd4989174,dd4bd8b64
qd4989174,dd4bdbcc4
qd4989174,dd4c030c6
qd4989174,dd4bfb420
qd4989174,dd4bcb0cc
qd4989174,dd4bc9ca4
qd4989174,dd4bc907e
qd4989174,dd498628a
qd497857c,dd4bf1cfe
qd497857c,dd4c56bb8
qd497857c,dd4c5699c
qd497857c,dd4b92a2e
qd497857c,dd4bd0d60
qd497857c,dd4c11dd8
qd497857c,dd496daaa
qd497857c,dd4b8c7be
qd497857c,dd4ba302c
qd497857c,dd4b94856
qd4987540,dd4bc7b52
qd4987540,dd496fc06
qd4987540,dd4b8f518
qd4987540,dd496d5d2
qd4987540,dd4976a9c
qd4987540,dd4c4ee72
qd4987540,dd4bc7c60
qd4987540,dd4bd4820
qd4987540,dd4bae6b6
qd4987540,dd4b8de70
qd4984e8a,dd4970f84
qd4984e8a,dd4c3d78a
qd4984e8a,dd4b89eec
qd4984e8a,dd497a67e
qd4984e8a,dd497d036
qd4984e8a,dd4bcb00e
qd4984e8a,dd4b90814
qd4984e8a,dd4bd74e4
qd4984e8a,dd4c002fe
qd4984e8a,dd4b9dc1c
qd498bf64,dd498a524
qd498bf64,dd4b9d514
qd498bf64,dd4bb8fa8
qd498bf64,dd4c09a2a
qd498bf64,dd497e4cc
qd498bf64,dd4bbc040
qd498bf64,dd4c06532
qd498bf64,dd4be27ae
qd498bf64,dd4bb14b0
qd498bf64,dd4bfd414
qd497ffde,dd4bbb370
qd497ffde,dd4bcff28
qd497ffde,dd498048e
qd497ffde,dd4c5750e
qd497ffde,dd4bb6a78
qd497ffde,dd497be3e
qd497ffde,dd4b8da4c
qd497ffde,dd4c4dea0
qd497ffde,dd4c14146
qd497ffde,dd4c56898
qd49818ac,dd4ba91e8
qd49818ac,dd49818fc
qd49818ac,dd4b92f10
qd49818ac,dd4b912fa
qd49818ac,dd496d938
qd49818ac,dd4b93d66
qd49818ac,dd4ba3e6e
qd49818ac,dd4be0b84
qd49818ac,dd4bad842
qd49818ac,dd4bbb17c
qd498e9f8,dd496d5d2
qd498e9f8,dd4976a9c
qd498e9f8,dd4bc7c60
qd498e9f8,dd4b8f518
qd498e9f8,dd4bc7b52
qd498e9f8,dd4c4ee72
qd498e9f8,dd496fc06
qd498e9f8,dd4bd4820
qd498e9f8,dd4bdf78e
qd498e9f8,dd4b8c7be
qd49805a6,dd4ba3d92
qd49805a6,dd496df64
qd49805a6,dd4b94266
qd49805a6,dd4c39c3e
qd49805a6,dd4c0c5ea
qd49805a6,dd4bbf27c
qd49805a6,dd4ba203c
qd49805a6,dd4bb340e
qd49805a6,dd4ba9b70
qd49805a6,dd4bbe1b0
qd497977e,dd4b8af54
qd497977e,dd49797ec
qd497977e,dd4bb3648
qd497977e,dd4c58418
qd497977e,dd4badfea
qd497977e,dd4c03814
qd497977e,dd4b9af30
qd497977e,dd4c24b7c
qd497977e,dd4be518e
qd497977e,dd4b8b4d6
qd49789be,dd4976682
qd49789be,dd4bace88
qd49789be,dd4bdf694
qd49789be,dd4bc2f30
qd49789be,dd4be1020
qd49789be,dd4c13e26
qd49789be,dd4b88aa6
qd49789be,dd4c32894
qd49789be,dd4baa73c
qd49789be,dd4985e7a
qd4982f22,dd4b8c5c0
qd4982f22,dd4c453ae
qd4982f22,dd4bb8436
qd4982f22,dd496ca2e
qd4982f22,dd4bcdaf2
qd4982f22,dd4c558b2
qd4982f22,dd4c117c0
qd4982f22,dd4bce560
qd4982f22,dd4bd05a4
qd4982f22,dd4bdbcc4
qd4989f8e,dd4c13c64
qd4989f8e,dd4c0ce78
qd4989f8e,dd4bde6cc
qd4989f8e,dd4c09a2a
qd4989f8e,dd4c322cc
qd4989f8e,dd4bbc040
qd4989f8e,dd4bdf95a
qd4989f8e,dd4c1edb2
qd4989f8e,dd4bc5e74
qd4989f8e,dd4bd0162
qd496ce3e,dd496ce98
qd496ce3e,dd4bee25c
qd496ce3e,dd4970e26
qd496ce3e,dd4c1311a
qd496ce3e,dd4c3d78a
qd496ce3e,dd4c0b9f6
qd496ce3e,dd4baad2c
qd496ce3e,dd4bb1a6e
qd496ce3e,dd4bc82c8
qd496ce3e,dd4c51988
qd498d4f4,dd4bdf86a
qd498d4f4,dd4981082
qd498d4f4,dd496ebc6
qd498d4f4,dd497de0a
qd498d4f4,dd4ba1308
qd498d4f4,dd4bdddee
qd498d4f4,dd4c4befc
qd498d4f4,dd4bca050
qd498d4f4,dd4bc26ca
qd498d4f4,dd4bce0f6
qd4978842,dd4978892
qd4978842,dd4bcd6a6
qd4978842,dd4bcd4da
qd4978842,dd4bd103a
qd4978842,dd4c0eb56
qd4978842,dd4be9d60
qd4978842,dd4bba4f2
qd4978842,dd4bfa8cc
qd4978842,dd4c54aca
qd4978842,dd4bcb0cc
qd4975386,dd49753cc
qd4975386,dd4c326a0
qd4975386,dd4bd2e3a
qd4975386,dd4b8c110
qd4975386,dd4b9ee6e
qd4975386,dd4ba4ad0
qd4975386,dd4c047e6
qd4975386,dd4b895c8
qd4975386,dd4c45e44
qd4975386,dd4be9e5a
qd4970a48,dd4b9cde4
qd4970a48,dd4c1ca1c
qd4970a48,dd4bd938e
qd4970a48,dd4b971e6
qd4970a48,dd4bcee8e
qd4970a48,dd4c20c52
qd4970a48,dd4c63f0c
qd4970a48,dd4b8eece
qd4970a48,dd4ba043a
qd4970a48,dd4bdc084
qd4978716,dd4bd7318
qd4978716,dd4bc729c
qd4978716,dd4c282fe
qd4978716,dd4b94b76
qd4978716,dd4baa80e
qd4978716,dd4b97f56
qd4978716,dd4987a22
qd4978716,dd4bca866
qd4978716,dd4b97ab0
qd4978716,dd4974328
qd497942c,dd4b96ca0
qd497942c,dd4b8c4ee
qd497942c,dd4ba002a
qd497942c,dd4bc0adc
qd497942c,dd4976682
qd497942c,dd4b9cccc
qd497942c,dd4bfefa8
qd497942c,dd4c1201c
qd497942c,dd4bc2f30
qd497942c,dd4c4b6be
qd4977596,dd49775fa
qd4977596,dd4bd4532
qd4977596,dd4ba63da
qd4977596,dd4bf1f10
qd4977596,dd497b06a
qd4977596,dd4c091f6
qd4977596,dd4973a2c
qd4977596,dd4c5a718
qd4977596,dd4c00844
qd4977596,dd4c2dccc
qd4979030,dd4989e76
qd4979030,dd4970f84
qd4979030,dd4c501b4
qd4979030,dd4bacbf4
qd4979030,dd4bb7018
qd4979030,dd4b98866
qd4979030,dd4c1e0e2
qd4979030,dd4ba28b6
qd4979030,dd4c32a74
qd4979030,dd4979094
qd498da94,dd4b92614
qd498da94,dd4b8bbf2
qd498da94,dd4bdd6dc
qd498da94,dd4c4e788
qd498da94,dd4b9cec0
qd498da94,dd4b9ea7c
qd498da94,dd4b87796
qd498da94,dd4b94ce8
qd498da94,dd498315c
qd498da94,dd4bfb628
qd49742ec,dd496daaa
qd49742ec,dd4b916e2
qd49742ec,dd4c248b6
qd49742ec,dd4ba940e
qd49742ec,dd4974328
qd49742ec,dd4bf094e
qd49742ec,dd4c1fa00
qd49742ec,dd4b9c790
qd49742ec,dd4bdb65c
qd49742ec,dd4b9c02e
qd4987eb4,dd4c44418
qd4987eb4,dd4c5029a
qd4987eb4,dd4b920e2
qd4987eb4,dd4bb7fc2
qd4987eb4,dd4bd18a0
qd4987eb4,dd4987f04
qd4987eb4,dd4980772
qd4987eb4,dd4bc7a6c
qd4987eb4,dd4bb77ca
qd4987eb4,dd4ba71ae
qd4973676,dd49736c6
qd4973676,dd4b87b10
qd4973676,dd4c4e0f8
qd4973676,dd4bbae02
qd4973676,dd4ba3590
qd4973676,dd4c5923c
qd4973676,dd4c46150
qd4973676,dd4bc2440
qd4973676,dd4c51b22
qd4973676,dd497875c
qd4989c8c,dd4c1e8a8
qd4989c8c,dd4c22fb6
qd4989c8c,dd4bda02c
qd4989c8c,dd4c4c53c
qd4989c8c,dd4c657f8
qd4989c8c,dd4982158
qd4989c8c,dd4be7d3a
qd4989c8c,dd49763da
qd4989c8c,dd4c117c0
qd4989c8c,dd4b9e324
qd49873e2,dd4987432
qd49873e2,dd4b9b93a
qd49873e2,dd498e070
qd49873e2,dd4b8c25a
qd49873e2,dd4ba302c
qd49873e2,dd4c2fdd8
qd49873e2,dd4bcef88
qd49873e2,dd4bb4da4
qd49873e2,dd4c4f4c6
qd49873e2,dd4bfdaea
qd49751f6,dd4975250
qd49751f6,dd4bfadae
qd49751f6,dd4c51fbe
qd49751f6,dd4c5923c
qd49751f6,dd4b8e4d8
qd49751f6,dd4bb930e
qd49751f6,dd4ba02f0
qd49751f6,dd4bd6166
qd49751f6,dd498329c
qd49751f6,dd4bc2440
qd497ab06,dd497ab7e
qd497ab06,dd4bcc92c
qd497ab06,dd4b9d80c
qd497ab06,dd4be55f8
qd497ab06,dd4bf89fa
qd497ab06,dd498d03a
qd497ab06,dd4ba9b70
qd497ab06,dd4bcca62
qd497ab06,dd4be2290
qd497ab06,dd4b8e046
qd49741b6,dd4bb3ea4
qd49741b6,dd497314e
qd49741b6,dd49741fc
qd49741b6,dd4b93a82
qd49741b6,dd4bc9f60
qd49741b6,dd4bb3512
qd49741b6,dd4987a22
qd49741b6,dd4c49468
qd49741b6,dd4b8f324
qd49741b6,dd4c1fa00
qd498d0f8,dd497bae2
qd498d0f8,dd4c38834
qd498d0f8,dd4c1f924
qd498d0f8,dd4981082
qd498d0f8,dd4b9452c
qd498d0f8,dd4bae42c
qd498d0f8,dd4bdf86a
qd498d0f8,dd4bdddee
qd498d0f8,dd496ebc6
qd498d0f8,dd4c254aa
qd497c816,dd497c870
qd497c816,dd4bca866
qd497c816,dd4b87912
qd497c816,dd4c1e48e
qd497c816,dd4b97f56
qd497c816,dd4bedfe6
qd497c816,dd4b94ff4
qd497c816,dd4b8e046
qd497c816,dd4c282fe
qd497c816,dd497d14e
qd4988ecc,dd4bc83ae
qd4988ecc,dd4b91b88
qd4988ecc,dd4bbce6e
qd4988ecc,dd4c515dc
qd4988ecc,dd4b8f324
qd4988ecc,dd4c17a26
qd4988ecc,dd4be623c
qd4988ecc,dd4b9d988
qd4988ecc,dd4b9c02e
qd4988ecc,dd4c49468
qd4982266,dd4c2afae
qd4982266,dd49822ca
qd4982266,dd4c4c726
qd4982266,dd4c07df6
qd4982266,dd4bb2d7e
qd4982266,dd4c1bfb8
qd4982266,dd4b894d8
qd4982266,dd4c1e8a8
qd4982266,dd496e554
qd4982266,dd4c52716
qd4985e34,dd4c1201c
qd4985e34,dd4bc0adc
qd4985e34,dd4bc2f30
qd4985e34,dd4bfefa8
qd4985e34,dd4ba002a
qd4985e34,dd4c5e048
qd4985e34,dd4c4b6be
qd4985e34,dd4b96ca0
qd4985e34,dd4b9cccc
qd4985e34,dd4bff188
qd4989714,dd4ba940e
qd4989714,dd4974328
qd4989714,dd4bf06ba
qd4989714,dd4b9c790
qd4989714,dd4c4827a
qd4989714,dd4c248b6
qd4989714,dd4bd7caa
qd4989714,dd4bbce6e
qd4989714,dd4bf6a7e
qd4989714,dd4ba4fb2
qd2ac917a,dd2acce74
qd2ac917a,dd2acd630
qd2ac917a,dd2afe78a
qd2ac917a,dd2adae02
qd2ac917a,dd2adc4fa
qd2ac917a,dd2add242
qd2ac917a,dd2b16ef2
qd2ac917a,dd2ac410c
qd2ac917a,dd2ac3a86
qd2ac917a,dd2afb88c
qd2aeff00,dd2af0432
qd2aeff00,dd2ac410c
qd2aeff00,dd2adae02
qd2aeff00,dd2ac62ae
qd2aeff00,dd2ac3a86
qd2aeff00,dd2abfada
qd2aeff00,dd2aef640
qd2aeff00,dd2ac2a28
qd2aeff00,dd2ac23fc
qd2aeff00,dd2ac6718
qd2acfe6c,dd2ac410c
qd2acfe6c,dd2acffb6
qd2acfe6c,dd2ad2306
qd2acfe6c,dd2acf0f2
qd2acfe6c,dd2ac6718
qd2acfe6c,dd2acdc52
qd2acfe6c,dd2ac2a28
qd2acfe6c,dd2ace5a8
qd2acfe6c,dd2b03604
qd2acfe6c,dd2ad9520
qd2ad28d8,dd2ad29c8
qd2ad28d8,dd2ad469c
qd2ad28d8,dd2b05170
qd2ad28d8,dd2ae98d0
qd2ad28d8,dd2af9b04
qd2ad28d8,dd2ac23fc
qd2ad28d8,dd2abfada
qd2ad28d8,dd2ac58e0
qd2ad28d8,dd2abbe8a
qd2ad28d8,dd2abf4f4
qd2ac61e6,dd2ac62ae
qd2ac61e6,dd2ac8626
qd2ac61e6,dd2ac2dac
qd2ac61e6,dd2aef640
qd2ac61e6,dd2ad88d2
qd2ac61e6,dd2ac55e8
qd2ac61e6,dd2b17c3a
qd2ac61e6,dd2ad7e46
qd2ac61e6,dd2abd7b2
qd2ac61e6,dd2ad12e4
qd2acf836,dd2acf912
qd2acf836,dd2acdc52
qd2acf836,dd2acffb6
qd2acf836,dd2ace5a8
qd2acf836,dd2acf0f2
qd2acf836,dd2acfb9c
qd2acf836,dd2adae02
qd2acf836,dd2ad8c38
qd2acf836,dd2abfb48
qd2acf836,dd2ad4624
qd2abf012,dd2abfb48
qd2abf012,dd2abf0b2
qd2abf012,dd2ac6718
qd2abf012,dd2ac1664
qd2abf012,dd2af3272
qd2abf012,dd2ac5bec
qd2abf012,dd2ac62ae
qd2abf012,dd2ac3a86
qd2abf012,dd2af432a
qd2abf012,dd2ad4624
qd2abbd7c,dd2abb8b8
qd2abbd7c,dd2abc858
qd2abbd7c,dd2abbe8a
qd2abbd7c,dd2abbef8
qd2abbd7c,dd2abb3e0
qd2abbd7c,dd2abc27c
qd2abbd7c,dd2abbe1c
qd2abbd7c,dd2ac410c
qd2abbd7c,dd2ac2dac
qd2abbd7c,dd2ac3a86
qd2adb780,dd2adb8d4
qd2adb780,dd2adb5be
qd2adb780,dd2adc054
qd2adb780,dd2afb88c
qd2adb780,dd2ad9520
qd2adb780,dd2ada3da
qd2adb780,dd2abc54c
qd2adb780,dd2ac1056
qd2adb780,dd2ada466
qd2adb780,dd2ac6718
qd2ade0e8,dd2ade412
qd2ade0e8,dd2ade854
qd2ade0e8,dd2ade386
qd2ade0e8,dd2aded90
qd2ade0e8,dd2ac58e0
qd2ade0e8,dd2ae98d0
qd2ade0e8,dd2abde92
qd2ade0e8,dd2ad7824
qd2ade0e8,dd2ad741e
qd2ade0e8,dd2ac07e6
qd2adc6da,dd2adcc02
qd2adc6da,dd2ade854
qd2adc6da,dd2ada3da
qd2adc6da,dd2ac43f0
qd2adc6da,dd2ac23fc
qd2adc6da,dd2ac2dac
qd2adc6da,dd2ac410c
qd2adc6da,dd2adc4fa
qd2adc6da,dd2abfada
qd2adc6da,dd2ad469c
qd2ae6158,dd2ae654a
qd2ae6158,dd2ae3dfe
qd2ae6158,dd2ae5e24
qd2ae6158,dd2ae0e2e
qd2ae6158,dd2ae3eda
qd2ae6158,dd2ac1a1a
qd2ae6158,dd2ad4624
qd2ae6158,dd2ad88d2
qd2ae6158,dd2ac410c
qd2ae6158,dd2ac3a86
qd2ae56fe,dd2ae5e24
qd2ae56fe,dd2ae654a
qd2ae56fe,dd2ae3dfe
qd2ae56fe,dd2ae0e2e
qd2ae56fe,dd2ae3eda
qd2ae56fe,dd2af2336
qd2ae56fe,dd2abc54c
qd2ae56fe,dd2ae717a
qd2ae56fe,dd2ac8626
qd2ae56fe,dd2ac285c
qd2addac6,dd2addca6
qd2addac6,dd2addc24
qd2addac6,dd2b05170
qd2addac6,dd2ac58e0
qd2addac6,dd2ad741e
qd2addac6,dd2adae02
qd2addac6,dd2ad7824
qd2addac6,dd2aeecea
qd2addac6,dd2b16146
qd2addac6,dd2abf4f4
qd2af58c4,dd2af5afe
qd2af58c4,dd2af679c
qd2af58c4,dd2af18f0
qd2af58c4,dd2af432a
qd2af58c4,dd2af0c8e
qd2af58c4,dd2af41e0
qd2af58c4,dd2af6f08
qd2af58c4,dd2ac1056
qd2af58c4,dd2ad8c38
qd2af58c4,dd2aef640
qd2ac8e0a,dd2ac8f0e
qd2ac8e0a,dd2abfada
qd2ac8e0a,dd2ac23fc
qd2ac8e0a,dd2ac58e0
qd2ac8e0a,dd2b0b110
qd2ac8e0a,dd2ad2676
qd2ac8e0a,dd2abc858
qd2ac8e0a,dd2acce74
qd2ac8e0a,dd2b16146
qd2ac8e0a,dd2abde92
qd2b05f08,dd2b02da8
qd2b05f08,dd2b03604
qd2b05f08,dd2b01854
qd2b05f08,dd2ad9520
qd2b05f08,dd2af6f08
qd2b05f08,dd2adae02
qd2b05f08,dd2ad692e
qd2b05f08,dd2ac285c
qd2b05f08,dd2ad8c38
qd2b05f08,dd2aef640
qd2adca40,dd2acf912
qd2adca40,dd2adc4fa
qd2adca40,dd2add242
qd2adca40,dd2adb5be
qd2adca40,dd2adb8d4
qd2adca40,dd2ad2306
qd2adca40,dd2ac410c
qd2adca40,dd2ad1ec4
qd2adca40,dd2abfb48
qd2adca40,dd2abf0b2
qd2af2e3a,dd2af432a
qd2af2e3a,dd2af41e0
qd2af2e3a,dd2af0c8e
qd2af2e3a,dd2ac1664
qd2af2e3a,dd2ac6718
qd2af2e3a,dd2ac5bec
qd2af2e3a,dd2af3272
qd2af2e3a,dd2ac62ae
qd2af2e3a,dd2af18f0
qd2af2e3a,dd2ad8850
qd2af4a50,dd2af432a
qd2af4a50,dd2af41e0
qd2af4a50,dd2af0c8e
qd2af4a50,dd2ad2306
qd2af4a50,dd2ac1a1a
qd2af4a50,dd2ad9520
qd2af4a50,dd2ac2a28
qd2af4a50,dd2ad88d2
qd2af4a50,dd2ac2dac
qd2af4a50,dd2ad8c38
qd2b12b72,dd2b0b110
qd2b12b72,dd2b13658
qd2b12b72,dd2b1453a
qd2b12b72,dd2ac410c
qd2b12b72,dd2adae02
qd2b12b72,dd2ad4624
qd2b12b72,dd2abfada
qd2b12b72,dd2ac285c
qd2b12b72,dd2ac43f0
qd2b12b72,dd2ac23fc
qd2abe6b2,dd2abe7ca
qd2abe6b2,dd2abe752
qd2abe6b2,dd2abe20c
qd2abe6b2,dd2abedc4
qd2abe6b2,dd2abdf28
qd2abe6b2,dd2abea5e
qd2abe6b2,dd2abde92
qd2abe6b2,dd2abb3e0
qd2abe6b2,dd2ac62ae
qd2abe6b2,dd2abbef8
qd2adba1e,dd2adb5be
qd2adba1e,dd2adb8d4
qd2adba1e,dd2adc054
qd2adba1e,dd2ada3da
qd2adba1e,dd2ac1056
qd2adba1e,dd2ad9520
qd2adba1e,dd2ac62ae
qd2adba1e,dd2ada466
qd2adba1e,dd2abc54c
qd2adba1e,dd2aef640
qd2adc342,dd2adcc02
qd2adc342,dd2adc4fa
qd2adc342,dd2abc54c
qd2adc342,dd2add242
qd2adc342,dd2ac30ea
qd2adc342,dd2ac410c
qd2adc342,dd2ac285c
qd2adc342,dd2ad4624
qd2adc342,dd2ac3a86
qd2adc342,dd2ac8626
qd2ac019c,dd2abff58
qd2ac019c,dd2ac04a8
qd2ac019c,dd2abffc6
qd2ac019c,dd2ae86ba
qd2ac019c,dd2afe78a
qd2ac019c,dd2abe752
qd2ac019c,dd2abe20c
qd2ac019c,dd2adae02
qd2ac019c,dd2ac8626
qd2ac019c,dd2abfb48
qd2ac297e,dd2ac2a28
qd2ac297e,dd2ad2306
qd2ac297e,dd2adae02
qd2ac297e,dd2ac20d2
qd2ac297e,dd2ac285c
qd2ac297e,dd2abf0b2
qd2ac297e,dd2abfb48
qd2ac297e,dd2ac2dac
qd2ac297e,dd2ac2140
qd2ac297e,dd2ac410c
qd2b0876c,dd2b08d20
qd2b0876c,dd2b1453a
qd2b0876c,dd2b0b110
qd2b0876c,dd2b13658
qd2b0876c,dd2af3272
qd2b0876c,dd2ac8626
qd2b0876c,dd2ad4624
qd2b0876c,dd2ad8c38
qd2b0876c,dd2abfada
qd2b0876c,dd2ac43f0
qd2abb228,dd2abb3e0
qd2abb228,dd2abb8b8
qd2abb228,dd2abbef8
qd2abb228,dd2abbe8a
qd2abb228,dd2abc858
qd2abb228,dd2ac62ae
qd2abb228,dd2ad7e46
qd2abb228,dd2abd7b2
qd2abb228,dd2ac49a4
qd2abb228,dd2ac2dac
qd2ad86c0,dd2ad88d2
qd2ad86c0,dd2ad8850
qd2ad86c0,dd2ad741e
qd2ad86c0,dd2ad7e46
qd2ad86c0,dd2ad7824
qd2ad86c0,dd2ad7388
qd2ad86c0,dd2ac410c
qd2ad86c0,dd2ac62ae
qd2ad86c0,dd2ac3a86
qd2ad86c0,dd2abbef8
qd2acde96,dd2acffb6
qd2acde96,dd2ace5a8
qd2acde96,dd2acf0f2
qd2acde96,dd2acdc52
qd2acde96,dd2ac285c
qd2acde96,dd2ad4624
qd2acde96,dd2adae02
qd2acde96,dd2acf692
qd2acde96,dd2abc54c
qd2acde96,dd2ac2a28
qd2ad110e,dd2ad1262
qd2ad110e,dd2ad12e4
qd2ad110e,dd2ad0b46
qd2ad110e,dd2ae4f06
qd2ad110e,dd2ad05a6
qd2ad110e,dd2ad662c
qd2ad110e,dd2ac410c
qd2ad110e,dd2ad061e
qd2ad110e,dd2ac62ae
qd2ad110e,dd2af41e0
qd2abc7c2,dd2abb8b8
qd2abc7c2,dd2abc858
qd2abc7c2,dd2abb3e0
qd2abc7c2,dd2abbef8
qd2abc7c2,dd2abbe8a
qd2abc7c2,dd2abc27c
qd2abc7c2,dd2abbe1c
qd2abc7c2,dd2ac1c4a
qd2abc7c2,dd2ac2dac
qd2abc7c2,dd2ac1a1a
qd2acf4d0,dd2ace5a8
qd2acf4d0,dd2acdc52
qd2acf4d0,dd2acffb6
qd2acf4d0,dd2acf0f2
qd2acf4d0,dd2ad4624
qd2acf4d0,dd2ad8c38
qd2acf4d0,dd2adae02
qd2acf4d0,dd2ac62ae
qd2acf4d0,dd2abfada
qd2acf4d0,dd2aded90
qd2b0536e,dd2b02da8
qd2b0536e,dd2b059ae
qd2b0536e,dd2b01854
qd2b0536e,dd2adae02
qd2b0536e,dd2b03604
qd2b0536e,dd2ad692e
qd2b0536e,dd2ac62ae
qd2b0536e,dd2ac6718
qd2b0536e,dd2ac8626
qd2b0536e,dd2ac1056
qd2abed24,dd2abedc4
qd2abed24,dd2abe7ca
qd2abed24,dd2abea5e
qd2abed24,dd2abe752
qd2abed24,dd2abdf28
qd2abed24,dd2abe20c
qd2abed24,dd2abde92
qd2abed24,dd2ac410c
qd2abed24,dd2adae02
qd2abed24,dd2ac2dac
qd2abb7e6,dd2abb8b8
qd2abb7e6,dd2abb3e0
qd2abb7e6,dd2abbe8a
qd2abb7e6,dd2abc858
qd2abb7e6,dd2abbef8
qd2abb7e6,dd2abbe1c
qd2abb7e6,dd2ac58e0
qd2abb7e6,dd2ad3fd0
qd2abb7e6,dd2ad469c
qd2abb7e6,dd2b05170
qd2ae689c,dd2ae5e24
qd2ae689c,dd2ae654a
qd2ae689c,dd2ae3dfe
qd2ae689c,dd2ae3eda
qd2ae689c,dd2ae0e2e
qd2ae689c,dd2ac410c
qd2ae689c,dd2ac8626
qd2ae689c,dd2abc54c
qd2ae689c,dd2ae717a
qd2ae689c,dd2adae02
qd2ad7216,dd2ad741e
qd2ad7216,dd2ad7388
qd2ad7216,dd2ad7824
qd2ad7216,dd2ad7e46
qd2ad7216,dd2ad88d2
qd2ad7216,dd2ad8850
qd2ad7216,dd2abf4f4
qd2ad7216,dd2abbe8a
qd2ad7216,dd2abc858
qd2ad7216,dd2ada3da
qd2ada61e,dd2adb5be
qd2ada61e,dd2adb8d4
qd2ada61e,dd2adae02
qd2ada61e,dd2adc054
qd2ada61e,dd2af6f08
qd2ada61e,dd2ac6718
qd2ada61e,dd2ac1a1a
qd2ada61e,dd2ada3da
qd2ada61e,dd2ada466
qd2ada61e,dd2ac1056
qd2ad76bc,dd2ad7824
qd2ad76bc,dd2ad741e
qd2ad76bc,dd2ad8850
qd2ad76bc,dd2ad7e46
qd2ad76bc,dd2ad7388
qd2ad76bc,dd2ad88d2
qd2ad76bc,dd2ac23fc
qd2ad76bc,dd2ad2676
qd2ad76bc,dd2b0b110
qd2ad76bc,dd2abfada
qd2ac15c4,dd2ac0dd6
qd2ac15c4,dd2ac0a84
qd2ac15c4,dd2ac07e6
qd2ac15c4,dd2ac1a1a
qd2ac15c4,dd2ac6718
qd2ac15c4,dd2ac147a
qd2ac15c4,dd2ac62ae
qd2ac15c4,dd2af3272
qd2ac15c4,dd2ac55e8
qd2ac15c4,dd2ac1664
qd2ac3676,dd2af2336
qd2ac3676,dd2abfb48
qd2ac3676,dd2abf0b2
qd2ac3676,dd2ac6718
qd2ac3676,dd2ac410c
qd2ac3676,dd2ad8c38
qd2ac3676,dd2ac3734
qd2ac3676,dd2adae02
qd2ac3676,dd2adcc02
qd2ac3676,dd2ac0a84
qd2add4d6,dd2add62a
qd2add4d6,dd2adcc02
qd2add4d6,dd2ac8626
qd2add4d6,dd2adb8d4
qd2add4d6,dd2adb5be
qd2add4d6,dd2ac1056
qd2add4d6,dd2adae02
qd2add4d6,dd2ac62ae
qd2add4d6,dd2af18f0
qd2add4d6,dd2ac6718
qd2ad44a8,dd2ad3fd0
qd2ad44a8,dd2ad3ecc
qd2ad44a8,dd2adae02
qd2ad44a8,dd2ad4624
qd2ad44a8,dd2ac410c
qd2ad44a8,dd2abfada
qd2ad44a8,dd2ad9520
qd2ad44a8,dd2ac3a86
qd2ad44a8,dd2abfb48
qd2ad44a8,dd2abf0b2
qd2ae159a,dd2ae3dfe
qd2ae159a,dd2ae3eda
qd2ae159a,dd2ae654a
qd2ae159a,dd2ae5e24
qd2ae159a,dd2ae0e2e
qd2ae159a,dd2ae717a
qd2ae159a,dd2ae6e5a
qd2ae159a,dd2abb3e0
qd2ae159a,dd2abbef8
qd2ae159a,dd2ad7e46
qd2ad682a,dd2ad692e
qd2ad682a,dd2adcc02
qd2ad682a,dd2af6f08
qd2ad682a,dd2ad6d20
qd2ad682a,dd2b03604
qd2ad682a,dd2ad3ecc
qd2ad682a,dd2ad1ec4
qd2ad682a,dd2ac1056
qd2ad682a,dd2afc3f4
qd2ad682a,dd2ac6718
qd2ac4dbe,dd2ac4ef4
qd2ac4dbe,dd2ac49a4
qd2ac4dbe,dd2ac4e7c
qd2ac4dbe,dd2ac5296
qd2ac4dbe,dd2ac5228
qd2ac4dbe,dd2ac62ae
qd2ac4dbe,dd2ad88d2
qd2ac4dbe,dd2ac2a28
qd2ac4dbe,dd2abbef8
qd2ac4dbe,dd2ad7e46
qd2ac4530,dd2ac45e4
qd2ac4530,dd2ac410c
qd2ac4530,dd2ac43f0
qd2ac4530,dd2ac3a86
qd2ac4530,dd2abfb48
qd2ac4530,dd2abf0b2
qd2ac4530,dd2ad8c38
qd2ac4530,dd2adae02
qd2ac4530,dd2b059ae
qd2ac4530,dd2ae4f06
qd2ae758a,dd2ae0e2e
qd2ae758a,dd2ae3eda
qd2ae758a,dd2ae790e
qd2ae758a,dd2ae3dfe
qd2ae758a,dd2ae654a
qd2ae758a,dd2ac2dac
qd2ae758a,dd2ae98d0
qd2ae758a,dd2ac23fc
qd2ae758a,dd2ad7e46
qd2ae758a,dd2abfada
qd2aecf94,dd2aed41c
qd2aecf94,dd2aeecea
qd2aecf94,dd2ac58e0
qd2aecf94,dd2aeeb50
qd2aecf94,dd2aef640
qd2aecf94,dd2ad741e
qd2aecf94,dd2ae98d0
qd2aecf94,dd2ad7824
qd2aecf94,dd2abfada
qd2aecf94,dd2ac23fc
qd2ac5b24,dd2ac55e8
qd2ac5b24,dd2ac58e0
qd2ac5b24,dd2ac8626
qd2ac5b24,dd2ac5eb2
qd2ac5b24,dd2ad2306
qd2ac5b24,dd2adae02
qd2ac5b24,dd2ac410c
qd2ac5b24,dd2b03604
qd2ac5b24,dd2ad1ec4
qd2ac5b24,dd2ad9520
qd2ac13da,dd2ac1a1a
qd2ac13da,dd2ac0dd6
qd2ac13da,dd2ac147a
qd2ac13da,dd2ac0a84
qd2ac13da,dd2ac07e6
qd2ac13da,dd2ac20d2
qd2ac13da,dd2ad2306
qd2ac13da,dd2acfb9c
qd2ac13da,dd2af6f08
qd2ac13da,dd2adae02
qd2ac0d22,dd2ac1a1a
qd2ac0d22,dd2ac0dd6
qd2ac0d22,dd2ac147a
qd2ac0d22,dd2ac0a84
qd2ac0d22,dd2ac07e6
qd2ac0d22,dd2adae02
qd2ac0d22,dd2acfb9c
qd2ac0d22,dd2ac410c
qd2ac0d22,dd2ac1c4a
qd2ac0d22,dd2ac8626
qd2af258e,dd2af432a
qd2af258e,dd2af18f0
qd2af258e,dd2af41e0
qd2af258e,dd2af0c8e
qd2af258e,dd2af679c
qd2af258e,dd2af5afe
qd2af258e,dd2ad4624
qd2af258e,dd2ac410c
qd2af258e,dd2abfada
qd2af258e,dd2abc27c
qd2b0310e,dd2b03604
qd2b0310e,dd2abc27c
qd2b0310e,dd2ad9520
qd2b0310e,dd2adc054
qd2b0310e,dd2ad2306
qd2b0310e,dd2ac8626
qd2b0310e,dd2ac285c
qd2b0310e,dd2adae02
qd2b0310e,dd2ac6718
qd2b0310e,dd2ac5bec
qd2afe1ae,dd2afe78a
qd2afe1ae,dd2afb88c
qd2afe1ae,dd2af2336
qd2afe1ae,dd2afc3f4
qd2afe1ae,dd2adae02
qd2afe1ae,dd2ac6718
qd2afe1ae,dd2adb2c6
qd2afe1ae,dd2ac8626
qd2afe1ae,dd2adb8d4
qd2afe1ae,dd2adb5be
qd2b1698e,dd2b16ef2
qd2b1698e,dd2b17af0
qd2b1698e,dd2b15b1a
qd2b1698e,dd2b17c3a
qd2b1698e,dd2b16146
qd2b1698e,dd2ad2306
qd2b1698e,dd2adb2c6
qd2b1698e,dd2adae02
qd2b1698e,dd2ac58e0
qd2b1698e,dd2ad7388
qd2ad18ca,dd2ad1a32
qd2ad18ca,dd2ad2676
qd2ad18ca,dd2ad1ec4
qd2ad18ca,dd2ad19c4
qd2ad18ca,dd2ad2306
qd2ad18ca,dd2b05170
qd2ad18ca,dd2ae98d0
qd2ad18ca,dd2ad7824
qd2ad18ca,dd2ad741e
qd2ad18ca,dd2abfada
qd2ac0732,dd2ac07e6
qd2ac0732,dd2ac147a
qd2ac0732,dd2ac0dd6
qd2ac0732,dd2ac1a1a
qd2ac0732,dd2ac58e0
qd2ac0732,dd2ac0a84
qd2ac0732,dd2b05170
qd2ac0732,dd2ac2dac
qd2ac0732,dd2ac23fc
qd2ac0732,dd2ae98d0
qd2afa130,dd2afb88c
qd2afa130,dd2afc3f4
qd2afa130,dd2ad4624
qd2afa130,dd2ad3ecc
qd2afa130,dd2ac1a1a
qd2afa130,dd2ae7076
qd2afa130,dd2ad9520
qd2afa130,dd2adae02
qd2afa130,dd2abf0b2
qd2afa130,dd2af0c8e
qd2aeaf50,dd2aeb658
qd2aeaf50,dd2aeab5e
qd2aeaf50,dd2ac58e0
qd2aeaf50,dd2aeaa0a
qd2aeaf50,dd2ae98d0
qd2aeaf50,dd2ac23fc
qd2aeaf50,dd2abfada
qd2aeaf50,dd2b05170
qd2aeaf50,dd2ad2676
qd2aeaf50,dd2ad741e
qd2ace92c,dd2acffb6
qd2ace92c,dd2acdc52
qd2ace92c,dd2acf0f2
qd2ace92c,dd2ace5a8
qd2ace92c,dd2ad4624
qd2ace92c,dd2ac410c
qd2ace92c,dd2abc27c
qd2ace92c,dd2abfada
qd2ace92c,dd2af293a
qd2ace92c,dd2adae02
qd2ac48d2,dd2ac49a4
qd2ac48d2,dd2ac4ef4
qd2ac48d2,dd2ac4e7c
qd2ac48d2,dd2ac5296
qd2ac48d2,dd2ac5228
qd2ac48d2,dd2ac62ae
qd2ac48d2,dd2ad662c
qd2ac48d2,dd2ac410c
qd2ac48d2,dd2b17c3a
qd2ac48d2,dd2ad7e46
qd2ad2568,dd2ad2306
qd2ad2568,dd2ad1ec4
qd2ad2568,dd2ad2676
qd2ad2568,dd2ad1a32
qd2ad2568,dd2ad19c4
qd2ad2568,dd2adae02
qd2ad2568,dd2ac410c
qd2ad2568,dd2abfada
qd2ad2568,dd2aef640
qd2ad2568,dd2ac23fc
qd2afbdf0,dd2afc3f4
qd2afbdf0,dd2af18f0
qd2afbdf0,dd2afb88c
qd2afbdf0,dd2b01854
qd2afbdf0,dd2aeecea
qd2afbdf0,dd2abc54c
qd2afbdf0,dd2aeeb50
qd2afbdf0,dd2af0c8e
qd2afbdf0,dd2ad3fd0
qd2afbdf0,dd2ac1056
qd2b02664,dd2b02da8
qd2b02664,dd2b01854
qd2b02664,dd2ac1056
qd2b02664,dd2ad692e
qd2b02664,dd2b03604
qd2b02664,dd2b059ae
qd2b02664,dd2ac62ae
qd2b02664,dd2afc3f4
qd2b02664,dd2ac5eb2
qd2b02664,dd2ac6718
qd2ac3cc0,dd2ad2306
qd2ac3cc0,dd2adae02
qd2ac3cc0,dd2abfb48
qd2ac3cc0,dd2ac285c
qd2ac3cc0,dd2ac2a28
qd2ac3cc0,dd2afe78a
qd2ac3cc0,dd2b03604
qd2ac3cc0,dd2abf0b2
qd2ac3cc0,dd2ac410c
qd2ac3cc0,dd2ad8c38
qd2abe9be,dd2abea5e
qd2abe9be,dd2abedc4
qd2abe9be,dd2abe20c
qd2abe9be,dd2abe7ca
qd2abe9be,dd2abdf28
qd2abe9be,dd2abe752
qd2abe9be,dd2abde92
qd2abe9be,dd2abf0b2
qd2abe9be,dd2adae02
qd2abe9be,dd2ac2a28
qd2af7502,dd2af6f08
qd2af7502,dd2af432a
qd2af7502,dd2af41e0
qd2af7502,dd2adae02
qd2af7502,dd2af0c8e
qd2af7502,dd2af18f0
qd2af7502,dd2af679c
qd2af7502,dd2af5afe
qd2af7502,dd2ac1c4a
qd2af7502,dd2ad8c38
qd2ac27b2,dd2ac285c
qd2ac27b2,dd2ac2a28
qd2ac27b2,dd2ac2dac
qd2ac27b2,dd2ac20d2
qd2ac27b2,dd2ac2140
qd2ac27b2,dd2adae02
qd2ac27b2,dd2ac410c
qd2ac27b2,dd2abea5e
qd2ac27b2,dd2adb2c6
qd2ac27b2,dd2ac5bec
qd2abc4b6,dd2abc27c
qd2abc4b6,dd2abbe8a
qd2abc4b6,dd2abb8b8
qd2abc4b6,dd2abbef8
qd2abc4b6,dd2add242
qd2abc4b6,dd2abb3e0
qd2abc4b6,dd2ac285c
qd2abc4b6,dd2b03604
qd2abc4b6,dd2abc858
qd2abc4b6,dd2adae02
qd2af095a,dd2af0c8e
qd2af095a,dd2af432a
qd2af095a,dd2af41e0
qd2af095a,dd2af18f0
qd2af095a,dd2ac62ae
qd2af095a,dd2ad88d2
qd2af095a,dd2af5afe
qd2af095a,dd2abb3e0
qd2af095a,dd2ac49a4
qd2af095a,dd2ac4ef4
qd2acda90,dd2acdc52
qd2acda90,dd2acffb6
qd2acda90,dd2acf0f2
qd2acda90,dd2ace5a8
qd2acda90,dd2abfada
qd2acda90,dd2ac58e0
qd2acda90,dd2b13658
qd2acda90,dd2b0b110
qd2acda90,dd2abbe8a
qd2acda90,dd2aed41c
qd2af1134,dd2af432a
qd2af1134,dd2af41e0
qd2af1134,dd2af0c8e
qd2af1134,dd2af2336
qd2af1134,dd2af679c
qd2af1134,dd2af18f0
qd2af1134,dd2af5afe
qd2af1134,dd2af6f08
qd2af1134,dd2afe78a
qd2af1134,dd2ac1056
qd2abfa1c,dd2abf0b2
qd2abfa1c,dd2ad469c
qd2abfa1c,dd2ac1664
qd2abfa1c,dd2ad9520
qd2abfa1c,dd2ac43f0
qd2abfa1c,dd2ae98d0
qd2abfa1c,dd2ac6718
qd2abfa1c,dd2ac410c
qd2abfa1c,dd2ac23fc
qd2abfa1c,dd2ad2676
qd2abd6b8,dd2abd7b2
qd2abd6b8,dd2abd1e0
qd2abd6b8,dd2abd17c
qd2abd6b8,dd2abe7ca
qd2abd6b8,dd2abb3e0
qd2abd6b8,dd2af0c8e
qd2abd6b8,dd2ac62ae
qd2abd6b8,dd2ad7e46
qd2abd6b8,dd2ad88d2
qd2abd6b8,dd2ac2dac
qd2abd0e6,dd2abd17c
qd2abd0e6,dd2abd1e0
qd2abd0e6,dd2abd7b2
qd2abd0e6,dd2ac1664
qd2abd0e6,dd2abde92
qd2abd0e6,dd2ac58e0
qd2abd0e6,dd2abf4f4
qd2abd0e6,dd2add62a
qd2abd0e6,dd2abbe1c
qd2abd0e6,dd2ac1a1a
qd2adf038,dd2ae0e2e
qd2adf038,dd2ae3eda
qd2adf038,dd2ae654a
qd2adf038,dd2ae3dfe
qd2adf038,dd2ae5e24
qd2adf038,dd2ac58e0
qd2adf038,dd2ae717a
qd2adf038,dd2ae98d0
qd2adf038,dd2abfada
qd2adf038,dd2ac23fc
qd2ad1d98,dd2ad2306
qd2ad1d98,dd2ad1ec4
qd2ad1d98,dd2ad19c4
qd2ad1d98,dd2ad1a32
qd2ad1d98,dd2ad2676
qd2ad1d98,dd2abf0b2
qd2ad1d98,dd2abfb48
qd2ad1d98,dd2ae86ba
qd2ad1d98,dd2ac3a86
qd2ad1d98,dd2ac410c
qd2add044,dd2adcc02
qd2add044,dd2ac285c
qd2add044,dd2add242
qd2add044,dd2abc54c
qd2add044,dd2adc054
qd2add044,dd2adc4fa
qd2add044,dd2ac2dac
qd2add044,dd2ac410c
qd2add044,dd2ad2306
qd2add044,dd2ad9520
qd2aede94,dd2aeeb50
qd2aede94,dd2aeecea
qd2aede94,dd2aec936
qd2aede94,dd2aef640
qd2aede94,dd2aed41c
qd2aede94,dd2b05170
qd2aede94,dd2abbe8a
qd2aede94,dd2ac62ae
qd2aede94,dd2ac410c
qd2aede94,dd2abf4f4
qd2af51e4,dd2af541e
qd2af51e4,dd2ad6d20
qd2af51e4,dd2af679c
qd2af51e4,dd2af5afe
qd2af51e4,dd2af18f0
qd2af51e4,dd2af41e0
qd2af51e4,dd2adae02
qd2af51e4,dd2af432a
qd2af51e4,dd2af0c8e
qd2af51e4,dd2ac1056
qd2ac2cee,dd2ac2dac
qd2ac2cee,dd2ac2140
qd2ac2cee,dd2ac62ae
qd2ac2cee,dd2abedc4
qd2ac2cee,dd2abe7ca
qd2ac2cee,dd2ad88d2
qd2ac2cee,dd2abd7b2
qd2ac2cee,dd2ad7e46
qd2ac2cee,dd2aef640
qd2ac2cee,dd2b17c3a
qd2ac1970,dd2ac1a1a
qd2ac1970,dd2ac0dd6
qd2ac1970,dd2ac147a
qd2ac1970,dd2ac6718
qd2ac1970,dd2ac07e6
qd2ac1970,dd2ac0a84
qd2ac1970,dd2adae02
qd2ac1970,dd2ac5bec
qd2ac1970,dd2ac62ae
qd2ac1970,dd2af6f08
qd2b14ff8,dd2b16146
qd2b14ff8,dd2b15b1a
qd2b14ff8,dd2b17af0
qd2b14ff8,dd2b17c3a
qd2b14ff8,dd2abb8b8
qd2b14ff8,dd2ac23fc
qd2b14ff8,dd2ad7824
qd2b14ff8,dd2ae0e2e
qd2b14ff8,dd2ac58e0
qd2b14ff8,dd2abb3e0
qd2ad2fea,dd2ad3fd0
qd2ad2fea,dd2ad3ecc
qd2ad2fea,dd2add242
qd2ad2fea,dd2ac1664
qd2ad2fea,dd2ad469c
qd2ad2fea,dd2abf4f4
qd2ad2fea,dd2abde92
qd2ad2fea,dd2ac58e0
qd2ad2fea,dd2adc4fa
qd2ad2fea,dd2ae86ba
qd2abc9d4,dd2abc858
qd2abc9d4,dd2abb8b8
qd2abc9d4,dd2abb3e0
qd2abc9d4,dd2abbe8a
qd2abc9d4,dd2ae790e
qd2abc9d4,dd2abbef8
qd2abc9d4,dd2b01854
qd2abc9d4,dd2ac1c4a
qd2abc9d4,dd2abc27c
qd2abc9d4,dd2abca56
qd2ad6b68,dd2ad6d20
qd2ad6b68,dd2afc3f4
qd2ad6b68,dd2ad29c8
qd2ad6b68,dd2abb8b8
qd2ad6b68,dd2aeecea
qd2ad6b68,dd2adcc02
qd2ad6b68,dd2ac410c
qd2ad6b68,dd2ad05a6
qd2ad6b68,dd2af541e
qd2ad6b68,dd2af18f0
qd2ae942a,dd2ae98d0
qd2ae942a,dd2abfada
qd2ae942a,dd2ac43f0
qd2ae942a,dd2ac23fc
qd2ae942a,dd2b05170
qd2ae942a,dd2ac58e0
qd2ae942a,dd2ac410c
qd2ae942a,dd2b059ae
qd2ae942a,dd2ad469c
qd2ae942a,dd2ac62ae
qd2abe16c,dd2abe20c
qd2abe16c,dd2abe7ca
qd2abe16c,dd2abdf28
qd2abe16c,dd2abea5e
qd2abe16c,dd2abedc4
qd2abe16c,dd2abde92
qd2abe16c,dd2abe752
qd2abe16c,dd2ae86ba
qd2abe16c,dd2ac410c
qd2abe16c,dd2adae02
qd2acfab6,dd2acfb9c
qd2acfab6,dd2acdc52
qd2acfab6,dd2acffb6
qd2acfab6,dd2acf0f2
qd2acfab6,dd2adae02
qd2acfab6,dd2af6f08
qd2acfab6,dd2ace5a8
qd2acfab6,dd2ac6718
qd2acfab6,dd2afe78a
qd2acfab6,dd2abc54c
qd2ad21e4,dd2ad2306
qd2ad21e4,dd2ac410c
qd2ad21e4,dd2ad2676
qd2ad21e4,dd2ad1ec4
qd2ad21e4,dd2ac6718
qd2ad21e4,dd2ad1a32
qd2ad21e4,dd2ad19c4
qd2ad21e4,dd2abfb48
qd2ad21e4,dd2ac62ae
qd2ad21e4,dd2ad9520
qd2aebcc0,dd2aec936
qd2aebcc0,dd2aeeb50
qd2aebcc0,dd2aeecea
qd2aebcc0,dd2aed41c
qd2aebcc0,dd2aef640
qd2aebcc0,dd2ad9520
qd2aebcc0,dd2ae86ba
qd2aebcc0,dd2afe78a
qd2aebcc0,dd2adc054
qd2aebcc0,dd2abd1e0
qd2acefe4,dd2acffb6
qd2acefe4,dd2acf0f2
qd2acefe4,dd2acdc52
qd2acefe4,dd2ace5a8
qd2acefe4,dd2ad2306
qd2acefe4,dd2adae02
qd2acefe4,dd2ac410c
qd2acefe4,dd2b03604
qd2acefe4,dd2ac285c
qd2acefe4,dd2abf0b2
qd2ae4664,dd2ae654a
qd2ae4664,dd2ae0e2e
qd2ae4664,dd2ae5e24
qd2ae4664,dd2ae3eda
qd2ae4664,dd2ae3dfe
qd2ae4664,dd2ae4f06
qd2ae4664,dd2ac410c
qd2ae4664,dd2ac62ae
qd2ae4664,dd2ac3a86
qd2ae4664,dd2ad662c
qd2aef29e,dd2aef640
qd2aef29e,dd2ac62ae
qd2aef29e,dd2aeecea
qd2aef29e,dd2ac2dac
qd2aef29e,dd2ad88d2
qd2aef29e,dd2ad7e46
qd2aef29e,dd2b17c3a
qd2aef29e,dd2aed41c
qd2aef29e,dd2aeeb50
qd2aef29e,dd2abd7b2
qd2ad8d5a,dd2ad2306
qd2ad8d5a,dd2adc054
qd2ad8d5a,dd2ac285c
qd2ad8d5a,dd2adb5be
qd2ad8d5a,dd2adb8d4
qd2ad8d5a,dd2adae02
qd2ad8d5a,dd2afe78a
qd2ad8d5a,dd2ac2a28
qd2ad8d5a,dd2b03604
qd2ad8d5a,dd2ada3da
qd2ac0408,dd2ac04a8
qd2ac0408,dd2abff58
qd2ac0408,dd2abffc6
qd2ac0408,dd2ad1ec4
qd2ac0408,dd2ac1a1a
qd2ac0408,dd2afb88c
qd2ac0408,dd2ad0b46
qd2ac0408,dd2ac4e7c
qd2ac0408,dd2ad1262
qd2ac0408,dd2addc24
qd2abf45e,dd2abf0b2
qd2abf45e,dd2abfb48
qd2abf45e,dd2b05170
qd2abf45e,dd2adae02
qd2abf45e,dd2ad9520
qd2abf45e,dd2ac23fc
qd2abf45e,dd2ad8c38
qd2abf45e,dd2ac2dac
qd2abf45e,dd2abc54c
qd2abf45e,dd2b03604
qd2ac516a,dd2ac5296
qd2ac516a,dd2ac4e7c
qd2ac516a,dd2ac4ef4
qd2ac516a,dd2ac5228
qd2ac516a,dd2ac49a4
qd2ac516a,dd2ac410c
qd2ac516a,dd2adae02
qd2ac516a,dd2abfada
qd2ac516a,dd2ac23fc
qd2ac516a,dd2ac0dd6
qd2ac1182,dd2ac0a84
qd2ac1182,dd2ac0dd6
qd2ac1182,dd2ac262c
qd2ac1182,dd2ac07e6
qd2ac1182,dd2ac1a1a
qd2ac1182,dd2ac1056
qd2ac1182,dd2ac1222
qd2ac1182,dd2ac8aea
qd2ac1182,dd2ac147a
qd2ac1182,dd2afc3f4
qd2b13fd6,dd2b0b110
qd2b13fd6,dd2b1453a
qd2b13fd6,dd2b13658
qd2b13fd6,dd2ac43f0
qd2b13fd6,dd2abfada
qd2b13fd6,dd2b05170
qd2b13fd6,dd2ac23fc
qd2b13fd6,dd2ac410c
qd2b13fd6,dd2ae98d0
qd2b13fd6,dd2b03604
qd2adb0c8,dd2adb5be
qd2adb0c8,dd2adb8d4
qd2adb0c8,dd2adc054
qd2adb0c8,dd2adae02
qd2adb0c8,dd2adb2c6
qd2adb0c8,dd2ad8c38
qd2adb0c8,dd2b03604
qd2adb0c8,dd2ac1c4a
qd2adb0c8,dd2ada466
qd2adb0c8,dd2ad4624
qd2abfeae,dd2abffc6
qd2abfeae,dd2abff58
qd2abfeae,dd2ac04a8
qd2abfeae,dd2b05170
qd2abfeae,dd2abde92
qd2abfeae,dd2ac58e0
qd2abfeae,dd2ac23fc
qd2abfeae,dd2ae98d0
qd2abfeae,dd2ad2676
qd2abfeae,dd2ad061e
qd2ac3036,dd2ac285c
qd2ac3036,dd2ac262c
qd2ac3036,dd2ac20d2
qd2ac3036,dd2ac30ea
qd2ac3036,dd2b03604
qd2ac3036,dd2ac8aea
qd2ac3036,dd2abc54c
qd2ac3036,dd2ac1a1a
qd2ac3036,dd2ac8626
qd2ac3036,dd2abc27c
qd2ac5dea,dd2ac5eb2
qd2ac5dea,dd2ac1056
qd2ac5dea,dd2ac55e8
qd2ac5dea,dd2ac58e0
qd2ac5dea,dd2ac8626
qd2ac5dea,dd2afc3f4
qd2ac5dea,dd2ac62ae
qd2ac5dea,dd2b059ae
qd2ac5dea,dd2b03604
qd2ac5dea,dd2ac45e4
qd2ac4328,dd2b05170
qd2ac4328,dd2ac23fc
qd2ac4328,dd2abfb48
qd2ac4328,dd2ac43f0
qd2ac4328,dd2abfada
qd2ac4328,dd2abf0b2
qd2ac4328,dd2ac2a28
qd2ac4328,dd2ad469c
qd2ac4328,dd2ac0dd6
qd2ac4328,dd2abf4f4
qd2ac6a74,dd2ac8626
qd2ac6a74,dd2ac58e0
qd2ac6a74,dd2ac55e8
qd2ac6a74,dd2b05170
qd2ac6a74,dd2adae02
qd2ac6a74,dd2ac1056
qd2ac6a74,dd2afe78a
qd2ac6a74,dd2ac62ae
qd2ac6a74,dd2ac5eb2
qd2ac6a74,dd2ac5bec
qd2ad9e8a,dd2adc054
qd2ad9e8a,dd2adb5be
qd2ad9e8a,dd2adb8d4
qd2ad9e8a,dd2b05170
qd2ad9e8a,dd2ada3da
qd2ad9e8a,dd2ada466
qd2ad9e8a,dd2adae02
qd2ad9e8a,dd2ad9520
qd2ad9e8a,dd2ac23fc
qd2ad9e8a,dd2ad8c38
qd2ac2348,dd2ac20d2
qd2ac2348,dd2ac2dac
qd2ac2348,dd2ac2140
qd2ac2348,dd2ac1a1a
qd2ac2348,dd2ac410c
qd2ac2348,dd2adae02
qd2ac2348,dd2abfada
qd2ac2348,dd2ac3a86
qd2ac2348,dd2ac23fc
qd2ac2348,dd2ad9520
qd2ad04a2,dd2ad061e
qd2ad04a2,dd2ad05a6
qd2ad04a2,dd2ad1262
qd2ad04a2,dd2ad0b46
qd2ad04a2,dd2ad12e4
qd2ad04a2,dd2ada3da
qd2ad04a2,dd2ad469c
qd2ad04a2,dd2abf4f4
qd2ad04a2,dd2ae98d0
qd2ad04a2,dd2af41e0
qd2abddb6,dd2abe7ca
qd2abddb6,dd2abdf28
qd2abddb6,dd2abedc4
qd2abddb6,dd2abe20c
qd2abddb6,dd2abea5e
qd2abddb6,dd2abe752
qd2abddb6,dd2abde92
qd2abddb6,dd2ad7e46
qd2abddb6,dd2acdc52
qd2abddb6,dd2ad88d2
qd2abcc68,dd2abccf4
qd2abcc68,dd2abb8b8
qd2abcc68,dd2abb3e0
qd2abcc68,dd2abbef8
qd2abcc68,dd2abc858
qd2abcc68,dd2abbe8a
qd2abcc68,dd2abc27c
qd2abcc68,dd2ae4f06
qd2abcc68,dd2abbe1c
qd2abcc68,dd2ac2dac
qd2ac403a,dd2ac410c
qd2ac403a,dd2ad2306
qd2ac403a,dd2ac6718
qd2ac403a,dd2abfb48
qd2ac403a,dd2abf0b2
qd2ac403a,dd2ac1a1a
qd2ac403a,dd2ad4624
qd2ac403a,dd2ac2a28
qd2ac403a,dd2b03604
qd2ac403a,dd2ac62ae
qd2adeba6,dd2aded90
qd2adeba6,dd2ade386
qd2adeba6,dd2ade412
qd2adeba6,dd2ade854
qd2adeba6,dd2adae02
qd2adeba6,dd2ac3a86
qd2adeba6,dd2ac285c
qd2adeba6,dd2ac2a28
qd2adeba6,dd2ac410c
qd2adeba6,dd2abf562
qd2aff090,dd2afb88c
qd2aff090,dd2afc3f4
qd2aff090,dd2adae02
qd2aff090,dd2abc54c
qd2aff090,dd2ad4624
qd2aff090,dd2ad9520
qd2aff090,dd2ac6718
qd2aff090,dd2ac1a1a
qd2aff090,dd2ac62ae
qd2aff090,dd2ac5bec
qd2acd50e,dd2acd630
qd2acd50e,dd2acce74
qd2acd50e,dd2ad7e46
qd2acd50e,dd2abedc4
qd2acd50e,dd2ac2dac
qd2acd50e,dd2ae3eda
qd2acd50e,dd2ad88d2
qd2acd50e,dd2b17c3a
qd2acd50e,dd2abd7b2
qd2acd50e,dd2abbef8
qd2b09220,dd2b0b110
qd2b09220,dd2b13658
qd2b09220,dd2b1453a
qd2b09220,dd2adae02
qd2b09220,dd2ac410c
qd2b09220,dd2ac23fc
qd2b09220,dd2abfada
qd2b09220,dd2ac58e0
qd2b09220,dd2ac3a86
qd2b09220,dd2ac62ae
qd2adbde8,dd2adb5be
qd2adbde8,dd2adb8d4
qd2adbde8,dd2adc054
qd2adbde8,dd2ac285c
qd2adbde8,dd2adae02
qd2adbde8,dd2ad9520
qd2adbde8,dd2b03604
qd2adbde8,dd2ac6718
qd2adbde8,dd2ada466
qd2adbde8,dd2ad2306
qd2af6198,dd2af679c
qd2af6198,dd2af5afe
qd2af6198,dd2af432a
qd2af6198,dd2af0c8e
qd2af6198,dd2af18f0
qd2af6198,dd2af41e0
qd2af6198,dd2ac43f0
qd2af6198,dd2ad8c38
qd2af6198,dd2ac62ae
qd2af6198,dd2aef640
qd2ac6632,dd2b05170
qd2ac6632,dd2ae790e
qd2ac6632,dd2ae98d0
qd2ac6632,dd2ac8626
qd2ac6632,dd2ac0dd6
qd2ac6632,dd2abc858
qd2ac6632,dd2ad469c
qd2ac6632,dd2ac43f0
qd2ac6632,dd2abf4f4
qd2ac6632,dd2ada3da
qd2ad7b9e,dd2ad7e46
qd2ad7b9e,dd2ad88d2
qd2ad7b9e,dd2ad8850
qd2ad7b9e,dd2ad7824
qd2ad7b9e,dd2ad741e
qd2ad7b9e,dd2ad7388
qd2ad7b9e,dd2abbef8
qd2ad7b9e,dd2ae3eda
qd2ad7b9e,dd2ac62ae
qd2ad7b9e,dd2abb3e0
qd2ac89be,dd2ac8626
qd2ac89be,dd2ac5eb2
qd2ac89be,dd2ac8aea
qd2ac89be,dd2ac58e0
qd2ac89be,dd2abc54c
qd2ac89be,dd2ac55e8
qd2ac89be,dd2ac1c4a
qd2ac89be,dd2b03604
qd2ac89be,dd2abc27c
qd2ac89be,dd2ac285c
qd2b03ffa,dd2b05170
qd2b03ffa,dd2b02da8
qd2b03ffa,dd2b03604
qd2b03ffa,dd2b01854
qd2b03ffa,dd2ac62ae
qd2b03ffa,dd2ac58e0
qd2b03ffa,dd2ad692e
qd2b03ffa,dd2aef640
qd2b03ffa,dd2ae98d0
qd2b03ffa,dd2adae02
qd2af962c,dd2afb88c
qd2af962c,dd2afc3f4
qd2af962c,dd2adae02
qd2af962c,dd2ad4624
qd2af962c,dd2ad9520
qd2af962c,dd2ac410c
qd2af962c,dd2ad8c38
qd2af962c,dd2abc54c
qd2af962c,dd2ac3a86
qd2af962c,dd2af18f0
qd2ad8a6c,dd2adb5be
qd2ad8a6c,dd2adb8d4
qd2ad8a6c,dd2adc054
qd2ad8a6c,dd2adae02
qd2ad8a6c,dd2ac410c
qd2ad8a6c,dd2b03604
qd2ad8a6c,dd2ad4624
qd2ad8a6c,dd2ac3a86
qd2ad8a6c,dd2adcc02
qd2ad8a6c,dd2ada3da
qd2afcbec,dd2afdaa6
qd2afcbec,dd2afb88c
qd2afcbec,dd2afc3f4
qd2afcbec,dd2b08d20
qd2afcbec,dd2ad4ed0
qd2afcbec,dd2adae02
qd2afcbec,dd2adb5be
qd2afcbec,dd2adb8d4
qd2afcbec,dd2ad8c38
qd2afcbec,dd2adc054
qd2ac5516,dd2ac55e8
qd2ac5516,dd2ac58e0
qd2ac5516,dd2ac8626
qd2ac5516,dd2ae86ba
qd2ac5516,dd2ac5eb2
qd2ac5516,dd2ad05a6
qd2ac5516,dd2ac410c
qd2ac5516,dd2ac5bec
qd2ac5516,dd2ac3a86
qd2ac5516,dd2adc054
qd2ad504c,dd2ad3fd0
qd2ad504c,dd2ad3ecc
qd2ad504c,dd2ac410c
qd2ad504c,dd2ae4f06
qd2ad504c,dd2ac62ae
qd2ad504c,dd2ac3a86
qd2ad504c,dd2ad662c
qd2ad504c,dd2b059ae
qd2ad504c,dd2adae02
qd2ad504c,dd2ad4624
qd2ac3202,dd2ac2dac
qd2ac3202,dd2ac20d2
qd2ac3202,dd2ac2140
qd2ac3202,dd2ac410c
qd2ac3202,dd2ad4624
qd2ac3202,dd2ac32b6
qd2ac3202,dd2ac1a1a
qd2ac3202,dd2ac0a84
qd2ac3202,dd2ac62ae
qd2ac3202,dd2abfada
qd2ac201e,dd2ac20d2
qd2ac201e,dd2ac2dac
qd2ac201e,dd2ac2140
qd2ac201e,dd2abe7ca
qd2ac201e,dd2abdf28
qd2ac201e,dd2abedc4
qd2ac201e,dd2ad7e46
qd2ac201e,dd2ad88d2
qd2ac201e,dd2ac49a4
qd2ac201e,dd2ac4ef4
qd2ad097a,dd2ad0b46
qd2ad097a,dd2ad1262
qd2ad097a,dd2ad12e4
qd2ad097a,dd2ad05a6
qd2ad097a,dd2ad061e
qd2ad097a,dd2ad2306
qd2ad097a,dd2af41e0
qd2ad097a,dd2abfb48
qd2ad097a,dd2abf0b2
qd2ad097a,dd2ad9520
qd2ac5818,dd2ac58e0
qd2ac5818,dd2b05170
qd2ac5818,dd2ac55e8
qd2ac5818,dd2ad741e
qd2ac5818,dd2abc858
qd2ac5818,dd2ac23fc
qd2ac5818,dd2ac8626
qd2ac5818,dd2abbe8a
qd2ac5818,dd2ad469c
qd2ac5818,dd2ae98d0
qd2ac2582,dd2ac262c
qd2ac2582,dd2ac20d2
qd2ac2582,dd2ac2dac
qd2ac2582,dd2ac2140
qd2ac2582,dd2ac285c
qd2ac2582,dd2abc54c
qd2ac2582,dd2ac8626
qd2ac2582,dd2ac1a1a
qd2ac2582,dd2ac8aea
qd2ac2582,dd2ad4624
qd2ac3446,dd2ae790e
qd2ac3446,dd2abfb48
qd2ac3446,dd2abf0b2
qd2ac3446,dd2b1453a
qd2ac3446,dd2abca56
qd2ac3446,dd2ac43f0
qd2ac3446,dd2b01854
qd2ac3446,dd2ac0a84
qd2ac3446,dd2ac0dd6
qd2ac3446,dd2ac34fa
qd2ac39be,dd2abf0b2
qd2ac39be,dd2ac0a84
qd2ac39be,dd2adae02
qd2ac39be,dd2abfb48
qd2ac39be,dd2ac2a28
qd2ac39be,dd2ad2306
qd2ac39be,dd2ac410c
qd2ac39be,dd2ac62ae
qd2ac39be,dd2ac285c
qd2ac39be,dd2ad9520
qd2ac0fa2,dd2ac0a84
qd2ac0fa2,dd2ac1a1a
qd2ac0fa2,dd2ac0dd6
qd2ac0fa2,dd2ac1056
qd2ac0fa2,dd2ac07e6
qd2ac0fa2,dd2ac147a
qd2ac0fa2,dd2ac2dac
qd2ac0fa2,dd2ac5eb2
qd2ac0fa2,dd2afc3f4
qd2ac0fa2,dd2ac62ae
qd2affacc,dd2b01854
qd2affacc,dd2b02da8
qd2affacc,dd2ad692e
qd2affacc,dd2ae790e
qd2affacc,dd2b03604
qd2affacc,dd2b1453a
qd2affacc,dd2abca56
qd2affacc,dd2ae98d0
qd2affacc,dd2ac1a1a
qd2affacc,dd2ac43f0
qd2abc1e6,dd2abc27c
qd2abc1e6,dd2ac2a28
qd2abc1e6,dd2abbef8
qd2abc1e6,dd2adae02
qd2abc1e6,dd2ad2306
qd2abc1e6,dd2ac285c
qd2abc1e6,dd2abbe8a
qd2abc1e6,dd2abbe1c
qd2abc1e6,dd2abc858
qd2abc1e6,dd2abb8b8
qd2b1771c,dd2b17c3a
qd2b1771c,dd2b17af0
qd2b1771c,dd2b15b1a
qd2b1771c,dd2b16146
qd2b1771c,dd2ad7e46
qd2b1771c,dd2ad88d2
qd2b1771c,dd2abdf28
qd2b1771c,dd2af432a
qd2b1771c,dd2abb3e0
qd2b1771c,dd2ad2306
qd2ad4a7a,dd2ad4624
qd2ad4a7a,dd2ac410c
qd2ad4a7a,dd2abfb48
qd2ad4a7a,dd2abf0b2
qd2ad4a7a,dd2ac3a86
qd2ad4a7a,dd2ad4e6c
qd2ad4a7a,dd2adae02
qd2ad4a7a,dd2ad8c38
qd2ad4a7a,dd2af293a
qd2ad4a7a,dd2ad4ed0
qd2af3e34,dd2af432a
qd2af3e34,dd2af41e0
qd2af3e34,dd2af0c8e
qd2af3e34,dd2ac2a28
qd2af3e34,dd2ac1a1a
qd2af3e34,dd2ac62ae
qd2af3e34,dd2ad88d2
qd2af3e34,dd2abdf28
qd2af3e34,dd2ad7e46
qd2af3e34,dd2ad9520
qd2ade660,dd2ade854
qd2ade660,dd2ade412
qd2ade660,dd2aded90
qd2ade660,dd2ade386
qd2ade660,dd2ac23fc
qd2ade660,dd2ac58e0
qd2ade660,dd2b0b110
qd2ade660,dd2ad741e
qd2ade660,dd2ad2676
qd2ade660,dd2ae98d0
qd2aea6a4,dd2aeab5e
qd2aea6a4,dd2aeaa0a
qd2aea6a4,dd2aeb658
qd2aea6a4,dd2ae86ba
qd2aea6a4,dd2ac1a1a
qd2aea6a4,dd2abdf28
qd2aea6a4,dd2ad88d2
qd2aea6a4,dd2ac62ae
qd2aea6a4,dd2abbef8
qd2aea6a4,dd2abe20c
qd2adb442,dd2adb5be
qd2adb442,dd2adb8d4
qd2adb442,dd2adc054
qd2adb442,dd2ada3da
qd2adb442,dd2ac1056
qd2adb442,dd2abf0b2
qd2adb442,dd2abc54c
qd2adb442,dd2ad4624
qd2adb442,dd2abfb48
qd2adb442,dd2ada466
qd2ac09da,dd2ac0a84
qd2ac09da,dd2ac0dd6
qd2ac09da,dd2ac1a1a
qd2ac09da,dd2ac07e6
qd2ac09da,dd2ac147a
qd2ac09da,dd2afc3f4
qd2ac09da,dd2ac1056
qd2ac09da,dd2ac6718
qd2ac09da,dd2af679c
qd2ac09da,dd2ad4ed0
qd2ae821e,dd2ae86ba
qd2ae821e,dd2ad4624
qd2ae821e,dd2ad3ecc
qd2ae821e,dd2ac55e8
qd2ae821e,dd2ac1664
qd2ae821e,dd2adae02
qd2ae821e,dd2abdf28
qd2ae821e,dd2abde92
qd2ae821e,dd2ac3a86
qd2ae821e,dd2abf0b2
qd2af6b48,dd2af6f08
qd2af6b48,dd2af18f0
qd2af6b48,dd2adae02
qd2af6b48,dd2af5afe
qd2af6b48,dd2af679c
qd2af6b48,dd2af432a
qd2af6b48,dd2af0c8e
qd2af6b48,dd2af41e0
qd2af6b48,dd2ac1056
qd2af6b48,dd2ac6718
qd2ac1ba0,dd2ac147a
qd2ac1ba0,dd2ac1a1a
qd2ac1ba0,dd2ac0dd6
qd2ac1ba0,dd2adae02
qd2ac1ba0,dd2ac1c4a
qd2ac1ba0,dd2ac0a84
qd2ac1ba0,dd2ac07e6
qd2ac1ba0,dd2afe78a
qd2ac1ba0,dd2ac285c
qd2ac1ba0,dd2ac5bec
qd2b0739e,dd2b07a56
qd2b0739e,dd2b1453a
qd2b0739e,dd2b0b110
qd2b0739e,dd2b13658
qd2b0739e,dd2abf0b2
qd2b0739e,dd2aef640
qd2b0739e,dd2abfada
qd2b0739e,dd2ae790e
qd2b0739e,dd2adae02
qd2b0739e,dd2ac62ae
q00001,MSFT20230216
q00001,MSFT20230236
q00001,MSFT20230331
q00001,MSFT20230046
q00001,MSFT20231728
q00001,MSFT20230155
q00001,MSFT20230170
q00001,MSFT20230233
q00001,MSFT20231720
q00001,MSFT20230148
q00002,MSFT20230122
q00002,MSFT20231710
q00002,MSFT20230566
q00002,MSFT20231152
q00002,MSFT20231156
q00002,MSFT20230816
q00002,MSFT20230874
q00002,MSFT20230541
q00002,MSFT20230918
q00002,MSFT20230231
q00003,MSFT20230025
q00003,MSFT20230233
q00003,MSFT20230058
q00003,MSFT20230236
q00003,MSFT20230486
q00003,MSFT20230248
q00003,MSFT20230170
q00003,MSFT20231728
q00003,PG20230012
q00003,MSFT20230264
q00004,MSFT20230010
q00004,MSFT20230486
q00004,MSFT20230469
q00004,MSFT20230095
q00004,AAPL20230037
q00004,MSFT20230311
q00004,MSFT20230025
q00004,MSFT20230233
q00004,MSFT20230319
q00004,NFLX20230710
q00005,MSFT20230223
q00005,MSFT20230707
q00005,MSFT20231156
q00005,MSFT20230673
q00005,MSFT20231152
q00005,MSFT20230010
q00005,MSFT20230069
q00005,MSFT20230918
q00005,MSFT20230816
q00005,MSFT20230469
q00006,MSFT20230467
q00006,MSFT20230486
q00006,MSFT20230723
q00006,MSFT20231953
q00006,MSFT20230048
q00006,MSFT20231335
q00006,MSFT20230216
q00006,MSFT20230722
q00006,ORCL20230753
q00006,MSFT20230331
q00007,LIN20230839
q00007,ORCL20231109
q00007,BRK.A20232293
q00007,ORCL20231716
q00007,MSFT20230482
q00007,TSLA20230850
q00007,MSFT20231767
q00007,MSFT20230574
q00007,ORCL20231119
q00007,JPM20235614
q00008,ADBE20231120
q00008,V20231038
q00008,ORCL20231142
q00008,MSFT20231529
q00008,MSFT20230508
q00008,ORCL20231141
q00008,MSFT20230730
q00008,MSFT20230957
q00008,MSFT20230729
q00008,MSFT20230968
q00009,ADBE20231907
q00009,ADBE20231649
q00009,ADBE20230963
q00009,ADBE20231704
q00009,ADBE20231813
q00009,ADBE20230910
q00009,ADBE20231046
q00009,ADBE20231131
q00009,ADBE20230957
q00009,ADBE20230975
q00010,UNH20231233
q00010,MSFT20231621
q00010,GOOGL20231590
q00010,V20231498
q00010,META20230923
q00010,ADBE20230725
q00010,ADBE20231565
q00010,ADBE20230451
q00010,META20231691
q00010,ADBE20230726
q00011,AMZN20230285
q00011,AMZN20230738
q00011,DAL20231831
q00011,ORCL20231806
q00011,JPM20237368
q00011,JNJ20231505
q00011,NFLX20230791
q00011,V20230998
q00011,MSFT20230816
q00011,GOOGL20231668
q00012,ADBE20230283
q00012,ADBE20231828
q00012,ADBE20230238
q00012,ADBE20231518
q00012,ADBE20231681
q00012,ADBE20230910
q00012,ADBE20231131
q00012,ADBE20231062
q00012,ADBE20231046
q00012,ADBE20231494
q00013,ADBE20230265
q00013,ADBE20230049
q00013,ADBE20230961
q00013,ADBE20230008
q00013,ADBE20230268
q00013,ADBE20230004
q00013,ADBE20230047
q00013,ADBE20230041
q00013,ADBE20230029
q00013,ADBE20230050
q00014,ADBE20230265
q00014,ADBE20230050
q00014,ADBE20230961
q00014,ADBE20230004
q00014,ADBE20230047
q00014,ADBE20230495
q00014,ADBE20230238
q00014,ADBE20230031
q00014,ADBE20230033
q00014,ADBE20230541
q00015,CPNG20230085
q00015,CPNG20230105
q00015,CPNG20230778
q00015,CPNG20230420
q00015,CPNG20230566
q00015,CPNG20230513
q00015,CPNG20230490
q00015,CPNG20231541
q00015,CPNG20231521
q00015,CPNG20230019
q00016,CPNG20230677
q00016,CPNG20231567
q00016,CPNG20230908
q00016,CPNG20230947
q00016,CPNG20230833
q00016,CPNG20230644
q00016,CPNG20231088
q00016,CPNG20231191
q00016,CPNG20230532
q00016,CPNG20230520
q00017,CPNG20230683
q00017,CPNG20230905
q00017,CPNG20230944
q00017,CPNG20231023
q00017,CPNG20230589
q00017,CPNG20231003
q00017,CPNG20230680
q00017,CPNG20230641
q00017,CPNG20230696
q00017,CPNG20231413
q00018,ORCL20230753
q00018,CPNG20230944
q00018,CPNG20230854
q00018,CPNG20230905
q00018,CPNG20231139
q00018,CPNG20230683
q00018,CPNG20230632
q00018,CPNG20231413
q00018,CPNG20230674
q00018,CPNG20231373
q00019,CPNG20230539
q00019,CPNG20230730
q00019,CPNG20230205
q00019,CPNG20230812
q00019,CPNG20231516
q00019,CPNG20230761
q00019,CPNG20230123
q00019,CPNG20230684
q00019,CPNG20231069
q00019,CPNG20230011
q00020,CPNG20230644
q00020,CPNG20230014
q00020,CPNG20230991
q00020,CPNG20231003
q00020,CPNG20230314
q00020,CPNG20230532
q00020,CPNG20230778
q00020,CPNG20230576
q00020,CPNG20230566
q00020,CPNG20231516
q00021,CPNG20230658
q00021,CPNG20230644
q00021,CPNG20231384
q00021,CPNG20230712
q00021,CPNG20230696
q00021,CPNG20230655
q00021,CPNG20231413
q00021,CPNG20230683
q00021,CPNG20230944
q00021,CPNG20231373
q00022,DAL20230783
q00022,NFLX20230395
q00022,ORCL20230751
q00022,NFLX20230408
q00022,PG20230268
q00022,AMZN20230451
q00022,AMZN20230439
q00022,PG20230422
q00022,AMZN20230464
q00022,CPNG20230589
q00023,CPNG20230509
q00023,CPNG20231041
q00023,CPNG20231418
q00023,CPNG20231419
q00023,CPNG20230459
q00023,CPNG20230457
q00023,CPNG20230511
q00023,CPNG20230482
q00023,CPNG20230480
q00023,CPNG20230476
q00024,LIN20230324
q00024,LIN20230332
q00024,LIN20230272
q00024,LIN20231004
q00024,LIN20230650
q00024,LIN20230326
q00024,LIN20230006
q00024,LIN20230567
q00024,LIN20230563
q00024,LIN20230292
q00025,LIN20232009
q00025,LIN20230370
q00025,LIN20230218
q00025,LIN20230410
q00025,LIN20230432
q00025,LIN20232032
q00025,LIN20232071
q00025,LIN20230393
q00025,LIN20232200
q00025,LIN20231717
q00026,LIN20231057
q00026,LIN20231048
q00026,LIN20232240
q00026,LIN20231363
q00026,LIN20230195
q00026,LIN20230955
q00026,LIN20230545
q00026,LIN20231716
q00026,LIN20230179
q00026,LIN20231004
q00027,LIN20230545
q00027,LIN20231004
q00027,LIN20230080
q00027,LIN20231717
q00027,LIN20231143
q00027,LIN20230716
q00027,LIN20232200
q00027,LIN20232098
q00027,LIN20230760
q00027,LIN20230560
q00028,LIN20231195
q00028,LIN20230553
q00028,LIN20231670
q00028,LIN20230567
q00028,LIN20232098
q00028,LIN20231719
q00028,LIN20231717
q00028,LIN20231718
q00028,LIN20230272
q00028,LIN20230955
q00029,LIN20231718
q00029,LIN20231719
q00029,LIN20232161
q00029,LIN20231363
q00029,LIN20230769
q00029,LIN20231717
q00029,LIN20232004
q00029,LIN20230326
q00029,LIN20231607
q00029,LIN20231993
q00030,LIN20230071
q00030,LIN20230152
q00030,LIN20231636
q00030,LIN20230759
q00030,LIN20230339
q00030,LIN20230094
q00030,LIN20230027
q00030,LIN20230102
q00030,LIN20230130
q00030,LIN20230131
q00031,LIN20230218
q00031,LIN20230225
q00031,LIN20232009
q00031,LIN20230370
q00031,LIN20230410
q00031,LIN20230025
q00031,LIN20230432
q00031,LIN20230160
q00031,LIN20230227
q00031,LIN20232085
q00032,LIN20230712
q00032,LIN20230332
q00032,LIN20230234
q00032,LIN20230650
q00032,LIN20231004
q00032,LIN20231363
q00032,LIN20230690
q00032,LIN20230272
q00032,LIN20230911
q00032,LIN20230324
q00033,LIN20231477
q00033,LIN20230603
q00033,LIN20231613
q00033,LIN20231195
q00033,LIN20231614
q00033,LIN20230563
q00033,LIN20230761
q00033,LIN20231768
q00033,LIN20230292
q00033,LIN20230006
q00034,LIN20230234
q00034,LIN20230332
q00034,LIN20230324
q00034,LIN20230342
q00034,LIN20230326
q00034,HD20230471
q00034,LIN20231004
q00034,LIN20231717
q00034,LIN20230593
q00034,ORCL20230737
q00035,ORCL20230403
q00035,ORCL20231524
q00035,ORCL20230756
q00035,META20231691
q00035,NFLX20230380
q00035,META20230923
q00035,HD20230455
q00035,NFLX20231063
q00035,AMZN20231110
q00035,V20230379
q00036,ORCL20231226
q00036,ORCL20231890
q00036,ORCL20230941
q00036,ORCL20231878
q00036,ORCL20230011
q00036,JNJ20231089
q00036,PG20230780
q00036,UNH20230824
q00036,MSFT20230675
q00036,ORCL20231155
q00037,ORCL20230769
q00037,ORCL20230113
q00037,ORCL20230474
q00037,ORCL20230467
q00037,ORCL20230178
q00037,ORCL20230377
q00037,ORCL20230615
q00037,ORCL20230391
q00037,ORCL20230638
q00037,ORCL20230429
q00038,ORCL20231128
q00038,ORCL20231136
q00038,ORCL20230762
q00038,ORCL20231521
q00038,ORCL20231121
q00038,JNJ20230533
q00038,GOOGL20230708
q00038,UNH20230481
q00038,MSFT20230707
q00038,PG20230460
q00039,LIN20230556
q00039,GOOGL20230665
q00039,NFLX20230410
q00039,ORCL20230734
q00039,HD20230475
q00039,META20230892
q00039,ORCL20230739
q00039,V20230572
q00039,PG20230428
q00039,CPNG20230689
q00040,ORCL20230638
q00040,ORCL20230615
q00040,ORCL20231110
q00040,ORCL20231865
q00040,ORCL20231035
q00040,ORCL20231470
q00040,ORCL20231458
q00040,ORCL20230173
q00040,ORCL20231446
q00040,ORCL20230941
q00041,ORCL20230004
q00041,ORCL20230173
q00041,ORCL20230005
q00041,ORCL20230003
q00041,ORCL20231166
q00041,ORCL20231458
q00041,ORCL20231094
q00041,ORCL20231539
q00041,ORCL20230113
q00041,ORCL20230487
q00042,ORCL20231035
q00042,ORCL20230941
q00042,ORCL20231865
q00042,ORCL20231854
q00042,ORCL20231890
q00042,ORCL20231878
q00042,ORCL20231470
q00042,ORCL20231900
q00042,ORCL20231844
q00042,ORCL20231458
q00043,ORCL20231035
q00043,ORCL20231890
q00043,PG20230433
q00043,V20231499
q00043,ORCL20231865
q00043,ORCL20231878
q00043,ORCL20231568
q00043,BRK.A20230592
q00043,V20230334
q00043,DAL20230629
q00044,ORCL20230068
q00044,MSFT20230489
q00044,ORCL20230111
q00044,ORCL20230071
q00044,NVDA20230467
q00044,ORCL20231446
q00044,ORCL20231470
q00044,NVDA20230220
q00044,ORCL20230050
q00044,ORCL20231458
q00045,NVDA20230009
q00045,NVDA20230049
q00045,NVDA20230419
q00045,NVDA20230329
q00045,NVDA20230217
q00045,NVDA20230332
q00045,NVDA20230399
q00045,NVDA20230016
q00045,NVDA20230039
q00045,NVDA20230044
q00046,UNH20230289
q00046,NFLX20230239
q00046,NVDA20230419
q00046,AAPL20230230
q00046,JNJ20232141
q00046,META20230596
q00046,NVDA20230413
q00046,NVDA20230715
q00046,PG20230181
q00046,GOOGL20230332
q00047,V20231442
q00047,NVDA20230460
q00047,NVDA20231570
q00047,NVDA20230540
q00047,META20231299
q00047,NVDA20231571
q00047,NVDA20230542
q00047,NVDA20230545
q00047,MSFT20231749
q00047,NVDA20230543
q00048,NVDA20230338
q00048,NVDA20230329
q00048,META20231293
q00048,NVDA20230287
q00048,NVDA20230970
q00048,JPM20235216
q00048,NVDA20230374
q00048,NVDA20230195
q00048,NVDA20230244
q00048,NVDA20230336
q00049,PG20230393
q00049,PG20230381
q00049,NVDA20230464
q00049,PG20230301
q00049,NVDA20230548
q00049,MSFT20230548
q00049,MSFT20230587
q00049,HD20230417
q00049,CPNG20230676
q00049,PG20230360
q00050,PG20230241
q00050,PG20230240
q00050,PG20230171
q00050,PG20230010
q00050,PG20231056
q00050,PG20230221
q00050,PG20230004
q00050,PG20231556
q00050,PG20230103
q00050,AMZN20230205
q00051,NVDA20230540
q00051,PG20230839
q00051,NVDA20231571
q00051,PG20231056
q00051,NVDA20230542
q00051,NVDA20230543
q00051,PG20230171
q00051,PG20230298
q00051,PG20230012
q00051,PG20230181
q00052,PG20230024
q00052,PG20231056
q00052,PG20230267
q00052,PG20230171
q00052,PG20230298
q00052,JPM20233594
q00052,JPM20236808
q00052,PG20231577
q00052,LIN20230329
q00052,JNJ20230056
q00053,PG20230277
q00053,JNJ20230153
q00053,PG20230053
q00053,PG20230054
q00053,PG20230052
q00053,TSLA20230271
q00053,V20230254
q00053,PG20230278
q00053,NVDA20230324
q00053,META20230656
q00054,V20230271
q00054,HD20230259
q00054,GOOGL20230306
q00054,GOOGL20230188
q00054,GOOGL20230189
q00054,PG20230073
q00054,GOOGL20230198
q00054,GOOGL20230194
q00054,GOOGL20230184
q00054,GOOGL20230193
q00055,PG20231056
q00055,PG20230221
q00055,PG20230171
q00055,PG20231556
q00055,PG20230538
q00055,PG20230863
q00055,PG20231249
q00055,PG20230187
q00055,PG20230578
q00055,PG20231202
q00056,UNH20230282
q00056,MSFT20231610
q00056,MSFT20231609
q00056,NVDA20231518
q00056,META20230585
q00056,UNH20230493
q00056,UNH20231233
q00056,V20230379
q00056,PG20230165
q00056,V20230586
q00057,PG20230171
q00057,PG20230433
q00057,JNJ20230545
q00057,PG20230181
q00057,PG20231056
q00057,PG20231556
q00057,PG20230267
q00057,PG20230174
q00057,HD20230368
q00057,JPM20232721
q00058,PG20230171
q00058,BRK.A20230592
q00058,PG20230433
q00058,LIN20230566
q00058,HD20230454
q00058,JNJ20230545
q00058,PG20230181
q00058,HD20230368
q00058,UNH20230494
q00058,PG20230267
q00059,PG20230174
q00059,PG20231056
q00059,PG20230221
q00059,PG20231556
q00059,PG20230994
q00059,PG20230004
q00059,PG20230020
q00059,PG20230046
q00059,PG20230072
q00059,PG20230050
q00060,PG20230171
q00060,PG20231056
q00060,PG20230756
q00060,PG20230805
q00060,PG20230004
q00060,PG20230203
q00060,PG20230206
q00060,PG20230197
q00060,PG20230005
q00060,PG20230020
q00061,PG20230240
q00061,PG20230221
q00061,PG20230208
q00061,PG20230241
q00061,PG20231056
q00061,UNH20230068
q00061,PG20230826
q00061,PG20230226
q00061,PG20230171
q00061,PG20230229
q00062,PG20230221
q00062,PG20230805
q00062,PG20230230
q00062,PG20230392
q00062,PG20230145
q00062,PG20230240
q00062,PG20230229
q00062,PG20230227
q00062,PG20230151
q00062,PG20230226
q00063,PG20230241
q00063,PG20230239
q00063,PG20230240
q00063,PG20230756
q00063,PG20231056
q00063,HD20230072
q00063,PG20230185
q00063,PG20230171
q00063,PG20231556
q00063,PG20230245
q00064,PG20230267
q00064,PG20230360
q00064,PG20230399
q00064,PG20230393
q00064,PG20230371
q00064,PG20230352
q00064,PG20230325
q00064,PG20230327
q00064,PG20230381
q00064,PG20230326
q00065,PG20230527
q00065,PG20230422
q00065,PG20230269
q00065,PG20230200
q00065,PG20230521
q00065,ORCL20230751
q00065,NFLX20230412
q00065,PG20230421
q00065,PG20230531
q00065,NFLX20230408
q00066,PG20230393
q00066,PG20230301
q00066,PG20230381
q00066,PG20230273
q00066,NVDA20230224
q00066,PG20230371
q00066,PG20230360
q00066,AAPL20230172
q00066,AAPL20230316
q00066,PG20230313
q00067,PG20231056
q00067,PG20231234
q00067,PG20230911
q00067,PG20230181
q00067,PG20231450
q00067,PG20231332
q00067,PG20231516
q00067,PG20230222
q00067,JNJ20231006
q00067,V20230022
q00068,META20231559
q00068,JNJ20231848
q00068,BRK.A20230921
q00068,PG20230174
q00068,AMZN20230983
q00068,ORCL20231242
q00068,PG20230267
q00068,MSFT20230335
q00068,CPNG20230123
q00068,JNJ20230131
q00069,PG20231056
q00069,PG20231516
q00069,PG20230181
q00069,JNJ20231203
q00069,PG20230503
q00069,PG20230505
q00069,PG20231234
q00069,MSFT20230707
q00069,PG20230484
q00069,JNJ20230518
q00070,PG20230438
q00070,JNJ20230478
q00070,PG20231309
q00070,TSLA20230367
q00070,UNH20230472
q00070,V20230576
q00070,TSLA20230923
q00070,JNJ20230434
q00070,JNJ20230978
q00070,PG20231408
q00071,PG20230171
q00071,JPM20233021
q00071,PG20230440
q00071,JPM20233020
q00071,JNJ20230155
q00071,PG20231556
q00071,JPM20236864
q00071,PG20231286
q00071,PG20230004
q00071,PG20231166
q00072,PG20230267
q00072,PG20230221
q00072,PG20230351
q00072,PG20230338
q00072,PG20230347
q00072,PG20230519
q00072,PG20230359
q00072,PG20230181
q00072,PG20230921
q00072,PG20230392
q00073,PG20230421
q00073,PG20230521
q00073,PG20230171
q00073,PG20231036
q00073,PG20230181
q00073,PG20230439
q00073,PG20231056
q00073,ORCL20230769
q00073,UNH20230740
q00073,HD20230452
q00074,DAL20230020
q00074,DAL20230363
q00074,DAL20230353
q00074,DAL20231776
q00074,DAL20231361
q00074,DAL20231730
q00074,DAL20230378
q00074,DAL20230446
q00074,DAL20230036
q00074,DAL20230037
q00075,DAL20231360
q00075,MSFT20231572
q00075,HD20230911
q00075,DAL20231391
q00075,TSLA20231202
q00075,TSLA20231217
q00075,MSFT20231539
q00075,PG20231437
q00075,DAL20231090
q00075,META20231276
q00076,DAL20230365
q00076,DAL20230064
q00076,DAL20231730
q00076,DAL20231550
q00076,DAL20230416
q00076,DAL20231649
q00076,DAL20230116
q00076,DAL20231755
q00076,DAL20231723
q00076,DAL20231752
q00077,DAL20231612
q00077,DAL20230380
q00077,DAL20230378
q00077,DAL20230353
q00077,DAL20231609
q00077,DAL20231611
q00077,DAL20230462
q00077,DAL20231361
q00077,DAL20230379
q00077,DAL20231598
q00078,DAL20230466
q00078,DAL20230467
q00078,DAL20230462
q00078,DAL20230015
q00078,DAL20230459
q00078,DAL20231183
q00078,DAL20230025
q00078,DAL20230450
q00078,DAL20231123
q00078,DAL20231042
q00079,DAL20230036
q00079,DAL20230053
q00079,DAL20230837
q00079,DAL20230052
q00079,DAL20231744
q00079,DAL20230019
q00079,DAL20231632
q00079,DAL20231730
q00079,DAL20230037
q00079,DAL20230610
q00080,AAPL20230329
q00080,AMZN20230394
q00080,DAL20230593
q00080,DAL20230501
q00080,AAPL20230418
q00080,DAL20230425
q00080,ADBE20230856
q00080,PG20230311
q00080,UNH20230684
q00080,PG20230769
q00081,DAL20230710
q00081,DAL20230223
q00081,DAL20230593
q00081,DAL20230558
q00081,DAL20230086
q00081,BRK.A20230737
q00081,DAL20231076
q00081,DAL20230776
q00081,DAL20230513
q00081,DAL20231849
q00082,GOOGL20230680
q00082,V20230022
q00082,MSFT20231743
q00082,DAL20230608
q00082,DAL20230427
q00082,DAL20230615
q00082,PG20231516
q00082,DAL20230428
q00082,JNJ20230397
q00082,JNJ20231074
q00083,AMZN20230487
q00083,DAL20230245
q00083,DAL20230247
q00083,DAL20231316
q00083,DAL20231521
q00083,DAL20230710
q00083,DAL20231518
q00083,DAL20230261
q00083,DAL20230301
q00083,DAL20231537
q00084,DAL20231451
q00084,DAL20230615
q00084,DAL20230604
q00084,DAL20231435
q00084,DAL20231441
q00084,DAL20230617
q00084,DAL20230609
q00084,DAL20231326
q00084,DAL20230610
q00084,DAL20231446
q00085,DAL20230403
q00085,DAL20230628
q00085,DAL20230629
q00085,DAL20231730
q00085,DAL20231744
q00085,DAL20230776
q00085,DAL20230446
q00085,DAL20230501
q00085,DAL20230910
q00085,DAL20231493
q00086,DAL20230858
q00086,NFLX20230774
q00086,DAL20231155
q00086,TSLA20230828
q00086,ADBE20231118
q00086,CPNG20230641
q00086,ADBE20231115
q00086,TSLA20230850
q00086,CPNG20231081
q00086,META20231329
q00087,DAL20231107
q00087,DAL20230353
q00087,DAL20230301
q00087,DAL20230378
q00087,DAL20231360
q00087,DAL20230297
q00087,DAL20230242
q00087,DAL20230258
q00087,DAL20231089
q00087,DAL20230284
q00088,HD20230798
q00088,DAL20231109
q00088,DAL20231736
q00088,DAL20230150
q00088,DAL20231744
q00088,DAL20230025
q00088,DAL20231183
q00088,DAL20230776
q00088,DAL20230501
q00088,DAL20231807
q00089,TSLA20230362
q00089,TSLA20230433
q00089,TSLA20230011
q00089,TSLA20230948
q00089,TSLA20230364
q00089,TSLA20231538
q00089,TSLA20230786
q00089,TSLA20230680
q00089,TSLA20230426
q00089,TSLA20230467
q00090,TSLA20231475
q00090,TSLA20231469
q00090,TSLA20230585
q00090,TSLA20231454
q00090,TSLA20231470
q00090,LIN20231095
q00090,TSLA20231464
q00090,TSLA20231556
q00090,TSLA20231468
q00090,PG20230338
q00091,TSLA20230364
q00091,TSLA20230367
q00091,TSLA20230363
q00091,TSLA20230365
q00091,TSLA20230362
q00091,TSLA20230461
q00091,TSLA20230426
q00091,TSLA20230469
q00091,TSLA20230593
q00091,TSLA20231538
q00092,AMZN20230487
q00092,TSLA20230391
q00092,TSLA20231569
q00092,TSLA20231571
q00092,TSLA20231567
q00092,TSLA20231574
q00092,TSLA20231565
q00092,TSLA20230157
q00092,TSLA20231809
q00092,TSLA20231172
q00093,TSLA20230380
q00093,TSLA20230381
q00093,TSLA20230011
q00093,TSLA20230384
q00093,TSLA20230024
q00093,TSLA20230082
q00093,TSLA20230332
q00093,TSLA20230081
q00093,TSLA20230128
q00093,TSLA20230055
q00094,TSLA20231078
q00094,TSLA20231081
q00094,TSLA20231538
q00094,TSLA20230637
q00094,TSLA20230786
q00094,TSLA20231477
q00094,TSLA20231026
q00094,TSLA20230531
q00094,TSLA20230363
q00094,TSLA20230362
q00095,TSLA20231458
q00095,TSLA20231459
q00095,TSLA20231470
q00095,TSLA20231466
q00095,TSLA20231468
q00095,TSLA20231464
q00095,TSLA20231475
q00095,TSLA20231462
q00095,TSLA20231460
q00095,TSLA20231463
q00096,BRK.A20231679
q00096,TSLA20231108
q00096,TSLA20231093
q00096,MSFT20231296
q00096,META20231502
q00096,NVDA20231287
q00096,AAPL20230707
q00096,V20231264
q00096,GOOGL20230482
q00096,TSLA20231094
q00097,AMZN20231108
q00097,AMZN20230285
q00097,TSLA20231296
q00097,BRK.A20232246
q00097,MSFT20231607
q00097,TSLA20231477
q00097,TSLA20231559
q00097,TSLA20231560
q00097,TSLA20231341
q00097,TSLA20230637
q00098,TSLA20230139
q00098,TSLA20230361
q00098,TSLA20230005
q00098,TSLA20230247
q00098,TSLA20230269
q00098,TSLA20230215
q00098,TSLA20230271
q00098,TSLA20230225
q00098,TSLA20230312
q00098,TSLA20230242
q00099,NFLX20230772
q00099,NFLX20230311
q00099,NFLX20230257
q00099,NFLX20230006
q00099,NFLX20230749
q00099,NFLX20230692
q00099,NFLX20230764
q00099,NFLX20230771
q00099,NFLX20230289
q00099,NFLX20230310
q00100,NFLX20230258
q00100,NFLX20230059
q00100,NFLX20230720
q00100,NFLX20230006
q00100,NFLX20230103
q00100,NFLX20230061
q00100,NFLX20230539
q00100,NFLX20230662
q00100,NFLX20230772
q00100,NFLX20230311
q00101,NFLX20230539
q00101,NFLX20230509
q00101,NFLX20230564
q00101,NFLX20230624
q00101,NFLX20230662
q00101,NFLX20230720
q00101,NFLX20230103
q00101,NFLX20230025
q00101,NFLX20230022
q00101,NFLX20230692
q00102,NFLX20230990
q00102,NFLX20230989
q00102,NFLX20230389
q00102,NFLX20231000
q00102,NFLX20230137
q00102,NFLX20230387
q00102,NFLX20231001
q00102,NFLX20230390
q00102,GOOGL20230708
q00102,NFLX20230019
q00103,NFLX20230390
q00103,NFLX20230387
q00103,NFLX20230389
q00103,NFLX20230990
q00103,NFLX20230989
q00103,CPNG20230708
q00103,UNH20230475
q00103,NFLX20231000
q00103,UNH20230481
q00103,MSFT20231529
q00104,DAL20231109
q00104,NFLX20230723
q00104,NFLX20230329
q00104,NFLX20230838
q00104,NFLX20230328
q00104,NFLX20230267
q00104,META20230811
q00104,NFLX20230239
q00104,NFLX20230320
q00104,NFLX20230319
q00105,NFLX20230268
q00105,NFLX20230257
q00105,NFLX20230749
q00105,NFLX20230267
q00105,NFLX20231178
q00105,NFLX20230523
q00105,NFLX20230269
q00105,NFLX20230721
q00105,NFLX20230320
q00105,ADBE20230512
q00106,MSFT20230577
q00106,NFLX20230259
q00106,NFLX20230007
q00106,NFLX20230123
q00106,NFLX20230257
q00106,NFLX20230362
q00106,NFLX20230197
q00106,NFLX20230696
q00106,NFLX20230137
q00106,NFLX20230239
q00107,NFLX20230749
q00107,NFLX20230268
q00107,NFLX20230015
q00107,NFLX20230257
q00107,NFLX20230772
q00107,NFLX20230311
q00107,NFLX20230279
q00107,NFLX20230310
q00107,NFLX20230764
q00107,NFLX20230299
q00108,MSFT20231610
q00108,UNH20230282
q00108,MSFT20231609
q00108,JNJ20231469
q00108,UNH20230493
q00108,MSFT20231621
q00108,PG20230165
q00108,NFLX20230380
q00108,V20230379
q00108,NVDA20231518
q00109,HD20230024
q00109,HD20230004
q00109,AMZN20230703
q00109,HD20230025
q00109,HD20230719
q00109,HD20230133
q00109,HD20230715
q00109,HD20230671
q00109,HD20230637
q00109,HD20230622
q00110,HD20231485
q00110,HD20231464
q00110,HD20230339
q00110,HD20230004
q00110,HD20230715
q00110,HD20230671
q00110,HD20230637
q00110,HD20230622
q00110,HD20230595
q00110,HD20230552
q00111,HD20230163
q00111,HD20230719
q00111,HD20231355
q00111,HD20230004
q00111,HD20230715
q00111,HD20230671
q00111,HD20230637
q00111,HD20230622
q00111,HD20230595
q00111,HD20230552
q00112,LIN20231106
q00112,HD20231308
q00112,LIN20230559
q00112,META20231559
q00112,JNJ20231849
q00112,UNH20231321
q00112,HD20230965
q00112,PG20230428
q00112,JNJ20230359
q00112,AMZN20230983
q00113,HD20230339
q00113,HD20230021
q00113,LIN20230189
q00113,JNJ20230542
q00113,HD20230529
q00113,PG20230165
q00113,AAPL20230901
q00113,CPNG20230683
q00113,AAPL20230255
q00113,ADBE20231571
q00114,HD20230173
q00114,HD20230092
q00114,HD20230710
q00114,HD20230451
q00114,HD20230018
q00114,HD20230339
q00114,HD20230452
q00114,HD20230453
q00114,HD20230537
q00114,HD20230414
q00115,HD20230410
q00115,AAPL20230299
q00115,AAPL20230239
q00115,HD20230414
q00115,AMZN20230350
q00115,LIN20230294
q00115,BRK.A20230810
q00115,AAPL20230272
q00115,PG20230289
q00115,HD20230417
q00116,NVDA20230728
q00116,HD20230471
q00116,HD20230034
q00116,TSLA20231078
q00116,BRK.A20230872
q00116,HD20230004
q00116,AMZN20230189
q00116,HD20230037
q00116,HD20230736
q00116,PG20230420
q00117,CPNG20231023
q00117,DAL20231109
q00117,HD20230798
q00117,META20231230
q00117,MSFT20231020
q00117,ADBE20231034
q00117,GOOGL20231043
q00117,NFLX20230723
q00117,NFLX20230328
q00117,HD20230529
q00118,HD20230890
q00118,HD20231464
q00118,HD20230426
q00118,HD20230417
q00118,HD20230810
q00118,HD20230410
q00118,HD20231244
q00118,HD20231081
q00118,HD20231485
q00118,HD20230748
q00119,AAPL20230004
q00119,AAPL20230557
q00119,AAPL20230236
q00119,JNJ20230947
q00119,JNJ20231140
q00119,V20231733
q00119,NFLX20230944
q00119,AAPL20230240
q00119,JNJ20231807
q00119,ADBE20231705
q00120,AAPL20230251
q00120,AAPL20230244
q00120,AAPL20230254
q00120,AAPL20230247
q00120,AAPL20230234
q00120,AAPL20230117
q00120,AAPL20230037
q00120,AAPL20230183
q00120,AAPL20230482
q00120,AAPL20230552
q00121,TSLA20231108
q00121,AAPL20230707
q00121,META20231502
q00121,CPNG20231302
q00121,MSFT20231296
q00121,BRK.A20231696
q00121,JNJ20231008
q00121,BRK.A20231679
q00121,NFLX20230864
q00121,UNH20231008
q00122,MSFT20231610
q00122,MSFT20231609
q00122,JNJ20231469
q00122,JNJ20230524
q00122,JNJ20230244
q00122,MSFT20231621
q00122,LIN20230186
q00122,JPM20230857
q00122,V20231498
q00122,UNH20230282
q00123,ORCL20230520
q00123,ORCL20230591
q00123,DAL20231183
q00123,META20230705
q00123,JNJ20230137
q00123,ORCL20231769
q00123,AAPL20230927
q00123,AAPL20230030
q00123,NVDA20230540
q00123,META20231315
q00124,AAPL20230254
q00124,AAPL20230251
q00124,AAPL20230244
q00124,AAPL20230552
q00124,AAPL20230390
q00124,AAPL20230421
q00124,AAPL20230441
q00124,CPNG20231106
q00124,JNJ20230131
q00124,AAPL20230117
q00125,HD20230423
q00125,LIN20230296
q00125,PG20230425
q00125,LIN20230315
q00125,AAPL20230761
q00125,TSLA20230437
q00125,TSLA20230433
q00125,BRK.A20230806
q00125,JNJ20231198
q00125,AMZN20230487
q00126,DAL20231431
q00126,V20231323
q00126,MSFT20231587
q00126,META20231544
q00126,AAPL20230831
q00126,JPM20237191
q00126,TSLA20231259
q00126,NFLX20230901
q00126,ORCL20231505
q00126,NFLX20230392
q00127,AAPL20230882
q00127,AAPL20230884
q00127,AAPL20231117
q00127,NFLX20231019
q00127,NVDA20231084
q00127,META20231697
q00127,AMZN20230696
q00127,ORCL20231611
q00127,TSLA20231294
q00127,JNJ20231464
q00128,TSLA20231108
q00128,BRK.A20231696
q00128,BRK.A20231679
q00128,MSFT20231296
q00128,UNH20231008
q00128,JNJ20231008
q00128,META20231502
q00128,AAPL20230707
q00128,NVDA20231287
q00128,V20231264
q00129,ORCL20230518
q00129,ORCL20230591
q00129,ORCL20230443
q00129,ORCL20230592
q00129,ORCL20230520
q00129,AMZN20230349
q00129,AMZN20230354
q00129,GOOGL20230479
q00129,CPNG20230614
q00129,AMZN20230325
q00130,AMZN20230482
q00130,AMZN20230487
q00130,AMZN20231443
q00130,AMZN20231454
q00130,JNJ20230726
q00130,AMZN20230041
q00130,AMZN20231375
q00130,AMZN20231376
q00130,AMZN20231377
q00130,AMZN20231379
q00131,AMZN20230757
q00131,AMZN20230403
q00131,AMZN20230402
q00131,AMZN20230752
q00131,AMZN20230404
q00131,AMZN20230809
q00131,AMZN20231289
q00131,AMZN20230280
q00131,AMZN20230715
q00131,AMZN20230714
q00132,AMZN20230808
q00132,AMZN20230295
q00132,JNJ20231269
q00132,ORCL20231689
q00132,ADBE20231451
q00132,AMZN20231218
q00132,AMZN20230750
q00132,AMZN20231443
q00132,AMZN20230712
q00132,AMZN20231148
q00133,AMZN20231321
q00133,AMZN20230487
q00133,AMZN20230254
q00133,AMZN20230940
q00133,AMZN20231329
q00133,AMZN20230466
q00133,AMZN20230856
q00133,AMZN20230915
q00133,AMZN20230468
q00133,AMZN20230417
q00134,AMZN20230837
q00134,AMZN20231099
q00134,AMZN20231092
q00134,AMZN20231096
q00134,AMZN20230746
q00134,AMZN20231291
q00134,NFLX20230257
q00134,AMZN20231090
q00134,AMZN20230836
q00134,AMZN20231443
q00135,AMZN20231110
q00135,LIN20230189
q00135,MSFT20231621
q00135,AAPL20230871
q00135,MSFT20230718
q00135,META20230923
q00135,V20230379
q00135,JPM20230867
q00135,PG20230165
q00135,V20230586
q00136,GOOGL20231675
q00136,GOOGL20231674
q00136,GOOGL20231676
q00136,NFLX20230354
q00136,AMZN20230423
q00136,AMZN20230417
q00136,AMZN20230404
q00136,AMZN20230420
q00136,AMZN20230902
q00136,AMZN20230397
q00137,AMZN20230349
q00137,AMZN20230858
q00137,AMZN20230742
q00137,AMZN20230278
q00137,NFLX20230267
q00137,ORCL20231106
q00137,AMZN20230746
q00137,META20230797
q00137,NVDA20230919
q00137,AMZN20230747
q00138,AMZN20230028
q00138,META20230008
q00138,AMZN20230276
q00138,META20230030
q00138,META20230663
q00138,AMZN20230482
q00138,AMZN20230284
q00138,META20230186
q00138,AMZN20230408
q00138,GOOGL20230376
q00139,META20231116
q00139,AAPL20230479
q00139,META20231047
q00139,JPM20234793
q00139,AMZN20230837
q00139,BRK.A20232244
q00139,NVDA20230821
q00139,JPM20237327
q00139,BRK.A20231289
q00139,V20230728
q00140,NVDA20230074
q00140,MSFT20230159
q00140,ORCL20230160
q00140,AMZN20230020
q00140,AMZN20230068
q00140,MSFT20230199
q00140,META20230218
q00140,GOOGL20230125
q00140,CPNG20230146
q00140,AAPL20230037
q00141,AMZN20230042
q00141,AMZN20231443
q00141,AMZN20231374
q00141,AMZN20231454
q00141,AMZN20231358
q00141,AMZN20231377
q00141,AMZN20231356
q00141,AMZN20230531
q00141,AMZN20231373
q00141,AMZN20231372
q00142,AMZN20230246
q00142,HD20230273
q00142,AMZN20230276
q00142,AMZN20230254
q00142,AMZN20230349
q00142,JPM20230842
q00142,JNJ20230194
q00142,ORCL20230391
q00142,AMZN20231075
q00142,NVDA20230389
q00143,AMZN20230742
q00143,AMZN20230349
q00143,AMZN20230744
q00143,AMZN20230278
q00143,CPNG20231009
q00143,AAPL20230583
q00143,CPNG20231080
q00143,NVDA20230919
q00143,AMZN20230403
q00143,META20231206
q00144,AMZN20230706
q00144,AMZN20231372
q00144,AMZN20231376
q00144,TSLA20230343
q00144,AMZN20230349
q00144,AMZN20230844
q00144,AMZN20231090
q00144,AMZN20231110
q00144,AMZN20231093
q00144,AMZN20231148
q00145,AMZN20230747
q00145,AMZN20230349
q00145,AMZN20230741
q00145,MSFT20230470
q00145,AMZN20230858
q00145,AMZN20231249
q00145,AMZN20230368
q00145,GOOGL20230985
q00145,GOOGL20230381
q00145,ADBE20230055
q00146,LIN20231106
q00146,LIN20230559
q00146,JNJ20231862
q00146,UNH20231321
q00146,HD20231308
q00146,META20231559
q00146,MSFT20230335
q00146,JPM20237021
q00146,JNJ20231859
q00146,ORCL20231242
q00147,AAPL20230222
q00147,META20230585
q00147,MSFT20231610
q00147,JNJ20231469
q00147,JNJ20230244
q00147,JNJ20230524
q00147,MSFT20231609
q00147,JPM20237345
q00147,UNH20230282
q00147,MSFT20231621
q00148,AMZN20230189
q00148,AMZN20230809
q00148,AMZN20230147
q00148,TSLA20230944
q00148,TSLA20230402
q00148,HD20230486
q00148,JNJ20230065
q00148,HD20230011
q00148,AMZN20230006
q00148,JNJ20230181
q00150,META20230315
q00150,META20230316
q00150,META20230311
q00150,META20230313
q00150,META20230314
q00150,META20230666
q00150,META20230005
q00150,META20230065
q00150,META20230668
q00150,META20230061
q00151,META20230316
q00151,META20230668
q00151,META20230674
q00151,META20230311
q00151,META20230315
q00151,META20230666
q00151,META20230646
q00151,META20230645
q00151,META20230672
q00151,META20230677
q00152,META20230022
q00152,META20230018
q00152,META20230388
q00152,META20230021
q00152,META20230850
q00152,META20230408
q00152,META20230559
q00152,META20231678
q00152,META20230450
q00152,META20230419
q00153,META20230007
q00153,META20230663
q00153,META20230661
q00153,META20231893
q00153,META20230970
q00153,META20230425
q00153,META20230484
q00153,META20230439
q00153,META20230893
q00153,META20230920
q00154,V20230223
q00154,META20230543
q00154,META20230307
q00154,META20230005
q00154,META20230008
q00154,META20230970
q00154,META20230315
q00154,META20230321
q00154,META20230298
q00154,META20230723
q00155,META20230799
q00155,META20230852
q00155,META20230803
q00155,META20230623
q00155,META20230008
q00155,META20230006
q00155,META20231363
q00155,META20230638
q00155,META20231342
q00155,META20231191
q00156,META20230801
q00156,META20230656
q00156,NFLX20230197
q00156,CPNG20230196
q00156,META20230176
q00156,META20230606
q00156,META20230604
q00156,META20230658
q00156,META20230808
q00156,META20230274
q00157,META20230805
q00157,META20230033
q00157,JNJ20230281
q00157,LIN20230434
q00157,META20230744
q00157,PG20230392
q00157,PG20230351
q00157,LIN20230493
q00157,PG20230370
q00157,PG20230380
q00158,META20231461
q00158,META20231683
q00158,META20230637
q00158,V20231732
q00158,V20230983
q00158,META20231333
q00158,META20231351
q00158,V20230999
q00158,META20231339
q00158,V20231714
q00159,JNJ20230257
q00159,JNJ20230016
q00159,JNJ20230005
q00159,JNJ20230636
q00159,JNJ20230855
q00159,JNJ20231553
q00159,JNJ20231531
q00159,JNJ20230056
q00159,JNJ20230265
q00159,JNJ20230070
q00160,JNJ20231026
q00160,JNJ20230523
q00160,JNJ20230520
q00160,JNJ20230696
q00160,JNJ20231140
q00160,JNJ20231966
q00160,JNJ20230263
q00160,JNJ20230478
q00160,JNJ20231154
q00160,JNJ20230153
q00161,JNJ20230235
q00161,JNJ20230523
q00161,JNJ20230520
q00161,JNJ20230104
q00161,JNJ20230239
q00161,JNJ20231899
q00161,JNJ20231898
q00161,JNJ20231399
q00161,JNJ20231267
q00161,JNJ20230119
q00162,JNJ20231552
q00162,JNJ20231529
q00162,V20231623
q00162,JNJ20231541
q00162,JNJ20231506
q00162,JNJ20231543
q00162,JNJ20231555
q00162,JNJ20231465
q00162,JNJ20230696
q00162,JNJ20231154
q00163,JNJ20230356
q00163,JNJ20230025
q00163,JNJ20232172
q00163,JNJ20230327
q00163,JNJ20232157
q00163,JNJ20230523
q00163,JNJ20232019
q00163,JNJ20230522
q00163,JNJ20231595
q00163,JNJ20232018
q00164,JNJ20230522
q00164,JNJ20231446
q00164,JNJ20230520
q00164,JNJ20232018
q00164,JNJ20232157
q00164,JNJ20230858
q00164,JNJ20230263
q00164,JNJ20232172
q00164,JNJ20230523
q00164,JNJ20232019
q00165,JNJ20230087
q00165,JNJ20232294
q00165,JNJ20230006
q00165,JNJ20230085
q00165,JNJ20230070
q00165,JNJ20232339
q00165,JNJ20232315
q00165,JNJ20230014
q00165,JNJ20230598
q00165,JNJ20230040
q00166,JNJ20230263
q00166,JNJ20230522
q00166,JNJ20230520
q00166,JNJ20230523
q00166,JNJ20230478
q00166,JNJ20231074
q00166,JNJ20230356
q00166,JNJ20231203
q00166,JNJ20230458
q00166,JNJ20230696
q00167,JNJ20230082
q00167,JNJ20230010
q00167,JNJ20230294
q00167,JNJ20230104
q00167,JNJ20232004
q00167,JNJ20230447
q00167,JNJ20230416
q00167,JNJ20230860
q00167,JNJ20230014
q00167,JNJ20231868
q00168,JNJ20230523
q00168,JNJ20230520
q00168,JNJ20230463
q00168,JNJ20231267
q00168,JNJ20231283
q00168,JNJ20230356
q00168,JNJ20230696
q00168,JNJ20231764
q00168,JNJ20231140
q00168,JNJ20230458
q00169,JPM20231163
q00169,JPM20232307
q00169,JPM20237772
q00169,JPM20231535
q00169,JPM20235439
q00169,JPM20233543
q00169,JPM20232235
q00169,JPM20236558
q00169,JPM20236540
q00169,JPM20236074
q00170,JPM20231205
q00170,JPM20233020
q00170,JPM20231306
q00170,JPM20233578
q00170,JPM20236792
q00170,JPM20233223
q00170,JPM20232149
q00170,JPM20233157
q00170,JPM20232307
q00170,JPM20231766
q00171,JPM20231968
q00171,JPM20231602
q00171,JPM20231516
q00171,JPM20231159
q00171,JPM20234456
q00171,JPM20231266
q00171,JPM20230328
q00171,JPM20234458
q00171,JPM20231881
q00171,JPM20231269
q00172,JPM20234458
q00172,JPM20235636
q00172,JPM20238468
q00172,JPM20235630
q00172,JPM20235561
q00172,JPM20231263
q00172,JPM20235639
q00172,JPM20235656
q00172,JPM20234960
q00172,JPM20230127
q00173,JPM20231229
q00173,JPM20231388
q00173,JPM20234149
q00173,JPM20238021
q00173,JPM20231215
q00173,JPM20234164
q00173,JPM20230150
q00173,JPM20232307
q00173,JPM20230194
q00173,JPM20232266
q00174,JPM20230013
q00174,JPM20230140
q00174,JPM20230796
q00174,JPM20230006
q00174,JPM20231124
q00174,JPM20230005
q00174,JPM20230648
q00174,JPM20231123
q00174,JPM20230464
q00174,JPM20230460
q00175,JPM20231170
q00175,JPM20232754
q00175,JPM20231313
q00175,JPM20233582
q00175,JPM20236796
q00175,JPM20236792
q00175,JPM20233578
q00175,JPM20235841
q00175,JPM20232307
q00175,JPM20233321
q00176,DAL20230800
q00176,JNJ20230542
q00176,LIN20230310
q00176,DAL20230535
q00176,JPM20234973
q00176,JNJ20230518
q00176,JPM20231569
q00176,BRK.A20230549
q00176,LIN20230767
q00176,JPM20232973
q00177,JPM20231259
q00177,JPM20231876
q00177,JPM20231109
q00177,JPM20231276
q00177,JPM20231251
q00177,JPM20231873
q00177,JPM20234994
q00177,JPM20234988
q00177,JPM20234507
q00177,JPM20231115
q00178,JPM20237808
q00178,JPM20231557
q00178,JPM20231281
q00178,JPM20231812
q00178,JPM20230010
q00178,JPM20231598
q00178,TSLA20230008
q00178,JPM20232858
q00178,JPM20230140
q00178,JNJ20230860
q00180,V20230922
q00180,V20230354
q00180,V20230114
q00180,V20230004
q00180,V20231628
q00180,V20230731
q00180,V20231007
q00180,V20231136
q00180,V20231119
q00180,V20231430
q00181,V20230020
q00181,V20230967
q00181,V20230028
q00181,V20230971
q00181,V20230030
q00181,V20230479
q00181,V20230922
q00181,V20230011
q00181,V20230354
q00181,V20230975
q00182,V20231002
q00182,V20230013
q00182,V20231502
q00182,V20230378
q00182,PG20230430
q00182,V20230011
q00182,V20230083
q00182,V20231006
q00182,V20230628
q00182,V20230594
q00183,V20230129
q00183,V20230133
q00183,V20230119
q00183,V20230123
q00183,V20230122
q00183,V20230197
q00183,V20230235
q00183,V20230140
q00183,V20230059
q00183,V20230135
q00184,V20230254
q00184,V20230198
q00184,V20230171
q00184,PG20230049
q00184,NVDA20230276
q00184,V20230156
q00184,JNJ20230151
q00184,PG20230051
q00184,BRK.A20230286
q00184,MSFT20230416
q00185,DAL20230424
q00185,TSLA20230492
q00185,CPNG20230300
q00185,V20230537
q00185,V20230099
q00185,V20230200
q00185,BRK.A20230657
q00185,HD20230173
q00185,V20231998
q00185,JPM20231700
q00186,V20230011
q00186,V20230475
q00186,V20230059
q00186,V20230450
q00186,V20230354
q00186,V20230047
q00186,V20230129
q00186,V20231391
q00186,V20230922
q00186,V20230426
q00187,V20231427
q00187,V20230011
q00187,V20230655
q00187,META20230606
q00187,V20230059
q00187,V20230099
q00187,META20230604
q00187,V20230050
q00187,V20230628
q00187,BRK.A20230884
q00188,V20230108
q00188,V20230109
q00188,V20230105
q00188,V20230083
q00188,V20230074
q00188,V20231998
q00188,V20230077
q00188,V20230198
q00188,V20231363
q00188,V20230640
q00189,UNH20230014
q00189,UNH20230428
q00189,UNH20231359
q00189,UNH20230793
q00189,UNH20230401
q00189,UNH20231571
q00189,UNH20231411
q00189,UNH20231617
q00189,UNH20230684
q00189,UNH20230053
q00190,UNH20230429
q00190,UNH20230329
q00190,UNH20230075
q00190,DAL20230423
q00190,META20230606
q00190,META20230818
q00190,TSLA20230437
q00190,META20230890
q00190,META20230604
q00190,NFLX20230268
q00191,UNH20230329
q00191,UNH20231411
q00191,UNH20230684
q00191,UNH20230703
q00191,UNH20230289
q00191,NFLX20230259
q00191,UNH20230588
q00191,UNH20231699
q00191,UNH20231571
q00191,UNH20230411
q00192,UNH20230411
q00192,UNH20230703
q00192,UNH20230684
q00192,UNH20230428
q00192,UNH20230429
q00192,UNH20230071
q00192,UNH20231459
q00192,UNH20230871
q00192,UNH20230280
q00192,UNH20231249
q00193,UNH20230160
q00193,JPM20230479
q00193,UNH20230260
q00193,UNH20230258
q00193,UNH20230257
q00193,UNH20230155
q00193,UNH20230255
q00193,UNH20230256
q00193,UNH20230243
q00193,UNH20230252
q00194,UNH20230428
q00194,UNH20230059
q00194,UNH20230055
q00194,UNH20230075
q00194,UNH20230071
q00194,UNH20230684
q00194,UNH20230289
q00194,UNH20231362
q00194,UNH20230329
q00194,UNH20230411
q00195,UNH20230321
q00195,UNH20231323
q00195,UNH20230684
q00195,UNH20231617
q00195,UNH20231571
q00195,UNH20230703
q00195,UNH20231699
q00195,UNH20230588
q00195,UNH20230557
q00195,UNH20230793
q00196,UNH20230312
q00196,UNH20230684
q00196,UNH20231571
q00196,UNH20230703
q00196,UNH20231422
q00196,JNJ20231335
q00196,UNH20231581
q00196,UNH20231699
q00196,UNH20230289
q00196,UNH20230588
q00197,DAL20230450
q00197,UNH20230368
q00197,META20230808
q00197,UNH20230703
q00197,BRK.A20230863
q00197,UNH20230307
q00197,ADBE20230557
q00197,UNH20230226
q00197,NVDA20230535
q00197,UNH20230306
q00198,JNJ20230545
q00198,DAL20230628
q00198,PG20230433
q00198,UNH20231699
q00198,V20231499
q00198,HD20230454
q00198,DAL20230403
q00198,AAPL20230255
q00198,V20230334
q00198,V20230588
q00199,GOOGL20230019
q00199,GOOGL20230004
q00199,GOOGL20231783
q00199,GOOGL20230066
q00199,GOOGL20230020
q00199,GOOGL20230005
q00199,GOOGL20230012
q00199,GOOGL20231825
q00199,GOOGL20231205
q00199,GOOGL20231945
q00200,GOOGL20230055
q00200,GOOGL20231779
q00200,GOOGL20230660
q00200,GOOGL20230392
q00200,GOOGL20230050
q00200,GOOGL20231009
q00200,GOOGL20230415
q00200,GOOGL20230479
q00200,GOOGL20230526
q00200,GOOGL20230614
q00201,GOOGL20230145
q00201,GOOGL20231559
q00201,CPNG20230494
q00201,JNJ20230163
q00201,GOOGL20230188
q00201,JPM20233977
q00201,GOOGL20230508
q00201,GOOGL20230199
q00201,GOOGL20230134
q00201,ORCL20230323
q00202,META20230890
q00202,GOOGL20230612
q00202,META20230606
q00202,META20230604
q00202,NFLX20230259
q00202,META20230852
q00202,BRK.A20230549
q00202,NFLX20230345
q00202,TSLA20230437
q00202,META20230801
q00203,GOOGL20231831
q00203,GOOGL20231982
q00203,GOOGL20231909
q00203,GOOGL20230313
q00203,GOOGL20231932
q00203,GOOGL20230984
q00203,GOOGL20231668
q00203,GOOGL20231198
q00203,META20231920
q00203,GOOGL20231954
q00204,GOOGL20231198
q00204,GOOGL20231668
q00204,GOOGL20231909
q00204,GOOGL20230633
q00204,GOOGL20231932
q00204,GOOGL20231945
q00204,GOOGL20231087
q00204,GOOGL20231238
q00204,GOOGL20231527
q00204,GOOGL20230786
q00205,ADBE20230524
q00205,GOOGL20231010
q00205,ADBE20230384
q00205,ORCL20231125
q00205,ADBE20230980
q00205,ADBE20230978
q00205,GOOGL20231009
q00205,GOOGL20231016
q00205,ADBE20230981
q00205,GOOGL20230415
q00206,GOOGL20231043
q00206,AMZN20230762
q00206,GOOGL20230592
q00206,MSFT20231020
q00206,NFLX20230328
q00206,GOOGL20230389
q00206,GOOGL20230612
q00206,META20230656
q00206,META20230834
q00206,GOOGL20231780
q00207,GOOGL20230616
q00207,GOOGL20231799
q00207,GOOGL20231537
q00207,GOOGL20230529
q00207,GOOGL20230611
q00207,MSFT20230566
q00207,GOOGL20231134
q00207,MSFT20231743
q00207,GOOGL20230504
q00207,ORCL20231742
q00208,GOOGL20230121
q00208,CPNG20230196
q00208,META20230147
q00208,META20230201
q00208,META20230652
q00208,META20230425
q00208,META20230274
q00208,META20230178
q00208,META20230184
q00208,NFLX20230087
q00209,BRK.A20230640
q00209,BRK.A20230333
q00209,BRK.A20230450
q00209,BRK.A20230332
q00209,BRK.A20230067
q00209,BRK.A20230632
q00209,BRK.A20230066
q00209,BRK.A20230652
q00209,BRK.A20230065
q00209,BRK.A20230077
q00210,BRK.A20230005
q00210,BRK.A20230326
q00210,BRK.A20230004
q00210,BRK.A20231350
q00210,BRK.A20232401
q00210,BRK.A20230253
q00210,BRK.A20230920
q00210,BRK.A20230421
q00210,BRK.A20232563
q00210,BRK.A20231065
q00211,BRK.A20230460
q00211,BRK.A20230007
q00211,BRK.A20231057
q00211,BRK.A20231350
q00211,BRK.A20230004
q00211,BRK.A20230514
q00211,BRK.A20230005
q00211,BRK.A20230044
q00211,BRK.A20230009
q00211,BRK.A20230062
q00212,BRK.A20232401
q00212,BRK.A20231350
q00212,BRK.A20230005
q00212,BRK.A20230121
q00212,BRK.A20230004
q00212,BRK.A20230007
q00212,BRK.A20230383
q00212,BRK.A20230869
q00212,BRK.A20230028
q00212,BRK.A20230253
q00213,BRK.A20230920
q00213,BRK.A20230421
q00213,BRK.A20232247
q00213,BRK.A20230422
q00213,V20230379
q00213,META20230585
q00213,BRK.A20232649
q00213,ORCL20230756
q00213,NFLX20230380
q00213,AMZN20231110
q00214,BRK.A20230028
q00214,BRK.A20230041
q00214,BRK.A20232401
q00214,BRK.A20230514
q00214,BRK.A20230463
q00214,BRK.A20232446
q00214,BRK.A20230044
q00214,BRK.A20230460
q00214,BRK.A20230477
q00214,BRK.A20230009
q00215,BRK.A20230404
q00215,CPNG20230509
q00215,V20230333
q00215,BRK.A20230421
q00215,BRK.A20232244
q00215,META20231047
q00215,META20230569
q00215,V20230769
q00215,CPNG20230454
q00215,META20231073
q00216,BRK.A20230869
q00216,BRK.A20232401
q00216,BRK.A20231350
q00216,BRK.A20230253
q00216,BRK.A20230004
q00216,BRK.A20230121
q00216,BRK.A20230028
q00216,BRK.A20230007
q00216,BRK.A20230273
q00216,BRK.A20230726
q00217,BRK.A20230062
q00217,BRK.A20230594
q00217,BRK.A20230063
q00217,BRK.A20230460
q00217,BRK.A20230602
q00217,BRK.A20230009
q00217,BRK.A20230004
q00217,BRK.A20230427
q00217,BRK.A20230589
q00217,BRK.A20230477
q00218,BRK.A20230063
q00218,BRK.A20230594
q00218,ORCL20230919
q00218,JNJ20230250
q00218,BRK.A20231700
q00218,PG20231516
q00218,BRK.A20230602
q00218,BRK.A20231726
q00218,BRK.A20230872
q00218,BRK.A20230780
q61676968,d616769d6
q61676968,d61d31046
q61676968,d61d2c15e
q61676968,d61dbaf26
q61676968,d61cef506
q61676968,d61e30eec
q61676968,d6166092e
q61676968,d61da01b2
q61676968,d61d98ba6
q61676968,d61d2a890
q6165d620,d6165d666
q6165d620,d61ddcefa
q6165d620,d61d6f710
q6165d620,d61650b5a
q6165d620,d61d6922a
q6165d620,d6167fa90
q6165d620,d61d7c6ae
q6165d620,d61d65756
q6165d620,d61d59e6a
q6165d620,d61de06ae
q616523c4,d61d89354
q616523c4,d61668eda
q616523c4,d6165241e
q616523c4,d61cffbcc
q616523c4,d61e2ce1e
q616523c4,d61dc22d0
q616523c4,d61e09ba8
q616523c4,d6165e3e0
q616523c4,d61663980
q616523c4,d61d88670
q6168676e,d61dd6406
q6168676e,d61d4a7d0
q6168676e,d61ddaf38
q6168676e,d61d8c77a
q6168676e,d61e969ae
q6168676e,d61d2d1f8
q6168676e,d61cfa56e
q6168676e,d61d140f4
q6168676e,d6167f266
q6168676e,d61d5f7ac
q616abdde,d61d80e70
q616abdde,d61d48d04
q616abdde,d61d8aff6
q616abdde,d616545fc
q616abdde,d61e0f3e6
q616abdde,d61d6d5d2
q616abdde,d61d3973c
q616abdde,d61ddc3a6
q616abdde,d61dd0420
q616abdde,d61d5fc20
q616a3986,d6165e9e4
q616a3986,d61e1ee40
q616a3986,d61d134ba
q616a3986,d61d4d7d2
q616a3986,d61d45942
q616a3986,d61650ce0
q616a3986,d61d6206a
q616a3986,d6165b23a
q616a3986,d61d54208
q616a3986,d61650524
q61667c92,d61d5b1d4
q61667c92,d61d8452a
q61667c92,d61dc9a3a
q61667c92,d61651dca
q61667c92,d61d346ec
q61667c92,d61e35faa
q61667c92,d61d9aa64
q61667c92,d61d43ed0
q61667c92,d61670572
q61667c92,d61d3745a
q61671ce2,d61cf8a02
q61671ce2,d6164f9bc
q61671ce2,d61d87eb4
q61671ce2,d61667648
q61671ce2,d61dbff3a
q61671ce2,d61d30042
q61671ce2,d61dd23f6
q61671ce2,d61d9b90a
q61671ce2,d61d9e416
q61671ce2,d61e96ad0
q616a1438,d6167f63a
q616a1438,d61d2b844
q616a1438,d61dfa572
q616a1438,d61ddcb30
q616a1438,d6165b23a
q616a1438,d61d8405c
q616a1438,d61d6206a
q616a1438,d61d3f5ec
q616a1438,d61cf7a44
q616a1438,d61d30128
q6165fe2a,d61d4ca58
q6165fe2a,d61d48ffc
q6165fe2a,d61d5cee4
q6165fe2a,d61d80632
q6165fe2a,d61d2bc72
q6165fe2a,d61d934f8
q6165fe2a,d61cf34c6
q6165fe2a,d616831c2
q6165fe2a,d61cf7436
q6165fe2a,d61d5c336
q6167d60a,d61657130
q6167d60a,d61d56ed6
q6167d60a,d61da9ece
q6167d60a,d61dcac1e
q6167d60a,d61658b70
q6167d60a,d61d95d20
q6167d60a,d61662f44
q6167d60a,d61dbb94e
q6167d60a,d61e0333e
q6167d60a,d61ddfe70
q61687ba0,d61d55f7c
q61687ba0,d6165aa4c
q61687ba0,d61d50b62
q61687ba0,d61d9acf8
q61687ba0,d61cf2300
q61687ba0,d61d36f28
q61687ba0,d61d9ab4a
q61687ba0,d61d70598
q61687ba0,d61d292a6
q61687ba0,d61cf7fa8
q6167e154,d61d7a6b0
q6167e154,d61d9b66c
q6167e154,d61d02246
q6167e154,d61655bb4
q6167e154,d61e7778e
q6167e154,d61d39a3e
q6167e154,d61d6dd48
q6167e154,d61671120
q6167e154,d61d8b532
q6167e154,d61d3638e
q61671e90,d61cefdb2
q61671e90,d61671eea
q61671e90,d61d02142
q61671e90,d61d5b59e
q61671e90,d61d2c4b0
q61671e90,d61d97652
q61671e90,d6166c544
q61671e90,d61dcf67e
q61671e90,d61d82360
q61671e90,d61d61016
q61689f9a,d61dcf0d4
q61689f9a,d61d41d7e
q61689f9a,d61de2d1e
q61689f9a,d61d308da
q61689f9a,d6169da04
q61689f9a,d61dca142
q61689f9a,d61662f44
q61689f9a,d61e2a880
q61689f9a,d61daf8ce
q61689f9a,d61651906
q6165cc3e,d61d2d068
q6165cc3e,d61d64676
q6165cc3e,d61dbcee8
q6165cc3e,d61d84b92
q6165cc3e,d61d44e02
q6165cc3e,d6166bf90
q6165cc3e,d61d40c94
q6165cc3e,d61d4c300
q6165cc3e,d61cf6f72
q6165cc3e,d61d84782
q61650c9a,d61650ce0
q61650c9a,d61e1ee40
q61650c9a,d61d134ba
q61650c9a,d61d30ede
q61650c9a,d6165b23a
q61650c9a,d6165e9e4
q61650c9a,d61d76f4c
q61650c9a,d61d4d7d2
q61650c9a,d61d45942
q61650c9a,d61d54208
q616652b2,d61def08c
q616652b2,d61d4e56a
q616652b2,d6165bf50
q616652b2,d61d562b0
q616652b2,d61d35808
q616652b2,d61d5393e
q616652b2,d61d74ff8
q616652b2,d61d2f908
q616652b2,d61d63e10
q616652b2,d61d53c40
q6165bd20,d6165bd5c
q6165bd20,d61cf274c
q6165bd20,d61d44754
q6165bd20,d61cfc666
q6165bd20,d61d889ea
q6165bd20,d61d8a63c
q6165bd20,d61d65526
q6165bd20,d61e15df4
q6165bd20,d61dd0420
q6165bd20,d61d68e42
q616835be,d6166cea4
q616835be,d61db810e
q616835be,d61cf93bc
q616835be,d61cf6cac
q616835be,d6165e052
q616835be,d61d52408
q616835be,d6166751c
q616835be,d61dbf152
q616835be,d61cfe5b0
q616835be,d6167048c
q6167ef50,d61d55f7c
q6167ef50,d61d64b58
q6167ef50,d61cf2300
q6167ef50,d61cfebe6
q6167ef50,d6165aa4c
q6167ef50,d61db1cc8
q6167ef50,d61d712cc
q6167ef50,d61d5a950
q6167ef50,d61d5d6fa
q6167ef50,d61d50b62
q616ac1da,d616950b6
q616ac1da,d61d87f9a
q616ac1da,d6165270c
q616ac1da,d61d6d2c6
q616ac1da,d61d45532
q616ac1da,d61d723a2
q616ac1da,d61dceeea
q616ac1da,d61d01620
q616ac1da,d61d2b736
q616ac1da,d61cef3bc
q616972da,d61d857e0
q616972da,d61ddc3a6
q616972da,d61df4280
q616972da,d61d3158c
q616972da,d61d5dd9e
q616972da,d6166299a
q616972da,d61d43548
q616972da,d61d8916a
q616972da,d61cfa942
q616972da,d6166579e
q6168d668,d61d2fb1a
q6168d668,d61d439ee
q6168d668,d61d2c294
q6168d668,d61d54ce4
q6168d668,d61d3f4f2
q6168d668,d61de0a14
q6168d668,d61dddbc0
q6168d668,d6167048c
q6168d668,d61dbb53e
q6168d668,d61cfc666
q6167acb6,d6167ace8
q6167acb6,d61d72b2c
q6167acb6,d61cf06f4
q6167acb6,d61d827de
q6167acb6,d61e9da2e
q6167acb6,d61dc4530
q6167acb6,d61d3110e
q6167acb6,d61d2de96
q6167acb6,d61e99514
q6167acb6,d61670572
q616559de,d61655a2e
q616559de,d61d3d706
q616559de,d61d3fbdc
q616559de,d61dc620e
q616559de,d61e3e772
q616559de,d6166125c
q616559de,d6165db98
q616559de,d61662e22
q616559de,d61dc07fa
q616559de,d61d2c4b0
q6169d3a6,d6169d40a
q6169d3a6,d61da2782
q6169d3a6,d61e243f4
q6169d3a6,d61cf6cac
q6169d3a6,d6165e3e0
q6169d3a6,d61d63190
q6169d3a6,d61676c2e
q6169d3a6,d61d83e04
q6169d3a6,d61e9da2e
q6169d3a6,d61d4231e
q616707e8,d61d45fbe
q616707e8,d6167082e
q616707e8,d61dd8ed6
q616707e8,d61d536dc
q616707e8,d61d522fa
q616707e8,d61d4fcb2
q616707e8,d61d5b4b8
q616707e8,d6166f87a
q616707e8,d61d79a9e
q616707e8,d6166041a
q61650092,d616500ec
q61650092,d61df03f6
q61650092,d61cf30b6
q61650092,d61d6fa1c
q61650092,d61d7b362
q61650092,d61d6b3fe
q61650092,d61e1f3e0
q61650092,d61d774a6
q61650092,d61d3fae2
q61650092,d61e2b050
q6165e12e,d61650ee8
q6165e12e,d616595a2
q6165e12e,d61dee060
q6165e12e,d61e2150a
q6165e12e,d61d56dd2
q6165e12e,d61d7ea58
q6165e12e,d61dfa6bc
q6165e12e,d61d4b82e
q6165e12e,d61e7cb58
q6165e12e,d61dbf922
q61657d88,d61657de2
q61657d88,d61d677c2
q61657d88,d616644ac
q61657d88,d61d95abe
q61657d88,d6165d030
q61657d88,d61e278ec
q61657d88,d61d93ffc
q61657d88,d61db8ea6
q61657d88,d61d568a0
q61657d88,d61e2511e
q61696272,d61652ff4
q61696272,d6168290c
q61696272,d61cefdb2
q61696272,d61cfd99e
q61696272,d61662f44
q61696272,d61651906
q61696272,d61cfac4e
q61696272,d61654976
q61696272,d61dcf67e
q61696272,d61de7206
q6169bc9a,d61d818b6
q6169bc9a,d61d34b56
q6169bc9a,d61d91626
q6169bc9a,d61e1fbce
q6169bc9a,d61d644e6
q6169bc9a,d61d39d7c
q6169bc9a,d61d32dc4
q6169bc9a,d61cf8322
q6169bc9a,d61d4dc50
q6169bc9a,d61d3fae2
q6167ca5c,d61673dee
q6167ca5c,d61d72460
q6167ca5c,d6165c9a0
q6167ca5c,d61d3c9be
q6167ca5c,d61d36f28
q6167ca5c,d61d735fe
q6167ca5c,d61ddbf14
q6167ca5c,d61661aea
q6167ca5c,d61d9bd24
q6167ca5c,d61de898a
q61676be8,d6165e3e0
q61676be8,d6165241e
q61676be8,d616753c4
q61676be8,d61d88670
q61676be8,d6165e23c
q61676be8,d61dc4530
q61676be8,d61d6f3fa
q61676be8,d61da22f0
q61676be8,d61d4d430
q61676be8,d61d2bd8a
q61691aba,d61d45316
q61691aba,d61d47e04
q61691aba,d61d972f6
q61691aba,d61d03fb0
q61691aba,d6168643a
q61691aba,d61e1c8ca
q61691aba,d6167082e
q61691aba,d61d6585a
q61691aba,d61d42c2e
q61691aba,d61d77104
q616a51b4,d6168ea86
q616a51b4,d61dd0c54
q616a51b4,d61d30204
q616a51b4,d61d7bcf4
q616a51b4,d61d2a016
q616a51b4,d61d2a322
q616a51b4,d61d8614a
q616a51b4,d61e4dcae
q616a51b4,d61cf1270
q616a51b4,d61d75386
q61679712,d61d912b6
q61679712,d61d91aea
q61679712,d61d790ee
q61679712,d616568ac
q61679712,d61659ab6
q61679712,d61e0849c
q61679712,d61d60d0a
q61679712,d61d02d2c
q61679712,d61e1304a
q61679712,d61e46404
q61690d90,d6165b10e
q61690d90,d616547b4
q61690d90,d6167048c
q61690d90,d61d2a890
q61690d90,d61d8e700
q61690d90,d61dec6f2
q61690d90,d61673916
q61690d90,d61d66bec
q61690d90,d61664326
q61690d90,d61d55d6a
q61684dec,d61dfe456
q61684dec,d61cf2d32
q61684dec,d61dd8814
q61684dec,d61d7e10c
q61684dec,d61d5c25a
q61684dec,d61d9cfda
q61684dec,d61da7bb0
q61684dec,d61d74e9a
q61684dec,d61d5fefa
q61684dec,d61d820fe
q6168dda2,d61d49952
q6168dda2,d61e12a64
q6168dda2,d61ddff92
q6168dda2,d61db4ee6
q6168dda2,d61db1692
q6168dda2,d61665c62
q6168dda2,d61d3412e
q6168dda2,d61d30cc2
q6168dda2,d61de2d1e
q6168dda2,d61693414
q616a8e0e,d6165d030
q616a8e0e,d61db50da
q616a8e0e,d61e4096e
q616a8e0e,d61cf3cfa
q616a8e0e,d616644ac
q616a8e0e,d61d0a518
q616a8e0e,d61d568a0
q616a8e0e,d61dd38aa
q616a8e0e,d61cf45f6
q616a8e0e,d61d57b2e
q61674ad2,d61db74fc
q61674ad2,d61d66390
q61674ad2,d61d6f954
q61674ad2,d61d5c0c0
q61674ad2,d6166b856
q61674ad2,d616592c8
q61674ad2,d61d76a9c
q61674ad2,d61674b22
q61674ad2,d61d4f8ca
q61674ad2,d61d5559a
q6165e39a,d6165e3e0
q6165e39a,d61d70f98
q6165e39a,d616614dc
q6165e39a,d61d7d2b6
q6165e39a,d61d2f5ac
q6165e39a,d61d54bcc
q6165e39a,d61e104b2
q6165e39a,d61d56fa8
q6165e39a,d61dd53bc
q6165e39a,d61d674c0
q616a95e8,d61d61976
q616a95e8,d61654b38
q616a95e8,d6166369c
q616a95e8,d61d5c336
q616a95e8,d61d73748
q616a95e8,d61d3482c
q616a95e8,d616a402a
q616a95e8,d61e0333e
q616a95e8,d61d2e422
q616a95e8,d61cf7436
q616a0ef2,d616606d6
q616a0ef2,d61d42c2e
q616a0ef2,d61db3a78
q616a0ef2,d61d6f954
q616a0ef2,d61d694fa
q616a0ef2,d61d558ce
q616a0ef2,d61d59366
q616a0ef2,d61d5d6fa
q616a0ef2,d6165b4a6
q616a0ef2,d61dc75d2
q6166f730,d61658206
q6166f730,d61cf6266
q6166f730,d61ddcb30
q6166f730,d61d71a42
q6166f730,d61cf2e2c
q6166f730,d61cf3e12
q6166f730,d61d30128
q6166f730,d61db1dc2
q6166f730,d61d6206a
q6166f730,d61664c72
q6166f5c8,d6166f622
q6166f5c8,d61dd8ca6
q6166f5c8,d61db5b20
q6166f5c8,d61cf9254
q6166f5c8,d61d2f4b2
q6166f5c8,d61ea5706
q6166f5c8,d61d72460
q6166f5c8,d61cff780
q6166f5c8,d61da00ae
q6166f5c8,d61d3791e
q61692f6e,d6167e6f4
q61692f6e,d61d29396
q61692f6e,d61d3bc4e
q61692f6e,d61d93da4
q61692f6e,d61d306a0
q61692f6e,d61d790ee
q61692f6e,d61d8d47c
q61692f6e,d61659ab6
q61692f6e,d61e59234
q61692f6e,d61e8d5d4
q61672b88,d61d72b2c
q61672b88,d61cf06f4
q61672b88,d61d74580
q61672b88,d61eacd80
q61672b88,d61cfd8cc
q61672b88,d61d3110e
q61672b88,d61e9960e
q61672b88,d61d4611c
q61672b88,d61da3c36
q61672b88,d61d36a1e
q616736fa,d61d912b6
q616736fa,d61cf422c
q616736fa,d61d60d0a
q616736fa,d61e4126a
q616736fa,d61e0849c
q616736fa,d61d4dd2c
q616736fa,d61d72a64
q616736fa,d61e4d326
q616736fa,d61d6f85a
q616736fa,d61d3b0f0
q6167f32e,d61d7b18c
q6167f32e,d61d08894
q6167f32e,d61de91d2
q6167f32e,d61e70204
q6167f32e,d616619d2
q6167f32e,d61dbfb7a
q6167f32e,d6167c228
q6167f32e,d61d5dccc
q6167f32e,d61d5d3da
q6167f32e,d61e61740
q6167642c,d61d78dce
q6167642c,d61d9e4f2
q6167642c,d61d449de
q6167642c,d616536fc
q6167642c,d61cf992a
q6167642c,d61d33e0e
q6167642c,d61d8f038
q6167642c,d61d7f200
q6167642c,d61dd96ba
q6167642c,d61d5e190
q61667e90,d616644ac
q61667e90,d61e4096e
q61667e90,d61cf3cfa
q61667e90,d61dd38aa
q61667e90,d61e5e6c6
q61667e90,d61dfd22c
q61667e90,d61e8ecea
q61667e90,d61ded264
q61667e90,d6165737e
q61667e90,d61db1430
q6165539e,d616553ee
q6165539e,d61d80042
q6165539e,d61d7e7c4
q6165539e,d61d3982c
q6165539e,d61d58538
q6165539e,d61de6ac2
q6165539e,d61d8d38c
q6165539e,d61d9e948
q6165539e,d616540de
q6165539e,d61d8aff6
q6164fd5e,d6164fd9a
q6164fd5e,d61dcf962
q6164fd5e,d6165b23a
q6164fd5e,d6167248a
q6164fd5e,d61d47bca
q6164fd5e,d61d08b64
q6164fd5e,d61dd0fc4
q6164fd5e,d61ceeec6
q6164fd5e,d61d2b934
q6164fd5e,d61dad09c
q616531f2,d61cfe97a
q616531f2,d61de7a4e
q616531f2,d61da0ff4
q616531f2,d61e4a4be
q616531f2,d616520ea
q616531f2,d61d5dccc
q616531f2,d61e70204
q616531f2,d61d87eb4
q616531f2,d61db9f7c
q616531f2,d61cff67c
q616a2068,d61d6206a
q616a2068,d61d74e9a
q616a2068,d61d7d482
q616a2068,d61680d6e
q616a2068,d61d7d1c6
q616a2068,d61dcf962
q616a2068,d61d2b934
q616a2068,d61d3f8bc
q616a2068,d61d47bca
q616a2068,d6167248a
q6169567e,d61d2d1f8
q6169567e,d61663dfe
q6169567e,d61dd2928
q6169567e,d61dbcee8
q6169567e,d61da347a
q6169567e,d61e1274e
q6169567e,d6167f266
q6169567e,d61dbe464
q6169567e,d61d36690
q6169567e,d61d97652
q61664fc4,d61dc28c0
q61664fc4,d61d7ceec
q61664fc4,d61d4760c
q61664fc4,d61d0febe
q61664fc4,d61d4b2e8
q61664fc4,d61d876bc
q61664fc4,d61d868d4
q61664fc4,d6166500a
q61664fc4,d6165137a
q61664fc4,d61d43804
q616aafc4,d61d7c244
q616aafc4,d61d4e56a
q616aafc4,d61cfdf8e
q616aafc4,d61d80a38
q616aafc4,d61d6fa1c
q616aafc4,d6168e4f0
q616aafc4,d6165c25c
q616aafc4,d61d59e6a
q616aafc4,d61e26406
q616aafc4,d61d40c94
q616ad26a,d61657de2
q616ad26a,d61d95abe
q616ad26a,d61db50da
q616ad26a,d61dd38aa
q616ad26a,d61dc381a
q616ad26a,d61e278ec
q616ad26a,d6165d030
q616ad26a,d61d59564
q616ad26a,d61dfd22c
q616ad26a,d61da7bb0
q6166021c,d6165725c
q6166021c,d6165899a
q6166021c,d61d88ad0
q6166021c,d61d7ee36
q6166021c,d61d5ee56
q6166021c,d61d8fb0a
q6166021c,d61d52c32
q6166021c,d61d73522
q6166021c,d61d6585a
q6166021c,d61cffd7a
q616a917e,d616749e2
q616a917e,d61e4d326
q616a917e,d61d5e5f0
q616a917e,d61df4dc0
q616a917e,d61659f02
q616a917e,d6166d174
q616a917e,d61e61402
q616a917e,d61d917c0
q616a917e,d61e15df4
q616a917e,d61d938f4
q61672a5c,d61663dfe
q61672a5c,d6165f5ec
q61672a5c,d61d9aa64
q61672a5c,d61d8452a
q61672a5c,d61dd2928
q61672a5c,d61dc9a3a
q61672a5c,d61d96a0e
q61672a5c,d61660a50
q61672a5c,d61d3745a
q61672a5c,d61e2c9a0
q616600e6,d61cfbc98
q616600e6,d61d8d170
q616600e6,d61df7552
q616600e6,d61cf03f2
q616600e6,d61d57764
q616600e6,d61d0b3fa
q616600e6,d61d59e6a
q616600e6,d61d8a452
q616600e6,d6165c25c
q616600e6,d61d6fa1c
q61686f2a,d6165bf50
q61686f2a,d61d4e56a
q61686f2a,d61d8d170
q61686f2a,d61def08c
q61686f2a,d6168cff6
q61686f2a,d61d35808
q61686f2a,d61d7ab2e
q61686f2a,d61e0eb26
q61686f2a,d61d80a38
q61686f2a,d61d5393e
q6169b92a,d6167e6f4
q6169b92a,d61dd0af6
q6169b92a,d61d790ee
q6169b92a,d61d972f6
q6169b92a,d61659ab6
q6169b92a,d61d35236
q6169b92a,d61d39b42
q6169b92a,d61e044e6
q6169b92a,d61d02d2c
q6169b92a,d61d43ad4
q6165cfd6,d61e4096e
q6165cfd6,d61cf3cfa
q6165cfd6,d6165d030
q6165cfd6,d61dd38aa
q6165cfd6,d61db5b20
q6165cfd6,d61d568a0
q6165cfd6,d61db50da
q6165cfd6,d61d0a518
q6165cfd6,d61d57b2e
q6165cfd6,d61db8ea6
q616aaa4c,d6168b11a
q616aaa4c,d61e5a97c
q616aaa4c,d61e09ba8
q616aaa4c,d61cff780
q616aaa4c,d61db1430
q616aaa4c,d61da00ae
q616aaa4c,d61e1c4f6
q616aaa4c,d61664b46
q616aaa4c,d61d6f3fa
q616aaa4c,d61d3ea0c
q61688a00,d61cfc2a6
q61688a00,d61656a32
q61688a00,d61d5fa86
q61688a00,d61cf6144
q61688a00,d61d08a74
q61688a00,d61d535b0
q61688a00,d61d4f438
q61688a00,d61d66836
q61688a00,d61d4021c
q61688a00,d61cfe4ac
q61686ba6,d61d61016
q61686ba6,d61e1779e
q61686ba6,d61d73522
q61686ba6,d61665db6
q61686ba6,d61d57b2e
q61686ba6,d61d7ceec
q61686ba6,d61d9c210
q61686ba6,d61e2511e
q61686ba6,d61d4c026
q61686ba6,d61d568a0
q616994d6,d61d71fb0
q616994d6,d61d8452a
q616994d6,d61d698f6
q616994d6,d61d314d8
q616994d6,d61cf32dc
q616994d6,d61d82914
q616994d6,d61651dca
q616994d6,d61660dfc
q616994d6,d61d6a058
q616994d6,d61d73a36
q61669222,d6166224c
q61669222,d61e090ea
q61669222,d61d0c6ec
q61669222,d61652ad6
q61669222,d61e1073c
q61669222,d61dd53bc
q61669222,d61df306a
q61669222,d61cf84b2
q61669222,d61d371bc
q61669222,d61da827c
q6165ec14,d6165ec6e
q6165ec14,d61d32ca2
q6165ec14,d61d7ee36
q6165ec14,d61d77df2
q6165ec14,d61dcf0d4
q6165ec14,d61d02142
q6165ec14,d61d65f8a
q6165ec14,d61d91928
q6165ec14,d61dbaf26
q6165ec14,d61cfac4e
q61692e88,d6167f63a
q61692e88,d61d2b844
q61692e88,d61d40b5e
q61692e88,d61deb0b8
q61692e88,d61db210a
q61692e88,d61d8b8d4
q61692e88,d61cf274c
q61692e88,d61d38a94
q61692e88,d61d68e42
q61692e88,d61d40316
q61659110,d61dc5a8e
q61659110,d61d2d068
q61659110,d61daf306
q61659110,d6168ddf2
q61659110,d616500ec
q61659110,d61d64676
q61659110,d61d644e6
q61659110,d61d6af30
q61659110,d61d4dc50
q61659110,d61d958a2
q6166203a,d61668eda
q6166203a,d61d3ea0c
q6166203a,d61657de2
q6166203a,d6169ca1e
q6166203a,d6165bc6c
q6166203a,d61dc22d0
q6166203a,d61662094
q6166203a,d616644ac
q6166203a,d61d89354
q6166203a,d61d6f3fa
q616ac450,d61674046
q616ac450,d61d6ecc0
q616ac450,d61d88490
q616ac450,d61e2557e
q616ac450,d61650524
q616ac450,d61e28986
q616ac450,d61e8b0ea
q616ac450,d61e32e2c
q616ac450,d61e89f24
q616ac450,d61d8c77a
q616678dc,d61693946
q616678dc,d61d5e50a
q616678dc,d61660a50
q616678dc,d61d29cb0
q616678dc,d61cf9092
q616678dc,d61670572
q616678dc,d61d3745a
q616678dc,d61d147ca
q616678dc,d61d10d5a
q616678dc,d61d934f8
q616a4da4,d61d52c32
q616a4da4,d61cffd7a
q616a4da4,d61655132
q616a4da4,d61d7ea58
q616a4da4,d61d610de
q616a4da4,d6166c440
q616a4da4,d61d30484
q616a4da4,d61699ada
q616a4da4,d61e01bc4
q616a4da4,d61653f9e
q616a7bee,d61dfd22c
q616a7bee,d616644ac
q616a7bee,d61d95abe
q616a7bee,d61657de2
q616a7bee,d61e278ec
q616a7bee,d61e8ecea
q616a7bee,d61dab116
q616a7bee,d61d44d30
q616a7bee,d6165737e
q616a7bee,d61e0f3e6
q616560fa,d61cf29b8
q616560fa,d61db15ca
q616560fa,d61656168
q616560fa,d61daf306
q616560fa,d61db1430
q616560fa,d61d5da60
q616560fa,d61d8a452
q616560fa,d61d45d84
q616560fa,d61d2b63c
q616560fa,d61d4aac8
q61661bda,d616580b2
q61661bda,d616530f8
q61661bda,d61dd95ca
q61661bda,d61d37c2a
q61661bda,d61d7a070
q61661bda,d61d32252
q61661bda,d61dbe0b8
q61661bda,d61d4eba0
q61661bda,d61d7c7b2
q61661bda,d61dda236
q6168fb34,d61daf306
q6168fb34,d61672692
q6168fb34,d61d36690
q6168fb34,d6165a6dc
q6168fb34,d61dbcee8
q6168fb34,d61dc5a8e
q6168fb34,d61d2d068
q6168fb34,d61e8325a
q6168fb34,d61da1fb2
q6168fb34,d61650b5a
q616a6afa,d6165a8e4
q616a6afa,d61daf306
q616a6afa,d61d4e56a
q616a6afa,d61da7642
q616a6afa,d6165bf50
q616a6afa,d61cf75ee
q616a6afa,d61db19bc
q616a6afa,d61d65f8a
q616a6afa,d61d697d4
q616a6afa,d61659c0a
q61697654,d61672692
q61697654,d61e0eb26
q61697654,d6165a6dc
q61697654,d6168cff6
q61697654,d61d8d170
q61697654,d61d4ac62
q61697654,d61d33148
q61697654,d61d2a4bc
q61697654,d61cf66d0
q61697654,d61e459c8
q6166ee7a,d61d8ed2c
q6166ee7a,d61cfb52c
q6166ee7a,d61dc5502
q6166ee7a,d61d04a82
q6166ee7a,d61cfbd9c
q6166ee7a,d61d99740
q6166ee7a,d61d5016c
q6166ee7a,d61cf062c
q6166ee7a,d61dab738
q6166ee7a,d61d89462
q6167068a,d61650b5a
q6167068a,d61dbcee8
q6167068a,d61d46a22
q6167068a,d61d36690
q6167068a,d61d625ba
q6167068a,d61d697d4
q6167068a,d61d96612
q6167068a,d6166bf90
q6167068a,d61d44e02
q6167068a,d61db7402
q616625bc,d6166b856
q616625bc,d61d553b0
q616625bc,d61db74fc
q616625bc,d61d5c0c0
q616625bc,d61d6f954
q616625bc,d61d6a9fe
q616625bc,d61d3acd6
q616625bc,d61d694fa
q616625bc,d61d4f8ca
q616625bc,d61d67272
q616a6ec4,d61d54bcc
q616a6ec4,d61d0d5ce
q616a6ec4,d61d7850e
q616a6ec4,d61d9ec0e
q616a6ec4,d61664b46
q616a6ec4,d61db5b20
q616a6ec4,d61d2f5ac
q616a6ec4,d61daffcc
q616a6ec4,d61d3ea0c
q616a6ec4,d61da1292
q616615b8,d61ea1048
q616615b8,d61d84b92
q616615b8,d61656776
q616615b8,d61dafb08
q616615b8,d61d911da
q616615b8,d61dcf67e
q616615b8,d61de70da
q616615b8,d616831c2
q616615b8,d61d47e04
q616615b8,d61d43ed0
q61697442,d61d037e0
q61697442,d616857ce
q61697442,d61d4677a
q61697442,d61d2ba6a
q61697442,d61d76bf0
q61697442,d61d9ca94
q61697442,d6166f3e8
q61697442,d61d60dfa
q61697442,d61d86a82
q61697442,d61dd2dec
q61670e46,d61655132
q61670e46,d61d13cb2
q61670e46,d61d67d6c
q61670e46,d61d61016
q61670e46,d61d2d1f8
q61670e46,d61d97652
q61670e46,d61d73522
q61670e46,d61670d60
q61670e46,d61d80042
q61670e46,d61d670c4
q616a31c0,d61693946
q616a31c0,d61d29cb0
q616a31c0,d61d934f8
q616a31c0,d61651dca
q616a31c0,d61cf9092
q616a31c0,d61d48ffc
q616a31c0,d61670572
q616a31c0,d61e859a6
q616a31c0,d616521f8
q616a31c0,d61d4e1be
q6169f264,d61d912b6
q6169f264,d61d91aea
q6169f264,d61d790ee
q6169f264,d616568ac
q6169f264,d61659ab6
q6169f264,d61e0849c
q6169f264,d61d60d0a
q6169f264,d61d02d2c
q6169f264,d61e1304a
q6169f264,d61e46404
q61689018,d61671260
q61689018,d61d34912
q61689018,d61d321b2
q61689018,d61deb0b8
q61689018,d61dc28c0
q61689018,d61e0ef9a
q61689018,d61d04a82
q61689018,d61d317a8
q61689018,d61dbb854
q61689018,d61e46404
q6168f2ec,d61655132
q6168f2ec,d61d0be54
q6168f2ec,d61cfa56e
q6168f2ec,d61d73522
q6168f2ec,d61d431c4
q6168f2ec,d61e2511e
q6168f2ec,d61cfb702
q6168f2ec,d61d31a5a
q6168f2ec,d61d30204
q6168f2ec,d61dd6406
q61682600,d61d78dce
q61682600,d616536fc
q61682600,d61dde494
q61682600,d61d8f038
q61682600,d61d36488
q61682600,d61d35fe2
q61682600,d61d449de
q61682600,d61dabc6a
q61682600,d61d2efa8
q61682600,d6166d2b4
q6165b1fe,d61d519cc
q6165b1fe,d6164fd9a
q6165b1fe,d61ceeec6
q6165b1fe,d61db7fce
q6165b1fe,d61d08b64
q6165b1fe,d6165b23a
q6165b1fe,d6165e9e4
q6165b1fe,d61e61de4
q6165b1fe,d61dad09c
q6165b1fe,d61dd0fc4
q616ab852,d61d64676
q616ab852,d61d2d068
q616ab852,d61d697d4
q616ab852,d61d625ba
q616ab852,d6165d666
q616ab852,d61d3f290
q616ab852,d6166bf90
q616ab852,d61d46a22
q616ab852,d61ddcefa
q616ab852,d61d575fc
q6169a3fe,d616760d0
q6169a3fe,d61d7e53a
q6169a3fe,d61dfd952
q6169a3fe,d61dc5962
q6169a3fe,d61e502a6
q6169a3fe,d61dbe1a8
q6169a3fe,d61d938f4
q6169a3fe,d61db9d38
q6169a3fe,d61d5bfb2
q6169a3fe,d61cf1f0e
q616989aa,d61667a3a
q616989aa,d61d8301c
q616989aa,d61d0982a
q616989aa,d61d74c7e
q616989aa,d61d58538
q616989aa,d61ea01a2
q616989aa,d61d65936
q616989aa,d61d323a6
q616989aa,d61d48642
q616989aa,d61d514f4
q6168ff6c,d61daf306
q6168ff6c,d61d36690
q6168ff6c,d61672692
q6168ff6c,d61dbcee8
q6168ff6c,d61d774a6
q6168ff6c,d61d6b9f8
q6168ff6c,d6165a6dc
q6168ff6c,d61d6c308
q6168ff6c,d61dc5a8e
q6168ff6c,d61d2d068
q61687966,d6167c228
q61687966,d61d46a22
q61687966,d61dbd2a8
q61687966,d61db3b22
q61687966,d61cfe97a
q61687966,d61ded7dc
q61687966,d6165d148
q61687966,d61d96612
q61687966,d61e0c6a0
q61687966,d61d5eb54
q61694850,d61653f9e
q61694850,d61d57a48
q61694850,d61e15df4
q61694850,d61de2d1e
q61694850,d6167331c
q61694850,d61e25042
q61694850,d61d370c2
q61694850,d61d449de
q61694850,d61dd2108
q61694850,d61d559c8
q6168e6c6,d61e243f4
q6168e6c6,d61d86cc6
q6168e6c6,d61d74a4e
q6168e6c6,d61665ec4
q6168e6c6,d61d37392
q6168e6c6,d61d70a84
q6168e6c6,d6166186a
q6168e6c6,d61de35a2
q6168e6c6,d616830c8
q6168e6c6,d61d4c666
q6169b466,d61d4a7d0
q6169b466,d61ea1048
q6169b466,d61da347a
q6169b466,d6165525e
q6169b466,d61663dfe
q6169b466,d61dd2928
q6169b466,d6167f266
q6169b466,d61de1ed2
q6169b466,d61cfff00
q6169b466,d61e1274e
q61695552,d61d0d420
q61695552,d6168ecb6
q61695552,d61d3adee
q61695552,d61d359ca
q61695552,d61d3da3a
q61695552,d61cef27c
q61695552,d61db45ea
q61695552,d61d717fe
q61695552,d61d96824
q61695552,d61d72640
q61688b68,d61671120
q61688b68,d61d7a6b0
q61688b68,d61d4b518
q61688b68,d61d02246
q61688b68,d61cf33e0
q61688b68,d61655bb4
q61688b68,d61d298aa
q61688b68,d61d3638e
q61688b68,d61df3970
q61688b68,d61e930d8
q6165b0c8,d6165b10e
q6165b0c8,d61dec6f2
q6165b0c8,d616547b4
q6165b0c8,d61d2d3d8
q6165b0c8,d61d514f4
q6165b0c8,d61d6fcba
q6165b0c8,d61da7804
q6165b0c8,d61d74c7e
q6165b0c8,d61d44f60
q6165b0c8,d61d8cb12
q6165520e,d6165525e
q6165520e,d61de70da
q6165520e,d6167bf94
q6165520e,d61d3c7b6
q6165520e,d61d80632
q6165520e,d61d43ed0
q6165520e,d616831c2
q6165520e,d61d9aa64
q6165520e,d61d346ec
q6165520e,d61d317a8
q61694bca,d61de7012
q61694bca,d6167a2a2
q61694bca,d61d42a12
q61694bca,d6165fd12
q61694bca,d61da4bae
q61694bca,d61d33328
q61694bca,d61cff1ae
q61694bca,d6166af5a
q61694bca,d61666450
q61694bca,d616673dc
q61693a36,d61680d6e
q61693a36,d61d67d6c
q61693a36,d6165d7a6
q61693a36,d61d9e4f2
q61693a36,d61d4be0a
q61693a36,d61ceeec6
q61693a36,d61dad09c
q61693a36,d61d3a394
q61693a36,d61d9e858
q61693a36,d61d58ce0
q616607c6,d61d04a82
q616607c6,d61d66cf0
q616607c6,d61d127fe
q616607c6,d61d7f200
q616607c6,d61d5016c
q616607c6,d61d2e1b6
q616607c6,d61d4ead8
q616607c6,d61d3e3e0
q616607c6,d61dd96ba
q616607c6,d61d4edda
q61670428,d61d2b362
q61670428,d61cfc666
q61670428,d61d323a6
q61670428,d61cf268e
q61670428,d61d84e08
q61670428,d61eac56a
q61670428,d61d8052e
q61670428,d61daf63a
q61670428,d6165bd5c
q61670428,d61cf706c
q61699a76,d61699ada
q61699a76,d61cf35de
q61699a76,d61e01bc4
q61699a76,d61d610de
q61699a76,d61e12f50
q61699a76,d61d316ae
q61699a76,d61cf713e
q61699a76,d61d40140
q61699a76,d61671eea
q61699a76,d61d9c7c4
q616938f6,d61652ff4
q616938f6,d61cefdb2
q616938f6,d6168290c
q616938f6,d61d7afd4
q616938f6,d61d55054
q616938f6,d61dd4f20
q616938f6,d61654976
q616938f6,d61d6cc68
q616938f6,d61cfb86a
q616938f6,d61d98098
q61668142,d61e3e772
q61668142,d61d0e8ca
q61668142,d61df73fe
q61668142,d61d3fae2
q61668142,d61db3a78
q61668142,d61dc620e
q61668142,d61d552ac
q61668142,d61d3d706
q61668142,d6167bf94
q61668142,d61cf706c
q616817fa,d61dc85a4
q616817fa,d61d49a42
q616817fa,d61d83120
q616817fa,d616673dc
q616817fa,d61de7012
q616817fa,d61d41568
q616817fa,d616515c8
q616817fa,d6165fd12
q616817fa,d61d4eba0
q616817fa,d61e17f1e
q6168193a,d61d4c512
q6168193a,d61d1b868
q6168193a,d61cf274c
q6168193a,d61d196b2
q6168193a,d61d61200
q6168193a,d61d30808
q6168193a,d61d46ff4
q6168193a,d61656168
q6168193a,d61d3fd94
q6168193a,d61d80e70
q6167abbc,d61d4eba0
q6167abbc,d61dd95ca
q6167abbc,d61d36df2
q6167abbc,d6165725c
q6167abbc,d61cfff00
q6167abbc,d6165899a
q6167abbc,d616530f8
q6167abbc,d61db4464
q6167abbc,d61de208a
q6167abbc,d61d8fb0a
q6168bb1a,d61651bfe
q6168bb1a,d61d757aa
q6168bb1a,d61d31334
q6168bb1a,d61cf9092
q6168bb1a,d61d4bf2c
q6168bb1a,d61d4def8
q6168bb1a,d61d934f8
q6168bb1a,d61d68c62
q6168bb1a,d61d96a0e
q6168bb1a,d61cf2300
q61690f8e,d61d37392
q61690f8e,d61e83a7a
q61690f8e,d61d96c3e
q61690f8e,d61e243f4
q61690f8e,d61decdc8
q61690f8e,d61d4a992
q61690f8e,d616530f8
q61690f8e,d61663980
q61690f8e,d61d40ed8
q61690f8e,d61dd8274
q61652e1e,d61652ea0
q61652e1e,d61d4f5d2
q61652e1e,d61d2d9fa
q61652e1e,d61dfd4ac
q61652e1e,d6166655e
q61652e1e,d61693414
q61652e1e,d61d34b56
q61652e1e,d61db88f2
q61652e1e,d61e090ea
q61652e1e,d61d4951a
q6168b9bc,d61e1a4a8
q6168b9bc,d61d671a0
q6168b9bc,d6168ba0c
q6168b9bc,d61d5de84
q6168b9bc,d6166288c
q6168b9bc,d61d3a2a4
q6168b9bc,d61cf06f4
q6168b9bc,d61d99916
q6168b9bc,d61d78388
q6168b9bc,d61d9569a
q616992ce,d61d60f58
q616992ce,d61d7d482
q616992ce,d6165ba6e
q616992ce,d61658b70
q616992ce,d61d2dfd6
q616992ce,d61e171fe
q616992ce,d61d4b1b2
q616992ce,d61d4f05a
q616992ce,d61d08574
q616992ce,d61ddb9f6
q6169589a,d61d82e0a
q6169589a,d61d3f7a4
q6169589a,d61e426ce
q6169589a,d61dcf764
q6169589a,d61d00bbc
q6169589a,d6168ea86
q6169589a,d61d3c6a8
q6169589a,d61db15ca
q6169589a,d616596b0
q6169589a,d61d575fc
q616604ec,d61654fe8
q616604ec,d61d4c300
q616604ec,d61d3b87a
q616604ec,d61d2d2d4
q616604ec,d61da59e6
q616604ec,d61ded7dc
q616604ec,d61d958a2
q616604ec,d61d4733c
q616604ec,d61d927c4
q616604ec,d61d7b362
q61699fb2,d6169a002
q61699fb2,d61d575fc
q61699fb2,d61d9569a
q61699fb2,d61d64676
q61699fb2,d61d44538
q61699fb2,d61e424b2
q61699fb2,d6166bf90
q61699fb2,d61d3f290
q61699fb2,d61d02c50
q61699fb2,d61d5c76e
q6166bf4a,d6166bf90
q6166bf4a,d61cf6f72
q6166bf4a,d61d2d068
q6166bf4a,d61d64676
q6166bf4a,d61d44e02
q6166bf4a,d61dbcee8
q6166bf4a,d61d84782
q6166bf4a,d61d84b92
q6166bf4a,d61d575fc
q6166bf4a,d61d91626
q616a93ae,d6168b11a
q616a93ae,d6165241e
q616a93ae,d61e09ba8
q616a93ae,d61d610de
q616a93ae,d61d55054
q616a93ae,d61656a32
q616a93ae,d61dd8274
q616a93ae,d61d8335a
q616a93ae,d61d567a6
q616a93ae,d6165bc6c
q6167a0b8,d61d41d7e
q6167a0b8,d61de2d1e
q6167a0b8,d6165996c
q6167a0b8,d61d7b95c
q6167a0b8,d61e42c3c
q6167a0b8,d61d4021c
q6167a0b8,d61d2a016
q6167a0b8,d61d6bbe2
q6167a0b8,d61d8614a
q6167a0b8,d61cf249a
q6166dfac,d61cf1f0e
q6166dfac,d61d2b092
q6166dfac,d61d04a82
q6166dfac,d61d90d8e
q6166dfac,d61d73522
q6166dfac,d61dab116
q6166dfac,d61d195d6
q6166dfac,d61dd6dca
q6166dfac,d61daffcc
q6166dfac,d61d9e4f2
q6169e8fa,d61d4e9d4
q6169e8fa,d61d512ba
q6169e8fa,d61d71060
q6169e8fa,d61d78a0e
q6169e8fa,d61e4dcae
q6169e8fa,d61ea5e18
q6169e8fa,d61dbde7e
q6169e8fa,d61cf280a
q6169e8fa,d61670220
q6169e8fa,d61d3be60
q616906e2,d61d9bf22
q616906e2,d61cfaab4
q616906e2,d61d3a81c
q616906e2,d6166fae6
q616906e2,d61cf0de8
q616906e2,d6165628a
q616906e2,d61d3dee0
q616906e2,d61d72b2c
q616906e2,d61e7f7e0
q616906e2,d61656bae
q616a44a8,d61cefb6e
q616a44a8,d61cfbc98
q616a44a8,d61664696
q616a44a8,d6167deca
q616a44a8,d6165c25c
q616a44a8,d61d3c23e
q616a44a8,d61db31a4
q616a44a8,d61dd8b8e
q616a44a8,d61d0b3fa
q616a44a8,d6165a6dc
q61665bfe,d61d8c77a
q61665bfe,d61693414
q61665bfe,d61dbe464
q61665bfe,d6166655e
q61665bfe,d61dfd4ac
q61665bfe,d61d2a322
q61665bfe,d61d43548
q61665bfe,d61d5dd9e
q61665bfe,d61d61016
q61665bfe,d61dddbc0
q616a2770,d61dad808
q616a2770,d61d9f550
q616a2770,d61d53af6
q616a2770,d61d67c54
q616a2770,d61dcf764
q616a2770,d61661aea
q616a2770,d61d8f754
q616a2770,d61d3763a
q616a2770,d61d43dcc
q616a2770,d6166479a
q616a2f2c,d61668516
q616a2f2c,d61d370c2
q616a2f2c,d61d67c54
q616a2f2c,d61dcce42
q616a2f2c,d61d49f2e
q616a2f2c,d61dcf764
q616a2f2c,d6167bf94
q616a2f2c,d61d1579c
q616a2f2c,d61d68e42
q616a2f2c,d61d40316
q61661e96,d61cf1f0e
q61661e96,d61d2b092
q61661e96,d61d90d8e
q61661e96,d61d73522
q61661e96,d61d6169c
q61661e96,d61dd6dca
q61661e96,d61d195d6
q61661e96,d61dab116
q61661e96,d61daffcc
q61661e96,d61e502a6
q61671fa8,d61d64676
q61671fa8,d61d46a22
q61671fa8,d61ddcefa
q61671fa8,d6165d666
q61671fa8,d61d958a2
q61671fa8,d61d6c308
q61671fa8,d61d697d4
q61671fa8,d61dc5a8e
q61671fa8,d61d7258c
q61671fa8,d61dc122c
q6166e240,d6166e29a
q6166e240,d61d532d6
q6166e240,d61d36c1c
q6166e240,d61d32004
q6166e240,d61cf177a
q6166e240,d61d62222
q6166e240,d61d03074
q6166e240,d61d4baae
q6166e240,d61e0b32c
q6166e240,d61d43908
q616a5e2a,d61cf04ec
q616a5e2a,d61df903c
q616a5e2a,d61d91626
q616a5e2a,d61d958a2
q616a5e2a,d61de523a
q616a5e2a,d6168ddf2
q616a5e2a,d61d4a8c0
q616a5e2a,d61e1fbce
q616a5e2a,d61e46404
q616a5e2a,d61dbd2a8
q616ab1ea,d6167743a
q616ab1ea,d61d6ecc0
q616ab1ea,d61cf31f6
q616ab1ea,d61e28986
q616ab1ea,d61e33dd6
q616ab1ea,d61d2e828
q616ab1ea,d61e2557e
q616ab1ea,d61d431c4
q616ab1ea,d61d2f5ac
q616ab1ea,d61d568a0
q6169ab10,d61d938f4
q6169ab10,d61d4611c
q6169ab10,d61d7a6b0
q6169ab10,d61db6b9c
q6169ab10,d61d02246
q6169ab10,d61cf33e0
q6169ab10,d61d3b794
q6169ab10,d61da6350
q6169ab10,d61d74580
q6169ab10,d61d6d3fc
q61696d26,d61cfe5b0
q61696d26,d61d84b92
q61696d26,d61d4c300
q61696d26,d61d40c94
q61696d26,d6168ddf2
q61696d26,d61dde570
q61696d26,d61d958a2
q61696d26,d61d64676
q61696d26,d61d625ba
q61696d26,d61d87d74
q61693e3c,d61cefb6e
q61693e3c,d61e1e9a4
q61693e3c,d61d9aa64
q61693e3c,d61d40c94
q61693e3c,d61cf66d0
q61693e3c,d61e26406
q61693e3c,d61e94136
q61693e3c,d61d046b8
q61693e3c,d61d3c23e
q61693e3c,d61db31a4
q6168dfbe,d61669894
q6168dfbe,d61d3f7a4
q6168dfbe,d61d53ec0
q6168dfbe,d61dd5cc2
q6168dfbe,d61d4aac8
q6168dfbe,d6165e052
q6168dfbe,d61d52408
q6168dfbe,d6166751c
q6168dfbe,d61d0e154
q6168dfbe,d61d3ac0e
q6167fb62,d61d80e70
q6167fb62,d61d48d04
q6167fb62,d61dd0420
q6167fb62,d616545fc
q6167fb62,d61dc26ae
q6167fb62,d61e0f3e6
q6167fb62,d61e1c7da
q6167fb62,d6167fbbc
q6167fb62,d61d18adc
q6167fb62,d61d38c60
q61696a1a,d61655808
q61696a1a,d6165fd12
q61696a1a,d61dad808
q61696a1a,d61d2dd92
q61696a1a,d61d50a4a
q61696a1a,d61d76d1c
q61696a1a,d61da8696
q61696a1a,d61d4afa0
q61696a1a,d61d0fae0
q61696a1a,d6165943a
q61687312,d61d72460
q61687312,d61d53af6
q61687312,d61669894
q61687312,d61cf20f8
q61687312,d61661aea
q61687312,d61d8f754
q61687312,d61d7b286
q61687312,d61d43dcc
q61687312,d61673dee
q61687312,d61dcf764
q61694a80,d61671260
q61694a80,d61d34912
q61694a80,d61e25042
q61694a80,d61dbe464
q61694a80,d61dce62a
q61694a80,d61d62a42
q61694a80,d61d8b532
q61694a80,d61df14fe
q61694a80,d61d127fe
q61694a80,d61d14e5a
q61672796,d61d566ca
q61672796,d61d7381a
q61672796,d6165b8c0
q61672796,d61d3772a
q61672796,d61d06940
q61672796,d61d4e9d4
q61672796,d61dc6952
q61672796,d61e39a9c
q61672796,d61654d5e
q61672796,d61d78a0e
q61672e9e,d61672ef8
q61672e9e,d61da1fb2
q61672e9e,d6166bc7a
q61672e9e,d61dd5cc2
q61672e9e,d61d4aac8
q61672e9e,d61ddcefa
q61672e9e,d61d44f60
q61672e9e,d61d6f710
q61672e9e,d61dba0d0
q61672e9e,d61d7cb40
q61660b22,d61d6a7c4
q61660b22,d61660b72
q61660b22,d61de8778
q61660b22,d61db1ea8
q61660b22,d61df2a0c
q61660b22,d61db89ce
q61660b22,d61d9c364
q61660b22,d61d99bdc
q61660b22,d616556b4
q61660b22,d61dd138e
q61669844,d61cf20f8
q61669844,d61669894
q61669844,d61d5928a
q61669844,d61dcf764
q61669844,d61d69f5e
q61669844,d61d67c54
q61669844,d61d852b8
q61669844,d61d72460
q61669844,d61d33f26
q61669844,d61661aea
q6166f14a,d6165bf50
q6166f14a,d61db72fe
q6166f14a,d61d3482c
q6166f14a,d61d4e56a
q6166f14a,d61d80a38
q6166f14a,d61d562b0
q6166f14a,d61d74ff8
q6166f14a,d61d53c40
q6166f14a,d61df717e
q6166f14a,d61d63e10
q61660c58,d61cf1662
q61660c58,d6165e656
q61660c58,d61cf1a9a
q61660c58,d61dc1132
q61660c58,d61dd6dca
q61660c58,d61ea5706
q61660c58,d61cfebe6
q61660c58,d61d9acf8
q61660c58,d61d36f28
q61660c58,d61d5a950
q6169d072,d61ceeec6
q6169d072,d61dad09c
q6169d072,d61d52232
q6169d072,d61d71a42
q6169d072,d61d91540
q6169d072,d61d6206a
q6169d072,d61d3a394
q6169d072,d6165b23a
q6169d072,d61e61de4
q6169d072,d61da21e2
q6168d550,d61d47418
q6168d550,d6166125c
q6168d550,d616583e6
q6168d550,d61d45fbe
q6168d550,d61d4c878
q6168d550,d61d4be0a
q6168d550,d6165b4a6
q6168d550,d61d639a6
q6168d550,d61d75494
q6168d550,d61d77596
q6168cd6c,d6166f87a
q6168cd6c,d61d4fcb2
q6168cd6c,d61de3480
q6168cd6c,d6166041a
q6168cd6c,d61d5b4b8
q6168cd6c,d61d79a9e
q6168cd6c,d61d5d6fa
q6168cd6c,d61d553b0
q6168cd6c,d61d5c0c0
q6168cd6c,d61d522fa
q6165eaa2,d61d8b8d4
q6165eaa2,d6165eaf2
q6165eaa2,d61d4e646
q6165eaa2,d61e25042
q6165eaa2,d61d6b9f8
q6165eaa2,d61deb0b8
q6165eaa2,d61e91d5a
q6165eaa2,d61ddc3a6
q6165eaa2,d61d45aaa
q6165eaa2,d61d127fe
q6169c1b8,d61d30204
q6169c1b8,d61d6c556
q6169c1b8,d61e1ca96
q6169c1b8,d61d39c46
q6169c1b8,d61d4e7c2
q6169c1b8,d616760d0
q6169c1b8,d61cf280a
q6169c1b8,d61dbde7e
q6169c1b8,d61ea5e18
q6169c1b8,d61d512ba
q6165a484,d61d4f8ca
q6165a484,d61d039b6
q6165a484,d61d7d2b6
q6165a484,d61da59e6
q6165a484,d61d75494
q6165a484,d61e0e504
q6165a484,d61d7e7c4
q6165a484,d61d570c0
q6165a484,d61ddcdce
q6165a484,d61d0ed48
q616637b4,d61d71fb0
q616637b4,d61d7bef2
q616637b4,d61d816a4
q616637b4,d61d66836
q616637b4,d61d65e9a
q616637b4,d61d62a42
q616637b4,d61d2a23c
q616637b4,d61e9b3be
q616637b4,d61dd129e
q616637b4,d61d7cb40
q6167462c,d61cfe146
q6167462c,d61672dae
q6167462c,d61de2f94
q6167462c,d61d00590
q6167462c,d6165da30
q6167462c,d61d10666
q6167462c,d61d3d2ce
q6167462c,d616868fe
q6167462c,d61dcdbbc
q6167462c,d61d3b960
q61658062,d616580b2
q61658062,d6166c440
q61658062,d616530f8
q61658062,d61d32252
q61658062,d61d74a4e
q61658062,d61cf3c28
q61658062,d6166e6c8
q61658062,d61d40140
q61658062,d6165556a
q61658062,d61d640e0
q61688da2,d6168effe
q61688da2,d61e9960e
q61688da2,d61d4f438
q61688da2,d6165ef8e
q61688da2,d61d4021c
q61688da2,d61d479f4
q61688da2,d61e090ea
q61688da2,d61d490ba
q61688da2,d6167a824
q61688da2,d6166224c
q6168ad50,d61d516fc
q6168ad50,d61cf7436
q6168ad50,d61dc242e
q6168ad50,d61670572
q6168ad50,d61dab1f2
q6168ad50,d61d792b0
q6168ad50,d61657130
q6168ad50,d61d85704
q6168ad50,d61d5e50a
q6168ad50,d61da9ece
q616a6d98,d61d13dac
q616a6d98,d61e65a3e
q616a6d98,d61cf84b2
q616a6d98,d61d953f2
q616a6d98,d616950b6
q616a6d98,d6165270c
q616a6d98,d61d45532
q616a6d98,d61e40554
q616a6d98,d61e3b43c
q616a6d98,d61d6d2c6
q6165d3aa,d6165b23a
q6165d3aa,d61d6206a
q6165d3aa,d61e1ee40
q6165d3aa,d61d71a42
q6165d3aa,d61d52232
q6165d3aa,d61d54208
q6165d3aa,d61da21e2
q6165d3aa,d61d58ce0
q6165d3aa,d6165d7a6
q6165d3aa,d61d5db5a
q61686dae,d616668f6
q61686dae,d61da796c
q61686dae,d61d6837a
q61686dae,d61d08a74
q61686dae,d61cefdb2
q61686dae,d61d84b92
q61686dae,d61e33dd6
q61686dae,d61d4a078
q61686dae,d61d6fcba
q61686dae,d61cf8322
q616a9ae8,d61674046
q616a9ae8,d61d88490
q616a9ae8,d61e2557e
q616a9ae8,d61d6ecc0
q616a9ae8,d61650524
q616a9ae8,d61e28986
q616a9ae8,d61e8b0ea
q616a9ae8,d61e32e2c
q616a9ae8,d61e89f24
q616a9ae8,d61e1197a
q61682ab0,d6165241e
q61682ab0,d61d55054
q61682ab0,d61d3c432
q61682ab0,d61d2cd34
q61682ab0,d61cfb702
q61682ab0,d61d00496
q61682ab0,d61e19120
q61682ab0,d61e1b86c
q61682ab0,d61df65a8
q61682ab0,d61d4d980
q6168c5e2,d6165db98
q6168c5e2,d61d2c4b0
q6168c5e2,d61e2a77c
q6168c5e2,d61d95280
q6168c5e2,d6167082e
q6168c5e2,d6165525e
q6168c5e2,d61d3d706
q6168c5e2,d61d3acd6
q6168c5e2,d61d09e2e
q6168c5e2,d61d4308e
q61662dc8,d61d4308e
q61662dc8,d61cf34c6
q61662dc8,d61d84b92
q61662dc8,d61ddd210
q61662dc8,d61db3a78
q61662dc8,d61d792b0
q61662dc8,d6165525e
q61662dc8,d61d95280
q61662dc8,d61dcf67e
q61662dc8,d61d37b26
q6165ff74,d61dbf544
q6165ff74,d6165853a
q6165ff74,d6167248a
q6165ff74,d61ddb9f6
q6165ff74,d61cf6da6
q6165ff74,d61d47bca
q6165ff74,d61d8be6a
q6165ff74,d61d404ec
q6165ff74,d61d0f306
q6165ff74,d61656ce4
q616aa420,d61d74ff8
q616aa420,d61d53c40
q616aa420,d61d562b0
q616aa420,d61d53af6
q616aa420,d61dbc920
q616aa420,d61d9f550
q616aa420,d61d38616
q616aa420,d61d8c270
q616aa420,d61673dee
q616aa420,d61de9ab0
q616965d8,d61655bb4
q616965d8,d61d938f4
q616965d8,d61dbde7e
q616965d8,d61d7ec88
q616965d8,d61d68794
q616965d8,d61d3973c
q616965d8,d61e52e7a
q616965d8,d61d690f4
q616965d8,d61d75b24
q616965d8,d61d2e0bc
q61695070,d61ea9748
q61695070,d61e1d8a6
q61695070,d61d79b7a
q61695070,d61d6d2c6
q61695070,d6165270c
q61695070,d616950b6
q61695070,d61d01620
q61695070,d61db17dc
q61695070,d61d45532
q61695070,d61d8a966
q6169ffb6,d6164fd9a
q6169ffb6,d61dcf962
q6169ffb6,d61d58ce0
q6169ffb6,d6167248a
q6169ffb6,d61d47bca
q6169ffb6,d6165b23a
q6169ffb6,d61d08b64
q6169ffb6,d61ddcb30
q6169ffb6,d61cf7a44
q6169ffb6,d61ceeec6
q616761c0,d6167048c
q616761c0,d61da9438
q616761c0,d61650380
q616761c0,d61dfe456
q616761c0,d61cfe5b0
q616761c0,d61d7ea58
q616761c0,d61d2c294
q616761c0,d61db810e
q616761c0,d61d55d6a
q616761c0,d61d99916
q61661a9a,d61661aea
q61661a9a,d61da3b1e
q61661a9a,d61d53af6
q61661a9a,d61da901e
q61661a9a,d6165e052
q61661a9a,d61d53c40
q61661a9a,d6164fb42
q61661a9a,d61d43b92
q61661a9a,d61dbc920
q61661a9a,d61d562b0
q616a09d4,d61dc2ffa
q616a09d4,d61dd8166
q616a09d4,d616a0a24
q616a09d4,d61d5ef82
q616a09d4,d61cff67c
q616a09d4,d61dc4530
q616a09d4,d61cf0c26
q616a09d4,d61d3d5bc
q616a09d4,d61ea1048
q616a09d4,d61e06b88
q6166474a,d6166479a
q6166474a,d61d9f550
q6166474a,d61dcf764
q6166474a,d61cf0b04
q6166474a,d61d09fd2
q6166474a,d61d4bb80
q6166474a,d61d53af6
q6166474a,d61de9ab0
q6166474a,d61dfa77a
q6166474a,d61d8c270
q616a45ca,d6165c4fa
q616a45ca,d61e1304a
q616a45ca,d61d4dd2c
q616a45ca,d61cfcfc6
q616a45ca,d61dd3fd0
q616a45ca,d61ea7c36
q616a45ca,d61ea45ea
q616a45ca,d61d5479e
q616a45ca,d61d8bb9a
q616a45ca,d61e625f0
q61673038,d6167309c
q61673038,d61e1073c
q61673038,d61def294
q61673038,d61e090ea
q61673038,d61d71c54
q61673038,d61d7e7c4
q61673038,d6165cdec
q61673038,d61652ad6
q61673038,d61d818b6
q61673038,d616769d6
q61671918,d61d67d6c
q61671918,d61d10c92
q61671918,d61d816a4
q61671918,d61d9dda4
q61671918,d61e89d1c
q61671918,d61da5dd8
q61671918,d61d18adc
q61671918,d61da241c
q61671918,d61d98d04
q61671918,d61d41568
q61691948,d61d5487a
q61691948,d61691998
q61691948,d61d2f4b2
q61691948,d61d0fd74
q61691948,d61d3782e
q61691948,d61e0aff8
q61691948,d61d3394a
q61691948,d61d41374
q61691948,d61dd56a0
q61691948,d61e1c4f6
q61683fc8,d61d8e890
q61683fc8,d61e1ed50
q61683fc8,d61d00bbc
q61683fc8,d61658864
q61683fc8,d61d08a74
q61683fc8,d61ddbd84
q61683fc8,d6165f344
q61683fc8,d61da7584
q61683fc8,d61d814a6
q61683fc8,d616540de
q616944ae,d61d58ce0
q616944ae,d61d5db5a
q616944ae,d61656ce4
q616944ae,d61d5fefa
q616944ae,d61ceeec6
q616944ae,d6165b23a
q616944ae,d61dad09c
q616944ae,d61d404ec
q616944ae,d61dfa77a
q616944ae,d61d3a394
q616557d6,d61655808
q616557d6,d6165fd12
q616557d6,d61d50a4a
q616557d6,d61da8696
q616557d6,d61dad808
q616557d6,d61d86cc6
q616557d6,d61d76d1c
q616557d6,d61d4afa0
q616557d6,d616644ac
q616557d6,d61d0fae0
q6167e550,d61d4611c
q6167e550,d61d938f4
q6167e550,d61db6b9c
q6167e550,d61d02246
q6167e550,d61cf33e0
q6167e550,d61d3b794
q6167e550,d61df3970
q6167e550,d6166fae6
q6167e550,d61da6350
q6167e550,d61de98ee
q61680d3c,d61680d6e
q61680d3c,d61d3f8bc
q61680d3c,d61d2d888
q61680d3c,d61d531dc
q61680d3c,d61d40b5e
q61680d3c,d61d47fda
q61680d3c,d61d37e00
q61680d3c,d61db0b2a
q61680d3c,d61d8dada
q61680d3c,d61d9a1a4
q616937d4,d61dcbef2
q616937d4,d61e9225a
q616937d4,d61d34408
q616937d4,d61e0de88
q616937d4,d61d553b0
q616937d4,d61d5559a
q616937d4,d61e9d6aa
q616937d4,d61e2c81a
q616937d4,d61d6f954
q616937d4,d61d522fa
q6168508a,d61d782a2
q6168508a,d61d37f7c
q6168508a,d6166e6c8
q6168508a,d61dd0c54
q6168508a,d6166a47e
q6168508a,d61df65a8
q6168508a,d61e89d1c
q6168508a,d61d640e0
q6168508a,d61d9dda4
q6168508a,d61d31226
q616a3dc8,d61cf952e
q616a3dc8,d61d2a0f2
q616a3dc8,d61671eea
q616a3dc8,d61d1035a
q616a3dc8,d61db2c4a
q616a3dc8,d616506f0
q616a3dc8,d61dc85a4
q616a3dc8,d61d85d80
q616a3dc8,d61cfe4ac
q616a3dc8,d61d359ca
q616a9c1e,d6165c25c
q616a9c1e,d61cf30b6
q616a9c1e,d61e2b050
q616a9c1e,d61d4dc50
q616a9c1e,d616500ec
q616a9c1e,d61df03f6
q616a9c1e,d616644ac
q616a9c1e,d61d7b362
q616a9c1e,d61e1f3e0
q616a9c1e,d61e25b46
q6169495e,d61e090ea
q6169495e,d61dd53bc
q6169495e,d61e01afc
q6169495e,d6166224c
q6169495e,d61d49a42
q6169495e,d61d93e9e
q6169495e,d61da827c
q6169495e,d616673dc
q6169495e,d6165cdec
q6169495e,d61d9dda4
q61668930,d61def08c
q61668930,d61d35808
q61668930,d61d5393e
q61668930,d61d4e56a
q61668930,d6165bf50
q61668930,d61d2f908
q61668930,d61d562b0
q61668930,d61d4429a
q61668930,d61d63e10
q61668930,d61d7c244
q61684a04,d61da2782
q61684a04,d6169d40a
q61684a04,d6164fb42
q61684a04,d61d43b92
q61684a04,d61e50e54
q61684a04,d61db27ea
q61684a04,d61cfc382
q61684a04,d61e3f578
q61684a04,d61d94eca
q61684a04,d61dbca42
q6166d26e,d6166d2b4
q6166d26e,d61e16e20
q6166d26e,d61d5dd9e
q6166d26e,d616536fc
q6166d26e,d61d04208
q6166d26e,d61d71b1e
q6166d26e,d61d2efa8
q6166d26e,d61d4f230
q6166d26e,d61d36488
q6166d26e,d616662b6
q61695408,d61d4a078
q61695408,d61dbd2a8
q61695408,d61d7c7b2
q61695408,d61dcf67e
q61695408,d61dff6ee
q61695408,d61cfe4ac
q61695408,d61db2db2
q61695408,d61d3d706
q61695408,d6166e146
q61695408,d61db91d0
q6168c1fa,d61d82e0a
q6168c1fa,d61d665f2
q6168c1fa,d61669786
q6168c1fa,d61d2e33c
q6168c1fa,d61dcfc82
q6168c1fa,d61d4b41e
q6168c1fa,d6169f412
q6168c1fa,d61d5860a
q6168c1fa,d61d35236
q6168c1fa,d61d8e890
q616709d2,d61dcf764
q616709d2,d6166479a
q616709d2,d61d9f550
q616709d2,d61de9ab0
q616709d2,d61d4bb80
q616709d2,d61cf0b04
q616709d2,d61d67f2e
q616709d2,d61d09fd2
q616709d2,d61651dca
q616709d2,d61d4ef74
q61694d00,d61651a6e
q61694d00,d61ddcb30
q61694d00,d61d6356e
q61694d00,d61658206
q61694d00,d6165b23a
q61694d00,d61cf3e12
q61694d00,d61d30128
q61694d00,d61d519cc
q61694d00,d61cf2e2c
q61694d00,d61d34408
q616a151e,d61d45316
q616a151e,d61da241c
q616a151e,d61de7d28
q616a151e,d61da0e32
q616a151e,d61d36df2
q616a151e,d6166af5a
q616a151e,d61d778e8
q616a151e,d61db1692
q616a151e,d61da5dd8
q616a151e,d61d2f110
q61691c68,d6165bc6c
q61691c68,d61d2d770
q61691c68,d61e3da84
q61691c68,d61d604b8
q61691c68,d61e46404
q61691c68,d61e1ca96
q61691c68,d61e914d6
q61691c68,d616614dc
q61691c68,d61d70f98
q61691c68,d61d7477e
q61683ee2,d61d82504
q61683ee2,d61683f1e
q61683ee2,d61d96b26
q61683ee2,d61d057de
q61683ee2,d61d5dc0e
q61683ee2,d61d77596
q61683ee2,d61e0f3e6
q61683ee2,d61d5d056
q61683ee2,d61da4bae
q61683ee2,d61d68e42
q616a4b24,d6165db98
q616a4b24,d6166b856
q616a4b24,d61e0de88
q616a4b24,d61dcbef2
q616a4b24,d61e2c81a
q616a4b24,d61e9225a
q616a4b24,d6166f87a
q616a4b24,d61d5839e
q616a4b24,d61d34408
q616a4b24,d61d6f954
q616913b2,d61d5839e
q616913b2,d616913ee
q616913b2,d61d7c49c
q616913b2,d61d450b4
q616913b2,d61d852b8
q616913b2,d61d42c2e
q616913b2,d61d3782e
q616913b2,d616539a4
q616913b2,d61d5d6fa
q616913b2,d61d67272
q61682cb8,d6167c0d4
q61682cb8,d61e57416
q61682cb8,d61d71a42
q61682cb8,d61cf6266
q61682cb8,d61cf2e2c
q61682cb8,d61d5c85e
q61682cb8,d6165fb0a
q61682cb8,d61658206
q61682cb8,d61d867b2
q61682cb8,d61d30128
q61676332,d61d6be8a
q61676332,d61d140f4
q61676332,d61d3a90c
q61676332,d61d93da4
q61676332,d61651f82
q61676332,d61da6710
q61676332,d61d43804
q61676332,d61dc84be
q61676332,d61db17dc
q61676332,d61d75386
q61690976,d61d3fd94
q61690976,d61dbcee8
q61690976,d61d36690
q61690976,d61d33328
q61690976,d61e15df4
q61690976,d61d575fc
q61690976,d6166655e
q61690976,d61dbb854
q61690976,d61d58e48
q61690976,d61cf30b6
q61667382,d616673dc
q61667382,d61d3ebe2
q61667382,d61666b6c
q61667382,d61de7012
q61667382,d61dba49a
q61667382,d616515c8
q61667382,d61cf3836
q61667382,d61d4eba0
q61667382,d61dc85a4
q61667382,d61d83120
q616775c0,d61e8e538
q616775c0,d61d38418
q616775c0,d61d97094
q616775c0,d61d7166e
q616775c0,d61d00824
q616775c0,d61d08a74
q616775c0,d61e91c6a
q616775c0,d61d818b6
q616775c0,d61d887ce
q616775c0,d61d34b56
q61689220,d6166d64c
q61689220,d61cf3836
q61689220,d61d4f8ca
q61689220,d61d7d2b6
q61689220,d61d0ed48
q61689220,d6166224c
q61689220,d61e601a6
q61689220,d61d6b8cc
q61689220,d6166e6c8
q61689220,d61d49a42
q6166e79a,d61da5dd8
q6166e79a,d61cfff00
q6166e79a,d6166af5a
q6166e79a,d6166a258
q6166e79a,d61d49a42
q6166e79a,d61db4464
q6166e79a,d61d30cc2
q6166e79a,d61cff1ae
q6166e79a,d61d4eba0
q6166e79a,d61de7012
q61672228,d61d4a078
q61672228,d61cf8322
q61672228,d61d97094
q61672228,d61d42c2e
q61672228,d616606d6
q61672228,d61d16e6c
q61672228,d61d3d706
q61672228,d61d30df8
q61672228,d61d358da
q61672228,d61d6542c
q6168f6ca,d61d74e9a
q6168f6ca,d61d99f92
q6168f6ca,d6167248a
q6168f6ca,d61d47bca
q6168f6ca,d61dcf962
q6168f6ca,d6165385a
q6168f6ca,d61dbf544
q6168f6ca,d61680d6e
q6168f6ca,d61d8be6a
q6168f6ca,d61d4f05a
q61659278,d61d6f954
q61659278,d616592c8
q61659278,d6166125c
q61659278,d61d66390
q61659278,d6169da04
q61659278,d61db3a78
q61659278,d61d694fa
q61659278,d61dc75d2
q61659278,d61ddd210
q61659278,d61d358da
q61680fd0,d61681034
q61680fd0,d61d46540
q61680fd0,d61d3e4b2
q61680fd0,d61d883aa
q61680fd0,d61e2a880
q61680fd0,d61d037e0
q61680fd0,d61d2ab7e
q61680fd0,d61662f44
q61680fd0,d61d297ce
q61680fd0,d61cf1270
q6166ba0e,d6166ba4a
q6166ba0e,d61d55770
q6166ba0e,d61e14f58
q6166ba0e,d61d65ba2
q6166ba0e,d61dd56a0
q6166ba0e,d61d5d6fa
q6166ba0e,d61d335ee
q6166ba0e,d61dcac1e
q6166ba0e,d61d2b268
q6166ba0e,d61d568a0
q6165a312,d61dee060
q6165a312,d6165a36c
q6165a312,d61d3e610
q6165a312,d61cfb3d8
q6165a312,d61d50e46
q6165a312,d6164f9bc
q6165a312,d61df8d26
q6165a312,d61db3f28
q6165a312,d61d5460e
q6165a312,d61d9cfda
q616550f6,d61655132
q616550f6,d61d13cb2
q616550f6,d61670d60
q616550f6,d61d670c4
q616550f6,d61d80042
q616550f6,d61d6cdc6
q616550f6,d61d57a48
q616550f6,d61d3ab46
q616550f6,d61d4163a
q616550f6,d61d335ee
q6168a7a6,d61657de2
q6168a7a6,d61d95abe
q6168a7a6,d616644ac
q6168a7a6,d61d677c2
q6168a7a6,d6165d030
q6168a7a6,d61e278ec
q6168a7a6,d61dfd22c
q6168a7a6,d61db8ea6
q6168a7a6,d61e2511e
q6168a7a6,d61d568a0
q6169f174,d616913ee
q6169f174,d61e00256
q6169f174,d61d5839e
q6169f174,d61d42c2e
q6169f174,d61ddd210
q6169f174,d61de7bc0
q6169f174,d61dcbef2
q6169f174,d61d450b4
q6169f174,d61d7274e
q6169f174,d61d5559a
q61682722,d6165385a
q61682722,d61d6206a
q61682722,d6167248a
q61682722,d61d7d482
q61682722,d61d47bca
q61682722,d61dcf962
q61682722,d61e487cc
q61682722,d6165ba6e
q61682722,d6165853a
q61682722,d61d37e00
q61674c08,d61d74a4e
q61674c08,d61e17f1e
q61674c08,d61dd95ca
q61674c08,d61d32252
q61674c08,d6165556a
q61674c08,d61cf3c28
q61674c08,d6165e8ae
q61674c08,d616580b2
q61674c08,d61d40140
q61674c08,d616530f8
q61663a2a,d61ddb62c
q61663a2a,d616556b4
q61663a2a,d61df2a0c
q61663a2a,d61d6a7c4
q61663a2a,d61dd138e
q61663a2a,d61db1ea8
q61663a2a,d61d0cd22
q61663a2a,d61d99bdc
q61663a2a,d61d305d8
q61663a2a,d61db89ce
q61691510,d61d2d068
q61691510,d61dc5a8e
q61691510,d6165d666
q61691510,d61d64676
q61691510,d61d6e95a
q61691510,d61659156
q61691510,d61de56c2
q61691510,d61d7258c
q61691510,d61d625ba
q61691510,d61d6922a
q61688032,d61661aea
q61688032,d61da3b1e
q61688032,d61d53af6
q61688032,d61da901e
q61688032,d6165e052
q61688032,d61d53c40
q61688032,d6164fb42
q61688032,d61d43b92
q61688032,d61dbc920
q61688032,d61d562b0
q61698054,d61e104b2
q61698054,d6166369c
q61698054,d61d3c16c
q61698054,d6165d4fe
q61698054,d61e9960e
q61698054,d61d70f98
q61698054,d61d90d8e
q61698054,d61dab116
q61698054,d61db19bc
q61698054,d61d2f5ac
q616ac04a,d61dcbef2
q616ac04a,d61e0de88
q616ac04a,d61e2c81a
q616ac04a,d61e9225a
q616ac04a,d61d67272
q616ac04a,d61d6a9fe
q616ac04a,d61d5c0c0
q616ac04a,d6166b856
q616ac04a,d61662620
q616ac04a,d61d5559a
q61693d10,d61d43b92
q61693d10,d6164fb42
q61693d10,d61d13cb2
q61693d10,d6165e052
q61693d10,d61d2f20a
q61693d10,d61d4684c
q61693d10,d61d610de
q61693d10,d61d49b82
q61693d10,d6169d40a
q61693d10,d61d8796e
q61696aec,d61d358da
q61696aec,d61d11cfa
q61696aec,d61d552ac
q61696aec,d61d451cc
q61696aec,d6166041a
q61696aec,d61dd74c8
q61696aec,d61dc75d2
q61696aec,d61d535b0
q61696aec,d61d4a078
q61696aec,d61dc620e
q6168ab34,d61d5b0e4
q6168ab34,d6165db98
q6168ab34,d61d3acd6
q6168ab34,d61d61976
q6168ab34,d61d4ca58
q6168ab34,d61d3d706
q6168ab34,d61d4308e
q6168ab34,d61d516fc
q6168ab34,d61cf706c
q6168ab34,d61dbe54a
q6165dfee,d61cf6cac
q6165dfee,d61d80e70
q6165dfee,d61d94358
q6165dfee,d6165e052
q6165dfee,d61d52408
q6165dfee,d61d5d056
q6165dfee,d61dbc920
q6165dfee,d61d741a2
q6165dfee,d61dbca42
q6165dfee,d61d0e154
q61698360,d61cef3bc
q61698360,d61d408ac
q61698360,d6165d2a6
q61698360,d61d00496
q61698360,d61dba8f0
q61698360,d61cef95c
q61698360,d61de0a14
q61698360,d61cf0ffa
q61698360,d61de06ae
q61698360,d61d98ba6
q61689694,d61d6dea6
q61689694,d61d74580
q61689694,d61d3772a
q61689694,d61654d5e
q61689694,d61dbde7e
q61689694,d61d4e9d4
q61689694,d61d566ca
q61689694,d61d298aa
q61689694,d61db6b9c
q61689694,d61d36a1e
q61662cc4,d61dd74c8
q61662cc4,d61d358da
q61662cc4,d61d2c4b0
q61662cc4,d61dc75d2
q61662cc4,d6166041a
q61662cc4,d61dc620e
q61662cc4,d61d451cc
q61662cc4,d616521f8
q61662cc4,d61db2218
q61662cc4,d61e35636
q616a6096,d61650524
q616a6096,d61e2557e
q616a6096,d61674046
q616a6096,d61d88490
q616a6096,d61d6ecc0
q616a6096,d61e8b0ea
q616a6096,d61d2dfd6
q616a6096,d61e28986
q616a6096,d61e32e2c
q616a6096,d61de3f0c
q616575f4,d61e8303e
q616575f4,d61cf8322
q616575f4,d6165385a
q616575f4,d61d79e68
q616575f4,d61d7477e
q616575f4,d61d74e9a
q616575f4,d61d61d7c
q616575f4,d61dcf962
q616575f4,d61d46d2e
q616575f4,d61e0b32c
q616a43cc,d6165c9a0
q616a43cc,d61d72460
q616a43cc,d61de898a
q616a43cc,d61d31a5a
q616a43cc,d61661aea
q616a43cc,d6169d40a
q616a43cc,d61d84e08
q616a43cc,d61da2782
q616a43cc,d61d33f26
q616a43cc,d61d6fa1c
q616702de,d616596b0
q616702de,d61d565e4
q616702de,d616821f0
q616702de,d61e8303e
q616702de,d61d08a74
q616702de,d61d13fbe
q616702de,d61d818b6
q616702de,d61e7fc18
q616702de,d616540de
q616702de,d61e01afc
q616793ac,d616619d2
q616793ac,d61e992f8
q616793ac,d61dbff3a
q616793ac,d61db3b22
q616793ac,d61dd23f6
q616793ac,d61d30042
q616793ac,d61d9b90a
q616793ac,d61e5565c
q616793ac,d61cf2fa8
q616793ac,d61dca6c4
q6165144c,d61d559c8
q6165144c,d61e16e20
q6165144c,d61d71b1e
q6165144c,d61cef3bc
q6165144c,d61651488
q6165144c,d61cfa942
q6165144c,d61df14fe
q6165144c,d61dbb854
q6165144c,d61ddc3a6
q6165144c,d61d80e70
q6166e678,d6166e6c8
q6166e678,d61d33328
q6166e678,d61d58e48
q6166e678,d61da4bae
q6166e678,d61cfff00
q6166e678,d61d640e0
q6166e678,d61de7012
q6166e678,d61dc85a4
q6166e678,d61d49a42
q6166e678,d6166af5a
q6166e9d4,d61cf8660
q6166e9d4,d616668f6
q6166e9d4,d61e70966
q6166e9d4,d61da68dc
q6166e9d4,d61d17a42
q6166e9d4,d61d5f63a
q6166e9d4,d61df2390
q6166e9d4,d61d803f8
q6166e9d4,d61d43ed0
q6166e9d4,d61d73b6c
q616a2e28,d61e15df4
q616a2e28,d61d5bfb2
q616a2e28,d6168ea86
q616a2e28,d6166655e
q616a2e28,d61d7a9f8
q616a2e28,d61d3fd94
q616a2e28,d61d575fc
q616a2e28,d61dd0c54
q616a2e28,d61d3ac0e
q616a2e28,d61d36690
q6166134c,d61d49c72
q6166134c,d61daf8ce
q6166134c,d61d5aea0
q6166134c,d61e62046
q6166134c,d61d3c52c
q6166134c,d61d37392
q6166134c,d61dada38
q6166134c,d61dd0420
q6166134c,d61db2c4a
q6166134c,d61dbaf26
q61654912,d61d9bd24
q61654912,d61deeca4
q61654912,d61d4627a
q61654912,d61654b38
q61654912,d61e343c6
q61654912,d61db090e
q61654912,d61d52ce6
q61654912,d61d057de
q61654912,d61d5d6fa
q61654912,d61d450b4
q61678358,d61d483ae
q61678358,d61df14fe
q61678358,d61d58be6
q61678358,d61d71fb0
q61678358,d61d62a42
q61678358,d61d05cf2
q61678358,d61d14e5a
q61678358,d61d3ab46
q61678358,d61dbe464
q61678358,d61d2c294
q61675748,d6167082e
q61675748,d61d45fbe
q61675748,d61d2cb9a
q61675748,d61674046
q61675748,d61dd8ed6
q61675748,d61d536dc
q61675748,d61da347a
q61675748,d61d56c38
q61675748,d61d42c2e
q61675748,d6166125c
q6169a886,d616881ae
q6169a886,d61dd1c08
q6169a886,d61d59b54
q6169a886,d61cf6b30
q6169a886,d6167c390
q6169a886,d61d58538
q6169a886,d61673f24
q6169a886,d61de7968
q6169a886,d61d6ffa8
q6169a886,d61657b12
q6167f608,d6167f63a
q6167f608,d61d2b844
q6167f608,d61db554e
q6167f608,d61d14e5a
q6167f608,d61d62a42
q6167f608,d61e25042
q6167f608,d61d708ea
q6167f608,d61d2c294
q6167f608,d61df4280
q6167f608,d61cfc666
q61674992,d61cefca4
q61674992,d61d140f4
q61674992,d61d6be8a
q61674992,d61d938f4
q61674992,d616749e2
q61674992,d61e61402
q61674992,d61d5e5f0
q61674992,d61659f02
q61674992,d61cf8f20
q61674992,d6166d174
q616a7d38,d61dc5a8e
q616a7d38,d61d2d068
q616a7d38,d6165d666
q616a7d38,d616500ec
q616a7d38,d61ddcefa
q616a7d38,d61d46a22
q616a7d38,d61e8325a
q616a7d38,d61de14aa
q616a7d38,d61d7258c
q616a7d38,d61d644e6
q616610e0,d61d1579c
q616610e0,d61d4ef74
q616610e0,d61d6d5d2
q616610e0,d61d8c270
q616610e0,d61dbc920
q616610e0,d616500ec
q616610e0,d61d75b24
q616610e0,d61d014d6
q616610e0,d61d8642e
q616610e0,d61cfdbf6
q6169d9be,d6169da04
q6169d9be,d61da901e
q6169d9be,d61dada38
q6169d9be,d61dec6f2
q6169d9be,d61d3d5bc
q6169d9be,d61d820fe
q6169d9be,d61e4b80a
q6169d9be,d61dca142
q6169d9be,d61d39a3e
q6169d9be,d61e2a880
q616876d2,d61667ce2
q616876d2,d6166751c
q616876d2,d61d52408
q616876d2,d61cf6cac
q616876d2,d61d0e154
q616876d2,d61d6f710
q616876d2,d61cfdbf6
q616876d2,d61dd5cc2
q616876d2,d61de684c
q616876d2,d6165e052
q6168617e,d61661aea
q6168617e,d61dd5cc2
q6168617e,d61d604b8
q6168617e,d61e958ce
q6168617e,d616821f0
q6168617e,d61d13cb2
q6168617e,d61d40316
q6168617e,d61dbca42
q6168617e,d61d7b286
q6168617e,d61d94eca
q616715e4,d61d8c270
q616715e4,d61dcce42
q616715e4,d61d741a2
q616715e4,d61667ce2
q616715e4,d61d370c2
q616715e4,d61d9569a
q616715e4,d61cfdbf6
q616715e4,d61651dca
q616715e4,d61d4bb80
q616715e4,d61d1b868
q6165394a,d616539a4
q6165394a,d61d36960
q6165394a,d61d6d898
q6165394a,d61d68e42
q6165394a,d61dbec5c
q6165394a,d6165defe
q6165394a,d61d3fccc
q6165394a,d61d34d22
q6165394a,d61d73ee6
q6165394a,d61d47418
q6168740c,d61dcf764
q6168740c,d6166479a
q6168740c,d61d9f550
q6168740c,d61651dca
q6168740c,d61d4bb80
q6168740c,d61d3f7a4
q6168740c,d61cf0b04
q6168740c,d61d09fd2
q6168740c,d61d67f2e
q6168740c,d61d562b0
q6167294e,d61654976
q6167294e,d61d316ae
q6167294e,d61d314d8
q6167294e,d6165ef8e
q6167294e,d61dd2108
q6167294e,d61da142c
q6167294e,d61cfe4ac
q6167294e,d61cf268e
q6167294e,d61d3110e
q6167294e,d61e0333e
q6169e3c8,d61d0fd74
q6169e3c8,d61691998
q6169e3c8,d61d8420a
q6169e3c8,d61d32572
q6169e3c8,d61e1c4f6
q6169e3c8,d61d5487a
q6169e3c8,d61e090ea
q6169e3c8,d61d44812
q6169e3c8,d61d2f4b2
q6169e3c8,d61d41374
q61682baa,d61db31a4
q61682baa,d61de7d28
q61682baa,d61d2f20a
q61682baa,d61d2e92c
q61682baa,d61dfe456
q61682baa,d61df8448
q61682baa,d61da7804
q61682baa,d61d53ff6
q61682baa,d61d93e9e
q61682baa,d61e33962
q6167c476,d61d4611c
q6167c476,d61d938f4
q6167c476,d61da6350
q6167c476,d61dc4530
q6167c476,d61d4e9d4
q6167c476,d61df331c
q6167c476,d61ea5e18
q6167c476,d61d74580
q6167c476,d61d298aa
q6167c476,d61d589b6
q6169d16c,d61d3b56e
q6169d16c,d61d3c16c
q6169d16c,d61d70f98
q6169d16c,d61667256
q6169d16c,d61653d14
q6169d16c,d61664b46
q6169d16c,d61d2f5ac
q6169d16c,d61d90d8e
q6169d16c,d61e104b2
q6169d16c,d61e278ec
q6167af36,d61672692
q6167af36,d6165a6dc
q6167af36,d6166f1ae
q6167af36,d61d2f908
q6167af36,d61d3982c
q6167af36,d61da10da
q6167af36,d61d45d84
q6167af36,d61e908c4
q6167af36,d61d47e04
q6167af36,d61de0140
q616a1f1e,d61650830
q616a1f1e,d61d8cb12
q616a1f1e,d61daa81a
q616a1f1e,d61d3cd60
q616a1f1e,d61dd53bc
q616a1f1e,d61d33148
q616a1f1e,d61d40ed8
q616a1f1e,d61dfbd46
q616a1f1e,d61e1c4f6
q616a1f1e,d61d92bf2
q6168b34a,d61e3724c
q6168b34a,d61d73202
q6168b34a,d61dcd93c
q6168b34a,d61de4f10
q6168b34a,d61d3763a
q6168b34a,d61d5034c
q6168b34a,d61d67f2e
q6168b34a,d616547b4
q6168b34a,d6165cdec
q6168b34a,d61e06b88
q61669fa6,d61669fec
q61669fa6,d61d53a06
q61669fa6,d61d9416e
q61669fa6,d61e80852
q61669fa6,d61e36a68
q61669fa6,d61e3a5aa
q61669fa6,d61e163a8
q61669fa6,d61d3c16c
q61669fa6,d61cf1a9a
q61669fa6,d61d39a3e
q6165f6d2,d61da770a
q6165f6d2,d61d36564
q6165f6d2,d61d3342c
q6165f6d2,d61e35dfc
q6165f6d2,d61de1ed2
q6165f6d2,d61d3c7b6
q6165f6d2,d6165525e
q6165f6d2,d61e1274e
q6165f6d2,d61d640e0
q6165f6d2,d6166041a
q6168c0c4,d61d29ba2
q6168c0c4,d61d2c73a
q6168c0c4,d61d4aac8
q6168c0c4,d6165f11e
q6168c0c4,d61d5c76e
q6168c0c4,d61d02ea8
q6168c0c4,d61d7a6b0
q6168c0c4,d61cf40c4
q6168c0c4,d61d2d5b8
q6168c0c4,d61e1c8ca
q61684f0e,d6167a54a
q61684f0e,d61d97652
q61684f0e,d61d2d1f8
q61684f0e,d61d308da
q61684f0e,d61cf35de
q61684f0e,d61e62d66
q61684f0e,d61d73522
q61684f0e,d61d61016
q61684f0e,d61da9b2c
q61684f0e,d61670f9a
q616ad0b2,d61d5bfb2
q616ad0b2,d61d8031c
q616ad0b2,d61d7a9f8
q616ad0b2,d61e15df4
q616ad0b2,d61d047bc
q616ad0b2,d61d316ae
q616ad0b2,d61e35faa
q616ad0b2,d61d196b2
q616ad0b2,d61660dfc
q616ad0b2,d61cf274c
q6166cfd0,d616592c8
q6166cfd0,d61d66390
q6166cfd0,d61d6f954
q6166cfd0,d6166125c
q6166cfd0,d6167082e
q6166cfd0,d61db3a78
q6166cfd0,d6165b4a6
q6166cfd0,d61d3acd6
q6166cfd0,d61d36960
q6166cfd0,d61d342fa
q6168461c,d6167a824
q6168461c,d61d535b0
q6168461c,d61d38418
q6168461c,d61d65170
q6168461c,d61e91c6a
q6168461c,d61e13392
q6168461c,d61dad222
q6168461c,d61d80042
q6168461c,d61e33dd6
q6168461c,d61d34b56
q61661982,d616619d2
q61661982,d61d47cec
q61661982,d61d6a6d4
q61661982,d6167c228
q61661982,d61d5b59e
q61661982,d6165cc84
q61661982,d61d30df8
q61661982,d61662094
q61661982,d61667256
q61661982,d61d3c9be
q61676b0c,d61def294
q61676b0c,d61d8e700
q61676b0c,d61cf026c
q61676b0c,d61e1073c
q61676b0c,d61d6cee8
q61676b0c,d61db9b6c
q61676b0c,d61d2dd92
q61676b0c,d61db61a6
q61676b0c,d61dc7faa
q61676b0c,d6165a4d4
q6169311c,d61d3f7a4
q6169311c,d61652ff4
q6169311c,d61d53af6
q6169311c,d61d74ff8
q6169311c,d61dbc920
q6169311c,d61d08ed4
q6169311c,d61d8650a
q6169311c,d61dd0420
q6169311c,d61d53c40
q6169311c,d61dea83e
q616a8c4c,d61659ab6
q616a8c4c,d61e5a97c
q616a8c4c,d61da8696
q616a8c4c,d61e8ecea
q616a8c4c,d61d790ee
q616a8c4c,d6165737e
q616a8c4c,d61ddb53c
q616a8c4c,d61d6e694
q616a8c4c,d61d40ed8
q616a8c4c,d61d96b26
q616a117c,d6167a54a
q616a117c,d61d46540
q616a117c,d61d308da
q616a117c,d61670f9a
q616a117c,d61d97652
q616a117c,d61da7804
q616a117c,d61cf35de
q616a117c,d6167e460
q616a117c,d61da9b2c
q616a117c,d61e33962
q61679f3c,d61ddbf14
q61679f3c,d61679f8c
q61679f3c,d61cf772e
q61679f3c,d61d74026
q61679f3c,d61d53c40
q61679f3c,d61d44f60
q61679f3c,d61d89d90
q61679f3c,d61d5b59e
q61679f3c,d61d2bfc4
q61679f3c,d61da3b1e
q6167bf30,d61e8debc
q6167bf30,d61dc75d2
q6167bf30,d61df4190
q6167bf30,d61e2c9a0
q6167bf30,d61d34d22
q6167bf30,d61e35dfc
q6167bf30,d61d5b1d4
q6167bf30,d61e149e0
q6167bf30,d61d36960
q6167bf30,d61662620
q61687f38,d61659f02
q61687f38,d61d84430
q61687f38,d61d917c0
q61687f38,d61e8a71c
q61687f38,d61ddf6c8
q61687f38,d61d5e5f0
q61687f38,d61e06b88
q61687f38,d61d605c6
q61687f38,d61d408ac
q61687f38,d6165d2a6
q6166a41a,d61d37f7c
q6166a41a,d6166a47e
q6166a41a,d6166e6c8
q6166a41a,d61dd0c54
q6166a41a,d61d640e0
q6166a41a,d6165d148
q6166a41a,d616631ec
q6166a41a,d61df65a8
q6166a41a,d61d782a2
q6166a41a,d61e89d1c
q61693f90,d61d45942
q61693f90,d61cf3f02
q61693f90,d6165e9e4
q61693f90,d61d4d7d2
q61693f90,d6165b23a
q61693f90,d61e1ee40
q61693f90,d61d54208
q61693f90,d61650ce0
q61693f90,d61d76f4c
q61693f90,d61d744c2
q6166ff6e,d61d37392
q6166ff6e,d61e83a7a
q6166ff6e,d61d512ba
q6166ff6e,d61e62140
q6166ff6e,d61ea5e18
q6166ff6e,d61e243f4
q6166ff6e,d61663980
q6166ff6e,d61e5e6c6
q6166ff6e,d61d30df8
q6166ff6e,d61dc07fa
q616710b2,d61671120
q616710b2,d61d4611c
q616710b2,d61d7a6b0
q616710b2,d61e930d8
q616710b2,d61d938f4
q616710b2,d61655bb4
q616710b2,d61d02246
q616710b2,d61d68794
q616710b2,d61d71060
q616710b2,d61e6e792
q616868b8,d61d10666
q616868b8,d616868fe
q616868b8,d61d3772a
q616868b8,d61d1ea0e
q616868b8,d61cf280a
q616868b8,d61da6350
q616868b8,d61df331c
q616868b8,d61cfa6c2
q616868b8,d61dbde7e
q616868b8,d61d06940
q61677282,d61d46ff4
q61677282,d6165f254
q61677282,d61d44754
q61677282,d61dd2108
q61677282,d61d1b868
q61677282,d61d196b2
q61677282,d61d323a6
q61677282,d61cf3a48
q61677282,d61d9d0c0
q61677282,d61d80e70
q6167b986,d61cf0802
q6167b986,d61687736
q6167b986,d61651dca
q6167b986,d61d698f6
q6167b986,d61667ce2
q6167b986,d61d47eea
q6167b986,d61d67f2e
q6167b986,d61d9f550
q6167b986,d61cf32dc
q6167b986,d61dcf764
q6165894a,d61d53ff6
q6165894a,d61de7d28
q6165894a,d61d45316
q6165894a,d61ddd99a
q6165894a,d61d02142
q6165894a,d61da5dd8
q6165894a,d6166af5a
q6165894a,d61d7156a
q6165894a,d61d778e8
q6165894a,d61da241c
q6166b266,d61cfc8fa
q6166b266,d61e01afc
q6166b266,d61dd53bc
q6166b266,d61dd2dec
q6166b266,d6166f3e8
q6166b266,d61e0f0bc
q6166b266,d61e5042c
q6166b266,d61d3ff2e
q6166b266,d61684cb6
q6166b266,d61d4a992
q616985fe,d61d96928
q616985fe,d61da9ece
q616985fe,d61ddfe70
q616985fe,d61d29cb0
q616985fe,d61da9546
q616985fe,d61d80632
q616985fe,d61d56ed6
q616985fe,d61d48ffc
q616985fe,d61d934f8
q616985fe,d6166ace4
q6166fcc6,d61dbe464
q6166fcc6,d61dce62a
q6166fcc6,d61df14fe
q6166fcc6,d616509c0
q6166fcc6,d61d14e5a
q6166fcc6,d61e532a8
q6166fcc6,d61d2d068
q6166fcc6,d61da142c
q6166fcc6,d61dc5a8e
q6166fcc6,d6166655e
q61672c96,d6165c626
q61672c96,d61d40ed8
q61672c96,d61d8335a
q61672c96,d6165ef8e
q61672c96,d61d78388
q61672c96,d61decdc8
q61672c96,d61d4021c
q61672c96,d61ddb53c
q61672c96,d61654976
q61672c96,d61dfbd46
q6169dacc,d6167ace8
q6169dacc,d61cf0de8
q6169dacc,d61d72b2c
q6169dacc,d61da3c36
q6169dacc,d61d827de
q6169dacc,d61cf06f4
q6169dacc,d61de35a2
q6169dacc,d61670572
q6169dacc,d61d575fc
q6169dacc,d61d4d430
q616a0d6c,d61d697d4
q616a0d6c,d61659c0a
q616a0d6c,d61e1f3e0
q616a0d6c,d61d625ba
q616a0d6c,d61df73fe
q616a0d6c,d61e26406
q616a0d6c,d61d6fa1c
q616a0d6c,d61d40c94
q616a0d6c,d6165c25c
q616a0d6c,d61da59e6
q6166b3ba,d6164fd9a
q6166b3ba,d61d47bca
q6166b3ba,d61dcf962
q6166b3ba,d6167248a
q6166b3ba,d61cf3f02
q6166b3ba,d61d76f4c
q6166b3ba,d61d5c25a
q6166b3ba,d61d5adb0
q6166b3ba,d61d8fee8
q6166b3ba,d61d6149e
q6165dea4,d61d36960
q6165dea4,d616539a4
q6165dea4,d6165defe
q6165dea4,d61d34d22
q6165dea4,d61d47418
q6165dea4,d61656fc8
q6165dea4,d61dbec5c
q6165dea4,d61d76a9c
q6165dea4,d61d73ee6
q6165dea4,d6167aacc
q61665528,d61d6a7c4
q61665528,d61db1ea8
q61665528,d616556b4
q61665528,d61db89ce
q61665528,d61d9c364
q61665528,d61de8778
q61665528,d61d99bdc
q61665528,d61df2a0c
q61665528,d61ddb62c
q61665528,d61dd138e
q61692be0,d61d30808
q61692be0,d61cff1ae
q61692be0,d61d9b1c6
q61692be0,d61d42a12
q61692be0,d6166a258
q61692be0,d6165d148
q61692be0,d61d4ece0
q61692be0,d61da4bae
q61692be0,d61cfff00
q61692be0,d61da5dd8
q61657ee6,d61d345fc
q61657ee6,d61cfa56e
q61657ee6,d61d2c294
q61657ee6,d61cfcb20
q61657ee6,d61d18adc
q61657ee6,d61dd97e6
q61657ee6,d61d43548
q61657ee6,d61d0be54
q61657ee6,d61d196b2
q61657ee6,d61d04208
q6169c794,d6166a820
q6169c794,d61cf32dc
q6169c794,d61d8aa60
q6169c794,d61687736
q6169c794,d61d698f6
q6169c794,d61da68dc
q6169c794,d61666a22
q6169c794,d61d9569a
q6169c794,d61e1e4e0
q6169c794,d61d1579c
q616acb12,d61650ee8
q616acb12,d616862d2
q616acb12,d61d387d8
q616acb12,d616506f0
q616acb12,d61d4ece0
q616acb12,d61d38a94
q616acb12,d61cf8b38
q616acb12,d61ddd99a
q616acb12,d61db4464
q616acb12,d61e2150a
q6168d0fa,d61d30808
q6168d0fa,d61d49a42
q6168d0fa,d616673dc
q6168d0fa,d61dc85a4
q6168d0fa,d61d93e9e
q6168d0fa,d61d3ebe2
q6168d0fa,d6165fd12
q6168d0fa,d61cfff00
q6168d0fa,d61da4bae
q6168d0fa,d61de7012
q61680abc,d61ddd210
q61680abc,d61de8778
q61680abc,d61d305d8
q61680abc,d61d66912
q61680abc,d61663a84
q61680abc,d61d50f40
q61680abc,d61d216c8
q61680abc,d61680b16
q61680abc,d61dc75d2
q61680abc,d61daf1b2
q6166ce54,d6166cea4
q6166ce54,d6165cdec
q6166ce54,d61d6f1e8
q6166ce54,d6167c868
q6166ce54,d61664326
q6166ce54,d61dbf922
q6166ce54,d61e1073c
q6166ce54,d61d3cba8
q6166ce54,d616769d6
q6166ce54,d61cf026c
q616578a6,d61de7206
q616578a6,d61d55054
q616578a6,d6168290c
q616578a6,d61d34b56
q616578a6,d61d89a98
q616578a6,d61d297ce
q616578a6,d61d955a0
q616578a6,d61654976
q616578a6,d61d7e7c4
q616578a6,d61cfd99e
q616aa042,d61d35808
q616aa042,d61d2912a
q616aa042,d61d38d32
q616aa042,d61d53ec0
q616aa042,d61d5e078
q616aa042,d61d72460
q616aa042,d61d13cb2
q616aa042,d6166bc7a
q616aa042,d616596b0
q616aa042,d61d7b286
q6168c8da,d61e99514
q6168c8da,d61d4611c
q6168c8da,d61da3c36
q6168c8da,d61d4a4d8
q6168c8da,d61d9e754
q6168c8da,d61cfd8cc
q6168c8da,d6168290c
q6168c8da,d61d36a1e
q6168c8da,d61d48642
q6168c8da,d61e024de
q61650326,d61d64676
q61650326,d61659156
q61650326,d61ddcefa
q61650326,d61dc5a8e
q61650326,d61d46a22
q61650326,d6165d666
q61650326,d61d774a6
q61650326,d61d6c308
q61650326,d61d6b9f8
q61650326,d6166bf90
q616903a4,d6165f5ec
q616903a4,d61d8452a
q616903a4,d61d5d6fa
q616903a4,d61dd56a0
q616903a4,d61e0aff8
q616903a4,d61d5b59e
q616903a4,d61d5487a
q616903a4,d61d9aa64
q616903a4,d61e2c9a0
q616903a4,d61d3394a
q61695354,d6165b74e
q61695354,d61653f9e
q61695354,d61d4021c
q61695354,d61dd2108
q61695354,d61dd3fd0
q61695354,d61d82914
q61695354,d61d9ca94
q61695354,d6166655e
q61695354,d61d13cb2
q61695354,d61d370c2
q616a8684,d61e0de88
q616a8684,d61e2c81a
q616a8684,d6165db98
q616a8684,d61d72460
q616a8684,d61e9225a
q616a8684,d61d37392
q616a8684,d616592c8
q616a8684,d61d77596
q616a8684,d61d6024c
q616a8684,d61d4fcb2
q616a30c6,d61cf3b74
q616a30c6,d61d6c218
q616a30c6,d61e9ebae
q616a30c6,d61da0c3e
q616a30c6,d61d4cd3c
q616a30c6,d6166a820
q616a30c6,d61d6cee8
q616a30c6,d61d6017a
q616a30c6,d61cfe4ac
q616a30c6,d61d68a78
q6167be18,d616680b6
q6167be18,d61d297ce
q6167be18,d61662f44
q6167be18,d61681034
q6167be18,d61e2a880
q6167be18,d61d688c0
q6167be18,d61d2ab7e
q6167be18,d61d4d8ae
q6167be18,d61d90be0
q6167be18,d61652ff4
q6167a4e6,d6167a54a
q6167a4e6,d61670f9a
q6167a4e6,d61d52c32
q6167a4e6,d61d2aa84
q6167a4e6,d61da9b2c
q6167a4e6,d61d3f416
q6167a4e6,d61d61016
q6167a4e6,d61d53ff6
q6167a4e6,d61d7e972
q6167a4e6,d61d0982a
q6167c1e2,d6167c228
q6167c1e2,d61d38d32
q6167c1e2,d616619d2
q6167c1e2,d61d49628
q6167c1e2,d61d6899c
q6167c1e2,d61d87eb4
q6167c1e2,d61d37392
q6167c1e2,d61d43cd2
q6167c1e2,d61dda4a2
q6167c1e2,d61cff67c
q61695214,d61dbec5c
q61695214,d61d4fcb2
q61695214,d61d3acd6
q61695214,d616592c8
q61695214,d61674046
q61695214,d61d4be0a
q61695214,d61e1881a
q61695214,d61dd8ed6
q61695214,d6166041a
q61695214,d61d536dc
q616584fe,d61d4b1b2
q616584fe,d61dbf544
q616584fe,d61d08574
q616584fe,d6165853a
q616584fe,d61cf6266
q616584fe,d61d6206a
q616584fe,d61e9c570
q616584fe,d61d8be6a
q616584fe,d61dcbd4e
q616584fe,d61d47bca
q6166e3bc,d616687c8
q6166e3bc,d61d49448
q6166e3bc,d61d7afd4
q6166e3bc,d61d91928
q6166e3bc,d61dd4f20
q6166e3bc,d61d630aa
q6166e3bc,d61d3bf8c
q6166e3bc,d61d98098
q6166e3bc,d61de1626
q6166e3bc,d61d8335a
q616a845e,d61d439ee
q616a845e,d61d18adc
q616a845e,d61d84e08
q616a845e,d61d80e70
q616a845e,d61d2fb1a
q616a845e,d61d48d04
q616a845e,d61cfc0da
q616a845e,d61d8642e
q616a845e,d61dddbc0
q616a845e,d61d54ce4
q6167d132,d61d86cc6
q6167d132,d61d70a84
q6167d132,d61d74a4e
q6167d132,d61665ec4
q6167d132,d61e243f4
q6167d132,d61d38616
q6167d132,d61d7698e
q6167d132,d61d4c666
q6167d132,d6166186a
q6167d132,d616830c8
q6167e7ee,d616515c8
q6167e7ee,d616673dc
q6167e7ee,d61dba49a
q6167e7ee,d61d3ebe2
q6167e7ee,d61de7012
q6167e7ee,d61dd95ca
q6167e7ee,d61d4eba0
q6167e7ee,d61666b6c
q6167e7ee,d61da255c
q6167e7ee,d61dfa6bc
q61687826,d61d6c556
q61687826,d61d2b736
q61687826,d61d80e70
q61687826,d61e0f3e6
q61687826,d61de0a14
q61687826,d61d5bfb2
q61687826,d61d2f69c
q61687826,d61db210a
q61687826,d61e8d5d4
q61687826,d61d7bef2
q6167c336,d61d49c72
q6167c336,d6167c390
q6167c336,d61cf6b30
q6167c336,d61daf8ce
q6167c336,d616881ae
q6167c336,d61d4984e
q6167c336,d61dd4a48
q6167c336,d61d59b54
q6167c336,d61ddc11c
q6167c336,d61dd1c08
q6168e39c,d6167ace8
q6168e39c,d61d72b2c
q6168e39c,d61da3c36
q6168e39c,d61e9da2e
q6168e39c,d61cf06f4
q6168e39c,d61d827de
q6168e39c,d61670572
q6168e39c,d61d7a9f8
q6168e39c,d61d9bf22
q6168e39c,d61d3110e
q616526bc,d6165270c
q616526bc,d61d6d2c6
q616526bc,d616950b6
q616526bc,d61db17dc
q616526bc,d61d723a2
q616526bc,d61d6ecc0
q616526bc,d61dceeea
q616526bc,d61e28986
q616526bc,d61d708ea
q616526bc,d61d13dac
q6165b33e,d61657130
q6165b33e,d61d56ed6
q6165b33e,d61cf34c6
q6165b33e,d61d934f8
q6165b33e,d61dbb94e
q6165b33e,d6165b8c0
q6165b33e,d61d80632
q6165b33e,d61d2c4b0
q6165b33e,d61e2a77c
q6165b33e,d61da9ece
q6167f8c4,d61e89d1c
q6167f8c4,d61d9dda4
q6167f8c4,d61d640e0
q6167f8c4,d61d37f7c
q6167f8c4,d61df65a8
q6167f8c4,d61d31226
q6167f8c4,d616631ec
q6167f8c4,d61d4f12c
q6167f8c4,d6166a47e
q6167f8c4,d61dd0c54
q6165ef02,d6165ef8e
q6165ef02,d61e5e6c6
q6165ef02,d61d72460
q6165ef02,d61db1430
q6165ef02,d61d89354
q6165ef02,d61db5b20
q6165ef02,d61d480de
q6165ef02,d61da1292
q6165ef02,d61d37392
q6165ef02,d61cef060
q6166d390,d61d9aa64
q6166d390,d61d96a0e
q6166d390,d61663dfe
q6166d390,d61660a50
q6166d390,d61dc9a3a
q6166d390,d6165f5ec
q6166d390,d61d8452a
q6166d390,d61d690f4
q6166d390,d61d3973c
q6166d390,d61e35faa
q61673a1a,d61650524
q61673a1a,d61cf7a44
q61673a1a,d61d3f5ec
q61673a1a,d61d88490
q61673a1a,d61e8b0ea
q61673a1a,d61e2557e
q61673a1a,d61d6ecc0
q61673a1a,d61e28986
q61673a1a,d61650ce0
q61673a1a,d61674046
q6165bbfe,d6165bc6c
q6165bbfe,d61d2d770
q6165bbfe,d61e8a71c
q6165bbfe,d61e46404
q6165bbfe,d61e3da84
q6165bbfe,d616614dc
q6165bbfe,d61e914d6
q6165bbfe,d61e104b2
q6165bbfe,d61d0a9be
q6165bbfe,d61d70f98
q61676d00,d61d195d6
q61676d00,d61d89354
q61676d00,d61d82914
q61676d00,d61d86e60
q61676d00,d61d6169c
q61676d00,d61d82c84
q61676d00,d61d9fcb2
q61676d00,d61cf1a9a
q61676d00,d6165c3a6
q61676d00,d61e12a64
q61651a32,d61651a6e
q61651a32,d61d6206a
q61651a32,d61cf3e12
q61651a32,d61d91540
q61651a32,d61e61de4
q61651a32,d61cf7a44
q61651a32,d61d71a42
q61651a32,d61da4e88
q61651a32,d61d3f5ec
q61651a32,d61d5fd2e
q6168c2fe,d6166c544
q6168c2fe,d61d92274
q6168c2fe,d61651906
q6168c2fe,d61cef95c
q6168c2fe,d61e62d66
q6168c2fe,d61d61016
q6168c2fe,d61d34a7a
q6168c2fe,d61d66836
q6168c2fe,d61d73522
q6168c2fe,d61655132
q6169a232,d61d7d482
q6169a232,d61d4f05a
q6169a232,d61d60f58
q6169a232,d6165ba6e
q6169a232,d61d2dfd6
q6169a232,d61658b70
q6169a232,d61daf63a
q6169a232,d61d94c36
q6169a232,d61d6da14
q6169a232,d61d52232
q616ac630,d6165d4fe
q616ac630,d61eac56a
q616ac630,d6166369c
q616ac630,d61d55180
q616ac630,d61d44d30
q616ac630,d61db19bc
q616ac630,d61e9e99c
q616ac630,d61d35bb4
q616ac630,d61d01aee
q616ac630,d61eac8f8
q6166fbae,d61dcf0d4
q6166fbae,d61cf1c0c
q6166fbae,d61d41d7e
q6166fbae,d61d308da
q6166fbae,d61de2d1e
q6166fbae,d61d816a4
q6166fbae,d61662f44
q6166fbae,d61dca142
q6166fbae,d616857ce
q6166fbae,d61dea83e
q616a877e,d61cf04ec
q616a877e,d61df903c
q616a877e,d61d6cae2
q616a877e,d6168ddf2
q616a877e,d61d403d4
q616a877e,d61db9f7c
q616a877e,d61de523a
q616a877e,d61d44e02
q616a877e,d61e1fbce
q616a877e,d61d575fc
q61663188,d61da00ae
q61663188,d61dfe0aa
q61663188,d61d816a4
q61663188,d6167743a
q61663188,d61d2d1f8
q61663188,d61d30204
q61663188,d61d03fb0
q61663188,d61d67d6c
q61663188,d61ea1048
q61663188,d61dc5502
q616a5f60,d61d625ba
q616a5f60,d61d4ac62
q616a5f60,d6165c25c
q616a5f60,d61d38616
q616a5f60,d61d6fa1c
q616a5f60,d61d8d170
q616a5f60,d61d6b3fe
q616a5f60,d61de14aa
q616a5f60,d61d644e6
q616a5f60,d61cf6f72
q61653594,d61dc620e
q61653594,d61e0b476
q61653594,d61e3e772
q61653594,d61d3d706
q61653594,d61d3fae2
q61653594,d61db3a78
q61653594,d6168ab98
q61653594,d61df73fe
q61653594,d616535da
q61653594,d61d49e66
q61682038,d61cf9092
q61682038,d61d82504
q61682038,d616545fc
q61682038,d61d313f2
q61682038,d61d5dc0e
q61682038,d61e0f3e6
q61682038,d61d10d5a
q61682038,d61d639a6
q61682038,d61d5ffcc
q61682038,d61d2a99e
q6167586a,d6165899a
q6167586a,d6165725c
q6167586a,d61dd95ca
q6167586a,d61d88ad0
q6167586a,d6167a2a2
q6167586a,d61d7dcfc
q6167586a,d61d8fb0a
q6167586a,d61d36df2
q6167586a,d61d83d32
q6167586a,d61dfe0aa
q61687524,d6165525e
q61687524,d61da9ece
q61687524,d61de70da
q61687524,d61d84b92
q61687524,d61d2bc72
q61687524,d61ddfe70
q61687524,d61d5b0e4
q61687524,d61e2a77c
q61687524,d61d4308e
q61687524,d61d2c4b0
q6169435a,d61cfb52c
q6169435a,d61e089a6
q6169435a,d61d870a4
q6169435a,d61d5393e
q6169435a,d61d2f908
q6169435a,d61d63e10
q6169435a,d61d44754
q6169435a,d61d2a624
q6169435a,d61d7ab2e
q6169435a,d61def08c
q616988b0,d6166b856
q616988b0,d61d5559a
q616988b0,d61d553b0
q616988b0,d61d6a9fe
q616988b0,d61d5c0c0
q616988b0,d61674b22
q616988b0,d61e9225a
q616988b0,d61d6f954
q616988b0,d61db74fc
q616988b0,d61dcbef2
q6166b130,d61667a3a
q6166b130,d61d8301c
q6166b130,d61d297ce
q6166b130,d61d80218
q6166b130,d61d34b56
q6166b130,d6165b10e
q6166b130,d61d0982a
q6166b130,d61de06ae
q6166b130,d61cf8322
q6166b130,d61da827c
q6165f1fa,d6165f254
q6165f1fa,d61d9d0c0
q6165f1fa,d61dea83e
q6165f1fa,d61d80e70
q6165f1fa,d61dd4a48
q6165f1fa,d61d196b2
q6165f1fa,d61dd0420
q6165f1fa,d61d370c2
q6165f1fa,d61d46ff4
q6165f1fa,d61da4bae
q6166a6ae,d6165b23a
q6166a6ae,d61d6206a
q6166a6ae,d61cef7cc
q6166a6ae,d61d60a30
q6166a6ae,d61d78c2a
q6166a6ae,d61d2e92c
q6166a6ae,d61db3a78
q6166a6ae,d616553ee
q6166a6ae,d61d5d056
q6166a6ae,d61db7fce
q61668070,d61dbba2a
q61668070,d61d71c54
q61668070,d61d7dafe
q61668070,d61d48642
q61668070,d61d86f96
q61668070,d61cff2ee
q61668070,d61dfbd46
q61668070,d61d2dd92
q61668070,d61def294
q61668070,d61da6260
q616708f6,d61659156
q616708f6,d61d64676
q616708f6,d61de56c2
q616708f6,d61d958a2
q616708f6,d61e8325a
q616708f6,d61d7258c
q616708f6,d61dafb08
q616708f6,d6168ddf2
q616708f6,d61d7c6ae
q616708f6,d6165d666
q616968d0,d6165eaf2
q616968d0,d61e25042
q616968d0,d61d8b8d4
q616968d0,d61d4e646
q616968d0,d61dddbc0
q616968d0,d61d439ee
q616968d0,d6166579e
q616968d0,d61d0f6d0
q616968d0,d61d87f9a
q616968d0,d6166299a
q616741b8,d61db19bc
q616741b8,d61e0f3e6
q616741b8,d61d94d12
q616741b8,d6165a8e4
q616741b8,d61d5bfb2
q616741b8,d61e15df4
q616741b8,d61e19ec2
q616741b8,d61d55180
q616741b8,d61d7558e
q616741b8,d61d01aee
q616967e0,d61663dfe
q616967e0,d61dd2928
q616967e0,d61dddbc0
q616967e0,d61de1ed2
q616967e0,d61de3480
q616967e0,d61d6fdd2
q616967e0,d61d4fcb2
q616967e0,d61d3c23e
q616967e0,d61d2b268
q616967e0,d61d346ec
q61684b30,d61d3b56e
q61684b30,d61d90d8e
q61684b30,d61dd4ca0
q61684b30,d61653d14
q61684b30,d616614dc
q61684b30,d61d2f5ac
q61684b30,d61e278ec
q61684b30,d61cf45f6
q61684b30,d61d530ba
q61684b30,d61d3c16c
q616a5af6,d61d308da
q616a5af6,d61662f44
q616a5af6,d61d2d1f8
q616a5af6,d61670f9a
q616a5af6,d61cf35de
q616a5af6,d6167a54a
q616a5af6,d61ea1048
q616a5af6,d61d9e4f2
q616a5af6,d61d2aa84
q616a5af6,d61dbf922
q6166295e,d6166299a
q6166295e,d61651488
q6166295e,d61d04208
q6166295e,d61ddc3a6
q6166295e,d61cef178
q6166295e,d61df4280
q6166295e,d61d60aee
q6166295e,d61654c3c
q6166295e,d61d371bc
q6166295e,d61d36488
q616536b6,d61d78dce
q616536b6,d61dde494
q616536b6,d616536fc
q616536b6,d61d8f038
q616536b6,d61d449de
q616536b6,d61d04208
q616536b6,d61cf992a
q616536b6,d61d71b1e
q616536b6,d61d7698e
q616536b6,d61d559c8
q616acd6a,d6165fb0a
q616acd6a,d61db1dc2
q616acd6a,d61d5c85e
q616acd6a,d61cf2e2c
q616acd6a,d61d30128
q616acd6a,d61658206
q616acd6a,d61d71a42
q616acd6a,d61cf6266
q616acd6a,d61d6206a
q616acd6a,d61d2b844
q6166b022,d616500ec
q6166b022,d61df03f6
q6166b022,d61cf30b6
q6166b022,d61d6fa1c
q6166b022,d61d6b3fe
q6166b022,d61d39d7c
q6166b022,d61d4dc50
q6166b022,d61d958a2
q6166b022,d61d644e6
q6166b022,d61d7b362
q61666180,d61d99f92
q61666180,d61dbf544
q61666180,d61d6206a
q61666180,d61dd0fc4
q61666180,d61d37e00
q61666180,d61d45942
q61666180,d61d4d7d2
q61666180,d6165e9e4
q61666180,d61dad09c
q61666180,d61d52232
q6167360a,d61655bb4
q6167360a,d61d71060
q6167360a,d61cfd8cc
q6167360a,d61d81258
q6167360a,d61d36a1e
q6167360a,d61d61d7c
q6167360a,d61db1214
q6167360a,d61d4e9d4
q6167360a,d61e7778e
q6167360a,d61cf280a
q6165f984,d61d60d0a
q6165f984,d61cf422c
q6165f984,d61e4126a
q6165f984,d61e0849c
q6165f984,d61cfa456
q6165f984,d6165f9d4
q6165f984,d61d820fe
q6165f984,d61dca142
q6165f984,d61d6f85a
q6165f984,d61d9cfda
q6169d66c,d61e0f3e6
q6169d66c,d61d439ee
q6169d66c,d61d80e70
q6169d66c,d61d77f78
q6169d66c,d616545fc
q6169d66c,d61d18adc
q6169d66c,d61dc26ae
q6169d66c,d616a402a
q6169d66c,d61d48d04
q6169d66c,d61d6d5d2
q61697c94,d61d85d80
q61697c94,d616662b6
q61697c94,d61da7642
q61697c94,d61da7584
q61697c94,d61d81000
q61697c94,d61d82e0a
q61697c94,d61d4eea2
q61697c94,d61e13590
q61697c94,d61cf0ece
q61697c94,d61d2f2d2
q6168c7f4,d61671260
q6168c7f4,d61d34912
q6168c7f4,d61d321b2
q6168c7f4,d61deb0b8
q6168c7f4,d61d2e828
q6168c7f4,d61d345fc
q6168c7f4,d61e25042
q6168c7f4,d61d32496
q6168c7f4,d61d6ecc0
q6168c7f4,d61e0ef9a
q6166c882,d6166c8e6
q6166c882,d61d71da8
q6166c882,d61cf010e
q6166c882,d61d8e700
q6166c882,d61e31a54
q6166c882,d61d7e10c
q6166c882,d61e0ec34
q6166c882,d61dca142
q6166c882,d6166fc08
q6166c882,d6167a112
q616a17c6,d61d5c76e
q616a17c6,d61d2c73a
q616a17c6,d61d29ba2
q616a17c6,d6165f11e
q616a17c6,d61d4aac8
q616a17c6,d61d2d5b8
q616a17c6,d61dc4440
q616a17c6,d61d02ea8
q616a17c6,d61da255c
q616a17c6,d61e1c8ca
q6165381e,d6165385a
q6165381e,d6165b23a
q6165381e,d61d91540
q6165381e,d61e61de4
q6165381e,d61d6206a
q6165381e,d61d74e9a
q6165381e,d61d519cc
q6165381e,d61cf3e12
q6165381e,d61ceeec6
q6165381e,d61da4e88
q6167c80e,d61dcd93c
q6167c80e,d61d9cc38
q6167c80e,d61dfe8f2
q6167c80e,d61d3cba8
q6167c80e,d61d66bec
q6167c80e,d61db810e
q6167c80e,d61def294
q6167c80e,d6167048c
q6167c80e,d61664326
q6167c80e,d61d360dc
q61688c76,d61d314d8
q61688c76,d61d3f362
q61688c76,d61d05f9a
q61688c76,d61d002d4
q61688c76,d61dcf0d4
q61688c76,d61d590e6
q61688c76,d6165ab96
q61688c76,d61d3cfcc
q61688c76,d61d9acf8
q61688c76,d61d308da
q61699bde,d6165bf50
q61699bde,d61d64676
q61699bde,d6168ddf2
q61699bde,d61d63e10
q61699bde,d61db7402
q61699bde,d61dc75d2
q61699bde,d61d02c50
q61699bde,d6165525e
q61699bde,d61d7ab2e
q61699bde,d61d7ea58
q61668cd2,d61668d2c
q61668cd2,d61d0f6d0
q61668cd2,d61d14e5a
q61668cd2,d61d73338
q61668cd2,d61e5df28
q61668cd2,d61d53c40
q61668cd2,d61d73cca
q61668cd2,d61d6dc76
q61668cd2,d61d67c54
q61668cd2,d61d5e078
q616847e8,d61dcd93c
q616847e8,d61d61016
q616847e8,d61d3cba8
q616847e8,d61e62d66
q616847e8,d61e37ed6
q616847e8,d61dfe8f2
q616847e8,d61673916
q616847e8,d61d3d5bc
q616847e8,d61da796c
q616847e8,d6165d2a6
q6167b260,d61d6e5ae
q6167b260,d61e9bfa8
q6167b260,d61da00ae
q6167b260,d61dc84be
q6167b260,d61d3d846
q6167b260,d61d3d706
q6167b260,d61d49a42
q6167b260,d61d38170
q6167b260,d61dc620e
q6167b260,d61e35636
q6169eb48,d61dd8968
q6169eb48,d6165c4fa
q6169eb48,d61d7e058
q6169eb48,d61d91aea
q6169eb48,d61d71da8
q6169eb48,d61d7274e
q6169eb48,d61da9744
q6169eb48,d61cf1a9a
q6169eb48,d61dc1132
q6169eb48,d61dc9b3e
q616a80ee,d61e0de88
q616a80ee,d61d9c044
q616a80ee,d61d6024c
q616a80ee,d61d4fcb2
q616a80ee,d61d77596
q616a80ee,d61dd74c8
q616a80ee,d61e9225a
q616a80ee,d61d34408
q616a80ee,d6165db98
q616a80ee,d6166f87a
q6168bf70,d61672ef8
q6168bf70,d61d0262e
q6168bf70,d61d9dcbe
q6168bf70,d61ddcefa
q6168bf70,d61d4aac8
q6168bf70,d61dd5cc2
q6168bf70,d61d6f710
q6168bf70,d61d5c76e
q6168bf70,d61dba0d0
q6168bf70,d61da3d58
q616a7fe0,d61dabda0
q616a7fe0,d61dbc920
q616a7fe0,d61d54398
q616a7fe0,d61d96720
q616a7fe0,d61d869b0
q616a7fe0,d61d308da
q616a7fe0,d61d7156a
q616a7fe0,d61d66138
q616a7fe0,d61d38616
q616a7fe0,d61d09690
q6167488e,d6167082e
q6167488e,d61d42c2e
q6167488e,d61d4308e
q6167488e,d61dd8ed6
q6167488e,d61d6f954
q6167488e,d61d66390
q6167488e,d61d342fa
q6167488e,d61d3acd6
q6167488e,d61d76a9c
q6167488e,d616606d6
q616aa196,d616673dc
q616aa196,d616515c8
q616aa196,d61d4eba0
q616aa196,d616530f8
q616aa196,d61dba49a
q616aa196,d61666b6c
q616aa196,d61dc85a4
q616aa196,d61d37c2a
q616aa196,d61d49a42
q616aa196,d61d39002
q6165cda6,d6165cdec
q6165cda6,d61d3763a
q6165cda6,d6167309c
q6165cda6,d61d4bd24
q6165cda6,d61d75eee
q6165cda6,d61d92bf2
q6165cda6,d61dfbd46
q6165cda6,d61650830
q6165cda6,d61db9b6c
q6165cda6,d61d0c6ec
q61681ca0,d61d2e92c
q61681ca0,d61d46540
q61681ca0,d61d56ed6
q61681ca0,d61e0333e
q61681ca0,d61d3d5bc
q61681ca0,d61657130
q61681ca0,d61cf34c6
q61681ca0,d61cfac4e
q61681ca0,d61662f44
q61681ca0,d61d73748
q616a46d8,d61d2d068
q616a46d8,d61dc5a8e
q616a46d8,d6166bf90
q616a46d8,d61dbcee8
q616a46d8,d61d6b9f8
q616a46d8,d61d64676
q616a46d8,d61d84782
q616a46d8,d61d44e02
q616a46d8,d61d575fc
q616a46d8,d61cf6f72
q616a6668,d6166a820
q616a6668,d61656ce4
q616a6668,d61d47fda
q616a6668,d6164fd9a
q616a6668,d61d2d888
q616a6668,d61d71420
q616a6668,d61d97c92
q616a6668,d61d6cee8
q616a6668,d616564d8
q616a6668,d61d3f8bc
q6166a988,d61669682
q6166a988,d61667a3a
q6166a988,d61cffd7a
q6166a988,d6167e460
q6166a988,d61d35c54
q6166a988,d61de06ae
q6166a988,d61d52c32
q6166a988,d61e9bb84
q6166a988,d61d0982a
q6166a988,d61d48962
q61664c36,d61664c72
q61664c36,d61d9e858
q61664c36,d6165d7a6
q61664c36,d61d58ce0
q61664c36,d61da21e2
q61664c36,d61d5adb0
q61664c36,d61d5db5a
q61664c36,d61cfb52c
q61664c36,d61cf062c
q61664c36,d61e5565c
q6169e242,d61d3acd6
q6169e242,d61d5d6fa
q6169e242,d61d56c38
q6169e242,d616539a4
q6169e242,d61d6f954
q6169e242,d61dcbef2
q6169e242,d61d38170
q6169e242,d61ddd210
q6169e242,d61d34408
q6169e242,d61d536dc
q6168c3d0,d6165ae20
q6168c3d0,d61d4bf2c
q6168c3d0,d61651bfe
q6168c3d0,d61d61e4e
q6168c3d0,d61d64964
q6168c3d0,d61dc8ae0
q6168c3d0,d61d50248
q6168c3d0,d61d94c36
q6168c3d0,d61d5487a
q6168c3d0,d61dad808
q61667f8a,d61e8d5d4
q61667f8a,d61d64676
q61667f8a,d61d4a7d0
q61667f8a,d61d8c77a
q61667f8a,d61d87d74
q61667f8a,d61d40c94
q61667f8a,d61e26406
q61667f8a,d61d4c300
q61667f8a,d61ea1048
q61667f8a,d61cfe5b0
q61652f9a,d61652ff4
q61652f9a,d61651906
q61652f9a,d61d66138
q61652f9a,d61d5d6fa
q61652f9a,d61cfac4e
q61652f9a,d61dbaf26
q61652f9a,d61cefdb2
q61652f9a,d61d46540
q61652f9a,d61cfd99e
q61652f9a,d61d7afd4
q6166bc34,d61d45aaa
q6166bc34,d61d6c556
q6166bc34,d61d2b736
q6166bc34,d61d99d9e
q6166bc34,d6164f9bc
q6166bc34,d61d80e70
q6166bc34,d61e25042
q6166bc34,d61d0a0ae
q6166bc34,d61d77f78
q6166bc34,d61e0f3e6
q6166596a,d61cf8a02
q6166596a,d6164f9bc
q6166596a,d61d87eb4
q6166596a,d61d43cd2
q6166596a,d61d350f6
q6166596a,d61e96ad0
q6166596a,d61e1e2f6
q6166596a,d61e7f02e
q6166596a,d61dbff3a
q6166596a,d61d30042
q61659ffc,d61d938f4
q61659ffc,d61d4611c
q61659ffc,d61db6b9c
q61659ffc,d61d02246
q61659ffc,d61d71060
q61659ffc,d61d3b794
q61659ffc,d61cf33e0
q61659ffc,d6166fae6
q61659ffc,d61d7381a
q61659ffc,d61d74580
q61654e58,d61d66390
q61654e58,d61d3acd6
q61654e58,d616592c8
q61654e58,d6167082e
q61654e58,d61d45fbe
q61654e58,d61d4fcb2
q61654e58,d61e9225a
q61654e58,d61d67272
q61654e58,d616539a4
q61654e58,d6167bf94
q6169977e,d61660dfc
q6169977e,d61d58be6
q6169977e,d61d4cd3c
q6169977e,d61d2c294
q6169977e,d61d3f290
q6169977e,d61e19ec2
q6169977e,d61d05cf2
q6169977e,d61dea83e
q6169977e,d61d5bfb2
q6169977e,d61cfdad4
q6169203c,d61651dca
q6169203c,d61cf32dc
q6169203c,d61d741a2
q6169203c,d61d8d170
q6169203c,d61d2129a
q6169203c,d61d7bef2
q6169203c,d61687736
q6169203c,d61d71fb0
q6169203c,d61d8642e
q6169203c,d61d94358
q616ab744,d61d3d5bc
q616ab744,d61d65f8a
q616ab744,d61d7ee36
q616ab744,d61d171be
q616ab744,d61d590e6
q616ab744,d61ea5e18
q616ab744,d61d3cfcc
q616ab744,d61e65250
q616ab744,d61d8d59e
q616ab744,d61d67d6c
q61675ab8,d6165ae20
q61675ab8,d61d75386
q61675ab8,d616862d2
q61675ab8,d61d7a372
q61675ab8,d61d35808
q61675ab8,d61d2a016
q61675ab8,d61d2a322
q61675ab8,d61684cb6
q61675ab8,d61d8614a
q61675ab8,d61d8ee44
q6166ab68,d6165f254
q6166ab68,d61d9d0c0
q6166ab68,d61cf3a48
q6166ab68,d61e19346
q6166ab68,d61d0546e
q6166ab68,d61cf0802
q6166ab68,d61d8aa60
q6166ab68,d61d92bf2
q6166ab68,d61d297ce
q6166ab68,d61669682
q6166b496,d6165e052
q6166b496,d6166751c
q6166b496,d61d52408
q6166b496,d61d3cfcc
q6166b496,d61d40316
q6166b496,d61d0e154
q6166b496,d61d3c9be
q6166b496,d61d69cd4
q6166b496,d61cf6cac
q6166b496,d6168ea86
q61696024,d6165241e
q61696024,d61d55054
q61696024,d61d2cd34
q61696024,d61d00496
q61696024,d61e19120
q61696024,d61664b46
q61696024,d61da1292
q61696024,d61e8ecea
q61696024,d61d3c432
q61696024,d61cff780
q61670acc,d61670b1c
q61670acc,d61d99402
q61670acc,d61de98ee
q61670acc,d61d49448
q61670acc,d6165b8c0
q61670acc,d61d4e9d4
q61670acc,d61655bb4
q61670acc,d61d480de
q61670acc,d61d3638e
q61670acc,d61cf33e0
q61678538,d61d74ff8
q61678538,d61d53c40
q61678538,d61cf03f2
q61678538,d61d8d170
q61678538,d61d8a452
q61678538,d61cfbc98
q61678538,d61d38616
q61678538,d61db72fe
q61678538,d61d0b3fa
q61678538,d61673dee
q6167dfec,d6165c9a0
q6167dfec,d61d52926
q6167dfec,d61da3b1e
q6167dfec,d61d84e08
q6167dfec,d61d31a5a
q6167dfec,d61dd2234
q6167dfec,d61dbca42
q6167dfec,d61dbc920
q6167dfec,d61cf6cac
q6167dfec,d61d72460
q61663002,d61d4f438
q61663002,d61d3982c
q61663002,d61d7477e
q61663002,d61da70fc
q61663002,d61e694b8
q61663002,d61cfdad4
q61663002,d61cf8322
q61663002,d61d5f63a
q61663002,d61d48642
q61663002,d61d7c30c
q616a61d6,d61e23206
q616a61d6,d61d5c458
q616a61d6,d61d314d8
q616a61d6,d61d95d20
q616a61d6,d61d30fb0
q616a61d6,d61d3f362
q616a61d6,d61d29f26
q616a61d6,d61db329e
q616a61d6,d61d002d4
q616a61d6,d61d61016
q616a32ba,d61d9c508
q616a32ba,d61d09690
q616a32ba,d61d1ea0e
q616a32ba,d61d6f710
q616a32ba,d6165943a
q616a32ba,d6165e052
q616a32ba,d61d3a2a4
q616a32ba,d61d89d90
q616a32ba,d61df8826
q616a32ba,d61e8a104
q61664646,d61664696
q61664646,d61d66a34
q61664646,d61d5860a
q61664646,d61e3d1c4
q61664646,d61d7e10c
q61664646,d61d9c7c4
q61664646,d61dcfc82
q61664646,d61e5a97c
q61664646,d61cefb6e
q61664646,d61d47cec
q6168d7e4,d6167a2a2
q6168d7e4,d61d3fd94
q6168d7e4,d61d42a12
q6168d7e4,d6168710a
q6168d7e4,d61dbe766
q6168d7e4,d61d88ad0
q6168d7e4,d6166a5d2
q6168d7e4,d61d4ce90
q6168d7e4,d61dde9c6
q6168d7e4,d61d33328
q61666c52,d61d38512
q61666c52,d61d2efa8
q61666c52,d6164f7e6
q61666c52,d61d61584
q61666c52,d61de40ba
q61666c52,d61de56c2
q61666c52,d61d449de
q61666c52,d61d8f754
q61666c52,d61d8ae16
q61666c52,d61d04208
q616530a8,d616530f8
q616530a8,d61de7012
q616530a8,d61666b6c
q616530a8,d616515c8
q616530a8,d61d4eba0
q616530a8,d61dba49a
q616530a8,d61d41568
q616530a8,d616673dc
q616530a8,d61cf3836
q616530a8,d61d3ebe2
q6165b5dc,d61db3a78
q6165b5dc,d61d6f954
q6165b5dc,d61d4308e
q6165b5dc,d61d3acd6
q6165b5dc,d61d66390
q6165b5dc,d61d00676
q6165b5dc,d61dc75d2
q6165b5dc,d61d2c4b0
q6165b5dc,d61d292a6
q6165b5dc,d61d451cc
q6166708a,d61d794d6
q6166708a,d61da43e8
q6166708a,d616670e4
q6166708a,d61d6c556
q6166708a,d61d428d2
q6166708a,d61dea83e
q6166708a,d61d803f8
q6166708a,d61d782a2
q6166708a,d61d835e4
q6166708a,d61e25042
q6168948c,d61d66390
q6168948c,d616592c8
q6168948c,d61d36cf8
q6168948c,d61d6f954
q6168948c,d61d00676
q6168948c,d61e01afc
q6168948c,d6166125c
q6168948c,d6167082e
q6168948c,d61d4f438
q6168948c,d61cf8322
q6168b8c2,d61d3782e
q6168b8c2,d61d5487a
q6168b8c2,d61e0aff8
q6168b8c2,d61d3394a
q6168b8c2,d61d0fd74
q6168b8c2,d61691998
q6168b8c2,d61dd56a0
q6168b8c2,d61d2f4b2
q6168b8c2,d61cf706c
q6168b8c2,d61e85bae
q616683cc,d61d96612
q616683cc,d61cfdf8e
q616683cc,d61d05716
q616683cc,d6165d666
q616683cc,d61d697d4
q616683cc,d6168ddf2
q616683cc,d61cf6f72
q616683cc,d61daf306
q616683cc,d61df8448
q616683cc,d61ddcefa
q6167ecd0,d61e2c81a
q6167ecd0,d61e0de88
q6167ecd0,d6165db98
q6167ecd0,d61d5c0c0
q6167ecd0,d61d5b0e4
q6167ecd0,d6166b856
q6167ecd0,d61e9d6aa
q6167ecd0,d6166f87a
q6167ecd0,d61e9225a
q6167ecd0,d61d4fcb2
q6167b620,d61d8ed2c
q6167b620,d61d345fc
q6167b620,d61deb0b8
q6167b620,d61660816
q6167b620,d61d5016c
q6167b620,d61d77f78
q6167b620,d61e25042
q6167b620,d61dd97e6
q6167b620,d61668ab6
q6167b620,d61e0f3e6
q6165c4a0,d6165c4fa
q6165c4a0,d61dd8968
q6165c4a0,d61d3ef20
q6165c4a0,d61dc07fa
q6165c4a0,d6165241e
q6165c4a0,d61cf1a9a
q6165c4a0,d61cf010e
q6165c4a0,d6166186a
q6165c4a0,d61da9744
q6165c4a0,d61e31a54
q61689b26,d61d140f4
q61689b26,d61d6be8a
q61689b26,d61d08628
q61689b26,d61da67ba
q61689b26,d61d8614a
q61689b26,d61cf0ffa
q61689b26,d61651f82
q61689b26,d616862d2
q61689b26,d61d3a90c
q61689b26,d61d9b28e
q616a4296,d6164f9bc
q616a4296,d61cf8a02
q616a4296,d61d87eb4
q616a4296,d61e96ad0
q616a4296,d61d43cd2
q616a4296,d61e1e2f6
q616a4296,d61e7f02e
q616a4296,d61d350f6
q616a4296,d61dbff3a
q616a4296,d61dd23f6
q6166fdd4,d6165b10e
q6166fdd4,d61d74c7e
q6166fdd4,d61d514f4
q6166fdd4,d61d3cd60
q6166fdd4,d61dec6f2
q6166fdd4,d61d6fcba
q6166fdd4,d616785a6
q6166fdd4,d61d688c0
q6166fdd4,d61d8cb12
q6166fdd4,d616540de
q616966c8,d61d04a82
q616966c8,d61d2b092
q616966c8,d61d3e2fa
q616966c8,d61668ab6
q616966c8,d61660816
q616966c8,d61d66cf0
q616966c8,d61d708ea
q616966c8,d61e25042
q616966c8,d61d32496
q616966c8,d61d5016c
q61656852,d61d912b6
q61656852,d61d6371c
q61656852,d616568ac
q61656852,d61d612be
q61656852,d61d72a64
q61656852,d61d87afe
q61656852,d61d8667c
q61656852,d61e0849c
q61656852,d61cfa456
q61656852,d6165f9d4
q6169cbe0,d6166299a
q6169cbe0,d61d04208
q6169cbe0,d61651488
q6169cbe0,d61ddc3a6
q6169cbe0,d61df4280
q6169cbe0,d61d449de
q6169cbe0,d61cef178
q6169cbe0,d61d7698e
q6169cbe0,d61d71b1e
q6169cbe0,d61d60aee
q6165cee6,d61d857e0
q6165cee6,d61ddc3a6
q6165cee6,d61d43548
q6165cee6,d61d61584
q6165cee6,d61df4280
q6165cee6,d6166299a
q6165cee6,d61d5dd9e
q6165cee6,d61d87f9a
q6165cee6,d6166579e
q6165cee6,d61d8916a
q6167c098,d6167c0d4
q6167c098,d61d30128
q6167c098,d61d5c85e
q6167c098,d6165fb0a
q6167c098,d61db1dc2
q6167c098,d61658206
q6167c098,d6165d7a6
q6167c098,d61da21e2
q6167c098,d61ddcb30
q6167c098,d61e61de4
q616a6960,d6165d666
q616a6960,d61d46a22
q616a6960,d61d99d9e
q616a6960,d61d5c76e
q616a6960,d61d575fc
q616a6960,d61d6f710
q616a6960,d61e5d28a
q616a6960,d61d44e02
q616a6960,d61d3c23e
q616a6960,d61d64676
q61691ed4,d61680b16
q61691ed4,d61db1ea8
q61691ed4,d61d6a7c4
q61691ed4,d61d99bdc
q61691ed4,d61ddb62c
q61691ed4,d61dd138e
q61691ed4,d61db89ce
q61691ed4,d61d9c364
q61691ed4,d616556b4
q61691ed4,d61d0cd22
q6165db48,d61d5fe28
q6165db48,d6165db98
q6165db48,d61d4308e
q6165db48,d61d5b0e4
q6165db48,d61e089a6
q6165db48,d61d3acd6
q6165db48,d61d516fc
q6165db48,d61d31db6
q6165db48,d61d90d8e
q6165db48,d61cf706c
q616945b2,d61668516
q616945b2,d61dabda0
q616945b2,d61d5d056
q616945b2,d61d9569a
q616945b2,d61e19ec2
q616945b2,d61d827de
q616945b2,d61d370c2
q616945b2,d61d741a2
q616945b2,d61d1579c
q616945b2,d61d2129a
q61663ec6,d6165d030
q61663ec6,d61e4096e
q61663ec6,d61cf3cfa
q61663ec6,d61dd38aa
q61663ec6,d61db5b20
q61663ec6,d61d568a0
q61663ec6,d61d0a518
q61663ec6,d61db50da
q61663ec6,d61cf45f6
q61663ec6,d61d57b2e
q61659660,d61eac8f8
q61659660,d61d014d6
q61659660,d6165bf50
q61659660,d61e1a4a8
q61659660,d61e2ce1e
q61659660,d6168ba0c
q61659660,d61d40316
q61659660,d61ea01a2
q61659660,d6166288c
q61659660,d61653b7a
q61687a42,d61679b40
q61687a42,d61d61016
q61687a42,d61d96b26
q61687a42,d61d3d5bc
q61687a42,d61d94c36
q61687a42,d61cff67c
q61687a42,d61e62d66
q61687a42,d61d591a4
q61687a42,d61d5db5a
q61687a42,d61d55e64
q61696146,d61d1579c
q61696146,d61d9569a
q61696146,d61d827de
q61696146,d61d4ef74
q61696146,d61d5d056
q61696146,d61d67c54
q61696146,d61d370c2
q61696146,d61d80e70
q61696146,d61d741a2
q61696146,d61dcf764
q61668fa2,d6165525e
q61668fa2,d61d4be0a
q61668fa2,d61d79a9e
q61668fa2,d61d5b4b8
q61668fa2,d61d41cac
q61668fa2,d61e1881a
q61668fa2,d61de1ed2
q61668fa2,d61dc75d2
q61668fa2,d616539a4
q61668fa2,d61dcbef2
q61674000,d61674046
q61674000,d61e2557e
q61674000,d61d6ecc0
q61674000,d61e28986
q61674000,d61d88490
q61674000,d61650524
q61674000,d61e8b0ea
q61674000,d61e32e2c
q61674000,d61d3fccc
q61674000,d61e3e772
q6165c7c0,d61668ab6
q6165c7c0,d61d89462
q6165c7c0,d61dc5502
q6165c7c0,d61d7f200
q6165c7c0,d61d4edda
q6165c7c0,d61d314d8
q6165c7c0,d61d4ead8
q6165c7c0,d61dfff2c
q6165c7c0,d61d2a23c
q6165c7c0,d61cfa56e
q616a219e,d61d45316
q616a219e,d61d2f110
q616a219e,d61da5dd8
q616a219e,d61da241c
q616a219e,d61d53ff6
q616a219e,d6166af5a
q616a219e,d61cfff00
q616a219e,d61de7d28
q616a219e,d61d02142
q616a219e,d61d30cc2
q616ab492,d61d335ee
q616ab492,d61d8301c
q616ab492,d61dc918e
q616ab492,d61d6f1e8
q616ab492,d61d955a0
q616ab492,d61dee290
q616ab492,d61d4f776
q616ab492,d61d08a74
q616ab492,d61d2a890
q616ab492,d61d6f954
q6167f04a,d6165525e
q6167f04a,d61de70da
q6167f04a,d6167bf94
q6167f04a,d61d80632
q6167f04a,d616539a4
q6167f04a,d61d43ed0
q6167f04a,d61d3c7b6
q6167f04a,d616a402a
q6167f04a,d61d34d22
q6167f04a,d61d41cac
q6165adc6,d6165ae20
q6165adc6,d61d2a016
q6165adc6,d61d2a322
q6165adc6,d61d8614a
q6165adc6,d61dae99c
q6165adc6,d61d73338
q6165adc6,d61df324a
q6165adc6,d61cfd8cc
q6165adc6,d61dd8b8e
q6165adc6,d61d02458
q6166c29c,d61d370c2
q6166c29c,d61d4951a
q6166c29c,d61d321b2
q6166c29c,d61d57a48
q6166c29c,d61dd2108
q6166c29c,d61653f9e
q6166c29c,d61d5f63a
q6166c29c,d61d49f2e
q6166c29c,d61655132
q6166c29c,d61d82914
q6166625c,d616662b6
q6166625c,d61d85d80
q6166625c,d6166479a
q6166625c,d61d4bb80
q6166625c,d61cf0b04
q6166625c,d61d09fd2
q6166625c,d61dfaf9a
q6166625c,d61dd001a
q6166625c,d61cf1cde
q6166625c,d61d6af30
q616511b8,d616511fe
q616511b8,d61de8674
q616511b8,d61d5c552
q616511b8,d61d3d5bc
q616511b8,d6169f412
q616511b8,d61dd9b60
q616511b8,d61d6bbe2
q616511b8,d61cfb86a
q616511b8,d61ceff92
q616511b8,d61dfc98a
q6168658e,d6165bf50
q6168658e,d61d4e56a
q6168658e,d61def08c
q6168658e,d61df717e
q6168658e,d61d63e10
q6168658e,d61d74ff8
q6168658e,d61d5393e
q6168658e,d61cf03f2
q6168658e,d61d2a4bc
q6168658e,d61d80a38
q616a8b2a,d61db31a4
q616a8b2a,d61df8448
q616a8b2a,d61d2c73a
q616a8b2a,d61d52926
q616a8b2a,d61d84b92
q616a8b2a,d6168ddf2
q616a8b2a,d61d05716
q616a8b2a,d61dd2234
q616a8b2a,d61d644e6
q616a8b2a,d61d6fa1c
q61663c96,d61da2d7c
q61663c96,d61663ce6
q61663c96,d61d4f438
q61663c96,d61cf8322
q61663c96,d61d71c54
q61663c96,d61d34b56
q61663c96,d61d297ce
q61663c96,d61d3cd60
q61663c96,d61e1073c
q61663c96,d61d818b6
q6166f276,d61cfd8cc
q6166f276,d61d71060
q6166f276,d61d81258
q6166f276,d61e36496
q6166f276,d61d36a1e
q6166f276,d61db1214
q6166f276,d61cf280a
q6166f276,d61d10666
q6166f276,d61d4e9d4
q6166f276,d61d6dea6
q61672d5e,d61672dae
q61672d5e,d61cfd642
q61672d5e,d61cf280a
q61672d5e,d61cfe146
q61672d5e,d61de2f94
q61672d5e,d61dbde7e
q61672d5e,d61cfa6c2
q61672d5e,d61d65ba2
q61672d5e,d61d10666
q61672d5e,d61d59f28
q6165acb8,d61d36df2
q6165acb8,d61d8b7e4
q6165acb8,d61cff1ae
q6165acb8,d61dde9c6
q6165acb8,d61d4eba0
q6165acb8,d61d37f7c
q6165acb8,d6168710a
q6165acb8,d6166af5a
q6165acb8,d61d9b28e
q6165acb8,d616506f0
q616621fc,d61e090ea
q616621fc,d61652ad6
q616621fc,d61e1073c
q616621fc,d6166224c
q616621fc,d61dc918e
q616621fc,d61da827c
q616621fc,d61d818b6
q616621fc,d61d4f438
q616621fc,d61e46404
q616621fc,d61d6f1e8
q6169221c,d6165defe
q6169221c,d61d36960
q6169221c,d61656fc8
q6169221c,d61d76a9c
q6169221c,d616539a4
q6169221c,d61d342fa
q6169221c,d6167aacc
q6169221c,d61d5b1d4
q6169221c,d61d45fbe
q6169221c,d61d67272
q616a487c,d61d52c32
q616a487c,d61cffd7a
q616a487c,d61daa73e
q616a487c,d6167e460
q616a487c,d61669682
q616a487c,d61d69cd4
q616a487c,d61d5f234
q616a487c,d61d2dd92
q616a487c,d61d98dcc
q616a487c,d61dbaf26
q61659dae,d61651bfe
q61659dae,d61d10d5a
q61659dae,d61d8b8d4
q61659dae,d61d623d0
q61659dae,d61cf9092
q61659dae,d616539a4
q61659dae,d61d690f4
q61659dae,d61d73ee6
q61659dae,d61d77596
q61659dae,d61d4bf2c
q616a1cbc,d61da347a
q616a1cbc,d6166041a
q616a1cbc,d61da770a
q616a1cbc,d61d2c4b0
q616a1cbc,d61db2218
q616a1cbc,d61de1ed2
q616a1cbc,d6165525e
q616a1cbc,d6167f266
q616a1cbc,d61d5b4b8
q616a1cbc,d61d3c7b6
q616518a2,d61d71c54
q616518a2,d61e1859a
q616518a2,d61d7dafe
q616518a2,d6168effe
q616518a2,d61dfbd46
q616518a2,d61de7620
q616518a2,d61d2dd92
q616518a2,d61d92bf2
q616518a2,d61cff2ee
q616518a2,d61d48642
q616570e0,d61678eb6
q616570e0,d61de3480
q616570e0,d61db31a4
q616570e0,d61d32004
q616570e0,d61d7381a
q616570e0,d6165b8c0
q616570e0,d61652ff4
q616570e0,d61dfe8f2
q616570e0,d61ea1048
q616570e0,d61d83512
q6169b27c,d61d71fb0
q6169b27c,d61e16e20
q6169b27c,d61d71b1e
q6169b27c,d61d449de
q6169b27c,d61dce62a
q6169b27c,d61cfa942
q6169b27c,d61d559c8
q6169b27c,d61cf1f0e
q6169b27c,d61dcb1c8
q6169b27c,d61d80e70
q61665a5a,d61e65250
q61665a5a,d61dde570
q61665a5a,d61e26406
q61665a5a,d61dd6406
q61665a5a,d61cf66d0
q61665a5a,d61d39d7c
q61665a5a,d61cfe5b0
q61665a5a,d61d536dc
q61665a5a,d61d4a7d0
q61665a5a,d61d40c94
q616a62e4,d61cefb6e
q616a62e4,d6166b2c0
q616a62e4,d61dd2dec
q616a62e4,d61d9aa64
q616a62e4,d61d96a0e
q616a62e4,d61dbf60c
q616a62e4,d61d94d12
q616a62e4,d61e9b3be
q616a62e4,d61d046b8
q616a62e4,d61684cb6
q6166f834,d61d4fcb2
q6166f834,d6166041a
q6166f834,d6166f87a
q6166f834,d61d77596
q6166f834,d61d5c0c0
q6166f834,d61e0de88
q6166f834,d6166b856
q6166f834,d61d534ac
q6166f834,d61d7b452
q6166f834,d61d553b0
q6169b33a,d61d72640
q6169b33a,d61654c3c
q6169b33a,d61d36488
q6169b33a,d61da5338
q6169b33a,d61d67970
q6169b33a,d61d96824
q6169b33a,d6166eb32
q6169b33a,d61d81cb2
q6169b33a,d61df8538
q6169b33a,d61cef27c
q61656712,d61d4fcb2
q61656712,d6166f87a
q61656712,d61de3480
q61656712,d6166041a
q61656712,d61d79a9e
q61656712,d61d5559a
q61656712,d61dcbef2
q61656712,d61d5c0c0
q61656712,d6166b856
q61656712,d61d522fa
q616a52d6,d61d3745a
q616a52d6,d6165f5ec
q616a52d6,d61d9aa64
q616a52d6,d61e2c9a0
q616a52d6,d61663dfe
q616a52d6,d61d8452a
q616a52d6,d61e0aff8
q616a52d6,d61d5487a
q616a52d6,d61dd2928
q616a52d6,d61d3394a
q6165770c,d6165525e
q6165770c,d61de70da
q6165770c,d616831c2
q6165770c,d6167bf94
q6165770c,d61d80632
q6165770c,d61d43ed0
q6165770c,d616539a4
q6165770c,d61d3c7b6
q6165770c,d616a402a
q6165770c,d61d3342c
q6167fa2c,d61d2d068
q6167fa2c,d6165d666
q6167fa2c,d61dc5a8e
q6167fa2c,d61d64676
q6167fa2c,d61659156
q6167fa2c,d61de56c2
q6167fa2c,d61d46a22
q6167fa2c,d61d7258c
q6167fa2c,d61d6922a
q6167fa2c,d61d625ba
q616854fe,d6167a54a
q616854fe,d61670f9a
q616854fe,d61d2aa84
q616854fe,d61d3f416
q616854fe,d61d7e972
q616854fe,d61dbaf26
q616854fe,d61da9b2c
q616854fe,d61d297ce
q616854fe,d61d61016
q616854fe,d61d6c218
q6168a6ac,d6167deca
q6168a6ac,d61e1304a
q6168a6ac,d61db72fe
q6168a6ac,d61d0b3fa
q6168a6ac,d61d3b0f0
q6168a6ac,d61e089a6
q6168a6ac,d61d5393e
q6168a6ac,d61d57764
q6168a6ac,d61d45d84
q6168a6ac,d61db97a2
q6169b16e,d61d30808
q6169b16e,d61d9b1c6
q6169b16e,d61da4bae
q6169b16e,d61d4ece0
q6169b16e,d616595a2
q6169b16e,d61e1cbea
q6169b16e,d6165d148
q6169b16e,d6167a2a2
q6169b16e,d61666450
q6169b16e,d61d4eba0
q61666400,d6165d148
q61666400,d616595a2
q61666400,d616530f8
q61666400,d61da4bae
q61666400,d61d4eba0
q61666400,d61d4ce90
q61666400,d61666b6c
q61666400,d616515c8
q61666400,d6166a258
q61666400,d61dd95ca
q61679d5c,d6168290c
q61679d5c,d6165737e
q61679d5c,d61d530ba
q61679d5c,d61d39d7c
q61679d5c,d61d2e756
q61679d5c,d61d3110e
q61679d5c,d61654fe8
q61679d5c,d61d89c14
q61679d5c,d61d48642
q61679d5c,d61e2ce1e
q616ac342,d61cf6cac
q616ac342,d61d75b24
q616ac342,d61d4ef74
q616ac342,d61d53af6
q616ac342,d61d6d5d2
q616ac342,d61d8642e
q616ac342,d61d1579c
q616ac342,d61cfdbf6
q616ac342,d61dabda0
q616ac342,d61d9569a
q6165ba28,d61d7d482
q6165ba28,d6165ba6e
q6165ba28,d61d4f05a
q6165ba28,d61d99f92
q6165ba28,d61693b8a
q6165ba28,d61dcf962
q6165ba28,d61d2b934
q6165ba28,d6167248a
q6165ba28,d61d2d888
q6165ba28,d61d47fda
q6169ed00,d61e8e538
q6169ed00,d61d00824
q6169ed00,d61d79e68
q6169ed00,d61677610
q6169ed00,d61d7166e
q6169ed00,d61e91c6a
q6169ed00,d61d3b56e
q6169ed00,d61d4f776
q6169ed00,d61dad222
q6169ed00,d61d16e6c
q6169ce10,d61d5c0c0
q6169ce10,d6166f87a
q6169ce10,d6166b856
q6169ce10,d61d5559a
q6169ce10,d61dcbef2
q6169ce10,d61d553b0
q6169ce10,d61d6f954
q6169ce10,d61e0de88
q6169ce10,d6166041a
q6169ce10,d61d4fcb2
q616a4c50,d61d2b092
q616a4c50,d61ddc3a6
q616a4c50,d61d32496
q616a4c50,d61deb0b8
q616a4c50,d61d857e0
q616a4c50,d61d04a82
q616a4c50,d61d9cdaa
q616a4c50,d61d66cf0
q616a4c50,d61d5016c
q616a4c50,d61668ab6
q6169b7fe,d61d52926
q6169b7fe,d61dc122c
q6169b7fe,d61d68a78
q6169b7fe,d61d91626
q6169b7fe,d61dde570
q6169b7fe,d61cf6f72
q6169b7fe,d61dd6406
q6169b7fe,d61db9f7c
q6169b7fe,d61e1fbce
q6169b7fe,d61d403d4
q61683cbc,d61d5c336
q61683cbc,d61e2c81a
q61683cbc,d61d61976
q61683cbc,d61d09e2e
q61683cbc,d61d4ca58
q61683cbc,d61d75b24
q61683cbc,d61dbe54a
q61683cbc,d61d3d706
q61683cbc,d61d39200
q61683cbc,d61d516fc
q61667b34,d61e65250
q61667b34,d61d42ada
q61667b34,d61d34a7a
q61667b34,d61d57b2e
q61667b34,d61d61016
q61667b34,d61dd6406
q61667b34,d61da22f0
q61667b34,d61d2e1b6
q61667b34,d61d3d5bc
q61667b34,d61d2fe08
q616995f8,d61cf7940
q616995f8,d61670b1c
q616995f8,d61e52e7a
q616995f8,d61cf280a
q616995f8,d61d65ba2
q616995f8,d6165b8c0
q616995f8,d6166c08a
q616995f8,d61d59f28
q616995f8,d61d480de
q616995f8,d61d2d5b8
q6169dd9c,d61d3808a
q6169dd9c,d61671260
q6169dd9c,d61dbb854
q6169dd9c,d61d34912
q6169dd9c,d61dfb576
q6169dd9c,d61d81000
q6169dd9c,d61d870a4
q6169dd9c,d61d314d8
q6169dd9c,d61e4f41e
q6169dd9c,d61673f24
q61654f98,d61d37392
q61654f98,d61d4627a
q61654f98,d61d3d706
q61654f98,d61655a2e
q61654f98,d61d70598
q61654f98,d61df03f6
q61654f98,d61db1cc8
q61654f98,d61d9ab4a
q61654f98,d61df60bc
q61654f98,d61d30df8
q616abcbc,d61da9258
q616abcbc,d61d6b3fe
q616abcbc,d61d6fa1c
q616abcbc,d61d644e6
q616abcbc,d6168cff6
q616abcbc,d6165a6dc
q616abcbc,d61d3482c
q616abcbc,d61cf6f72
q616abcbc,d61d39d7c
q616abcbc,d61db72fe
q61657324,d61e1c4f6
q61657324,d61df4afa
q61657324,d61da7bb0
q61657324,d6166092e
q61657324,d6165853a
q61657324,d61d8420a
q61657324,d61d5fe28
q61657324,d61d50248
q61657324,d61dcfe80
q61657324,d61d600b2
q61664880,d61d04208
q61664880,d61d5dd9e
q61664880,d61d71b1e
q61664880,d61df4280
q61664880,d6166579e
q61664880,d61ddc3a6
q61664880,d61d8f038
q61664880,d61d61584
q61664880,d6164f7e6
q61664880,d616662b6
q6167ced0,d61cfbc98
q6167ced0,d61664696
q6167ced0,d6165c25c
q6167ced0,d6167deca
q6167ced0,d61cefb6e
q6167ced0,d61d3c23e
q6167ced0,d61db31a4
q6167ced0,d61dd8b8e
q6167ced0,d61db1430
q6167ced0,d61650830
q61673ed4,d61da42d0
q61673ed4,d61d54ce4
q61673ed4,d61d6c556
q61673ed4,d61d84e08
q61673ed4,d61d803f8
q61673ed4,d61d387d8
q61673ed4,d61d01bd4
q61673ed4,d61d3c432
q61673ed4,d61d439ee
q61673ed4,d61d5d600
q616870a6,d61d33328
q616870a6,d61dbcee8
q616870a6,d61d3fd94
q616870a6,d61d42a12
q616870a6,d61cfff00
q616870a6,d61db4464
q616870a6,d61dde9c6
q616870a6,d61d4eba0
q616870a6,d61d83120
q616870a6,d6168710a
q6165fbfa,d61656ce4
q6165fbfa,d61d47fda
q6165fbfa,d61cfbf4a
q6165fbfa,d61d57b2e
q6165fbfa,d61e171fe
q6165fbfa,d61d4b1b2
q6165fbfa,d61ddb9f6
q6165fbfa,d61d08574
q6165fbfa,d61e5e6c6
q6165fbfa,d6167248a
q6167442e,d6165d2a6
q6167442e,d61dbf922
q6167442e,d61d61016
q6167442e,d61dcd93c
q6167442e,d61d3cba8
q6167442e,d61d408ac
q6167442e,d61da796c
q6167442e,d61d605c6
q6167442e,d61d53ff6
q6167442e,d61e62d66
q6169e026,d61ddc3a6
q6169e026,d61d449de
q6169e026,d61651488
q6169e026,d61cfa942
q6169e026,d61d857e0
q6169e026,d61d43548
q6169e026,d61d379f0
q6169e026,d61cef178
q6169e026,d61d5dd9e
q6169e026,d61d4f230
q616541ec,d61652ff4
q616541ec,d61dad808
q616541ec,d61d6cc68
q616541ec,d61d037e0
q616541ec,d61e2a880
q616541ec,d61d98098
q616541ec,d61dd4f20
q616541ec,d61d7afd4
q616541ec,d616547b4
q616541ec,d61da2d7c
q6169ee68,d61da6260
q6169ee68,d61d4212a
q6169ee68,d61e39a9c
q6169ee68,d61e34614
q6169ee68,d61654d5e
q6169ee68,d61d3982c
q6169ee68,d61d44902
q6169ee68,d61d4a992
q6169ee68,d61d566ca
q6169ee68,d61d3772a
q616750c2,d61d0262e
q616750c2,d61d2e92c
q616750c2,d61d4db24
q616750c2,d61d02142
q616750c2,d61e33962
q616750c2,d61db329e
q616750c2,d61d0982a
q616750c2,d61da7804
q616750c2,d61d43368
q616750c2,d61652ff4
q61668606,d61daf306
q61668606,d61d7ab2e
q61668606,d61d83d32
q61668606,d61d136a4
q61668606,d6166c7ba
q61668606,d61d80a38
q61668606,d6165bf50
q61668606,d61d5fe28
q61668606,d61d4e56a
q61668606,d61e07092
q6169bf74,d61652ea0
q6169bf74,d61d4f5d2
q6169bf74,d61dfd4ac
q6169bf74,d61d2d9fa
q6169bf74,d61d34b56
q6169bf74,d61e090ea
q6169bf74,d61d308da
q6169bf74,d61da9744
q6169bf74,d6166655e
q6169bf74,d61d61016
q61663642,d6166369c
q61663642,d61e104b2
q61663642,d61d3c16c
q61663642,d61d3b56e
q61663642,d6165d4fe
q61663642,d61e9960e
q61663642,d61dab116
q61663642,d61db19bc
q61663642,d61664b46
q61663642,d61d2e512
q6166ed80,d6165e656
q6166ed80,d61cf1662
q6166ed80,d61dc1132
q6166ed80,d61ea5706
q6166ed80,d61d6da14
q6166ed80,d61cfebe6
q6166ed80,d61d82f2c
q6166ed80,d61dc8f36
q6166ed80,d61d9acf8
q6166ed80,d61d5a950
q6168e0c2,d61d317a8
q6168e0c2,d61d43ed0
q6168e0c2,d6166a820
q6168e0c2,d61e9ebae
q6168e0c2,d61d29df0
q6168e0c2,d61cf30b6
q6168e0c2,d61d4bc48
q6168e0c2,d61d3263a
q6168e0c2,d61df2390
q6168e0c2,d61dafb08
q6165e610,d61cf1662
q6165e610,d6165e656
q6165e610,d61ea5706
q6165e610,d61dc1132
q6165e610,d61cfebe6
q6165e610,d61d3a65a
q6165e610,d61cf1a9a
q6165e610,d61dd6dca
q6165e610,d61d885d0
q6165e610,d61d5a950
q61690a84,d61654c3c
q61690a84,d61cef27c
q61690a84,d61d36488
q61690a84,d61df8538
q61690a84,d61d81cb2
q61690a84,d61d371bc
q61690a84,d61d96824
q61690a84,d61daffcc
q61690a84,d61d379f0
q61690a84,d61d72640
q6165aa10,d61d55f7c
q6165aa10,d6165aa4c
q6165aa10,d61cf2300
q6165aa10,d61d55e64
q6165aa10,d61d9ab4a
q6165aa10,d61d70598
q6165aa10,d61d292a6
q6165aa10,d61d4bf2c
q6165aa10,d61cf7fa8
q6165aa10,d61db1dc2
q6169a76e,d6169a7be
q6169a76e,d61dfde70
q6169a76e,d61ceea20
q6169a76e,d6166e8e4
q6169a76e,d61d536dc
q6169a76e,d61e0e504
q6169a76e,d61dd74c8
q6169a76e,d61d3342c
q6169a76e,d61d7d70c
q6169a76e,d61dd1ed8
q616765c6,d61d4f5d2
q616765c6,d61652ea0
q616765c6,d61d2d9fa
q616765c6,d61dfd4ac
q616765c6,d61693414
q616765c6,d6166655e
q616765c6,d61e15df4
q616765c6,d61d34b56
q616765c6,d61db88f2
q616765c6,d61d370c2
q616aae8e,d61d35236
q616aae8e,d61dfc656
q616aae8e,d61e044e6
q616aae8e,d6169f412
q616aae8e,d61d565e4
q616aae8e,d61d4b41e
q616aae8e,d616540de
q616aae8e,d616596b0
q616aae8e,d61d61976
q616aae8e,d61d790ee
q6167bada,d61da5338
q6167bada,d61d72640
q6167bada,d6166eb32
q6167bada,d61d36488
q6167bada,d61d96824
q6167bada,d61cef27c
q6167bada,d61d67970
q6167bada,d61d665f2
q6167bada,d61d81cb2
q6167bada,d61cef178
q61682f10,d61d4bd24
q61682f10,d6165cdec
q61682f10,d61def294
q61682f10,d61d2d50e
q61682f10,d61dbf922
q61682f10,d61d92bf2
q61682f10,d61d89ee4
q61682f10,d61d8cb12
q61682f10,d61d3763a
q61682f10,d61e2a880
q61680832,d61d71da8
q61680832,d6166c8e6
q61680832,d6165b10e
q61680832,d61d8e700
q61680832,d61d2af70
q61680832,d61d49952
q61680832,d61dbe0b8
q61680832,d61de7620
q61680832,d61d2c0be
q61680832,d61d2dd92
q61678fce,d6167900a
q61678fce,d61d043fc
q61678fce,d61693b8a
q61678fce,d61d49a42
q61678fce,d61d515ee
q61678fce,d61dfe0aa
q61678fce,d61da3b1e
q61678fce,d6165ef8e
q61678fce,d6165853a
q61678fce,d6165737e
q6168fd6e,d61dbf60c
q6168fd6e,d6166b2c0
q6168fd6e,d61cefb6e
q6168fd6e,d61e9b3be
q6168fd6e,d61d39b42
q6168fd6e,d61cfba54
q6168fd6e,d61dcb1c8
q6168fd6e,d61e0ec34
q6168fd6e,d61d7492c
q6168fd6e,d61d2ada4
q6166b810,d6166b856
q6166b810,d61e090ea
q6166b810,d61d553b0
q6166b810,d61d6cee8
q6166b810,d61dcfe80
q6166b810,d61d093ac
q6166b810,d61ded89a
q6166b810,d61d2e512
q6166b810,d6166369c
q6166b810,d61d0f306
q616a3878,d61d8301c
q616a3878,d61667a3a
q616a3878,d61d505b8
q616a3878,d61d297ce
q616a3878,d61cf706c
q616a3878,d61e090ea
q616a3878,d61d59c26
q616a3878,d61d0982a
q616a3878,d61d7477e
q616a3878,d61d07192
q616848e2,d61dd0af6
q616848e2,d61d972f6
q616848e2,d61d91aea
q616848e2,d61d39b42
q616848e2,d61d02d2c
q616848e2,d61d43ad4
q616848e2,d61e65a3e
q616848e2,d61d308da
q616848e2,d61d568a0
q616848e2,d61d0be54
q6166efc4,d6165d7a6
q6166efc4,d61da21e2
q6166efc4,d61d5db5a
q6166efc4,d61d9e858
q6166efc4,d61d5adb0
q6166efc4,d61d58ce0
q6166efc4,d61664c72
q6166efc4,d61d74e9a
q6166efc4,d61d5fefa
q6166efc4,d61d2dfd6
q61653364,d616520ea
q61653364,d61cfe97a
q61653364,d61da0ff4
q61653364,d61e4a4be
q61653364,d61de7a4e
q61653364,d61d5dccc
q61653364,d61e70204
q61653364,d61d87eb4
q61653364,d6167c228
q61653364,d61ded7dc
q6169bb46,d61d5f63a
q6169bb46,d61d8aa60
q6169bb46,d61d6cee8
q6169bb46,d61d803f8
q6169bb46,d6166a820
q6169bb46,d61666a22
q6169bb46,d61d9375a
q6169bb46,d61dd0420
q6169bb46,d61df2390
q6169bb46,d61d016ca
q6168dc6c,d6165b74e
q6168dc6c,d61dbe464
q6168dc6c,d61d49f2e
q6168dc6c,d61d370c2
q6168dc6c,d61de4ccc
q6168dc6c,d61d889ea
q6168dc6c,d61d483ae
q6168dc6c,d6166655e
q6168dc6c,d61d0262e
q6168dc6c,d61df14fe
q616565d2,d61656604
q616565d2,d61d8907a
q616565d2,d61d0f306
q616565d2,d61d4fac8
q616565d2,d61d604b8
q616565d2,d61d34048
q616565d2,d61e7d0f8
q616565d2,d61db9f7c
q616565d2,d61d2f764
q616565d2,d61e1fbce
q6167a248,d6167a2a2
q6167a248,d6165d148
q6167a248,d61d3fd94
q6167a248,d6168710a
q6167a248,d61d88ad0
q6167a248,d61dbe766
q6167a248,d61d42a12
q6167a248,d6166587a
q6167a248,d61dd153c
q6167a248,d61dc4440
q6167fca2,d6166f87a
q6167fca2,d61d5d6fa
q6167fca2,d61d5b4b8
q6167fca2,d61dabb8e
q6167fca2,d61dcbef2
q6167fca2,d61d5c0c0
q6167fca2,d6167082e
q6167fca2,d61dd74c8
q6167fca2,d61d5559a
q6167fca2,d6166b856
q6166035c,d61d4fcb2
q6166035c,d6166041a
q6166035c,d61de3480
q6166035c,d6166f87a
q6166035c,d61d4be0a
q6166035c,d61d553b0
q6166035c,d61df455a
q6166035c,d61d34408
q6166035c,d61d358da
q6166035c,d61674b22
q61681b92,d61d2d770
q61681b92,d61cf30b6
q61681b92,d61dba8f0
q61681b92,d61d57f48
q61681b92,d61681bf6
q61681b92,d61d59c26
q61681b92,d61d046b8
q61681b92,d61cf0ffa
q61681b92,d61d4bc48
q61681b92,d61dd95ca
q61652090,d616520ea
q61652090,d61cfe97a
q61652090,d61de7a4e
q61652090,d61e4a4be
q61652090,d61d5dccc
q61652090,d61da0ff4
q61652090,d61e70204
q61652090,d6165cdec
q61652090,d61d490ba
q61652090,d61d7cc26
q616a2504,d61d4f8ca
q616a2504,d616614dc
q616a2504,d61d895f2
q616a2504,d61da59e6
q616a2504,d6166224c
q616a2504,d61d75494
q616a2504,d6167a824
q616a2504,d61d553b0
q616a2504,d61ddcdce
q616a2504,d61d0ed48
q61699198,d61d296f2
q61699198,d61d8ab3c
q61699198,d61d8916a
q61699198,d61d857e0
q61699198,d61ddc3a6
q61699198,d61d7698e
q61699198,d6166579e
q61699198,d61d174ca
q61699198,d61df4280
q61699198,d61dde494
q6166e89e,d6166e8e4
q6166e89e,d61d29df0
q6166e89e,d61d61386
q6166e89e,d61da7642
q6166e89e,d61da0c3e
q6166e89e,d61d59366
q6166e89e,d61d9dac0
q6166e89e,d61d36cf8
q6166e89e,d61d37b26
q6166e89e,d61ddf6c8
q61659548,d616595a2
q61659548,d61d388dc
q61659548,d61da4bae
q61659548,d61d9b1c6
q61659548,d61d4a2d0
q61659548,d61d38a94
q61659548,d61cf0a14
q61659548,d61d80d62
q61659548,d61cfdbf6
q61659548,d61d4ece0
q61655dc6,d61650236
q61655dc6,d61661aea
q61655dc6,d61eac8f8
q61655dc6,d61d2a016
q61655dc6,d61d30204
q61655dc6,d61d07732
q61655dc6,d61d40316
q61655dc6,d61dd18de
q61655dc6,d61dd5cc2
q61655dc6,d61d6f710
q616a7e8c,d616644ac
q616a7e8c,d61d5aa18
q616a7e8c,d61dfd22c
q616a7e8c,d61cff780
q616a7e8c,d61d72d7a
q616a7e8c,d6165737e
q616a7e8c,d61d6b020
q616a7e8c,d61da8696
q616a7e8c,d61d3ea0c
q616a7e8c,d61d37392
q6165d76a,d61d74e9a
q6165d76a,d61d99f92
q6165d76a,d61d3a394
q6165d76a,d61d7d482
q6165d76a,d61dad09c
q6165d76a,d6165d7a6
q6165d76a,d61d5fefa
q6165d76a,d61e859a6
q6165d76a,d61d6206a
q6165d76a,d61d2b934
q616a33fa,d61d314d8
q616a33fa,d61da9438
q616a33fa,d61cfff00
q616a33fa,d6165ab96
q616a33fa,d61d05f9a
q616a33fa,d61d605c6
q616a33fa,d61d5de84
q616a33fa,d61d002d4
q616a33fa,d61dcac1e
q616a33fa,d6166c440
q616abf46,d61d3ebe2
q616abf46,d61cfff00
q616abf46,d61d2f110
q616abf46,d61d9b28e
q616abf46,d61cf1180
q616abf46,d61de7012
q616abf46,d6168710a
q616abf46,d61d423e6
q616abf46,d61d30808
q616abf46,d6166a258
q6167a63a,d61670f9a
q6167a63a,d6167a54a
q6167a63a,d61d2aa84
q6167a63a,d61cffd7a
q6167a63a,d61d3f416
q6167a63a,d61e33962
q6167a63a,d61d7e972
q6167a63a,d61d0982a
q6167a63a,d61dabda0
q6167a63a,d61667a3a
q616a49b2,d6169d40a
q616a49b2,d61da2782
q616a49b2,d61cf6cac
q616a49b2,d61d4c666
q616a49b2,d61d294ae
q616a49b2,d61e50e54
q616a49b2,d61d83e04
q616a49b2,d61d66138
q616a49b2,d61d4e024
q616a49b2,d61d3f7a4
q616a00b0,d616556b4
q616a00b0,d61e0adb4
q616a00b0,d61df2a0c
q616a00b0,d61d6a7c4
q616a00b0,d61680b16
q616a00b0,d61d305d8
q616a00b0,d61d62812
q616a00b0,d61d99bdc
q616a00b0,d61e464fe
q616a00b0,d61ddb62c
q61685ab2,d61e1c4f6
q61685ab2,d61d3110e
q61685ab2,d61d48642
q61685ab2,d61dcf764
q61685ab2,d6168ea86
q61685ab2,d61d89c14
q61685ab2,d61cfd99e
q61685ab2,d61d575fc
q61685ab2,d61d296f2
q61685ab2,d61d773b6
q6168afbc,d61659c0a
q6168afbc,d61e1f3e0
q6168afbc,d61d9f172
q6168afbc,d61d3412e
q6168afbc,d61d6899c
q6168afbc,d61dda4a2
q6168afbc,d6165c3a6
q6168afbc,d61df73fe
q6168afbc,d6165c25c
q6168afbc,d61cf30b6
q616963a8,d61673dee
q616963a8,d61d08ed4
q616963a8,d61d53af6
q616963a8,d61d44902
q616963a8,d61db97a2
q616963a8,d61df7552
q616963a8,d61cf03f2
q616963a8,d61d33f26
q616963a8,d61d57764
q616963a8,d61ea9eaa
q61683a0a,d6165c3a6
q61683a0a,d61d195d6
q61683a0a,d61d9fcb2
q61683a0a,d61d86e60
q61683a0a,d61d3412e
q61683a0a,d61d82914
q61683a0a,d61d6169c
q61683a0a,d61d5f7ac
q61683a0a,d61cf1a9a
q61683a0a,d61e12a64
q616aad62,d61d2d068
q616aad62,d61d40c94
q616aad62,d61dbcee8
q616aad62,d61dc5a8e
q616aad62,d6166bf90
q616aad62,d61d7258c
q616aad62,d61d4c300
q616aad62,d61d84782
q616aad62,d61e8325a
q616aad62,d61cfe5b0
q61651320,d6165137a
q61651320,d61667648
q61651320,d61d4d6d8
q61651320,d61d876bc
q61651320,d61d31f14
q61651320,d61d4b2e8
q61651320,d61dca6c4
q61651320,d61dee060
q61651320,d61d7ceec
q61651320,d61d6e16c
q6169d752,d61ddb62c
q6169d752,d616556b4
q6169d752,d61d6a7c4
q6169d752,d61df2a0c
q6169d752,d61dd138e
q6169d752,d61db1ea8
q6169d752,d61db89ce
q6169d752,d61d0cd22
q6169d752,d61d99bdc
q6169d752,d61d9c364
q6167daa6,d61d5bfb2
q6167daa6,d61dd0c54
q6167daa6,d61d6c556
q6167daa6,d6167331c
q6167daa6,d61cf1f0e
q6167daa6,d61e502a6
q6167daa6,d61e8e286
q6167daa6,d61d93da4
q6167daa6,d61dcb1c8
q6167daa6,d61d774a6
q61655f24,d61da7804
q61655f24,d61de7620
q61655f24,d6165cdec
q61655f24,d61d2f20a
q61655f24,d61d7dafe
q61655f24,d61dfbd46
q61655f24,d61d71c54
q61655f24,d6165d2a6
q61655f24,d61d2dd92
q61655f24,d61da796c
q616a99c6,d61687736
q616a99c6,d61e48e3e
q616a99c6,d61d2129a
q616a99c6,d61d9bf22
q616a99c6,d61dbb854
q616a99c6,d61d370c2
q616a99c6,d61d9569a
q616a99c6,d61dcf764
q616a99c6,d61dcce42
q616a99c6,d6167331c
q6165c5f4,d61d96c3e
q6165c5f4,d61d40ed8
q6165c5f4,d6165c626
q6165c5f4,d61d610de
q6165c5f4,d61d8335a
q6165c5f4,d61decdc8
q6165c5f4,d6168290c
q6165c5f4,d61654976
q6165c5f4,d61d316ae
q6165c5f4,d61ddb53c
q6165face,d61db1dc2
q6165face,d61d5c85e
q6165face,d6165fb0a
q6165face,d61da42d0
q6165face,d61655a2e
q6165face,d61d3fbdc
q6165face,d61d78a0e
q6165face,d61d77a00
q6165face,d61cf04ec
q6165face,d6168242a
q61674302,d61660f64
q61674302,d61d2af70
q61674302,d6165ef8e
q61674302,d61d34e44
q61674302,d61da01b2
q61674302,d61d86cc6
q61674302,d61d43dcc
q61674302,d61da1292
q61674302,d6166c8e6
q61674302,d61db5b20
q616ac766,d6165c25c
q616ac766,d61d6fa1c
q616ac766,d61e26406
q616ac766,d61d625ba
q616ac766,d61cfbc98
q616ac766,d61cf66d0
q616ac766,d61d39d7c
q616ac766,d61d7b362
q616ac766,d61d32dc4
q616ac766,d61d40c94
q6169110a,d61d5b1d4
q6169110a,d61d68e42
q6169110a,d61e35faa
q6169110a,d61d43ed0
q6169110a,d61d9aa64
q6169110a,d61651dca
q6169110a,d61670572
q6169110a,d61d10d5a
q6169110a,d61d623d0
q6169110a,d61d88f94
q6167bbe8,d6166e8e4
q6167bbe8,d61d4cd3c
q6167bbe8,d61d3f4f2
q6167bbe8,d61da0c3e
q6167bbe8,d61cf3b74
q6167bbe8,d61d3263a
q6167bbe8,d61da1666
q6167bbe8,d61d77596
q6167bbe8,d61d835e4
q6167bbe8,d61dafb08
q61692d3e,d61d8b7e4
q61692d3e,d61d2f110
q61692d3e,d61d4eba0
q61692d3e,d61cfff00
q61692d3e,d61d45316
q61692d3e,d61da0e32
q61692d3e,d61d49a42
q61692d3e,d61da241c
q61692d3e,d61cff1ae
q61692d3e,d6166af5a
q6168119c,d6167309c
q6168119c,d6165cdec
q6168119c,d61d4bd24
q6168119c,d61e46404
q6168119c,d61e1073c
q6168119c,d61def294
q6168119c,d61d3763a
q6168119c,d61d92bf2
q6168119c,d61dd53bc
q6168119c,d61dfbd46
q616a9d9a,d61cf6cac
q616a9d9a,d61d6d5d2
q616a9d9a,d61d8642e
q616a9d9a,d61d4ef74
q616a9d9a,d61dabda0
q616a9d9a,d61d1579c
q616a9d9a,d61d1b868
q616a9d9a,d61cfdbf6
q616a9d9a,d61d9569a
q616a9d9a,d61d2129a
q616a9700,d6165fb0a
q616a9700,d61db1dc2
q616a9700,d61d5c85e
q616a9700,d616530f8
q616a9700,d61d3fbdc
q616a9700,d61cf3c28
q616a9700,d61655a2e
q616a9700,d61662620
q616a9700,d61da42d0
q616a9700,d61cf04ec
q61685404,d61df4280
q61685404,d61d87f9a
q61685404,d61693414
q61685404,d61d8f038
q61685404,d61d43548
q61685404,d61d2efa8
q61685404,d6166579e
q61685404,d61e25042
q61685404,d61d04208
q61685404,d61d8c77a
q61693b4e,d61693b8a
q61693b4e,d61d043fc
q61693b4e,d6167900a
q61693b4e,d6165b23a
q61693b4e,d61d515ee
q61693b4e,d61d3f5ec
q61693b4e,d61d744c2
q61693b4e,d61d6206a
q61693b4e,d61d60f58
q61693b4e,d61db7fce
q61659a66,d616644ac
q61659a66,d61e914d6
q61659a66,d61d72d7a
q61659a66,d61e8ecea
q61659a66,d6166224c
q61659a66,d6165737e
q61659a66,d61d39d7c
q61659a66,d61cf30b6
q61659a66,d61657de2
q61659a66,d61d6e5ae
q6164fbf6,d61d4e9d4
q6164fbf6,d61d59f28
q6164fbf6,d61d3acd6
q6164fbf6,d61ea5e18
q6164fbf6,d61d4439e
q6164fbf6,d61d6f954
q6164fbf6,d61d3d706
q6164fbf6,d61d552ac
q6164fbf6,d61674b22
q6164fbf6,d61d3aede
q61672642,d61672692
q61672642,d6165a6dc
q61672642,d61d35808
q61672642,d61d8d170
q61672642,d61d45d84
q61672642,d61def08c
q61672642,d61d5393e
q61672642,d61d63e10
q61672642,d61d7ab2e
q61672642,d61d2f908
q6168577e,d61cef696
q6168577e,d61df084c
q6168577e,d61d9ca94
q6168577e,d61d4677a
q6168577e,d61d85448
q6168577e,d61d76bf0
q6168577e,d61d360dc
q6168577e,d61d910cc
q6168577e,d61d78c2a
q6168577e,d61d559c8
q6169283e,d61d33530
q6169283e,d61d82f2c
q6169283e,d6167bf94
q6169283e,d61d639a6
q6169283e,d61cf2300
q6169283e,d61d43ed0
q6169283e,d61d94c36
q6169283e,d61d5fe28
q6169283e,d61e5885c
q6169283e,d61d8420a
q6168fc60,d6165c4fa
q6168fc60,d61dd8968
q6168fc60,d61d3ef20
q6168fc60,d61dc07fa
q6168fc60,d6165241e
q6168fc60,d61cf1a9a
q6168fc60,d61cf010e
q6168fc60,d6166186a
q6168fc60,d61da9744
q6168fc60,d61e31a54
q6169e77e,d61d8d170
q6169e77e,d61d74ff8
q6169e77e,d61d53c40
q6169e77e,d61d8a452
q6169e77e,d61cfbc98
q6169e77e,d61db72fe
q6169e77e,d61d45d84
q6169e77e,d61cf03f2
q6169e77e,d61d0b3fa
q6169e77e,d61de9ab0
q6168b782,d6165e656
q6168b782,d61cf1662
q6168b782,d61dc1132
q6168b782,d61d6da14
q6168b782,d61d82f2c
q6168b782,d61ea5706
q6168b782,d61dc8f36
q6168b782,d61d9acf8
q6168b782,d61cfebe6
q6168b782,d61651bfe
q6165d4b8,d6165d4fe
q6165d4b8,d61eac56a
q6165d4b8,d6166369c
q6165d4b8,d61db19bc
q6165d4b8,d61d55180
q6165d4b8,d61d44d30
q6165d4b8,d61d01aee
q6165d4b8,d61d65f8a
q6165d4b8,d61d54208
q6165d4b8,d61dcac1e
q616a22d4,d616580b2
q616a22d4,d616530f8
q616a22d4,d6166c440
q616a22d4,d6166e6c8
q616a22d4,d61d74a4e
q616a22d4,d61d32252
q616a22d4,d61d640e0
q616a22d4,d61cf3c28
q616a22d4,d61d40140
q616a22d4,d61d58e48
q61674df2,d61d6cee8
q61674df2,d61d8c95a
q61674df2,d61d453de
q61674df2,d61e70966
q61674df2,d61d7f610
q61674df2,d61d9375a
q61674df2,d61dae168
q61674df2,d6166a820
q61674df2,d61d9e754
q61674df2,d61d60bc0
q6168e5fe,d61d3c23e
q6168e5fe,d61672692
q6168e5fe,d61d8a452
q6168e5fe,d61db31a4
q6168e5fe,d61d40c94
q6168e5fe,d61cf66d0
q6168e5fe,d61d4ac62
q6168e5fe,d6166bf90
q6168e5fe,d61d3f290
q6168e5fe,d61d2d068
q6169efda,d6166a820
q6169efda,d61da0c3e
q6169efda,d61de99ca
q6169efda,d61d6eb62
q6169efda,d61d17a42
q6169efda,d61df2390
q6169efda,d61d6024c
q6169efda,d61df66e8
q6169efda,d61e19346
q6169efda,d61d43ed0
q616a12d0,d61693b8a
q616a12d0,d61d043fc
q616a12d0,d61d515ee
q616a12d0,d6167900a
q616a12d0,d61680d6e
q616a12d0,d61d6206a
q616a12d0,d61dcf962
q616a12d0,d61d74e9a
q616a12d0,d61d2d888
q616a12d0,d61da3b1e
q61668e76,d61668eda
q61668e76,d61d89354
q61668e76,d6169ca1e
q61668e76,d61e09ba8
q61668e76,d61d917c0
q61668e76,d61d31226
q61668e76,d6165241e
q61668e76,d61e97bba
q61668e76,d61d9c044
q61668e76,d61daffcc
q6166be6e,d6165385a
q6166be6e,d61d71fb0
q6166be6e,d6166655e
q6166be6e,d61d0f6d0
q6166be6e,d61d62a42
q6166be6e,d61656bae
q6166be6e,d61dce62a
q6166be6e,d61d483ae
q6166be6e,d61d65e9a
q6166be6e,d61d7bef2
q616899c8,d61658206
q616899c8,d61ddcb30
q616899c8,d61db1dc2
q616899c8,d61d30128
q616899c8,d61cf2e2c
q616899c8,d61d5c85e
q616899c8,d61d6206a
q616899c8,d61d7d1c6
q616899c8,d6165fb0a
q616899c8,d61d5c25a
q616581ca,d61658206
q616581ca,d61d30128
q616581ca,d61ddcb30
q616581ca,d61cf2e2c
q616581ca,d61cf6266
q616581ca,d61d71a42
q616581ca,d61cf3e12
q616581ca,d61d3a524
q616581ca,d61d5c25a
q616581ca,d61d6d3fc
q61688154,d616881ae
q61688154,d61d59b54
q61688154,d61dd1c08
q61688154,d61cf6b30
q61688154,d6167c390
q61688154,d61ddc11c
q61688154,d61d58538
q61688154,d61d4984e
q61688154,d61673f24
q61688154,d61dd4a48
q616840ae,d61d57b2e
q616840ae,d61d9cfda
q616840ae,d61d80042
q616840ae,d61d73522
q616840ae,d61e2511e
q616840ae,d61d4c026
q616840ae,d61d568a0
q616840ae,d61d2e1b6
q616840ae,d61cf1dd8
q616840ae,d61d61016
q6169fe8a,d61ddd210
q6169fe8a,d61d5d6fa
q6169fe8a,d61dabb8e
q6169fe8a,d61d95280
q6169fe8a,d61d5b4b8
q6169fe8a,d61d56c38
q6169fe8a,d61d37b26
q6169fe8a,d61e2a77c
q6169fe8a,d61d358da
q6169fe8a,d61ddcb30
q61658396,d61d5a766
q61658396,d616583e6
q61658396,d61d48ffc
q61658396,d61ddfe70
q61658396,d6166ace4
q61658396,d61dbb94e
q61658396,d61d623d0
q61658396,d61d934f8
q61658396,d61d2bc72
q61658396,d61d5cee4
q61669db2,d61de7a4e
q61669db2,d61cfe97a
q61669db2,d61e4a4be
q61669db2,d61da0ff4
q61669db2,d61d5dccc
q61669db2,d616520ea
q61669db2,d61e70204
q61669db2,d61d38d32
q61669db2,d61662f44
q61669db2,d6164fd9a
q616521a8,d61d358da
q616521a8,d61d30484
q616521a8,d61d451cc
q616521a8,d61dbd514
q616521a8,d61d36564
q616521a8,d61dd74c8
q616521a8,d61da770a
q616521a8,d61d3342c
q616521a8,d61dbe766
q616521a8,d61d3fbdc
q61693234,d6167c0d4
q61693234,d61e3e772
q61693234,d61dc9b3e
q61693234,d61d30128
q61693234,d61da87b8
q61693234,d61da21e2
q61693234,d61d9e858
q61693234,d6165d7a6
q61693234,d61d5adb0
q61693234,d61d58ce0
q616acc3e,d6169f412
q616acc3e,d61d4b41e
q616acc3e,d61d3d5bc
q616acc3e,d61d96b26
q616acc3e,d61d35236
q616acc3e,d61d790ee
q616acc3e,d61d590e6
q616acc3e,d61e044e6
q616acc3e,d61d8d47c
q616acc3e,d61e5a97c
q61698ac2,d61657f36
q61698ac2,d61d782a2
q61698ac2,d616506f0
q61698ac2,d6166a47e
q61698ac2,d61cff1ae
q61698ac2,d61d4ece0
q61698ac2,d61dddbc0
q61698ac2,d61cf8660
q61698ac2,d6166a258
q61698ac2,d61dce62a
q61696c0e,d61d57a48
q61696c0e,d61d370c2
q61696c0e,d61d49f2e
q61696c0e,d61d321b2
q61696c0e,d61e25042
q61696c0e,d61653f9e
q61696c0e,d61dd2108
q61696c0e,d61e9b698
q61696c0e,d61d4951a
q61696c0e,d61d5f63a
q6165bee2,d61def08c
q6165bee2,d6165bf50
q6165bee2,d61d35808
q6165bee2,d61d5da60
q6165bee2,d61d4e56a
q6165bee2,d61672692
q6165bee2,d61d3482c
q6165bee2,d61d5393e
q6165bee2,d61d80a38
q6165bee2,d61d2f908
q61692a96,d616596b0
q61692a96,d61d2f20a
q61692a96,d61d48642
q61692a96,d61d3763a
q61692a96,d61e4f41e
q61692a96,d61d6f710
q61692a96,d61672692
q61692a96,d61669efc
q61692a96,d61e50e54
q61692a96,d61d4a8c0
q61657ab8,d61dd4a48
q61657ab8,d61d48e3a
q61657ab8,d61d4984e
q61657ab8,d61cf6b30
q61657ab8,d6167c390
q61657ab8,d616881ae
q61657ab8,d61d59b54
q61657ab8,d61d870a4
q61657ab8,d61de7968
q61657ab8,d61ddc11c
q61692758,d61d3982c
q61692758,d6169da04
q61692758,d61d4f438
q61692758,d61d7c30c
q61692758,d61d48642
q61692758,d616596b0
q61692758,d61d8c95a
q61692758,d61d598b6
q61692758,d61d7477e
q61692758,d61d5e078
q61691dee,d61d3158c
q61691dee,d61ddc3a6
q61691dee,d61d857e0
q61691dee,d61d43548
q61691dee,d61d5dd9e
q61691dee,d61d8916a
q61691dee,d6166299a
q61691dee,d61cfa942
q61691dee,d61651488
q61691dee,d61d559c8
q61691236,d61659c0a
q61691236,d6165c25c
q61691236,d61dc5a8e
q61691236,d61d697d4
q61691236,d61d2d068
q61691236,d61d625ba
q61691236,d61d3f290
q61691236,d61cf66d0
q61691236,d61d40c94
q61691236,d61659156
q61664452,d616644ac
q61664452,d61e4096e
q61664452,d61dfd22c
q61664452,d61cf3cfa
q61664452,d61dd38aa
q61664452,d61e8ecea
q61664452,d61e5e6c6
q61664452,d61dab116
q61664452,d61ded264
q61664452,d61d4edda
q6167287c,d61e090ea
q6167287c,d61653d14
q6167287c,d61d4eba0
q6167287c,d61d70f98
q6167287c,d61d92bf2
q6167287c,d61d4a992
q6167287c,d61d37c2a
q6167287c,d61e46404
q6167287c,d6165fd12
q6167287c,d61d83120
q6165a880,d61d4951a
q6165a880,d61d7a9f8
q6165a880,d61e15df4
q6165a880,d61d3ac0e
q6165a880,d61d5bfb2
q6165a880,d61d9dda4
q6165a880,d61d370c2
q6165a880,d61d0a0ae
q6165a880,d61d720dc
q6165a880,d61d2a322
q6165f0c4,d61d4aac8
q6165f0c4,d61d5c76e
q6165f0c4,d6165f11e
q6165f0c4,d61d29ba2
q6165f0c4,d61d2c73a
q6165f0c4,d61d2d5b8
q6165f0c4,d61d8f4ac
q6165f0c4,d61e1c8ca
q6165f0c4,d61dd97e6
q6165f0c4,d61d7a6b0
q6167a3d8,d61d4611c
q6167a3d8,d61d938f4
q6167a3d8,d61d02246
q6167a3d8,d6166fae6
q6167a3d8,d61d68794
q6167a3d8,d61cf33e0
q6167a3d8,d61e6e792
q6167a3d8,d61d4e9d4
q6167a3d8,d61db6b9c
q6167a3d8,d61da6350
q61685e04,d6165ef8e
q61685e04,d61d59e6a
q61685e04,d61cef060
q61685e04,d61691998
q61685e04,d61d75b24
q61685e04,d61653d14
q61685e04,d616530f8
q61685e04,d61d49a42
q61685e04,d61d78388
q61685e04,d61d9ee7a
q6166c166,d61d30df8
q6166c166,d61d34408
q6166c166,d61e2c81a
q6166c166,d61e2aeca
q6166c166,d6166b856
q6166c166,d61d5c0c0
q6166c166,d61e9225a
q6166c166,d61d2a890
q6166c166,d61d4fcb2
q6166c166,d61d73a36
q6169cf1e,d6169ca1e
q6169cf1e,d61d89354
q6169cf1e,d61e09ba8
q6169cf1e,d61d3791e
q6169cf1e,d61dd4ca0
q6169cf1e,d61d66a34
q6169cf1e,d61cefa60
q6169cf1e,d61657de2
q6169cf1e,d61dc07fa
q6169cf1e,d61d95abe
q6167d4c0,d61db8f78
q6167d4c0,d61cf6b30
q6167d4c0,d61d59474
q6167d4c0,d6167c390
q6167d4c0,d61dd4a48
q6167d4c0,d61d59b54
q6167d4c0,d61d4984e
q6167d4c0,d616881ae
q6167d4c0,d61dd1c08
q6167d4c0,d61d58538
q61669632,d61662f44
q61669632,d61d308da
q61669632,d61da70fc
q61669632,d61dbf922
q61669632,d61ea1048
q61669632,d6166a820
q61669632,d61d6fdd2
q61669632,d6165c82e
q61669632,d61d61016
q61669632,d61cffd7a
q61653cb0,d61e5a97c
q61653cb0,d61e5e6c6
q61653cb0,d61d6b020
q61653cb0,d61d78388
q61653cb0,d61d37392
q61653cb0,d61d6ab16
q61653cb0,d61d665f2
q61653cb0,d61da8696
q61653cb0,d61d5860a
q61653cb0,d61d3ea0c
q616acf4a,d61da9258
q616acf4a,d6168cff6
q616acf4a,d61d644e6
q616acf4a,d61d65756
q616acf4a,d6165a6dc
q616acf4a,d61d38616
q616acf4a,d61672692
q616acf4a,d6165c25c
q616acf4a,d61de523a
q616acf4a,d61d8d170
q6166b572,d6166369c
q6166b572,d61da9258
q6166b572,d61658b70
q6166b572,d61d10d5a
q6166b572,d61d5c336
q6166b572,d61d5dc0e
q6166b572,d61d5e50a
q6166b572,d616831c2
q6166b572,d61cf7436
q6166b572,d61654b38
q616ab0c8,d61ea9748
q616ab0c8,d61d79b7a
q616ab0c8,d61e1d8a6
q616ab0c8,d61e688ce
q616ab0c8,d61da1292
q616ab0c8,d61d9ec0e
q616ab0c8,d61e62d66
q616ab0c8,d61d8d47c
q616ab0c8,d61d6e5ae
q616ab0c8,d6165737e
q616869a8,d61d4bb80
q616869a8,d61dcf764
q616869a8,d61d8a452
q616869a8,d6169a002
q616869a8,d61d5393e
q616869a8,d61cf0b04
q616869a8,d61de9ab0
q616869a8,d61d2f69c
q616869a8,d61d8c270
q616869a8,d61d09fd2
q616a56be,d616540de
q616a56be,d61e8303e
q616a56be,d61e0b32c
q616a56be,d61d61976
q616a56be,d61e044e6
q616a56be,d61d08a74
q616a56be,d61dbf468
q616a56be,d61d3d5bc
q616a56be,d61dc20be
q616a56be,d61d8f4ac
q616679fe,d61e090ea
q616679fe,d61667a3a
q616679fe,d61d7477e
q616679fe,d61652ad6
q616679fe,d61e46404
q616679fe,d61d7e7c4
q616679fe,d61d39a3e
q616679fe,d61da50a4
q616679fe,d61cf0ffa
q616679fe,d61e1073c
q61689d7e,d61cf8a02
q61689d7e,d6164f9bc
q61689d7e,d61d87eb4
q61689d7e,d61dd23f6
q61689d7e,d61dbff3a
q61689d7e,d61d43cd2
q61689d7e,d61d30042
q61689d7e,d61d9b90a
q61689d7e,d61d350f6
q61689d7e,d61e1e2f6
q61655b6e,d61655bb4
q61655b6e,d61d4611c
q61655b6e,d61d36a1e
q61655b6e,d61e9da2e
q61655b6e,d61d3638e
q61655b6e,d61e99514
q61655b6e,d61d4e9d4
q61655b6e,d61d938f4
q61655b6e,d61db1214
q61655b6e,d61d7a9f8
q616ac9a0,d61d6ecc0
q616ac9a0,d6167743a
q616ac9a0,d61e28986
q616ac9a0,d61e2557e
q616ac9a0,d61cf31f6
q616ac9a0,d61d2e828
q616ac9a0,d61d431c4
q616ac9a0,d61df65a8
q616ac9a0,d61d2f5ac
q616ac9a0,d61df4dc0
q6168a38c,d61cfff00
q6168a38c,d61cff1ae
q6168a38c,d61d9b28e
q6168a38c,d6166af5a
q6168a38c,d61d2f110
q6168a38c,d6166a258
q6168a38c,d61d49a42
q6168a38c,d61d45316
q6168a38c,d61d46eb4
q6168a38c,d61da241c
q616a3652,d61d74a4e
q616a3652,d61d7ea58
q616a3652,d616580b2
q616a3652,d6166c440
q616a3652,d6165556a
q616a3652,d61ea6bd8
q616a3652,d61cfaab4
q616a3652,d61d2a70a
q616a3652,d61dc0eda
q616a3652,d61d0fd74
q616a7a90,d61d335ee
q616a7a90,d61d97652
q616a7a90,d61e2a880
q616a7a90,d61dcb9f2
q616a7a90,d61dd02b8
q616a7a90,d61d858da
q616a7a90,d61dbaf26
q616a7a90,d61e3b43c
q616a7a90,d61d02778
q616a7a90,d61e23206
q616a04c0,d61d53af6
q616a04c0,d61d08ed4
q616a04c0,d61d610de
q616a04c0,d61673dee
q616a04c0,d61d44902
q616a04c0,d61d5b378
q616a04c0,d61d66138
q616a04c0,d61d8650a
q616a04c0,d61d2dd92
q616a04c0,d61d13fbe
q616731e6,d61d37392
q616731e6,d61cfdcfa
q616731e6,d61e3b93c
q616731e6,d61e83a7a
q616731e6,d61d40ed8
q616731e6,d61e243f4
q616731e6,d61d49e66
q616731e6,d61d37c2a
q616731e6,d6169d40a
q616731e6,d616530f8
q6169a9da,d61680d6e
q6169a9da,d61d531dc
q6169a9da,d61d2d888
q6169a9da,d61d37e00
q6169a9da,d61d3f8bc
q6169a9da,d61e0288a
q6169a9da,d61e171fe
q6169a9da,d61d34c46
q6169a9da,d61d8dada
q6169a9da,d61d4b1b2
q6169a0ca,d61d8e890
q6169a0ca,d61d00bbc
q6169a0ca,d61ddbd84
q6169a0ca,d6165f344
q6169a0ca,d61d82e0a
q6169a0ca,d61d814a6
q6169a0ca,d61e090ea
q6169a0ca,d61d0705c
q6169a0ca,d61e1ed50
q6169a0ca,d61dc566a
q616632d2,d61d50f40
q616632d2,d6165db98
q616632d2,d61d8420a
q616632d2,d61e9225a
q616632d2,d61d553b0
q616632d2,d61d5b0e4
q616632d2,d61dcfe80
q616632d2,d6166369c
q616632d2,d61df4afa
q616632d2,d6166092e
q61696fb0,d61dd95ca
q61696fb0,d6167a2a2
q61696fb0,d61d7dcfc
q61696fb0,d61d36690
q61696fb0,d61d53ff6
q61696fb0,d61d8fb0a
q61696fb0,d61d33328
q61696fb0,d61666b6c
q61696fb0,d61d93e9e
q61696fb0,d61d42a12
q6165a682,d6165a6dc
q6165a682,d61672692
q6165a682,d61d4bd24
q6165a682,d61d05716
q6165a682,d61df717e
q6165a682,d61d8cb12
q6165a682,d61cfbc98
q6165a682,d61d136a4
q6165a682,d6168e4f0
q6165a682,d61650830
q61686c96,d61669fec
q61686c96,d61d53a06
q61686c96,d61d9416e
q61686c96,d61e80852
q61686c96,d61e3a5aa
q61686c96,d61e163a8
q61686c96,d61e36a68
q61686c96,d61d00dce
q61686c96,d61d3fae2
q61686c96,d61d3c16c
q616554fc,d61db7ede
q616554fc,d6166c08a
q616554fc,d61e01bc4
q616554fc,d6165e8ae
q616554fc,d61d505b8
q616554fc,d61ddb53c
q616554fc,d61d83e04
q616554fc,d6165556a
q616554fc,d61d8796e
q616554fc,d61dbfa4e
q616a0754,d6166eb32
q616a0754,d61da5338
q616a0754,d61d72640
q616a0754,d61d36488
q616a0754,d61d67970
q616a0754,d61cef27c
q616a0754,d61df8538
q616a0754,d61d96824
q616a0754,d61d2e33c
q616a0754,d61d5dd9e
q6167e24e,d61d2c4b0
q6167e24e,d61d6f954
q6167e24e,d61d34d22
q6167e24e,d61db74fc
q6167e24e,d61d78b1c
q6167e24e,d61dd8ed6
q6167e24e,d61d00676
q6167e24e,d61d5d6fa
q6167e24e,d6166125c
q6167e24e,d61dbec5c
q61671210,d61671260
q61671210,d61d34912
q61671210,d61e25042
q61671210,d61d14e5a
q61671210,d61d62a42
q61671210,d61dbe464
q61671210,d61d8b532
q61671210,d61699ada
q61671210,d61d1f4ae
q61671210,d61d127fe
q61695c96,d61d8c77a
q61695c96,d61693414
q61695c96,d6166655e
q61695c96,d61dbe464
q61695c96,d61dfd4ac
q61695c96,d61d2a322
q61695c96,d61da9744
q61695c96,d61d2a016
q61695c96,d61665c62
q61695c96,d61d61016
q61695e76,d61cf1a9a
q61695e76,d61e502a6
q61695e76,d61dad222
q61695e76,d6165c82e
q61695e76,d61d0be54
q61695e76,d61dd6dca
q61695e76,d61daffcc
q61695e76,d61df4dc0
q61695e76,d61668ab6
q61695e76,d61d5fa86
q61673c68,d61d8650a
q61673c68,d61d53c40
q61673c68,d61dbba2a
q61673c68,d61d08ed4
q61673c68,d61d48642
q61673c68,d61d44902
q61673c68,d61d562b0
q61673c68,d61673dee
q61673c68,d61df7962
q61673c68,d61d3482c
q61688ed8,d61d83e04
q61688ed8,d6165556a
q61688ed8,d61db7ede
q61688ed8,d61cf706c
q61688ed8,d61e1b86c
q61688ed8,d61d40140
q61688ed8,d61d49e66
q61688ed8,d61dd8274
q61688ed8,d6166c08a
q61688ed8,d61d316ae
q6165d24c,d61d408ac
q6165d24c,d6165d2a6
q6165d24c,d61d605c6
q6165d24c,d61e06b88
q6165d24c,d61dcd93c
q6165d24c,d61de7620
q6165d24c,d61dfe8f2
q6165d24c,d61e33962
q6165d24c,d61651906
q6165d24c,d61d61016
q616699ca,d61d37392
q616699ca,d61dcd37e
q616699ca,d61d67970
q616699ca,d61663980
q616699ca,d61e4aba8
q616699ca,d61d711aa
q616699ca,d61da1292
q616699ca,d61dd4ca0
q616699ca,d61d72640
q616699ca,d61d9c044
q616a1e24,d61dd0fc4
q616a1e24,d61d99f92
q616a1e24,d61d2b934
q616a1e24,d61d82914
q616a1e24,d61dea83e
q616a1e24,d61d4c512
q616a1e24,d61d9f8e8
q616a1e24,d616a1e56
q616a1e24,d61d5839e
q616a1e24,d61d5de84
q616a6578,d61d7ab2e
q616a6578,d61d80a38
q616a6578,d61db7402
q616a6578,d61650b5a
q616a6578,d61d59e6a
q616a6578,d61d7c244
q616a6578,d61e07092
q616a6578,d61e26406
q616a6578,d61d40c94
q616a6578,d61e243f4
q616abac8,d61cfdbf6
q616abac8,d61dcf764
q616abac8,d61d1b868
q616abac8,d616680b6
q616abac8,d61dabda0
q616abac8,d61d014d6
q616abac8,d61d09690
q616abac8,d61d297ce
q616abac8,d61651dca
q616abac8,d61d96720
q616a0c36,d61d9aa64
q616a0c36,d61cefb6e
q616a0c36,d61d2b448
q616a0c36,d61693e8c
q616a0c36,d61d15954
q616a0c36,d61e1e9a4
q616a0c36,d61e94136
q616a0c36,d61d046b8
q616a0c36,d61d57f48
q616a0c36,d61d3c23e
q6167c93a,d6165996c
q6167c93a,d61d4021c
q6167c93a,d61de2d1e
q6167c93a,d61cf713e
q6167c93a,d61d41d7e
q6167c93a,d61e42c3c
q6167c93a,d61d7b95c
q6167c93a,d61d7af20
q6167c93a,d6167a112
q6167c93a,d61d5f388
q616a3ed6,d6166e8e4
q616a3ed6,d61d7477e
q616a3ed6,d61d818b6
q616a3ed6,d61e2c9a0
q616a3ed6,d61d4a078
q616a3ed6,d61cf706c
q616a3ed6,d61d39a3e
q616a3ed6,d61d39c46
q616a3ed6,d61ddf6c8
q616a3ed6,d6166587a
q6165b712,d6165b74e
q6165b712,d6166655e
q6165b712,d61de4ccc
q6165b712,d61d483ae
q6165b712,d6168ea86
q6165b712,d61d89a98
q6165b712,d61d7cb40
q6165b712,d61db88f2
q6165b712,d61d41824
q6165b712,d61651dca
q6165a178,d61d66836
q6165a178,d61da796c
q6165a178,d61d61016
q6165a178,d61d428d2
q6165a178,d61652ff4
q6165a178,d61d42ada
q6165a178,d61e62d66
q6165a178,d61651906
q6165a178,d61dcd93c
q6165a178,d61d4163a
q61659908,d61d3c432
q61659908,d61d54ce4
q61659908,d61d4984e
q61659908,d61653d14
q61659908,d61d13dac
q61659908,d61d5b670
q61659908,d61dddbc0
q61659908,d61d3a81c
q61659908,d61e1b86c
q61659908,d61d4a7d0
q6169c8ca,d61d7567e
q6169c8ca,d61d87554
q6169c8ca,d61de0e06
q6169c8ca,d61657626
q6169c8ca,d61d34c46
q6169c8ca,d61d41914
q6169c8ca,d61d08574
q6169c8ca,d61ddb9f6
q6169c8ca,d61d4b1b2
q6169c8ca,d61e171fe
q6165c202,d6165c25c
q6165c202,d61e2b050
q6165c202,d61d6fa1c
q6165c202,d61cfbc98
q6165c202,d61da59e6
q6165c202,d61d39d7c
q6165c202,d61cf30b6
q6165c202,d61d40c94
q6165c202,d61d32dc4
q6165c202,d61cf66d0
q61693694,d6165a36c
q61693694,d61dee060
q61693694,d61cfb3d8
q61693694,d61d3e610
q61693694,d61dd836e
q61693694,d61da4d98
q61693694,d61d4b82e
q61693694,d61d0a0ae
q61693694,d61d45aaa
q61693694,d61d782a2
q616a1668,d61650830
q616a1668,d61d8cb12
q616a1668,d61d74c7e
q616a1668,d61d85448
q616a1668,d61d9ca94
q616a1668,d61d927c4
q616a1668,d61d8052e
q616a1668,d61df3bdc
q616a1668,d61d3f0a6
q616a1668,d61d8420a
q61699e04,d61ddcefa
q61699e04,d6165d666
q61699e04,d61d46a22
q61699e04,d61659156
q61699e04,d61d64676
q61699e04,d61d625ba
q61699e04,d61d697d4
q61699e04,d61d7b362
q61699e04,d61dc5a8e
q61699e04,d61e8325a
q616788e4,d61d34a7a
q616788e4,d61e65250
q616788e4,d61e2511e
q616788e4,d61d57b2e
q616788e4,d61dd02b8
q616788e4,d61d3d5bc
q616788e4,d61d56b70
q616788e4,d61e62d66
q616788e4,d61da22f0
q616788e4,d61d2fe08
q61676e18,d61d4021c
q61676e18,d6165ef8e
q61676e18,d61d1fc2e
q61676e18,d61df6fc6
q61676e18,d61654976
q61676e18,d61d2912a
q61676e18,d61d5d290
q61676e18,d61dd2108
q61676e18,d61655a2e
q61676e18,d61decdc8
q6167aa86,d6167aacc
q6167aa86,d61d5b1d4
q6167aa86,d61d34d22
q6167aa86,d6165defe
q6167aa86,d61d3fccc
q6167aa86,d61d36960
q6167aa86,d61db74fc
q6167aa86,d61db3a78
q6167aa86,d61d38170
q6167aa86,d61d292a6
q61655664,d61ddd210
q61655664,d616556b4
q61655664,d61d305d8
q61655664,d61e0adb4
q61655664,d61de8778
q61655664,d61d694fa
q61655664,d61680b16
q61655664,d61d216c8
q61655664,d61663a84
q61655664,d61d62812
q6167c5f2,d61d89d90
q6167c5f2,d61dbca42
q6167c5f2,d61d6f710
q6167c5f2,d61d40316
q6167c5f2,d6165e052
q6167c5f2,d61cf249a
q6167c5f2,d616596b0
q6167c5f2,d61dbc920
q6167c5f2,d61e3ed8a
q6167c5f2,d61da74b2
q61680274,d61dcf764
q61680274,d61dbc920
q61680274,d61d869b0
q61680274,d61d33f26
q61680274,d61d562b0
q61680274,d61d8c270
q61680274,d61de9ab0
q61680274,d61673dee
q61680274,d61dabda0
q61680274,d61d96720
q616959b2,d61654d5e
q616959b2,d61cf6e96
q616959b2,d61e6e792
q616959b2,d61d3772a
q616959b2,d61d566ca
q616959b2,d61de2f94
q616959b2,d61d06940
q616959b2,d61d4a992
q616959b2,d61d3d2ce
q616959b2,d616868fe
q61680558,d61668eda
q61680558,d61dc22d0
q61680558,d61d89354
q61680558,d61e97bba
q61680558,d61cffbcc
q61680558,d61d917c0
q61680558,d61d7d2b6
q61680558,d61e09ba8
q61680558,d6165241e
q61680558,d61e2ce1e
q616a5c18,d61d9c044
q616a5c18,d6166f3e8
q616a5c18,d61dd2dec
q616a5c18,d61d96a0e
q616a5c18,d61e9b3be
q616a5c18,d61d9aa64
q616a5c18,d61d835e4
q616a5c18,d61d4cb20
q616a5c18,d61dbf60c
q616a5c18,d61d43cd2
q6166cb66,d61d6f954
q6166cb66,d61d68e42
q6166cb66,d61d36960
q6166cb66,d6165b4a6
q6166cb66,d61d3fae2
q6166cb66,d6167082e
q6166cb66,d6166125c
q6166cb66,d61d3c7b6
q6166cb66,d61d56c38
q6166cb66,d61dbc768
q616964d4,d61666b6c
q616964d4,d61d3ebe2
q616964d4,d616673dc
q616964d4,d616515c8
q616964d4,d61dd95ca
q616964d4,d61d4eba0
q616964d4,d61dfa6bc
q616964d4,d61d76d1c
q616964d4,d61d39002
q616964d4,d61d41568
q616885fa,d61de7620
q616885fa,d61651906
q616885fa,d61e33962
q616885fa,d61dcd93c
q616885fa,d61652ff4
q616885fa,d61d7dafe
q616885fa,d61dfe8f2
q616885fa,d61d73202
q616885fa,d61cf6cac
q616885fa,d61dfbd46
q61656b54,d61d91928
q61656b54,d61d32ca2
q61656b54,d61d77df2
q61656b54,d61dab45e
q61656b54,d61cf735a
q61656b54,d61dbab34
q61656b54,d61d80e70
q61656b54,d61d5f55e
q61656b54,d61656bae
q61656b54,d61d196b2
q616823d0,d61cf66d0
q616823d0,d61d68a78
q616823d0,d61df03f6
q616823d0,d61d91626
q616823d0,d61d625ba
q616823d0,d61d39d7c
q616823d0,d61e26406
q616823d0,d61cf6f72
q616823d0,d61dde570
q616823d0,d61d3fae2
q616a9e9e,d61d3d5bc
q616a9e9e,d61dd02b8
q616a9e9e,d61d80042
q616a9e9e,d61d858da
q616a9e9e,d61da22f0
q616a9e9e,d61665db6
q616a9e9e,d616644ac
q616a9e9e,d61d02778
q616a9e9e,d61dc0eda
q616a9e9e,d61d6c218
q6166564a,d61d74ff8
q6166564a,d61dcfc82
q6166564a,d61d2dd92
q6166564a,d61de898a
q6166564a,d61ddbf14
q6166564a,d61d99e84
q6166564a,d61d53c40
q6166564a,d61d9569a
q6166564a,d61d4fac8
q6166564a,d61db090e
q61685d14,d61e1ee40
q61685d14,d61650ce0
q61685d14,d6165b23a
q61685d14,d6165e9e4
q61685d14,d61d6206a
q61685d14,d61d4d7d2
q61685d14,d61ceeec6
q61685d14,d61db9892
q61685d14,d61d134ba
q61685d14,d61e487cc
q6164f962,d61cf8a02
q6164f962,d6164f9bc
q6164f962,d61d87eb4
q6164f962,d61e96ad0
q6164f962,d61d43cd2
q6164f962,d61e1e2f6
q6164f962,d61e7f02e
q6164f962,d61cfe97a
q6164f962,d61dc93b4
q6164f962,d61d7b18c
q6167707a,d61d60aee
q6167707a,d6166d2b4
q6167707a,d61d32ec8
q6167707a,d61cef178
q6167707a,d61d9424a
q6167707a,d61dab2ec
q6167707a,d61d174ca
q6167707a,d616536fc
q6167707a,d61d670c4
q6167707a,d61d379f0
q6166120c,d6166125c
q6166120c,d61d66390
q6166120c,d61d7c30c
q6166120c,d61d6f954
q6166120c,d61db74fc
q6166120c,d61d36cf8
q6166120c,d616592c8
q6166120c,d61db3a78
q6166120c,d61d00676
q6166120c,d61d694fa
q61672318,d61d7c7b2
q61672318,d61cf30b6
q61672318,d61d530ba
q61672318,d61dff6ee
q61672318,d61cf706c
q61672318,d61dd6ac8
q61672318,d61d4a078
q61672318,d61d4bc48
q61672318,d61db2db2
q61672318,d61d6cee8
q616ab604,d61687736
q616ab604,d61d2129a
q616ab604,d61e48e3e
q616ab604,d61d370c2
q616ab604,d61d49f2e
q616ab604,d61d4951a
q616ab604,d616539a4
q616ab604,d61d36960
q616ab604,d61d68e42
q616ab604,d61d883aa
q6167d27c,d6166b856
q6167d27c,d61d5c0c0
q6167d27c,d61d6f954
q6167d27c,d61d3fbdc
q6167d27c,d61d553b0
q6167d27c,d61d31046
q6167d27c,d61d80218
q6167d27c,d61d7b452
q6167d27c,d61d30df8
q6167d27c,d61d77596
q616734b6,d6166f3e8
q616734b6,d61d127fe
q616734b6,d61dc07fa
q616734b6,d61d7a156
q616734b6,d61d3ef20
q616734b6,d61d32932
q616734b6,d61684cb6
q616734b6,d61d686ae
q616734b6,d61d16e6c
q616734b6,d61d3b56e
q61669c9a,d61d4fcb2
q61669c9a,d6166f87a
q61669c9a,d6166041a
q61669c9a,d61d77596
q61669c9a,d6167bf94
q61669c9a,d61d6024c
q61669c9a,d61d7b452
q61669c9a,d61d5c0c0
q61669c9a,d61d553b0
q61669c9a,d6166b856
q616a3760,d6167fbbc
q616a3760,d61d639a6
q616a3760,d616545fc
q616a3760,d61661752
q616a3760,d61d7febc
q616a3760,d61dc26ae
q616a3760,d61658738
q616a3760,d61d147ca
q616a3760,d61d6d5d2
q616a3760,d61dd0420
q6167fe1e,d61e33dd6
q6167fe1e,d61d895f2
q6167fe1e,d6167a824
q6167fe1e,d61d3b56e
q6167fe1e,d61ea6bd8
q6167fe1e,d61d6356e
q6167fe1e,d6166224c
q6167fe1e,d6164fc46
q6167fe1e,d61e85bae
q6167fe1e,d61d3c16c
q61680eae,d6167331c
q61680eae,d61dbb53e
q61680eae,d61d8031c
q61680eae,d61de55dc
q61680eae,d61d9f47e
q61680eae,d6166224c
q61680eae,d61657f36
q61680eae,d61ea6bd8
q61680eae,d61d0a0ae
q61680eae,d61d782a2
q61666040,d61cfd99e
q61666040,d61654976
q61666040,d6168290c
q61666040,d61d297ce
q61666040,d61de7206
q61666040,d61d55054
q61666040,d61cefdb2
q61666040,d61d4a078
q61666040,d61cfe4ac
q61666040,d61cff2ee
q6165e2d2,d616535da
q6165e2d2,d61d712cc
q6165e2d2,d61d36f28
q6165e2d2,d61d9deee
q6165e2d2,d61dc620e
q6165e2d2,d61d99e84
q6165e2d2,d61d5034c
q6165e2d2,d61d0e8ca
q6165e2d2,d61d3d706
q6165e2d2,d61d4bf2c
q61676076,d616760d0
q61676076,d61e8e286
q61676076,d61d52124
q61676076,d61e15df4
q61676076,d61db19bc
q61676076,d61e70966
q61676076,d61d5bfb2
q61676076,d61e91d5a
q61676076,d61cf1f0e
q61676076,d61dcb1c8
q61670540,d61693946
q61670540,d61670572
q61670540,d61d4e1be
q61670540,d61db79a2
q61670540,d61d2bede
q61670540,d61d48ffc
q61670540,d61d057de
q61670540,d61d68596
q61670540,d61d77596
q61670540,d61da9258
q616a9854,d61d13dac
q616a9854,d61e3b43c
q616a9854,d6165270c
q616a9854,d61d6d2c6
q616a9854,d616950b6
q616a9854,d61d953f2
q616a9854,d61cf84b2
q616a9854,d61e40554
q616a9854,d61e65a3e
q616a9854,d61dceeea
q616a08d0,d61ea9748
q616a08d0,d61e1d8a6
q616a08d0,d61d79b7a
q616a08d0,d61db17dc
q616a08d0,d6165270c
q616a08d0,d61db2fba
q616a08d0,d61d8a966
q616a08d0,d61d6d2c6
q616a08d0,d616950b6
q616a08d0,d61d45532
q6165d8a0,d61e33962
q6165d8a0,d61dc654c
q6165d8a0,d61da7804
q6165d8a0,d61dc5872
q6165d8a0,d61d0fae0
q6165d8a0,d6165d8fa
q6165d8a0,d61dc2d52
q6165d8a0,d61ea84ba
q6165d8a0,d61d3f0a6
q6165d8a0,d61d9e4f2
q6166e100,d61d6cee8
q6166e100,d61cf30b6
q6166e100,d61cf3b74
q6166e100,d61d40ed8
q6166e100,d61da0c3e
q6166e100,d61d4bc48
q6166e100,d61d35e70
q6166e100,d61cfe4ac
q6166e100,d61dcf67e
q6166e100,d61d6bbe2
q6165d9e0,d61d2c3a2
q6165d9e0,d61d4611c
q6165d9e0,d61de98ee
q6165d9e0,d61d49628
q6165d9e0,d61d02246
q6165d9e0,d61d98dcc
q6165d9e0,d61e6e792
q6165d9e0,d61d4fdac
q6165d9e0,d6166fae6
q6165d9e0,d61d3b794
q6167b47c,d6165c82e
q6167b47c,d61ddaf38
q6167b47c,d6168493c
q6167b47c,d61d50982
q6167b47c,d61d909d8
q6167b47c,d61dbf922
q6167b47c,d61d03fb0
q6167b47c,d61d61016
q6167b47c,d61dd9df4
q6167b47c,d61d3bf8c
q61664ae2,d61e278ec
q61664ae2,d61d90d8e
q61664ae2,d61dd38aa
q61664ae2,d61d3034e
q61664ae2,d61db37ee
q61664ae2,d61cf3cfa
q61664ae2,d61d2f5ac
q61664ae2,d61e8ecea
q61664ae2,d61e104b2
q61664ae2,d61dcdfea
q6169a50c,d61d94eca
q6169a50c,d61cf6cac
q6169a50c,d61d037e0
q6169a50c,d61681034
q6169a50c,d61d8cb12
q6169a50c,d61d01bd4
q6169a50c,d61dbf152
q6169a50c,d61d49f2e
q6169a50c,d61d2129a
q6169a50c,d61eac8f8
q6169af02,d6166e29a
q6169af02,d61d36c1c
q6169af02,d61d532d6
q6169af02,d61d43908
q6169af02,d61cf177a
q6169af02,d61d3c068
q6169af02,d61d79e68
q6169af02,d61e090ea
q6169af02,d61d85ab0
q6169af02,d61e46404
q616ad18e,d6165da30
q616ad18e,d61de2f94
q616ad18e,d61d00590
q616ad18e,d61cfe146
q616ad18e,d61d3d2ce
q616ad18e,d616868fe
q616ad18e,d61d10666
q616ad18e,d61d3b960
q616ad18e,d61672dae
q616ad18e,d61cf6e96
q6166a096,d61daa73e
q6166a096,d61d02142
q6166a096,d61d0262e
q6166a096,d61652ff4
q6166a096,d61d869b0
q6166a096,d61de0140
q6166a096,d61d73946
q6166a096,d61e33962
q6166a096,d61dd9df4
q6166a096,d61d46540
q616a6c12,d61e8d5d4
q616a6c12,d61cfe5b0
q616a6c12,d61d7f106
q616a6c12,d61d84b92
q616a6c12,d61e65250
q616a6c12,d61d87d74
q616a6c12,d6168ddf2
q616a6c12,d61d536dc
q616a6c12,d61d44e02
q616a6c12,d61d40c94
q616981ee,d61668eda
q616981ee,d61d89354
q616981ee,d61662094
q616981ee,d61e09ba8
q616981ee,d6165241e
q616981ee,d61e2ce1e
q616981ee,d61d7d2b6
q616981ee,d61667256
q616981ee,d61d37392
q616981ee,d61dd4ca0
q616887b2,d6165bf50
q616887b2,d61d4e56a
q616887b2,d61db72fe
q616887b2,d61d3482c
q616887b2,d61d80a38
q616887b2,d61d53c40
q616887b2,d61def08c
q616887b2,d61df717e
q616887b2,d61d63e10
q616887b2,d61d562b0
q616ab9a6,d6166369c
q616ab9a6,d6165d4fe
q616ab9a6,d61e9960e
q616ab9a6,d61664b46
q616ab9a6,d616644ac
q616ab9a6,d61e5a97c
q616ab9a6,d61d8e9f8
q616ab9a6,d61cff780
q616ab9a6,d61d2e512
q616ab9a6,d61d600b2
q616898a6,d6166af5a
q616898a6,d61d2f110
q616898a6,d61cfff00
q616898a6,d61d30cc2
q616898a6,d61d8fb0a
q616898a6,d61d45316
q616898a6,d61d53ff6
q616898a6,d61d46eb4
q616898a6,d61de7d28
q616898a6,d61d02142
q61669466,d61d2c4b0
q61669466,d61d358da
q61669466,d61d5d6fa
q61669466,d61dc75d2
q61669466,d61d42c2e
q61669466,d61d3fccc
q61669466,d61dd74c8
q61669466,d616606d6
q61669466,d61d73ee6
q61669466,d61d451cc
q616a0628,d61cfbc98
q616a0628,d61d8d170
q616a0628,d61df7552
q616a0628,d61d8a452
q616a0628,d61cf03f2
q616a0628,d61d57764
q616a0628,d61d7c244
q616a0628,d6165c25c
q616a0628,d61d59e6a
q616a0628,d61db97a2
q6168d8fc,d61d671a0
q6168d8fc,d6168ba0c
q6168d8fc,d6166288c
q6168d8fc,d61e1a4a8
q6168d8fc,d61d9f550
q6168d8fc,d61d7acfa
q6168d8fc,d61da74b2
q6168d8fc,d61d07732
q6168d8fc,d61d014d6
q6168d8fc,d61653b7a
q6168bc46,d61d5b0e4
q6168bc46,d61d4308e
q6168bc46,d61de3480
q6168bc46,d61e9225a
q6168bc46,d6166125c
q6168bc46,d61d3acd6
q6168bc46,d61d67272
q6168bc46,d61dcbef2
q6168bc46,d61d3ba6e
q6168bc46,d61d08132
q61678e66,d61e7f7e0
q61678e66,d61d5e8de
q61678e66,d61d3dee0
q61678e66,d6165628a
q61678e66,d61d18550
q61678e66,d61e9da2e
q61678e66,d61d13fbe
q61678e66,d61e024de
q61678e66,d61d48642
q61678e66,d61d35aba
q6167f734,d61daf306
q6167f734,d61cfdf8e
q6167f734,d61d136a4
q6167f734,d61d2dbee
q6167f734,d61d05716
q6167f734,d61e07092
q6167f734,d61d84b92
q6167f734,d61d44e02
q6167f734,d616a5204
q6167f734,d61d96612
q6166677a,d61d86e60
q6166677a,d61e12a64
q6166677a,d61d82914
q6166677a,d61d5f7ac
q6166677a,d61d5839e
q6166677a,d61d6169c
q6166677a,d61d9fcb2
q6166677a,d61d84430
q6166677a,d61d50072
q6166677a,d61d3412e
q61686282,d61d75386
q61686282,d61d7a372
q61686282,d616862d2
q61686282,d6165ae20
q61686282,d61d30204
q61686282,d61d30cc2
q61686282,d61d99402
q61686282,d6166d174
q61686282,d61d99916
q61686282,d61d4dc50
q616851fc,d61d782a2
q616851fc,d61d45aaa
q616851fc,d61e89d1c
q616851fc,d61657f36
q616851fc,d61d640e0
q616851fc,d61dce62a
q616851fc,d61df65a8
q616851fc,d61cf8660
q616851fc,d6166a47e
q616851fc,d6166e6c8
q61652a68,d61d818b6
q61652a68,d61e1073c
q61652a68,d61652ad6
q61652a68,d61d6f1e8
q61652a68,d61dc918e
q61652a68,d61d7e7c4
q61652a68,d61d535b0
q61652a68,d61d34b56
q61652a68,d61da827c
q61652a68,d61e090ea
q616714c2,d61dbe464
q616714c2,d61d2d1f8
q616714c2,d6166655e
q616714c2,d61df14fe
q616714c2,d61d97652
q616714c2,d61dce62a
q616714c2,d61d34b56
q616714c2,d61d61016
q616714c2,d616509c0
q616714c2,d61d14e5a
q6166ec4a,d61da9546
q6166ec4a,d61e2a77c
q6166ec4a,d61d4ca58
q6166ec4a,d61ddfe70
q6166ec4a,d61d96928
q6166ec4a,d61d2bc72
q6166ec4a,d6166ace4
q6166ec4a,d61d80632
q6166ec4a,d61dbb94e
q6166ec4a,d61d623d0
q61653486,d61d690f4
q61653486,d616539a4
q61653486,d61d96a0e
q61653486,d61d9aa64
q61653486,d61d34d22
q61653486,d61d6d898
q61653486,d61d73ee6
q61653486,d61dc9a3a
q61653486,d61e1881a
q61653486,d61d10d5a
q61678682,d61dcd93c
q61678682,d61e291b0
q61678682,d6165d2a6
q61678682,d61da7804
q61678682,d61e33962
q61678682,d61d56b70
q61678682,d61d73338
q61678682,d61dfd0ba
q61678682,d61d4c026
q61678682,d61d73522
q61665d48,d61657130
q61665d48,d61d56ed6
q61665d48,d61cf34c6
q61665d48,d61dbb94e
q61665d48,d61d85704
q61665d48,d61d934f8
q61665d48,d61e859a6
q61665d48,d61e0333e
q61665d48,d61db554e
q61665d48,d61cf9092
q61685616,d6165f5ec
q61685616,d61d2b268
q61685616,d61d9aa64
q61685616,d61dc9a3a
q61685616,d61d3745a
q61685616,d61d96a0e
q61685616,d61660a50
q61685616,d61d3973c
q61685616,d61e35faa
q61685616,d61dd56a0
q616a01fa,d61ea1048
q616a01fa,d61d4a7d0
q616a01fa,d61663dfe
q616a01fa,d61d140f4
q616a01fa,d61dd2928
q616a01fa,d61dd6406
q616a01fa,d61d2cb9a
q616a01fa,d61da347a
q616a01fa,d61dce530
q616a01fa,d61e1274e
q6166a550,d61d8650a
q6166a550,d61d74b66
q6166a550,d61d08ed4
q6166a550,d61d79cce
q6166a550,d61e0b32c
q6166a550,d61db61a6
q6166a550,d61dba8f0
q6166a550,d6166a5d2
q6166a550,d616536fc
q6166a550,d61d793b4
q616684d0,d61d9569a
q616684d0,d61d67c54
q616684d0,d61d014d6
q616684d0,d61d1579c
q616684d0,d61d80e70
q616684d0,d61d7febc
q616684d0,d61d40316
q616684d0,d61e15df4
q616684d0,d616680b6
q616684d0,d61d308da
q616794a6,d6167950a
q616794a6,d6167a824
q616794a6,d61d52c32
q616794a6,d61d0fae0
q616794a6,d61e3724c
q616794a6,d61d2ada4
q616794a6,d61da7804
q616794a6,d61d3fa1a
q616794a6,d6168cff6
q616794a6,d61e2a880
q6168db2c,d61d6be8a
q6168db2c,d61d79b7a
q6168db2c,d61e1d8a6
q6168db2c,d61651f82
q6168db2c,d61ea9748
q6168db2c,d61d43cd2
q6168db2c,d61db17dc
q6168db2c,d61d925e4
q6168db2c,d6168db72
q6168db2c,d61db2fba
q616671de,d61667256
q616671de,d61668eda
q616671de,d6166224c
q616671de,d61d4f438
q616671de,d61d888fa
q616671de,d61d39c46
q616671de,d6168290c
q616671de,d61d7de50
q616671de,d61d3b56e
q616671de,d61d296f2
q616a0394,d61def08c
q616a0394,d61df717e
q616a0394,d6165bf50
q616a0394,d61d4e56a
q616a0394,d61d45d84
q616a0394,d61672692
q616a0394,d61d80a38
q616a0394,d61daf306
q616a0394,d61db15ca
q616a0394,d61d49c72
q6165e750,d6165d4fe
q6165e750,d61eac56a
q6165e750,d6166369c
q6165e750,d61db19bc
q6165e750,d61d44d30
q6165e750,d61d55180
q6165e750,d61e0f3e6
q6165e750,d61e908c4
q6165e750,d61d1f4ae
q6165e750,d61e0ef9a
q6168003a,d61d4231e
q6168003a,d61d6dea6
q6168003a,d6166ade8
q6168003a,d61e14152
q6168003a,d61d2e0bc
q6168003a,d61df3970
q6168003a,d61d938f4
q6168003a,d61d58f1a
q6168003a,d61d4c954
q6168003a,d61df8826
q6165f2fe,d6165f344
q6165f2fe,d61658864
q6165f2fe,d61d00bbc
q6165f2fe,d61d0705c
q6165f2fe,d61d2e33c
q6165f2fe,d61ddbd84
q6165f2fe,d61d82e0a
q6165f2fe,d61dfaf9a
q6165f2fe,d61d8e890
q6165f2fe,d61da8b82
q616a7982,d61de7206
q616a7982,d61652ad6
q616a7982,d61e0b32c
q616a7982,d61e01afc
q616a7982,d61da50a4
q616a7982,d61e3da84
q616a7982,d61d7e7c4
q616a7982,d61e1073c
q616a7982,d61cf735a
q616a7982,d61d9bb8a
q6166d4c6,d61651a6e
q6166d4c6,d61d34408
q6166d4c6,d61ddcb30
q6166d4c6,d61da4e88
q6166d4c6,d61cf3e12
q6166d4c6,d61e61de4
q6166d4c6,d61cf7a44
q6166d4c6,d61d6356e
q6166d4c6,d61d3f5ec
q6166d4c6,d61d91540
q6169776c,d61d04a82
q6169776c,d61d66cf0
q6169776c,d61d5016c
q6169776c,d61d7f200
q6169776c,d61d4ead8
q6169776c,d61d2e1b6
q6169776c,d61d127fe
q6169776c,d61dd96ba
q6169776c,d61d4edda
q6169776c,d61dc5502
q61672444,d61d56ed6
q61672444,d61657130
q61672444,d61da9ece
q61672444,d61dbb94e
q61672444,d61dcf962
q61672444,d61d29cb0
q61672444,d61d3fae2
q61672444,d61e0333e
q61672444,d61d934f8
q61672444,d61d777f8
q6168dece,d616749e2
q6168dece,d61e97ade
q6168dece,d616760d0
q6168dece,d61d606c0
q6168dece,d61d4e7c2
q6168dece,d61663052
q6168dece,d61e4d326
q6168dece,d61dc5962
q6168dece,d6166d174
q6168dece,d61d492fe
q6166fa8c,d61d9bf22
q6166fa8c,d61d3a81c
q6166fa8c,d61cf0de8
q6166fa8c,d6166fae6
q6166fa8c,d61d72b2c
q6166fa8c,d6165628a
q6166fa8c,d61cf604a
q6166fa8c,d61cfaab4
q6166fa8c,d61de98ee
q6166fa8c,d61d3dee0
q6167d722,d6166c8e6
q6167d722,d61d7b592
q6167d722,d61df7962
q6167d722,d61d2c0be
q6167d722,d616596b0
q6167d722,d61d2af70
q6167d722,d61d95abe
q6167d722,d61d8e700
q6167d722,d61db50da
q6167d722,d61da01b2
q616925a0,d61d34a7a
q616925a0,d61dd6406
q616925a0,d61d57b2e
q616925a0,d61d97652
q616925a0,d61d42ada
q616925a0,d61dd02b8
q616925a0,d61d97094
q616925a0,d61d80042
q616925a0,d61d4b41e
q616925a0,d61e2511e
q6169aff2,d61ea1048
q6169aff2,d61e0eb26
q6169aff2,d61d0be54
q6169aff2,d61ddaf38
q6169aff2,d61d31a5a
q6169aff2,d61d3cfcc
q6169aff2,d61d03fb0
q6169aff2,d61d2dbee
q6169aff2,d61d568a0
q6169aff2,d61dc5502
q6168f97c,d6167676a
q6168f97c,d61e3b43c
q6168f97c,d61e688ce
q6168f97c,d61677610
q6168f97c,d61e62d66
q6168f97c,d61e8e538
q6168f97c,d61d881a2
q6168f97c,d61d60aee
q6168f97c,d61d9424a
q6168f97c,d61d670c4
q616a704a,d61d02c50
q616a704a,d61e424b2
q616a704a,d6169a002
q616a704a,d61dbcee8
q616a704a,d61d36690
q616a704a,d61d625ba
q616a704a,d61d30042
q616a704a,d61dd23f6
q616a704a,d61dbff3a
q616a704a,d61d774a6
q616720c0,d6166041a
q616720c0,d61d2c4b0
q616720c0,d61d2cb9a
q616720c0,d61da770a
q616720c0,d61db2218
q616720c0,d61dd74c8
q616720c0,d61d42c2e
q616720c0,d61e35dfc
q616720c0,d61d3342c
q616720c0,d61e8debc
q6165e4e4,d61d9b1c6
q6165e4e4,d61e1cbea
q6165e4e4,d61d4ce90
q6165e4e4,d6167a2a2
q6165e4e4,d61cf3836
q6165e4e4,d6166a258
q6165e4e4,d61d02458
q6165e4e4,d61dbe766
q6165e4e4,d6166af5a
q6165e4e4,d616530f8
q61688334,d61652ea0
q61688334,d61d4f5d2
q61688334,d61d2d9fa
q61688334,d61dfd4ac
q61688334,d61da9744
q61688334,d6166655e
q61688334,d61d308da
q61688334,d61dbe0b8
q61688334,d61660dfc
q61688334,d61d9d0c0
q616569d8,d61da2782
q616569d8,d6164fb42
q616569d8,d61656a32
q616569d8,d61e50e54
q616569d8,d61de06ae
q616569d8,d61d43b92
q616569d8,d61df6fc6
q616569d8,d61d02778
q616569d8,d61d48642
q616569d8,d61d66138
q61694ef4,d61d7e7c4
q61694ef4,d61d4f776
q61694ef4,d61da50a4
q61694ef4,d61d955a0
q61694ef4,d61e1073c
q61694ef4,d61d793b4
q61694ef4,d61652ad6
q61694ef4,d61d8650a
q61694ef4,d61dfc444
q61694ef4,d61d6f1e8
q616504de,d61650524
q616504de,d61cf7a44
q616504de,d61d3f5ec
q616504de,d61e2557e
q616504de,d61d6ecc0
q616504de,d61e28986
q616504de,d61d88490
q616504de,d61674046
q616504de,d61e8b0ea
q616504de,d61d5fefa
q6166ad98,d6166ade8
q6166ad98,d61d4231e
q6166ad98,d61d4c954
q6166ad98,d61d58f1a
q6166ad98,d61d6dea6
q6166ad98,d61d61d7c
q6166ad98,d61d71060
q6166ad98,d61e14152
q6166ad98,d61d7a6b0
q6166ad98,d61e05e90
q616828bc,d61d4eba0
q616828bc,d616515c8
q616828bc,d61d8f4ac
q616828bc,d61666b6c
q616828bc,d61dc20be
q616828bc,d61e8303e
q616828bc,d61de7012
q616828bc,d61e090ea
q616828bc,d61d2f3ae
q616828bc,d61e28116
q616a2a68,d6165eaf2
q616a2a68,d61e91d5a
q616a2a68,d61e70966
q616a2a68,d61d8b8d4
q616a2a68,d61d4e646
q616a2a68,d61db3f28
q616a2a68,d616631ec
q616a2a68,d61e08f32
q616a2a68,d61d50e46
q616a2a68,d61d2b736
q61684c52,d61684cb6
q61684c52,d6166f3e8
q61684c52,d61dd2dec
q61684c52,d61e5042c
q61684c52,d61d3ff2e
q61684c52,d61cfc8fa
q61684c52,d61e0ec34
q61684c52,d61e291b0
q61684c52,d61e01afc
q61684c52,d61e0f0bc
q616957be,d61680d6e
q616957be,d61e1ee40
q616957be,d61d519cc
q616957be,d6165d7a6
q616957be,d61e859a6
q616957be,d61cf3e12
q616957be,d61dad09c
q616957be,d61ceeec6
q616957be,d61e487cc
q616957be,d61d3a394
q61650984,d61e4b80a
q61650984,d616785a6
q61650984,d61d8d170
q61650984,d61687736
q61650984,d61d4fac8
q61650984,d61d2129a
q61650984,d61651dca
q61650984,d61dbf152
q61650984,d61cf93bc
q61650984,d61e2ce1e
q61675c3e,d61cfa56e
q61675c3e,d61d61016
q61675c3e,d61668ab6
q61675c3e,d61dbb53e
q61675c3e,d61d34b56
q61675c3e,d61d3ac0e
q61675c3e,d61dddbc0
q61675c3e,d61d047bc
q61675c3e,d61d73522
q61675c3e,d61da31c8
q61656dde,d61656ce4
q61656dde,d61d47fda
q61656dde,d61cfbf4a
q61656dde,d61e171fe
q61656dde,d61d4b1b2
q61656dde,d61db7fce
q61656dde,d61d08574
q61656dde,d61ddb9f6
q61656dde,d61ddcb30
q61656dde,d61d58ce0
q6165ab46,d61d314d8
q6165ab46,d6165ab96
q6165ab46,d61da9438
q6165ab46,d61d5de84
q6165ab46,d61d002d4
q6165ab46,d61d30fb0
q6165ab46,d6168643a
q6165ab46,d61eac56a
q6165ab46,d61d9dcbe
q6165ab46,d61d29f26
q61680148,d61ddb62c
q61680148,d61df2a0c
q61680148,d61db1ea8
q61680148,d616556b4
q61680148,d61d99bdc
q61680148,d61d6a7c4
q61680148,d61e0adb4
q61680148,d61db89ce
q61680148,d61653e4a
q61680148,d61de8778
q6167455a,d6164fd9a
q6167455a,d61d519cc
q6167455a,d61d51d32
q6167455a,d61651a6e
q6167455a,d61d2c5c8
q6167455a,d61dd0fc4
q6167455a,d6165e9e4
q6167455a,d61d3f5ec
q6167455a,d61d08b64
q6167455a,d61cf7a44
q6166391c,d61663980
q6166391c,d61d90d8e
q6166391c,d61d59b54
q6166391c,d61652c8e
q6166391c,d61e2ce1e
q6166391c,d61dab116
q6166391c,d61d3772a
q6166391c,d61daffcc
q6166391c,d61676f8a
q6166391c,d61d65936
q6169ba4c,d61cfb950
q6169ba4c,d61de0a14
q6169ba4c,d61d3f4f2
q6169ba4c,d61d2fb1a
q6169ba4c,d61d7ea58
q6169ba4c,d61cf18a6
q6169ba4c,d61d54ce4
q6169ba4c,d61dea83e
q6169ba4c,d6167048c
q6169ba4c,d61dbb53e
q6166c76a,d61daf306
q6166c76a,d6166c7ba
q6166c76a,d61cfdf8e
q6166c76a,d61668660
q6166c76a,d61d5fe28
q6166c76a,d61d7ab2e
q6166c76a,d61dcfc82
q6166c76a,d61d136a4
q6166c76a,d61d3c23e
q6166c76a,d61db31a4
q61657c52,d61d10d5a
q61657c52,d616831c2
q61657c52,d61d5dc0e
q61657c52,d61cf34c6
q61657c52,d61d85704
q61657c52,d61d85088
q61657c52,d61d61976
q61657c52,d61d792b0
q61657c52,d61657130
q61657c52,d61d516fc
q616545a2,d61d439ee
q616545a2,d61d18adc
q616545a2,d61d77f78
q616545a2,d616a402a
q616545a2,d61e0f3e6
q616545a2,d616545fc
q616545a2,d61d8642e
q616545a2,d61d44d30
q616545a2,d61d80e70
q616545a2,d61d84e08
q6168da3c,d61650b5a
q6168da3c,d61656168
q6168da3c,d61db1430
q6168da3c,d61d7e10c
q6168da3c,d61ea414e
q6168da3c,d61d02ea8
q6168da3c,d61d4aac8
q6168da3c,d61d29ba2
q6168da3c,d6165ef8e
q6168da3c,d6165f11e
q6167f202,d61d4a7d0
q6167f202,d61d4d430
q6167f202,d61d8c77a
q6167f202,d61e969ae
q6167f202,d61cfa56e
q6167f202,d61d0f6d0
q6167f202,d61dfff2c
q6167f202,d6167f266
q6167f202,d61d5f7ac
q6167f202,d61e8d5d4
q6166bb12,d61d7b18c
q6166bb12,d61d87eb4
q6166bb12,d61d08894
q6166bb12,d61e7f02e
q6166bb12,d61e61740
q6166bb12,d6167c228
q6166bb12,d61d53a06
q6166bb12,d61669fec
q6166bb12,d61e80852
q6166bb12,d61e3a5aa
q616a835a,d61d625ba
q616a835a,d61d64676
q616a835a,d61d697d4
q616a835a,d61659c0a
q616a835a,d61d40c94
q616a835a,d61e26406
q616a835a,d61d6fa1c
q616a835a,d61cf6f72
q616a835a,d61cfe5b0
q616a835a,d61d3f290
q6169b650,d616749e2
q6169b650,d61d5e5f0
q6169b650,d61dbe1a8
q6169b650,d616760d0
q6169b650,d61e31a54
q6169b650,d61e15df4
q6169b650,d61d2f5ac
q6169b650,d61ea5e18
q6169b650,d61d56b70
q6169b650,d61da9744
q6169bdf8,d6167082e
q6169bdf8,d61d147ca
q6169bdf8,d61d522fa
q6169bdf8,d61d4c878
q6169bdf8,d61d342fa
q6169bdf8,d616592c8
q6169bdf8,d6167aacc
q6169bdf8,d61d30b46
q6169bdf8,d61d4439e
q6169bdf8,d61dc75d2
q616a4eda,d61659ab6
q616a4eda,d61da8696
q616a4eda,d61d790ee
q616a4eda,d61d3d5bc
q616a4eda,d61e8303e
q616a4eda,d6165737e
q616a4eda,d61d6b020
q616a4eda,d616644ac
q616a4eda,d61d590e6
q616a4eda,d616545fc
q6168d26c,d6168643a
q6168d26c,d61daa73e
q6168d26c,d61d78388
q6168d26c,d61e1c8ca
q6168d26c,d61d316ae
q6168d26c,d61cf268e
q6168d26c,d61de64b4
q6168d26c,d61d71060
q6168d26c,d61da142c
q6168d26c,d61e0333e
q6167e690,d6167e6f4
q6167e690,d61d306a0
q6167e690,d61cfc666
q6167e690,d61cf274c
q6167e690,d61d13fbe
q6167e690,d61e43844
q6167e690,d61e8d5d4
q6167e690,d61d4a7d0
q6167e690,d61d7ea58
q6167e690,d6166c440
q61699ce2,d616596b0
q61699ce2,d61d43dcc
q61699ce2,d61d13cb2
q61699ce2,d6164fb42
q61699ce2,d61d43b92
q61699ce2,d6165e052
q61699ce2,d61d5d056
q61699ce2,d61d7558e
q61699ce2,d61dbca42
q61699ce2,d61d94eca
q6165e9a8,d61d1bb2e
q6165e9a8,d6164fd9a
q6165e9a8,d61d7d1c6
q6165e9a8,d61dca9ee
q6165e9a8,d61d54208
q6165e9a8,d61d5adb0
q6165e9a8,d61d45942
q6165e9a8,d61d8e020
q6165e9a8,d61d5c25a
q6165e9a8,d61d52232
q6168ec84,d61d0d420
q6168ec84,d6168ecb6
q6168ec84,d61d3adee
q6168ec84,d61d3da3a
q6168ec84,d61db856e
q6168ec84,d61d8ee44
q6168ec84,d61d359ca
q6168ec84,d61d4bc48
q6168ec84,d61679c4e
q6168ec84,d61d2efa8
q6166af00,d61da5dd8
q6166af00,d61cffd7a
q6166af00,d61d53ff6
q6166af00,d61662f44
q6166af00,d61d778e8
q6166af00,d61de7d28
q6166af00,d61d42a12
q6166af00,d61d8fb0a
q6166af00,d61d2d1f8
q6166af00,d6166af5a
q6165e1f6,d6165e3e0
q6165e1f6,d6165241e
q6165e1f6,d6165e23c
q6165e1f6,d61de1626
q6165e1f6,d61d88670
q6165e1f6,d61d2bd8a
q6165e1f6,d61d6f3fa
q6165e1f6,d61e09ba8
q6165e1f6,d61e8d5d4
q6165e1f6,d61e65250
q6168586e,d61d88ad0
q6168586e,d616530f8
q6168586e,d61e28116
q6168586e,d61cf3c28
q6168586e,d6167a2a2
q6168586e,d6165fd12
q6168586e,d61da255c
q6168586e,d6166587a
q6168586e,d61d39002
q6168586e,d61d37c2a
q6166aa6e,d61666b6c
q6166aa6e,d61d3ebe2
q6166aa6e,d61dfa6bc
q6166aa6e,d6166a258
q6166aa6e,d61d41568
q6166aa6e,d61d588da
q6166aa6e,d61da5dd8
q6166aa6e,d61d8fb0a
q6166aa6e,d61dd95ca
q6166aa6e,d61d49a42
q6168bd72,d61d34f34
q6168bd72,d61d52232
q6168bd72,d61dbf544
q6168bd72,d61d4b1b2
q6168bd72,d61680d6e
q6168bd72,d61d6206a
q6168bd72,d61d5db5a
q6168bd72,d61dad09c
q6168bd72,d6165b23a
q6168bd72,d61d08574
q61695f5c,d61d7477e
q61695f5c,d61663ce6
q61695f5c,d61d8cb12
q61695f5c,d61d71c54
q61695f5c,d61d92bf2
q61695f5c,d61d4021c
q61695f5c,d61e090ea
q61695f5c,d61e1073c
q61695f5c,d61d08ed4
q61695f5c,d61da2d7c
q61674d0c,d6166655e
q61674d0c,d61d14e5a
q61674d0c,d61df14fe
q61674d0c,d61dce62a
q61674d0c,d61dcb1c8
q61674d0c,d61da142c
q61674d0c,d61d34912
q61674d0c,d61dbe464
q61674d0c,d61d483ae
q61674d0c,d61dd0c54
q6168ea40,d61d3fd94
q6168ea40,d61d4951a
q6168ea40,d61e15df4
q6168ea40,d61d6a058
q6168ea40,d61d5bfb2
q6168ea40,d61dbb854
q6168ea40,d6166655e
q6168ea40,d6167a2a2
q6168ea40,d61d883aa
q6168ea40,d6168ea86
q6168317c,d616831c2
q6168317c,d61d10d5a
q6168317c,d61de70da
q6168317c,d61d4ae6a
q6168317c,d61d317a8
q6168317c,d61d5dc0e
q6168317c,d61d9d53e
q6168317c,d61d43ed0
q6168317c,d61d46c52
q6168317c,d61d0636e
q6166f38e,d6166f3e8
q6166f38e,d61dd2dec
q6166f38e,d61e291b0
q6166f38e,d61d3ff2e
q6166f38e,d61d2ba6a
q6166f38e,d61e5042c
q6166f38e,d61e0f0bc
q6166f38e,d61e0ec34
q6166f38e,d61684cb6
q6166f38e,d61dcd37e
q616640d8,d61d59366
q616640d8,d61d6c308
q616640d8,d61dff6ee
q616640d8,d61d4cd3c
q616640d8,d61dc122c
q616640d8,d61d68a78
q616640d8,d61db2db2
q616640d8,d61d3fccc
q616640d8,d61e98f74
q616640d8,d61d3d706
q6169ac64,d61d408ac
q6169ac64,d6165d2a6
q6169ac64,d61d605c6
q6169ac64,d61e06b88
q6169ac64,d61e291b0
q6169ac64,d61dcf480
q6169ac64,d61d96ef0
q6169ac64,d61651906
q6169ac64,d61ddca36
q6169ac64,d61d98dcc
q61675e96,d61d67272
q61675e96,d61e9225a
q61675e96,d61d3acd6
q61675e96,d61d342fa
q61675e96,d61d38170
q61675e96,d61656fc8
q61675e96,d61d8fc90
q61675e96,d61d3fccc
q61675e96,d61d76a9c
q61675e96,d61d5559a
q6169471a,d61d91928
q6169471a,d61d7b6a0
q6169471a,d61d32ca2
q6169471a,d61d77df2
q6169471a,d6165ec6e
q6169471a,d61d5f55e
q6169471a,d61d49448
q6169471a,d61dc7faa
q6169471a,d61d7e8be
q6169471a,d61e3ed8a
q61687e2a,d61666b6c
q61687e2a,d61d3ebe2
q61687e2a,d616673dc
q61687e2a,d61d39002
q61687e2a,d616515c8
q61687e2a,d6166a258
q61687e2a,d61d49a42
q61687e2a,d61dc85a4
q61687e2a,d61dd95ca
q61687e2a,d61dba49a
q6168efae,d6168effe
q6168efae,d61e843ee
q6168efae,d61db6ea8
q6168efae,d61d8c95a
q6168efae,d61d9dda4
q6168efae,d61d93caa
q6168efae,d616515c8
q6168efae,d61d05522
q6168efae,d61d2bd8a
q6168efae,d61d9e754
q61678cf4,d61664c72
q61678cf4,d61d9e858
q61678cf4,d6165d7a6
q61678cf4,d61d58ce0
q61678cf4,d61da21e2
q61678cf4,d61d5adb0
q61678cf4,d61d5db5a
q61678cf4,d61cfb52c
q61678cf4,d61cf062c
q61678cf4,d61dab738
q6165e854,d61d86e60
q6165e854,d61e12a64
q6165e854,d61d82914
q6165e854,d61d5f7ac
q6165e854,d61d5839e
q6165e854,d61d6169c
q6165e854,d61d9fcb2
q6165e854,d61d84430
q6165e854,d61d50072
q6165e854,d61d3412e
q6167924e,d61d505b8
q6167924e,d61d316ae
q6167924e,d61d8335a
q6167924e,d6165c626
q6167924e,d61cfe4ac
q6167924e,d6165ef8e
q6167924e,d61654976
q6167924e,d61dcd37e
q6167924e,d61d78388
q6167924e,d61df9668
q61691678,d61d640e0
q61691678,d61d782a2
q61691678,d61d9dda4
q61691678,d61d98d04
q61691678,d61e9bfa8
q61691678,d61db1692
q61691678,d61da00ae
q61691678,d61df65a8
q61691678,d61d31226
q61691678,d61e0ec34
q61670f40,d61670f9a
q61670f40,d61d308da
q61670f40,d61e33962
q61670f40,d61d408ac
q61670f40,d6167a54a
q61670f40,d61d2aa84
q61670f40,d61cf35de
q61670f40,d61d3f416
q61670f40,d61d73202
q61670f40,d61d3f362
q61662aa8,d6165f11e
q61662aa8,d61d4aac8
q61662aa8,d61d5c76e
q61662aa8,d61dcf764
q61662aa8,d61d02ea8
q61662aa8,d61cfdbf6
q61662aa8,d61d6b9f8
q61662aa8,d61e5042c
q61662aa8,d61d3ff2e
q61662aa8,d61d5f63a
q6166c03a,d616881ae
q6166c03a,d61cf6b30
q6166c03a,d6167c390
q6166c03a,d61d59b54
q6166c03a,d61dd1c08
q6166c03a,d61dd4a48
q6166c03a,d61d4984e
q6166c03a,d61db8f78
q6166c03a,d61d65936
q6166c03a,d61673f24
q61660f14,d61d49e66
q61660f14,d61cfdcfa
q61660f14,d616644ac
q61660f14,d61d37392
q61660f14,d61d8cc52
q61660f14,d61dc84be
q61660f14,d61d86cc6
q61660f14,d61dad574
q61660f14,d61d40ed8
q61660f14,d61d6e5ae
q61698f54,d61664b46
q61698f54,d61d9ec0e
q61698f54,d61e104b2
q61698f54,d61d3b56e
q61698f54,d61d3c16c
q61698f54,d61d2f5ac
q61698f54,d61dd39b8
q61698f54,d61dc381a
q61698f54,d61dcdfea
q61698f54,d61d90d8e
q61673d94,d61673dee
q61673d94,d61d72460
q61673d94,d61d3c9be
q61673d94,d6165c9a0
q61673d94,d61d36f28
q61673d94,d61d735fe
q61673d94,d61ddbf14
q61673d94,d61d9bd24
q61673d94,d61661aea
q61673d94,d61de898a
q6167bd1e,d61667256
q6167bd1e,d61e090ea
q6167bd1e,d61673cb8
q6167bd1e,d61d44902
q6167bd1e,d61e2ce1e
q6167bd1e,d61d5d056
q6167bd1e,d61d72460
q6167bd1e,d61d85088
q6167bd1e,d61d6fa1c
q6167bd1e,d61d3763a
q61660a1e,d61660a50
q61660a1e,d616539a4
q61660a1e,d61d41cac
q61660a1e,d61e1881a
q61660a1e,d61de7bc0
q61660a1e,d61d6a9fe
q61660a1e,d61d4be0a
q61660a1e,d61d5559a
q61660a1e,d61ddd210
q61660a1e,d61dcbef2
q616a8efe,d61cfe146
q616a8efe,d61d2d5b8
q616a8efe,d61e1087c
q616a8efe,d61d2c3a2
q616a8efe,d61db6b9c
q616a8efe,d61cfa6c2
q616a8efe,d61e39a9c
q616a8efe,d61cfd642
q616a8efe,d61cf280a
q616a8efe,d61d8ae16
q616586ca,d61d0262e
q616586ca,d61672ef8
q616586ca,d61d29f26
q616586ca,d61d7febc
q616586ca,d61d0636e
q616586ca,d61dd6262
q616586ca,d61df324a
q616586ca,d61e2f312
q616586ca,d61d06742
q616586ca,d61d60972
q61698dec,d61d5487a
q61698dec,d61691998
q61698dec,d61d50f40
q61698dec,d61d0fd74
q61698dec,d61d3782e
q61698dec,d61e1c4f6
q61698dec,d61e0aff8
q61698dec,d61d41374
q61698dec,d61d2f4b2
q61698dec,d61dd56a0
q6167ff36,d61650236
q6167ff36,d61d4a8c0
q6167ff36,d61d2f20a
q6167ff36,d61d72460
q6167ff36,d61d01bd4
q6167ff36,d61d53c40
q6167ff36,d61669894
q6167ff36,d616596b0
q6167ff36,d61d49f2e
q6167ff36,d61da901e
q61680c06,d61d4984e
q61680c06,d61dd4a48
q61680c06,d61cf6b30
q61680c06,d61d5d600
q61680c06,d6167c390
q61680c06,d616881ae
q61680c06,d61daf8ce
q61680c06,d61d59b54
q61680c06,d61de7968
q61680c06,d61ddc11c
q6167cdd6,d61658864
q6167cdd6,d61d00bbc
q6167cdd6,d6165f344
q6167cdd6,d61da8b82
q6167cdd6,d61dfaf9a
q6167cdd6,d61da7584
q6167cdd6,d61dc566a
q6167cdd6,d61d0705c
q6167cdd6,d61d8ab3c
q6167cdd6,d61d2e33c
q6165edd6,d61d8642e
q6165edd6,d61d6d5d2
q6165edd6,d61d53af6
q6165edd6,d61d44754
q6165edd6,d61cfdbf6
q6165edd6,d61dabda0
q6165edd6,d61d8c270
q6165edd6,d6166479a
q6165edd6,d61d869b0
q6165edd6,d61d3f7a4
q616608d4,d61e205b0
q616608d4,d6166092e
q616608d4,d61d77df2
q616608d4,d61d91928
q616608d4,d6166e29a
q616608d4,d61d532d6
q616608d4,d61d32ca2
q616608d4,d61d7b6a0
q616608d4,d6165a6dc
q616608d4,d61d49448
q616829f2,d61655132
q616829f2,d61d13cb2
q616829f2,d61d5f234
q616829f2,d616690c4
q616829f2,d61e0333e
q616829f2,d61e62d66
q616829f2,d61d61016
q616829f2,d61d55e64
q616829f2,d61670d60
q616829f2,d61d73522
q616904bc,d61dc9a3a
q616904bc,d61674046
q616904bc,d61d96a0e
q616904bc,d61663dfe
q616904bc,d61dd2928
q616904bc,d61d2b268
q616904bc,d61d8452a
q616904bc,d61ea71f0
q616904bc,d61d2f4b2
q616904bc,d61d9aa64
q6166143c,d616614dc
q6166143c,d61da8696
q6166143c,d61d6e694
q6166143c,d61d7d2b6
q6166143c,d61e601a6
q6166143c,d61cf3836
q6166143c,d61de55dc
q6166143c,d61d37392
q6166143c,d6166d64c
q6166143c,d61d84430
q616a76f8,d61dc5a8e
q616a76f8,d61d2d068
q616a76f8,d61ddcefa
q616a76f8,d616500ec
q616a76f8,d61d46a22
q616a76f8,d61e8325a
q616a76f8,d61de14aa
q616a76f8,d61d4dc50
q616a76f8,d61d7258c
q616a76f8,d61d644e6
q616516e0,d6169da04
q616516e0,d6165b10e
q616516e0,d61cff2ee
q616516e0,d61d6f954
q616516e0,d61d48642
q616516e0,d61d4924a
q616516e0,d61ddd210
q616516e0,d61d7e7c4
q616516e0,d61d694fa
q616516e0,d61d8cb12
q6168a468,d61dcb1c8
q6168a468,d61cf1f0e
q6168a468,d61d52124
q6168a468,d61e502a6
q6168a468,d61d6a058
q6168a468,d61661752
q6168a468,d61df9668
q6168a468,d61dd0c54
q6168a468,d61daffcc
q6168a468,d61cf51ea
q616998fa,d61dcd93c
q616998fa,d61d308da
q616998fa,d61d4db24
q616998fa,d6165d2a6
q616998fa,d61d61016
q616998fa,d61d9cc38
q616998fa,d61de7620
q616998fa,d61d73202
q616998fa,d61dfe8f2
q616998fa,d61de4f10
q616649c0,d61e2c81a
q616649c0,d61d5c336
q616649c0,d61d75b24
q616649c0,d61cf7436
q616649c0,d61d4ca58
q616649c0,d6166ace4
q616649c0,d61d3d706
q616649c0,d61d09e2e
q616649c0,d61d61976
q616649c0,d6165db98
q6167474e,d61674780
q6167474e,d61d2ce1a
q6167474e,d61da4e88
q6167474e,d61d6206a
q6167474e,d61d2b934
q6167474e,d6165b23a
q6167474e,d61dbf544
q6167474e,d61d3a394
q6167474e,d61dad09c
q6167474e,d61e9c570
q6165475a,d61dec6f2
q6165475a,d6165b10e
q6165475a,d61d514f4
q6165475a,d616547b4
q6165475a,d61d6fcba
q6165475a,d61de4f10
q6165475a,d61da901e
q6165475a,d61d74c7e
q6165475a,d61d4c512
q6165475a,d61d3f0a6
q616a2c02,d61d37392
q616a2c02,d61e3b93c
q616a2c02,d61decdc8
q616a2c02,d61d96c3e
q616a2c02,d61e83a7a
q616a2c02,d61d40ed8
q616a2c02,d61653d14
q616a2c02,d61e243f4
q616a2c02,d61cfdcfa
q616a2c02,d61663980
q61656cb2,d61656ce4
q61656cb2,d61d47fda
q61656cb2,d6165b23a
q61656cb2,d61ceeec6
q61656cb2,d61db7fce
q61656cb2,d61e61de4
q61656cb2,d61d404ec
q61656cb2,d61dd0fc4
q61656cb2,d61dad09c
q61656cb2,d61d2b934
q616a2cf2,d61cf268e
q616a2cf2,d61de64b4
q616a2cf2,d61da142c
q616a2cf2,d61654976
q616a2cf2,d61d42652
q616a2cf2,d61693946
q616a2cf2,d6165c626
q616a2cf2,d61d314d8
q616a2cf2,d61d40140
q616a2cf2,d61cf35de
q6169c672,d61e0f3e6
q6169c672,d61d77f78
q6169c672,d616545fc
q6169c672,d61d80e70
q6169c672,d61dc26ae
q6169c672,d61d439ee
q6169c672,d61d48d04
q6169c672,d61d6d5d2
q6169c672,d61d346ec
q6169c672,d616a402a
q6167525c,d61d3c432
q6167525c,d61d80e70
q6167525c,d61d6c556
q6167525c,d61dd4a48
q6167525c,d61d5fc20
q6167525c,d61d4984e
q6167525c,d61d00496
q6167525c,d61d2b448
q6167525c,d61cf992a
q6167525c,d61da4d98
q61664588,d61d6c556
q61664588,d61dce62a
q61664588,d61d6b9f8
q61664588,d61dd97e6
q61664588,d61d7bef2
q61664588,d61dbe464
q61664588,d61651f82
q61664588,d61ddc3a6
q61664588,d61d71fb0
q61664588,d61d857e0
q616a885a,d61cefdb2
q616a885a,d61d5839e
q616a885a,d61652ff4
q616a885a,d61e1881a
q616a885a,d61d5034c
q616a885a,d616556b4
q616a885a,d61de7206
q616a885a,d61e464fe
q616a885a,d61d67272
q616a885a,d61de1ed2
q6167dd08,d61d7b18c
q6167dd08,d61d87eb4
q6167dd08,d61e992f8
q6167dd08,d61e537f8
q6167dd08,d61df903c
q6167dd08,d6167c228
q6167dd08,d61dca6c4
q6167dd08,d61d62d08
q6167dd08,d616619d2
q6167dd08,d61d43cd2
q61683078,d61653d14
q61683078,d61dfd22c
q61683078,d616644ac
q61683078,d6165241e
q61683078,d61d80042
q61683078,d61d5aa18
q61683078,d61d2cd34
q61683078,d61665db6
q61683078,d61d72d7a
q61683078,d61d820fe
q61696e34,d61d67c54
q61696e34,d61dcf764
q61696e34,d61d09fd2
q61696e34,d61d8a452
q61696e34,d61d2f69c
q61696e34,d61de9ab0
q61696e34,d61cf0b04
q61696e34,d61d3763a
q61696e34,d61dbf152
q61696e34,d61cf93bc
q616a353a,d616644ac
q616a353a,d61dfd22c
q616a353a,d61dc4530
q616a353a,d61d3ea0c
q616a353a,d61cfd246
q616a353a,d61e09ba8
q616a353a,d6168b11a
q616a353a,d61d7cc26
q616a353a,d61d6a8a0
q616a353a,d6165737e
q61663fde,d61d45fbe
q61663fde,d616539a4
q61663fde,d61d36cf8
q61663fde,d61cf36f6
q61663fde,d61d66390
q61663fde,d61d56c38
q61663fde,d6165b4a6
q61663fde,d61d47418
q61663fde,d61656fc8
q61663fde,d6167082e
q616522de,d616515c8
q616522de,d61d4eba0
q616522de,d616673dc
q616522de,d61dba49a
q616522de,d616530f8
q616522de,d61de7012
q616522de,d61d39002
q616522de,d61dc85a4
q616522de,d61d37c2a
q616522de,d61d3ebe2
q61697b90,d61670b1c
q61697b90,d61d49628
q61697b90,d61d99402
q61697b90,d61e39a9c
q61697b90,d61d0a9be
q61697b90,d61db6b9c
q61697b90,d61e34614
q61697b90,d61d02246
q61697b90,d61d59f28
q61697b90,d61cf280a
q61651578,d616515c8
q61651578,d61d8b7e4
q61651578,d61d46eb4
q61651578,d61da0e32
q61651578,d61d4eba0
q61651578,d61666b6c
q61651578,d61d53ff6
q61651578,d61dd95ca
q61651578,d61d8fb0a
q61651578,d61de7012
q61669eac,d61d335ee
q61669eac,d61ea01a2
q61669eac,d61d2f20a
q61669eac,d61d97652
q61669eac,d616596b0
q61669eac,d61d6bbe2
q61669eac,d61d4a8c0
q61669eac,d61d61016
q61669eac,d61d67c54
q61669eac,d61669efc
q6168e932,d61e33dd6
q6168e932,d61d6f1e8
q6168e932,d6167a824
q6168e932,d61dee290
q6168e932,d61d895f2
q6168e932,d61d535b0
q6168e932,d61e13392
q6168e932,d61ea6bd8
q6168e932,d61d84b92
q6168e932,d6164fc46
q6168cc5e,d616831c2
q6168cc5e,d61d346ec
q6168cc5e,d61d9aa64
q6168cc5e,d61da02e8
q6168cc5e,d61d96a0e
q6168cc5e,d61e1881a
q6168cc5e,d61d34408
q6168cc5e,d61d41cac
q6168cc5e,d616539a4
q6168cc5e,d61d8452a
q616642cc,d61664326
q616642cc,d61d66bec
q616642cc,d6167c868
q616642cc,d61d3cba8
q616642cc,d61673916
q616642cc,d61e37ed6
q616642cc,d61cef506
q616642cc,d6165cdec
q616642cc,d61d514f4
q616642cc,d61dc918e
q616933b0,d61693414
q616933b0,d61dbe464
q616933b0,d61dfd4ac
q616933b0,d61d43548
q616933b0,d61d5dd9e
q616933b0,d6166655e
q616933b0,d61d62a42
q616933b0,d61e090ea
q616933b0,d61d11110
q616933b0,d61e1073c
q6169b538,d616535da
q6169b538,d61d36f28
q6169b538,d61ddcdce
q6169b538,d61d712cc
q6169b538,d61d5034c
q6169b538,d61d9deee
q6169b538,d61d4bf2c
q6169b538,d61cef7cc
q6169b538,d61d3e87c
q6169b538,d61d0e8ca
q6165f47a,d61d3e610
q6165f47a,d61dee060
q6165f47a,d6165a36c
q6165f47a,d61cfb3d8
q6165f47a,d61d568a0
q6165f47a,d61d50e46
q6165f47a,d61d5460e
q6165f47a,d61db3f28
q6165f47a,d61cf8a02
q6165f47a,d6164f9bc
q616789f2,d6165f254
q616789f2,d61d9d0c0
q616789f2,d61cf3a48
q616789f2,d61d0546e
q616789f2,d61e19346
q616789f2,d61d8aa60
q616789f2,d61cf0802
q616789f2,d61d297ce
q616789f2,d61d48962
q616789f2,d61669682
q616a1a78,d616644ac
q616a1a78,d61e4aba8
q616a1a78,d61d37392
q616a1a78,d61d665f2
q616a1a78,d61dc381a
q616a1a78,d61657de2
q616a1a78,d61cff780
q616a1a78,d61db5b20
q616a1a78,d61da8696
q616a1a78,d6165d030
q616aa68c,d6165c25c
q616aa68c,d616500ec
q616aa68c,d61d59e6a
q616aa68c,d61cfbc98
q616aa68c,d61d7c244
q616aa68c,d6168e4f0
q616aa68c,d61659c0a
q616aa68c,d61d136a4
q616aa68c,d61d80a38
q616aa68c,d61d08ed4
q6168f59e,d6165d2a6
q6168f59e,d61d408ac
q6168f59e,d61d605c6
q6168f59e,d61e06b88
q6168f59e,d61d96ef0
q6168f59e,d61e94136
q6168f59e,d61d04208
q6168f59e,d61ddc3a6
q6168f59e,d616536fc
q6168f59e,d61d686ae
q61653dfa,d61652ff4
q61653dfa,d61ddb62c
q61653dfa,d61df2a0c
q61653dfa,d61de8778
q61653dfa,d61d9c364
q61653dfa,d61db89ce
q61653dfa,d61d305d8
q61653dfa,d61d6a7c4
q61653dfa,d61dd138e
q61653dfa,d61db1ea8
q61665758,d61dddbc0
q61665758,d61d0f6d0
q61665758,d61df4280
q61665758,d61d62a42
q61665758,d6166299a
q61665758,d6166579e
q61665758,d61693414
q61665758,d61e25042
q61665758,d61d87f9a
q61665758,d61d04208
q616843ce,d61657626
q616843ce,d61d87554
q616843ce,d61d34c46
q616843ce,d61d41914
q616843ce,d61de0e06
q616843ce,d61d4b1b2
q616843ce,d61d7567e
q616843ce,d61d08574
q616843ce,d61ddb9f6
q616843ce,d61e171fe
q616790e6,d61d818b6
q616790e6,d61d39c46
q616790e6,d61d4f438
q616790e6,d61d43908
q616790e6,d61d00824
q616790e6,d61d61976
q616790e6,d61e8ecea
q616790e6,d61cfc2a6
q616790e6,d61e914d6
q616790e6,d61d7477e
q6169e10c,d616515c8
q6169e10c,d61d4eba0
q6169e10c,d61dd95ca
q6169e10c,d61dba49a
q6169e10c,d616673dc
q6169e10c,d61d3ebe2
q6169e10c,d61da255c
q6169e10c,d61de7012
q6169e10c,d61d37c2a
q6169e10c,d616530f8
q616a4188,d61d6d2c6
q616a4188,d6165270c
q616a4188,d616950b6
q616a4188,d61d13dac
q616a4188,d61d8a966
q616a4188,d61dceeea
q616a4188,d61e3b43c
q616a4188,d61d01620
q616a4188,d61db2fba
q616a4188,d61d45532
q6168ca2e,d61d60d0a
q6168ca2e,d61e4126a
q6168ca2e,d61e0849c
q6168ca2e,d61cf422c
q6168ca2e,d616568ac
q6168ca2e,d61d89a98
q6168ca2e,d61d6f85a
q6168ca2e,d61d3034e
q6168ca2e,d61d95abe
q6168ca2e,d61d3412e
q616a1bb8,d61d4760c
q616a1bb8,d61d0febe
q616a1bb8,d6166500a
q616a1bb8,d61d7ceec
q616a1bb8,d61d876bc
q616a1bb8,d61dc28c0
q616a1bb8,d61d868d4
q616a1bb8,d61d4b2e8
q616a1bb8,d6165a8e4
q616a1bb8,d61ea0b7a
q6164fade,d61d78c2a
q6164fade,d61671eea
q6164fade,d6164fb42
q6164fade,d61d56b70
q6164fade,d61cf713e
q6164fade,d61ea7c36
q6164fade,d61d43dcc
q6164fade,d61d52c32
q6164fade,d61d306a0
q6164fade,d61d910cc
q61669b82,d61dc5a8e
q61669b82,d61d2d068
q61669b82,d61d36690
q61669b82,d61dbcee8
q61669b82,d61650b5a
q61669b82,d61e8325a
q61669b82,d61d96612
q61669b82,d61d7258c
q61669b82,d61d644e6
q61669b82,d61d4dc50
q6169ea26,d61d10666
q6169ea26,d616868fe
q6169ea26,d61de2f94
q6169ea26,d61d3772a
q6169ea26,d61cf6e96
q6169ea26,d61cfe146
q6169ea26,d61672dae
q6169ea26,d61e6e792
q6169ea26,d6165da30
q6169ea26,d61d3d2ce
q6168f47c,d61d71060
q6168f47c,d6165eaf2
q6168f47c,d61ddca36
q6168f47c,d61d4e646
q6168f47c,d61dca142
q6168f47c,d61d820fe
q6168f47c,d616760d0
q6168f47c,d61d9cfda
q6168f47c,d61e3da84
q6168f47c,d61d3c23e
q61698478,d61d2d770
q61698478,d61d4a992
q61698478,d61d5aa18
q61698478,d616644ac
q61698478,d61d40ed8
q61698478,d61d59776
q61698478,d61d3772a
q61698478,d61664b46
q61698478,d61d86cc6
q61698478,d61da8696
q616a57b8,d6165f5ec
q616a57b8,d61d8452a
q616a57b8,d61d2b268
q616a57b8,d61dd56a0
q616a57b8,d61663dfe
q616a57b8,d61d9aa64
q616a57b8,d61d96a0e
q616a57b8,d61dc9a3a
q616a57b8,d61dd2928
q616a57b8,d61e0aff8
q6168f094,d616769d6
q6168f094,d61d31046
q6168f094,d61d2c15e
q6168f094,d61dab45e
q6168f094,d61dbaf26
q6168f094,d61e30eec
q6168f094,d61cef506
q6168f094,d6166092e
q6168f094,d61d71c54
q6168f094,d61da01b2
q616917c2,d61d61016
q616917c2,d61d8fb0a
q616917c2,d61d53ff6
q616917c2,d616881ae
q616917c2,d61d80042
q616917c2,d61e2a880
q616917c2,d61cfb86a
q616917c2,d6165725c
q616917c2,d61e291b0
q616917c2,d61665db6
q61652c3e,d61d1035a
q61652c3e,d61652c8e
q61652c3e,d61e35faa
q61652c3e,d61d816a4
q61652c3e,d61d55e64
q61652c3e,d61d4f438
q61652c3e,d61d33328
q61652c3e,d61dddbc0
q61652c3e,d61cf3836
q61652c3e,d6166d64c
q616a688e,d616673dc
q616a688e,d616515c8
q616a688e,d61d4eba0
q616a688e,d61de7012
q616a688e,d61666b6c
q616a688e,d61dba49a
q616a688e,d616530f8
q616a688e,d61d2f3ae
q616a688e,d61d39002
q616a688e,d61dc85a4
q616971a4,d61e08f32
q616971a4,d61e4ea8c
q616971a4,d61dbf922
q616971a4,d61da3d58
q616971a4,d61d3f4f2
q616971a4,d6166a820
q616971a4,d61d8c77a
q616971a4,d61657f36
q616971a4,d61d4d430
q616971a4,d61d782a2
q616a741e,d61cfe5b0
q616a741e,d61e65250
q616a741e,d61d7f106
q616a741e,d61e8d5d4
q616a741e,d61d84b92
q616a741e,d61dde570
q616a741e,d61d536dc
q616a741e,d61d87d74
q616a741e,d61e26406
q616a741e,d61d05716
q6167cb9c,d61674780
q6167cb9c,d61da4e88
q6167cb9c,d61d2ce1a
q6167cb9c,d61d867b2
q6167cb9c,d61e171fe
q6167cb9c,d61d6206a
q6167cb9c,d61d58ce0
q6167cb9c,d6165b23a
q6167cb9c,d61d3a394
q6167cb9c,d61da21e2
q616524dc,d61d40316
q616524dc,d61d827de
q616524dc,d61d9569a
q616524dc,d61dcf764
q616524dc,d61d2f69c
q616524dc,d61d67f2e
q616524dc,d61669efc
q616524dc,d61d4bb80
q616524dc,d61d9c422
q616524dc,d61d741a2
q61677ac0,d61670572
q61677ac0,d6167ace8
q61677ac0,d61d72b2c
q61677ac0,d61d8031c
q61677ac0,d61eacd80
q61677ac0,d61e9da2e
q61677ac0,d61cf06f4
q61677ac0,d61d827de
q61677ac0,d61d720dc
q61677ac0,d6168ea86
q61658814,d61e1ed50
q61658814,d61d00bbc
q61658814,d61665db6
q61658814,d61da7584
q61658814,d61658864
q61658814,d61d8e890
q61658814,d61d80042
q61658814,d61669786
q61658814,d61d92274
q61658814,d61d6c218
q61650e98,d6165899a
q61650e98,d61d49448
q61650e98,d61da241c
q61650e98,d61d816a4
q61650e98,d61d387d8
q61650e98,d61d1035a
q61650e98,d6165725c
q61650e98,d61d12632
q61650e98,d61d8b7e4
q61650e98,d61d7a070
q6167dbbe,d616668f6
q6167dbbe,d61dad574
q6167dbbe,d61d07e94
q6167dbbe,d61d2ea30
q6167dbbe,d61d5ee56
q6167dbbe,d61d68a78
q6167dbbe,d61dc122c
q6167dbbe,d61d6c308
q6167dbbe,d61dfc188
q6167dbbe,d61cf30b6
q616a28a6,d6165853a
q616a28a6,d61d6a33c
q616a28a6,d61cf3f02
q616a28a6,d61d76f4c
q616a28a6,d61db1cc8
q616a28a6,d61d3791e
q616a28a6,d61d0e8ca
q616a28a6,d6166b856
q616a28a6,d616564d8
q616a28a6,d61d5034c
q6168a9f4,d6165ae20
q6168a9f4,d61d75386
q6168a9f4,d61d7a372
q6168a9f4,d616862d2
q6168a9f4,d61d5870e
q6168a9f4,d61e83a7a
q6168a9f4,d61d2a016
q6168a9f4,d61d8614a
q6168a9f4,d61d2a322
q6168a9f4,d61d140f4
q616a0b0a,d61651758
q616a0b0a,d61d98ba6
q616a0b0a,d61d96072
q616a0b0a,d61d73338
q616a0b0a,d61dcb9f2
q616a0b0a,d6166d64c
q616a0b0a,d61d4f5d2
q616a0b0a,d61e31a54
q616a0b0a,d61d2d9fa
q616a0b0a,d61dfd4ac
q61662ef4,d61d308da
q61662ef4,d61d3f362
q61662ef4,d61662f44
q61662ef4,d61da241c
q61662ef4,d61cffd7a
q61662ef4,d61d0982a
q61662ef4,d61e26406
q61662ef4,d61cfac4e
q61662ef4,d61674046
q61662ef4,d61d6fdd2
q6165b870,d61d298aa
q6165b870,d6165b8c0
q6165b870,d61d7381a
q6165b870,d61cefb6e
q6165b870,d61cf4308
q6165b870,d61d512ba
q6165b870,d61db31a4
q6165b870,d61d3aede
q6165b870,d61dc6952
q6165b870,d61d10666
q61675d1a,d6165e3e0
q61675d1a,d61676c2e
q61675d1a,d6165241e
q61675d1a,d61de1626
q61675d1a,d6165e23c
q61675d1a,d61d88670
q61675d1a,d61d2bd8a
q61675d1a,d61d6f3fa
q61675d1a,d61e65250
q61675d1a,d61cfac4e
q6165d102,d61da4bae
q6165d102,d61d30808
q6165d102,d616595a2
q6165d102,d61666450
q6165d102,d616515c8
q6165d102,d61d9b1c6
q6165d102,d61d8aec0
q6165d102,d61d4eba0
q6165d102,d61dd95ca
q6165d102,d61d84d0e
q61670d10,d61670d60
q61670d10,d61d8c36a
q61670d10,d61655132
q61670d10,d61d869b0
q61670d10,d61e01bc4
q61670d10,d61d1fc2e
q61670d10,d61d53af6
q61670d10,d61df56b2
q61670d10,d61d13cb2
q61670d10,d61651758
q6169c9ba,d6169ca1e
q6169c9ba,d61e0ec34
q6169c9ba,d61e09ba8
q6169c9ba,d61669786
q6169c9ba,d61d31226
q6169c9ba,d61d66a34
q6169c9ba,d61cf010e
q6169c9ba,d61e3d1c4
q6169c9ba,d61d665f2
q6169c9ba,d61d5860a
q6167b882,d6165fb0a
q6167b882,d61db1dc2
q6167b882,d61d5c85e
q6167b882,d61da42d0
q6167b882,d61655a2e
q6167b882,d61d3fbdc
q6167b882,d61d77a00
q6167b882,d6167c0d4
q6167b882,d61d78a0e
q6167b882,d61cf04ec
q61667602,d61d87eb4
q61667602,d61667648
q61667602,d61d4e3f8
q61667602,d61d5d3da
q61667602,d61d5eb54
q61667602,d61e5565c
q61667602,d61cf2fa8
q61667602,d61dca6c4
q61667602,d61cf8a02
q61667602,d61d9e416
q61668a5c,d61d89462
q61668a5c,d61d2e1b6
q61668a5c,d61cf062c
q61668a5c,d61cfb702
q61668a5c,d61d99740
q61668a5c,d61d881a2
q61668a5c,d61d33e0e
q61668a5c,d61cf1dd8
q61668a5c,d61dd96ba
q61668a5c,d61cfb52c
q61663da4,d61660a50
q61663da4,d61d9aa64
q61663da4,d61d96a0e
q61663da4,d61d2b268
q61663da4,d61dc9a3a
q61663da4,d61d52ce6
q61663da4,d6165f5ec
q61663da4,d61663dfe
q61663da4,d61d41cac
q61663da4,d61d8452a
q616aa90c,d61cfbc98
q616aa90c,d61d0b3fa
q616aa90c,d61d59e6a
q616aa90c,d61d4e56a
q616aa90c,d61d80a38
q616aa90c,d6165bf50
q616aa90c,d61d136a4
q616aa90c,d61cf03f2
q616aa90c,d61d8d170
q616aa90c,d61d57764
q616aac68,d61e688ce
q616aac68,d61ea9748
q616aac68,d61d79b7a
q616aac68,d61e1d8a6
q616aac68,d61e8e538
q616aac68,d61cff780
q616aac68,d61677610
q616aac68,d61d3c16c
q616aac68,d61d9ec0e
q616aac68,d61d2f5ac
q61666e6e,d61da8696
q61666e6e,d61659ab6
q61666e6e,d6165737e
q61666e6e,d61d8f4ac
q61666e6e,d61d48d04
q61666e6e,d61d4b41e
q61666e6e,d61d39a3e
q61666e6e,d61e1087c
q61666e6e,d61d67d6c
q61666e6e,d61e089a6
q6166e4ac,d61dcb1c8
q6166e4ac,d61df9668
q6166e4ac,d61e502a6
q6166e4ac,d61d52124
q6166e4ac,d61cf1f0e
q6166e4ac,d61dd0c54
q6166e4ac,d61deb0b8
q6166e4ac,d61d8b8d4
q6166e4ac,d61df65a8
q6166e4ac,d61d5bfb2
q61680706,d61d8f4ac
q61680706,d61d136a4
q61680706,d61cf7846
q61680706,d61cf40c4
q61680706,d61d2d5b8
q61680706,d61d29ba2
q61680706,d61d480de
q61680706,d61d71060
q61680706,d61d80218
q61680706,d61daa73e
q6169f994,d61e908c4
q6169f994,d61db15ca
q6169f994,d61d625ba
q6169f994,d61d697d4
q6169f994,d61dde570
q6169f994,d61656168
q6169f994,d61d7c244
q6169f994,d61daf306
q6169f994,d61dac890
q6169f994,d616536fc
q616a194c,d616821f0
q616a194c,d61cfdbf6
q616a194c,d61d49b82
q616a194c,d61661aea
q616a194c,d61d33f26
q616a194c,d61d3c9be
q616a194c,d61d3c8ba
q616a194c,d61d72460
q616a194c,d61cf6cac
q616a194c,d61ea01a2
q6169c2d0,d61ddb62c
q6169c2d0,d61652ff4
q6169c2d0,d616556b4
q6169c2d0,d61df2a0c
q6169c2d0,d61de8778
q6169c2d0,d61d66912
q6169c2d0,d61d9c364
q6169c2d0,d61d305d8
q6169c2d0,d61db89ce
q6169c2d0,d61e0adb4
q616633ea,d61d938f4
q616633ea,d61d4611c
q616633ea,d61db6b9c
q616633ea,d61d02246
q616633ea,d61d71060
q616633ea,d61d3b794
q616633ea,d61cf33e0
q616633ea,d6166fae6
q616633ea,d61d7381a
q616633ea,d61d74580
q61677fd4,d61db8ea6
q61677fd4,d61e8e844
q61677fd4,d61cfa56e
q61677fd4,d61d8c77a
q61677fd4,d61663dfe
q61677fd4,d61dd2928
q61677fd4,d61d56fa8
q61677fd4,d61d3ac0e
q61677fd4,d61668ab6
q61677fd4,d61d61016
q616a59d4,d61e243f4
q616a59d4,d6166186a
q616a59d4,d61665ec4
q616a59d4,d61d86cc6
q616a59d4,d61d65936
q616a59d4,d61d74a4e
q616a59d4,d61d70a84
q616a59d4,d61d4c666
q616a59d4,d61de35a2
q616a59d4,d61daffcc
q61662760,d6167c228
q61662760,d616619d2
q61662760,d61de7a4e
q61662760,d61d08894
q61662760,d61d6cae2
q61662760,d61d12542
q61662760,d61dc8f36
q61662760,d6165853a
q61662760,d61e61de4
q61662760,d61d7de50
q6167ea3c,d61ddd210
q6167ea3c,d61d792b0
q6167ea3c,d61d80632
q6167ea3c,d61d694fa
q6167ea3c,d61d451cc
q6167ea3c,d6166ace4
q6167ea3c,d61d4b1b2
q6167ea3c,d61d5b4b8
q6167ea3c,d61d79a9e
q6167ea3c,d61d5271e
q6169ccee,d61d9e4f2
q6169ccee,d61d0be54
q6169ccee,d61db8ea6
q6169ccee,d6165c82e
q6169ccee,d61d568a0
q6169ccee,d61e8e844
q6169ccee,d61cfa56e
q6169ccee,d61cfb702
q6169ccee,d61d67d6c
q6169ccee,d61d89462
q61660d98,d61660dfc
q61660d98,d61d58be6
q61660d98,d61d2c294
q61660d98,d61d92a12
q61660d98,d61da70fc
q61660d98,d61cfdad4
q61660d98,d61d81b22
q61660d98,d61d354e8
q61660d98,d61d3db70
q61660d98,d61dd0420
q616738bc,d61673916
q616738bc,d61d8c77a
q616738bc,d61dbf922
q616738bc,d61d6fdd2
q616738bc,d61df3592
q616738bc,d61e37ed6
q616738bc,d61dfe8f2
q616738bc,d61d2d50e
q616738bc,d61d2a23c
q616738bc,d61d605c6
q616897a2,d61670f9a
q616897a2,d6167a54a
q616897a2,d61d2aa84
q616897a2,d61d3f416
q616897a2,d61d297ce
q616897a2,d61d7e972
q616897a2,d61d2f20a
q616897a2,d61dbefd6
q616897a2,d61cef696
q616897a2,d61d48962
q6166a208,d61d33328
q6166a208,d61dde9c6
q6166a208,d61d42a12
q6166a208,d6166a258
q6166a208,d61dbe464
q6166a208,d61dfd4ac
q6166a208,d61e1cbea
q6166a208,d61d3fd94
q6166a208,d61db4464
q6166a208,d61d45aaa
q616941b6,d6165ec6e
q616941b6,d61d7ee36
q616941b6,d61d32ca2
q616941b6,d61d65f8a
q616941b6,d61d77df2
q616941b6,d61d02142
q616941b6,d61dcf0d4
q616941b6,d61d67d6c
q616941b6,d61dab45e
q616941b6,d61d45316
q6168ed88,d616556b4
q6168ed88,d61d305d8
q6168ed88,d61d3791e
q6168ed88,d61e0adb4
q6168ed88,d61ddb62c
q6168ed88,d61e9ebae
q6168ed88,d61d216c8
q6168ed88,d61d66912
q6168ed88,d61663a84
q6168ed88,d61680b16
q6169249c,d61d670c4
q6169249c,d61d4008c
q6169249c,d61d60aee
q6169249c,d61dab2ec
q6169249c,d61d9424a
q6169249c,d61d8ab3c
q6169249c,d61d174ca
q6169249c,d6166d2b4
q6169249c,d61d66836
q6169249c,d61d73522
q61670090,d6166eb32
q61670090,d61d72640
q61670090,d61d36488
q61670090,d61d67970
q61670090,d61daffcc
q61670090,d61d31226
q61670090,d61cef27c
q61670090,d61cefa60
q61670090,d61d66a34
q61670090,d61e4aba8
q61665834,d61d88ad0
q61665834,d61e28116
q61665834,d61da255c
q61665834,d6166587a
q61665834,d61d7a070
q61665834,d61d3ebe2
q61665834,d61e17f1e
q61665834,d61d41568
q61665834,d61d83120
q61665834,d61e0540e
q61690e76,d6165f5ec
q61690e76,d61d2b268
q61690e76,d61d5d6fa
q61690e76,d61d8452a
q61690e76,d61dd56a0
q61690e76,d61e0aff8
q61690e76,d61d9aa64
q61690e76,d61d5487a
q61690e76,d61d3394a
q61690e76,d61d5b59e
q6169df22,d61de7012
q6169df22,d61dc85a4
q6169df22,d61dba49a
q6169df22,d61cff1ae
q6169df22,d61d53ff6
q6169df22,d61da5dd8
q6169df22,d61d7dcfc
q6169df22,d61dd95ca
q6169df22,d616515c8
q6169df22,d61d46eb4
q61693522,d616749e2
q61693522,d61d6a51c
q61693522,d61e97ade
q61693522,d616760d0
q61693522,d61d5e5f0
q61693522,d61d606c0
q61693522,d61d4e7c2
q61693522,d61e61402
q61693522,d61e31a54
q61693522,d61d535b0
q61661810,d6166186a
q61661810,d61e243f4
q61661810,d61665ec4
q61661810,d61d70a84
q61661810,d61d74a4e
q61661810,d61d86cc6
q61661810,d61dca142
q61661810,d61d36488
q61661810,d61d38616
q61661810,d61cef27c
q6166a7d0,d6166a820
q6166a7d0,d61d6c308
q6166a7d0,d61d43ed0
q6166a7d0,d61cf8660
q6166a7d0,d61da0c3e
q6166a7d0,d61e98f74
q6166a7d0,d61e70966
q6166a7d0,d61d741a2
q6166a7d0,d61e19b48
q6166a7d0,d616668f6
q61685bac,d6165eaf2
q61685bac,d61e25042
q61685bac,d61d4b82e
q61685bac,d61d46d2e
q61685bac,d61d6c556
q61685bac,d61d8b8d4
q61685bac,d61d35362
q61685bac,d616631ec
q61685bac,d61d4e646
q61685bac,d61d6b9f8
q6169a610,d6166288c
q6169a610,d61e1a4a8
q6169a610,d6168ba0c
q6169a610,d61d3a2a4
q6169a610,d61d671a0
q6169a610,d61d869b0
q6169a610,d61cf06f4
q6169a610,d61d56dd2
q6169a610,d61e04a0e
q6169a610,d61dc2d52
q6166065e,d61d5271e
q6166065e,d61dd6ac8
q6166065e,d61d19edc
q6166065e,d61d4bd24
q6166065e,d61d342fa
q6166065e,d61dbc768
q6166065e,d61656fc8
q6166065e,d6165defe
q6166065e,d61d3342c
q6166065e,d61cf48d0
q61681f02,d61d140f4
q61681f02,d61d6be8a
q61681f02,d61d3a90c
q61681f02,d61651f82
q61681f02,d61d16e6c
q61681f02,d61d43804
q61681f02,d6167e6f4
q61681f02,d61ea1048
q61681f02,d61dd97e6
q61681f02,d61e0e504
q61689ea0,d61d4bd24
q61689ea0,d61d697d4
q61689ea0,d61dc122c
q61689ea0,d61d68a78
q61689ea0,d61d6c308
q61689ea0,d61d45d84
q61689ea0,d61d5460e
q61689ea0,d61d9cc38
q61689ea0,d61d55d6a
q61689ea0,d61e23c24
q61653f4e,d61653f9e
q61653f4e,d61d57a48
q61653f4e,d61e25042
q61653f4e,d61de2d1e
q61653f4e,d61ddc3a6
q61653f4e,d61dddbc0
q61653f4e,d61d321b2
q61653f4e,d61d0a0ae
q61653f4e,d61d857e0
q61653f4e,d61d60a30
q6165fcd6,d61de7012
q6165fcd6,d61da4bae
q6165fcd6,d61d33328
q6165fcd6,d61d588da
q6165fcd6,d61d4ce90
q6165fcd6,d61d42a12
q6165fcd6,d61666450
q6165fcd6,d61dba49a
q6165fcd6,d61d558ce
q6165fcd6,d6165fd12
q616682aa,d61d5f234
q616682aa,d61de0140
q616682aa,d61d7567e
q616682aa,d61657626
q616682aa,d61d66138
q616682aa,d61d87554
q616682aa,d61d34c46
q616682aa,d61d308da
q616682aa,d61d41914
q616682aa,d61d6bbe2
q6166bd42,d61666a22
q6166bd42,d61da68dc
q6166bd42,d61d835e4
q6166bd42,d61d5f63a
q6166bd42,d61d3ef20
q6166bd42,d61d11cfa
q6166bd42,d61d016ca
q6166bd42,d61d3eae8
q6166bd42,d61e1e4e0
q6166bd42,d61d77596
q6168a0d0,d6165b74e
q6168a0d0,d61de4ccc
q6168a0d0,d61653f9e
q6168a0d0,d61d889ea
q6168a0d0,d61dbb854
q6168a0d0,d6166655e
q6168a0d0,d61dcce42
q6168a0d0,d61d483ae
q6168a0d0,d61d2dd92
q6168a0d0,d61df14fe
q6169cadc,d6166c544
q6169cadc,d61d92274
q6169cadc,d61d61016
q6169cadc,d61d6c218
q6169cadc,d61cefdb2
q6169cadc,d61dfd0ba
q6169cadc,d61daf50e
q6169cadc,d61d5c458
q6169cadc,d61daa73e
q6169cadc,d61dc39dc
q6167edde,d61d71da8
q6167edde,d6166c8e6
q6167edde,d61da9744
q6167edde,d6165cdec
q6167edde,d61d2c0be
q6167edde,d61d2dd92
q6167edde,d61de898a
q6167edde,d61d60dfa
q6167edde,d61cf93bc
q6167edde,d61d4fac8
q6166ac94,d61d792b0
q6166ac94,d61d80632
q6166ac94,d6166ace4
q6166ac94,d61657130
q6166ac94,d61e2a77c
q6166ac94,d61d85088
q6166ac94,d61cf7436
q6166ac94,d61df60bc
q6166ac94,d61d516fc
q6166ac94,d61d04e56
q61665122,d61d6be8a
q61665122,d61d140f4
q61665122,d61d93da4
q61665122,d61d3bc4e
q61665122,d61651f82
q61665122,d61d3a90c
q61665122,d61da6710
q61665122,d61d43804
q61665122,d616862d2
q61665122,d61dc84be
q6165f812,d616515c8
q6165f812,d61d3ebe2
q6165f812,d61dd95ca
q6165f812,d61d4eba0
q6165f812,d61dc85a4
q6165f812,d61666b6c
q6165f812,d61d41568
q6165f812,d616530f8
q6165f812,d61cfff00
q6165f812,d61d2f3ae
q616701da,d61670220
q616701da,d61d36a1e
q616701da,d61cf280a
q616701da,d61655bb4
q616701da,d61d938f4
q616701da,d61d4e9d4
q616701da,d61de98ee
q616701da,d61cfd8cc
q616701da,d6165a042
q616701da,d61ea5e18
q6168a918,d616631ec
q6168a918,d61d6585a
q6168a918,d61d81136
q6168a918,d61da0c3e
q6168a918,d61e2020e
q6168a918,d61dcf67e
q6168a918,d61d47e04
q6168a918,d61d7156a
q6168a918,d61dae168
q6168a918,d61d3982c
q6165408e,d61d61976
q6165408e,d61e8303e
q6165408e,d61d08a74
q6165408e,d616540de
q6165408e,d61d9dffc
q6165408e,d61d565e4
q6165408e,d61d535b0
q6165408e,d61d80042
q6165408e,d616596b0
q6165408e,d61d42f62
q61684298,d61664326
q61684298,d61d71c54
q61684298,d61d6f1e8
q61684298,d61dc918e
q61684298,d616596b0
q61684298,d61da796c
q61684298,d61e1073c
q61684298,d61e1859a
q61684298,d61e3724c
q61684298,d61e37ed6
q6169906c,d61681bf6
q6169906c,d61d7b592
q6169906c,d61d34b56
q6169906c,d61e1073c
q6169906c,d61e1859a
q6169906c,d6167309c
q6169906c,d61def294
q6169906c,d61db78b2
q6169906c,d61652ad6
q6169906c,d61d13fbe
q6169e5f8,d61d3fd94
q6169e5f8,d6167a2a2
q6169e5f8,d61d4eba0
q6169e5f8,d61d88ad0
q6169e5f8,d61d36690
q6169e5f8,d61d33328
q6169e5f8,d61d3ebe2
q6169e5f8,d61dbb854
q6169e5f8,d61d42a12
q6169e5f8,d61de7d28
q6167de66,d6167deca
q6167de66,d6167950a
q6167de66,d61de04c4
q6167de66,d61dd8b8e
q6167de66,d61d9ea38
q6167de66,d61e5100c
q6167de66,d61d53e0c
q6167de66,d61d53c40
q6167de66,d6166d2b4
q6167de66,d61cfdf8e
q6168095e,d61d640e0
q6168095e,d61e0f3e6
q6168095e,d61d8c77a
q6168095e,d61d8b532
q6168095e,d61de55dc
q6168095e,d61dddbc0
q6168095e,d61e969ae
q6168095e,d61dc1da8
q6168095e,d61d39b42
q6168095e,d61d43548
q616ac50e,d61658738
q616ac50e,d61d136a4
q616ac50e,d61d7a6b0
q616ac50e,d61d02246
q616ac50e,d61dd6be0
q616ac50e,d6165f11e
q616ac50e,d61d4aac8
q616ac50e,d61d5c76e
q616ac50e,d61cf7846
q616ac50e,d61e34614
q61683726,d61d140f4
q61683726,d61d6be8a
q61683726,d61cf0ffa
q61683726,d61e8e538
q61683726,d61d40d66
q61683726,d6166500a
q61683726,d61651f82
q61683726,d61d41716
q61683726,d61677610
q61683726,d61e688ce
q6168f882,d6165a6dc
q6168f882,d61672692
q6168f882,d61d6cee8
q6168f882,d61df717e
q6168f882,d61d4bd24
q6168f882,d61da0c3e
q6168f882,d61df7552
q6168f882,d61d136a4
q6168f882,d61d8cb12
q6168f882,d61d83f44
q616821a0,d616821f0
q616821a0,d61d80e70
q616821a0,d61cf6cac
q616821a0,d61cfe5b0
q616821a0,d61dcce42
q616821a0,d61de684c
q616821a0,d61d6f710
q616821a0,d61d44f60
q616821a0,d61dd2108
q616821a0,d61cfdbf6
q6167d858,d61dc5a8e
q6167d858,d61d46a22
q6167d858,d61ddcefa
q6167d858,d61d2d068
q6167d858,d6166bf90
q6167d858,d61d3f290
q6167d858,d61dcf764
q6167d858,d61659156
q6167d858,d6165d666
q6167d858,d61de40ba
q61663b9c,d61d46a22
q61663b9c,d61d36690
q61663b9c,d61dbcee8
q61663b9c,d61d64676
q61663b9c,d61650b5a
q61663b9c,d61dc5a8e
q61663b9c,d61d2d068
q61663b9c,d61d6b9f8
q61663b9c,d61d774a6
q61663b9c,d61d3f290
q616674c2,d6165a8e4
q616674c2,d61ddcefa
q616674c2,d61650b5a
q616674c2,d61d45d84
q616674c2,d61d9f8e8
q616674c2,d61d96612
q616674c2,d61d36690
q616674c2,d61d3f290
q616674c2,d61d3cd60
q616674c2,d61cfe5b0
q61662490,d61d0e384
q61662490,d61d2bede
q61662490,d61d54ac8
q61662490,d61d29cb0
q61662490,d61cf1c0c
q61662490,d61d5e50a
q61662490,d61693946
q61662490,d61dcf0d4
q61662490,d61683f1e
q61662490,d61cf8c0a
q616733d0,d61d48ffc
q616733d0,d61693946
q616733d0,d61d29cb0
q616733d0,d61651dca
q616733d0,d61d2bede
q616733d0,d61670572
q616733d0,d616521f8
q616733d0,d61d85704
q616733d0,d61dbd514
q616733d0,d61e0aff8
q6169c4ec,d616760d0
q6169c4ec,d61cf1f0e
q6169c4ec,d61e15df4
q6169c4ec,d61e25042
q6169c4ec,d61d8c77a
q6169c4ec,d61e502a6
q6169c4ec,d61ddaf38
q6169c4ec,d61e61402
q6169c4ec,d61e12a64
q6169c4ec,d61e70966
q6168a576,d61d43ed0
q6168a576,d61d317a8
q6168a576,d61cf3b74
q6168a576,d61d29df0
q6168a576,d61d59366
q6168a576,d61d835e4
q6168a576,d61d4cd3c
q6168a576,d61dafb08
q6168a576,d61d4bc48
q6168a576,d6165d666
q61676706,d61d2e1b6
q61676706,d61d7166e
q61676706,d61cf1dd8
q61676706,d61d9dffc
q61676706,d61d881a2
q61676706,d61d5fa86
q61676706,d61dd96ba
q61676706,d61e8e538
q61676706,d61e3b43c
q61676706,d61e2511e
q61668b88,d61e33962
q61668b88,d61da7804
q61668b88,d61d73946
q61668b88,d61da796c
q61668b88,d61651906
q61668b88,d61d2c15e
q61668b88,d61d4db24
q61668b88,d61d0fae0
q61668b88,d61d2dd92
q61668b88,d61cef95c
q616a55b0,d61d6542c
q616a55b0,d61d55e64
q616a55b0,d61d9c210
q616a55b0,d61d56b70
q616a55b0,d61ddaf38
q616a55b0,d61e65250
q616a55b0,d616536fc
q616a55b0,d61dcf67e
q616a55b0,d61d34a7a
q616a55b0,d61d9e4f2
q6165af92,d616545fc
q6165af92,d61658738
q6165af92,d6167fbbc
q6165af92,d61d7febc
q6165af92,d61dc26ae
q6165af92,d61d5b8a0
q6165af92,d61d6d5d2
q6165af92,d61dd0420
q6165af92,d61dea83e
q6165af92,d61d54ac8
q6168e28e,d61d29df0
q6168e28e,d61d6eb62
q6168e28e,d61e98f74
q6168e28e,d61674f82
q6168e28e,d61d5f63a
q6168e28e,d61d570c0
q6168e28e,d61dfc188
q6168e28e,d61d2a624
q6168e28e,d61d4cd3c
q6168e28e,d61d4bc48
q6166c63e,d6166c67a
q6166c63e,d61d58ce0
q6166c63e,d61e731a2
q6166c63e,d6164fd9a
q6166c63e,d6165b23a
q6166c63e,d61e17d16
q6166c63e,d61d08b64
q6166c63e,d61d519cc
q6166c63e,d61ceeec6
q6166c63e,d61d3f5ec
q61659eb2,d61659f02
q61659eb2,d61d917c0
q61659eb2,d61d84430
q61659eb2,d61ddf6c8
q61659eb2,d61e06b88
q61659eb2,d6165d2a6
q61659eb2,d61d5e5f0
q61659eb2,d61d408ac
q61659eb2,d61e44ce4
q61659eb2,d61668eda
q6168605c,d61cf51ea
q6168605c,d61dabc6a
q6168605c,d616536fc
q6168605c,d61d559c8
q6168605c,d61d9ec0e
q6168605c,d61d60aee
q6168605c,d6166d2b4
q6168605c,d61d449de
q6168605c,d61cf992a
q6168605c,d61d61584
q616ac888,d61da901e
q616ac888,d61d80042
q616ac888,d61d3482c
q616ac888,d61db3a78
q616ac888,d61d4308e
q616ac888,d61e2a880
q616ac888,d61d33530
q616ac888,d61dc8ae0
q616ac888,d61cf177a
q616ac888,d61dabb8e
q61651d70,d61672692
q61651d70,d61d7c244
q61651d70,d6168cff6
q61651d70,d61d59e6a
q61651d70,d61d45d84
q61651d70,d61e07092
q61651d70,d61dac890
q61651d70,d61e908c4
q61651d70,d61d2ff70
q61651d70,d61673dee
q616a5038,d61666b6c
q616a5038,d61d4eba0
q616a5038,d616515c8
q616a5038,d616673dc
q616a5038,d61d39002
q616a5038,d61dc85a4
q616a5038,d61de7012
q616a5038,d61d49a42
q616a5038,d61d3ebe2
q616a5038,d61d37c2a
q616a7842,d6165c3a6
q616a7842,d61d3412e
q616a7842,d61d5f7ac
q616a7842,d61659c0a
q616a7842,d6167deca
q616a7842,d61e1f3e0
q616a7842,d61d9fcb2
q616a7842,d61df73fe
q616a7842,d61d8736a
q616a7842,d61cf1a9a
q61679bf4,d61d2c4b0
q61679bf4,d61e149e0
q61679bf4,d61d3ba6e
q61679bf4,d61d5d6fa
q61679bf4,d61ddd210
q61679bf4,d616606d6
q61679bf4,d61d292a6
q61679bf4,d61d37b26
q61679bf4,d61d78b1c
q61679bf4,d61d2cb9a
q6165649c,d61d32fb8
q6165649c,d616564d8
q6165649c,d61d56c38
q6165649c,d61d744c2
q6165649c,d61d30ede
q6165649c,d61658206
q6165649c,d61cf2300
q6165649c,d61d5adb0
q6165649c,d61ddd210
q6165649c,d61db1dc2
q616a89ae,d61d54bcc
q616a89ae,d61d0d5ce
q616a89ae,d61db5b20
q616a89ae,d616644ac
q616a89ae,d61d7850e
q616a89ae,d61d9ec0e
q616a89ae,d61d86cc6
q616a89ae,d61e8ecea
q616a89ae,d61d3ea0c
q616a89ae,d61da00ae
q616574a0,d61ddcefa
q616574a0,d61d64676
q616574a0,d6165d666
q616574a0,d61d46a22
q616574a0,d61d774a6
q616574a0,d61d6c308
q616574a0,d61d96612
q616574a0,d61659156
q616574a0,d6166bf90
q616574a0,d61d6b9f8
q6168f1ca,d61d5b1d4
q6168f1ca,d61dd8ed6
q6168f1ca,d61d292a6
q6168f1ca,d61d47418
q6168f1ca,d61d5d6fa
q6168f1ca,d61d45fbe
q6168f1ca,d61e1881a
q6168f1ca,d61ddd210
q6168f1ca,d61d694fa
q6168f1ca,d6167bf94
q616aa542,d61e5a97c
q616aa542,d61659ab6
q616aa542,d61e8ecea
q616aa542,d61d790ee
q616aa542,d61d6b020
q616aa542,d61e5e6c6
q616aa542,d616644ac
q616aa542,d61d5aa18
q616aa542,d6165737e
q616aa542,d61d37392
q61658b2a,d6165b23a
q61658b2a,d61d9e858
q61658b2a,d6164fd9a
q61658b2a,d61da4e88
q61658b2a,d61d3f5ec
q61658b2a,d61d6206a
q61658b2a,d61dd0fc4
q61658b2a,d61dcf962
q61658b2a,d61658206
q61658b2a,d61d5adb0
q61650b0a,d61ddcefa
q61650b0a,d61d697d4
q61650b0a,d61d36690
q61650b0a,d61650b5a
q61650b0a,d61d625ba
q61650b0a,d61dbcee8
q61650b0a,d61d40c94
q61650b0a,d61d44e02
q61650b0a,d61d96612
q61650b0a,d61d7b362
q616902aa,d61670220
q616902aa,d61d49628
q616902aa,d61de98ee
q616902aa,d61d4611c
q616902aa,d61d7de50
q616902aa,d61e6e792
q616902aa,d61d4fdac
q616902aa,d6166fae6
q616902aa,d61d68794
q616902aa,d61dc6952
q616844b4,d61d32fb8
q616844b4,d61cf9092
q616844b4,d61d2a99e
q616844b4,d61dc8f36
q616844b4,d61d313f2
q616844b4,d61db554e
q616844b4,d61d82504
q616844b4,d61d50b62
q616844b4,d616831c2
q616844b4,d61e0f3e6
q616677a6,d6165bf50
q616677a6,d61d7ab2e
q616677a6,d61d80a38
q616677a6,d61d5393e
q616677a6,d61d4e56a
q616677a6,d61d2f908
q616677a6,d61672692
q616677a6,d61d83d32
q616677a6,d61df717e
q616677a6,d61cfdf8e
q616a542a,d6165e9e4
q616a542a,d61d45942
q616a542a,d61d134ba
q616a542a,d61d4d7d2
q616a542a,d61650ce0
q616a542a,d61e1ee40
q616a542a,d61d91540
q616a542a,d61e61de4
q616a542a,d61d8fee8
q616a542a,d61d2c5c8
q61650696,d61cff1ae
q61650696,d61d30808
q61650696,d6166a258
q61650696,d6168710a
q61650696,d61db4464
q61650696,d61d9b1c6
q61650696,d61e1cbea
q61650696,d61d9b28e
q61650696,d61d42a12
q61650696,d61d3ebe2
q6169fad4,d6167e6f4
q6169fad4,d61dd0af6
q6169fad4,d61d790ee
q6169fad4,d61d972f6
q6169fad4,d61659ab6
q6169fad4,d61d35236
q6169fad4,d61d39b42
q6169fad4,d61e044e6
q6169fad4,d61d02d2c
q6169fad4,d61d43ad4
q6168c6e6,d61664b46
q6168c6e6,d61dc381a
q6168c6e6,d61e104b2
q6168c6e6,d61dcdfea
q6168c6e6,d61657de2
q6168c6e6,d61d3c16c
q6168c6e6,d61db37ee
q6168c6e6,d61d90d8e
q6168c6e6,d61d6e5ae
q6168c6e6,d61d3e3e0
q6167719c,d61cf3e12
q6167719c,d61658206
q6167719c,d61cf6266
q6167719c,d61ddcb30
q6167719c,d61d71a42
q6167719c,d61cf2e2c
q6167719c,d61d5adb0
q6167719c,d61d30128
q6167719c,d61d6206a
q6167719c,d61d58ce0
q6169788e,d61d61584
q6169788e,d61d8916a
q6169788e,d6164f7e6
q6169788e,d61d703b8
q6169788e,d61cf992a
q6169788e,d61d45aaa
q6169788e,d61d127fe
q6169788e,d61d857e0
q6169788e,d61df4280
q6169788e,d6166579e
q61675996,d61666a22
q61675996,d61da68dc
q61675996,d61d5f63a
q61675996,d61d835e4
q61675996,d61d016ca
q61675996,d61e1e4e0
q61675996,d61d3eae8
q61675996,d61d11cfa
q61675996,d61d3ef20
q61675996,d61674f82
q61666f9a,d61656ce4
q61666f9a,d61d33f26
q61666f9a,d61d47fda
q61666f9a,d61e17f1e
q61666f9a,d61d05068
q61666f9a,d61cfbf4a
q61666f9a,d61dc242e
q61666f9a,d61d40ed8
q61666f9a,d61d6cdc6
q61666f9a,d61d4b518
q6167b0d0,d6165b23a
q6167b0d0,d61d9e858
q6167b0d0,d61da4e88
q6167b0d0,d6164fd9a
q6167b0d0,d61e171fe
q6167b0d0,d61d54208
q6167b0d0,d61dd0fc4
q6167b0d0,d61d6206a
q6167b0d0,d61658206
q6167b0d0,d61dcf962
q61687222,d61d7d482
q61687222,d6165ba6e
q61687222,d61d4f05a
q61687222,d61d99f92
q61687222,d61693b8a
q61687222,d61d47fda
q61687222,d61dcf962
q61687222,d61d2b934
q61687222,d6167248a
q61687222,d61d2d888
q6166d5f2,d61e090ea
q6166d5f2,d61e1fbce
q6166d5f2,d61d39d7c
q6166d5f2,d61e46404
q6166d5f2,d61d39c46
q6166d5f2,d61d644e6
q6166d5f2,d61d4dc50
q6166d5f2,d61de80e8
q6166d5f2,d61d70f98
q6166d5f2,d61d6cee8
q616a2982,d616662b6
q616a2982,d61d85d80
q616a2982,d61da7642
q616a2982,d6166479a
q616a2982,d61cf0b04
q616a2982,d61d4bb80
q616a2982,d61da7584
q616a2982,d61e13590
q616a2982,d61d09fd2
q616a2982,d61d8f754
q616aa7a4,d6166b856
q616aa7a4,d61e9225a
q616aa7a4,d61d5559a
q616aa7a4,d61d67272
q616aa7a4,d61dcbef2
q616aa7a4,d61d5c0c0
q616aa7a4,d61d6a9fe
q616aa7a4,d61e0de88
q616aa7a4,d61d553b0
q616aa7a4,d61e2c81a
q61676f30,d61d50f40
q61676f30,d61de8778
q61676f30,d61d305d8
q61676f30,d61d216c8
q61676f30,d61d66912
q61676f30,d61e0adb4
q61676f30,d61660b72
q61676f30,d61680b16
q61676f30,d61663a84
q61676f30,d61df2a0c
q61685314,d61d8335a
q61685314,d61d81fbe
q61685314,d61d610de
q61685314,d61cf706c
q61685314,d61d567a6
q61685314,d61e46404
q61685314,d61dfbd46
q61685314,d6165c626
q61685314,d61e625f0
q61685314,d61dd8274
q61683906,d61da42d0
q61683906,d61d294ae
q61683906,d6165628a
q61683906,d61d3dee0
q61683906,d61cf0802
q61683906,d61d4924a
q61683906,d61d5860a
q61683906,d61e19346
q61683906,d61cf0de8
q61683906,d61e9da2e
q6167a982,d61dee060
q6167a982,d6165a36c
q6167a982,d61cfb3d8
q6167a982,d61d3e610
q6167a982,d61d56dd2
q6167a982,d61d4b82e
q6167a982,d61d880a8
q6167a982,d6164f9bc
q6167a982,d61dd836e
q6167a982,d61d49628
q6168b0d4,d6168b11a
q6168b0d4,d6165241e
q6168b0d4,d61664b46
q6168b0d4,d6165e3e0
q6168b0d4,d61cf7846
q6168b0d4,d61d05716
q6168b0d4,d61e5a97c
q6168b0d4,d61de1626
q6168b0d4,d61d2f5ac
q6168b0d4,d61db1430
q616669be,d61666a22
q616669be,d61da68dc
q616669be,d61d5f63a
q616669be,d61d016ca
q616669be,d61d3eae8
q616669be,d61d3ef20
q616669be,d61e1e4e0
q616669be,d61d835e4
q616669be,d61d11cfa
q616669be,d61d4fac8
q61678bb4,d61def08c
q61678bb4,d61d35808
q61678bb4,d61d4e56a
q61678bb4,d6165bf50
q61678bb4,d61d5393e
q61678bb4,d61d2f908
q61678bb4,d61d63e10
q61678bb4,d61d562b0
q61678bb4,d61d74ff8
q61678bb4,d61d7c244
q616a58da,d6167082e
q616a58da,d6165b4a6
q616a58da,d61d45fbe
q616a58da,d61d5d6fa
q616a58da,d61d8a736
q616a58da,d6166125c
q616a58da,d61d6f954
q616a58da,d61da02e8
q616a58da,d616592c8
q616a58da,d61d292a6
q616a824c,d61dd2108
q616a824c,d61699ada
q616a824c,d61e43844
q616a824c,d61d13cb2
q616a824c,d6165c626
q616a824c,d61d610de
q616a824c,d61dd3fd0
q616a824c,d61cf35de
q616a824c,d61dd8968
q616a824c,d61d4a078
q616593ea,d61d49628
q616593ea,d61d4e9d4
q616593ea,d61655bb4
q616593ea,d61d8b532
q616593ea,d61e99514
q616593ea,d61ea5e18
q616593ea,d61e930d8
q616593ea,d61d4611c
q616593ea,d61dbde7e
q616593ea,d61d7de50
q61679adc,d61679b40
q61679adc,d61d591a4
q61679adc,d61d96b26
q61679adc,d61d4b41e
q61679adc,d61ea1048
q61679adc,d61cff67c
q61679adc,d61d9e858
q61679adc,d61d308da
q61679adc,d6165d7a6
q61679adc,d61d03fb0
q61655ca4,d61652ff4
q61655ca4,d6168290c
q61655ca4,d61cfac4e
q61655ca4,d61662f44
q61655ca4,d61d98dcc
q61655ca4,d61dae168
q61655ca4,d61de4f10
q61655ca4,d61d73202
q61655ca4,d61cefdb2
q61655ca4,d61cef95c
q61656f6e,d61d342fa
q61656f6e,d61d76a9c
q61656f6e,d61d4308e
q61656f6e,d61d66390
q61656f6e,d61d67272
q61656f6e,d61d3acd6
q61656f6e,d61d73ee6
q61656f6e,d61d00676
q61656f6e,d6167082e
q61656f6e,d61d3fccc
q61654ae8,d61654b38
q61654ae8,d61d9bd24
q61654ae8,d61d6a9fe
q61654ae8,d61d694fa
q61654ae8,d61d5559a
q61654ae8,d61d9963c
q61654ae8,d61d5b0e4
q61654ae8,d61d450b4
q61654ae8,d61d5271e
q61654ae8,d61d8fc90
q61687cc2,d6165d2a6
q61687cc2,d61d408ac
q61687cc2,d61d605c6
q61687cc2,d61e06b88
q61687cc2,d61d96ef0
q61687cc2,d61e94136
q61687cc2,d61d04208
q61687cc2,d61ddc3a6
q61687cc2,d616536fc
q61687cc2,d61d686ae
q616787e0,d61651bfe
q616787e0,d61e61402
q616787e0,d61670220
q616787e0,d61687736
q616787e0,d6165e656
q616787e0,d61da3c36
q616787e0,d61d2d2d4
q616787e0,d61d9569a
q616787e0,d61d77596
q616787e0,d61d8c270
q61689c7a,d6165c0e0
q61689c7a,d6167309c
q61689c7a,d61e090ea
q61689c7a,d61d58538
q61689c7a,d61e01afc
q61689c7a,d61d08a74
q61689c7a,d61d71c54
q61689c7a,d61d57f48
q61689c7a,d616673dc
q61689c7a,d61d4eba0
q6165b456,d61d45fbe
q6165b456,d6165b4a6
q6165b456,d6167082e
q6165b456,d61d2cb9a
q6165b456,d61da347a
q6165b456,d61d292a6
q6165b456,d61d4c878
q6165b456,d61656fc8
q6165b456,d61da02e8
q6165b456,d616539a4
q6165434a,d61d29cb0
q6165434a,d61d48ffc
q6165434a,d61d68c62
q6165434a,d61cfe6d2
q6165434a,d61651dca
q6165434a,d61683f1e
q6165434a,d6165525e
q6165434a,d61d68e42
q6165434a,d61d0e384
q6165434a,d61da9ece
q616a6442,d61d3412e
q616a6442,d6165c3a6
q616a6442,d61659c0a
q616a6442,d6167deca
q616a6442,d61e1f3e0
q616a6442,d61d5f7ac
q616a6442,d61cf1a9a
q616a6442,d61dda4a2
q616a6442,d61d6899c
q616a6442,d61e398bc
q61694076,d61cff780
q61694076,d61ea9748
q61694076,d61e1d8a6
q61694076,d61d79b7a
q61694076,d61e688ce
q61694076,d61d38d32
q61694076,d6166369c
q61694076,d61d48714
q61694076,d61665460
q61694076,d61677610
q6169f570,d61dd95ca
q6169f570,d6167a2a2
q6169f570,d61d7dcfc
q6169f570,d61d36690
q6169f570,d61d53ff6
q6169f570,d61d8fb0a
q6169f570,d61d33328
q6169f570,d61666b6c
q6169f570,d61d93e9e
q6169f570,d61d42a12
q616558d0,d61d78dce
q616558d0,d61d9e4f2
q616558d0,d61d8f038
q616558d0,d61cf992a
q616558d0,d61d56b70
q616558d0,d616536fc
q616558d0,d61e398bc
q616558d0,d61d67d6c
q616558d0,d61d33e0e
q616558d0,d61cfb702
q6165c342,d61e12a64
q6165c342,d61d5f7ac
q6165c342,d61d3ef20
q6165c342,d61d82914
q6165c342,d61daffcc
q6165c342,d61ddaf38
q6165c342,d61d8c77a
q6165c342,d61cf1f0e
q6165c342,d616760d0
q6165c342,d61cf1a9a
q6167e406,d61662f44
q6167e406,d61d67d6c
q6167e406,d61ddd99a
q6167e406,d61d3d5bc
q6167e406,d61dae168
q6167e406,d61dbaf26
q6167e406,d61d34a7a
q6167e406,d61d3f362
q6167e406,d61d308da
q6167e406,d61e4ea8c
q6167a7d4,d6167a824
q6167a7d4,d61d84430
q6167a7d4,d61d57b2e
q6167a7d4,d61d59c26
q6167a7d4,d61d568a0
q6167a7d4,d61e4096e
q6167a7d4,d61dd38aa
q6167a7d4,d61db8ea6
q6167a7d4,d61da4bae
q6167a7d4,d61e9b3be
q61654d18,d61654d5e
q61654d18,d61d3772a
q61654d18,d61d68794
q61654d18,d61de2f94
q61654d18,d61d71060
q61654d18,d61d566ca
q61654d18,d61d3d2ce
q61654d18,d61d6dea6
q61654d18,d61d00590
q61654d18,d61d9b66c
q61676878,d61dc6952
q61676878,d61d44902
q61676878,d61d6a6d4
q61676878,d61d7381a
q61676878,d61cf4308
q61676878,d6165b8c0
q61676878,d61d589b6
q61676878,d61d298aa
q61676878,d61d6cae2
q61676878,d61d87d74
q61690160,d6168cff6
q61690160,d61e65250
q61690160,d61d4dc50
q61690160,d61d59f28
q61690160,d61e8e538
q61690160,d61d13fbe
q61690160,d61e07092
q61690160,d6167676a
q61690160,d61e62d66
q61690160,d61d3be60
q61685f44,d61d6206a
q61685f44,d61dbf544
q61685f44,d6167248a
q61685f44,d61d2b934
q61685f44,d61d8be6a
q61685f44,d61656ce4
q61685f44,d61d5db5a
q61685f44,d61d3f8bc
q61685f44,d61d0f306
q61685f44,d61d74e9a
q6169304a,d61664696
q6169304a,d61db31a4
q6169304a,d61cefb6e
q6169304a,d61ddcefa
q6169304a,d61d3c23e
q6169304a,d61d81258
q6169304a,d61672692
q6169304a,d61db1214
q6169304a,d61e089a6
q6169304a,d61e26406
q616a75a4,d61e13392
q616a75a4,d61d8a966
q616a75a4,d61655132
q616a75a4,d61d66836
q616a75a4,d61e1779e
q616a75a4,d61d73522
q616a75a4,d61e0333e
q616a75a4,d61ddd99a
q616a75a4,d61d4f776
q616a75a4,d61dceeea
q616a67d0,d616950b6
q616a67d0,d61d6d2c6
q616a67d0,d6165270c
q616a67d0,d61d13dac
q616a67d0,d61d6ecc0
q616a67d0,d61ddc3a6
q616a67d0,d61d70d0e
q616a67d0,d61d2b448
q616a67d0,d6166299a
q616a67d0,d61e1779e
q6165c086,d61d0fd74
q6165c086,d61691998
q6165c086,d61d8420a
q6165c086,d61e0aff8
q6165c086,d61e1c4f6
q6165c086,d61d5487a
q6165c086,d61e090ea
q6165c086,d61d2f4b2
q6165c086,d61df4afa
q6165c086,d61d44812
q616a3cb0,d61650830
q616a3cb0,d61d8cb12
q616a3cb0,d61d6e694
q616a3cb0,d61d31db6
q616a3cb0,d61d3982c
q616a3cb0,d61dcfe80
q616a3cb0,d61d688c0
q616a3cb0,d61d92bf2
q616a3cb0,d61e8303e
q616a3cb0,d61d61200
q61682db2,d61d68c62
q61682db2,d61d48ffc
q61682db2,d61d31334
q61682db2,d61d5dc0e
q61682db2,d61693946
q61682db2,d61db1ad4
q61682db2,d61d5fefa
q61682db2,d61d29cb0
q61682db2,d61deeca4
q61682db2,d61dd5fc4
q616a3bb6,d6169da04
q616a3bb6,d61e2a880
q616a3bb6,d6166ba4a
q616a3bb6,d61d57a48
q616a3bb6,d61d53ff6
q616a3bb6,d61e83a7a
q616a3bb6,d61d72460
q616a3bb6,d61d59474
q616a3bb6,d616596b0
q616a3bb6,d61d40708
q6167d394,d6166125c
q6167d394,d61cf706c
q6167d394,d61d66390
q6167d394,d61d6f954
q6167d394,d61db74fc
q6167d394,d616592c8
q6167d394,d61e0948c
q6167d394,d61dd95ca
q6167d394,d61d3acd6
q6167d394,d61d342fa
q61653b16,d61def08c
q61653b16,d61d35808
q61653b16,d61d4e56a
q61653b16,d61d5393e
q61653b16,d6165bf50
q61653b16,d61d2f908
q61653b16,d61d562b0
q61653b16,d61d7c244
q61653b16,d61d63e10
q61653b16,d61d74ff8
q6168a224,d61d77df2
q6168a224,d6165ec6e
q6168a224,d61d5f55e
q6168a224,d61d32ca2
q6168a224,d61db554e
q6168a224,d61dbaf26
q6168a224,d61d61016
q6168a224,d61d5c458
q6168a224,d61d3d5bc
q6168a224,d61d56b70
q616a23e2,d6167331c
q616a23e2,d61e89d1c
q616a23e2,d616760d0
q616a23e2,d61dd0c54
q616a23e2,d6165d148
q616a23e2,d61d37f7c
q616a23e2,d61d3fd94
q616a23e2,d6166e6c8
q616a23e2,d61da4bae
q616a23e2,d61df65a8
q6169e4cc,d6167ace8
q6169e4cc,d61dcf764
q6169e4cc,d61d827de
q6169e4cc,d61d7bcf4
q6169e4cc,d61d72b2c
q6169e4cc,d61670572
q6169e4cc,d61d575fc
q6169e4cc,d61cf06f4
q6169e4cc,d61d9569a
q6169e4cc,d61da3c36
q6168038c,d616803d2
q6168038c,d61dbb26e
q6168038c,d61dbb854
q6168038c,d61d84d0e
q6168038c,d61d8f4ac
q6168038c,d61e14152
q6168038c,d61d59474
q6168038c,d61d11110
q6168038c,d61cf8b38
q6168038c,d61dc677c
q61659bc4,d61659c0a
q61659bc4,d61e1f3e0
q61659bc4,d61dbcee8
q61659bc4,d61e25b46
q61659bc4,d61d36690
q61659bc4,d61cf30b6
q61659bc4,d61d6b3fe
q61659bc4,d61dc5a8e
q61659bc4,d61d644e6
q61659bc4,d61d84b92
q6166876e,d616687c8
q6166876e,d61d49448
q6166876e,d61da901e
q6166876e,d61d77596
q6166876e,d61d91928
q6166876e,d61d630aa
q6166876e,d61d3bf8c
q6166876e,d61dd4f20
q6166876e,d61d7b6a0
q6166876e,d61dbe54a
q616888de,d6166e29a
q616888de,d61d532d6
q616888de,d61d36c1c
q616888de,d61cf177a
q616888de,d61d79e68
q616888de,d61d3c068
q616888de,d61d43908
q616888de,d61d85ab0
q616888de,d61d4baae
q616888de,d61e090ea
q61664d6c,d61d77df2
q61664d6c,d6165ec6e
q61664d6c,d61d32ca2
q61664d6c,d61d5f55e
q61664d6c,d61dbaf26
q61664d6c,d61d52c32
q61664d6c,d61d5c458
q61664d6c,d61d56b70
q61664d6c,d61cffd7a
q61664d6c,d61ddd99a
q616773cc,d61cf31f6
q616773cc,d61cf6144
q616773cc,d61d0be54
q616773cc,d61e4aba8
q616773cc,d61d535b0
q616773cc,d61d8c77a
q616773cc,d61d196b2
q616773cc,d61d73522
q616773cc,d61664b46
q616773cc,d61dcd37e
q6166f4c4,d616540de
q6166f4c4,d61d3d5bc
q6166f4c4,d61d08a74
q6166f4c4,d61dbf468
q6166f4c4,d61d35236
q6166f4c4,d6169f412
q6166f4c4,d61d4b41e
q6166f4c4,d61d80042
q6166f4c4,d61e044e6
q6166f4c4,d61e33dd6
q616a903e,d6168ddf2
q616a903e,d61d958a2
q616a903e,d61d84b92
q616a903e,d61cf6f72
q616a903e,d61cfe5b0
q616a903e,d61df03f6
q616a903e,d61d05716
q616a903e,d61d536dc
q616a903e,d61dde570
q616a903e,d61d39d7c
q6169dc34,d61da4bae
q6169dc34,d6165d148
q6169dc34,d616595a2
q6169dc34,d61666450
q6169dc34,d61d0546e
q6169dc34,d61d9b1c6
q6169dc34,d61e1cbea
q6169dc34,d61666b6c
q6169dc34,d61da5dd8
q6169dc34,d61de7012
q61669736,d61d82e0a
q61669736,d61669786
q61669736,d61d2e33c
q61669736,d61d665f2
q61669736,d61d8e890
q61669736,d61d5860a
q61669736,d61d4b41e
q61669736,d61d6b020
q61669736,d6169f412
q61669736,d61d35236
q61681d90,d61d72640
q61681d90,d61d67970
q61681d90,d6166eb32
q61681d90,d61654c3c
q61681d90,d61d36488
q61681d90,d61e398bc
q61681d90,d61d3ef20
q61681d90,d61d96824
q61681d90,d61df8538
q61681d90,d61e3d1c4
q6169f3b8,d61d3d5bc
q6169f3b8,d61d80042
q6169f3b8,d61d4b41e
q6169f3b8,d61d590e6
q6169f3b8,d61e633e2
q6169f3b8,d61d96b26
q6169f3b8,d61dfd952
q6169f3b8,d6169f412
q6169f3b8,d61d8d59e
q6169f3b8,d61d41716
q61654bf6,d61654c3c
q61654bf6,d61d72640
q61654bf6,d61d36488
q61654bf6,d61d67970
q61654bf6,d61d96824
q61654bf6,d61da5338
q61654bf6,d6166eb32
q61654bf6,d61d81cb2
q61654bf6,d61df8538
q61654bf6,d61669786
q616a1078,d61667ce2
q616a1078,d61d4951a
q616a1078,d61d014d6
q616a1078,d61673dee
q616a1078,d61dcf764
q616a1078,d61dabda0
q616a1078,d61cf6cac
q616a1078,d61d370c2
q616a1078,d61da1fb2
q616a1078,d61d47eea
q616664fa,d61e532a8
q616664fa,d61d5bfb2
q616664fa,d61dcd93c
q616664fa,d61da4bae
q616664fa,d61d1b868
q616664fa,d61dfe8f2
q616664fa,d6166c544
q616664fa,d61e31a54
q616664fa,d6165b74e
q616664fa,d61d92274
q616814f8,d61d68c62
q616814f8,d61d48ffc
q616814f8,d61d29cb0
q616814f8,d61cfe6d2
q616814f8,d61d4e1be
q616814f8,d61d68596
q616814f8,d61e5885c
q616814f8,d61db1ad4
q616814f8,d61d5dc0e
q616814f8,d61693946
q616732e0,d61d5bfb2
q616732e0,d61dd0c54
q616732e0,d61d6c556
q616732e0,d6167331c
q616732e0,d61cf1f0e
q616732e0,d61e502a6
q616732e0,d61e8e286
q616732e0,d61d93da4
q616732e0,d61dcb1c8
q616732e0,d61d774a6
q616a2658,d6165db98
q616a2658,d61d3d706
q616a2658,d61d9deee
q616a2658,d61dcbef2
q616a2658,d61d3acd6
q616a2658,d61d5b0e4
q616a2658,d61dd8274
q616a2658,d61d75b24
q616a2658,d61d3fae2
q616a2658,d61d5fe28
q61665e7e,d61665ec4
q61665e7e,d61e243f4
q61665e7e,d61d86cc6
q61665e7e,d6166186a
q61665e7e,d61d70a84
q61665e7e,d61cefa60
q61665e7e,d61d74a4e
q61665e7e,d61d65936
q61665e7e,d61d38616
q61665e7e,d61d4c666
q6168e7d4,d61650236
q6168e7d4,d61d4a8c0
q6168e7d4,d61d2f20a
q6168e7d4,d61d72460
q6168e7d4,d61d53c40
q6168e7d4,d61d3c9be
q6168e7d4,d61669894
q6168e7d4,d61d01bd4
q6168e7d4,d616596b0
q6168e7d4,d61da901e
q6164f62e,d61d04208
q6164f62e,d61d43548
q6164f62e,d61d3158c
q6164f62e,d6166299a
q6164f62e,d61d8f038
q6164f62e,d61d5dd9e
q6164f62e,d6166579e
q6164f62e,d61df4280
q6164f62e,d61ddc3a6
q6164f62e,d61d71b1e
q61666d42,d61650830
q61666d42,d61d8cb12
q61666d42,d61d927c4
q61666d42,d61daa81a
q61666d42,d61d3cd60
q61666d42,d61da2d7c
q61666d42,d61dfbd46
q61666d42,d61d9f8e8
q61666d42,d61d688c0
q61666d42,d61d604b8
q616816ce,d61d2f908
q616816ce,d61d44538
q616816ce,d61d2a624
q616816ce,d61d83f44
q616816ce,d61651dca
q616816ce,d6166479a
q616816ce,d61d4429a
q616816ce,d61d2b63c
q616816ce,d61d5393e
q616816ce,d61daf306
q61657216,d61df8448
q61657216,d61d59e6a
q61657216,d61d53ff6
q61657216,d61d93e9e
q61657216,d61662f44
q61657216,d61dfe456
q61657216,d61d2b362
q61657216,d61d2dd92
q61657216,d61d2a4bc
q61657216,d61d35808
q616653fc,d6165ef8e
q616653fc,d61d54bcc
q616653fc,d61e914d6
q616653fc,d6165737e
q616653fc,d61d371bc
q616653fc,d61d90d8e
q616653fc,d61da8696
q616653fc,d61e8ecea
q616653fc,d61e104b2
q616653fc,d61d72d7a
q61683df2,d61d49a42
q61683df2,d6165737e
q61683df2,d6165ef8e
q61683df2,d6167900a
q61683df2,d61d72d7a
q61683df2,d61d043fc
q61683df2,d61da3b1e
q61683df2,d61d65f8a
q61683df2,d61693b8a
q61683df2,d61d99254
q616863ea,d61d4f30c
q616863ea,d61d58f1a
q616863ea,d61d9dda4
q616863ea,d61e48e3e
q616863ea,d61e4d326
q616863ea,d61d4924a
q616863ea,d61daf50e
q616863ea,d61dc39dc
q616863ea,d61d7224e
q616863ea,d61668eda
q61689590,d616540de
q61689590,d61d08a74
q61689590,d61d4b41e
q61689590,d61d35236
q61689590,d6169f412
q61689590,d61dbf468
q61689590,d61d3d5bc
q61689590,d61dc0eda
q61689590,d61d6c218
q61689590,d61d80042
q6166d11a,d6166d174
q6166d11a,d61cf8660
q6166d11a,d61ddf6c8
q6166d11a,d61dbe1a8
q6166d11a,d61e4d326
q6166d11a,d61659f02
q6166d11a,d61dea258
q6166d11a,d61d2eb34
q6166d11a,d61d5e258
q6166d11a,d61cf8f20
q6166c9b8,d61da7804
q6166c9b8,d61e33962
q6166c9b8,d61d07e94
q6166c9b8,d61d41b9e
q6166c9b8,d61dcd93c
q6166c9b8,d61e1859a
q6166c9b8,d61de7620
q6166c9b8,d61d66836
q6166c9b8,d61dbaf26
q6166c9b8,d61dc1f88
q616a3fe4,d616a402a
q616a3fe4,d616831c2
q616a3fe4,d61693946
q616a3fe4,d61670572
q616a3fe4,d61cf9092
q616a3fe4,d61da9ece
q616a3fe4,d61d2e422
q616a3fe4,d61d5c336
q616a3fe4,d61cf7436
q616a3fe4,d61db79a2
q6169c096,d61dd4ca0
q6169c096,d61d37392
q6169c096,d61da00ae
q6169c096,d61dd8ca6
q6169c096,d61668eda
q6169c096,d61d6b8cc
q6169c096,d61d72460
q6169c096,d61d8e9f8
q6169c096,d61d85448
q6169c096,d61cf9254
q61673b50,d6166d174
q61673b50,d61cefca4
q61673b50,d61e8a71c
q61673b50,d61dc5962
q61673b50,d61e4d326
q61673b50,d61d6a51c
q61673b50,d61d917c0
q61673b50,d61659f02
q61673b50,d61cf8f20
q61673b50,d61d196b2
q616859b8,d61d196b2
q616859b8,d61d741a2
q616859b8,d61dbb854
q616859b8,d61df9668
q616859b8,d61d46ff4
q616859b8,d61d1b868
q616859b8,d61da4bae
q616859b8,d61dea83e
q616859b8,d61d80e70
q616859b8,d61d5d056
q61682510,d61656776
q61682510,d61d5b59e
q61682510,d61d911da
q61682510,d61d317a8
q61682510,d61dafb08
q61682510,d61d7c7b2
q61682510,d61da1666
q61682510,d61e98f74
q61682510,d61df73fe
q61682510,d61d8a808
q616993dc,d61d6206a
q616993dc,d6165b23a
q616993dc,d61dbf544
q616993dc,d61d54208
q616993dc,d61d78c2a
q616993dc,d61d52232
q616993dc,d61e1ee40
q616993dc,d61cef7cc
q616993dc,d61d71a42
q616993dc,d61d91540
q6169d266,d61669682
q6169d266,d61652ff4
q6169d266,d61d308da
q6169d266,d61cffd7a
q6169d266,d61d3a452
q6169d266,d61651906
q6169d266,d61d002d4
q6169d266,d61cfac4e
q6169d266,d61d46540
q6169d266,d61d8cb12
q616907e6,d61666a22
q616907e6,d61da68dc
q616907e6,d61d5f63a
q616907e6,d61d835e4
q616907e6,d61d016ca
q616907e6,d61e1e4e0
q616907e6,d61d3eae8
q616907e6,d61d11cfa
q616907e6,d61d3ef20
q616907e6,d61e8e286
q6168c4de,d61670b1c
q6168c4de,d61d99402
q6168c4de,d61e0f3e6
q6168c4de,d61e7fc18
q6168c4de,d61d80042
q6168c4de,d61665db6
q6168c4de,d61d8aff6
q6168c4de,d61d72d7a
q6168c4de,d61d1ea0e
q6168c4de,d61d921ac
q6169add6,d6165f9d4
q6169add6,d61cfa456
q6169add6,d61dc07fa
q6169add6,d61e4126a
q6169add6,d61d60d0a
q6169add6,d61cf422c
q6169add6,d61e0849c
q6169add6,d61dd0af6
q6169add6,d61d91aea
q6169add6,d61e65a3e
q61694de6,d61ddb62c
q61694de6,d61652ff4
q61694de6,d61d9c364
q61694de6,d61db89ce
q61694de6,d61dd138e
q61694de6,d61d6a7c4
q61694de6,d61db1ea8
q61694de6,d61d99bdc
q61694de6,d61d62812
q61694de6,d61d0cd22
q6167e8e8,d61e243f4
q6167e8e8,d61d74a4e
q6167e8e8,d61665ec4
q6167e8e8,d61d86cc6
q6167e8e8,d61d70a84
q6167e8e8,d6166186a
q6167e8e8,d61d36488
q6167e8e8,d61de35a2
q6167e8e8,d616830c8
q6167e8e8,d61dfd22c
q6168cb8c,d61e9bfa8
q6168cb8c,d61d6e5ae
q6168cb8c,d61d1035a
q6168cb8c,d61dc84be
q6168cb8c,d61d49a42
q6168cb8c,d61d342fa
q6168cb8c,d61d3d846
q6168cb8c,d61da1292
q6168cb8c,d61d3d706
q6168cb8c,d61652c8e
q61651f28,d61d140f4
q61651f28,d61d6be8a
q61651f28,d61651f82
q61651f28,d61da6710
q61651f28,d61d43804
q61651f28,d61d38170
q61651f28,d61ea1048
q61651f28,d61d4760c
q61651f28,d61e0e504
q61651f28,d61d50248
q6168ae2c,d61d8b532
q6168ae2c,d61d640e0
q6168ae2c,d61d3745a
q6168ae2c,d61d2f4b2
q6168ae2c,d61d5b59e
q6168ae2c,d61d8452a
q6168ae2c,d61d346ec
q6168ae2c,d61d41374
q6168ae2c,d61de55dc
q6168ae2c,d6165f5ec
q61690b88,d61d48ffc
q61690b88,d61d68c62
q61690b88,d61658b70
q61690b88,d61d934f8
q61690b88,d61d96928
q61690b88,d61d5cee4
q61690b88,d61d80632
q61690b88,d61d4ca58
q61690b88,d61d2bc72
q61690b88,d61d09e2e
q61683460,d61d85088
q61683460,d61da9258
q61683460,d61654b38
q61683460,d61e0aff8
q61683460,d61d75494
q61683460,d61d516fc
q61683460,d61d5c336
q61683460,d61d792b0
q61683460,d61657130
q61683460,d61da9ece
q6167ccdc,d61d0fd74
q6167ccdc,d61e85bae
q6167ccdc,d61e0aff8
q6167ccdc,d61d3394a
q6167ccdc,d61d492fe
q6167ccdc,d61d8420a
q6167ccdc,d6166587a
q6167ccdc,d61e090ea
q6167ccdc,d61d34b56
q6167ccdc,d6166092e
q61651bc2,d61d4bf2c
q61651bc2,d61651bfe
q61651bc2,d61d36f28
q61651bc2,d61d712cc
q61651bc2,d61cf7fa8
q61651bc2,d61d5a950
q61651bc2,d61d3e87c
q61651bc2,d61cf2300
q61651bc2,d61db1cc8
q61651bc2,d61ea5706
q61664eac,d6165c25c
q61664eac,d61d6fa1c
q61664eac,d61e2b050
q61664eac,d61cfbc98
q61664eac,d61d39d7c
q61664eac,d61da59e6
q61664eac,d61d32dc4
q61664eac,d61d40c94
q61664eac,d61d4dc50
q61664eac,d61cf66d0
q61690c8c,d6167e6f4
q61690c8c,d61d29396
q61690c8c,d61d3bc4e
q61690c8c,d61d93da4
q61690c8c,d61d4a7d0
q61690c8c,d61d9b28e
q61690c8c,d61e8d5d4
q61690c8c,d61d8d47c
q61690c8c,d61d790ee
q61690c8c,d6169f412
q616aa2c2,d61d792b0
q616aa2c2,d6166ace4
q616aa2c2,d61cf34c6
q616aa2c2,d61d80632
q616aa2c2,d61d516fc
q616aa2c2,d61db3a78
q616aa2c2,d61d4308e
q616aa2c2,d61d61976
q616aa2c2,d61657130
q616aa2c2,d61dab1f2
q6165c946,d61de898a
q6165c946,d61661aea
q6165c946,d61d72460
q6165c946,d61673dee
q6165c946,d61d53af6
q6165c946,d6169d40a
q6165c946,d61d2e33c
q6165c946,d61d99e84
q6165c946,d61cf1cde
q6165c946,d61d53c40
q6166906a,d61d43b92
q6166906a,d6164fb42
q6166906a,d61d00676
q6166906a,d61ea01a2
q6166906a,d61d30484
q6166906a,d61d66bec
q6166906a,d61653f9e
q6166906a,d61da2782
q6166906a,d6166c440
q6166906a,d6169d40a
q6167f482,d61e4aba8
q6167f482,d61d535b0
q6167f482,d61cf31f6
q6167f482,d61d8c77a
q6167f482,d61d6ecc0
q6167f482,d61d48d04
q6167f482,d61dd97e6
q6167f482,d61e28986
q6167f482,d61cf6144
q6167f482,d61d196b2
q6167d9b6,d6165385a
q6167d9b6,d61dce62a
q6167d9b6,d6166655e
q6167d9b6,d61d71fb0
q6167d9b6,d61d0f6d0
q6167d9b6,d61d14e5a
q6167d9b6,d61dbe464
q6167d9b6,d61656bae
q6167d9b6,d61d62a42
q6167d9b6,d61dbe0b8
q61666b1c,d61666b6c
q61666b1c,d61d3ebe2
q61666b1c,d61d4eba0
q61666b1c,d616673dc
q61666b1c,d61dd95ca
q61666b1c,d61d39002
q61666b1c,d616515c8
q61666b1c,d61dfa6bc
q61666b1c,d61d41568
q61666b1c,d61d49a42
q616692fe,d61659f02
q616692fe,d61d917c0
q616692fe,d61cf8f20
q616692fe,d61dbe1a8
q616692fe,d61d5e5f0
q616692fe,d616749e2
q616692fe,d61cefca4
q616692fe,d61d5e258
q616692fe,d61663980
q616692fe,d61e4d326
q61662846,d61d9f550
q61662846,d61da1fb2
q61662846,d61d014d6
q61662846,d61d67f2e
q61662846,d61d67c54
q61662846,d61651dca
q61662846,d61de9ab0
q61662846,d61d4ef74
q61662846,d61669894
q61662846,d61cf249a
q61662bb6,d6169ca1e
q61662bb6,d61d89354
q61662bb6,d61e0148a
q61662bb6,d61d41374
q61662bb6,d61d0a0ae
q61662bb6,d61dd0c54
q61662bb6,d61d93ffc
q61662bb6,d61d7a9f8
q61662bb6,d6165bc6c
q61662bb6,d61d82914
q616668b0,d616668f6
q616668b0,d61cf30b6
q616668b0,d61d35e70
q616668b0,d61d4cd3c
q616668b0,d61d29df0
q616668b0,d61da0c3e
q616668b0,d61cfdcfa
q616668b0,d61d36cf8
q616668b0,d61d4bc48
q616668b0,d61d9375a
q6167d01a,d61d47bca
q6167d01a,d61d6206a
q6167d01a,d61dbf544
q6167d01a,d61d8907a
q6167d01a,d61d8be6a
q6167d01a,d61d3f6e6
q6167d01a,d6165853a
q6167d01a,d61d2b934
q6167d01a,d61d0f306
q6167d01a,d6167248a
q6165dcba,d6164fb42
q6165dcba,d61d43b92
q6165dcba,d61ea01a2
q6165dcba,d61df6fc6
q6165dcba,d61da2782
q6165dcba,d61d48642
q6165dcba,d61656a32
q6165dcba,d61d5f234
q6165dcba,d61d7dafe
q6165dcba,d61d71c54
q616822c2,d6166f3e8
q616822c2,d61d686ae
q616822c2,d61d2ca96
q616822c2,d61dba7ce
q616822c2,d61cefb6e
q616822c2,d61e04a0e
q616822c2,d61dcf480
q616822c2,d6165d2a6
q616822c2,d61e1e9a4
q616822c2,d61da7804
q616929b0,d61d140f4
q616929b0,d61da67ba
q616929b0,d61d08628
q616929b0,d61d7a372
q616929b0,d61d6be8a
q616929b0,d61d8614a
q616929b0,d61d2f69c
q616929b0,d61651f82
q616929b0,d616862d2
q616929b0,d61d75386
q616832f8,d61e0f3e6
q616832f8,d61d18adc
q616832f8,d61d80e70
q616832f8,d61d48d04
q616832f8,d61dbe9a0
q616832f8,d61d5fc20
q616832f8,d61d6c556
q616832f8,d61d80042
q616832f8,d61d8aff6
q616832f8,d61d345fc
q6169237a,d61d674c0
q6169237a,d61d2e1b6
q6169237a,d61dd96ba
q6169237a,d61cf1dd8
q6169237a,d61d73522
q6169237a,d61d2fe08
q6169237a,d61d670c4
q6169237a,d61e2511e
q6169237a,d61d881a2
q6169237a,d61d80042
q61658fe4,d61e090ea
q61658fe4,d61d818b6
q61658fe4,d61d6f1e8
q61658fe4,d61652ad6
q61658fe4,d61e1073c
q61658fe4,d61dc918e
q61658fe4,d61d7e7c4
q61658fe4,d61da827c
q61658fe4,d6166224c
q61658fe4,d61d771f4
q616717ba,d61d37f7c
q616717ba,d6166a47e
q616717ba,d61d782a2
q616717ba,d61dd0c54
q616717ba,d6166e6c8
q616717ba,d61d640e0
q616717ba,d61d12632
q616717ba,d61dcc71c
q616717ba,d61e89d1c
q616717ba,d61df65a8
q6169f66a,d6165737e
q6169f66a,d61659ab6
q6169f66a,d61da8696
q6169f66a,d61d790ee
q6169f66a,d61d42f62
q6169f66a,d61dbf468
q6169f66a,d61d4b41e
q6169f66a,d61d6b020
q6169f66a,d61e8ecea
q6169f66a,d61e5e6c6
q6166236e,d616553ee
q6166236e,d61d5b59e
q6166236e,d61d44e02
q6166236e,d61d3982c
q6166236e,d61d84782
q6166236e,d61e8990c
q6166236e,d61d99916
q6166236e,d61cfac4e
q6166236e,d61e19b48
q6166236e,d61d59c26
q6165f592,d6165f5ec
q6165f592,d61d8452a
q6165f592,d61e0aff8
q6165f592,d61d5487a
q6165f592,d61dd56a0
q6165f592,d61d5d6fa
q6165f592,d61d5b59e
q6165f592,d61d3394a
q6165f592,d61e2c9a0
q6165f592,d61d9aa64
q61689342,d61d7b18c
q61689342,d61d87eb4
q61689342,d61d08894
q61689342,d61d53a06
q61689342,d61e70204
q61689342,d61e80852
q61689342,d61e61740
q61689342,d61de7a4e
q61689342,d61669fec
q61689342,d61e3a5aa
q61681a84,d61d4eba0
q61681a84,d61666b6c
q61681a84,d616515c8
q61681a84,d61de7012
q61681a84,d61d39002
q61681a84,d61dba49a
q61681a84,d61d3ebe2
q61681a84,d61d2f3ae
q61681a84,d616530f8
q61681a84,d61d49a42
q616a94d0,d61d8fee8
q616a94d0,d61dccbf4
q616a94d0,d61d5fefa
q616a94d0,d61d795ee
q616a94d0,d61d5fd2e
q616a94d0,d6165385a
q616a94d0,d61de3f0c
q616a94d0,d616564d8
q616a94d0,d61650524
q616a94d0,d61d76f4c
q6166b69e,d61d4a992
q6166b69e,d61d2d770
q6166b69e,d61d3772a
q6166b69e,d61d37392
q6166b69e,d61d570c0
q6166b69e,d61dfbd46
q6166b69e,d61653d14
q6166b69e,d61d40ed8
q6166b69e,d61dc85a4
q6166b69e,d61d3d706
q616ab37a,d616673dc
q616ab37a,d61d4eba0
q616ab37a,d616515c8
q616ab37a,d61666b6c
q616ab37a,d616530f8
q616ab37a,d61dba49a
q616ab37a,d61dc85a4
q616ab37a,d61de7012
q616ab37a,d61d49a42
q616ab37a,d61d39002
q61683bc2,d61d2d1f8
q61683bc2,d61d8c77a
q61683bc2,d61d61016
q61683bc2,d61dfd4ac
q61683bc2,d61e090ea
q61683bc2,d61d34b56
q61683bc2,d61693414
q61683bc2,d61dc918e
q61683bc2,d61665c62
q61683bc2,d61d8ab3c
q61656370,d616556b4
q61656370,d61df2a0c
q61656370,d61db1ea8
q61656370,d61d99bdc
q61656370,d61e0adb4
q61656370,d61e464fe
q61656370,d61d6a7c4
q61656370,d61d305d8
q61656370,d61db89ce
q61656370,d61ddb62c
q6169f7be,d61d590e6
q6169f7be,d61d3d5bc
q6169f7be,d61d96b26
q6169f7be,d61d65f8a
q6169f7be,d61d4b41e
q6169f7be,d61e65a3e
q6169f7be,d6169f412
q6169f7be,d61d171be
q6169f7be,d61d8d59e
q6169f7be,d61d8d7b0
q61675360,d6165e3e0
q61675360,d616753c4
q61675360,d61676c2e
q61675360,d6165241e
q61675360,d61d88670
q61675360,d6165e23c
q61675360,d61cfac4e
q61675360,d61dc4530
q61675360,d61d2d068
q61675360,d61da22f0
q6168be62,d61d8650a
q6168be62,d61d08ed4
q6168be62,d61673dee
q6168be62,d61d869b0
q6168be62,d61d74ff8
q6168be62,d61d4733c
q6168be62,d61d44902
q6168be62,d61d33f26
q6168be62,d61d0b3fa
q6168be62,d61db72fe
q616aab50,d6165e052
q616aab50,d61dd5cc2
q616aab50,d61d52408
q616aab50,d6166751c
q616aab50,d61d0e154
q616aab50,d61d6f710
q616aab50,d6168ea86
q616aab50,d61cf6cac
q616aab50,d61681034
q616aab50,d61d60bc0
q6167eb9a,d61da0e32
q6167eb9a,d6166af5a
q6167eb9a,d61da5dd8
q6167eb9a,d61dde9c6
q6167eb9a,d61d42a12
q6167eb9a,d61d778e8
q6167eb9a,d61e0540e
q6167eb9a,d61d46eb4
q6167eb9a,d61d53ff6
q6167eb9a,d61d3fd94
q6168ee8c,d61dd1c08
q6168ee8c,d616881ae
q6168ee8c,d61ddd99a
q6168ee8c,d61d4984e
q6168ee8c,d61dd4a48
q6168ee8c,d61cf6b30
q6168ee8c,d61de7968
q6168ee8c,d6167c390
q6168ee8c,d61673f24
q6168ee8c,d61d59b54
q6169fd86,d61d9a1a4
q6169fd86,d6165b23a
q6169fd86,d61d34f34
q6169fd86,d61cf3e12
q6169fd86,d61db7fce
q6169fd86,d61d519cc
q6169fd86,d61ddcb30
q6169fd86,d61d1bb2e
q6169fd86,d6165385a
q6169fd86,d61d3a394
q61697de8,d61662f44
q61697de8,d61d306a0
q61697de8,d61dfe8f2
q61697de8,d61d67d6c
q61697de8,d61de7d28
q61697de8,d61d294ae
q61697de8,d61dc39dc
q61697de8,d61e33962
q61697de8,d61663dfe
q61697de8,d61dd2928
q6169d4d2,d6166f622
q6169d4d2,d61d37392
q6169d4d2,d61d6e5ae
q6169d4d2,d61db50da
q6169d4d2,d61e5e6c6
q6169d4d2,d61cf9254
q6169d4d2,d61cff780
q6169d4d2,d61dd8ca6
q6169d4d2,d61657de2
q6169d4d2,d61da1292
q61692686,d6165e3e0
q61692686,d61d7d2b6
q61692686,d6165bc6c
q61692686,d61d70f98
q61692686,d61d490ba
q61692686,d61e2ce1e
q61692686,d61d56fa8
q61692686,d61668eda
q61692686,d61daf50e
q61692686,d61654fe8
q616a8d14,d61dc26ae
q616a8d14,d61d827de
q616a8d14,d61dcf764
q616a8d14,d61d9c422
q616a8d14,d61d0636e
q616a8d14,d61d4bb80
q616a8d14,d61d5b8a0
q616a8d14,d61652536
q616a8d14,d61dd6262
q616a8d14,d61d40316
q616a5d26,d61dd8ed6
q616a5d26,d61db74fc
q616a5d26,d61e1881a
q616a5d26,d61d342fa
q616a5d26,d61d5d6fa
q616a5d26,d61d8fc90
q616a5d26,d61d6d898
q616a5d26,d61d2c4b0
q616a5d26,d61e35636
q616a5d26,d61d34d22
q6167b74c,d61662f44
q6167b74c,d61d308da
q6167b74c,d61da241c
q6167b74c,d61d3f362
q6167b74c,d61ea1048
q6167b74c,d61dd6406
q6167b74c,d61d590e6
q6167b74c,d61d4a7d0
q6167b74c,d61e40554
q6167b74c,d61e65a3e
q6168b200,d61d45aaa
q6168b200,d61d3ab46
q6168b200,d6168290c
q6168b200,d61651906
q6168b200,d61d79e68
q6168b200,d61d49e66
q6168b200,d61d6cc68
q6168b200,d61d7afd4
q6168b200,d61d98098
q6168b200,d61699ada
q616a9278,d61657de2
q616a9278,d61d95abe
q616a9278,d61e278ec
q616a9278,d616644ac
q616a9278,d61dfd22c
q616a9278,d61d0a518
q616a9278,d61e2511e
q616a9278,d61dad222
q616a9278,d61d708ea
q616a9278,d61db50da
q61697eec,d61e13392
q61697eec,d61d535b0
q61697eec,d61d674c0
q61697eec,d61e33dd6
q61697eec,d61d46d2e
q61697eec,d61d379f0
q61697eec,d61d00824
q61697eec,d61d32ec8
q61697eec,d61d7166e
q61697eec,d61d38418
q616a8576,d61d516fc
q616a8576,d61da9ece
q616a8576,d61d792b0
q616a8576,d61657130
q616a8576,d61693946
q616a8576,d61d85088
q616a8576,d61dab1f2
q616a8576,d61d56ed6
q616a8576,d61cf7436
q616a8576,d61d39200
q61697a78,d61673916
q61697a78,d6167c868
q61697a78,d61d3cba8
q61697a78,d61dbf922
q61697a78,d61e37ed6
q61697a78,d61db810e
q61697a78,d61664326
q61697a78,d61dfe8f2
q61697a78,d61d8c77a
q61697a78,d61def294
q6166666c,d6167c228
q6166666c,d616619d2
q6166666c,d61d47cec
q6166666c,d61d6a6d4
q6166666c,d6165cc84
q6166666c,d61d5b378
q6166666c,d61d5b59e
q6166666c,d61d3c9be
q6166666c,d61dc677c
q6166666c,d61667256
q616507d6,d61650830
q616507d6,d61d33f26
q616507d6,d61dd9df4
q616507d6,d61daa81a
q616507d6,d61d8cb12
q616507d6,d61dc1f88
q616507d6,d616500ec
q616507d6,d61d0636e
q616507d6,d61d3cd60
q616507d6,d6168b11a
q6166ccce,d61e2a880
q6166ccce,d61d02142
q6166ccce,d61daf50e
q6166ccce,d61d4924a
q6166ccce,d61d308da
q6166ccce,d6165d2a6
q6166ccce,d61652ff4
q6166ccce,d61d4163a
q6166ccce,d61d02778
q6166ccce,d61d2e67a
q61661d24,d61d140f4
q61661d24,d6166500a
q61661d24,d61d6be8a
q61661d24,d61651f82
q61661d24,d61e8e538
q61661d24,d61da67ba
q61661d24,d61677610
q61661d24,d61e688ce
q61661d24,d61d99cae
q61661d24,d61d40d66
q616884c4,d6167f63a
q616884c4,d61d4d7d2
q616884c4,d61d2b844
q616884c4,d61d76f4c
q616884c4,d6165b23a
q616884c4,d61e859a6
q616884c4,d61e1ee40
q616884c4,d6165e9e4
q616884c4,d61650ce0
q616884c4,d61d9a1a4
q61698766,d61d5f234
q61698766,d61dbaf26
q61698766,d61d7567e
q61698766,d61d30fb0
q61698766,d61d54eb0
q61698766,d61d079d0
q61698766,d61d34c46
q61698766,d61d87554
q61698766,d61d41914
q61698766,d61d95d20
q61661702,d61661752
q61661702,d61cf51ea
q61661702,d61d2b092
q61661702,d61cf1f0e
q61661702,d61db4ee6
q61661702,d61d6e16c
q61661702,d61df9668
q61661702,d61dad2e0
q61661702,d61d196b2
q61661702,d61daa644
q61679992,d61d0be54
q61679992,d61d568a0
q61679992,d61ded264
q61679992,d61df9668
q61679992,d61e1af0c
q61679992,d61db8ea6
q61679992,d61d4760c
q61679992,d61ddaf38
q61679992,d61d7f200
q61679992,d61e33dd6
q6165cb08,d61d4f5d2
q6165cb08,d61652ea0
q6165cb08,d61d34b56
q6165cb08,d61d2d9fa
q6165cb08,d61dfd4ac
q6165cb08,d61e090ea
q6165cb08,d61d308da
q6165cb08,d61da9744
q6165cb08,d61d61016
q6165cb08,d6165c82e
q61695af2,d6165b23a
q61695af2,d61d6206a
q61695af2,d61d60f58
q61695af2,d61cef7cc
q61695af2,d61d58ce0
q61695af2,d61d3f5ec
q61695af2,d61d32ca2
q61695af2,d61db0b2a
q61695af2,d6164fd9a
q61695af2,d61d30ede
q61670bee,d61660a50
q61670bee,d6167aacc
q61670bee,d61d5559a
q61670bee,d61dcbef2
q61670bee,d61d6a9fe
q61670bee,d61ddd210
q61670bee,d61d41cac
q61670bee,d61e1881a
q61670bee,d61d4be0a
q61670bee,d61d694fa
q6166c4fe,d6166c544
q6166c4fe,d61d92274
q6166c4fe,d61651906
q6166c4fe,d61cef95c
q6166c4fe,d61d34a7a
q6166c4fe,d61d53ff6
q6166c4fe,d61dc0eda
q6166c4fe,d61d66836
q6166c4fe,d616536fc
q6166c4fe,d61dd6406
q616634c6,d616830c8
q616634c6,d61d5d290
q616634c6,d61d5c336
q616634c6,d61d37392
q616634c6,d61d49a42
q616634c6,d61e17f1e
q616634c6,d6165fd12
q616634c6,d61d342fa
q616634c6,d6165bc6c
q616634c6,d61d1035a
q61675590,d616644ac
q61675590,d61d31226
q61675590,d61daffcc
q61675590,d61dd2dec
q61675590,d61d6e5ae
q61675590,d6165c3a6
q61675590,d61d2e33c
q61675590,d61d9c044
q61675590,d61da00ae
q61675590,d6165241e
q616501f0,d61dae99c
q616501f0,d61d2f20a
q616501f0,d61d6acb0
q616501f0,d61dcf764
q616501f0,d61d4a8c0
q616501f0,d61d1579c
q616501f0,d61669894
q616501f0,d61d014d6
q616501f0,d61d4ef74
q616501f0,d61d091ae
q6169fc46,d61d323a6
q6169fc46,d61d047bc
q6169fc46,d61699ada
q6169fc46,d61daf63a
q6169fc46,d61d46ff4
q6169fc46,d61dd2108
q6169fc46,d61df084c
q6169fc46,d61cef696
q6169fc46,d61d8052e
q6169fc46,d61d78c2a
q6168eb44,d61681034
q6168eb44,d61662f44
q6168eb44,d61d46540
q6168eb44,d61d297ce
q6168eb44,d616680b6
q6168eb44,d61cf1270
q6168eb44,d61d2ab7e
q6168eb44,d61d4d8ae
q6168eb44,d61de70da
q6168eb44,d61d3e4b2
q6168cf88,d61d3c23e
q6168cf88,d61daf306
q6168cf88,d61db31a4
q6168cf88,d61672692
q6168cf88,d61d6f710
q6168cf88,d6165a6dc
q6168cf88,d61dcce42
q6168cf88,d61d99d9e
q6168cf88,d61d7c244
q6168cf88,d61673dee
q6166c396,d6164fb42
q6166c396,d61d43b92
q6166c396,d6166c440
q6166c396,d61d7ea58
q6166c396,d61d13cb2
q6166c396,d61e50e54
q6166c396,d61d41824
q6166c396,d61d8796e
q6166c396,d61d4684c
q6166c396,d61dd3fd0
q6168e496,d61d625ba
q6168e496,d61650b5a
q6168e496,d61d3f290
q6168e496,d61db7402
q6168e496,d61dbcee8
q6168e496,d61d64676
q6168e496,d61672692
q6168e496,d61d36690
q6168e496,d61cf29b8
q6168e496,d61e089a6
q61656230,d61d6cee8
q61656230,d61ddaf38
q61656230,d61d6017a
q61656230,d61ddb53c
q61656230,d61d48e3a
q61656230,d61e91d5a
q61656230,d61cfa064
q61656230,d61e70966
q61656230,d61d73b6c
q61656230,d6166a820
q6166eaf6,d6166eb32
q6166eaf6,d61da5338
q6166eaf6,d61d72640
q6166eaf6,d61cef27c
q6166eaf6,d61d36488
q6166eaf6,d61df8538
q6166eaf6,d61d67970
q6166eaf6,d61d2e33c
q6166eaf6,d61d96824
q6166eaf6,d61d5dd9e
q616813c2,d61672692
q616813c2,d6165a6dc
q616813c2,d6168cff6
q616813c2,d61db7402
q616813c2,d61e0eb26
q616813c2,d61d83f44
q616813c2,d61d33148
q616813c2,d61d63e10
q616813c2,d6168e4f0
q616813c2,d61d3482c
q4aa0b116,d4aa0b1f2
q4aa0b116,d4aa18e92
q4aa0b116,d4aa0a7d4
q4aa0b116,d4aa0a9e6
q4aa0b116,d4aa0a52c
q4aa0b116,d4aa1afee
q4aa0b116,d4aa10314
q4aa0b116,d4aa09b4a
q4aa0b116,d4aa0b6fc
q4aa0b116,d4aa099d8
q4aa0a48c,d4aa0a52c
q4aa0a48c,d4aa0b1f2
q4aa0a48c,d4aa1afee
q4aa0a48c,d4aa18e92
q4aa0a48c,d4aa11cbe
q4aa0a48c,d4aa124fc
q4aa0a48c,d4aa0a9e6
q4aa0a48c,d4aa1530a
q4aa0a48c,d4aa09172
q4aa0a48c,d4aa09b4a
q4aa0aeb4,d4aa0af90
q4aa0aeb4,d4aa0abd0
q4aa0aeb4,d4aa11cbe
q4aa0aeb4,d4aa04834
q4aa0aeb4,d4aa197ca
q4aa0aeb4,d4aa05ebe
q4aa0aeb4,d4aa04474
q4aa0aeb4,d4aa04cc6
q4aa0aeb4,d4aa087cc
q4aa0aeb4,d4aa08ad8
q4aa05fa4,d4aa04474
q4aa05fa4,d4aa11cbe
q4aa05fa4,d4aa075a2
q4aa05fa4,d4aa197ca
q4aa05fa4,d4aa04834
q4aa05fa4,d4aa06274
q4aa05fa4,d4aa19d7e
q4aa05fa4,d4aa08ad8
q4aa05fa4,d4aa00978
q4aa05fa4,d4aa124fc
q4aa092f8,d4aa093e8
q4aa092f8,d4aa110e8
q4aa092f8,d4aa09744
q4aa092f8,d4aa1530a
q4aa092f8,d4aa09172
q4aa092f8,d4a9ffd70
q4aa092f8,d4aa197ca
q4aa092f8,d4aa04834
q4aa092f8,d4aa005d6
q4aa092f8,d4aa08ad8
q4aa06580,d4aa067ba
q4aa06580,d4aa0660c
q4aa06580,d4aa19d7e
q4aa06580,d4aa087cc
q4aa06580,d4aa11cbe
q4aa06580,d4aa06a44
q4aa06580,d4aa124fc
q4aa06580,d4aa1530a
q4aa06580,d4aa068fa
q4aa06580,d4aa1afee
q4aa06cf6,d4aa197ca
q4aa06cf6,d4aa06da0
q4aa06cf6,d4aa05be4
q4aa06cf6,d4aa0550e
q4aa06cf6,d4aa18744
q4aa06cf6,d4aa11cbe
q4aa06cf6,d4aa08ad8
q4aa06cf6,d4aa18e92
q4aa06cf6,d4aa124fc
q4aa06cf6,d4aa075a2
q4aa0090a,d4aa00978
q4aa0090a,d4aa01288
q4aa0090a,d4aa00b94
q4aa0090a,d4aa01b7a
q4aa0090a,d4aa05be4
q4aa0090a,d4aa007c0
q4aa0090a,d4aa01cf6
q4aa0090a,d4aa01620
q4aa0090a,d4aa01ecc
q4aa0090a,d4aa04474
q4aa07d2c,d4aa07db8
q4aa07d2c,d4aa04e60
q4aa07d2c,d4aa11cbe
q4aa07d2c,d4aa08ad8
q4aa07d2c,d4aa07714
q4aa07d2c,d4aa08c36
q4aa07d2c,d4aa068fa
q4aa07d2c,d4aa06274
q4aa07d2c,d4aa05ebe
q4aa07d2c,d4aa1530a
q4aa09e9c,d4aa09f6e
q4aa09e9c,d4aa113f4
q4aa09e9c,d4aa110e8
q4aa09e9c,d4aa10cc4
q4aa09e9c,d4aa08fa6
q4aa09e9c,d4aa18e92
q4aa09e9c,d4aa1afee
q4aa09e9c,d4aa09744
q4aa09e9c,d4aa1530a
q4aa09e9c,d4aa11cbe
q4aa097bc,d4aa18e92
q4aa097bc,d4aa0985c
q4aa097bc,d4aa113f4
q4aa097bc,d4aa0550e
q4aa097bc,d4aa1afee
q4aa097bc,d4aa08fa6
q4aa097bc,d4aa00b94
q4aa097bc,d4aa11cbe
q4aa097bc,d4aa124fc
q4aa097bc,d4aa01ecc
q4aa01b02,d4aa01b7a
q4aa01b02,d4aa00978
q4aa01b02,d4aa01288
q4aa01b02,d4aa00b94
q4aa01b02,d4aa04834
q4aa01b02,d4aa19d7e
q4aa01b02,d4aa05be4
q4aa01b02,d4aa01440
q4aa01b02,d4aa08ad8
q4aa01b02,d4aa01620
q4aa05e14,d4aa05ebe
q4aa05e14,d4aa04e60
q4aa05e14,d4aa06274
q4aa05e14,d4aa11cbe
q4aa05e14,d4aa08ad8
q4aa05e14,d4aa06468
q4aa05e14,d4aa124fc
q4aa05e14,d4aa079c6
q4aa05e14,d4aa075a2
q4aa05e14,d4aa06b84
q4aa05b44,d4aa05be4
q4aa05b44,d4aa00978
q4aa05b44,d4aa079c6
q4aa05b44,d4aa197ca
q4aa05b44,d4aa11cbe
q4aa05b44,d4aa007c0
q4aa05b44,d4aa01a12
q4aa05b44,d4aa06030
q4aa05b44,d4aa01288
q4aa05b44,d4aa06274
q4aa089e8,d4aa08ad8
q4aa089e8,d4aa04e60
q4aa089e8,d4aa11cbe
q4aa089e8,d4aa079c6
q4aa089e8,d4aa06274
q4aa089e8,d4aa07714
q4aa089e8,d4aa05306
q4aa089e8,d4aa075a2
q4aa089e8,d4aa124fc
q4aa089e8,d4aa07b56
q4aa01c7e,d4aa01cf6
q4aa01c7e,d4aa005d6
q4aa01c7e,d4aa01b7a
q4aa01c7e,d4aa06030
q4aa01c7e,d4aa01288
q4aa01c7e,d4aa00b94
q4aa01c7e,d4aa04cc6
q4aa01c7e,d4aa01ecc
q4aa01c7e,d4aa05be4
q4aa01c7e,d4aa04474
q4aa10404,d4aa0a9e6
q4aa10404,d4aa0b1f2
q4aa10404,d4aa18e92
q4aa10404,d4aa1afee
q4aa10404,d4aa0a7d4
q4aa10404,d4aa09b4a
q4aa10404,d4aa10314
q4aa10404,d4aa124fc
q4aa10404,d4aa0a52c
q4aa10404,d4aa0b6fc
q4aa069c2,d4aa06a44
q4aa069c2,d4aa06468
q4aa069c2,d4aa09172
q4aa069c2,d4aa08ad8
q4aa069c2,d4aa124fc
q4aa069c2,d4aa0660c
q4aa069c2,d4aa0550e
q4aa069c2,d4aa087cc
q4aa069c2,d4aa11cbe
q4aa069c2,d4aa05306
q4aa072a0,d4aa19d7e
q4aa072a0,d4aa07336
q4aa072a0,d4aa08c36
q4aa072a0,d4aa124fc
q4aa072a0,d4aa08ad8
q4aa072a0,d4aa05662
q4aa072a0,d4aa05d24
q4aa072a0,d4aa087cc
q4aa072a0,d4aa1afee
q4aa072a0,d4aa0a9e6
q4aa1a0c6,d4aa1afee
q4aa1a0c6,d4aa099d8
q4aa1a0c6,d4aa09b4a
q4aa1a0c6,d4aa0a9e6
q4aa1a0c6,d4aa0a66c
q4aa1a0c6,d4aa18e92
q4aa1a0c6,d4aa0a52c
q4aa1a0c6,d4aa0a7d4
q4aa1a0c6,d4aa10314
q4aa1a0c6,d4aa11cbe
q4aa01e4a,d4aa01ecc
q4aa01e4a,d4aa005d6
q4aa01e4a,d4aa04834
q4aa01e4a,d4aa01288
q4aa01e4a,d4aa01b7a
q4aa01e4a,d4aa11cbe
q4aa01e4a,d4aa08ad8
q4aa01e4a,d4aa00978
q4aa01e4a,d4aa197ca
q4aa01e4a,d4aa04cc6
q4aa082fe,d4aa0839e
q4aa082fe,d4aa075a2
q4aa082fe,d4aa124fc
q4aa082fe,d4aa11cbe
q4aa082fe,d4aa06274
q4aa082fe,d4aa08c36
q4aa082fe,d4aa09172
q4aa082fe,d4aa1530a
q4aa082fe,d4aa07714
q4aa082fe,d4aa04e60
q4aa013c8,d4aa01440
q4aa013c8,d4aa05be4
q4aa013c8,d4aa01288
q4aa013c8,d4aa04474
q4aa013c8,d4aa01a12
q4aa013c8,d4aa005d6
q4aa013c8,d4aa00266
q4aa013c8,d4aa00978
q4aa013c8,d4aa01620
q4aa013c8,d4aa017ba
q4aa078fe,d4aa079c6
q4aa078fe,d4aa11cbe
q4aa078fe,d4aa124fc
q4aa078fe,d4aa075a2
q4aa078fe,d4aa07b56
q4aa078fe,d4aa06274
q4aa078fe,d4aa07714
q4aa078fe,d4aa067ba
q4aa078fe,d4aa08ad8
q4aa078fe,d4aa0839e
q4aa0b634,d4aa0b1f2
q4aa0b634,d4aa0b6fc
q4aa0b634,d4aa10314
q4aa0b634,d4aa0a9e6
q4aa0b634,d4aa1afee
q4aa0b634,d4aa18e92
q4aa0b634,d4aa0a52c
q4aa0b634,d4aa09b4a
q4aa0b634,d4aa0a7d4
q4aa0b634,d4aa099d8
q4aa08ee8,d4aa08fa6
q4aa08ee8,d4aa1530a
q4aa08ee8,d4aa06274
q4aa08ee8,d4aa197ca
q4aa08ee8,d4aa11cbe
q4aa08ee8,d4aa09744
q4aa08ee8,d4aa124fc
q4aa08ee8,d4aa0660c
q4aa08ee8,d4aa087cc
q4aa08ee8,d4aa0550e
q4aa061ca,d4aa06274
q4aa061ca,d4aa079c6
q4aa061ca,d4aa07b56
q4aa061ca,d4aa11cbe
q4aa061ca,d4aa124fc
q4aa061ca,d4aa075a2
q4aa061ca,d4aa067ba
q4aa061ca,d4aa1530a
q4aa061ca,d4aa08ad8
q4aa061ca,d4aa09172
q4aa0ad06,d4aa0af90
q4aa0ad06,d4aa0abd0
q4aa0ad06,d4aa051b2
q4aa0ad06,d4aa087cc
q4aa0ad06,d4aa124fc
q4aa0ad06,d4aa1b854
q4aa0ad06,d4aa197ca
q4aa0ad06,d4aa08ad8
q4aa0ad06,d4aa18e92
q4aa0ad06,d4aa11cbe
q4aa10b3e,d4aa113f4
q4aa10b3e,d4aa1afee
q4aa10b3e,d4aa110e8
q4aa10b3e,d4aa18e92
q4aa10b3e,d4aa10cc4
q4aa10b3e,d4aa124fc
q4aa10b3e,d4aa01ecc
q4aa10b3e,d4aa11cbe
q4aa10b3e,d4aa1530a
q4aa10b3e,d4aa00b94
q4aa001f8,d4aa00266
q4aa001f8,d4aa01440
q4aa001f8,d4aa197ca
q4aa001f8,d4aa017ba
q4aa001f8,d4aa05be4
q4aa001f8,d4aa1530a
q4aa001f8,d4aa11cbe
q4aa001f8,d4a9fff3c
q4aa001f8,d4aa00b94
q4aa001f8,d4aa0550e
q4aa0a928,d4aa0a9e6
q4aa0a928,d4aa0b1f2
q4aa0a928,d4aa0a7d4
q4aa0a928,d4aa1afee
q4aa0a928,d4aa09b4a
q4aa0a928,d4aa18e92
q4aa0a928,d4aa0b6fc
q4aa0a928,d4aa124fc
q4aa0a928,d4aa0a66c
q4aa0a928,d4aa0a52c
q4aa1077e,d4aa1530a
q4aa1077e,d4aa09172
q4aa1077e,d4aa09f6e
q4aa1077e,d4aa113f4
q4aa1077e,d4aa06468
q4aa1077e,d4aa18e92
q4aa1077e,d4aa11cbe
q4aa1077e,d4aa1afee
q4aa1077e,d4aa197ca
q4aa1077e,d4aa08fa6
q4aa07aac,d4aa07b56
q4aa07aac,d4aa079c6
q4aa07aac,d4aa11cbe
q4aa07aac,d4aa06274
q4aa07aac,d4aa124fc
q4aa07aac,d4aa075a2
q4aa07aac,d4aa067ba
q4aa07aac,d4aa08c36
q4aa07aac,d4aa08ad8
q4aa07aac,d4aa07714
q4a9ffea6,d4a9fff3c
q4a9ffea6,d4aa18e92
q4a9ffea6,d4aa124fc
q4a9ffea6,d4aa11cbe
q4a9ffea6,d4aa0660c
q4a9ffea6,d4aa0550e
q4a9ffea6,d4aa113f4
q4a9ffea6,d4aa1afee
q4a9ffea6,d4aa08fa6
q4a9ffea6,d4aa067ba
q4aa09c08,d4aa09cb2
q4aa09c08,d4aa084de
q4aa09c08,d4aa08664
q4aa09c08,d4aa087cc
q4aa09c08,d4aa095be
q4aa09c08,d4aa1afee
q4aa09c08,d4aa017ba
q4aa09c08,d4aa07714
q4aa09c08,d4aa11cbe
q4aa09c08,d4aa18e92
q4aa00518,d4aa01ecc
q4aa00518,d4aa005d6
q4aa00518,d4aa01288
q4aa00518,d4aa00978
q4aa00518,d4aa04834
q4aa00518,d4aa00b94
q4aa00518,d4aa01b7a
q4aa00518,d4aa197ca
q4aa00518,d4aa11cbe
q4aa00518,d4aa04cc6
q4aa06710,d4aa067ba
q4aa06710,d4aa0660c
q4aa06710,d4aa19d7e
q4aa06710,d4aa087cc
q4aa06710,d4aa11cbe
q4aa06710,d4aa06a44
q4aa06710,d4aa124fc
q4aa06710,d4aa0550e
q4aa06710,d4aa068fa
q4aa06710,d4aa1530a
q4aa055e0,d4aa05662
q4aa055e0,d4aa05798
q4aa055e0,d4aa19d7e
q4aa055e0,d4aa08c36
q4aa055e0,d4aa07336
q4aa055e0,d4aa0660c
q4aa055e0,d4aa05d24
q4aa055e0,d4aa087cc
q4aa055e0,d4aa11cbe
q4aa055e0,d4aa08ad8
q4aa05cac,d4aa05d24
q4aa05cac,d4aa0660c
q4aa05cac,d4aa067ba
q4aa05cac,d4aa19d7e
q4aa05cac,d4aa07336
q4aa05cac,d4aa06b84
q4aa05cac,d4aa08ad8
q4aa05cac,d4aa087cc
q4aa05cac,d4aa11cbe
q4aa05cac,d4aa18744
q4aa0473a,d4aa04834
q4aa0473a,d4aa05be4
q4aa0473a,d4aa04cc6
q4aa0473a,d4aa00b94
q4aa0473a,d4aa04474
q4aa0473a,d4aa01288
q4aa0473a,d4aa01ecc
q4aa0473a,d4aa007c0
q4aa0473a,d4aa00978
q4aa0473a,d4aa01cf6
q4aa0992e,d4aa1afee
q4aa0992e,d4aa099d8
q4aa0992e,d4aa09b4a
q4aa0992e,d4aa110e8
q4aa0992e,d4aa18e92
q4aa0992e,d4aa10cc4
q4aa0992e,d4aa09f6e
q4aa0992e,d4aa18744
q4aa0992e,d4aa0a9e6
q4aa0992e,d4aa10314
q4aa00748,d4aa007c0
q4aa00748,d4aa05be4
q4aa00748,d4aa01288
q4aa00748,d4aa01620
q4aa00748,d4aa04834
q4aa00748,d4aa00978
q4aa00748,d4aa01cf6
q4aa00748,d4aa00b94
q4aa00748,d4aa04cc6
q4aa00748,d4aa04474
q4aa0a720,d4aa0a7d4
q4aa0a720,d4aa0a9e6
q4aa0a720,d4aa10314
q4aa0a720,d4aa1afee
q4aa0a720,d4aa124fc
q4aa0a720,d4aa0b6fc
q4aa0a720,d4aa09b4a
q4aa0a720,d4aa0b1f2
q4aa0a720,d4aa099d8
q4aa0a720,d4aa0a66c
q4aa050fe,d4aa051b2
q4aa050fe,d4aa04cc6
q4aa050fe,d4aa01a12
q4aa050fe,d4aa005d6
q4aa050fe,d4aa04834
q4aa050fe,d4aa000e0
q4aa050fe,d4aa11cbe
q4aa050fe,d4aa18e92
q4aa050fe,d4aa197ca
q4aa050fe,d4aa01b7a
q4aa06af8,d4aa087cc
q4aa06af8,d4aa18744
q4aa06af8,d4aa06b84
q4aa06af8,d4aa05d24
q4aa06af8,d4aa11cbe
q4aa06af8,d4aa19d7e
q4aa06af8,d4aa08ad8
q4aa06af8,d4aa07336
q4aa06af8,d4aa067ba
q4aa06af8,d4aa0660c
q4aa0db5a,d4aa0dc22
q4aa0db5a,d4aa1b854
q4aa0db5a,d4aa0d740
q4aa0db5a,d4aa0a270
q4aa0db5a,d4aa0d92a
q4aa0db5a,d4aa0abd0
q4aa0db5a,d4aa0af90
q4aa0db5a,d4aa10314
q4aa0db5a,d4aa18e92
q4aa0db5a,d4aa124fc
q4aa090b4,d4aa1530a
q4aa090b4,d4aa09172
q4aa090b4,d4aa09744
q4aa090b4,d4aa08fa6
q4aa090b4,d4aa0660c
q4aa090b4,d4aa124fc
q4aa090b4,d4aa110e8
q4aa090b4,d4aa067ba
q4aa090b4,d4aa06274
q4aa090b4,d4aa113f4
q4aa094d8,d4aa095be
q4aa094d8,d4aa124fc
q4aa094d8,d4aa18e92
q4aa094d8,d4aa110e8
q4aa094d8,d4aa1b854
q4aa094d8,d4aa197ca
q4aa094d8,d4a9ffd70
q4aa094d8,d4aa11cbe
q4aa094d8,d4aa07714
q4aa094d8,d4aa0a0ea
q4aa19b44,d4aa19d7e
q4aa19b44,d4aa07336
q4aa19b44,d4aa0660c
q4aa19b44,d4aa08ad8
q4aa19b44,d4aa197ca
q4aa19b44,d4aa18744
q4aa19b44,d4aa05d24
q4aa19b44,d4aa007c0
q4aa19b44,d4aa05be4
q4aa19b44,d4aa080e2
q4aa074da,d4aa075a2
q4aa074da,d4aa11cbe
q4aa074da,d4aa079c6
q4aa074da,d4aa06274
q4aa074da,d4aa07b56
q4aa074da,d4aa07714
q4aa074da,d4aa068fa
q4aa074da,d4aa124fc
q4aa074da,d4aa067ba
q4aa074da,d4aa08c36
q4aa12f6a,d4aa1530a
q4aa12f6a,d4aa0660c
q4aa12f6a,d4aa113f4
q4aa12f6a,d4aa09172
q4aa12f6a,d4aa067ba
q4aa12f6a,d4aa124fc
q4aa12f6a,d4aa08fa6
q4aa12f6a,d4aa18e92
q4aa12f6a,d4aa09744
q4aa12f6a,d4aa11cbe
q4aa00b08,d4aa00b94
q4aa00b08,d4aa197ca
q4aa00b08,d4aa11cbe
q4aa00b08,d4aa124fc
q4aa00b08,d4aa1530a
q4aa00b08,d4aa1afee
q4aa00b08,d4aa06274
q4aa00b08,d4aa09f6e
q4aa00b08,d4aa0550e
q4aa00b08,d4a9fff3c
q4aa08b8c,d4aa08c36
q4aa08b8c,d4aa07336
q4aa08b8c,d4aa19d7e
q4aa08b8c,d4aa05662
q4aa08b8c,d4aa0660c
q4aa08b8c,d4aa08ad8
q4aa08b8c,d4aa06b84
q4aa08b8c,d4aa124fc
q4aa08b8c,d4aa087cc
q4aa08b8c,d4aa11cbe
q4aa19504,d4aa00266
q4aa19504,d4aa197ca
q4aa19504,d4aa10710
q4aa19504,d4aa1530a
q4aa19504,d4aa11cbe
q4aa19504,d4aa000e0
q4aa19504,d4aa0660c
q4aa19504,d4aa19d7e
q4aa19504,d4aa00b94
q4aa19504,d4aa124fc
q4aa07f02,d4aa04e60
q4aa07f02,d4aa08ad8
q4aa07f02,d4aa11cbe
q4aa07f02,d4aa1530a
q4aa07f02,d4aa067ba
q4aa07f02,d4aa0660c
q4aa07f02,d4aa06274
q4aa07f02,d4aa05306
q4aa07f02,d4aa07714
q4aa07f02,d4aa05ebe
q4aa0767e,d4aa07714
q4aa0767e,d4aa11cbe
q4aa0767e,d4aa075a2
q4aa0767e,d4aa068fa
q4aa0767e,d4aa0839e
q4aa0767e,d4aa08c36
q4aa0767e,d4aa124fc
q4aa0767e,d4aa067ba
q4aa0767e,d4aa079c6
q4aa0767e,d4aa06274
q4aa0872c,d4aa087cc
q4aa0872c,d4aa124fc
q4aa0872c,d4aa06a44
q4aa0872c,d4aa08ad8
q4aa0872c,d4aa0839e
q4aa0872c,d4aa19d7e
q4aa0872c,d4aa07336
q4aa0872c,d4aa08c36
q4aa0872c,d4aa080e2
q4aa0872c,d4aa0660c
q4aa0005e,d4aa000e0
q4aa0005e,d4aa197ca
q4aa0005e,d4aa06da0
q4aa0005e,d4aa08ad8
q4aa0005e,d4aa05798
q4aa0005e,d4aa19d7e
q4aa0005e,d4aa11cbe
q4aa0005e,d4aa00266
q4aa0005e,d4aa124fc
q4aa0005e,d4aa01a12
q4a9ffba4,d4a9ffd70
q4a9ffba4,d4aa18e92
q4a9ffba4,d4aa1afee
q4a9ffba4,d4aa099d8
q4a9ffba4,d4aa09f6e
q4a9ffba4,d4aa09b4a
q4a9ffba4,d4aa110e8
q4a9ffba4,d4aa11cbe
q4a9ffba4,d4aa124fc
q4a9ffba4,d4aa075a2
q4aa0d862,d4aa0d92a
q4aa0d862,d4aa1b854
q4aa0d862,d4aa0dc22
q4aa0d862,d4aa0d740
q4aa0d862,d4aa0a9e6
q4aa0d862,d4aa0a0ea
q4aa0d862,d4aa0a270
q4aa0d862,d4aa0a7d4
q4aa0d862,d4aa10314
q4aa0d862,d4aa099d8
q4aa04c12,d4aa04cc6
q4aa04c12,d4aa00b94
q4aa04c12,d4aa01ecc
q4aa04c12,d4aa051b2
q4aa04c12,d4aa017ba
q4aa04c12,d4aa197ca
q4aa04c12,d4aa11cbe
q4aa04c12,d4aa1530a
q4aa04c12,d4aa124fc
q4aa04c12,d4aa04474
q4aa11a20,d4aa11cbe
q4aa11a20,d4aa071ba
q4aa11a20,d4aa06274
q4aa11a20,d4aa07b56
q4aa11a20,d4aa079c6
q4aa11a20,d4aa124fc
q4aa11a20,d4aa075a2
q4aa11a20,d4aa197ca
q4aa11a20,d4aa0a9e6
q4aa11a20,d4aa1530a
q4aa0843e,d4aa08664
q4aa0843e,d4aa05306
q4aa0843e,d4aa087cc
q4aa0843e,d4aa09cb2
q4aa0843e,d4aa124fc
q4aa0843e,d4aa084de
q4aa0843e,d4aa05ebe
q4aa0843e,d4aa095be
q4aa0843e,d4aa18e92
q4aa0843e,d4aa0a270
q4aa01742,d4aa017ba
q4aa01742,d4aa04834
q4aa01742,d4aa00266
q4aa01742,d4aa005d6
q4aa01742,d4aa01b7a
q4aa01742,d4aa01a12
q4aa01742,d4aa04474
q4aa01742,d4aa01ecc
q4aa01742,d4aa01cf6
q4aa01742,d4aa11cbe
q4aa11264,d4aa113f4
q4aa11264,d4aa09f6e
q4aa11264,d4aa1afee
q4aa11264,d4aa110e8
q4aa11264,d4aa1530a
q4aa11264,d4aa10cc4
q4aa11264,d4aa0660c
q4aa11264,d4aa197ca
q4aa11264,d4aa09172
q4aa11264,d4aa067ba
q4aa09aa0,d4aa1afee
q4aa09aa0,d4aa09b4a
q4aa09aa0,d4aa099d8
q4aa09aa0,d4aa18e92
q4aa09aa0,d4aa110e8
q4aa09aa0,d4aa09f6e
q4aa09aa0,d4aa10cc4
q4aa09aa0,d4aa0a9e6
q4aa09aa0,d4aa19d7e
q4aa09aa0,d4a9ffd70
q4aa0dd62,d4aa10314
q4aa0dd62,d4aa0b1f2
q4aa0dd62,d4aa0a9e6
q4aa0dd62,d4aa0b6fc
q4aa0dd62,d4aa0a52c
q4aa0dd62,d4aa18e92
q4aa0dd62,d4aa1afee
q4aa0dd62,d4aa09b4a
q4aa0dd62,d4aa0a7d4
q4aa0dd62,d4aa124fc
q4aa08cf4,d4aa04e60
q4aa08cf4,d4aa08ad8
q4aa08cf4,d4aa11cbe
q4aa08cf4,d4aa06274
q4aa08cf4,d4aa067ba
q4aa08cf4,d4aa05306
q4aa08cf4,d4aa1530a
q4aa08cf4,d4aa0660c
q4aa08cf4,d4aa05ebe
q4aa08cf4,d4aa07714
q4aa01986,d4aa01a12
q4aa01986,d4aa00266
q4aa01986,d4aa01440
q4aa01986,d4aa04834
q4aa01986,d4aa05be4
q4aa01986,d4aa005d6
q4aa01986,d4aa017ba
q4aa01986,d4aa01b7a
q4aa01986,d4aa01cf6
q4aa01986,d4aa197ca
q4aa04dd4,d4aa04e60
q4aa04dd4,d4aa04834
q4aa04dd4,d4aa124fc
q4aa04dd4,d4aa05be4
q4aa04dd4,d4aa04cc6
q4aa04dd4,d4aa06274
q4aa04dd4,d4aa11cbe
q4aa04dd4,d4aa08ad8
q4aa04dd4,d4aa197ca
q4aa04dd4,d4aa007c0
q4aa063be,d4aa06468
q4aa063be,d4aa0660c
q4aa063be,d4aa067ba
q4aa063be,d4aa071ba
q4aa063be,d4aa08ad8
q4aa063be,d4aa18744
q4aa063be,d4aa09172
q4aa063be,d4aa110e8
q4aa063be,d4aa08fa6
q4aa063be,d4aa06a44
q4aa06878,d4aa068fa
q4aa06878,d4aa0660c
q4aa06878,d4aa11cbe
q4aa06878,d4aa124fc
q4aa06878,d4aa07714
q4aa06878,d4aa087cc
q4aa06878,d4aa06274
q4aa06878,d4aa067ba
q4aa06878,d4aa1530a
q4aa06878,d4aa06a44
q4aa05464,d4aa0660c
q4aa05464,d4aa0550e
q4aa05464,d4aa067ba
q4aa05464,d4aa11cbe
q4aa05464,d4aa068fa
q4aa05464,d4aa06274
q4aa05464,d4aa124fc
q4aa05464,d4aa1530a
q4aa05464,d4aa087cc
q4aa05464,d4aa06a44
q4aa105da,d4aa10710
q4aa105da,d4aa18e92
q4aa105da,d4aa11cbe
q4aa105da,d4aa1afee
q4aa105da,d4aa110e8
q4aa105da,d4aa1530a
q4aa105da,d4aa197ca
q4aa105da,d4aa09f6e
q4aa105da,d4aa124fc
q4aa105da,d4aa19d7e
q4aa0967c,d4aa1530a
q4aa0967c,d4aa09744
q4aa0967c,d4aa08fa6
q4aa0967c,d4aa09172
q4aa0967c,d4a9ffd70
q4aa0967c,d4aa075a2
q4aa0967c,d4aa099d8
q4aa0967c,d4aa0a0ea
q4aa0967c,d4aa071ba
q4aa0967c,d4aa18e92
q4aa07c0a,d4aa06b84
q4aa07c0a,d4aa05d24
q4aa07c0a,d4aa0660c
q4aa07c0a,d4aa07db8
q4aa07c0a,d4aa11cbe
q4aa07c0a,d4aa08ad8
q4aa07c0a,d4aa067ba
q4aa07c0a,d4aa087cc
q4aa07c0a,d4aa18744
q4aa07c0a,d4aa19d7e
q4aa011e8,d4aa01288
q4aa011e8,d4aa00b94
q4aa011e8,d4aa005d6
q4aa011e8,d4aa11cbe
q4aa011e8,d4aa04474
q4aa011e8,d4aa007c0
q4aa011e8,d4aa05be4
q4aa011e8,d4aa04834
q4aa011e8,d4aa01440
q4aa011e8,d4aa01ecc
q4aa0aafe,d4aa0abd0
q4aa0aafe,d4aa0af90
q4aa0aafe,d4aa0dc22
q4aa0aafe,d4aa1b854
q4aa0aafe,d4aa08ad8
q4aa0aafe,d4aa124fc
q4aa0aafe,d4aa0b1f2
q4aa0aafe,d4aa1afee
q4aa0aafe,d4aa09b4a
q4aa0aafe,d4aa0a66c
q4aa05720,d4aa05798
q4aa05720,d4aa05662
q4aa05720,d4aa19d7e
q4aa05720,d4aa1530a
q4aa05720,d4aa087cc
q4aa05720,d4aa11cbe
q4aa05720,d4aa124fc
q4aa05720,d4aa08ad8
q4aa05720,d4aa0660c
q4aa05720,d4aa06da0
q4aa175b0,d4aa06f44
q4aa175b0,d4aa197ca
q4aa175b0,d4aa19d7e
q4aa175b0,d4aa000e0
q4aa175b0,d4aa06da0
q4aa175b0,d4aa00266
q4aa175b0,d4aa11cbe
q4aa175b0,d4aa0550e
q4aa175b0,d4aa1530a
q4aa175b0,d4aa0660c
q4aa12236,d4aa124fc
q4aa12236,d4aa11cbe
q4aa12236,d4aa079c6
q4aa12236,d4aa06274
q4aa12236,d4aa05be4
q4aa12236,d4aa0839e
q4aa12236,d4aa007c0
q4aa12236,d4aa197ca
q4aa12236,d4aa0a7d4
q4aa12236,d4aa0abd0
q4aa0b864,d4aa0d740
q4aa0b864,d4aa1b854
q4aa0b864,d4aa0d92a
q4aa0b864,d4aa0dc22
q4aa0b864,d4aa0a0ea
q4aa0b864,d4aa04474
q4aa0b864,d4aa0af90
q4aa0b864,d4aa18e92
q4aa0b864,d4aa18744
q4aa0b864,d4aa11cbe
q4aa18bf4,d4aa113f4
q4aa18bf4,d4aa18e92
q4aa18bf4,d4aa197ca
q4aa18bf4,d4a9fff3c
q4aa18bf4,d4aa09172
q4aa18bf4,d4aa1530a
q4aa18bf4,d4aa0660c
q4aa18bf4,d4aa09f6e
q4aa18bf4,d4aa067ba
q4aa18bf4,d4aa06da0
q4aa0159e,d4aa01620
q4aa0159e,d4aa08ad8
q4aa0159e,d4aa01288
q4aa0159e,d4aa00b94
q4aa0159e,d4aa01440
q4aa0159e,d4aa05be4
q4aa0159e,d4aa01b7a
q4aa0159e,d4aa04474
q4aa0159e,d4aa007c0
q4aa0159e,d4aa01ecc
q4aa085ba,d4aa08664
q4aa085ba,d4aa124fc
q4aa085ba,d4aa0a270
q4aa085ba,d4aa09cb2
q4aa085ba,d4aa095be
q4aa085ba,d4aa05306
q4aa085ba,d4aa05ebe
q4aa085ba,d4aa0a0ea
q4aa085ba,d4aa06030
q4aa085ba,d4aa18e92
q4aa049ba,d4aa04834
q4aa049ba,d4aa05be4
q4aa049ba,d4aa01440
q4aa049ba,d4aa007c0
q4aa049ba,d4aa00978
q4aa049ba,d4aa005d6
q4aa049ba,d4aa01288
q4aa049ba,d4aa017ba
q4aa049ba,d4aa00266
q4aa049ba,d4aa04474
q4aa1b5ac,d4aa1b854
q4aa1b5ac,d4aa0d92a
q4aa1b5ac,d4aa0dc22
q4aa1b5ac,d4aa0d740
q4aa1b5ac,d4aa11cbe
q4aa1b5ac,d4aa079c6
q4aa1b5ac,d4aa18e92
q4aa1b5ac,d4aa1afee
q4aa1b5ac,d4aa099d8
q4aa1b5ac,d4aa18744
q4aa06eae,d4aa06f44
q4aa06eae,d4aa11cbe
q4aa06eae,d4aa04cc6
q4aa06eae,d4aa197ca
q4aa06eae,d4aa079c6
q4aa06eae,d4aa08ad8
q4aa06eae,d4aa04834
q4aa06eae,d4aa00978
q4aa06eae,d4aa124fc
q4aa06eae,d4aa19d7e
q4aa0a5c2,d4aa0a66c
q4aa0a5c2,d4aa0a7d4
q4aa0a5c2,d4aa0a9e6
q4aa0a5c2,d4aa1afee
q4aa0a5c2,d4aa124fc
q4aa0a5c2,d4aa09b4a
q4aa0a5c2,d4aa10314
q4aa0a5c2,d4aa099d8
q4aa0a5c2,d4aa18e92
q4aa0a5c2,d4aa0b6fc
q4aa08042,d4aa080e2
q4aa08042,d4aa0822c
q4aa08042,d4aa18744
q4aa08042,d4aa08ad8
q4aa08042,d4aa19d7e
q4aa08042,d4aa087cc
q4aa08042,d4aa11cbe
q4aa08042,d4aa124fc
q4aa08042,d4aa05d24
q4aa08042,d4aa110e8
q4aa0a040,d4aa124fc
q4aa0a040,d4aa1530a
q4aa0a040,d4aa09f6e
q4aa0a040,d4aa18e92
q4aa0a040,d4aa197ca
q4aa0a040,d4aa11cbe
q4aa0a040,d4aa0660c
q4aa0a040,d4aa09172
q4aa0a040,d4aa110e8
q4aa0a040,d4aa1afee
q4aa0818c,d4aa0822c
q4aa0818c,d4aa080e2
q4aa0818c,d4aa11cbe
q4aa0818c,d4aa08ad8
q4aa0818c,d4aa07714
q4aa0818c,d4aa06274
q4aa0818c,d4aa07b56
q4aa0818c,d4aa0839e
q4aa0818c,d4aa1530a
q4aa0818c,d4aa124fc
q4aa07106,d4aa079c6
q4aa07106,d4aa071ba
q4aa07106,d4aa11cbe
q4aa07106,d4aa07b56
q4aa07106,d4aa06274
q4aa07106,d4aa124fc
q4aa07106,d4aa07db8
q4aa07106,d4aa18e92
q4aa07106,d4aa1530a
q4aa07106,d4aa18744
q4aa10ed6,d4aa110e8
q4aa10ed6,d4aa10cc4
q4aa10ed6,d4aa113f4
q4aa10ed6,d4aa09f6e
q4aa10ed6,d4aa095be
q4aa10ed6,d4aa1530a
q4aa10ed6,d4aa09172
q4aa10ed6,d4aa06468
q4aa10ed6,d4aa197ca
q4aa10ed6,d4aa093e8
q4aa058e2,d4aa05662
q4aa058e2,d4aa07336
q4aa058e2,d4aa05798
q4aa058e2,d4aa19d7e
q4aa058e2,d4aa08c36
q4aa058e2,d4aa05d24
q4aa058e2,d4aa087cc
q4aa058e2,d4aa08ad8
q4aa058e2,d4aa06274
q4aa058e2,d4aa1afee
q4aa01fda,d4aa04474
q4aa01fda,d4aa01440
q4aa01fda,d4aa01288
q4aa01fda,d4aa11cbe
q4aa01fda,d4aa06274
q4aa01fda,d4aa04834
q4aa01fda,d4aa197ca
q4aa01fda,d4aa06030
q4aa01fda,d4aa005d6
q4aa01fda,d4aa079c6
q4aa0a1d0,d4aa0a270
q4aa0a1d0,d4aa0a0ea
q4aa0a1d0,d4aa0a40a
q4aa0a1d0,d4aa0a9e6
q4aa0a1d0,d4aa0d92a
q4aa0a1d0,d4aa09b4a
q4aa0a1d0,d4aa08664
q4aa0a1d0,d4aa05ebe
q4aa0a1d0,d4aa1b854
q4aa0a1d0,d4aa18e92
q4aa0a34c,d4aa0a40a
q4aa0a34c,d4aa0a0ea
q4aa0a34c,d4aa0a270
q4aa0a34c,d4aa124fc
q4aa0a34c,d4aa05ebe
q4aa0a34c,d4aa08664
q4aa0a34c,d4aa06030
q4aa0a34c,d4aa11cbe
q4aa0a34c,d4aa18e92
q4aa0a34c,d4aa06da0
q4aa05284,d4aa05306
q4aa05284,d4aa124fc
q4aa05284,d4aa05ebe
q4aa05284,d4aa0839e
q4aa05284,d4aa11cbe
q4aa05284,d4aa06274
q4aa05284,d4aa08ad8
q4aa05284,d4aa079c6
q4aa05284,d4aa075a2
q4aa05284,d4aa1530a
q4aa0b3fa,d4aa0b1f2
q4aa0b3fa,d4aa0a52c
q4aa0b3fa,d4aa18e92
q4aa0b3fa,d4aa0a9e6
q4aa0b3fa,d4aa09b4a
q4aa0b3fa,d4aa1afee
q4aa0b3fa,d4aa10314
q4aa0b3fa,d4aa0a7d4
q4aa0b3fa,d4aa0a66c
q4aa0b3fa,d4aa099d8
q82d4c6ec,d81a04fe4
q82d4c6ec,d887d2c38
q82d4c6ec,d81a04f9e
q82d4c6ec,d8d3fbbaa
q82d4c6ec,d8c9cf7da
q82d4c6ec,d8a0159d0
q82d4c6ec,d8f1c990c
q82d4c6ec,d8c9261a8
q82d4c6ec,d8177aaf8
q82d4c6ec,d8ad23a3c
q855a35a0,d86400cb0
q855a35a0,d8bef68f4
q855a35a0,d812c0d78
q855a35a0,d8b190c28
q855a35a0,d8a149b76
q855a35a0,d818bcc4a
q855a35a0,d8e0084de
q855a35a0,d87a7e17c
q855a35a0,d863d99bc
q855a35a0,d8e4aa564
q85384530,d8d289efc
q85384530,d896448e8
q85384530,d8bbd0562
q85384530,d8b552442
q85384530,d8bea8ef6
q85384530,d8c109114
q85384530,d8978900a
q85384530,d8efed354
q85384530,d89aed462
q85384530,d8bb129e0
q842c8af2,d8c1da4a8
q842c8af2,d8a8bacf2
q842c8af2,d8bf79902
q842c8af2,d8e8a662c
q842c8af2,d88df2aa0
q842c8af2,d8dba39e8
q842c8af2,d86458d48
q842c8af2,d8745ac5a
q842c8af2,d8b71cb88
q842c8af2,d8e8a65c8
q85451756,d8d6f4578
q85451756,d8f54892a
q85451756,d894c31ae
q85451756,d870d5f76
q85451756,d8dfc292a
q85451756,d85f0aa3a
q85451756,d86261e54
q85451756,d8e305c04
q85451756,d881e1fe0
q85451756,d885b63be
q85737826,d8753470c
q85737826,d861e3928
q85737826,d8ee058c0
q85737826,d8d4f7194
q85737826,d816616ee
q85737826,d8d6c5d72
q85737826,d87b7026a
q85737826,d8b190c96
q85737826,d86c4ff10
q85737826,d85eb42c0
q827742c4,d827745bc
q827742c4,d82d8f140
q827742c4,d88995a34
q827742c4,d8f73def6
q827742c4,d899b640e
q827742c4,d8ca63d7c
q827742c4,d89d37434
q827742c4,d8177aa80
q827742c4,d8a813b50
q827742c4,d85fa1fac
q81e448f2,d8261505e
q81e448f2,d8159e28e
q81e448f2,d89926304
q81e448f2,d81b363f4
q81e448f2,d8b7e8062
q81e448f2,d8b1ea1c4
q81e448f2,d8159e2fc
q81e448f2,d8f5af530
q81e448f2,d86f84ad2
q81e448f2,d8afbdd10
q82305cc4,d815f4936
q82305cc4,d8af691c0
q82305cc4,d86b7c0fc
q82305cc4,d882b615a
q82305cc4,d8a27a662
q82305cc4,d87f8a3e6
q82305cc4,d8ef26d76
q82305cc4,d8db0b1d4
q82305cc4,d8a27a798
q82305cc4,d86617468
q81a100a6,d81a10218
q81a100a6,d8165917e
q81a100a6,d81a10394
q81a100a6,d8f31013a
q81a100a6,d86a58ad6
q81a100a6,d87b0fce4
q81a100a6,d83ac8546
q81a100a6,d89b2417e
q81a100a6,d888f5782
q81a100a6,d8a0bcec4
q847a1ac4,d8cf64060
q847a1ac4,d82c60742
q847a1ac4,d870c57ca
q847a1ac4,d8992635e
q847a1ac4,d8cebeeb2
q847a1ac4,d8cebef48
q847a1ac4,d8267f33c
q847a1ac4,d85e5ed3e
q847a1ac4,d8b6617ca
q847a1ac4,d8cdb1dda
q82bb179c,d82afa5ce
q82bb179c,d87ec1c16
q82bb179c,d8da2d456
q82bb179c,d8af9db64
q82bb179c,d8bfc2a30
q82bb179c,d8771f012
q82bb179c,d8acf02fe
q82bb179c,d8826ed5a
q82bb179c,d8807dadc
q82bb179c,d8dc58a1e
q82787914,d814f5ab2
q82787914,d87a7e294
q82787914,d81e4fc98
q82787914,d81e4fd60
q82787914,d8733fffa
q82787914,d8143a096
q82787914,d89c92baa
q82787914,d863d99bc
q82787914,d8d43dbb8
q82787914,d8d960532
q847c4394,d88aec84c
q847c4394,d83b9f406
q847c4394,d8ed98a7c
q847c4394,d8bcb8358
q847c4394,d89ff7b38
q847c4394,d87d4183c
q847c4394,d89c3825e
q847c4394,d86b9708c
q847c4394,d8723e8e0
q847c4394,d867cd352
q85306054,d867cd352
q85306054,d8b308e20
q85306054,d86875c6e
q85306054,d8e50d826
q85306054,d88d9abe8
q85306054,d8734bd46
q85306054,d8dc9cc0a
q85306054,d8de10c76
q85306054,d8130c5ca
q85306054,d888523c0
q81b147b8,d87b9bb90
q81b147b8,d89e3c514
q81b147b8,d8d3191a6
q81b147b8,d8d5af488
q81b147b8,d8908b668
q81b147b8,d880d3bee
q81b147b8,d8dfc2998
q81b147b8,d8bc1753e
q81b147b8,d8c747b34
q81b147b8,d8b308ea2
q81a86062,d8cf80d14
q81a86062,d88453c88
q81a86062,d897fcac8
q81a86062,d8db8ad80
q81a86062,d8acffa88
q81a86062,d8ee9989a
q81a86062,d8992f8be
q81a86062,d8833c07a
q81a86062,d8120e344
q81a86062,d889a7e78
q852ed734,d8b378806
q852ed734,d8784315a
q852ed734,d899c5800
q852ed734,d8f6f561a
q852ed734,d82375240
q852ed734,d8e7cc7b0
q852ed734,d8d2c9bce
q852ed734,d82d8f082
q852ed734,d8ac4107e
q852ed734,d8ce91fac
q81097aec,d8dae16c2
q81097aec,d886f7ea8
q81097aec,d8665d558
q81097aec,d8dae1604
q81097aec,d8785f094
q81097aec,d80f19b2a
q81097aec,d88dcb77a
q81097aec,d85f42ffc
q81097aec,d889f777a
q81097aec,d8b8a5a54
q8232eeda,d891a8730
q8232eeda,d82e92858
q8232eeda,d82eedadc
q8232eeda,d85e5ed3e
q8232eeda,d82267aec
q8232eeda,d8232f1aa
q8232eeda,d8bf0d6f8
q8232eeda,d874be264
q8232eeda,d8a854326
q8232eeda,d8ce1449e
q82c368f2,d823e9b0e
q82c368f2,d8ba7634c
q82c368f2,d8d5dd810
q82c368f2,d8ee9989a
q82c368f2,d8c0cb13e
q82c368f2,d8ac21a58
q82c368f2,d89197fa2
q82c368f2,d8e361acc
q82c368f2,d823e9a3c
q82c368f2,d86b4c1a4
q83dfd0c2,d8bcf645a
q83dfd0c2,d8ac4107e
q83dfd0c2,d8d2c9b92
q83dfd0c2,d88163758
q83dfd0c2,d881e206c
q83dfd0c2,d88791ec2
q83dfd0c2,d8b7e8062
q83dfd0c2,d899c585a
q83dfd0c2,d8b414940
q83dfd0c2,d863d00c4
q84448792,d8a2c359c
q84448792,d878d6072
q84448792,d88c1f1f6
q84448792,d81447b6a
q84448792,d81f01f6a
q84448792,d8794db5e
q84448792,d860c4fc4
q84448792,d897fcb2c
q84448792,d8dfe97c8
q84448792,d87397c14
q8332f334,d815cd25a
q8332f334,d8784315a
q8332f334,d8dba3998
q8332f334,d81521004
q8332f334,d8ba8007c
q8332f334,d8955b986
q8332f334,d8ce2f3a2
q8332f334,d8e211884
q8332f334,d8b414940
q8332f334,d86a875d4
q83905290,d8f86df24
q83905290,d871f339a
q83905290,d8992635e
q83905290,d83392a88
q83905290,d8afd3bba
q83905290,d885f4074
q83905290,d88f877f8
q83905290,d87f3c42a
q83905290,d872efdac
q83905290,d8ad9781a
q84a187b2,d8852cae2
q84a187b2,d899c5800
q84a187b2,d86bc28c2
q84a187b2,d8b16dc82
q84a187b2,d869ea39c
q84a187b2,d87194ca0
q84a187b2,d8eabdf96
q84a187b2,d8cdb1dda
q84a187b2,d89a9ce54
q84a187b2,d8b054260
q833c8228,d8c9261a8
q833c8228,d8880226c
q833c8228,d8f67cc1a
q833c8228,d87e7dfe8
q833c8228,d8187d63a
q833c8228,d8b6053ee
q833c8228,d89f12dbc
q833c8228,d87397ef8
q833c8228,d87882954
q833c8228,d8f696b6a
q85c8bb88,d8e0b4df6
q85c8bb88,d8995d598
q85c8bb88,d815c51b8
q85c8bb88,d88f7ba2a
q85c8bb88,d883919a8
q85c8bb88,d87a70a72
q85c8bb88,d8d64e6fa
q85c8bb88,d8a751dde
q85c8bb88,d86abb366
q85c8bb88,d8e80f754
q8144794e,d8a3e1b0e
q8144794e,d8dbcea9e
q8144794e,d87e7dfe8
q8144794e,d87397ef8
q8144794e,d860c5168
q8144794e,d86481c2a
q8144794e,d8b8bf080
q8144794e,d8c9261a8
q8144794e,d8ca743a2
q8144794e,d872e41f0
q84abfc2e,d820d05c6
q84abfc2e,d88540362
q84abfc2e,d86df4e2e
q84abfc2e,d87cadb14
q84abfc2e,d81180850
q84abfc2e,d8a321a7a
q84abfc2e,d8953e070
q84abfc2e,d89ac6330
q84abfc2e,d87cadb64
q84abfc2e,d8b16dcc8
q811aabe6,d864b4e9a
q811aabe6,d830e507e
q811aabe6,d892b089e
q811aabe6,d89007bd8
q811aabe6,d875346bc
q811aabe6,d8c791310
q811aabe6,d8779f1fe
q811aabe6,d863d9868
q811aabe6,d81c28636
q811aabe6,d87479808
q811d0d0a,d81bc4c58
q811d0d0a,d88a932c4
q811d0d0a,d87da9cd4
q811d0d0a,d88c3582a
q811d0d0a,d89f869ec
q811d0d0a,d880b0446
q811d0d0a,d84dc5e00
q811d0d0a,d813a3fec
q811d0d0a,d8f7e6aba
q811d0d0a,d814f5ab2
q82364166,d81dfb4d6
q82364166,d8def80e4
q82364166,d85fff328
q82364166,d899134d4
q82364166,d8f696c5a
q82364166,d8d4c5388
q82364166,d85fde010
q82364166,d8ed899d2
q82364166,d85fff3a0
q82364166,d88822814
q83c3dbba,d8a751f5a
q83c3dbba,d85f8ab86
q83c3dbba,d8df6000e
q83c3dbba,d871e165e
q83c3dbba,d810a53e0
q83c3dbba,d87357542
q83c3dbba,d8a6e6e94
q83c3dbba,d8927fb9a
q83c3dbba,d87b22704
q83c3dbba,d8b910638
q8258ff9e,d8d3ef710
q8258ff9e,d8aa0443c
q8258ff9e,d8746a57e
q8258ff9e,d8f24878e
q8258ff9e,d8973c304
q8258ff9e,d82080652
q8258ff9e,d864b4ef4
q8258ff9e,d8bdc4d1e
q8258ff9e,d86745a1a
q8258ff9e,d8198bf9a
q84360b04,d87da9b94
q84360b04,d86b05a06
q84360b04,d8d638008
q84360b04,d823751e6
q84360b04,d87e7e038
q84360b04,d8e251812
q84360b04,d8ca8847e
q84360b04,d885d3022
q84360b04,d883f9472
q84360b04,d8ca74276
q8397ee9c,d8aaa2970
q8397ee9c,d8ee34bc0
q8397ee9c,d8bdb736c
q8397ee9c,d8c8acc0e
q8397ee9c,d8dc06426
q8397ee9c,d8f8899d6
q8397ee9c,d812de404
q8397ee9c,d875670c6
q8397ee9c,d88a11dc8
q8397ee9c,d88eb29fe
q818cb290,d8cd216b8
q818cb290,d8b7a8d18
q818cb290,d868871c6
q818cb290,d8eaff5c2
q818cb290,d818cb4d4
q818cb290,d8b9db338
q818cb290,d8f838bc6
q818cb290,d837f6002
q818cb290,d8f8bc7fa
q818cb290,d8d059740
q8203fe68,d8204017e
q8203fe68,d8623d036
q8203fe68,d878828b4
q8203fe68,d8dd6abb4
q8203fe68,d881d1a28
q8203fe68,d8c59d644
q8203fe68,d87397d9a
q8203fe68,d83f65c16
q8203fe68,d89e993f4
q8203fe68,d8e13459c
q82f207b6,d8a4fc0c0
q82f207b6,d82f20c66
q82f207b6,d8805f0d2
q82f207b6,d876fa082
q82f207b6,d8805f050
q82f207b6,d8b8a5b9e
q82f207b6,d88c78e36
q82f207b6,d89b1ac78
q82f207b6,d8124326a
q82f207b6,d8b6118f6
q83e3e52c,d818fa748
q83e3e52c,d8927fac8
q83e3e52c,d8e625600
q83e3e52c,d880209cc
q83e3e52c,d8db8abe6
q83e3e52c,d8e4aa564
q83e3e52c,d8a02a010
q83e3e52c,d8816fe40
q83e3e52c,d8e2dc6e2
q83e3e52c,d87c72000
q82374f34,d880bf112
q82374f34,d81f93334
q82374f34,d8aacb9ec
q82374f34,d8c97588e
q82374f34,d898c4456
q82374f34,d8630ab80
q82374f34,d8da9f902
q82374f34,d8be614b6
q82374f34,d8c258f74
q82374f34,d86bdf8d2
q83e16b08,d878c12ee
q83e16b08,d827ba4e0
q83e16b08,d863b74de
q83e16b08,d8aefb4b8
q83e16b08,d8e0598d4
q83e16b08,d8612d92a
q83e16b08,d8729050a
q83e16b08,d877f3768
q83e16b08,d893b472c
q83e16b08,d8a2165d6
q830208be,d82074424
q830208be,d863d0164
q830208be,d8a2233da
q830208be,d8bd1789e
q830208be,d868c17b8
q830208be,d8dbcea4e
q830208be,d8c38eeca
q830208be,d89018320
q830208be,d89644988
q830208be,d8ac67fda
q83554574,d82ba7300
q83554574,d89bb4e18
q83554574,d8913765c
q83554574,d8ba69b4c
q83554574,d855e7660
q83554574,d8df3f962
q83554574,d885de92c
q83554574,d8bec3d96
q83554574,d85ee07d0
q83554574,d8a8d00de
q848f1da2,d820b0dc0
q848f1da2,d8870b3cc
q848f1da2,d8abfd144
q848f1da2,d88143598
q848f1da2,d8754940e
q848f1da2,d811519d8
q848f1da2,d88908fda
q848f1da2,d876def6c
q848f1da2,d811d1048
q848f1da2,d881433b8
q84494d40,d8f8cb3f4
q84494d40,d8402e864
q84494d40,d8926f646
q84494d40,d89337b3c
q84494d40,d8f66c680
q84494d40,d8afbdd10
q84494d40,d8c00bfa0
q84494d40,d8f40b47c
q84494d40,d8db94826
q84494d40,d86ada3e2
q83562c00,d89bd4844
q83562c00,d8bef6944
q83562c00,d8ea5b13e
q83562c00,d8d99831a
q83562c00,d82c60742
q83562c00,d8c64e944
q83562c00,d8a00cd80
q83562c00,d8e0085ec
q83562c00,d884fee1c
q83562c00,d89b68144
q81cfaef6,d868871c6
q81cfaef6,d8b9db338
q81cfaef6,d81392de6
q81cfaef6,d8f838bc6
q81cfaef6,d8e202550
q81cfaef6,d8f8bc7fa
q81cfaef6,d8d059740
q81cfaef6,d8ecb5e7a
q81cfaef6,d87d418fa
q81cfaef6,d86ada45a
q821eb91a,d821eba82
q821eb91a,d8c56f244
q821eb91a,d8d3d34d4
q821eb91a,d8f193c44
q821eb91a,d8193ecc2
q821eb91a,d86bb7382
q821eb91a,d8a488486
q821eb91a,d8ae38eae
q821eb91a,d8959cdc8
q821eb91a,d8aae8b96
q83ee4b48,d8196f46c
q83ee4b48,d828a59b8
q83ee4b48,d8cfea0c0
q83ee4b48,d86d1648a
q83ee4b48,d8a223380
q83ee4b48,d8e80f588
q83ee4b48,d828a5a26
q83ee4b48,d8e3d6c1e
q83ee4b48,d8e80f5f6
q83ee4b48,d8994804e
q8284743a,d8a51094e
q8284743a,d87adb1ba
q8284743a,d8953e070
q8284743a,d89cfc60e
q8284743a,d87559156
q8284743a,d8e63cd0a
q8284743a,d86617314
q8284743a,d861e39f0
q8284743a,d86feb494
q8284743a,d81ee40c8
q823ddc1e,d82223b3a
q823ddc1e,d8d858400
q823ddc1e,d8d24b238
q823ddc1e,d87194c28
q823ddc1e,d8861f03a
q823ddc1e,d87bac562
q823ddc1e,d8629a93e
q823ddc1e,d8f2f1bfe
q823ddc1e,d8ecca0be
q823ddc1e,d881c81e4
q8543ee4e,d8d20b8b8
q8543ee4e,d8a779faa
q8543ee4e,d8b5b93e0
q8543ee4e,d8e11c2a8
q8543ee4e,d8ba9095e
q8543ee4e,d896ad38e
q8543ee4e,d8dc58a82
q8543ee4e,d8cf927d0
q8543ee4e,d874e97ca
q8543ee4e,d8c7e0af0
q82d0e284,d8dbcea4e
q82d0e284,d86ca166c
q82d0e284,d872e41f0
q82d0e284,d8b9e7f8e
q82d0e284,d8a2c359c
q82d0e284,d8190ffb2
q82d0e284,d861be29a
q82d0e284,d8f696b6a
q82d0e284,d88778e04
q82d0e284,d8c849834
q820e4ada,d80f0a9e0
q820e4ada,d82a64f1a
q820e4ada,d8a5cbac8
q820e4ada,d873b5818
q820e4ada,d866b233c
q820e4ada,d89698772
q820e4ada,d86c04b00
q820e4ada,d8894d4e6
q820e4ada,d86d96d38
q820e4ada,d8a6c7ae4
q81661522,d86ce3d1e
q81661522,d883f9472
q81661522,d885d3022
q81661522,d86b05a06
q81661522,d8d638008
q81661522,d883b0038
q81661522,d8b849164
q81661522,d838d6576
q81661522,d838d65da
q81661522,d8a4a4320
q81719e24,d893d36fe
q81719e24,d8c9260ea
q81719e24,d89bd489e
q81719e24,d89f869ec
q81719e24,d8d3c556e
q81719e24,d88bf532e
q81719e24,d87f3c4ca
q81719e24,d811d1048
q81719e24,d8cd63f2c
q81719e24,d8da2d53c
q83fd9170,d81329094
q83fd9170,d81a5d6d0
q83fd9170,d88975806
q83fd9170,d8d3d33e4
q83fd9170,d89c1cc52
q83fd9170,d88e6be8c
q83fd9170,d8dfa1806
q83fd9170,d8d66fa9e
q83fd9170,d8def801c
q83fd9170,d8126d038
q83baea32,d81f402d8
q83baea32,d8e16ff66
q83baea32,d866e50f2
q83baea32,d8a2e98c8
q83baea32,d89a14f40
q83baea32,d8ee34bc0
q83baea32,d8e075caa
q83baea32,d867fd5e8
q83baea32,d8186bf20
q83baea32,d88eb29fe
q81d04c30,d81d04d98
q81d04c30,d8664f688
q81d04c30,d88ffb680
q81d04c30,d8a58d156
q81d04c30,d8ea7c550
q81d04c30,d89ac6330
q81d04c30,d87574ba4
q81d04c30,d8a223380
q81d04c30,d8157dce6
q81d04c30,d8d914b1e
q84f2c618,d8177a896
q84f2c618,d887d2c38
q84f2c618,d8da9f9a2
q84f2c618,d85e002ca
q84f2c618,d8bcdd900
q84f2c618,d88c6eed6
q84f2c618,d8a6068bc
q84f2c618,d897d0afe
q84f2c618,d8c692b08
q84f2c618,d80ed4ec6
q83c04efa,d8db94970
q83c04efa,d88d47b96
q83c04efa,d813a4104
q83c04efa,d813a41c2
q83c04efa,d88d47c4a
q83c04efa,d8c773afe
q83c04efa,d862f0a82
q83c04efa,d87e6bec4
q83c04efa,d8b3a6b34
q83c04efa,d897d09f0
q83cf55b2,d828e39f2
q83cf55b2,d828e3ad8
q83cf55b2,d882b61c8
q83cf55b2,d889958ae
q83cf55b2,d861b4678
q83cf55b2,d88908e90
q83cf55b2,d8d151fd0
q83cf55b2,d82b42112
q83cf55b2,d88afa64a
q83cf55b2,d869a26fa
q82384b82,d82f20c66
q82384b82,d897e43c4
q82384b82,d88d5e53a
q82384b82,d888dafea
q82384b82,d811fbf64
q82384b82,d89f4dc3c
q82384b82,d8c1a8a20
q82384b82,d8ec31792
q82384b82,d87434d0c
q82384b82,d8a4fc0c0
q826ed10c,d8729050a
q826ed10c,d878c12ee
q826ed10c,d8a4a437a
q826ed10c,d8816fdc8
q826ed10c,d827ba47c
q826ed10c,d8add2bb8
q826ed10c,d8bf90c88
q826ed10c,d883f9472
q826ed10c,d81aa1ba0
q826ed10c,d8ddaa1e2
q8445e3ee,d8445e56a
q8445e3ee,d8e9bc5c0
q8445e3ee,d897d09f0
q8445e3ee,d88d47b96
q8445e3ee,d8add2c26
q8445e3ee,d8684b856
q8445e3ee,d85ee0956
q8445e3ee,d89e289a6
q8445e3ee,d8c773afe
q8445e3ee,d8982eb18
q815dd65a,d8995d598
q815dd65a,d815dd970
q815dd65a,d8779f08c
q815dd65a,d8779f424
q815dd65a,d8b4e96a4
q815dd65a,d8a994b0a
q815dd65a,d815dd9fc
q815dd65a,d8b4e965e
q815dd65a,d8dcdc6d4
q815dd65a,d8aacb9ec
q817a53d4,d8da9f902
q817a53d4,d870d5f1c
q817a53d4,d889169f0
q817a53d4,d8a994b0a
q817a53d4,d87a08bde
q817a53d4,d880bf112
q817a53d4,d8bec3d14
q817a53d4,d82375240
q817a53d4,d8ed62454
q817a53d4,d8b7f7422
q8302f030,d8823b360
q8302f030,d81a04fe4
q8302f030,d862d1d4e
q8302f030,d8823b2f2
q8302f030,d8823b39c
q8302f030,d81a04f9e
q8302f030,d8c9cf7da
q8302f030,d8c9cf758
q8302f030,d88a4a1e6
q8302f030,d8e436060
q83ecfa72,d8c6614cc
q83ecfa72,d8a6c7b70
q83ecfa72,d8ac92f14
q83ecfa72,d810b791e
q83ecfa72,d88a1c17e
q83ecfa72,d8a2ea12e
q83ecfa72,d8dde1eb2
q83ecfa72,d87acf130
q83ecfa72,d8bc1746c
q83ecfa72,d82d2c842
q83542c84,d81b48892
q83542c84,d81b4890a
q83542c84,d8833bf80
q83542c84,d87acf1a8
q83542c84,d87acf130
q83542c84,d8f77059a
q83542c84,d888b59ac
q83542c84,d8de10d8e
q83542c84,d8f36ba76
q83542c84,d8ac92ec4
q839b24cc,d89c7a122
q839b24cc,d8cb746ee
q839b24cc,d8b3d7b80
q839b24cc,d8c9759ce
q839b24cc,d81f933f2
q839b24cc,d8c926298
q839b24cc,d8670e790
q839b24cc,d83ac84ce
q839b24cc,d88aa4862
q839b24cc,d80ef6bca
q83880a04,d8b6cc408
q83880a04,d82a77ab6
q83880a04,d8a242708
q83880a04,d899c56de
q83880a04,d8eaec7f6
q83880a04,d89e1e898
q83880a04,d899c585a
q83880a04,d87d4ce08
q83880a04,d8b3b7650
q83880a04,d8b3b76b4
q82573bfa,d81329094
q82573bfa,d81a5d6d0
q82573bfa,d885114f4
q82573bfa,d88975806
q82573bfa,d8d3d33e4
q82573bfa,d8d3d3362
q82573bfa,d8126d038
q82573bfa,d8af8aa14
q82573bfa,d8b6a56a0
q82573bfa,d89c1cc52
q83206f84,d8afe3ea2
q83206f84,d8619488c
q83206f84,d8a5109b2
q83206f84,d89c6bbc2
q83206f84,d8ce2f410
q83206f84,d8961a458
q83206f84,d8b9db130
q83206f84,d8cf2bcd8
q83206f84,d88212b04
q83206f84,d8d6f4578
q84fb6e6c,d88f7ba2a
q84fb6e6c,d88995a34
q84fb6e6c,d883919a8
q84fb6e6c,d8b8ed44e
q84fb6e6c,d8a2a8350
q84fb6e6c,d8177aa80
q84fb6e6c,d815c51b8
q84fb6e6c,d8745abe2
q84fb6e6c,d8bc3a250
q84fb6e6c,d895e2c42
q826da55c,d899c5800
q826da55c,d87194ca0
q826da55c,d8364bba8
q826da55c,d87b8cb5e
q826da55c,d8968e092
q826da55c,d87b2254c
q826da55c,d8e8c64d6
q826da55c,d8f1eee78
q826da55c,d8912badc
q826da55c,d8bbf2e82
q853b5e6e,d8bea8ef6
q853b5e6e,d8efed354
q853b5e6e,d8bbd0562
q853b5e6e,d888f5854
q853b5e6e,d8d34d9b0
q853b5e6e,d88ad9670
q853b5e6e,d8bb12a4e
q853b5e6e,d81da9870
q853b5e6e,d8f8d6826
q853b5e6e,d89aed462
q82dca556,d81f4036e
q82dca556,d8f696c0a
q82dca556,d8da2d456
q82dca556,d86d96df6
q82dca556,d8f4eda48
q82dca556,d8771f012
q82dca556,d860d8a06
q82dca556,d8aa3aee2
q82dca556,d8715150e
q82dca556,d8bfc2a30
q84e55370,d812433b4
q84e55370,d8aa2d9e0
q84e55370,d8bc63fec
q84e55370,d8ad4c496
q84e55370,d863d99bc
q84e55370,d88e1c5b2
q84e55370,d8c2afa22
q84e55370,d8202fac2
q84e55370,d8cc34124
q84e55370,d80f0a9e0
q8198bd92,d8c14be42
q8198bd92,d8a5ad050
q8198bd92,d8cd0c740
q8198bd92,d8c8c18fc
q8198bd92,d8d0257a6
q8198bd92,d8cc02af2
q8198bd92,d8f7484fa
q8198bd92,d884b7986
q8198bd92,d86f3d9fc
q8198bd92,d8bd675d8
q8518ff4a,d8600bbaa
q8518ff4a,d8d2ea612
q8518ff4a,d8b5524f6
q8518ff4a,d8736bd08
q8518ff4a,d84845980
q8518ff4a,d8d8aec06
q8518ff4a,d8f91439c
q8518ff4a,d86e2d8b4
q8518ff4a,d8de64ede
q8518ff4a,d84845a0c
q82be72ac,d81a10434
q82be72ac,d8e487b04
q82be72ac,d89821922
q82be72ac,d8e2cfa6e
q82be72ac,d88d8cc64
q82be72ac,d8f24878e
q82be72ac,d8843b0b6
q82be72ac,d8a255e48
q82be72ac,d882cca2c
q82be72ac,d8cebef02
q85724ac8,d8cf80d14
q85724ac8,d8a714042
q85724ac8,d8e728020
q85724ac8,d878d600e
q85724ac8,d810a53e0
q85724ac8,d87357542
q85724ac8,d8df6000e
q85724ac8,d8d37256c
q85724ac8,d8f1fed3c
q85724ac8,d8ab97a4c
q8556c10e,d8364bcd4
q8556c10e,d817bc0a2
q8556c10e,d894a3be2
q8556c10e,d8d312950
q8556c10e,d89926304
q8556c10e,d8770a806
q8556c10e,d8e6d7da0
q8556c10e,d8642a416
q8556c10e,d8d4156f4
q8556c10e,d8a4eedc6
q82581dc2,d87adb110
q82581dc2,d87a379c0
q82581dc2,d8aab41de
q82581dc2,d8a2da21a
q82581dc2,d870a787e
q82581dc2,d8dec83a8
q82581dc2,d86617314
q82581dc2,d880208a0
q82581dc2,d8eeb9d70
q82581dc2,d88fd8ee6
q81bc4a1e,d82441d18
q81bc4a1e,d8d684d2c
q81bc4a1e,d8c5e0304
q81bc4a1e,d89ba82da
q81bc4a1e,d8c71201a
q81bc4a1e,d8ba002fa
q81bc4a1e,d8b35fa9a
q81bc4a1e,d8614a732
q81bc4a1e,d88fc64e4
q81bc4a1e,d8d684db8
q81520e92,d871193d4
q81520e92,d8e29de60
q81520e92,d8140c1d2
q81520e92,d812cfc10
q81520e92,d8f8aa8a2
q81520e92,d89d891b2
q81520e92,d8b044536
q81520e92,d871192b2
q81520e92,d89d0af88
q81520e92,d82223a9a
q858b5c20,d88c1f1f6
q858b5c20,d8a3e1b0e
q858b5c20,d8dbcea9e
q858b5c20,d8e4ea592
q858b5c20,d897fcb2c
q858b5c20,d886d0b82
q858b5c20,d89110b38
q858b5c20,d81447b6a
q858b5c20,d8880226c
q858b5c20,d8f63a9dc
q81cb3060,d8140c1d2
q81cb3060,d8e29de60
q81cb3060,d8b044536
q81cb3060,d871193d4
q81cb3060,d812cfc10
q81cb3060,d896ad30c
q81cb3060,d89d0af88
q81cb3060,d8789c49e
q81cb3060,d8f8d6826
q81cb3060,d8e49359e
q84dd9f7c,d81392eae
q84dd9f7c,d8cd9d632
q84dd9f7c,d89cb9c64
q84dd9f7c,d897bc7ca
q84dd9f7c,d8c6d6b6e
q84dd9f7c,d81392f30
q84dd9f7c,d8e01a6b6
q84dd9f7c,d8a255da8
q84dd9f7c,d8d70d12c
q84dd9f7c,d88940c14
q84e682ea,d8a854326
q84e682ea,d85de8c9c
q84e682ea,d8d914ba0
q84e682ea,d8ba12d6a
q84e682ea,d8d7837e6
q84e682ea,d8c56f168
q84e682ea,d8e68d7b4
q84e682ea,d8b34ce4a
q84e682ea,d855e74b2
q84e682ea,d8bbd0562
q81566442,d81566618
q81566442,d8c3f3a28
q81566442,d8366a0b2
q81566442,d873acb14
q81566442,d87d810ae
q81566442,d8dbcea4e
q81566442,d8e0084de
q81566442,d8d4c53e2
q81566442,d8c849834
q81566442,d8777ecf6
q838b6d0c,d8d29598c
q838b6d0c,d87851e1c
q838b6d0c,d8bba3774
q838b6d0c,d8269a218
q838b6d0c,d8170ca26
q838b6d0c,d861c8c9a
q838b6d0c,d81e741ce
q838b6d0c,d829909b8
q838b6d0c,d8b6cc4a8
q838b6d0c,d868e3d36
q834fefca,d8b0f8d10
q834fefca,d89412f16
q834fefca,d89b8a1ea
q834fefca,d8145f1de
q834fefca,d8f508dde
q834fefca,d8f49182e
q834fefca,d89698772
q834fefca,d8ad5a9f6
q834fefca,d820b0e60
q834fefca,d89064fd6
q842fefc6,d8996d98e
q842fefc6,d879794d4
q842fefc6,d87e4cae2
q842fefc6,d8aeb4752
q842fefc6,d860bbe56
q842fefc6,d89b31aea
q842fefc6,d8c75e2f8
q842fefc6,d8267f1c0
q842fefc6,d8724e0ce
q842fefc6,d8adf5f6e
q8300ab0e,d8afd3b74
q8300ab0e,d85e5ec4e
q8300ab0e,d8a8bae46
q8300ab0e,d8f125348
q8300ab0e,d8b569138
q8300ab0e,d8dca4590
q8300ab0e,d8ea20f48
q8300ab0e,d88928d12
q8300ab0e,d87c72096
q8300ab0e,d89d0b0dc
q81392cb0,d8f0f2c04
q81392cb0,d8b8bf080
q81392cb0,d88c1f1f6
q81392cb0,d8dbcea9e
q81392cb0,d8a3e1b0e
q81392cb0,d878d6072
q81392cb0,d890b88d4
q81392cb0,d897fcb2c
q81392cb0,d86400e4a
q81392cb0,d88f63b28
q853e847c,d82a3a666
q853e847c,d8e39a386
q853e847c,d8b68d6fe
q853e847c,d86400cb0
q853e847c,d8dfc2a7e
q853e847c,d868d9700
q853e847c,d8b92330a
q853e847c,d84dc6030
q853e847c,d8e404704
q853e847c,d8880226c
q859daefc,d830e4e3a
q859daefc,d85eea758
q859daefc,d855e743a
q859daefc,d8c6a6fae
q859daefc,d85fc68ac
q859daefc,d88fb4cc6
q859daefc,d8b1d27d6
q859daefc,d8e8eef94
q859daefc,d8e7eb868
q859daefc,d8da8a3ae
q836cd57c,d8e305c04
q836cd57c,d81be6718
q836cd57c,d8e5a9668
q836cd57c,d8da5bd74
q836cd57c,d898dd9a6
q836cd57c,d892b9ff2
q836cd57c,d8f3a7256
q836cd57c,d89813a16
q836cd57c,d8e3a8e54
q836cd57c,d8926f902
q810fb0f6,d810fb4f2
q810fb0f6,d87e8c5de
q810fb0f6,d88196270
q810fb0f6,d8ec685c6
q810fb0f6,d87cbddca
q810fb0f6,d8685bd78
q810fb0f6,d82729b34
q810fb0f6,d8b552442
q810fb0f6,d8ece1e26
q810fb0f6,d8f4a865a
q82b28b22,d885f4164
q82b28b22,d8db949d4
q82b28b22,d8963555a
q82b28b22,d88d47cfe
q82b28b22,d8f536cd4
q82b28b22,d8c9f2794
q82b28b22,d8ec03e78
q82b28b22,d8e02c94c
q82b28b22,d8dc23724
q82b28b22,d8a3a4236
q8384b3ea,d8ea20ebc
q8384b3ea,d85f42f48
q8384b3ea,d8e075caa
q8384b3ea,d88eb29fe
q8384b3ea,d80ed4ec6
q8384b3ea,d81f402d8
q8384b3ea,d81452222
q8384b3ea,d8aacbaaa
q8384b3ea,d87078902
q8384b3ea,d8b20f7da
q81d7599e,d861e3a54
q81d7599e,d87c97daa
q81d7599e,d815e5bfc
q81d7599e,d8a22dc4a
q81d7599e,d8d2dc94a
q81d7599e,d873c1780
q81d7599e,d871192b2
q81d7599e,d87e20550
q81d7599e,d86b2253e
q81d7599e,d8ad23a3c
q853c2a92,d8a925b1a
q853c2a92,d8746a6d2
q853c2a92,d89698830
q853c2a92,d8abfd1e4
q853c2a92,d86dcdb6c
q853c2a92,d8f1771d4
q853c2a92,d86e1fa0c
q853c2a92,d81b7d574
q853c2a92,d8749ddc0
q853c2a92,d8ed43450
q81d3a056,d86de574e
q81d3a056,d8c75e258
q81d3a056,d8d7680ea
q81d3a056,d8d07369a
q81d3a056,d869ea39c
q81d3a056,d8f3a71d4
q81d3a056,d86e1fa0c
q81d3a056,d88465e9c
q81d3a056,d894cfda0
q81d3a056,d899134d4
q849d08a4,d8ddb692e
q849d08a4,d8ce5486e
q849d08a4,d85db9dfc
q849d08a4,d886d0ab0
q849d08a4,d8cd9d542
q849d08a4,d811394dc
q849d08a4,d886e7bac
q849d08a4,d8d83b49a
q849d08a4,d892c8322
q849d08a4,d8c1a894e
q811c3614,d879b9b56
q811c3614,d8ae16a2a
q811c3614,d8e0b4df6
q811c3614,d8e6b82d4
q811c3614,d87fed8b0
q811c3614,d86d4d5f2
q811c3614,d814f5ab2
q811c3614,d892b089e
q811c3614,d8be614b6
q811c3614,d86bdf8d2
q82c9a85c,d81c091dc
q82c9a85c,d86ce3d1e
q82c9a85c,d81c09236
q82c9a85c,d86287370
q82c9a85c,d883f9472
q82c9a85c,d828a5b34
q82c9a85c,d827ba47c
q82c9a85c,d8cc6f74c
q82c9a85c,d89f26ed4
q82c9a85c,d86ce3d82
q83bc7cbc,d8d9982c0
q83bc7cbc,d86b8b296
q83bc7cbc,d879a9e9a
q83bc7cbc,d8d511724
q83bc7cbc,d8f444b64
q83bc7cbc,d8ef0c534
q83bc7cbc,d88c4b04e
q83bc7cbc,d8c3f3942
q83bc7cbc,d8e316d06
q83bc7cbc,d8d33013a
q8175db10,d815e5c7e
q8175db10,d873d5294
q8175db10,d8d8f5f02
q8175db10,d88877652
q8175db10,d8bec3d14
q8175db10,d88540204
q8175db10,d89c4f80a
q8175db10,d89883442
q8175db10,d8dc6d73e
q8175db10,d87e976c8
q82c2627c,d81d04d98
q82c2627c,d8664f688
q82c2627c,d891c6fbe
q82c2627c,d8af691c0
q82c2627c,d87f8a3e6
q82c2627c,d86b7c0fc
q82c2627c,d8a27a798
q82c2627c,d8a27a7de
q82c2627c,d8825d8e8
q82c2627c,d8e41ac8e
q82efcc80,d8b6dda46
q82efcc80,d87befcd6
q82efcc80,d82cf6990
q82efcc80,d89635438
q82efcc80,d8c5ed9be
q82efcc80,d86dabbca
q82efcc80,d8bb92366
q82efcc80,d8d295874
q82efcc80,d8cc02af2
q82efcc80,d870a7798
q82864972,d8c5b6248
q82864972,d82e92858
q82864972,d85ee07d0
q82864972,d8ba12cac
q82864972,d88aec8ec
q82864972,d8f6b5aba
q82864972,d8afbdd9c
q82864972,d8973c304
q82864972,d8ea0ef8c
q82864972,d8b34cea4
q82b4cc20,d8bbd02e2
q82b4cc20,d8e5e57b2
q82b4cc20,d8617c796
q82b4cc20,d8ec82156
q82b4cc20,d812cfc9c
q82b4cc20,d8b3ef2b2
q82b4cc20,d8d8c159a
q82b4cc20,d842dcf7a
q82b4cc20,d87aa37b0
q82b4cc20,d8b054346
q84ceb836,d830e4e3a
q84ceb836,d8f57e0e8
q84ceb836,d86617314
q84ceb836,d85fa1fac
q84ceb836,d8870b35e
q84ceb836,d82441ab6
q84ceb836,d8af9737c
q84ceb836,d8ae2d982
q84ceb836,d87f8a378
q84ceb836,d8a27a590
q82871b7c,d8aefb508
q82871b7c,d8cd34830
q82871b7c,d86f3d9fc
q82871b7c,d8c5ed9be
q82871b7c,d8d630006
q82871b7c,d82d2ca22
q82871b7c,d87befcd6
q82871b7c,d8727efa8
q82871b7c,d8d43dc6c
q82871b7c,d8a51094e
q847a93dc,d8187d7d4
q847a93dc,d8dfd4f80
q847a93dc,d8caa04c0
q847a93dc,d8f7b6f9a
q847a93dc,d8166161c
q847a93dc,d8c7a8e52
q847a93dc,d8bea8e88
q847a93dc,d8e16fe3a
q847a93dc,d86a41714
q847a93dc,d890cdc8e
q83e70dd8,d88d9abe8
q83e70dd8,d88000c08
q83e70dd8,d8953e1ce
q83e70dd8,d880208a0
q83e70dd8,d89c4f80a
q83e70dd8,d88465f0a
q83e70dd8,d8b308e20
q83e70dd8,d86389f84
q83e70dd8,d8cbe89fe
q83e70dd8,d8dc9cc0a
q856d40e6,d87981b7a
q856d40e6,d877b0d0a
q856d40e6,d86bc28c2
q856d40e6,d81e74174
q856d40e6,d8b5b91f6
q856d40e6,d87fc1c06
q856d40e6,d8d33fd7e
q856d40e6,d8c75e258
q856d40e6,d8b10a5f6
q856d40e6,d881553c4
q81da9686,d8937492e
q81da9686,d8f29f836
q81da9686,d8ee9989a
q81da9686,d8b000818
q81da9686,d8f29f7e6
q81da9686,d86feb692
q81da9686,d8dd7a6fe
q81da9686,d8ef54c26
q81da9686,d8cd8abcc
q81da9686,d812433b4
q81f778aa,d81f7797c
q81f778aa,d87763190
q81f778aa,d89498c6a
q81f778aa,d8670e790
q81f778aa,d85e51e0e
q81f778aa,d8ba5ac14
q81f778aa,d8d5bdce0
q81f778aa,d8863d148
q81f778aa,d8c803ee2
q81f778aa,d8f49187e
q82e4317c,d828e39f2
q82e4317c,d8d5a1392
q82e4317c,d89663ef0
q82e4317c,d8bfe6052
q82e4317c,d8ae06148
q82e4317c,d8dd01218
q82e4317c,d81559512
q82e4317c,d81a04e72
q82e4317c,d8b42c23e
q82e4317c,d8b42c1b2
q845eabea,d8d1c5bb0
q845eabea,d8d914b1e
q845eabea,d8e586726
q845eabea,d8619f7c8
q845eabea,d814f5850
q845eabea,d88d78cc8
q845eabea,d8c54000c
q845eabea,d8aba73fc
q845eabea,d8d2b2df2
q845eabea,d8cf64060
q836b9360,d8e01a742
q836b9360,d88a9c4aa
q836b9360,d8b5f3e32
q836b9360,d87ccfda4
q836b9360,d88ffb70c
q836b9360,d8816fdc8
q836b9360,d883f9472
q836b9360,d8d638008
q836b9360,d86826286
q836b9360,d89663d92
q815893ca,d88e61d42
q815893ca,d81589686
q815893ca,d81328f7c
q815893ca,d86d9fece
q815893ca,d8f35fb4a
q815893ca,d8f5e00c2
q815893ca,d8d1fd402
q815893ca,d8cdeb210
q815893ca,d8db8abe6
q815893ca,d8c28a7c2
q8290c910,d888dafea
q8290c910,d88d5e53a
q8290c910,d86023a66
q8290c910,d8e8a65c8
q8290c910,d8e16ff66
q8290c910,d8943f48a
q8290c910,d81c286ea
q8290c910,d87aa3602
q8290c910,d863d9868
q8290c910,d8a4fc0c0
q8435886e,d8b865a3a
q8435886e,d82ba7260
q8435886e,d8ef9047e
q8435886e,d8130c840
q8435886e,d866b22ec
q8435886e,d8a85420e
q8435886e,d88f4ee76
q8435886e,d8cc91a4a
q8435886e,d8b59439c
q8435886e,d8f176ea0
q837b54d0,d88540362
q837b54d0,d813b8ffa
q837b54d0,d8cd8abcc
q837b54d0,d81180850
q837b54d0,d85fc68ac
q837b54d0,d88540312
q837b54d0,d8e7d76a6
q837b54d0,d8de399d2
q837b54d0,d812326ea
q837b54d0,d8f36b9fe
q8580ff64,d8994804e
q8580ff64,d8d44bef2
q8580ff64,d81c092ae
q8580ff64,d87e41e08
q8580ff64,d8d54204a
q8580ff64,d8eabe0c2
q8580ff64,d863c228a
q8580ff64,d8adb2c82
q8580ff64,d860fde14
q8580ff64,d8a3e1b9a
q81dc665a,d8f1eee78
q81dc665a,d89c28714
q81dc665a,d8ce91eda
q81dc665a,d8953e070
q81dc665a,d8e5d263a
q81dc665a,d89d890e0
q81dc665a,d8e95dd40
q81dc665a,d8364bba8
q81dc665a,d8691c280
q81dc665a,d86c3bd80
q83d4ede2,d8c0c05fe
q83d4ede2,d8a84115e
q83d4ede2,d80f34dda
q83d4ede2,d830e4e3a
q83d4ede2,d8e47c16e
q83d4ede2,d86f92b82
q83d4ede2,d8dd7a6fe
q83d4ede2,d89aed412
q83d4ede2,d8a5e5a0e
q83d4ede2,d8f40b580
q83e4d1ee,d8c5fb08c
q83e4d1ee,d85d722b8
q83e4d1ee,d8d7575d8
q83e4d1ee,d86aa3f2c
q83e4d1ee,d88bf53f6
q83e4d1ee,d8e2643a4
q83e4d1ee,d8a5d6586
q83e4d1ee,d8927fac8
q83e4d1ee,d8870b502
q83e4d1ee,d818fa748
q8159e19e,d870d5f1c
q8159e19e,d8694b710
q8159e19e,d87ef4044
q8159e19e,d8a9b5062
q8159e19e,d8a9b4ffe
q8159e19e,d8be614b6
q8159e19e,d8a9b524c
q8159e19e,d89813a84
q8159e19e,d89813a16
q8159e19e,d8a0bcdb6
q821d9148,d81694f62
q821d9148,d8cbb1f44
q821d9148,d86315378
q821d9148,d8b96318a
q821d9148,d87af0722
q821d9148,d8dd8d45c
q821d9148,d877f3768
q821d9148,d81b363f4
q821d9148,d8888e078
q821d9148,d8e80f754
q8247de8a,d877f37c2
q8247de8a,d8c692bda
q8247de8a,d8c71201a
q8247de8a,d8b2d576e
q8247de8a,d8c00c054
q8247de8a,d8327a68c
q8247de8a,d8c28a902
q8247de8a,d867a36ba
q8247de8a,d8724e0ce
q8247de8a,d83374362
q852a4c64,d86a506a6
q852a4c64,d81e688a6
q852a4c64,d8ab28c8c
q852a4c64,d8aaf86c2
q852a4c64,d8ab28c3c
q852a4c64,d8ac0cb08
q852a4c64,d8c56f168
q852a4c64,d8f66c716
q852a4c64,d8ab28bf6
q852a4c64,d8da5bee6
q84e8101a,d81ee40c8
q84e8101a,d8c28a902
q84e8101a,d824419da
q84e8101a,d8327a74a
q84e8101a,d894c30dc
q84e8101a,d83374362
q84e8101a,d8ae815aa
q84e8101a,d8afd39da
q84e8101a,d884f25b8
q84e8101a,d8b2d576e
q81344b3c,d81329094
q81344b3c,d88975806
q81344b3c,d81a5d6d0
q81344b3c,d885114f4
q81344b3c,d87a4d2de
q81344b3c,d88975856
q81344b3c,d8d3d3362
q81344b3c,d8d3d33e4
q81344b3c,d8e3253ce
q81344b3c,d81da99ec
q85cc7e58,d814d947a
q85cc7e58,d86c3bd80
q85cc7e58,d89d890e0
q85cc7e58,d8bbdd0f0
q85cc7e58,d86dbb3cc
q85cc7e58,d8e579f30
q85cc7e58,d8ba90a1c
q85cc7e58,d8caf36de
q85cc7e58,d8a266e3c
q85cc7e58,d8ed43324
q84e182f4,d8aae8b96
q84e182f4,d8193ecc2
q84e182f4,d867936a2
q84e182f4,d8ca0ff9c
q84e182f4,d8d3d34d4
q84e182f4,d8e18a2d0
q84e182f4,d8de10c76
q84e182f4,d8d151e68
q84e182f4,d8a616bea
q84e182f4,d88678450
q83cdbf9a,d8e1a7df8
q83cdbf9a,d8d34d924
q83cdbf9a,d8e04a8c0
q83cdbf9a,d8c258f74
q83cdbf9a,d842dcd9a
q83cdbf9a,d8c25900a
q83cdbf9a,d87843204
q83cdbf9a,d8f21a834
q83cdbf9a,d8dc8cc10
q83cdbf9a,d8ded8988
q83caeaea,d811dc0c4
q83caeaea,d8eeb9ca8
q83caeaea,d8239fb62
q83caeaea,d86356260
q83caeaea,d89e289a6
q83caeaea,d88d47b96
q83caeaea,d862f0a46
q83caeaea,d862f087a
q83caeaea,d8684b856
q83caeaea,d81be6600
q843df09e,d8157dce6
q843df09e,d8b054260
q843df09e,d87981b7a
q843df09e,d86338094
q843df09e,d877b0d0a
q843df09e,d86023a66
q843df09e,d86bc28c2
q843df09e,d8232f060
q843df09e,d88e95ac0
q843df09e,d8f2f1ac8
q81db3f50,d81317164
q81db3f50,d8ed432b6
q81db3f50,d869890b0
q81db3f50,d8caf36de
q81db3f50,d8a391334
q81db3f50,d8799ac56
q81db3f50,d8f25f70e
q81db3f50,d8dc58bb8
q81db3f50,d8a779faa
q81db3f50,d8f49182e
q82c4fd2a,d8799ab0c
q82c4fd2a,d86bb72ce
q82c4fd2a,d8b48dea8
q82c4fd2a,d88f44142
q82c4fd2a,d8dfd4f3a
q82c4fd2a,d8b642d3e
q82c4fd2a,d88465cc6
q82c4fd2a,d8d8ae9cc
q82c4fd2a,d890b88d4
q82c4fd2a,d8ca0fea2
q828a58aa,d837f6070
q828a58aa,d86d1648a
q828a58aa,d89cb9b42
q828a58aa,d828a59b8
q828a58aa,d8cfea0c0
q828a58aa,d8a223380
q828a58aa,d86a2e556
q828a58aa,d837f60d4
q828a58aa,d8852cae2
q828a58aa,d898ef12e
q837a4e78,d8152111c
q837a4e78,d892da860
q837a4e78,d87df9888
q837a4e78,d8cea64de
q837a4e78,d883873fe
q837a4e78,d8acffa88
q837a4e78,d8637aade
q837a4e78,d8de39874
q837a4e78,d8a3a4286
q837a4e78,d8f43c3b0
q8441a2de,d8be2adf8
q8441a2de,d8a51094e
q8441a2de,d86afc294
q8441a2de,d88d34f28
q8441a2de,d815cd25a
q8441a2de,d88cba89a
q8441a2de,d8dba3998
q8441a2de,d8c12784e
q8441a2de,d8ba8007c
q8441a2de,d81521004
q84d56a96,d8c868f40
q84d56a96,d8c70843e
q84d56a96,d88c5dc08
q84d56a96,d896353c0
q84d56a96,d8ea98444
q84d56a96,d8f8899d6
q84d56a96,d8a2e98c8
q84d56a96,d88d9ab7a
q84d56a96,d866e50f2
q84d56a96,d89d74122
q85b3b076,d813a4104
q85b3b076,d862f0a82
q85b3b076,d813a41c2
q85b3b076,d88d47b96
q85b3b076,d8df72a10
q85b3b076,d8db94970
q85b3b076,d897d09f0
q85b3b076,d8df060ea
q85b3b076,d88d47c4a
q85b3b076,d8b34cdc8
q817f6202,d817f648c
q817f6202,d86ada310
q817f6202,d82e92858
q817f6202,d8c5b6248
q817f6202,d8973c304
q817f6202,d8ba12cac
q817f6202,d8247e1a0
q817f6202,d8b6cc408
q817f6202,d885c45cc
q817f6202,d8cd8092e
q83c7a90c,d8b0d15d0
q83c7a90c,d8bc6e46a
q83c7a90c,d8bb3cc22
q83c7a90c,d8ad23c6c
q83c7a90c,d87ef4044
q83c7a90c,d8b4e965e
q83c7a90c,d8f3b2516
q83c7a90c,d8a5bfee4
q83c7a90c,d875b8d18
q83c7a90c,d8c25900a
q8241c7b6,d812c0cf6
q8241c7b6,d8c7c046c
q8241c7b6,d8927fac8
q8241c7b6,d89b7bdb6
q8241c7b6,d869d0744
q8241c7b6,d87b4ddc8
q8241c7b6,d8cff51fa
q8241c7b6,d87f6f30c
q8241c7b6,d870f4994
q8241c7b6,d8e3eb88a
q81b8fb70,d8775a568
q81b8fb70,d8ae06058
q81b8fb70,d86efa9c2
q81b8fb70,d8e75807c
q81b8fb70,d8a3624f8
q81b8fb70,d89bf2420
q81b8fb70,d87ef3fcc
q81b8fb70,d88a4a236
q81b8fb70,d89ac6330
q81b8fb70,d8c6a6f18
q8542325c,d86e3849e
q8542325c,d8cfb20ee
q8542325c,d8a35567c
q8542325c,d8e86753a
q8542325c,d8ced75fc
q8542325c,d88a710a2
q8542325c,d837becce
q8542325c,d877f3768
q8542325c,d86d31104
q8542325c,d86052244
q835b5ee6,d87981c2e
q835b5ee6,d8d54204a
q835b5ee6,d8c5c0c02
q835b5ee6,d8e88eaae
q835b5ee6,d8c00c054
q835b5ee6,d8afd3a84
q835b5ee6,d82a10366
q835b5ee6,d86d88d50
q835b5ee6,d8777edb4
q835b5ee6,d8b9db130
q81439f7e,d894aff28
q81439f7e,d8e02c94c
q81439f7e,d89854f20
q81439f7e,d8d3fbbaa
q81439f7e,d88163758
q81439f7e,d82bda1a6
q81439f7e,d8681ac60
q81439f7e,d8634d0e8
q81439f7e,d8e6fadb4
q81439f7e,d8cef8220
q838d6486,d8bf90de6
q838d6486,d8a751ec4
q838d6486,d838d6698
q838d6486,d8a0a31cc
q838d6486,d87528bdc
q838d6486,d8745abe2
q838d6486,d8bc3a250
q838d6486,d8c30527e
q838d6486,d895e2c42
q838d6486,d86745a1a
q834d2524,d8156667c
q834d2524,d8c849834
q834d2524,d8876a00c
q834d2524,d8add2c94
q834d2524,d8f4e0f96
q834d2524,d8ecea116
q834d2524,d8e99e5ca
q834d2524,d8145f17a
q834d2524,d8e2e89e2
q834d2524,d8c18d626
q8277c280,d8327a646
q8277c280,d8c12784e
q8277c280,d899480ee
q8277c280,d82590106
q8277c280,d8b9db130
q8277c280,d8ab28d04
q8277c280,d89ff7a2a
q8277c280,d810fb466
q8277c280,d8f7cdef2
q8277c280,d8b477a04
q828e37cc,d828e3b82
q828e37cc,d8ea378a6
q828e37cc,d8ad978e2
q828e37cc,d88afa64a
q828e37cc,d8ee9989a
q828e37cc,d8b48df0c
q828e37cc,d8bb24a32
q828e37cc,d8b8134b0
q828e37cc,d89c6ba0a
q828e37cc,d8dc23724
q832dd8e0,d8777edb4
q832dd8e0,d85f4a504
q832dd8e0,d8bb57810
q832dd8e0,d82729c1a
q832dd8e0,d8a8bacf2
q832dd8e0,d86760e78
q832dd8e0,d8c71201a
q832dd8e0,d810fb466
q832dd8e0,d8327a74a
q832dd8e0,d8c00c054
q83576886,d8953e070
q83576886,d8366a0b2
q83576886,d8cef8324
q83576886,d8c66156c
q83576886,d8ed18c14
q83576886,d8f36ba76
q83576886,d86338134
q83576886,d8926162c
q83576886,d896448e8
q83576886,d89038404
q85a20326,d87be6fe6
q85a20326,d8ded0166
q85a20326,d89913416
q85a20326,d826041e6
q85a20326,d8da9f600
q85a20326,d87bfca76
q85a20326,d88d78be2
q85a20326,d89d22cb4
q85a20326,d8a626afe
q85a20326,d842c8dd6
q83affb90,d86c2cd62
q83affb90,d899ac2a6
q83affb90,d851738c2
q83affb90,d85f2a2b8
q83affb90,d8c64e89a
q83affb90,d89fd9764
q83affb90,d8e6131da
q83affb90,d87e7dfe8
q83affb90,d8be45f18
q83affb90,d862153a6
q848cf432,d81cc5c06
q848cf432,d8b1ea386
q848cf432,d87515fc8
q848cf432,d86e0de10
q848cf432,d884b78c8
q848cf432,d85f2a150
q848cf432,d87adb110
q848cf432,d8a2da21a
q848cf432,d8f4254ee
q848cf432,d889e4cf6
q8187d4c8,d87e7dfe8
q8187d4c8,d87397ef8
q8187d4c8,d8c9261a8
q8187d4c8,d89644ac8
q8187d4c8,d8f238bb8
q8187d4c8,d86481c2a
q8187d4c8,d8b55238e
q8187d4c8,d80ee27b0
q8187d4c8,d89c3809c
q8187d4c8,d8880226c
q837f5ea4,d837f60d4
q837f5ea4,d8df83a0e
q837f5ea4,d89cb9c0a
q837f5ea4,d8b6cc4a8
q837f5ea4,d894b0054
q837f5ea4,d81da99ec
q837f5ea4,d867e1424
q837f5ea4,d85de8c9c
q837f5ea4,d8b8befc2
q837f5ea4,d81a5d6d0
q82852614,d8954de94
q82852614,d8af42b38
q82852614,d898ddafa
q82852614,d8de10d8e
q82852614,d8833c03e
q82852614,d8c28a7c2
q82852614,d88453c88
q82852614,d8acffa88
q82852614,d8e77b090
q82852614,d8ba20d84
q82bca3be,d8ce91e6c
q82bca3be,d8ce91eda
q82bca3be,d81cc5b7a
q82bca3be,d829d9b5e
q82bca3be,d86c4ff10
q82bca3be,d885b6472
q82bca3be,d8e344184
q82bca3be,d88f7b976
q82bca3be,d8e3440ee
q82bca3be,d89ac6330
q8327a402,d898dd960
q8327a402,d8afe3ef2
q8327a402,d8ee11ce2
q8327a402,d8d2dc94a
q8327a402,d8afe3ea2
q8327a402,d8619488c
q8327a402,d861f42fa
q8327a402,d86c2ccea
q8327a402,d8f44f76c
q8327a402,d89c6bbc2
q84404592,d8a133394
q84404592,d8ba90a9e
q84404592,d88bf53f6
q84404592,d8f8899d6
q84404592,d8df513ba
q84404592,d8ca8847e
q84404592,d8ddaa28c
q84404592,d86617468
q84404592,d8ef26d76
q84404592,d87cadb14
q83b66782,d896449ce
q83b66782,d80ee2724
q83b66782,d8e316c34
q83b66782,d8ca7432a
q83b66782,d8a37d0a0
q83b66782,d888522ee
q83b66782,d89629804
q83b66782,d8d038f4a
q83b66782,d8aba73fc
q83b66782,d882b6100
q851ab862,d8ce5486e
q851ab862,d862d1d4e
q851ab862,d88e1c5b2
q851ab862,d82a10302
q851ab862,d8681ac60
q851ab862,d8e404704
q851ab862,d8d1db1fe
q851ab862,d8c59d59a
q851ab862,d8c1617a6
q851ab862,d8642a416
q8376846e,d87e7dfe8
q8376846e,d89f12dbc
q8376846e,d8b55238e
q8376846e,d8bd86dfc
q8376846e,d8f696b6a
q8376846e,d8ca03418
q8376846e,d8e316d06
q8376846e,d89c3809c
q8376846e,d8880226c
q8376846e,d8bd86d98
q836db4e2,d8968e132
q836db4e2,d8b369f0e
q836db4e2,d871f3354
q836db4e2,d893094c6
q836db4e2,d874fa07a
q836db4e2,d81128434
q836db4e2,d8d9ffa92
q836db4e2,d82581ef8
q836db4e2,d8e817e7c
q836db4e2,d86fac618
q81e74066,d8bef68b8
q81e74066,d8b1baa0a
q81e74066,d8937492e
q81e74066,d88c06fca
q81e74066,d8dd7a6fe
q81e74066,d81d1e69e
q81e74066,d8e95dcfa
q81e74066,d8bec3cce
q81e74066,d81ffbb3c
q81e74066,d880bf112
q82b17a0c,d8d3c55d2
q82b17a0c,d8724e0ce
q82b17a0c,d8ec72e04
q82b17a0c,d8d3c5618
q82b17a0c,d8c1feeb6
q82b17a0c,d8649596e
q82b17a0c,d884c6c10
q82b17a0c,d8e90caa8
q82b17a0c,d8e757f64
q82b17a0c,d8d3624aa
q85a157e6,d8c408374
q85a157e6,d8ca63caa
q85a157e6,d88bf522a
q85a157e6,d8ced75fc
q85a157e6,d8ad8a444
q85a157e6,d8aae8aa6
q85a157e6,d87397c14
q85a157e6,d8b6053ee
q85a157e6,d8642a2d6
q85a157e6,d87f3c4ca
q8319c9cc,d8edb9862
q8319c9cc,d89c0df68
q8319c9cc,d895ff3b0
q8319c9cc,d8267f210
q8319c9cc,d8f536cd4
q8319c9cc,d8bf90bfc
q8319c9cc,d8316fd3c
q8319c9cc,d8ba5ab88
q8319c9cc,d8d27b352
q8319c9cc,d85da422c
q84d7866e,d824b7d7e
q84d7866e,d89b2417e
q84d7866e,d81d75c5a
q84d7866e,d89065062
q84d7866e,d87c45258
q84d7866e,d8e8eef94
q84d7866e,d85e0b4cc
q84d7866e,d8e4da7d2
q84d7866e,d87c4519a
q84d7866e,d8b51fb96
q849f8d68,d89504adc
q849f8d68,d829d9a78
q849f8d68,d86b7bfee
q849f8d68,d8c6a6f18
q849f8d68,d8785f166
q849f8d68,d8f536cd4
q849f8d68,d8d1fd4e8
q849f8d68,d8dd6abb4
q849f8d68,d8ad741f8
q849f8d68,d8dd6ab28
q82afa40c,d8afe3ef2
q82afa40c,d8973c26e
q82afa40c,d8ca884d8
q82afa40c,d8aeb46b2
q82afa40c,d8c54000c
q82afa40c,d8f238bb8
q82afa40c,d8f29f732
q82afa40c,d89ad1a00
q82afa40c,d8b6dda46
q82afa40c,d87b01fcc
q83dc33e0,d837f60d4
q83dc33e0,d8ecb5e7a
q83dc33e0,d8ac36d90
q83dc33e0,d81329094
q83dc33e0,d88975806
q83dc33e0,d885114f4
q83dc33e0,d81da99ec
q83dc33e0,d89cb9c0a
q83dc33e0,d89ed639e
q83dc33e0,d8e79b638
q80f34920,d88f08994
q80f34920,d80f34dda
q80f34920,d8b7c2f9c
q80f34920,d873acb96
q80f34920,d8bc6e4e2
q80f34920,d81bc4cbc
q80f34920,d87d2d9fe
q80f34920,d875d8a96
q80f34920,d885112f6
q80f34920,d888b5b50
q85ce788e,d81cd677c
q85ce788e,d88908fda
q85ce788e,d81cd672c
q85ce788e,d8833c03e
q85ce788e,d8af4c2f0
q85ce788e,d88e6bf36
q85ce788e,d8e8797da
q85ce788e,d8c9260ea
q85ce788e,d8cbb2052
q85ce788e,d8e2645b6
q8160538a,d8140c1d2
q8160538a,d871193d4
q8160538a,d812cfc10
q8160538a,d89d891b2
q8160538a,d8e29de60
q8160538a,d8f8aa8a2
q8160538a,d89309656
q8160538a,d88244c94
q8160538a,d89d0af88
q8160538a,d893095de
q83b9f24e,d83b9f406
q83b9f24e,d86875c6e
q83b9f24e,d88aec84c
q83b9f24e,d870c57ca
q83b9f24e,d886c170e
q83b9f24e,d8b5f3e32
q83b9f24e,d811fbece
q83b9f24e,d86fac3e8
q83b9f24e,d8cea65ba
q83b9f24e,d8b3a6b34
q8239f9dc,d8c258f74
q8239f9dc,d8c25900a
q8239f9dc,d811fbfc8
q8239f9dc,d8995d520
q8239f9dc,d8b8ed44e
q8239f9dc,d8a149c34
q8239f9dc,d8da9f902
q8239f9dc,d8d2dc8f0
q8239f9dc,d842dcd9a
q8239f9dc,d8b4e965e
q82da7740,d82c60742
q82da7740,d89b68144
q82da7740,d871f339a
q82da7740,d88f877f8
q82da7740,d898ef25a
q82da7740,d8619483c
q82da7740,d89c6bbc2
q82da7740,d87c6540e
q82da7740,d8f86df24
q82da7740,d8c64e944
q85924a12,d8d259c0c
q85924a12,d8cd63f2c
q85924a12,d898c4514
q85924a12,d81332ff4
q85924a12,d8d4983b0
q85924a12,d85d723b2
q85924a12,d8ec31648
q85924a12,d8e903c50
q85924a12,d8d684ca0
q85924a12,d8943f372
q855bb718,d8373b1b2
q855bb718,d8b68d56e
q855bb718,d8887745e
q855bb718,d816cabc6
q855bb718,d8aaa29f2
q855bb718,d8e82ff9a
q855bb718,d8e0b4e3c
q855bb718,d86f0e8aa
q855bb718,d897e4450
q855bb718,d8aeb4842
q8130c3ea,d8187d7d4
q8130c3ea,d8191002a
q8130c3ea,d87078696
q8130c3ea,d8754940e
q8130c3ea,d8f748478
q8130c3ea,d8740b920
q8130c3ea,d8f6b5aba
q8130c3ea,d899c58c8
q8130c3ea,d8f6b5b3c
q8130c3ea,d8126d164
q82c08bfa,d8366a0b2
q82c08bfa,d899fdaac
q82c08bfa,d86287226
q82c08bfa,d8cda6660
q82c08bfa,d87d810ae
q82c08bfa,d8f0f2c04
q82c08bfa,d88f63b28
q82c08bfa,d8b5fc17c
q82c08bfa,d8a5d6586
q82c08bfa,d8788d7c8
q82834aba,d8c5aa2cc
q82834aba,d8d20b8b8
q82834aba,d814d93bc
q82834aba,d8f3a7256
q82834aba,d86dbb3cc
q82834aba,d8b0a1ef2
q82834aba,d8a3913c0
q82834aba,d8c975a14
q82834aba,d8ec20654
q82834aba,d88ee0c28
q82e700dc,d8e599b00
q82e700dc,d8e134510
q82e700dc,d8ac92ec4
q82e700dc,d86e0dd20
q82e700dc,d8b4c192e
q82e700dc,d89a256f6
q82e700dc,d8e5999e8
q82e700dc,d8a95fe28
q82e700dc,d8d1eac30
q82e700dc,d875d0026
q84aa0324,d8185cc32
q84aa0324,d8b4f54e0
q84aa0324,d8bac1d10
q84aa0324,d87c0c0e8
q84aa0324,d873cd404
q84aa0324,d8b9db23e
q84aa0324,d8f536cd4
q84aa0324,d82267b64
q84aa0324,d8ae168fe
q84aa0324,d86dcdc98
q81e2083a,d8ed43324
q81e2083a,d8c5aa2cc
q81e2083a,d8a77a018
q81e2083a,d8dc58bb8
q81e2083a,d8e91ec12
q81e2083a,d874e9766
q81e2083a,d8e435f98
q81e2083a,d8a3913c0
q81e2083a,d8c2d5ea2
q81e2083a,d81a6b028
q830ab982,d819070a6
q830ab982,d8a27a6d0
q830ab982,d8bcf62f2
q830ab982,d8ba699bc
q830ab982,d8d91e3f8
q830ab982,d810a537c
q830ab982,d872b9da6
q830ab982,d8ba12e3c
q830ab982,d8b3ef2b2
q830ab982,d8aa1dd4c
q8555209c,d812de580
q8555209c,d87763190
q8555209c,d89498c6a
q8555209c,d8b1ea386
q8555209c,d88fbd736
q8555209c,d88f63bfa
q8555209c,d8670e790
q8555209c,d8d5bdce0
q8555209c,d8863d148
q8555209c,d8f49187e
q8238d340,d8968e132
q8238d340,d871f3354
q8238d340,d86eac52e
q8238d340,d819100c0
q8238d340,d8b369f0e
q8238d340,d8a7c2570
q8238d340,d893094c6
q8238d340,d8e817e7c
q8238d340,d812cfb3e
q8238d340,d893d3622
q8309ecd2,d86b7c1a6
q8309ecd2,d8e503dee
q8309ecd2,d889d03fa
q8309ecd2,d8f91441e
q8309ecd2,d8f8389e6
q8309ecd2,d8d2b2d84
q8309ecd2,d825b9a24
q8309ecd2,d87ccfda4
q8309ecd2,d8bfe6052
q8309ecd2,d8bf79894
q82954f30,d8aff4fc2
q82954f30,d87397ef8
q82954f30,d8ca743a2
q82954f30,d8880226c
q82954f30,d8c9261a8
q82954f30,d8d059646
q82954f30,d8f67cc1a
q82954f30,d886d0ab0
q82954f30,d8794db5e
q82954f30,d82267b64
q82614f00,d8b976050
q82614f00,d8ef0c4c6
q82614f00,d89c3809c
q82614f00,d82615108
q82614f00,d8a49a168
q82614f00,d8e316d06
q82614f00,d89ca887e
q82614f00,d8f238bb8
q82614f00,d8240078c
q82614f00,d80ee27b0
q82def450,d82def72a
q82def450,d8cea64de
q82def450,d8e3a8fc6
q82def450,d8c5e0480
q82def450,d89028824
q82def450,d825e6c7c
q82def450,d8aaf85d2
q82def450,d88d9ab7a
q82def450,d8ba5aae8
q82def450,d882b604c
q8112818c,d815cd25a
q8112818c,d81180850
q8112818c,d8d6f44b0
q8112818c,d8775a568
q8112818c,d88540312
q8112818c,d8619f7c8
q8112818c,d811284de
q8112818c,d8d1ead7a
q8112818c,d87cadb64
q8112818c,d871ce4b4
q81baf628,d8f80573a
q81baf628,d86f5ca32
q81baf628,d89504c4e
q81baf628,d89e1e73a
q81baf628,d8b805004
q81baf628,d8ed6db24
q81baf628,d8c594a30
q81baf628,d897d09a0
q81baf628,d8f536cd4
q81baf628,d8876a08e
q83818904,d8a714042
q83818904,d878d600e
q83818904,d8b8bf080
q83818904,d8cf80d14
q83818904,d8833c03e
q83818904,d88453c88
q83818904,d8f36ba76
q83818904,d863aba62
q83818904,d88aec8ec
q83818904,d8c182e2e
q82ca7a16,d82cf6990
q82ca7a16,d8f29f732
q82ca7a16,d8e586726
q82ca7a16,d899c58c8
q82ca7a16,d8f55a6f2
q82ca7a16,d8754940e
q82ca7a16,d85de8c9c
q82ca7a16,d8b6dda46
q82ca7a16,d8d43dc6c
q82ca7a16,d8f6b5aba
q835e1cda,d82a3a576
q835e1cda,d89794072
q835e1cda,d8f508f28
q835e1cda,d885f4164
q835e1cda,d88d47cfe
q835e1cda,d870f47fa
q835e1cda,d824fce4c
q835e1cda,d892da8e2
q835e1cda,d8a0d6e78
q835e1cda,d8619483c
q82806e08,d8617c8d6
q82806e08,d8bd86d98
q82806e08,d8bd86dfc
q82806e08,d8d70d2d0
q82806e08,d8ca03418
q82806e08,d8f70d54e
q82806e08,d889bcb3e
q82806e08,d8dbcea4e
q82806e08,d8aff4fc2
q82806e08,d8cc34124
q842f82de,d815115be
q842f82de,d8151164a
q842f82de,d8bfb33b4
q842f82de,d8ee8cf64
q842f82de,d86d96f72
q842f82de,d8d312950
q842f82de,d8cf74208
q842f82de,d8b8b1c28
q842f82de,d829eda8c
q842f82de,d8873b054
q831774ce,d830e4e3a
q831774ce,d8f5489f2
q831774ce,d88453c88
q831774ce,d863d9868
q831774ce,d86f92b82
q831774ce,d86b4c1a4
q831774ce,d8ad23a3c
q831774ce,d81ca2cec
q831774ce,d8ef54c26
q831774ce,d8e8a65c8
q846a7bb4,d8e16ff66
q846a7bb4,d81694f62
q846a7bb4,d88a37aaa
q846a7bb4,d8c70843e
q846a7bb4,d8a2e98c8
q846a7bb4,d87940364
q846a7bb4,d8f29f732
q846a7bb4,d8bdb736c
q846a7bb4,d8b6dda46
q846a7bb4,d85f42f48
q844c5b20,d87e41c6e
q844c5b20,d8e879730
q844c5b20,d82ba7170
q844c5b20,d86e1fa0c
q844c5b20,d865ee43c
q844c5b20,d8c2352cc
q844c5b20,d8c8fc2fe
q844c5b20,d8c397df4
q844c5b20,d8c4fa7f0
q844c5b20,d8a925b1a
q81a6aea2,d81a6af56
q81a6aea2,d8ccee808
q81a6aea2,d86e7a89e
q81a6aea2,d8da14992
q81a6aea2,d8ef26d76
q81a6aea2,d863c221c
q81a6aea2,d89028824
q81a6aea2,d8b4c1afa
q81a6aea2,d88877580
q81a6aea2,d8c70843e
q8557bdf2,d8c3f3a28
q8557bdf2,d8f68a388
q8557bdf2,d8366a0b2
q8557bdf2,d8366a242
q8557bdf2,d8ef0c660
q8557bdf2,d88e7c8a4
q8557bdf2,d8b8a59c8
q8557bdf2,d8cb1d7cc
q8557bdf2,d877c9ddc
q8557bdf2,d8a7b5e88
q85cbaa32,d838d6698
q85cbaa32,d86c04ce0
q85cbaa32,d892f2636
q85cbaa32,d8a813a56
q85cbaa32,d8e99e4a8
q85cbaa32,d87817fe6
q85cbaa32,d8ad23c6c
q85cbaa32,d8f36b8be
q85cbaa32,d8d1200a2
q85cbaa32,d8ba5aae8
q852b7a62,d8616f532
q852b7a62,d8c2d5ef2
q852b7a62,d80f0a972
q852b7a62,d8616f5a0
q852b7a62,d80f0aa58
q852b7a62,d8e1f7394
q852b7a62,d8e579fda
q852b7a62,d80f0a8e6
q852b7a62,d8861efb8
q852b7a62,d8c05c158
q81a04d64,d8823b360
q81a04d64,d862d1d4e
q81a04d64,d8c1ec220
q81a04d64,d8823b2f2
q81a04d64,d8e350e8e
q81a04d64,d8c9cf758
q81a04d64,d85f42ffc
q81a04d64,d8880226c
q81a04d64,d8c692b08
q81a04d64,d85f42f98
q8594e628,d867a35c0
q8594e628,d80ee26ca
q8594e628,d8883c07a
q8594e628,d86f84a50
q8594e628,d837becce
q8594e628,d891c6e56
q8594e628,d86481bd0
q8594e628,d8803866c
q8594e628,d8df5ff96
q8594e628,d89f86a50
q857834c4,d85173926
q857834c4,d8a355848
q857834c4,d89fa912c
q857834c4,d862005a0
q857834c4,d8808fac0
q857834c4,d8612db46
q857834c4,d8170ca8a
q857834c4,d8d5a12a2
q857834c4,d8e4b36e6
q857834c4,d8e9467c6
q8279f0a0,d8ea5b13e
q8279f0a0,d8b39b2a2
q8279f0a0,d8f44f76c
q8279f0a0,d8ee11ce2
q8279f0a0,d8d34d88e
q8279f0a0,d8e3b4006
q8279f0a0,d8a2da2c4
q8279f0a0,d8a8e996c
q8279f0a0,d87b64280
q8279f0a0,d861e3a54
q8299c632,d81ce4372
q8299c632,d86f848f2
q8299c632,d86f5c974
q8299c632,d89504b2c
q8299c632,d8c210daa
q8299c632,d87adb16a
q8299c632,d842c8dd6
q8299c632,d89913416
q8299c632,d86200604
q8299c632,d86b9708c
q82e4ee32,d8bb24a96
q82e4ee32,d8c6a6f18
q82e4ee32,d8876a08e
q82e4ee32,d895bc588
q82e4ee32,d87abdaf2
q82e4ee32,d8afbdd10
q82e4ee32,d89348c48
q82e4ee32,d8ee8cf64
q82e4ee32,d8aa2d9e0
q82e4ee32,d8ef0c4c6
q81ad2480,d8edceb4a
q81ad2480,d8edcebea
q81ad2480,d8e2263e2
q81ad2480,d87dd6cd4
q81ad2480,d88791ec2
q81ad2480,d8dd216d0
q81ad2480,d8bcb8524
q81ad2480,d8a3d474c
q81ad2480,d8c1a899e
q81ad2480,d882f9ee6
q817bbdbe,d8b54696c
q817bbdbe,d8b546926
q817bbdbe,d817bc0a2
q817bbdbe,d86a78890
q817bbdbe,d894a3be2
q817bbdbe,d8642a416
q817bbdbe,d8f304088
q817bbdbe,d8e4936fc
q817bbdbe,d861c8bdc
q817bbdbe,d8185cc32
q831be112,d810b78b0
q831be112,d810b77fc
q831be112,d8e3d6a48
q831be112,d8eabdf96
q831be112,d816dc65a
q831be112,d816dc6dc
q831be112,d8e06a080
q831be112,d8dd8d3f8
q831be112,d879b9bb0
q831be112,d8bc3a250
q827f3af6,d82a93c34
q827f3af6,d8d3ef710
q827f3af6,d89774704
q827f3af6,d8cccba38
q827f3af6,d81e7a466
q827f3af6,d87290578
q827f3af6,d89abe2ca
q827f3af6,d88d9aa8a
q827f3af6,d8f04829a
q827f3af6,d898ab28a
q81f01e20,d8c791310
q81f01e20,d8e01a742
q81f01e20,d8d99831a
q81f01e20,d8d4d279a
q81f01e20,d8ba76400
q81f01e20,d877bddc0
q81f01e20,d8b7c2e20
q81f01e20,d814987e0
q81f01e20,d8a894b7e
q81f01e20,d8a67f3e8
q85a830f2,d81e7a466
q85a830f2,d894f010e
q85a830f2,d8855e02e
q85a830f2,d86439d08
q85a830f2,d8ae2da90
q85a830f2,d8b5dcbec
q85a830f2,d8f5bea8a
q85a830f2,d89abe2ca
q85a830f2,d8b3fe500
q85a830f2,d8bcea2f4
q81328eaa,d88e6be8c
q81328eaa,d8b6a56a0
q81328eaa,d8e605f9e
q81328eaa,d88975806
q81328eaa,d81a5d6d0
q81328eaa,d89e8cf46
q81328eaa,d81329094
q81328eaa,d837f60d4
q81328eaa,d8e79b638
q81328eaa,d885114f4
q83406528,d8a854452
q83406528,d88362c02
q83406528,d8c00c0c2
q83406528,d867a3714
q83406528,d8c504c32
q83406528,d8f01670e
q83406528,d890ea7e4
q83406528,d8e84a91c
q83406528,d8caae958
q83406528,d8d1c5dae
q81ffb65a,d86261d96
q81ffb65a,d8b3b77b8
q81ffb65a,d8c8c188e
q81ffb65a,d8a751ec4
q81ffb65a,d87a08abc
q81ffb65a,d8a606aec
q81ffb65a,d896d2e86
q81ffb65a,d8ed3193a
q81ffb65a,d8bf90de6
q81ffb65a,d8239fbee
q813a3eca,d813a41c2
q813a3eca,d813a4104
q813a3eca,d862f0a82
q813a3eca,d88d47b96
q813a3eca,d8c773afe
q813a3eca,d8df72a10
q813a3eca,d8ca47da2
q813a3eca,d8e4cc006
q813a3eca,d8b34cdc8
q813a3eca,d8809f9c0
q81b7d362,d8c692bda
q81b7d362,d8c7d2c0c
q81b7d362,d877f3808
q81b7d362,d8b4b048a
q81b7d362,d81c799fa
q81b7d362,d8c00c054
q81b7d362,d8d3c5618
q81b7d362,d83374362
q81b7d362,d876fa082
q81b7d362,d86d4d87c
q84c48bea,d8c812fdc
q84c48bea,d8666bb44
q84c48bea,d81452196
q84c48bea,d8673d5c2
q84c48bea,d8a103658
q84c48bea,d81452222
q84c48bea,d8ea20ebc
q84c48bea,d8f1fec92
q84c48bea,d8aacbaaa
q84c48bea,d80f34e2a
q83e62fc6,d81cc5a80
q83e62fc6,d8977495c
q83e62fc6,d81cc5b7a
q83e62fc6,d8ce91e6c
q83e62fc6,d87207fd4
q83e62fc6,d885b6350
q83e62fc6,d8977490c
q83e62fc6,d829d9b5e
q83e62fc6,d8d624954
q83e62fc6,d829d9bae
q8496d89e,d862c3e24
q8496d89e,d88a4a2e0
q8496d89e,d85fbdcd4
q8496d89e,d8364bba8
q8496d89e,d886784be
q8496d89e,d8a3e1adc
q8496d89e,d8f3a740e
q8496d89e,d8def8148
q8496d89e,d86bc28c2
q8496d89e,d8f3fd5c0
q81fb02cc,d81cd677c
q81fb02cc,d8ec131ca
q81fb02cc,d8c56f168
q81fb02cc,d81cd672c
q81fb02cc,d8e2645b6
q81fb02cc,d88908fda
q81fb02cc,d87dc6960
q81fb02cc,d8d43dab4
q81fb02cc,d886a0fd6
q81fb02cc,d86155baa
q81e13324,d818bcd58
q81e13324,d8177aaf8
q81e13324,d880b06f8
q81e13324,d8bb576a8
q81e13324,d8c170698
q81e13324,d8c554ff2
q81e13324,d82f20b58
q81e13324,d89f703e0
q81e13324,d8a813af6
q81e13324,d8c528556
q8135b094,d8adb2c82
q8135b094,d8a3e1b9a
q8135b094,d87e41e08
q8135b094,d88b068e6
q8135b094,d8a51080e
q8135b094,d8bc0f550
q8135b094,d8d3c5654
q8135b094,d897ab2e0
q8135b094,d8ca88370
q8135b094,d87fc1d1e
q81621f8a,d88791c74
q81621f8a,d855e743a
q81621f8a,d8c6a6fae
q81621f8a,d8e7eb868
q81621f8a,d85fc68ac
q81621f8a,d8e8eef94
q81621f8a,d8a73efea
q81621f8a,d8d43dbb8
q81621f8a,d88bf532e
q81621f8a,d8ebf38c0
q84e0b432,d8ea5b13e
q84e0b432,d891980e2
q84e0b432,d87b64280
q84e0b432,d89c3825e
q84e0b432,d8ee11ce2
q84e0b432,d88791ec2
q84e0b432,d8bf0d6f8
q84e0b432,d8e47c16e
q84e0b432,d8753470c
q84e0b432,d8d772824
q846bd810,d8c5aa2cc
q846bd810,d8d20b8b8
q846bd810,d87de6e90
q846bd810,d814d93bc
q846bd810,d86dbb3cc
q846bd810,d8a3913c0
q846bd810,d8f3a7256
q846bd810,d8c2d5ea2
q846bd810,d8b0a1ef2
q846bd810,d8cd34a38
q83064186,d878ee41a
q83064186,d89d740d2
q83064186,d878829ae
q83064186,d8ae38eae
q83064186,d8843b1ec
q83064186,d89d5bad2
q83064186,d8cbcc146
q83064186,d8292c544
q83064186,d821eba82
q83064186,d888dafea
q84f7717c,d86fbfb82
q84f7717c,d8e80f754
q84f7717c,d8df988fa
q84f7717c,d8ee11ce2
q84f7717c,d8afe3ef2
q84f7717c,d88212b04
q84f7717c,d872a64ea
q84f7717c,d8bec3d96
q84f7717c,d8afe3ea2
q84f7717c,d8f44f76c
q83deb16a,d88ac73bc
q83deb16a,d89b24318
q83deb16a,d87b7026a
q83deb16a,d8c23f8da
q83deb16a,d811d0e9a
q83deb16a,d8e903c50
q83deb16a,d8d0c3578
q83deb16a,d85eb42c0
q83deb16a,d8f44f76c
q83deb16a,d8870b548
q81b48752,d81b48892
q81b48752,d870a76bc
q81b48752,d8ba12d6a
q81b48752,d81b4890a
q81b48752,d8e37ec44
q81b48752,d8c75e2f8
q81b48752,d8c043a5e
q81b48752,d8a8410fa
q81b48752,d8d03917a
q81b48752,d8e0598d4
q858f9b64,d8bcea2f4
q858f9b64,d8dce4fa0
q858f9b64,d86d4d87c
q858f9b64,d8609ee82
q858f9b64,d810a537c
q858f9b64,d8cd216fe
q858f9b64,d8d319318
q858f9b64,d8ba12cac
q858f9b64,d8afd3bba
q858f9b64,d894f010e
q85627260,d8e2cfa6e
q85627260,d8b901c14
q85627260,d83c8adf2
q85627260,d87b3591c
q85627260,d8988f558
q85627260,d87b0fc6c
q85627260,d8aa0443c
q85627260,d89774704
q85627260,d87d352da
q85627260,d89f12e48
q81c6c3c2,d81a5d6d0
q81c6c3c2,d8e605f9e
q81c6c3c2,d88975806
q81c6c3c2,d81329094
q81c6c3c2,d88e6be8c
q81c6c3c2,d8b6a56a0
q81c6c3c2,d837f60d4
q81c6c3c2,d885114f4
q81c6c3c2,d89e8cf46
q81c6c3c2,d88975856
q85b2aaf0,d862d1cfe
q85b2aaf0,d8823b2a2
q85b2aaf0,d8823b1a8
q85b2aaf0,d8cc44a56
q85b2aaf0,d8cbe89fe
q85b2aaf0,d8327a81c
q85b2aaf0,d8c210e72
q85b2aaf0,d89d22c64
q85b2aaf0,d879a9c74
q85b2aaf0,d86389f84
q83630e34,d8894d478
q83630e34,d8130c840
q83630e34,d8857920c
q83630e34,d871195e6
q83630e34,d89018294
q83630e34,d8d0737d0
q83630e34,d8716714c
q83630e34,d8ecca1ae
q83630e34,d8d43dbb8
q83630e34,d899481ac
q82a8646c,d82441d18
q82a8646c,d82441a20
q82a8646c,d8c5e0304
q82a8646c,d8ab68fd0
q82a8646c,d8b6a5556
q82a8646c,d87abd8fe
q82a8646c,d866ce2a8
q82a8646c,d8883c07a
q82a8646c,d8e757f64
q82a8646c,d88cf8c44
q830e4cb4,d830e4e3a
q830e4cb4,d863d9868
q830e4cb4,d8b7d5002
q830e4cb4,d83b5a090
q830e4cb4,d8e2dc6e2
q830e4cb4,d83b5a036
q830e4cb4,d8a27a590
q830e4cb4,d86617314
q830e4cb4,d8f44f76c
q830e4cb4,d85fa1fac
q8137ea08,d811fbfc8
q8137ea08,d85d720ec
q8137ea08,d889169f0
q8137ea08,d8ddd9334
q8137ea08,d8da9f876
q8137ea08,d8cdc72c0
q8137ea08,d890288e2
q8137ea08,d88995aa2
q8137ea08,d8da9f902
q8137ea08,d842dcd9a
q85601100,d8185ccc8
q85601100,d88a4a236
q85601100,d8836bee2
q85601100,d873efd9c
q85601100,d8836be7e
q85601100,d86200672
q85601100,d8f536cd4
q85601100,d8ba12d6a
q85601100,d8b0312a6
q85601100,d8f790b6a
q852613f6,d8d2b2df2
q852613f6,d88d9ab7a
q852613f6,d8775a48c
q852613f6,d89348c16
q852613f6,d881a7aa2
q852613f6,d828a5abc
q852613f6,d897bc81a
q852613f6,d8b804eba
q852613f6,d8637aade
q852613f6,d86b5f1b4
q8292c274,d8292c3fa
q8292c274,d888b59ac
q8292c274,d8b50519c
q8292c274,d8c182e2e
q8292c274,d8dcbef62
q8292c274,d8b20367e
q8292c274,d8861f0c6
q8292c274,d89a57034
q8292c274,d827ba5b2
q8292c274,d87acf130
q851e07e2,d8aba7546
q851e07e2,d8f6b5b3c
q851e07e2,d8ecca05a
q851e07e2,d8a6c7a4e
q851e07e2,d8e879730
q851e07e2,d8181896a
q851e07e2,d81b48964
q851e07e2,d88bf522a
q851e07e2,d88c4afd6
q851e07e2,d8c14bdc0
q82975596,d835c7272
q82975596,d81589686
q82975596,d87dd6cd4
q82975596,d82267aec
q82975596,d8a27a4f0
q82975596,d87b0fbb8
q82975596,d8bcb8358
q82975596,d86e58280
q82975596,d812ed580
q82975596,d8b1ea386
q85224fc8,d812c0cf6
q85224fc8,d8c7c046c
q85224fc8,d869d0744
q85224fc8,d89b7bdb6
q85224fc8,d8927fac8
q85224fc8,d8ec31756
q85224fc8,d880b0662
q85224fc8,d8e3eb88a
q85224fc8,d870f4994
q85224fc8,d85db9dfc
q8185ca48,d8185cd2c
q8185ca48,d8bba365c
q8185ca48,d8ed18c14
q8185ca48,d8373b14e
q8185ca48,d8cf2bd8c
q8185ca48,d866b233c
q8185ca48,d8185cc32
q8185ca48,d85fbdd7e
q8185ca48,d89f07c0a
q8185ca48,d8bc8d11c
q84aff248,d813b9086
q84aff248,d8de7ef50
q84aff248,d82a77b38
q84aff248,d8a4b413a
q84aff248,d8d6e5b22
q84aff248,d8a348f80
q84aff248,d83b5a090
q84aff248,d87c0c1ce
q84aff248,d827ba5b2
q84aff248,d8da8a214
q81ed1eb4,d81b7d574
q81ed1eb4,d8ae623b2
q81ed1eb4,d8ddc6a9a
q81ed1eb4,d8caf3544
q81ed1eb4,d8c408374
q81ed1eb4,d82715832
q81ed1eb4,d87303a32
q81ed1eb4,d8c1ec220
q81ed1eb4,d8a3625c0
q81ed1eb4,d85d724d4
q838615fa,d837f6070
q838615fa,d86d1648a
q838615fa,d8693f46a
q838615fa,d89cb9b42
q838615fa,d8646ec42
q838615fa,d8196f46c
q838615fa,d8cd9d5c4
q838615fa,d8cfea156
q838615fa,d89c035f4
q838615fa,d89678440
q8330ab74,d878d600e
q8330ab74,d8a714042
q8330ab74,d8d2c9b06
q8330ab74,d8a3ffc26
q8330ab74,d8dd133e6
q8330ab74,d89a8e796
q8330ab74,d8b804eba
q8330ab74,d89f60c42
q8330ab74,d8ae624b6
q8330ab74,d82787b30
q84b195a8,d8f68a388
q84b195a8,d88e7c8a4
q84b195a8,d8cb1d7cc
q84b195a8,d8a7b5e88
q84b195a8,d8165903e
q84b195a8,d8ef0c660
q84b195a8,d8192290a
q84b195a8,d8e7cc878
q84b195a8,d877c9ddc
q84b195a8,d88f63b28
q83701958,d871193d4
q83701958,d812cfc10
q83701958,d8b044536
q83701958,d8e29de60
q83701958,d8140c1d2
q83701958,d8b044586
q83701958,d88244cee
q83701958,d89d0af88
q83701958,d896ad30c
q83701958,d8b5b92be
q82e0526e,d819e656c
q82e0526e,d8d3fbda8
q82e0526e,d889a7de2
q82e0526e,d815210b8
q82e0526e,d8738a258
q82e0526e,d8c14bcee
q82e0526e,d86887176
q82e0526e,d8afb07e6
q82e0526e,d8822daf8
q82e0526e,d819e64e0
q844b4ad2,d8af8ab0e
q844b4ad2,d8dce4eba
q844b4ad2,d8883c23c
q844b4ad2,d898dda3c
q844b4ad2,d8c37ccb6
q844b4ad2,d86d4d732
q844b4ad2,d8b1ba92e
q844b4ad2,d891f851e
q844b4ad2,d8dde1eb2
q844b4ad2,d8a6c7b70
q81dd8de6,d8e01a742
q81dd8de6,d8e605f9e
q81dd8de6,d81a5d66c
q81dd8de6,d8196f3f4
q81dd8de6,d8aae8b3c
q81dd8de6,d8cf9f3ae
q81dd8de6,d8c30527e
q81dd8de6,d8d4d279a
q81dd8de6,d8ee840ee
q81dd8de6,d889d03b4
q8118067a,d89ac6330
q8118067a,d8995d520
q8118067a,d8d3128d8
q8118067a,d88755ac6
q8118067a,d899fdba6
q8118067a,d843a796e
q8118067a,d8c1a8a84
q8118067a,d8d1db1a4
q8118067a,d82eeda32
q8118067a,d878d600e
q85b65ca4,d827068f0
q85b65ca4,d8a411e08
q85b65ca4,d88c3582a
q85b65ca4,d8bec3d14
q85b65ca4,d82def6b2
q85b65ca4,d8e541aa4
q85b65ca4,d8bef68f4
q85b65ca4,d88f7b976
q85b65ca4,d8143a17c
q85b65ca4,d81252148
q82d7d486,d86c4ff10
q82d7d486,d8ea5b13e
q82d7d486,d8ee11ce2
q82d7d486,d8f44f76c
q82d7d486,d87b7026a
q82d7d486,d83b5a036
q82d7d486,d85eb42c0
q82d7d486,d89c3825e
q82d7d486,d8dbcea9e
q82d7d486,d80ed4f70
q833741dc,d89854f20
q833741dc,d8994804e
q833741dc,d8cbbf6c6
q833741dc,d87e41e08
q833741dc,d87fc1d1e
q833741dc,d8d44bef2
q833741dc,d87f4fdd6
q833741dc,d8200a768
q833741dc,d85ff2d4e
q833741dc,d8b6a5556
q82cf6648,d8d638008
q82cf6648,d87b01f0e
q82cf6648,d810cc7ba
q82cf6648,d8445e704
q82cf6648,d838d65da
q82cf6648,d89b9aab8
q82cf6648,d8c04e634
q82cf6648,d8b0129dc
q82cf6648,d880d3e50
q82cf6648,d823751e6
q832f46d0,d89c7a122
q832f46d0,d8996d7fe
q832f46d0,d8a95ff40
q832f46d0,d8c279896
q832f46d0,d8cb746ee
q832f46d0,d87876bfe
q832f46d0,d8f43c3b0
q832f46d0,d8ee9989a
q832f46d0,d8f6dc49e
q832f46d0,d8af692a6
q84929b12,d86826286
q84929b12,d879032b6
q84929b12,d8b7367e0
q84929b12,d8816fdc8
q84929b12,d88d22e5e
q84929b12,d87c65300
q84929b12,d8e0599ba
q84929b12,d870a787e
q84929b12,d811fbece
q84929b12,d886c170e
q83ae5cae,d81452196
q83ae5cae,d80ed4d18
q83ae5cae,d81f93492
q83ae5cae,d8ec20596
q83ae5cae,d8135b1de
q83ae5cae,d8292c4f4
q83ae5cae,d8dbcea4e
q83ae5cae,d88940a84
q83ae5cae,d868e3d36
q83ae5cae,d89b096f8
q824005e8,d89d96cea
q824005e8,d86481c2a
q824005e8,d8b66f3e8
q824005e8,d8aff4fc2
q824005e8,d8a3edbd4
q824005e8,d8e56c2b8
q824005e8,d82267b64
q824005e8,d8ca743a2
q824005e8,d8e316d06
q824005e8,d89c3809c
q8141e512,d88975806
q8141e512,d898ab2da
q8141e512,d8f6ea382
q8141e512,d8c77398c
q8141e512,d86eac52e
q8141e512,d8dcca04c
q8141e512,d8ddaa28c
q8141e512,d85f8abfe
q8141e512,d8b3c9b16
q8141e512,d8d768298
q8356d650,d815e5c7e
q8356d650,d8d1371e4
q8356d650,d86c4ff10
q8356d650,d8f44f76c
q8356d650,d861e3a54
q8356d650,d8ee11ce2
q8356d650,d8a37d0a0
q8356d650,d86c2ccea
q8356d650,d8d34d88e
q8356d650,d8cea6470
q83795414,d8b9e7f8e
q83795414,d81e74174
q83795414,d81537462
q83795414,d88540362
q83795414,d8e95dcfa
q83795414,d81d04d98
q83795414,d86e1fb56
q83795414,d87e7dfe8
q83795414,d8d914ab0
q83795414,d85fde010
q83f7e374,d8ac57680
q83f7e374,d812ed580
q83f7e374,d8912bd02
q83f7e374,d8f193e56
q83f7e374,d87357542
q83f7e374,d8df6000e
q83f7e374,d884c6b7a
q83f7e374,d8b49cc32
q83f7e374,d87c542e4
q83f7e374,d81e7a3c6
q853121e2,d87b8cb5e
q853121e2,d8c7a8ec0
q853121e2,d88de6fac
q853121e2,d884b7986
q853121e2,d82375240
q853121e2,d86f6bc1c
q853121e2,d8c07e33e
q853121e2,d8232f1aa
q853121e2,d87b8ca78
q853121e2,d8a015962
q85c4c69a,d8c2e44c0
q85c4c69a,d896447d0
q85c4c69a,d8ce2f3a2
q85c4c69a,d89c0de6e
q85c4c69a,d8f43c3b0
q85c4c69a,d884a1460
q85c4c69a,d8f21a834
q85c4c69a,d8c882346
q85c4c69a,d884a1528
q85c4c69a,d86f5c884
q810dcafc,d8ed76530
q810dcafc,d8f82455e
q810dcafc,d8c04e670
q810dcafc,d8a43f59c
q810dcafc,d8b8490b0
q810dcafc,d8889de10
q810dcafc,d8de98252
q810dcafc,d8f3b24c6
q810dcafc,d887e6684
q810dcafc,d8e251812
q859ca02a,d88d15e5c
q859ca02a,d8ca88370
q859ca02a,d893094c6
q859ca02a,d87d57a38
q859ca02a,d8a24280c
q859ca02a,d8cf9f278
q859ca02a,d8808fac0
q859ca02a,d8dd6ac68
q859ca02a,d8ce91f48
q859ca02a,d888b5b50
q838f1d1c,d8aeb4842
q838f1d1c,d8aeb47b6
q838f1d1c,d85fde1dc
q838f1d1c,d8f303f48
q838f1d1c,d8291ab28
q838f1d1c,d8366a472
q838f1d1c,d8d2a59f4
q838f1d1c,d838f1e52
q838f1d1c,d8af8aa5a
q838f1d1c,d8f88988c
q82715706,d8e7fb9ca
q82715706,d82715972
q82715706,d88d5e382
q82715706,d862153a6
q82715706,d8b8275be
q82715706,d870401b0
q82715706,d8cd63d60
q82715706,d8f13f0ea
q82715706,d814a3b68
q82715706,d894cfda0
q820916b4,d871b1dc8
q820916b4,d89d74122
q820916b4,d8a22dc4a
q820916b4,d871e158c
q820916b4,d8e84a91c
q820916b4,d86cacad0
q820916b4,d8a67f3e8
q820916b4,d8dea61ea
q820916b4,d83dd4d5c
q820916b4,d8261505e
q831f9cee,d818189c4
q831f9cee,d8c4c9b32
q831f9cee,d8a994a24
q831f9cee,d8c29a622
q831f9cee,d81818a3c
q831f9cee,d8124330a
q831f9cee,d88f63bfa
q831f9cee,d8f5d5b72
q831f9cee,d88f63b28
q831f9cee,d812c0d78
q82561284,d81e4fb4e
q82561284,d8b642c80
q82561284,d8b1d2632
q82561284,d8f303f48
q82561284,d8cea65ba
q82561284,d838f1e52
q82561284,d8d45d134
q82561284,d892970e2
q82561284,d86c667c4
q82561284,d8ef90988
q851b989a,d85dae664
q851b989a,d8c3f3a28
q851b989a,d8e7eb7c8
q851b989a,d8ab979a2
q851b989a,d88e7c8a4
q851b989a,d877c9ddc
q851b989a,d864c92e6
q851b989a,d8f790a02
q851b989a,d8e26449e
q851b989a,d8d120106
q859f47e4,d86023a66
q859f47e4,d88d34f28
q859f47e4,d8a02a010
q859f47e4,d8d0e7b30
q859f47e4,d8bec3d96
q859f47e4,d87e41e8a
q859f47e4,d872ba0bc
q859f47e4,d83374420
q859f47e4,d8ae815aa
q859f47e4,d8dc9cca0
q813e06ae,d8c981828
q813e06ae,d8ad5a82a
q813e06ae,d87d04158
q813e06ae,d813cd306
q813e06ae,d813cd34c
q813e06ae,d87bfc968
q813e06ae,d8b406610
q813e06ae,d88755be8
q813e06ae,d89b1acf0
q813e06ae,d8a5a332a
q813ebad6,d863f4f6e
q813ebad6,d8b5c2aee
q813ebad6,d8c258f74
q813ebad6,d8aac31b6
q813ebad6,d889757a2
q813ebad6,d8b5f3f9a
q813ebad6,d8e0cdaa4
q813ebad6,d8ed18c64
q813ebad6,d88453c88
q813ebad6,d866fc8a6
q85c3554e,d8ec03e78
q85c3554e,d8a3a4236
q85c3554e,d82ba71d4
q85c3554e,d8291a9de
q85c3554e,d8ddaa322
q85c3554e,d8ba001ce
q85c3554e,d82ba7170
q85c3554e,d87de6e90
q85c3554e,d8f13f0ea
q85c3554e,d87a70afe
q8293450a,d87508ab2
q8293450a,d8646ebe8
q8293450a,d86155a9c
q8293450a,d87d352da
q8293450a,d87dd6c84
q8293450a,d894f00be
q8293450a,d8b477a04
q8293450a,d8e2cfa6e
q8293450a,d8a558244
q8293450a,d8721b066
q81f5dc5c,d8ca88564
q81f5dc5c,d86a4182c
q81f5dc5c,d89b1acf0
q81f5dc5c,d814987e0
q81f5dc5c,d8f6a87b6
q81f5dc5c,d883a3b4e
q81f5dc5c,d8d5dd798
q81f5dc5c,d8d5a132e
q81f5dc5c,d889d03b4
q81f5dc5c,d88a11d46
q8498c0dc,d8cdc72c0
q8498c0dc,d88995aa2
q8498c0dc,d8ddd9334
q8498c0dc,d890288e2
q8498c0dc,d85d720ec
q8498c0dc,d8a813af6
q8498c0dc,d811fbfc8
q8498c0dc,d827068f0
q8498c0dc,d88f7b976
q8498c0dc,d8bb576a8
q85536af4,d880bf112
q85536af4,d87ef4044
q85536af4,d898c4456
q85536af4,d81f93334
q85536af4,d87bac620
q85536af4,d8c258f74
q85536af4,d8c25900a
q85536af4,d8da9f902
q85536af4,d8630ab80
q85536af4,d88020968
q81a42bd2,d815895aa
q81a42bd2,d8f7b6f9a
q81a42bd2,d8c4c9ba0
q81a42bd2,d87809afe
q81a42bd2,d89a9ce54
q81a42bd2,d87c97daa
q81a42bd2,d88ec564e
q81a42bd2,d81a10312
q81a42bd2,d8f058280
q81a42bd2,d867d8d9c
q817d44ae,d817d4666
q817d44ae,d85de8c9c
q817d44ae,d8a4a4320
q817d44ae,d8a4a437a
q817d44ae,d815dda9c
q817d44ae,d85e93d72
q817d44ae,d8f3eb140
q817d44ae,d88000c08
q817d44ae,d828a5b34
q817d44ae,d88ec564e
q814a38fc,d814a3aa0
q814a38fc,d88c78e7c
q814a38fc,d85e0b602
q814a38fc,d8b96327a
q814a38fc,d85e0b4cc
q814a38fc,d80f1990e
q814a38fc,d8cee7b3c
q814a38fc,d8b5692dc
q814a38fc,d8aec2e88
q814a38fc,d8bd97486
q815592a6,d85fff328
q815592a6,d8de10faa
q815592a6,d8b000818
q815592a6,d8aac31b6
q815592a6,d8dbcea4e
q815592a6,d8d4c53e2
q815592a6,d87d810ae
q815592a6,d8d259c84
q815592a6,d886a1080
q815592a6,d8366a242
q82a77912,d8a242708
q82a77912,d8aec2f00
q82a77912,d88dacbc2
q82a77912,d8e0b4d24
q82a77912,d8b414940
q82a77912,d894c31ae
q82a77912,d8857913a
q82a77912,d899c585a
q82a77912,d89e1e898
q82a77912,d8b6cc408
q84f63fc8,d8c70859c
q84f63fc8,d8df6000e
q84f63fc8,d85eb42c0
q84f63fc8,d8caf3788
q84f63fc8,d810dcd4a
q84f63fc8,d8d998220
q84f63fc8,d883b00ce
q84f63fc8,d8d1db1a4
q84f63fc8,d89c1cc52
q84f63fc8,d8f286e62
q83d8e992,d8c33786e
q83d8e992,d880bf112
q83d8e992,d8cf03f76
q83d8e992,d8d43dbb8
q83d8e992,d87817f0a
q83d8e992,d8d6d8e86
q83d8e992,d88fb4e10
q83d8e992,d88f7ba2a
q83d8e992,d87821a96
q83d8e992,d8a751dde
q84dfc8d8,d8f1fec92
q84dfc8d8,d87821a96
q84dfc8d8,d88fc6660
q84dfc8d8,d8bef6944
q84dfc8d8,d88391926
q84dfc8d8,d886d0ab0
q84dfc8d8,d8df06040
q84dfc8d8,d818bcc4a
q84dfc8d8,d85fa207e
q84dfc8d8,d89d96c2c
q84657c4a,d866b233c
q84657c4a,d81a6b028
q84657c4a,d89698772
q84657c4a,d8904be6e
q84657c4a,d810cc698
q84657c4a,d875671b6
q84657c4a,d887559a4
q84657c4a,d8c313220
q84657c4a,d86d88be8
q84657c4a,d8dce4eba
q82b76e4e,d825e6c7c
q82b76e4e,d88ad96fc
q82b76e4e,d8e1f7448
q82b76e4e,d89985dae
q82b76e4e,d8a7306de
q82b76e4e,d8c6316b4
q82b76e4e,d8f340bbe
q82b76e4e,d8e80f7d6
q82b76e4e,d8ebde6be
q82b76e4e,d8e8797da
q85b1cc34,d8a255da8
q85b1cc34,d8cd348e4
q85b1cc34,d8d638008
q85b1cc34,d8c692c84
q85b1cc34,d88daccb2
q85b1cc34,d8bf90c88
q85b1cc34,d89dc25c0
q85b1cc34,d8f6ea382
q85b1cc34,d8992fa26
q85b1cc34,d8ddaa28c
q81755c30,d86c4ff10
q81755c30,d815e5c7e
q81755c30,d8f44f76c
q81755c30,d86c2ccea
q81755c30,d815e5bfc
q81755c30,d8d010900
q81755c30,d8e13459c
q81755c30,d86315378
q81755c30,d8ac9ffa2
q81755c30,d873d5294
q85ab8388,d8316feb8
q85ab8388,d8aea762e
q85ab8388,d86b2f8ec
q85ab8388,d8665d4e0
q85ab8388,d8d1eac30
q85ab8388,d8316fe04
q85ab8388,d8665d454
q85ab8388,d8d1ead7a
q85ab8388,d8d6f44b0
q85ab8388,d811284de
q815e5a4e,d815e5bfc
q815e5a4e,d87f7b49a
q815e5a4e,d861e3a54
q815e5a4e,d8a569ac6
q815e5a4e,d8b06e264
q815e5a4e,d8b06e318
q815e5a4e,d87e2e52e
q815e5a4e,d86efa878
q815e5a4e,d8dea626c
q815e5a4e,d8866b71e
q82b647e4,d8c182e2e
q82b647e4,d880b0662
q82b647e4,d8b93b252
q82b647e4,d870d5e22
q82b647e4,d8d43dab4
q82b647e4,d877e0b04
q82b647e4,d8b1ba92e
q82b647e4,d86c66670
q82b647e4,d8833bf80
q82b647e4,d8cda675a
q82ba7094,d82ba7260
q82ba7094,d87194c28
q82ba7094,d86e6dca2
q82ba7094,d8d259b4e
q82ba7094,d8861f03a
q82ba7094,d8a0f7ab0
q82ba7094,d88f4ee76
q82ba7094,d8ecca0be
q82ba7094,d8130c840
q82ba7094,d8e2396e0
q84479edc,d812c0c38
q84479edc,d880b0662
q84479edc,d87144d0e
q84479edc,d87cdcd38
q84479edc,d8d232a9e
q84479edc,d870d5e22
q84479edc,d8c518e6c
q84479edc,d86c66670
q84479edc,d81bf4296
q84479edc,d869d0744
q84a7c2da,d878d600e
q84a7c2da,d87d8104a
q84a7c2da,d8f66c716
q84a7c2da,d8ac0cb08
q84a7c2da,d8201ba40
q84a7c2da,d8833bf80
q84a7c2da,d881a7aa2
q84a7c2da,d8861f0c6
q84a7c2da,d888b59ac
q84a7c2da,d8aaf86c2
q83c1d5fe,d880b0662
q83c1d5fe,d8366a4b8
q83c1d5fe,d85fa20c4
q83c1d5fe,d8ca63caa
q83c1d5fe,d8e2645b6
q83c1d5fe,d8f38c2e4
q83c1d5fe,d8bd1789e
q83c1d5fe,d8c408374
q83c1d5fe,d8ac0cb08
q83c1d5fe,d8903835a
q823ada82,d881e206c
q823ada82,d86f5ca32
q823ada82,d8816387a
q823ada82,d8738a1d6
q823ada82,d88163758
q823ada82,d8a3a4236
q823ada82,d87c0c0e8
q823ada82,d8ac4107e
q823ada82,d8dbcea4e
q823ada82,d8a223380
q83789aba,d82ba7260
q83789aba,d8adb2cd2
q83789aba,d8a0f7ab0
q83789aba,d8d24b238
q83789aba,d86e6dca2
q83789aba,d83b9f4b0
q83789aba,d8861f03a
q83789aba,d8c8410c6
q83789aba,d873acbf0
q83789aba,d81bf41ec
q824c1b1c,d8c66ff2c
q824c1b1c,d881d1a28
q824c1b1c,d8ea8bdd4
q824c1b1c,d8800fcd0
q824c1b1c,d8da14866
q824c1b1c,d87397e30
q824c1b1c,d883b0038
q824c1b1c,d883f9472
q824c1b1c,d89e5442a
q824c1b1c,d873fed10
q8224dd2c,d864b4e9a
q8224dd2c,d82375240
q8224dd2c,d8f4e109a
q8224dd2c,d8bcb8524
q8224dd2c,d8786d19e
q8224dd2c,d896448e8
q8224dd2c,d870688d6
q8224dd2c,d8cea65ba
q8224dd2c,d86261d96
q8224dd2c,d89381f7a
q825e6902,d825e6a42
q825e6902,d825e6b32
q825e6902,d8a54c53e
q825e6902,d8b5b90b6
q825e6902,d8b8bf080
q825e6902,d8dbf2f7a
q825e6902,d860c5168
q825e6902,d8b86597c
q825e6902,d872e4146
q825e6902,d87c97d64
q843a7680,d8932b904
q843a7680,d867cd2e4
q843a7680,d8cf9f4a8
q843a7680,d896447d0
q843a7680,d88a9c4aa
q843a7680,d894aff28
q843a7680,d8f5af404
q843a7680,d8e3bfc26
q843a7680,d8202fb8a
q843a7680,d8269a218
q81658e0e,d8a312660
q81658e0e,d81d75aca
q81658e0e,d8cf9f278
q81658e0e,d81d75c5a
q81658e0e,d89788e98
q81658e0e,d8dd8d646
q81658e0e,d87aa37b0
q81658e0e,d8e47c1e6
q81658e0e,d81658f8a
q81658e0e,d8ec82156
q83ccbc6c,d80f34cfe
q83ccbc6c,d891f856e
q83ccbc6c,d86155c04
q83ccbc6c,d864447f8
q83ccbc6c,d899fdb2e
q83ccbc6c,d89a57034
q83ccbc6c,d866fc838
q83ccbc6c,d8c1b42bc
q83ccbc6c,d88283fde
q83ccbc6c,d8962985e
q82b95e3e,d87a08abc
q82b95e3e,d8bf90de6
q82b95e3e,d8a751ec4
q82b95e3e,d8ed3193a
q82b95e3e,d86261d96
q82b95e3e,d8f4d54a2
q82b95e3e,d8d3127de
q82b95e3e,d88dbe67e
q82b95e3e,d8239fbee
q82b95e3e,d8c8c188e
q84ccfd52,d810b77fc
q84ccfd52,d816dc6dc
q84ccfd52,d8642a358
q84ccfd52,d8f1feb2a
q84ccfd52,d810b78b0
q84ccfd52,d8a994ab0
q84ccfd52,d8c518f0c
q84ccfd52,d8de9836a
q84ccfd52,d88c35780
q84ccfd52,d80f19a44
q815f474c,d882b615a
q815f474c,d815f4936
q815f474c,d8d8c155e
q815f474c,d89aed354
q815f474c,d89813bc4
q815f474c,d8b378806
q815f474c,d8d90416a
q815f474c,d8202fd42
q815f474c,d86081ad0
q815f474c,d87adb1ba
q813f92c6,d89c7a082
q813f92c6,d882b615a
q813f92c6,d8d7837e6
q813f92c6,d86b7c0fc
q813f92c6,d88100b3a
q813f92c6,d8ef26d76
q813f92c6,d87f8a3e6
q813f92c6,d82729ada
q813f92c6,d8ba12d6a
q813f92c6,d86a41714
q85b4b5f2,d8a7893f6
q85b4b5f2,d8f8bc7fa
q85b4b5f2,d8cd9d5c4
q85b4b5f2,d89678440
q85b4b5f2,d897bc70c
q85b4b5f2,d837f6070
q85b4b5f2,d8d09a312
q85b4b5f2,d8646ec42
q85b4b5f2,d89cb9b42
q85b4b5f2,d8f0947da
q84ee81ac,d8663c07e
q84ee81ac,d8b1d274a
q84ee81ac,d86c66670
q84ee81ac,d867d8cfc
q84ee81ac,d8a0158ae
q84ee81ac,d889e4cf6
q84ee81ac,d8ad23a3c
q84ee81ac,d8a854326
q84ee81ac,d8ed989c8
q84ee81ac,d8bc5c4a4
q857f863e,d8707877c
q857f863e,d88a4a1e6
q857f863e,d8d1eaadc
q857f863e,d87b8cb5e
q857f863e,d85e0b580
q857f863e,d87c0c0e8
q857f863e,d8291a9de
q857f863e,d8a5d64c8
q857f863e,d8a321a7a
q857f863e,d8b4c18b6
q84e42a22,d8204017e
q84e42a22,d8a626afe
q84e42a22,d8c59d644
q84e42a22,d881d1a28
q84e42a22,d87397d9a
q84e42a22,d8f4eda8e
q84e42a22,d8623d036
q84e42a22,d878828b4
q84e42a22,d82267b64
q84e42a22,d89e993f4
q856a557a,d8609ed92
q856a557a,d833d3f60
q856a557a,d8ba20d84
q856a557a,d89cfc474
q856a557a,d88ac73bc
q856a557a,d87befc36
q856a557a,d87528bdc
q856a557a,d868d9610
q856a557a,d8f6dc39a
q856a557a,d87528ca4
q8578f08a,d8b962fa0
q8578f08a,d8bf90d82
q8578f08a,d87f5cb94
q8578f08a,d8bb12a4e
q8578f08a,d8c07e208
q8578f08a,d87d2d792
q8578f08a,d88c9d498
q8578f08a,d8cd01188
q8578f08a,d89498bc0
q8578f08a,d8870b502
q81dfb1fc,d8b024920
q81dfb1fc,d8f40b580
q81dfb1fc,d8f40b4f4
q81dfb1fc,d8b0249d4
q81dfb1fc,d86d9ff82
q81dfb1fc,d8bc6e4e2
q81dfb1fc,d89985dae
q81dfb1fc,d81bc4cbc
q81dfb1fc,d81251f9a
q81dfb1fc,d88e0d60c
q8575d724,d86d4d87c
q8575d724,d83ac8726
q8575d724,d8d2b2df2
q8575d724,d876fa082
q8575d724,d8c00c054
q8575d724,d83ac86e0
q8575d724,d86d88d50
q8575d724,d8d64e646
q8575d724,d8ce7fc30
q8575d724,d889a7e78
q839bdb2e,d82267b64
q839bdb2e,d87397ef8
q839bdb2e,d87e7dfe8
q839bdb2e,d8b66f3e8
q839bdb2e,d89c3809c
q839bdb2e,d8dbcea4e
q839bdb2e,d8e316d06
q839bdb2e,d8ca743a2
q839bdb2e,d872e41f0
q839bdb2e,d8c9261a8
q82c77ef6,d8181896a
q82c77ef6,d8673d5c2
q82c77ef6,d8670e88a
q82c77ef6,d81452222
q82c77ef6,d80f34e2a
q82c77ef6,d8b97f092
q82c77ef6,d8c66ff9a
q82c77ef6,d8d0d51a6
q82c77ef6,d8dacbdae
q82c77ef6,d8e881796
q82824750,d882e5842
q82824750,d815f4936
q82824750,d8d8c155e
q82824750,d8202fd42
q82824750,d87adb1ba
q82824750,d8202fdb0
q82824750,d89813bc4
q82824750,d8b3886c0
q82824750,d89aed354
q82824750,d8b378806
q83141e00,d8ec131ca
q83141e00,d8df3f912
q83141e00,d881b3456
q83141e00,d8c56f168
q83141e00,d87b4decc
q83141e00,d86155baa
q83141e00,d8d757588
q83141e00,d86afc2d0
q83141e00,d8da5bee6
q83141e00,d825e6b96
q839de626,d831eaf0a
q839de626,d88791ec2
q839de626,d8aa1de78
q839de626,d85f2a150
q839de626,d8f8d6920
q839de626,d8b1ea386
q839de626,d8cfea05c
q839de626,d8a27a4f0
q839de626,d8663c07e
q839de626,d86617314
q833d3cb8,d8e75807c
q833d3cb8,d89151e12
q833d3cb8,d8dbe58e8
q833d3cb8,d8c0cb1a2
q833d3cb8,d89392eec
q833d3cb8,d843a7acc
q833d3cb8,d894cfda0
q833d3cb8,d8f1c990c
q833d3cb8,d8191002a
q833d3cb8,d88020968
q84747074,d81907196
q84747074,d8dd216d0
q84747074,d87290578
q84747074,d88e0d5c6
q84747074,d86bc2a48
q84747074,d87b0fc6c
q84747074,d8e2cfa6e
q84747074,d89c6ba6e
q84747074,d8bfcceea
q84747074,d8bf90bfc
q825f6758,d8de399d2
q825f6758,d81180850
q825f6758,d88540362
q825f6758,d8aa80316
q825f6758,d826da6d8
q825f6758,d88882868
q825f6758,d8d9041e2
q825f6758,d8c66fe96
q825f6758,d815cd1ec
q825f6758,d885b63be
q83741de6,d8996d98e
q83741de6,d86a78890
q83741de6,d87920366
q83741de6,d88e580da
q83741de6,d8c7913ce
q83741de6,d86d241ac
q83741de6,d8ea983ae
q83741de6,d8dfa1716
q83741de6,d8da9f952
q83741de6,d8267f1c0
q80ed48b8,d80ed4d18
q80ed48b8,d87ea4940
q80ed48b8,d81452196
q80ed48b8,d8292c4f4
q80ed48b8,d8dbcea4e
q80ed48b8,d860c5050
q80ed48b8,d81f93492
q80ed48b8,d82787b30
q80ed48b8,d8135b1de
q80ed48b8,d8ec20596
q81bf3fbc,d81bf41ec
q81bf3fbc,d86e6dca2
q81bf3fbc,d888521fe
q81bf3fbc,d8d259b4e
q81bf3fbc,d8f2f1bfe
q81bf3fbc,d8629a93e
q81bf3fbc,d81447a3e
q81bf3fbc,d8861f03a
q81bf3fbc,d8e86753a
q81bf3fbc,d82ba7260
q835f8944,d8996d98e
q835f8944,d810cc698
q835f8944,d8ea983ae
q835f8944,d88e580da
q835f8944,d86a78890
q835f8944,d8c7913ce
q835f8944,d87920366
q835f8944,d8267f1c0
q835f8944,d8adf5f6e
q835f8944,d86d241ac
q83a9a06a,d8a7c2502
q83a9a06a,d8c773a0e
q83a9a06a,d8b0249d4
q83a9a06a,d82375240
q83a9a06a,d8e903bba
q83a9a06a,d891c6fbe
q83a9a06a,d87ef4044
q83a9a06a,d87a08bde
q83a9a06a,d8dd4ba5c
q83a9a06a,d81da9a50
q84a910ea,d89b1ac78
q84a910ea,d88b068e6
q84a910ea,d884a14d8
q84a910ea,d8afd3a84
q84a910ea,d8e73f1f8
q84a910ea,d8f5e022a
q84a910ea,d893fda26
q84a910ea,d8a51080e
q84a910ea,d87434b5e
q84a910ea,d8abd30d8
q83c12e24,d8b0249d4
q83c12e24,d8f40b580
q83c12e24,d8d2b2ee2
q83c12e24,d8b024920
q83c12e24,d87559110
q83c12e24,d88d9ab7a
q83c12e24,d8f40b4f4
q83c12e24,d8ee34bc0
q83c12e24,d867fd5e8
q83c12e24,d8f8899d6
q817946ba,d813b9086
q817946ba,d8a4b4176
q817946ba,d8a4b413a
q817946ba,d8e8f9f52
q817946ba,d8d4c5388
q817946ba,d89c1cb9e
q817946ba,d896fc65a
q817946ba,d87ee53be
q817946ba,d8832954c
q817946ba,d881552f2
q83adb6b4,d8ae815aa
q83adb6b4,d8ab28c8c
q83adb6b4,d81e688a6
q83adb6b4,d8d8cc8b4
q83adb6b4,d824b7f9a
q83adb6b4,d8dc3a0be
q83adb6b4,d8c2c6ef2
q83adb6b4,d8c38ecf4
q83adb6b4,d8f4c3ca2
q83adb6b4,d8c56f1c2
q83916586,d8aa80474
q83916586,d8721af80
q83916586,d8f238f14
q83916586,d8df5fef6
q83916586,d89cd4c8a
q83916586,d89ed6308
q83916586,d8611713e
q83916586,d8aa80316
q83916586,d8d3ef68e
q83916586,d8c93dce0
q854dade4,d8693f46a
q854dade4,d87a4d2de
q854dade4,d85e2085e
q854dade4,d8ac80968
q854dade4,d8be45e46
q854dade4,d8cd9d5c4
q854dade4,d8196f46c
q854dade4,d89678440
q854dade4,d8eaec896
q854dade4,d897bc70c
q84fcfe76,d8db8ace0
q84fcfe76,d8db8ad80
q84fcfe76,d888b5ad8
q84fcfe76,d8db8ad30
q84fcfe76,d8e18a46a
q84fcfe76,d888b5a88
q84fcfe76,d8e18a424
q84fcfe76,d888b5b50
q84fcfe76,d88453c88
q84fcfe76,d897fcac8
q8110aa4c,d8110ac4a
q8110aa4c,d8adbdc18
q8110aa4c,d8110ad8a
q8110aa4c,d89efb8ec
q8110aa4c,d8140c2d6
q8110aa4c,d87f5cb44
q8110aa4c,d8d5dd70c
q8110aa4c,d8c6d6af6
q8110aa4c,d8187d720
q8110aa4c,d8abb3378
q8325cd44,d89813a16
q8325cd44,d810fb4f2
q8325cd44,d8630ab80
q8325cd44,d816bd994
q8325cd44,d8866b71e
q8325cd44,d87f7b49a
q8325cd44,d82375240
q8325cd44,d8be2ad26
q8325cd44,d8a133498
q8325cd44,d8a9b4ffe
q84d6fd98,d8d6f44b0
q84d6fd98,d811284de
q84d6fd98,d8d1ead7a
q84d6fd98,d86b2f8ec
q84d6fd98,d8316feb8
q84d6fd98,d8dded316
q84d6fd98,d881552f2
q84d6fd98,d8202fb30
q84d6fd98,d8744515c
q84d6fd98,d8d7681ee
q8394d504,d81aa1ba0
q8394d504,d8612d92a
q8394d504,d8729050a
q8394d504,d8e10888e
q8394d504,d8bcea286
q8394d504,d827ba47c
q8394d504,d8a4a437a
q8394d504,d812ed6a2
q8394d504,d8b5f3e32
q8394d504,d8b378806
q81e2db2a,d81bc4c58
q81e2db2a,d81bf41ec
q81e2db2a,d8d9f196a
q81e2db2a,d8f57dfda
q81e2db2a,d889d9d06
q81e2db2a,d88116aca
q81e2db2a,d89f86a50
q81e2db2a,d8e83c72c
q81e2db2a,d85d724d4
q81e2db2a,d87db6da8
q8395cba8,d82bd9e4a
q8395cba8,d8776310e
q8395cba8,d8b5b90b6
q8395cba8,d83427aa2
q8395cba8,d8c043a5e
q8395cba8,d8a64b87c
q8395cba8,d8add2bb8
q8395cba8,d8e0598d4
q8395cba8,d8a54c53e
q8395cba8,d8f5faa08
q8174dbe8,d88cf8d52
q8174dbe8,d86cf709e
q8174dbe8,d889f777a
q8174dbe8,d85de8bf2
q8174dbe8,d8a7b5d0c
q8174dbe8,d8b406610
q8174dbe8,d8cc91a4a
q8174dbe8,d87d6c7a8
q8174dbe8,d86cf710c
q8174dbe8,d8a7b5e1a
q85173688,d8a49a23a
q85173688,d861e38ce
q85173688,d89d96cea
q85173688,d8aeb47b6
q85173688,d861e3928
q85173688,d8d43dab4
q85173688,d8c6c1732
q85173688,d8f1b628a
q85173688,d86df4e88
q85173688,d8b827730
q82548a7c,d865ee43c
q82548a7c,d8e879730
q82548a7c,d86afc294
q82548a7c,d8bd1789e
q82548a7c,d8ca63caa
q82548a7c,d8c2352cc
q82548a7c,d8291aa56
q82548a7c,d8ba001ce
q82548a7c,d8bc63fec
q82548a7c,d88e1c5b2
q83c9a2b6,d878d600e
q83c9a2b6,d81bf4296
q83c9a2b6,d81c286ea
q83c9a2b6,d82d2c978
q83c9a2b6,d8a714042
q83c9a2b6,d85d52cf6
q83c9a2b6,d8e2dc6e2
q83c9a2b6,d8c948406
q83c9a2b6,d8b4e965e
q83c9a2b6,d8dbbb796
q845db7b2,d80f19a44
q845db7b2,d8143a212
q845db7b2,d89007bd8
q845db7b2,d8865d95c
q845db7b2,d822f8178
q845db7b2,d8be2ab8c
q845db7b2,d86abb366
q845db7b2,d8ddaa322
q845db7b2,d88cf8b86
q845db7b2,d8e06a15c
q82e826f6,d825e6b96
q82e826f6,d825e6c7c
q82e826f6,d81e688a6
q82e826f6,d89985dae
q82e826f6,d81e68856
q82e826f6,d8ab28c8c
q82e826f6,d8a7306de
q82e826f6,d8c6316b4
q82e826f6,d8ebde6be
q82e826f6,d8f340bbe
q84596c52,d87abd8fe
q84596c52,d8a8bacf2
q84596c52,d8777edb4
q84596c52,d8d83b594
q84596c52,d86d88d50
q84596c52,d862b5a90
q84596c52,d8e99e660
q84596c52,d8327a74a
q84596c52,d86fbfb82
q84596c52,d8606f0ce
q83608a24,d82bd9e4a
q83608a24,d8776310e
q83608a24,d8b5b90b6
q83608a24,d88a7121e
q83608a24,d890cdc8e
q83608a24,d8add2bb8
q83608a24,d8a54c53e
q83608a24,d8c043a5e
q83608a24,d8e0598d4
q83608a24,d8c981918
q81694e0e,d81694f62
q81694e0e,d8a4eece0
q81694e0e,d8c1c8d48
q81694e0e,d8872d562
q81694e0e,d8832960a
q81694e0e,d89eaf3f2
q81694e0e,d8c948406
q81694e0e,d8e80f6c8
q81694e0e,d869d06a4
q81694e0e,d8a75d4ae
q8334e644,d827745bc
q8334e644,d88995a34
q8334e644,d8ca63d7c
q8334e644,d8177aa80
q8334e644,d8f73def6
q8334e644,d895e2c42
q8334e644,d8745abe2
q8334e644,d8bb576a8
q8334e644,d8c029956
q8334e644,d8f36b8be
q82cb6124,d8f238bb8
q82cb6124,d80ee27b0
q82cb6124,d8e316d06
q82cb6124,d89ca887e
q82cb6124,d8b976050
q82cb6124,d89c3809c
q82cb6124,d81447b6a
q82cb6124,d82615108
q82cb6124,d8ef0c534
q82cb6124,d8e00868c
q83d7cdfa,d8cf80db4
q83d7cdfa,d8aa1de78
q83d7cdfa,d8e82ff9a
q83d7cdfa,d81f21f9a
q83d7cdfa,d81252148
q83d7cdfa,d8cfea05c
q83d7cdfa,d893a24fa
q83d7cdfa,d83b5a036
q83d7cdfa,d8f36b990
q83d7cdfa,d8b406534
q830cceac,d82e9295c
q830cceac,d88cba99e
q830cceac,d82e92a38
q830cceac,d8800fcd0
q830cceac,d8dd011c8
q830cceac,d82e928d0
q830cceac,d875b8dea
q830cceac,d8e4aa564
q830cceac,d838e404a
q830cceac,d8cc44b82
q819b3022,d819b3162
q819b3022,d8abeaa80
q819b3022,d8f767b7a
q819b3022,d8f767b02
q819b3022,d8f238f14
q819b3022,d8e5e58d4
q819b3022,d8738a1d6
q819b3022,d8c975ab4
q819b3022,d8777ee18
q819b3022,d8de5817a
q84ec400e,d8b5f3f04
q84ec400e,d86023a66
q84ec400e,d86338094
q84ec400e,d880b0662
q84ec400e,d898ab1f4
q84ec400e,d8ce2f4d8
q84ec400e,d8ab97966
q84ec400e,d888db120
q84ec400e,d87a08bde
q84ec400e,d8d684db8
q810b75d6,d810b78b0
q810b75d6,d8eabdf96
q810b75d6,d816dc6dc
q810b75d6,d8e4cc006
q810b75d6,d810b77fc
q810b75d6,d8be2ad26
q810b75d6,d8b1ea304
q810b75d6,d896ad30c
q810b75d6,d8adb2ab6
q810b75d6,d8ac4107e
q80f1979c,d80f19ad0
q80f1979c,d8cbb2052
q80f1979c,d80f0a882
q80f1979c,d8a8d00de
q80f1979c,d8b3ef14a
q80f1979c,d8e62f934
q80f1979c,d88e6bf36
q80f1979c,d8e08335a
q80f1979c,d8c9260ea
q80f1979c,d88908fda
q824e9e1e,d897fcac8
q824e9e1e,d88f63bfa
q824e9e1e,d88f63b8c
q824e9e1e,d8c29a622
q824e9e1e,d88f63998
q824e9e1e,d8e7d7746
q824e9e1e,d88453c88
q824e9e1e,d818189c4
q824e9e1e,d8ef0c4c6
q824e9e1e,d8c813126
q858d93f0,d8822db5c
q858d93f0,d8e6fadb4
q858d93f0,d8e02c94c
q858d93f0,d87528d76
q858d93f0,d8b14cdc0
q858d93f0,d8bef6994
q858d93f0,d8c803e42
q858d93f0,d893a23a6
q858d93f0,d8aa2d9e0
q858d93f0,d8e02c992
q846e9500,d837f6070
q846e9500,d87ef4044
q846e9500,d82375240
q846e9500,d87a08bde
q846e9500,d87ea49c2
q846e9500,d8e4cbf8e
q846e9500,d87be6f78
q846e9500,d8753470c
q846e9500,d8b96318a
q846e9500,d8b0a1eac
q85acc7b6,d83ac8726
q85acc7b6,d89854e8a
q85acc7b6,d8d2b2ee2
q85acc7b6,d87559110
q85acc7b6,d8d2b2df2
q85acc7b6,d86d88d50
q85acc7b6,d86d4d87c
q85acc7b6,d88d9ab7a
q85acc7b6,d876fa082
q85acc7b6,d8afd3b1a
q84a39dcc,d8b477a04
q84a39dcc,d83c8ad0c
q84a39dcc,d89e3c726
q84a39dcc,d89fc2cbc
q84a39dcc,d8695f774
q84a39dcc,d842dcf7a
q84a39dcc,d8855e02e
q84a39dcc,d882cca2c
q84a39dcc,d810a537c
q84a39dcc,d88dacb5e
q8202f964,d8202fd42
q8202f964,d86400e4a
q8202f964,d8c7a8ec0
q8202f964,d80ef6dd2
q8202f964,d897fcb2c
q8202f964,d87e7dfe8
q8202f964,d89f12dbc
q8202f964,d878d6072
q8202f964,d8b8bf080
q8202f964,d8b2d5822
q831648ba,d89985e4e
q831648ba,d8ca63caa
q831648ba,d8d0fa4c4
q831648ba,d88a2a9b8
q831648ba,d8ee8ceec
q831648ba,d8c408374
q831648ba,d8d97be9a
q831648ba,d8dd135ee
q831648ba,d88c5dc08
q831648ba,d8f0dc4fe
q82eca4f6,d818bcd58
q82eca4f6,d88df2aa0
q82eca4f6,d8177aaf8
q82eca4f6,d8e95ddfe
q82eca4f6,d8ef60922
q82eca4f6,d89f703e0
q82eca4f6,d8ddc69f0
q82eca4f6,d8a3a41be
q82eca4f6,d8ae9855c
q82eca4f6,d8c528556
q82f0879c,d86a506a6
q82f0879c,d8ab28c3c
q82f0879c,d87dc6960
q82f0879c,d8ab28c8c
q82f0879c,d81e688a6
q82f0879c,d8ab28bf6
q82f0879c,d886a0fd6
q82f0879c,d8825d8e8
q82f0879c,d8ec131ca
q82f0879c,d86afc172
q815c4f74,d8f13f3f6
q815c4f74,d87821a1e
q815c4f74,d8e0b4e82
q815c4f74,d813ebc5c
q815c4f74,d8609ed10
q815c4f74,d8ef60c9c
q815c4f74,d815c529e
q815c4f74,d8c6d6b6e
q815c4f74,d8cc9dfc0
q815c4f74,d8bb684b2
q856f7f3c,d81452196
q856f7f3c,d80ed4d18
q856f7f3c,d8ab10ff6
q856f7f3c,d8c38eeca
q856f7f3c,d8ec20596
q856f7f3c,d883e6d40
q856f7f3c,d8825d7f8
q856f7f3c,d88940a84
q856f7f3c,d8b35fa9a
q856f7f3c,d868c17b8
q8558d53e,d812c0c38
q8558d53e,d8259f318
q8558d53e,d880b0662
q8558d53e,d88bf5298
q8558d53e,d89f86ae6
q8558d53e,d8805ef2e
q8558d53e,d87144d0e
q8558d53e,d89038404
q8558d53e,d8d9f1898
q8558d53e,d87528a92
q81a5d414,d8cd9d542
q81a5d414,d8b7a8d18
q81a5d414,d868871c6
q81a5d414,d837f6002
q81a5d414,d8d40a52e
q81a5d414,d8eaff5c2
q81a5d414,d8f838bc6
q81a5d414,d8f8bc7fa
q81a5d414,d8b4b0674
q81a5d414,d8693f41a
q84d939e6,d8cf03f76
q84d939e6,d87a7e294
q84d939e6,d8c33786e
q84d939e6,d87f7b49a
q84d939e6,d814f5ab2
q84d939e6,d8c6f41fa
q84d939e6,d8dbbb9b2
q84d939e6,d873ac9ac
q84d939e6,d86b4c1a4
q84d939e6,d8cc91932
q8275aab8,d81c28636
q8275aab8,d8bf0d6f8
q8275aab8,d8ba12d6a
q8275aab8,d8de48e46
q8275aab8,d88a7a486
q8275aab8,d8e350d9e
q8275aab8,d8bfe61e2
q8275aab8,d877bddc0
q8275aab8,d8b39b2a2
q8275aab8,d884b7a3a
q8368b294,d8f86df6a
q8368b294,d8d151e68
q8368b294,d8ae38eae
q8368b294,d89d740d2
q8368b294,d86bb7382
q8368b294,d8c56f244
q8368b294,d8de8a26a
q8368b294,d821eba82
q8368b294,d8ad978e2
q8368b294,d8a616bea
q83a81560,d8366a4b8
q83a81560,d818189c4
q83a81560,d8b38862a
q83a81560,d8acffa88
q83a81560,d8806fb62
q83a81560,d8acffae2
q83a81560,d8cea64de
q83a81560,d8202fce8
q83a81560,d8673d5c2
q83a81560,d8e13459c
q83d06268,d898c4456
q83d06268,d8c25900a
q83d06268,d8c258f74
q83d06268,d811fbfc8
q83d06268,d880bf112
q83d06268,d8da9f902
q83d06268,d8a994b0a
q83d06268,d889169f0
q83d06268,d892b089e
q83d06268,d8aacb9ec
q84674e44,d8ce142d2
q84674e44,d8239fc98
q84674e44,d89e28a82
q84674e44,d8e9bc5c0
q84674e44,d8f63a900
q84674e44,d8e64bbca
q84674e44,d8c23539e
q84674e44,d88d47b96
q84674e44,d897d09f0
q84674e44,d8df060ea
q83d346a4,d822356d2
q83d346a4,d8e5e57b2
q83d346a4,d8bbd02e2
q83d346a4,d8ec82156
q83d346a4,d812cfc9c
q83d346a4,d89a14eaa
q83d346a4,d87aa37b0
q83d346a4,d818fa7ca
q83d346a4,d8b054346
q83d346a4,d8a411d90
q83244604,d8f36b990
q83244604,d8143a17c
q83244604,d874df77a
q83244604,d88292138
q83244604,d86f84a50
q83244604,d86b4c1a4
q83244604,d8ca0ff9c
q83244604,d88f63a6a
q83244604,d8b8bf12a
q83244604,d8c1a894e
q83fc49be,d8c3f3a28
q83fc49be,d8e00839e
q83fc49be,d8968e092
q83fc49be,d8b8a59c8
q83fc49be,d8f5e01b2
q83fc49be,d890abf1c
q83fc49be,d8c849834
q83fc49be,d81566618
q83fc49be,d8dfa1806
q83fc49be,d87194ca0
q83f1df74,d8dcf0de6
q83f1df74,d8e11c2a8
q83f1df74,d896ad38e
q83f1df74,d8deebdd0
q83f1df74,d8868278e
q83f1df74,d88d0baba
q83f1df74,d8b54696c
q83f1df74,d8d4156f4
q83f1df74,d80f0a9e0
q83f1df74,d8716714c
q8524fb92,d82990c38
q8524fb92,d8b6a5556
q8524fb92,d8159e28e
q8524fb92,d8b2d57b4
q8524fb92,d8df987ba
q8524fb92,d87a98586
q8524fb92,d87abd8fe
q8524fb92,d8994804e
q8524fb92,d8c14be42
q8524fb92,d8d064866
q81e99668,d8a2a8350
q81e99668,d88995a34
q81e99668,d897e4450
q81e99668,d8bc3a250
q81e99668,d880bf090
q81e99668,d8829b0ee
q81e99668,d85f61f2e
q81e99668,d883919a8
q81e99668,d815e5bfc
q81e99668,d81521180
q85518540,d81d75c5a
q85518540,d81d75aca
q85518540,d8cf9f278
q85518540,d8a312660
q85518540,d8ba001ce
q85518540,d8ec03e78
q85518540,d89788e98
q85518540,d8dc23724
q85518540,d85f361d0
q85518540,d8ad659e6
q84f69ce8,d81b7d574
q84f69ce8,d8f3c1372
q84f69ce8,d815895aa
q84f69ce8,d8caf3544
q84f69ce8,d8c2352cc
q84f69ce8,d86e1fa0c
q84f69ce8,d8ee05a82
q84f69ce8,d8e561610
q84f69ce8,d8caae8c2
q84f69ce8,d8777edb4
q8315483e,d873acb96
q8315483e,d81635922
q8315483e,d864958e2
q8315483e,d89393072
q8315483e,d8c3f3a28
q8315483e,d87d2d792
q8315483e,d86e0ddac
q8315483e,d8806fb62
q8315483e,d8a8d00de
q8315483e,d89477dda
q834a723e,d876fa14a
q834a723e,d86745a1a
q834a723e,d8239fbee
q834a723e,d8b5c2aee
q834a723e,d86ae8398
q834a723e,d8ed3193a
q834a723e,d8c8c188e
q834a723e,d8a0a31cc
q834a723e,d8b7f7422
q834a723e,d8bf90de6
q819acb82,d892f27b2
q819acb82,d87528bdc
q819acb82,d8be614b6
q819acb82,d815dda4c
q819acb82,d8dcdc6d4
q819acb82,d8cc15ef4
q819acb82,d8dcdc814
q819acb82,d8bc1746c
q819acb82,d889a7edc
q819acb82,d8779f424
q8196f2c8,d88e6be8c
q8196f2c8,d8d4983b0
q8196f2c8,d8b6a56a0
q8196f2c8,d8196f3f4
q8196f2c8,d8a67f3e8
q8196f2c8,d892b089e
q8196f2c8,d8e01a742
q8196f2c8,d889d03b4
q8196f2c8,d8d9ffc22
q8196f2c8,d8b7c2e20
q832a542c,d8a242708
q832a542c,d899c585a
q832a542c,d871ce338
q832a542c,d8857913a
q832a542c,d8b414940
q832a542c,d8b6cc408
q832a542c,d8aec2f00
q832a542c,d8738a1d6
q832a542c,d82a77ab6
q832a542c,d8664f82c
q822a8e84,d87eb430e
q822a8e84,d8779f384
q822a8e84,d8a2da198
q822a8e84,d8a8623a4
q822a8e84,d8d259c84
q822a8e84,d86d31078
q822a8e84,d81b364e4
q822a8e84,d884abfe6
q822a8e84,d8a4b4176
q822a8e84,d8777ecf6
q835308a4,d8cd8acbc
q835308a4,d8c07e2bc
q835308a4,d86e9b8aa
q835308a4,d8c043a9a
q835308a4,d8887745e
q835308a4,d8e82ff9a
q835308a4,d869d06a4
q835308a4,d8e1b1dc6
q835308a4,d8ebf3866
q835308a4,d81642b9a
q84bd152c,d815cd25a
q84bd152c,d8d6f44b0
q84bd152c,d8b66184c
q84bd152c,d881e206c
q84bd152c,d8619f7c8
q84bd152c,d811284de
q84bd152c,d88163758
q84bd152c,d8e3a8ec2
q84bd152c,d8d930ca6
q84bd152c,d8c14be42
q84433acc,d8d6c5eb2
q84433acc,d8e0599ba
q84433acc,d87e7e038
q84433acc,d8a4a42d0
q84433acc,d8b37872a
q84433acc,d8e65deb0
q84433acc,d8c747b34
q84433acc,d8bbb825a
q84433acc,d8d3191a6
q84433acc,d8da9f574
q85c1337c,d81bc4c58
q85c1337c,d8d9f196a
q85c1337c,d8a994a24
q85c1337c,d8814341c
q85c1337c,d88ac74a2
q85c1337c,d8ef0c4c6
q85c1337c,d8120e420
q85c1337c,d88391926
q85c1337c,d88f63b28
q85c1337c,d899fdaac
q85c7f16c,d81f21e8c
q85c7f16c,d8e34404e
q85c7f16c,d8a029f70
q85c7f16c,d818188b6
q85c7f16c,d8d624954
q85c7f16c,d8664f778
q85c7f16c,d829d9b5e
q85c7f16c,d8cac6abc
q85c7f16c,d87b8cb5e
q85c7f16c,d8ccdf664
q833927cc,d81521004
q833927cc,d8c07e33e
q833927cc,d8a223380
q833927cc,d87b8cb5e
q833927cc,d8d2b2df2
q833927cc,d812ed6a2
q833927cc,d899c56de
q833927cc,d8ec685c6
q833927cc,d888f5854
q833927cc,d8b378806
q84a0ac02,d81559512
q84a0ac02,d8d2ea612
q84a0ac02,d8b5524f6
q84a0ac02,d81559580
q84a0ac02,d8b5a192a
q84a0ac02,d8f2cb4b8
q84a0ac02,d89212c70
q84a0ac02,d814988f8
q84a0ac02,d89018294
q84a0ac02,d8d66f990
q85a31fae,d8a4885bc
q85a31fae,d881e2134
q85a31fae,d815210b8
q85a31fae,d8c2afc02
q85a31fae,d88882868
q85a31fae,d885b6350
q85a31fae,d8a8e9bc4
q85a31fae,d8eaec7f6
q85a31fae,d8a5ad050
q85a31fae,d8a63548c
q83f387fc,d818bcd58
q83f387fc,d8177aaf8
q83f387fc,d8c528556
q83f387fc,d88df2aa0
q83f387fc,d880b06a8
q83f387fc,d8a813b50
q83f387fc,d87c543de
q83f387fc,d8c326fa0
q83f387fc,d8ddc69f0
q83f387fc,d897e43c4
q826aa5b4,d81922ae0
q826aa5b4,d81dfb328
q826aa5b4,d86287226
q826aa5b4,d87e7dfe8
q826aa5b4,d86e3849e
q826aa5b4,d877c9c42
q826aa5b4,d873d5294
q826aa5b4,d81537462
q826aa5b4,d8bb92366
q826aa5b4,d8e80f6c8
q81a4d2c6,d8ec82106
q81a4d2c6,d89663d24
q81a4d2c6,d8f26f4ce
q81a4d2c6,d8ba90a9e
q81a4d2c6,d8b20367e
q81a4d2c6,d8ca8847e
q81a4d2c6,d893d3622
q81a4d2c6,d8aba73fc
q81a4d2c6,d8bbb8386
q81a4d2c6,d8a971cea
q82729904,d8e059938
q82729904,d8a9cb434
q82729904,d8c63156a
q82729904,d82729c1a
q82729904,d89663c7a
q82729904,d8f6c9f60
q82729904,d8327a74a
q82729904,d894c30dc
q82729904,d8185cb56
q82729904,d8a6069de
q84acf93a,d8d6d8e86
q84acf93a,d8e8a65c8
q84acf93a,d8e1c123a
q84acf93a,d86745a1a
q84acf93a,d87a08a08
q84acf93a,d8ed3175a
q84acf93a,d8792edbc
q84acf93a,d8609ee82
q84acf93a,d8239fbee
q84acf93a,d8bef68b8
q84331f2a,d87445238
q84331f2a,d8c59d680
q84331f2a,d85e51e0e
q84331f2a,d87434d0c
q84331f2a,d887d2cb0
q84331f2a,d8712c65a
q84331f2a,d8a531946
q84331f2a,d823e9b0e
q84331f2a,d861f42fa
q84331f2a,d8e67f9c0
q859adda8,d82080486
q859adda8,d8190ffb2
q859adda8,d8992f8be
q859adda8,d8c70859c
q859adda8,d8c258f74
q859adda8,d8d9982c0
q859adda8,d8bb12b52
q859adda8,d85f76f64
q859adda8,d8c66ff9a
q859adda8,d889169f0
q81f1664a,d81c091dc
q81f1664a,d883f9472
q81f1664a,d8a0593ba
q81f1664a,d8ece1da4
q81f1664a,d8c06ca3a
q81f1664a,d89abe540
q81f1664a,d89e99520
q81f1664a,d8c975b7c
q81f1664a,d8e2518d0
q81f1664a,d86ce3d1e
q827ba378,d827ba4e0
q827ba378,d87da9b94
q827ba378,d8e50d826
q827ba378,d863d00c4
q827ba378,d89e99520
q827ba378,d8b054300
q827ba378,d8a488648
q827ba378,d88dacc76
q827ba378,d86b9708c
q827ba378,d8b6cc408
q83b44f88,d863cfff2
q83b44f88,d8a223380
q83b44f88,d814d947a
q83b44f88,d83c8aec4
q83b44f88,d8e3a8ec2
q83b44f88,d8ac4107e
q83b44f88,d86c04b00
q83b44f88,d8f6f561a
q83b44f88,d8d930ca6
q83b44f88,d886784be
q85411d0e,d8d757588
q85411d0e,d89f4dc3c
q85411d0e,d8ebde7d6
q85411d0e,d8269a0b0
q85411d0e,d88aec766
q85411d0e,d8b7e81ca
q85411d0e,d8730394c
q85411d0e,d8f303ed0
q85411d0e,d88362cf2
q85411d0e,d8a3b47a8
q84f8482c,d8ad658ce
q84f8482c,d885a0938
q84f8482c,d8c5c0b1c
q84f8482c,d8e88e9f0
q84f8482c,d834278f4
q84f8482c,d8b0af3e0
q84f8482c,d8baa68bc
q84f8482c,d8cf927d0
q84f8482c,d8e4936fc
q84f8482c,d861c8bdc
q82604074,d8f1254ec
q82604074,d8d4e177c
q82604074,d88a4a196
q82604074,d8e075f5c
q82604074,d8ab7e902
q82604074,d8ded0166
q82604074,d88e376f0
q82604074,d812324e2
q82604074,d8c9cf898
q82604074,d81e4fc3e
q82a3a3f0,d886a1080
q82a3a3f0,d8120e420
q82a3a3f0,d85f2a2b8
q82a3a3f0,d87c6540e
q82a3a3f0,d86a04616
q82a3a3f0,d8bd86d98
q82a3a3f0,d82c60742
q82a3a3f0,d8da8a3ae
q82a3a3f0,d8a994a24
q82a3a3f0,d8d72ed18
q816f0236,d8ddb692e
q816f0236,d8cbbf536
q816f0236,d811394dc
q816f0236,d886d0ab0
q816f0236,d8d40a52e
q816f0236,d8f65ba1a
q816f0236,d8a7893f6
q816f0236,d886e7bac
q816f0236,d892c8322
q816f0236,d85db9dfc
q84b879fe,d867a3714
q84b879fe,d8a854452
q84b879fe,d8d62ff20
q84b879fe,d8f01670e
q84b879fe,d8c00c0c2
q84b879fe,d8d930bb6
q84b879fe,d881638e8
q84b879fe,d8e5a96cc
q84b879fe,d8b71cc0a
q84b879fe,d8201b9b4
q83b92f6c,d8c12784e
q83b92f6c,d8327a646
q83b92f6c,d899480ee
q83b92f6c,d89ad1aa0
q83b92f6c,d82590106
q83b92f6c,d8cebf056
q83b92f6c,d83dd4c44
q83b92f6c,d8ec20654
q83b92f6c,d8b9db130
q83b92f6c,d8204fe08
q82aa4520,d86cacad0
q82aa4520,d871e158c
q82aa4520,d88cf8cf8
q82aa4520,d8d1fd538
q82aa4520,d8f790a8e
q82aa4520,d8865d9c0
q82aa4520,d8c926298
q82aa4520,d89007cf0
q82aa4520,d8d1fd4a2
q82aa4520,d87f3c344
q8386beba,d87ec1c16
q8386beba,d8da2d456
q8386beba,d88f70e72
q8386beba,d8f125794
q8386beba,d86ed2d28
q8386beba,d8ef7037c
q8386beba,d8695f7e2
q8386beba,d8af9db64
q8386beba,d824b7ec8
q8386beba,d8716714c
q847f8694,d8cf63fc0
q847f8694,d88df2b22
q847f8694,d8dfb974e
q847f8694,d842dcd9a
q847f8694,d8694b792
q847f8694,d8c408482
q847f8694,d8694b710
q847f8694,d83b5a0f4
q847f8694,d8a3a41be
q847f8694,d86760d42
q836795c6,d8863d0a8
q836795c6,d8a5581c2
q836795c6,d87882954
q836795c6,d8f696b6a
q836795c6,d8b6053ee
q836795c6,d8b605380
q836795c6,d8cea6470
q836795c6,d880b0662
q836795c6,d85fa20c4
q836795c6,d8e727fc6
q83837aac,d865d59c8
q83837aac,d8d2dc8f0
q83837aac,d8c2351a0
q83837aac,d86d4d732
q83837aac,d89c6bbc2
q83837aac,d8e305a60
q83837aac,d8f43c3b0
q83837aac,d8a149b26
q83837aac,d8259020a
q83837aac,d8e613194
q811437fc,d82080652
q811437fc,d8e2cfa6e
q811437fc,d884fed36
q811437fc,d8a255e48
q811437fc,d8e58679e
q811437fc,d8198bf9a
q811437fc,d81a10434
q811437fc,d87b3591c
q811437fc,d8a97f656
q811437fc,d8ee997e6
q856edda2,d863aba12
q856edda2,d8a4806b4
q856edda2,d80f34dda
q856edda2,d88f08994
q856edda2,d863ab88c
q856edda2,d8b7c2f9c
q856edda2,d894a3b92
q856edda2,d8b890320
q856edda2,d8de10ce4
q856edda2,d82787ad6
q81673f24,d890e02e4
q81673f24,d8a0a31cc
q81673f24,d89f7048a
q81673f24,d87397c14
q81673f24,d889e4db4
q81673f24,d8c4fa732
q81673f24,d8a951e18
q81673f24,d8cf74302
q81673f24,d8e4aa564
q81673f24,d86d9fcb2
q8373aeec,d8373b0ea
q8373aeec,d8ed18c14
q8373aeec,d88f442d2
q8373aeec,d8ac40f5c
q8373aeec,d82223b3a
q8373aeec,d8a951d8c
q8373aeec,d89007bd8
q8373aeec,d8d259b4e
q8373aeec,d8cb1d88a
q8373aeec,d8b8b1c28
q81701b30,d814986f0
q81701b30,d814987e0
q81701b30,d8ac4107e
q81701b30,d87f3c3bc
q81701b30,d87be6fe6
q81701b30,d86f5c884
q81701b30,d89175a7e
q81701b30,d8b054300
q81701b30,d8dd6abb4
q81701b30,d8785f166
q82739688,d87de6e90
q82739688,d82ba7170
q82739688,d815115be
q82739688,d8721b02a
q82739688,d8c75e258
q82739688,d8bac1d10
q82739688,d8c9f2794
q82739688,d8a4cf0ac
q82739688,d8ee8cf64
q82739688,d8bb341bc
q8250cb62,d88d5e53a
q8250cb62,d8e8a65c8
q8250cb62,d8cc44b82
q8250cb62,d8dacbf3e
q8250cb62,d88a4a132
q8250cb62,d8d43dbb8
q8250cb62,d8199ca70
q8250cb62,d87397c14
q8250cb62,d8a73efea
q8250cb62,d81c286ea
q8111431c,d81da9ac8
q8111431c,d8b16dcc8
q8111431c,d8b5fc17c
q8111431c,d8bffd1b2
q8111431c,d8291a9de
q8111431c,d8ce70870
q8111431c,d899fdaac
q8111431c,d8d5dd856
q8111431c,d8e7eb7c8
q8111431c,d86287226
q82bbf4aa,d886a1080
q82bbf4aa,d815895aa
q82bbf4aa,d81a10312
q82bbf4aa,d8c210daa
q82bbf4aa,d897543c8
q82bbf4aa,d8e0cdaa4
q82bbf4aa,d8c408374
q82bbf4aa,d8a925b1a
q82bbf4aa,d8bd1789e
q82bbf4aa,d878e1c06
q820c112a,d8637a912
q820c112a,d8a321ad4
q820c112a,d891a8730
q820c112a,d8d3624aa
q820c112a,d8c18d5ae
q820c112a,d8bc9feca
q820c112a,d81139356
q820c112a,d81a10434
q820c112a,d8e487b04
q820c112a,d8988f558
q843f9840,d8f44f712
q843f9840,d8e461576
q843f9840,d889d03b4
q843f9840,d8d66fa9e
q843f9840,d8f790b6a
q843f9840,d8f8f83c2
q843f9840,d8e275884
q843f9840,d8e503ec0
q843f9840,d89d0b096
q843f9840,d8ae49a1a
q811fbd20,d811fbece
q811fbd20,d8af691c0
q811fbd20,d8c1fed58
q811fbd20,d85fde0e2
q811fbd20,d8be6bcb8
q811fbd20,d886c170e
q811fbd20,d8a27a798
q811fbd20,d815f4936
q811fbd20,d8c7d2a18
q811fbd20,d8e7fb966
q82eed906,d82eedadc
q82eed906,d82eeda32
q82eed906,d8ac4107e
q82eed906,d8b1ea304
q82eed906,d813a40b4
q82eed906,d8e0084de
q82eed906,d88be1e6e
q82eed906,d8a149b76
q82eed906,d88c35866
q82eed906,d86052276
q81f9f8be,d8afd3bba
q81f9f8be,d89e3c726
q81f9f8be,d8f2c16f2
q81f9f8be,d8b3ef2b2
q81f9f8be,d8bcf62f2
q81f9f8be,d8ba699bc
q81f9f8be,d89710db2
q81f9f8be,d8b3fe500
q81f9f8be,d8f7cdef2
q81f9f8be,d8d0e7c66
q818096a4,d89a255f2
q818096a4,d8aeb4716
q818096a4,d8a925a70
q818096a4,d8a3e1b0e
q818096a4,d8f6b5b3c
q818096a4,d8aa5184a
q818096a4,d8b804e38
q818096a4,d8c182f0a
q818096a4,d887a48e2
q818096a4,d87de6f58
q8380395a,d83427aa2
q8380395a,d82bd9e4a
q8380395a,d8a925b60
q8380395a,d8e0598d4
q8380395a,d8a54c53e
q8380395a,d8cd809c4
q8380395a,d8ac2a61c
q8380395a,d8a64b87c
q8380395a,d8d0e7bbc
q8380395a,d8a015962
q81ca2b0c,d8a53190a
q81ca2b0c,d89f703e0
q81ca2b0c,d8bc3a250
q81ca2b0c,d81521180
q81ca2b0c,d8c528556
q81ca2b0c,d895e2c42
q81ca2b0c,d8ddc69f0
q81ca2b0c,d87c543de
q81ca2b0c,d815e5bfc
q81ca2b0c,d87ef4044
q85270e8c,d87b01f0e
q85270e8c,d8d638008
q85270e8c,d838d65da
q85270e8c,d89309426
q85270e8c,d8ed76530
q85270e8c,d8a7c2570
q85270e8c,d86eac52e
q85270e8c,d838d6576
q85270e8c,d898ab2da
q85270e8c,d8b51fb96
q847e2c36,d8c9cf7da
q847e2c36,d89ac6330
q847e2c36,d8364bba8
q847e2c36,d8823b360
q847e2c36,d88a4a236
q847e2c36,d81cc5a80
q847e2c36,d862d1d4e
q847e2c36,d8caae8c2
q847e2c36,d81a04fe4
q847e2c36,d89ee5f1a
q85543eb6,d814d947a
q85543eb6,d86c3bd80
q85543eb6,d89d890e0
q85543eb6,d8bbdd0f0
q85543eb6,d8e579f30
q85543eb6,d8ba90a1c
q85543eb6,d86dbb3cc
q85543eb6,d8caf36de
q85543eb6,d8a391334
q85543eb6,d8a266e3c
q82dba4da,d8199ca70
q82dba4da,d81c286ea
q82dba4da,d863d9868
q82dba4da,d8f66c86a
q82dba4da,d886343c2
q82dba4da,d8847cee4
q82dba4da,d8cc91932
q82dba4da,d8dbbb796
q82dba4da,d8f66c7a2
q82dba4da,d875d8a96
q8595bfee,d8ac92f14
q8595bfee,d89864556
q8595bfee,d8dde1eb2
q8595bfee,d80f34dda
q8595bfee,d8bc1746c
q8595bfee,d85ee0a1e
q8595bfee,d8ef54c26
q8595bfee,d87acf130
q8595bfee,d8c2c6c9a
q8595bfee,d8c28a7c2
q82d3e286,d814986f0
q82d3e286,d814987e0
q82d3e286,d887d2c74
q82d3e286,d8e6bf822
q82d3e286,d8ee3f19c
q82d3e286,d8c528556
q82d3e286,d87c543de
q82d3e286,d8903835a
q82d3e286,d869890b0
q82d3e286,d8a2a8350
q830dae8a,d80ee27b0
q830dae8a,d8ef0c534
q830dae8a,d8f238bb8
q830dae8a,d8e316d06
q830dae8a,d8b976050
q830dae8a,d89ca887e
q830dae8a,d81447b6a
q830dae8a,d89c3809c
q830dae8a,d82615108
q830dae8a,d8ef0c4c6
q81e7a268,d86439d08
q81e7a268,d87508ab2
q81e7a268,d8e0d94d0
q81e7a268,d8745189e
q81e7a268,d81a10434
q81e7a268,d87db6e70
q81e7a268,d8316fd3c
q81e7a268,d89774768
q81e7a268,d87befb8c
q81e7a268,d8646ebe8
q815b4e3a,d8aeb47b6
q815b4e3a,d87c542e4
q815b4e3a,d8c1ec2c0
q815b4e3a,d8ba69a84
q815b4e3a,d8bfe61e2
q815b4e3a,d8aeb4842
q815b4e3a,d8be2ae66
q815b4e3a,d887a48e2
q815b4e3a,d86abb366
q815b4e3a,d8ab97a4c
q814c11c2,d8cff51fa
q814c11c2,d88116b42
q814c11c2,d814c142e
q814c11c2,d862150d6
q814c11c2,d8b962fa0
q814c11c2,d8c62058a
q814c11c2,d89381f7a
q814c11c2,d8733fffa
q814c11c2,d8bf90d82
q814c11c2,d8c1a8a20
q823c56fa,d8126d164
q823c56fa,d8f25f6aa
q823c56fa,d8181896a
q823c56fa,d8670e88a
q823c56fa,d80f34e2a
q823c56fa,d8add2c94
q823c56fa,d8f094758
q823c56fa,d8b97f092
q823c56fa,d8d0d51a6
q823c56fa,d8aba7546
q83ef4f2a,d81a5d586
q83ef4f2a,d88e4a692
q83ef4f2a,d8b131278
q83ef4f2a,d85da442a
q83ef4f2a,d88e1c4cc
q83ef4f2a,d8ce547c4
q83ef4f2a,d861be2fe
q83ef4f2a,d87e41c6e
q83ef4f2a,d8b7a8e1c
q83ef4f2a,d8aacbb36
q838e3f14,d838e404a
q838e3f14,d877c9ddc
q838e3f14,d89cfc474
q838e3f14,d8b68d5fa
q838e3f14,d87310660
q838e3f14,d888eaa6c
q838e3f14,d8927fb9a
q838e3f14,d8b4e965e
q838e3f14,d89b24318
q838e3f14,d887e68be
q83a31056,d8c8c188e
q83a31056,d8a751ec4
q83a31056,d86261d96
q83a31056,d8b3b77b8
q83a31056,d8bf90de6
q83a31056,d87a08abc
q83a31056,d8e541c66
q83a31056,d8ed3193a
q83a31056,d8f4d54a2
q83a31056,d8239fbee
q844fa212,d8cf80d14
q844fa212,d897fcac8
q844fa212,d88453c88
q844fa212,d8acffa88
q844fa212,d8db8ace0
q844fa212,d8db8ad80
q844fa212,d8825d7f8
q844fa212,d88143598
q844fa212,d8ee9989a
q844fa212,d8f36ba76
q816bd7aa,d89813a84
q816bd7aa,d89813a16
q816bd7aa,d8630ab80
q816bd7aa,d886121d2
q816bd7aa,d87a08bde
q816bd7aa,d8a9b5062
q816bd7aa,d8be614b6
q816bd7aa,d8866b71e
q816bd7aa,d89813b6a
q816bd7aa,d8a9b524c
q845fe974,d81bf4174
q845fe974,d81bf4304
q845fe974,d8e22636a
q845fe974,d89e647da
q845fe974,d8e605f9e
q845fe974,d81da99ec
q845fe974,d8a5109b2
q845fe974,d8e01a742
q845fe974,d8e606002
q845fe974,d89f4dbc4
q8227f58e,d86d4d5f2
q8227f58e,d892b089e
q8227f58e,d879b9b56
q8227f58e,d8c2351a0
q8227f58e,d880b0446
q8227f58e,d87479808
q8227f58e,d86d4d732
q8227f58e,d8e0b4df6
q8227f58e,d89a8e638
q8227f58e,d8be614b6
q831cc906,d8cd8acbc
q831cc906,d8291ab28
q831cc906,d85fde1dc
q831cc906,d8dbce7d8
q831cc906,d8d1fd402
q831cc906,d89fa928a
q831cc906,d81d75c5a
q831cc906,d8923afd6
q831cc906,d8e8eef94
q831cc906,d81589686
q83c6be48,d8db8ace0
q83c6be48,d8db8ad80
q83c6be48,d889a7edc
q83c6be48,d88fb4d52
q83c6be48,d887b738e
q83c6be48,d86de5988
q83c6be48,d8d1fd59c
q83c6be48,d8dc06516
q83c6be48,d8734bd46
q83c6be48,d817f6360
q8164abd8,d87e20550
q8164abd8,d86c4ff10
q8164abd8,d815e5c7e
q8164abd8,d861e3a54
q8164abd8,d8dc8cc10
q8164abd8,d8ef908ca
q8164abd8,d8ca7432a
q8164abd8,d8e13459c
q8164abd8,d888db120
q8164abd8,d8de9836a
q838ac280,d8785f1f2
q838ac280,d814a3a0a
q838ac280,d871e158c
q838ac280,d8883c160
q838ac280,d88e58062
q838ac280,d8a0a329e
q838ac280,d8204fbba
q838ac280,d8261505e
q838ac280,d86cacad0
q838ac280,d8f1eee78
q857e548a,d8445e56a
q857e548a,d8e9bc5c0
q857e548a,d8df72a10
q857e548a,d88be1f68
q857e548a,d8bb249e2
q857e548a,d87b01f0e
q857e548a,d85ee0956
q857e548a,d8d638008
q857e548a,d897d09f0
q857e548a,d8add2c26
q819e62ec,d860c5050
q819e62ec,d85e0b4cc
q819e62ec,d8bd97486
q819e62ec,d8bf4eff4
q819e62ec,d86d4d7dc
q819e62ec,d8a64b87c
q819e62ec,d82223b3a
q819e62ec,d868e3c00
q819e62ec,d8f5faa08
q819e62ec,d8e86753a
q81190e80,d8ee997e6
q81190e80,d8e487b04
q81190e80,d81a10434
q81190e80,d8f24878e
q81190e80,d89821814
q81190e80,d8bc9feca
q81190e80,d89821864
q81190e80,d8d3624aa
q81190e80,d8a321ad4
q81190e80,d8843b0b6
q839fd986,d86b5f0c4
q839fd986,d8d3032e8
q839fd986,d8e5e57b2
q839fd986,d8ddaa052
q839fd986,d8b054346
q839fd986,d812cfc9c
q839fd986,d81907196
q839fd986,d88791be8
q839fd986,d8ee997e6
q839fd986,d8aac3120
q84e247d4,d8ec13184
q84e247d4,d8df72bbe
q84e247d4,d85e51e0e
q84e247d4,d86fcfe9c
q84e247d4,d8d5bdce0
q84e247d4,d87434d0c
q84e247d4,d8a597aca
q84e247d4,d87e0e76a
q84e247d4,d8e7cc7b0
q84e247d4,d8a2b42e0
q82356106,d89678440
q82356106,d89c035f4
q82356106,d8cd9d5c4
q82356106,d85e2085e
q82356106,d8646ec42
q82356106,d8be45e46
q82356106,d81be6718
q82356106,d8f1b621c
q82356106,d897bc70c
q82356106,d8f0947da
q84581c94,d8b7f72ec
q84581c94,d88552300
q84581c94,d8ac67ef4
q84581c94,d870d5e22
q84581c94,d81642b9a
q84581c94,d87e0e8aa
q84581c94,d86a41714
q84581c94,d8166161c
q84581c94,d86f92b82
q84581c94,d8d1fd402
q84fab918,d89028824
q84fab918,d84d3772c
q84fab918,d8b1dbd9a
q84fab918,d8dc6d6b2
q84fab918,d866173b4
q84fab918,d86c4fd12
q84fab918,d8d27b30c
q84fab918,d8bc5c210
q84fab918,d8ee34bc0
q84fab918,d8f425552
q822d5cfe,d81c286ea
q822d5cfe,d8cc91932
q822d5cfe,d88aa4862
q822d5cfe,d86089ba4
q822d5cfe,d87434d0c
q822d5cfe,d8ea20f48
q822d5cfe,d8937492e
q822d5cfe,d8a5e5a0e
q822d5cfe,d8ad376cc
q822d5cfe,d85eea758
q827065e4,d8c9759ce
q827065e4,d882cc914
q827065e4,d8d2c9bce
q827065e4,d8670e790
q827065e4,d8996d7fe
q827065e4,d837becce
q827065e4,d89c7a122
q827065e4,d891c7040
q827065e4,d89774812
q827065e4,d8c926298
q816dc54c,d816dc6dc
q816dc54c,d810b77fc
q816dc54c,d8642a358
q816dc54c,d8e3d6a48
q816dc54c,d816dc65a
q816dc54c,d8eabdf96
q816dc54c,d810b78b0
q816dc54c,d8eabdf1e
q816dc54c,d8f536cd4
q816dc54c,d885f411e
q81b36020,d8a8623a4
q81b36020,d8af97340
q81b36020,d813f955a
q81b36020,d882b6100
q81b36020,d8aba73fc
q81b36020,d8a27a6d0
q81b36020,d819070a6
q81b36020,d8d91e3f8
q81b36020,d8e00868c
q81b36020,d8f696b6a
q8140c07e,d8140c1d2
q8140c07e,d8e29de60
q8140c07e,d871193d4
q8140c07e,d8b044536
q8140c07e,d812cfc10
q8140c07e,d89d0af88
q8140c07e,d896ad30c
q8140c07e,d873c18a2
q8140c07e,d8923b166
q8140c07e,d88f99ade
q8523400e,d8d259b4e
q8523400e,d8d24b238
q8523400e,d8f6ea4ae
q8523400e,d86e6dca2
q8523400e,d87194c28
q8523400e,d8a0f7ab0
q8523400e,d8a925b1a
q8523400e,d8de982e8
q8523400e,d81bf41ec
q8523400e,d82223b3a
q82b03f02,d87e56cae
q82b03f02,d86f0e792
q82b03f02,d8a823546
q82b03f02,d8dded3de
q82b03f02,d8a86226e
q82b03f02,d8c1c8c9e
q82b03f02,d8923afd6
q82b03f02,d872994ca
q82b03f02,d81f02028
q82b03f02,d82b42112
q81e874cc,d80ee26ca
q81e874cc,d8afb062e
q81e874cc,d8c3f3be0
q81e874cc,d8883c07a
q81e874cc,d891682e8
q81e874cc,d8259f35e
q81e874cc,d8259f3ea
q81e874cc,d8dc06480
q81e874cc,d8145f17a
q81e874cc,d8e8eef12
q8190fe5e,d82a10406
q8190fe5e,d8ef0c534
q8190fe5e,d8ef0c4c6
q8190fe5e,d80ee27b0
q8190fe5e,d8c849834
q8190fe5e,d82080486
q8190fe5e,d8190ffb2
q8190fe5e,d8b10a574
q8190fe5e,d86023ac0
q8190fe5e,d8ee3f19c
q8267ef2c,d86d241ac
q8267ef2c,d88e580da
q8267ef2c,d8c7913ce
q8267ef2c,d87920366
q8267ef2c,d8267f1c0
q8267ef2c,d8adf5f6e
q8267ef2c,d8e075ed0
q8267ef2c,d8f125794
q8267ef2c,d86ed2d28
q8267ef2c,d8996d98e
q84e70b0c,d824b7e00
q84e70b0c,d880387b6
q84e70b0c,d85f361d0
q84e70b0c,d8bc95402
q84e70b0c,d884ac1d0
q84e70b0c,d8be9bb5c
q84e70b0c,d879202bc
q84e70b0c,d86d0329a
q84e70b0c,d8f6a88a6
q84e70b0c,d85f0aab2
q80ee24d6,d89d96cea
q80ee24d6,d8a49a168
q80ee24d6,d89c3809c
q80ee24d6,d86481c2a
q80ee24d6,d82615108
q80ee24d6,d8ef0c4c6
q80ee24d6,d8e170038
q80ee24d6,d8e316d06
q80ee24d6,d889d9d6a
q80ee24d6,d88908f30
q856b1fc8,d8a3d47ba
q856b1fc8,d89420846
q856b1fc8,d883b00ce
q856b1fc8,d866e50f2
q856b1fc8,d8bef6804
q856b1fc8,d8903835a
q856b1fc8,d8b93b2ca
q856b1fc8,d8c70859c
q856b1fc8,d89a14f40
q856b1fc8,d8f3eb24e
q829d983e,d88116aca
q829d983e,d8402e864
q829d983e,d87f8a468
q829d983e,d8d000c76
q829d983e,d89504bb8
q829d983e,d8bd1789e
q829d983e,d811807ce
q829d983e,d8827ae2a
q829d983e,d86e8e326
q829d983e,d87a987c0
q835f1be4,d87e7dfe8
q835f1be4,d86d31078
q835f1be4,d8f238bb8
q835f1be4,d87397ef8
q835f1be4,d86481c2a
q835f1be4,d884abfe6
q835f1be4,d8c9261a8
q835f1be4,d8f67cc1a
q835f1be4,d8ca743a2
q835f1be4,d8e316d06
q8262126e,d82080486
q8262126e,d8f7483b0
q8262126e,d8190ffb2
q8262126e,d8bba35c6
q8262126e,d89abe374
q8262126e,d8707877c
q8262126e,d82eeda32
q8262126e,d8995d520
q8262126e,d82384e3e
q8262126e,d8b96327a
q8266f522,d887d2c74
q8266f522,d8e6bf822
q8266f522,d8ecca10e
q8266f522,d88ac7542
q8266f522,d8aacb9ec
q8266f522,d8807d938
q8266f522,d869890b0
q8266f522,d8716714c
q8266f522,d8f26f5dc
q8266f522,d8b4b947c
q84fe3854,d8e075caa
q84fe3854,d80ed4d18
q84fe3854,d81452196
q84fe3854,d8f748478
q84fe3854,d8e7d75d4
q84fe3854,d8ec20596
q84fe3854,d80ed4ec6
q84fe3854,d8dacbdae
q84fe3854,d81486cd4
q84fe3854,d863aba62
q81c284ce,d8f4a86a0
q81c284ce,d8890902a
q81c284ce,d86c4ff10
q81c284ce,d8e2dc6e2
q81c284ce,d8c70859c
q81c284ce,d86338094
q81c284ce,d897e4450
q81c284ce,d8e0b4e82
q81c284ce,d8623cef6
q81c284ce,d8118097c
q8200a484,d8dcdc72e
q8200a484,d87208074
q8200a484,d898cf7a2
q8200a484,d8373b14e
q8200a484,d8c5fafd8
q8200a484,d879f6470
q8200a484,d88bf53f6
q8200a484,d8dbce7d8
q8200a484,d86d9ff3c
q8200a484,d869d0744
q85974f26,d8bb12a4e
q85974f26,d86b2f7de
q85974f26,d8cd01188
q85974f26,d8b962fa0
q85974f26,d85fbdd7e
q85974f26,d8782c202
q85974f26,d8c07e208
q85974f26,d8f4eda48
q85974f26,d8bf90d82
q85974f26,d8f767cb0
q85a67226,d82267b64
q85a67226,d8aff4fc2
q85a67226,d8ca743a2
q85a67226,d87397ef8
q85a67226,d8880226c
q85a67226,d8c9261a8
q85a67226,d89d96cea
q85a67226,d8187d63a
q85a67226,d8d059646
q85a67226,d8bd86dfc
q82893600,d8b477a04
q82893600,d8cea6632
q82893600,d894c30dc
q82893600,d8a9cb434
q82893600,d8c28a902
q82893600,d8a28fd0a
q82893600,d8dc495b4
q82893600,d8ba002fa
q82893600,d89ba82da
q82893600,d860fde14
q85c994c2,d8bcea286
q85c994c2,d8f1254ec
q85c994c2,d827cc6a4
q85c994c2,d83427a02
q85c994c2,d8a3edc74
q85c994c2,d85f2a3f8
q85c994c2,d8c9cf898
q85c994c2,d886aa4aa
q85c994c2,d87adb048
q85c994c2,d87a379c0
q82a5395e,d8cc34124
q82a5395e,d8b000818
q82a5395e,d8204fbba
q82a5395e,d8cc34174
q82a5395e,d8e8f9f52
q82a5395e,d88f44142
q82a5395e,d88163758
q82a5395e,d8816387a
q82a5395e,d881e206c
q82a5395e,d89a9ce54
q83e33cbc,d810b78b0
q83e33cbc,d810b77fc
q83e33cbc,d816dc65a
q83e33cbc,d8eabdf96
q83e33cbc,d816dc6dc
q83e33cbc,d8f73def6
q83e33cbc,d827745bc
q83e33cbc,d85fa207e
q83e33cbc,d89f86aa0
q83e33cbc,d87b359f8
q81d96a7c,d8f3fd4bc
q81d96a7c,d8aba7546
q81d96a7c,d86a58ad6
q81d96a7c,d89ed642a
q81d96a7c,d89f337f6
q81d96a7c,d897d0874
q81d96a7c,d8e0b4d92
q81d96a7c,d814988b2
q81d96a7c,d8ab7ea9c
q81d96a7c,d8f1c990c
q815ccfda,d8f5e01b2
q815ccfda,d8c66145e
q815ccfda,d8cf74208
q815ccfda,d8e9467c6
q815ccfda,d81a5d66c
q815ccfda,d85dd9b7a
q815ccfda,d891682e8
q815ccfda,d87de6f58
q815ccfda,d87acf0f4
q815ccfda,d8de10d2a
q8291a70e,d86e9b8aa
q8291a70e,d8c043a9a
q8291a70e,d87e0e8aa
q8291a70e,d8e82ff9a
q8291a70e,d8dd7a654
q8291a70e,d8c7c046c
q8291a70e,d8c07e2bc
q8291a70e,d81642b9a
q8291a70e,d8ebf3866
q8291a70e,d8aeb4842
q859158be,d86e8e326
q859158be,d8e68d7b4
q859158be,d82c60742
q859158be,d8402e864
q859158be,d8d914b1e
q859158be,d87a987c0
q859158be,d860c5168
q859158be,d8c06c9ea
q859158be,d8b39b2a2
q859158be,d8f40b47c
q819f63ea,d8194e91a
q819f63ea,d89477b8c
q819f63ea,d8dcf1098
q819f63ea,d8267f2a6
q819f63ea,d885de8dc
q819f63ea,d87528b1e
q819f63ea,d89aa95dc
q819f63ea,d87e0e7ce
q819f63ea,d891a87e4
q819f63ea,d8a951d8c
q825216e8,d8f094488
q825216e8,d8822daf8
q825216e8,d8823b360
q825216e8,d8ae05fea
q825216e8,d8202fb30
q825216e8,d8c9a78de
q825216e8,d88127d66
q825216e8,d8c6a6f18
q825216e8,d8c14bcee
q825216e8,d886a10ee
q817e574a,d8afd3bba
q817e574a,d89c03720
q817e574a,d889ff1a0
q817e574a,d891f8492
q817e574a,d87f3c42a
q817e574a,d86f5c8e8
q817e574a,d8dba3998
q817e574a,d8170ca26
q817e574a,d8a44df02
q817e574a,d86afc294
q82a101d6,d8d064910
q82a101d6,d89ed62c2
q82a101d6,d8df5fe92
q82a101d6,d82a10406
q82a101d6,d81447c5a
q82a101d6,d88cdb568
q82a101d6,d8c3d35d4
q82a101d6,d8611713e
q82a101d6,d89ed6308
q82a101d6,d8df5fef6
q854c5836,d88540362
q854c5836,d81180850
q854c5836,d8de399d2
q854c5836,d871ce4b4
q854c5836,d89ac6330
q854c5836,d86fcff78
q854c5836,d87574cbc
q854c5836,d88540312
q854c5836,d8926f8bc
q854c5836,d89cd4bd6
q842dcb60,d842dcf7a
q842dcb60,d8b054346
q842dcb60,d8ec82156
q842dcb60,d8cd216fe
q842dcb60,d8de58030
q842dcb60,d88791be8
q842dcb60,d89fc2cbc
q842dcb60,d8b3fe500
q842dcb60,d884fed36
q842dcb60,d82080652
q81a8f77a,d87e56cae
q81a8f77a,d8bffd216
q81a8f77a,d8a86226e
q81a8f77a,d8115b3e8
q81a8f77a,d8c1c8c9e
q81a8f77a,d8749dcd0
q81a8f77a,d868c1696
q81a8f77a,d881a79ee
q81a8f77a,d8157dce6
q81a8f77a,d8968e092
q83c8aae6,d8bbd02e2
q83c8aae6,d81e7a466
q83c8aae6,d86439d08
q83c8aae6,d8ee29b6c
q83c8aae6,d869ea39c
q83c8aae6,d89abe2ca
q83c8aae6,d8ac9ff5c
q83c8aae6,d8ec82156
q83c8aae6,d891db1f8
q83c8aae6,d8bcf62f2
q847b33be,d8ab97a4c
q847b33be,d89007bd8
q847b33be,d830e4e3a
q847b33be,d8af2482c
q847b33be,d8c711fe8
q847b33be,d862a7ddc
q847b33be,d85fc68ac
q847b33be,d8ac92f14
q847b33be,d8de10d8e
q847b33be,d8cfb218e
q81ac2d50,d8b09080a
q81ac2d50,d8ec31756
q81ac2d50,d818fa748
q81ac2d50,d8927fac8
q81ac2d50,d874df77a
q81ac2d50,d8a02a010
q81ac2d50,d869d0744
q81ac2d50,d86356184
q81ac2d50,d8957e62a
q81ac2d50,d812c0cf6
q858eb974,d8b000746
q858eb974,d8ce70910
q858eb974,d8666b9f0
q858eb974,d814d947a
q858eb974,d8aeedf3e
q858eb974,d86c3bd80
q858eb974,d887559a4
q858eb974,d8b66184c
q858eb974,d8d89b232
q858eb974,d8c313176
q853283b6,d819e656c
q853283b6,d889a7de2
q853283b6,d86887176
q853283b6,d815210b8
q853283b6,d8d3fbda8
q853283b6,d8738a258
q853283b6,d8afb07e6
q853283b6,d8db8aad8
q853283b6,d8822daf8
q853283b6,d8c14bcee
q8186be08,d8186c024
q8186be08,d8b316f2a
q8186be08,d89337a42
q8186be08,d82604344
q8186be08,d82604236
q8186be08,d82384e3e
q8186be08,d8ce546fc
q8186be08,d8186bf20
q8186be08,d8f790a48
q8186be08,d898eefda
q85895092,d8673d5c2
q85895092,d8c66ff9a
q85895092,d8b10a70e
q85895092,d81452222
q85895092,d8f748478
q85895092,d8b20f7da
q85895092,d8dacbdae
q85895092,d88eb29fe
q85895092,d8f68a432
q85895092,d89a14f40
q81f21d9c,d8de10d8e
q81f21d9c,d894cfe18
q81f21d9c,d8ad8a4f8
q81f21d9c,d8f43c32e
q81f21d9c,d8b5dcbec
q81f21d9c,d8e09d34a
q81f21d9c,d86eeb36e
q81f21d9c,d886d0bd2
q81f21d9c,d887d2c38
q81f21d9c,d8b0c0c1c
q839a8cf6,d81d04d98
q839a8cf6,d8664f688
q839a8cf6,d86afc294
q839a8cf6,d87ee5562
q839a8cf6,d8cbf259e
q839a8cf6,d8953e070
q839a8cf6,d8aa80316
q839a8cf6,d86200672
q839a8cf6,d8e62f6d2
q839a8cf6,d89fa9244
q835c7114,d889e4cf6
q835c7114,d8f536e32
q835c7114,d883a3be4
q835c7114,d8c5c0b1c
q835c7114,d8c12784e
q835c7114,d8b992b10
q835c7114,d884240c8
q835c7114,d8ed98b44
q835c7114,d85db9e9c
q835c7114,d820d0490
q83385ebe,d8a6b0042
q83385ebe,d8b963220
q83385ebe,d89794072
q83385ebe,d885f4164
q83385ebe,d8a149bb2
q83385ebe,d82c60742
q83385ebe,d8b0a1eac
q83385ebe,d8db949d4
q83385ebe,d88d47cfe
q83385ebe,d824fce4c
q814985ec,d8b9e7f8e
q814985ec,d86e1fb56
q814985ec,d89c28714
q814985ec,d8e95dcfa
q814985ec,d8e09d12e
q814985ec,d86023ac0
q814985ec,d8a43f68c
q814985ec,d89a9ce54
q814985ec,d8968e092
q814985ec,d8dd4ba5c
q851f21c2,d86760d42
q851f21c2,d88511288
q851f21c2,d89db7396
q851f21c2,d8833c07a
q851f21c2,d86155c04
q851f21c2,d8b1ba92e
q851f21c2,d8e8797da
q851f21c2,d8ebde7d6
q851f21c2,d81e688a6
q851f21c2,d8d43dab4
q85bb6136,d81a4d42e
q85bb6136,d8dbcea4e
q85bb6136,d88975806
q85bb6136,d8d4983b0
q85bb6136,d8def801c
q85bb6136,d8ba7ffd2
q85bb6136,d81329094
q85bb6136,d8a8cff9e
q85bb6136,d8b0311c0
q85bb6136,d88e6be8c
q84b4101c,d8af4c246
q84b4101c,d86887068
q84b4101c,d87b9bd7a
q84b4101c,d8f65b9b6
q84b4101c,d8dc6d81a
q84b4101c,d863c233e
q84b4101c,d8dc8cb7a
q84b4101c,d8d8cc6b6
q84b4101c,d8a78939c
q84b4101c,d8d70d23a
q824fcc9e,d8ce9206a
q824fcc9e,d823e9b0e
q824fcc9e,d8ac21a58
q824fcc9e,d8a2ea12e
q824fcc9e,d89cb9994
q824fcc9e,d823e9a3c
q824fcc9e,d812a0f14
q824fcc9e,d88038892
q824fcc9e,d8cf03f76
q824fcc9e,d8a2a82c4
q831d73a6,d8f6ea2b0
q831d73a6,d8da9f600
q831d73a6,d8ded0166
q831d73a6,d8800fcd0
q831d73a6,d8184fc8a
q831d73a6,d8f6ea382
q831d73a6,d8f6ea332
q831d73a6,d8207430c
q831d73a6,d8c77398c
q831d73a6,d885d3112
q854f9d2a,d8373b22a
q854f9d2a,d87c1d5d2
q854f9d2a,d8eed09b2
q854f9d2a,d8c08e9aa
q854f9d2a,d8e3bfd0c
q854f9d2a,d87068994
q854f9d2a,d881c818a
q854f9d2a,d87bb67e2
q854f9d2a,d8ded89c4
q854f9d2a,d864b4f4e
q82815ed0,d8d4c5266
q82815ed0,d8200a5b0
q82815ed0,d8ded00b2
q82815ed0,d8e4aa32a
q82815ed0,d8d637ef0
q82815ed0,d8d3a9a58
q82815ed0,d888225ee
q82815ed0,d8882265c
q82815ed0,d8aac3080
q82815ed0,d8f310004
q816427ee,d8e879730
q816427ee,d87e7df98
q816427ee,d8ab68f08
q816427ee,d8ba001ce
q816427ee,d81dfb328
q816427ee,d86a5070a
q816427ee,d8bd1789e
q816427ee,d8f40b47c
q816427ee,d8c2352cc
q816427ee,d8ca63caa
q850271a8,d8afd3a84
q850271a8,d8dbe574e
q850271a8,d863c228a
q850271a8,d8f3d3932
q850271a8,d8994804e
q850271a8,d88b068e6
q850271a8,d8a51080e
q850271a8,d893fda26
q850271a8,d86f0e92c
q850271a8,d8d3c5654
q824b7c3e,d824b7e00
q824b7c3e,d880387b6
q824b7c3e,d8bc95402
q824b7c3e,d85f361d0
q824b7c3e,d884ac1d0
q824b7c3e,d8be9bb5c
q824b7c3e,d879202bc
q824b7c3e,d8f6a88a6
q824b7c3e,d86d0329a
q824b7c3e,d85f0aab2
q8312357c,d8833c07a
q8312357c,d86155c04
q8312357c,d86760d42
q8312357c,d8942edf6
q8312357c,d8d0d5322
q8312357c,d82787ad6
q8312357c,d8e79b75a
q8312357c,d8c56f168
q8312357c,d86a506a6
q8312357c,d86a50656
q833a573c,d8ac4107e
q833a573c,d89a9ce54
q833a573c,d8f6f561a
q833a573c,d886784be
q833a573c,d899c5800
q833a573c,d82eeda32
q833a573c,d8d1372a2
q833a573c,d88196270
q833a573c,d82d8f082
q833a573c,d898c458c
q8220b65c,d8da9f9a2
q8220b65c,d814a3a0a
q8220b65c,d8f094758
q8220b65c,d871b1dc8
q8220b65c,d8c1feeb6
q8220b65c,d86315378
q8220b65c,d86cacad0
q8220b65c,d89abe374
q8220b65c,d8836be7e
q8220b65c,d8d609c1c
q83112876,d8e7eb7c8
q83112876,d8cef8130
q83112876,d85eb42c0
q83112876,d8f68a388
q83112876,d8247dfb6
q83112876,d8c3f3a28
q83112876,d8bf0d6f8
q83112876,d81589636
q83112876,d87f3c42a
q83112876,d8771f0a8
q8518426c,d89c035f4
q8518426c,d8d1db1a4
q8518426c,d8eaec896
q8518426c,d8f0947da
q8518426c,d897bc70c
q8518426c,d8646ec42
q8518426c,d8cd9d5c4
q8518426c,d837f6070
q8518426c,d89678440
q8518426c,d81be6718
q8177a756,d8177a896
q8177a756,d8b4da9ba
q8177a756,d873acb96
q8177a756,d8abbd9ea
q8177a756,d8b1dbd9a
q8177a756,d864959e6
q8177a756,d8d43dbb8
q8177a756,d8c5e0480
q8177a756,d8aa8038e
q8177a756,d888b5ad8
q8485967e,d8232f0ba
q8485967e,d881c81e4
q8485967e,d8f91439c
q8485967e,d89b1acf0
q8485967e,d8c6835cc
q8485967e,d89007c64
q8485967e,d869a27f4
q8485967e,d88755be8
q8485967e,d8ad5a82a
q8485967e,d8a69931a
q847740b0,d8aefb508
q847740b0,d82d2ca22
q847740b0,d86f3d9fc
q847740b0,d87befcd6
q847740b0,d889e4bd4
q847740b0,d8d43dc6c
q847740b0,d8727efa8
q847740b0,d8cd34830
q847740b0,d8d4156f4
q847740b0,d8d630006
q81b5f0ec,d818cb3a8
q81b5f0ec,d87b80228
q81b5f0ec,d8c6614cc
q81b5f0ec,d891682e8
q81b5f0ec,d8b51fb00
q81b5f0ec,d8e2e88ca
q81b5f0ec,d8a0a3348
q81b5f0ec,d8e41ad2e
q81b5f0ec,d88afa578
q81b5f0ec,d8df83bbc
q84892e92,d88f99ade
q84892e92,d8140c1d2
q84892e92,d871193d4
q84892e92,d8e29de60
q84892e92,d89d891b2
q84892e92,d812cfc10
q84892e92,d8789c552
q84892e92,d87b01e96
q84892e92,d8f8aa8a2
q84892e92,d8a0461fc
q81fc8034,d881a7aa2
q81fc8034,d8dc3a0be
q81fc8034,d89e0a384
q81fc8034,d86c66670
q81fc8034,d830e4e3a
q81fc8034,d8ef60922
q81fc8034,d87528ca4
q81fc8034,d8b083934
q81fc8034,d8d7575d8
q81fc8034,d8aff5062
q82a22138,d897fc9ba
q82a22138,d8c1a899e
q82a22138,d8267f210
q82a22138,d878e1c06
q82a22138,d879a9dfa
q82a22138,d86a5070a
q82a22138,d87d2d85a
q82a22138,d8ed432b6
q82a22138,d8c3f3a28
q82a22138,d8b8a59c8
q82074078,d863d0164
q82074078,d8c38eeca
q82074078,d8f072fea
q82074078,d8ced7548
q82074078,d880432f6
q82074078,d8ac80a94
q82074078,d8da8a282
q82074078,d8b505084
q82074078,d86ae82f8
q82074078,d8d64e646
q823e98ca,d87f5cb94
q823e98ca,d87d2d792
q823e98ca,d8b962fa0
q823e98ca,d8bf90d82
q823e98ca,d8bb12a4e
q823e98ca,d8cd01188
q823e98ca,d89498bc0
q823e98ca,d8870b502
q823e98ca,d8a1177de
q823e98ca,d86e8e04c
q81731cae,d87d418fa
q81731cae,d837f6002
q81731cae,d8f8bc7fa
q81731cae,d868871c6
q81731cae,d8693f41a
q81731cae,d8b9db338
q81731cae,d8f838bc6
q81731cae,d8cd216b8
q81731cae,d86030cd4
q81731cae,d8e80f6c8
q856bb866,d87e56cae
q856bb866,d8115b3e8
q856bb866,d8c1c8c9e
q856bb866,d8de22458
q856bb866,d8a86226e
q856bb866,d881a79ee
q856bb866,d8d289efc
q856bb866,d889e4d5a
q856bb866,d88d78e26
q856bb866,d8923afd6
q82497998,d8c8d06fe
q82497998,d818bcd08
q82497998,d8d575da0
q82497998,d8dbcea4e
q82497998,d88589832
q82497998,d8a626a86
q82497998,d82a93bbc
q82497998,d8ae38e68
q82497998,d87fed8b0
q82497998,d88863d0a
q84c1b802,d89b1ac78
q84c1b802,d8a51080e
q84c1b802,d88b068e6
q84c1b802,d8f5e022a
q84c1b802,d893fda26
q84c1b802,d86f0e92c
q84c1b802,d8994804e
q84c1b802,d8dc495b4
q84c1b802,d8abd30d8
q84c1b802,d8a3e1b9a
q82e92768,d82e9295c
q82e92768,d8d3d345c
q82e92768,d82e92a38
q82e92768,d813170b0
q82e92768,d828e3ad8
q82e92768,d8736bd6c
q82e92768,d8889dee2
q82e92768,d85e51e0e
q82e92768,d8e2396e0
q82e92768,d881c82c0
q8271c4f2,d873b57aa
q8271c4f2,d8b49ca3e
q8271c4f2,d8a00cde4
q8271c4f2,d8271c5ec
q8271c4f2,d8d151fd0
q8271c4f2,d867319e8
q8271c4f2,d828e3ad8
q8271c4f2,d8c854694
q8271c4f2,d812de468
q8271c4f2,d88908e90
q8391f000,d828caa88
q8391f000,d8e47c16e
q8391f000,d8c043a9a
q8391f000,d8c791310
q8391f000,d89aed412
q8391f000,d8d914b1e
q8391f000,d8d7837e6
q8391f000,d8d39c970
q8391f000,d88dbe5de
q8391f000,d82729ada
q81c5a8c0,d8d64e646
q81c5a8c0,d810cc71a
q81c5a8c0,d8c28a902
q81c5a8c0,d8c71201a
q81c5a8c0,d8a5108a4
q81c5a8c0,d8a8bae8c
q81c5a8c0,d8ecca230
q81c5a8c0,d8a6069de
q81c5a8c0,d87e41d7c
q81c5a8c0,d8f125474
q825b9718,d8e461576
q825b9718,d8f44f712
q825b9718,d88a11d46
q825b9718,d889d03b4
q825b9718,d8d66fa9e
q825b9718,d8dd01218
q825b9718,d8889dee2
q825b9718,d8c0cb0da
q825b9718,d89018384
q825b9718,d89ed6358
q8178ae1c,d8aa2d9e0
q8178ae1c,d88e1c5b2
q8178ae1c,d8c59d59a
q8178ae1c,d8d1db1fe
q8178ae1c,d886d0ab0
q8178ae1c,d8740b920
q8178ae1c,d8e02c94c
q8178ae1c,d82a10302
q8178ae1c,d8e8a6550
q8178ae1c,d87078902
q8128f872,d87264946
q8128f872,d88283f66
q8128f872,d8a616b5e
q8128f872,d89aed412
q8128f872,d8726490a
q8128f872,d824fd022
q8128f872,d870c56d0
q8128f872,d88fb4e10
q8128f872,d8a8cff9e
q8128f872,d8d2b2df2
q80ef6abc,d877bdca8
q80ef6abc,d80ef6dd2
q80ef6abc,d89a570fc
q80ef6abc,d8e62f934
q80ef6abc,d8a67f5c8
q80ef6abc,d8af42a3e
q80ef6abc,d8aa5184a
q80ef6abc,d865d59c8
q80ef6abc,d887a48e2
q80ef6abc,d8a3ffbc2
q8372ab1e,d8bf90d82
q8372ab1e,d8f303f48
q8372ab1e,d8c07e208
q8372ab1e,d8ef90988
q8372ab1e,d87d2d792
q8372ab1e,d8b781ee8
q8372ab1e,d86e0ddac
q8372ab1e,d8cc44a56
q8372ab1e,d85ff2bdc
q8372ab1e,d87508bb6
q82ea1bb4,d8186c024
q82ea1bb4,d82604236
q82ea1bb4,d89337a42
q82ea1bb4,d8b316f2a
q82ea1bb4,d8202fac2
q82ea1bb4,d8c9f2794
q82ea1bb4,d8f1feb2a
q82ea1bb4,d82604286
q82ea1bb4,d895caa0c
q82ea1bb4,d8b477afe
q845a7ee4,d862f0a46
q845a7ee4,d8239fb62
q845a7ee4,d88d47b96
q845a7ee4,d862f0a82
q845a7ee4,d8b34cdc8
q845a7ee4,d811dc0c4
q845a7ee4,d8eeb9ca8
q845a7ee4,d813a4104
q845a7ee4,d831eadca
q845a7ee4,d8e4cc006
q822f7f2a,d8143a212
q822f7f2a,d8779f08c
q822f7f2a,d8dcdc6d4
q822f7f2a,d88fd8dec
q822f7f2a,d8995d598
q822f7f2a,d86abb366
q822f7f2a,d80f19a44
q822f7f2a,d8b781e98
q822f7f2a,d86a2e506
q822f7f2a,d815e5bfc
q8576c1f2,d8a149bb2
q8576c1f2,d8749de1a
q8576c1f2,d8a6b0042
q8576c1f2,d8a6b00ec
q8576c1f2,d892da932
q8576c1f2,d813a40b4
q8576c1f2,d8ad741f8
q8576c1f2,d8e2b4c5a
q8576c1f2,d810b77fc
q8576c1f2,d8c00c054
q823410b2,d8ce707bc
q823410b2,d882b61c8
q823410b2,d87d57966
q823410b2,d869ea39c
q823410b2,d8ec03e78
q823410b2,d8eaec774
q823410b2,d8f767bc0
q823410b2,d8b38862a
q823410b2,d8e1a7ea2
q823410b2,d8cf2bcd8
q83462972,d86875c00
q83462972,d8871db08
q83462972,d8b6118f6
q83462972,d8b569278
q83462972,d8c7d2b76
q83462972,d8aba73fc
q83462972,d8f125474
q83462972,d870a787e
q83462972,d89663c7a
q83462972,d834c4f3c
q843c7958,d8937485c
q843c7958,d8a89ea0c
q843c7958,d8f861922
q843c7958,d815dda9c
q843c7958,d82d8f082
q843c7958,d884b7986
q843c7958,d8d1c5bb0
q843c7958,d85eb4464
q843c7958,d8da6685a
q843c7958,d8db94894
q8125caf8,d8bbd02e2
q8125caf8,d8e5e57b2
q8125caf8,d8ec82156
q8125caf8,d8617c796
q8125caf8,d834c5022
q8125caf8,d8e6e6986
q8125caf8,d8eedf75a
q8125caf8,d8d0e7c66
q8125caf8,d842dcf7a
q8125caf8,d812cfc9c
q82ee4676,d81537412
q82ee4676,d87bac620
q82ee4676,d8aa80316
q82ee4676,d87ef4044
q82ee4676,d8204fbba
q82ee4676,d8159e342
q82ee4676,d8c5b6248
q82ee4676,d8f1eee78
q82ee4676,d8de399d2
q82ee4676,d8e1f7448
q85d11300,d87cbdd52
q85d11300,d8a2da2c4
q85d11300,d8dd8d45c
q85d11300,d869b4cb0
q85d11300,d8cac6b02
q85d11300,d87e2e416
q85d11300,d8ec685c6
q85d11300,d8727eecc
q85d11300,d8e4ea592
q85d11300,d8ca47d5c
q811e915c,d87f3c3bc
q811e915c,d86f5c884
q811e915c,d8ac4107e
q811e915c,d8d8aeb66
q811e915c,d8785f166
q811e915c,d8dd6abb4
q811e915c,d881637da
q811e915c,d871ce36a
q811e915c,d8b1ea304
q811e915c,d86d5f126
q83f97dba,d881fa07c
q83f97dba,d86dcdb6c
q83f97dba,d8ea8bdd4
q83f97dba,d8959cba2
q83f97dba,d8c66ff2c
q83f97dba,d8da14866
q83f97dba,d8a120960
q83f97dba,d864a8a78
q83f97dba,d8a30213e
q83f97dba,d8baa674a
q85cfd724,d8ac67fda
q85cfd724,d8de10faa
q85cfd724,d8c5b6298
q85cfd724,d87f3c25e
q85cfd724,d8def801c
q85cfd724,d87574c08
q85cfd724,d85fa207e
q85cfd724,d87a08abc
q85cfd724,d8d609cc6
q85cfd724,d87ef4044
q81251e82,d88c1f0f2
q81251e82,d82441ab6
q81251e82,d87e20550
q81251e82,d8d6c5d72
q81251e82,d81a4d578
q81251e82,d8a0a31cc
q81251e82,d8aab41de
q81251e82,d8f8d6920
q81251e82,d8912bd02
q81251e82,d8cbd7e4c
q83a513ba,d8291ab28
q83a513ba,d8d2a59f4
q83a513ba,d8cd8acbc
q83a513ba,d8b9233fa
q83a513ba,d8e1b1dc6
q83a513ba,d8bfe61e2
q83a513ba,d8bb12af8
q83a513ba,d890e026c
q83a513ba,d8dc496ae
q83a513ba,d8e1b1d58
q83133436,d86cd29a6
q83133436,d82384cae
q83133436,d86cd28ac
q83133436,d86cacad0
q83133436,d8e7afa70
q83133436,d894afe60
q83133436,d871e158c
q83133436,d89ee5e3e
q83133436,d8e599a6a
q83133436,d8f790a8e
q837788f0,d815f4936
q837788f0,d89813bc4
q837788f0,d868e3d36
q837788f0,d88d78e26
q837788f0,d8be2adf8
q837788f0,d8b1ea304
q837788f0,d8a27a798
q837788f0,d8b378806
q837788f0,d86f3d9fc
q837788f0,d8e88e950
q85cd693a,d88a11dc8
q85cd693a,d868c1772
q85cd693a,d867fd5e8
q85cd693a,d881ef262
q85cd693a,d8d1fd402
q85cd693a,d88d9ab7a
q85cd693a,d86de5988
q85cd693a,d8ee34bc0
q85cd693a,d8d2b2ee2
q85cd693a,d88100b3a
q8582252e,d88e7c8fe
q8582252e,d813330ee
q8582252e,d8ded89c4
q8582252e,d8623cff0
q8582252e,d8373b22a
q8582252e,d881c818a
q8582252e,d8e3bfd0c
q8582252e,d81dec9c2
q8582252e,d8776314a
q8582252e,d82729b34
q8398e9fa,d8204ff2a
q8398e9fa,d88fbd736
q8398e9fa,d89754544
q8398e9fa,d8ee8ceec
q8398e9fa,d8712c65a
q8398e9fa,d8c882346
q8398e9fa,d8d1c5bb0
q8398e9fa,d87d2d85a
q8398e9fa,d8a35567c
q8398e9fa,d8373b068
q84cbe61a,d8bb129e0
q84cbe61a,d86f0e792
q84cbe61a,d86356184
q84cbe61a,d814c142e
q84cbe61a,d86b2f7de
q84cbe61a,d8b8ccf1e
q84cbe61a,d8978900a
q84cbe61a,d88c1f0f2
q84cbe61a,d891759f2
q84cbe61a,d8617c836
q83ddee88,d81452196
q83ddee88,d8e6faeae
q83ddee88,d81452222
q83ddee88,d8825d7f8
q83ddee88,d88bf52e8
q83ddee88,d8ac0cb08
q83ddee88,d8f194036
q83ddee88,d891a87e4
q83ddee88,d89cfc672
q83ddee88,d86daba1c
q810a5124,d8ebde5b0
q810a5124,d880b0662
q810a5124,d8c9260ea
q810a5124,d8a5581c2
q810a5124,d8903835a
q810a5124,d8825d8e8
q810a5124,d875d8a96
q810a5124,d89420846
q810a5124,d8cc34174
q810a5124,d8f1fed3c
q820d0378,d872b9c8e
q820d0378,d820d0490
q820d0378,d872b9ce8
q820d0378,d872b9da6
q820d0378,d8ca1cd8c
q820d0378,d8d2dca58
q820d0378,d8c12784e
q820d0378,d8bf0d680
q820d0378,d8b901c14
q820d0378,d8c9b0844
q84ed6326,d8d2c9bce
q84ed6326,d89c7a122
q84ed6326,d8c279896
q84ed6326,d8ae167b4
q84ed6326,d8e1e3a2e
q84ed6326,d8996d7fe
q84ed6326,d891c7040
q84ed6326,d87876bfe
q84ed6326,d861f4336
q84ed6326,d8a95ff40
q83bdabd2,d87b8cb5e
q83bdabd2,d872e41f0
q83bdabd2,d86c04b00
q83bdabd2,d818cb592
q83bdabd2,d8dc7b00a
q83bdabd2,d8d609cc6
q83bdabd2,d8a4885bc
q83bdabd2,d86089c08
q83bdabd2,d898ef12e
q83bdabd2,d86081b16
q81eef32e,d8664f688
q81eef32e,d81d04d98
q81eef32e,d8a3a4236
q81eef32e,d810b7770
q81eef32e,d8adec25c
q81eef32e,d8e5a9668
q81eef32e,d8e305c04
q81eef32e,d8a321a7a
q81eef32e,d8a5cbac8
q81eef32e,d85fff2ba
q82acb2ba,d8afd3b1a
q82acb2ba,d8afd3b74
q82acb2ba,d8dca4590
q82acb2ba,d8ab28c3c
q82acb2ba,d8ea20f48
q82acb2ba,d81e68856
q82acb2ba,d8ae815aa
q82acb2ba,d8903835a
q82acb2ba,d87c97d64
q82acb2ba,d8f125348
q84644d66,d8dfd4f80
q84644d66,d89197fa2
q84644d66,d8c1a899e
q84644d66,d8402e864
q84644d66,d8961a502
q84644d66,d878e1c06
q84644d66,d8f7b6f9a
q84644d66,d86afc294
q84644d66,d8a789270
q84644d66,d87cbde88
q81f6d2e2,d87e7dfe8
q81f6d2e2,d87397ef8
q81f6d2e2,d8f238bb8
q81f6d2e2,d8b6053ee
q81f6d2e2,d89c3809c
q81f6d2e2,d8f67cc1a
q81f6d2e2,d86d31078
q81f6d2e2,d8e316d06
q81f6d2e2,d80ee27b0
q81f6d2e2,d8d059646
q83eb26ca,d87fae1e2
q83eb26ca,d81c286ea
q83eb26ca,d86089ba4
q83eb26ca,d8bec3d96
q83eb26ca,d8b4e965e
q83eb26ca,d87434d0c
q83eb26ca,d8704026e
q83eb26ca,d872995f6
q83eb26ca,d8a5e5a0e
q83eb26ca,d8a73efea
q84da3364,d873d5294
q84da3364,d86315378
q84da3364,d8d27b294
q84da3364,d8bd86d98
q84da3364,d89c28714
q84da3364,d8f1eee78
q84da3364,d8b9e7f8e
q84da3364,d8204fbba
q84da3364,d8364bcd4
q84da3364,d8b6dd99c
q81ae8f8c,d819e64e0
q81ae8f8c,d8c14bcee
q81ae8f8c,d8db8ab78
q81ae8f8c,d89337aba
q81ae8f8c,d881e2134
q81ae8f8c,d8822db5c
q81ae8f8c,d87d15d68
q81ae8f8c,d8d3fbd26
q81ae8f8c,d87d15cbe
q81ae8f8c,d84845926
q8145201a,d81452196
q8145201a,d8825d7f8
q8145201a,d8e6faeae
q8145201a,d85db9d48
q8145201a,d8885219a
q8145201a,d8ec20596
q8145201a,d87b4de2c
q8145201a,d873aca9c
q8145201a,d89cfc672
q8145201a,d81452222
q84d648f8,d838f1e52
q84d648f8,d85fde1dc
q84d648f8,d8f303f48
q84d648f8,d8c7c046c
q84d648f8,d87144de0
q84d648f8,d8aeb4842
q84d648f8,d8f88988c
q84d648f8,d81e4fb4e
q84d648f8,d8aeb47b6
q84d648f8,d8291ab28
q848b3818,d868e3d36
q848b3818,d8a7c2502
q848b3818,d81392de6
q848b3818,d8f92165a
q848b3818,d896447d0
q848b3818,d89644ac8
q848b3818,d895ff3b0
q848b3818,d8e3bfd70
q848b3818,d89fa9244
q848b3818,d892b9ff2
q83510c84,d899fdb2e
q83510c84,d899fdba6
q83510c84,d81498844
q83510c84,d8cf2bcd8
q83510c84,d891f856e
q83510c84,d8962985e
q83510c84,d85dcd4f6
q83510c84,d8d2b2df2
q83510c84,d8a7c235e
q83510c84,d86155c04
q81825962,d8923b08a
q81825962,d8f0b4f76
q81825962,d8c2351a0
q81825962,d86d4d732
q81825962,d85eb42c0
q81825962,d87574ba4
q81825962,d865d58b0
q81825962,d8b7f7422
q81825962,d86400de6
q81825962,d8cf13b42
q827db0d2,d8e3eb77c
q827db0d2,d8f727804
q827db0d2,d842c8cfa
q827db0d2,d87c3b0aa
q827db0d2,d8e8a662c
q827db0d2,d8c692b08
q827db0d2,d87eff462
q827db0d2,d8f1eecac
q827db0d2,d8f0a7236
q827db0d2,d87acf00e
q858a1a5e,d8e50d826
q858a1a5e,d8a2165d6
q858a1a5e,d8acd37bc
q858a1a5e,d88aec89c
q858a1a5e,d8cbe89fe
q858a1a5e,d88000c08
q858a1a5e,d8abb32e2
q858a1a5e,d8b78e986
q858a1a5e,d8aa0ec70
q858a1a5e,d8612d92a
q84ada312,d84dc5f18
q84ada312,d82b41f64
q84ada312,d8bd973e6
q84ada312,d89ec48d8
q84ada312,d89ec4874
q84ada312,d869a26fa
q84ada312,d8bd973aa
q84ada312,d82b41fe6
q84ada312,d88e4a692
q84ada312,d829909b8
q812c0b0c,d8bf79a56
q812c0b0c,d812c0c38
q812c0b0c,d880b0662
q812c0b0c,d87144d0e
q812c0b0c,d870d5e22
q812c0b0c,d878d600e
q812c0b0c,d8c367532
q812c0b0c,d8704026e
q812c0b0c,d86c66670
q812c0b0c,d89b7bdb6
q8344f5de,d8f094758
q8344f5de,d827158d2
q8344f5de,d893d36fe
q8344f5de,d82715832
q8344f5de,d8d97be9a
q8344f5de,d85f2a2b8
q8344f5de,d8f6b5b3c
q8344f5de,d8ce2f4d8
q8344f5de,d87a98770
q8344f5de,d8b71cc6e
q84f0138c,d8157dce6
q84f0138c,d8157dc32
q84f0138c,d8120e420
q84f0138c,d8d27b294
q84f0138c,d8a223380
q84f0138c,d8912bdac
q84f0138c,d8e6bf822
q84f0138c,d89a9ce54
q84f0138c,d8a606934
q84f0138c,d8d845db4
q81316fac,d813171b4
q81316fac,d88ffb70c
q81316fac,d8cbe89fe
q81316fac,d8e50d826
q81316fac,d8729050a
q81316fac,d8aefb4b8
q81316fac,d8d1462de
q81316fac,d8d2c9b06
q81316fac,d8c108fac
q81316fac,d8e84a91c
q8596969e,d88d9abe8
q8596969e,d8953e1ce
q8596969e,d880208a0
q8596969e,d88000c08
q8596969e,d88465f0a
q8596969e,d8dec83a8
q8596969e,d89c4f80a
q8596969e,d8cbe89fe
q8596969e,d8dc9cc0a
q8596969e,d8b308e20
q81e68536,d81e688a6
q81e68536,d81e68856
q81e68536,d8825d8e8
q81e68536,d8b7c2f9c
q81e68536,d8ab28c8c
q81e68536,d88f08994
q81e68536,d8e2f52dc
q81e68536,d8dbe58e8
q81e68536,d8202fc16
q81e68536,d8e3eb8f8
q81c79824,d880208a0
q81c79824,d8953e1ce
q81c79824,d8d9ffbaa
q81c79824,d88d9abe8
q81c79824,d88000c08
q81c79824,d88465f0a
q81c79824,d86389f84
q81c79824,d8dc9cc0a
q81c79824,d8dec83a8
q81c79824,d8bdc4eb8
q81fd9366,d817f648c
q81fd9366,d8a3a4236
q81fd9366,d8a58d156
q81fd9366,d8d289efc
q81fd9366,d8d1db1a4
q81fd9366,d88552300
q81fd9366,d8a5bfee4
q81fd9366,d886784be
q81fd9366,d8efddea4
q81fd9366,d87c3b0aa
q84dc5c34,d8d9f196a
q84dc5c34,d8120e420
q84dc5c34,d81bc4c58
q84dc5c34,d8da8a3ae
q84dc5c34,d89f86a50
q84dc5c34,d8f86df24
q84dc5c34,d85f2a2b8
q84dc5c34,d86d5f126
q84dc5c34,d8f1771d4
q84dc5c34,d8bfe61e2
q812ed2d8,d88f63a6a
q812ed2d8,d89cc922c
q812ed2d8,d8cff52b8
q812ed2d8,d8c81323e
q812ed2d8,d89c3809c
q812ed2d8,d89d96cea
q812ed2d8,d8f238bb8
q812ed2d8,d889bcb3e
q812ed2d8,d87821a5a
q812ed2d8,d8a9a08ce
q857cef82,d8b20367e
q857cef82,d8c182e2e
q857cef82,d8bcb8470
q857cef82,d8833bf80
q857cef82,d8f40b4f4
q857cef82,d888b59ac
q857cef82,d8dfaed62
q857cef82,d8903835a
q857cef82,d8d2c9b06
q857cef82,d8e18a4ba
q8126ce80,d8126d1c8
q8126ce80,d86a4182c
q8126ce80,d8f6a8856
q8126ce80,d89b1acf0
q8126ce80,d88755be8
q8126ce80,d8ea2f1d8
q8126ce80,d8bfe616a
q8126ce80,d8bfe61e2
q8126ce80,d8ae06184
q8126ce80,d8ae49998
q844dbad8,d8402ea26
q844dbad8,d8a5ad050
q844dbad8,d87b8cb5e
q844dbad8,d886784be
q844dbad8,d8e20241a
q844dbad8,d8c397cb4
q844dbad8,d8e3a8e54
q844dbad8,d88791c74
q844dbad8,d8e80f754
q844dbad8,d87c0c0e8
q84845660,d8b5a1998
q84845660,d8b406610
q84845660,d8d5a132e
q84845660,d8600bbaa
q84845660,d8d2ea612
q84845660,d86cf710c
q84845660,d8b8a59c8
q84845660,d88f4ee76
q84845660,d8f286e62
q84845660,d8736bd6c
q82287360,d81180850
q82287360,d89c0de6e
q82287360,d8c882346
q82287360,d873d5294
q82287360,d8ce2f3a2
q82287360,d8dba3998
q82287360,d88540312
q82287360,d8de399d2
q82287360,d8634d05c
q82287360,d8204fbba
q829bcdd8,d8f44f76c
q829bcdd8,d89bcbec4
q829bcdd8,d8b445612
q829bcdd8,d87b7026a
q829bcdd8,d86c4ff10
q829bcdd8,d864959e6
q829bcdd8,d85eb42c0
q829bcdd8,d8ee11ce2
q829bcdd8,d8753470c
q829bcdd8,d8ef908ca
q81f93208,d8885219a
q81f93208,d8a67f46a
q81f93208,d8204fdae
q81f93208,d8724e0ce
q81f93208,d81f21f40
q81f93208,d81f93492
q81f93208,d87397ef8
q81f93208,d85db9d48
q81f93208,d8dfe9804
q81f93208,d88244c1c
q811517ee,d813b8f64
q811517ee,d8c849834
q811517ee,d891682e8
q811517ee,d8e99e5ca
q811517ee,d8b8a59c8
q811517ee,d898ddafa
q811517ee,d877c9d5a
q811517ee,d87817f0a
q811517ee,d8f3eb24e
q811517ee,d8968e092
q8265da70,d8e461576
q8265da70,d8f44f712
q8265da70,d889d03b4
q8265da70,d88a11d46
q8265da70,d8d66fa9e
q8265da70,d8dd01218
q8265da70,d8889dee2
q8265da70,d8c0cb0da
q8265da70,d89018384
q8265da70,d89ed6358
q81f4d938,d89007bd8
q81f4d938,d8c6614cc
q81f4d938,d8dde1eb2
q81f4d938,d8ac92f14
q81f4d938,d810b791e
q81f4d938,d86a04710
q81f4d938,d8a0a3348
q81f4d938,d85ee0a1e
q81f4d938,d8a700452
q81f4d938,d8779f2d0
q82eb0f9c,d8110ac4a
q82eb0f9c,d8adbdc18
q82eb0f9c,d8110ad8a
q82eb0f9c,d8a8e9afc
q82eb0f9c,d8d1462de
q82eb0f9c,d8abb3378
q82eb0f9c,d89381ff2
q82eb0f9c,d8c52860a
q82eb0f9c,d8e82fe0a
q82eb0f9c,d823e9b0e
q81aa19b6,d8c6c167e
q81aa19b6,d8a4a437a
q81aa19b6,d81aa1ba0
q81aa19b6,d8a0bce42
q81aa19b6,d827ba47c
q81aa19b6,d8682622c
q81aa19b6,d8bcea286
q81aa19b6,d8729050a
q81aa19b6,d828fb160
q81aa19b6,d894c2fd8
q845b385c,d8b477a04
q845b385c,d815c514a
q845b385c,d8b546aac
q845b385c,d813f955a
q845b385c,d8aba73fc
q845b385c,d882b6100
q845b385c,d86338134
q845b385c,d8f125474
q845b385c,d888eaa6c
q845b385c,d8a73eef0
q8539a24a,d851738c2
q8539a24a,d8a355776
q8539a24a,d8be45f18
q8539a24a,d815665c8
q8539a24a,d8a49a23a
q8539a24a,d8777edb4
q8539a24a,d87c0c0e8
q8539a24a,d86d9fd70
q8539a24a,d81b7d52e
q8539a24a,d89d96cea
q8586ac20,d8e64bbca
q8586ac20,d8366a292
q8586ac20,d88be1f68
q8586ac20,d89420940
q8586ac20,d88ac7542
q8586ac20,d86338094
q8586ac20,d8e64bc7e
q8586ac20,d8f43c3b0
q8586ac20,d8942099a
q8586ac20,d8170caf8
q84f51a8a,d8d4d279a
q84f51a8a,d8b7c2e20
q84f51a8a,d8a67f3e8
q84f51a8a,d8f92165a
q84f51a8a,d87e56ae2
q84f51a8a,d8a2c359c
q84f51a8a,d8bbd0454
q84f51a8a,d8d3d345c
q84f51a8a,d8ee840ee
q84f51a8a,d8a894b7e
q85984980,d8c258f74
q85984980,d815dd812
q85984980,d88453c88
q85984980,d8609ed92
q85984980,d815dd9fc
q85984980,d8bb92302
q85984980,d8dcdc6d4
q85984980,d8ef60922
q85984980,d8de10d8e
q85984980,d87817f0a
q8328ed6c,d87e7dfe8
q8328ed6c,d8dbcea9e
q8328ed6c,d8a3e1b0e
q8328ed6c,d87397ef8
q8328ed6c,d8b8bf080
q8328ed6c,d878d6072
q8328ed6c,d8ca743a2
q8328ed6c,d8c9261a8
q8328ed6c,d86481c2a
q8328ed6c,d8b66f3e8
q83f8afde,d87d15e9e
q83f8afde,d8aa5184a
q83f8afde,d8f6b5b3c
q83f8afde,d8ca88370
q83f8afde,d890b88d4
q83f8afde,d8ea69f72
q83f8afde,d88465e9c
q83f8afde,d8ac67fda
q83f8afde,d8c3580c8
q83f8afde,d8724e038
q82a009b6,d81635922
q82a009b6,d89a25598
q82a009b6,d89a8e796
q82a009b6,d8b3c9922
q82a009b6,d80f19ad0
q82a009b6,d8d36263a
q82a009b6,d8acaade4
q82a009b6,d8963555a
q82a009b6,d87d2d792
q82a009b6,d8cbb2052
q81ee3fa6,d81ee42da
q81ee3fa6,d8a3e192e
q81ee3fa6,d8a3e196a
q81ee3fa6,d8e6bf822
q81ee3fa6,d85f42ffc
q81ee3fa6,d86efa9c2
q81ee3fa6,d88cf8d98
q81ee3fa6,d8ae06058
q81ee3fa6,d8a3623ea
q81ee3fa6,d89bf2420
q8184fb22,d8baa67cc
q8184fb22,d87eff462
q8184fb22,d89c4f80a
q8184fb22,d8e83c6b4
q8184fb22,d8bda35a6
q8184fb22,d8e503d12
q8184fb22,d8b78e986
q8184fb22,d8be9b9f4
q8184fb22,d8f1eecac
q8184fb22,d842c8cfa
q85ca9516,d85d720ec
q85ca9516,d811fbfc8
q85ca9516,d8ddd9334
q85ca9516,d8a2a83c8
q85ca9516,d88995aa2
q85ca9516,d890288e2
q85ca9516,d889169f0
q85ca9516,d8cdc72c0
q85ca9516,d8da9f902
q85ca9516,d8da9f876
q846cc1ee,d8d86da9e
q846cc1ee,d8edb981c
q846cc1ee,d8a6a4026
q846cc1ee,d8b66f50a
q846cc1ee,d85f62028
q846cc1ee,d892c83c2
q846cc1ee,d8a3624f8
q846cc1ee,d8870b2fa
q846cc1ee,d8b11ac44
q846cc1ee,d8c0ad06c
q818187da,d818189c4
q818187da,d81818a3c
q818187da,d88f63b28
q818187da,d8ef0c660
q818187da,d82729ada
q818187da,d8c7a8e52
q818187da,d88f63bfa
q818187da,d88292138
q818187da,d85f361d0
q818187da,d8ea7c46a
q84370e1e,d811fbfc8
q84370e1e,d8817e2ec
q84370e1e,d88c3582a
q84370e1e,d8c8c188e
q84370e1e,d827068f0
q84370e1e,d8da9f902
q84370e1e,d87b359f8
q84370e1e,d876af55a
q84370e1e,d87fed8b0
q84370e1e,d82f20b58
q811dbf2a,d824fd022
q811dbf2a,d811dc222
q811dbf2a,d8e903c50
q811dbf2a,d88a7a486
q811dbf2a,d88791ec2
q811dbf2a,d831eaf0a
q811dbf2a,d8ab28bf6
q811dbf2a,d8a8cff9e
q811dbf2a,d87ee55ee
q811dbf2a,d88916b1c
q83ac8384,d83ac8726
q83ac8384,d8f238dde
q83ac8384,d8aff4fc2
q83ac8384,d8445e56a
q83ac8384,d87b4decc
q83ac8384,d8c56f1c2
q83ac8384,d87d8104a
q83ac8384,d8cf474b0
q83ac8384,d8d78367e
q83ac8384,d8ee11ce2
q84ce42de,d8b93b0e0
q84ce42de,d83ac85fa
q84ce42de,d8e275884
q84ce42de,d8ce65a6a
q84ce42de,d8cbf245e
q84ce42de,d8871db08
q84ce42de,d892c8322
q84ce42de,d8ae38e68
q84ce42de,d8f31013a
q84ce42de,d8b40666a
q854769d4,d887a48e2
q854769d4,d80ef6dd2
q854769d4,d8aa5184a
q854769d4,d8c7a8ec0
q854769d4,d877bdd2a
q854769d4,d8d33019e
q854769d4,d8b78e88c
q854769d4,d8b8bf080
q854769d4,d877bdca8
q854769d4,d863aba62
q8201b8d8,d89393072
q8201b8d8,d8c3d3804
q8201b8d8,d8e80f7d6
q8201b8d8,d87d8104a
q8201b8d8,d8201ba40
q8201b8d8,d88d15e5c
q8201b8d8,d825e6c7c
q8201b8d8,d8c3c0024
q8201b8d8,d8828404c
q8201b8d8,d8e33b016
q831acf48,d892f27b2
q831acf48,d8b4e96a4
q831acf48,d8b5b946c
q831acf48,d8aacb9ec
q831acf48,d8c1a89d0
q831acf48,d8c38eeca
q831acf48,d880bf112
q831acf48,d8da9f876
q831acf48,d8f70d54e
q831acf48,d8ee3f19c
q8205e688,d894c31ae
q8205e688,d8a223380
q8205e688,d862d1d4e
q8205e688,d815cd25a
q8205e688,d81a04fe4
q8205e688,d8c95a692
q8205e688,d8836be7e
q8205e688,d8e436060
q8205e688,d8775a568
q8205e688,d8e6bf822
q82b41e56,d82b4220c
q82b41e56,d8cf9f278
q82b41e56,d891db1f8
q82b41e56,d8ec03e78
q82b41e56,d8f0b4eb8
q82b41e56,d81d75c5a
q82b41e56,d882b61c8
q82b41e56,d81658f8a
q82b41e56,d828e3ad8
q82b41e56,d8d151fd0
q84cff2f0,d8e65deb0
q84cff2f0,d8dd6abb4
q84cff2f0,d88fd8ee6
q84cff2f0,d8b054300
q84cff2f0,d8e13459c
q84cff2f0,d89504b2c
q84cff2f0,d87085ecc
q84cff2f0,d89635438
q84cff2f0,d87adb16a
q84cff2f0,d87085e54
q85b9e5b8,d85dae664
q85b9e5b8,d8cb746ee
q85b9e5b8,d85dae5ec
q85b9e5b8,d87851d9a
q85b9e5b8,d8ced7548
q85b9e5b8,d8a2c359c
q85b9e5b8,d8c64e89a
q85b9e5b8,d885f4164
q85b9e5b8,d8ef0c534
q85b9e5b8,d88d47cfe
q82ff7716,d8866b868
q82ff7716,d82def72a
q82ff7716,d8e5614b2
q82ff7716,d89028824
q82ff7716,d811fbece
q82ff7716,d86875c6e
q82ff7716,d88e958f4
q82ff7716,d8b6dd924
q82ff7716,d886c170e
q82ff7716,d88d9abe8
q83e22426,d8b962fa0
q83e22426,d8bb12a4e
q83e22426,d8bf90d82
q83e22426,d86b2f7de
q83e22426,d88c9d498
q83e22426,d814c142e
q83e22426,d8e7fbab0
q83e22426,d8a1177de
q83e22426,d89498bc0
q83e22426,d8c07e208
q83b1443c,d886aa45a
q83b1443c,d81392f30
q83b1443c,d8a854402
q83b1443c,d862d1cfe
q83b1443c,d8d63803a
q83b1443c,d86d9fcb2
q83b1443c,d8bf90c88
q83b1443c,d8c2e44c0
q83b1443c,d87068a48
q83b1443c,d8b5fc17c
q8314b324,d8e625600
q8314b324,d818fa748
q8314b324,d8927fac8
q8314b324,d8e4aa564
q8314b324,d880209cc
q8314b324,d8cff51fa
q8314b324,d8a02a010
q8314b324,d8b09080a
q8314b324,d8db8abe6
q8314b324,d8816fe40
q85940ec4,d831eaf0a
q85940ec4,d88791ec2
q85940ec4,d85f2a150
q85940ec4,d8aa1de78
q85940ec4,d8cfea05c
q85940ec4,d8b1d274a
q85940ec4,d8df6000e
q85940ec4,d883a3a72
q85940ec4,d86617314
q85940ec4,d8be615c4
q853a6126,d86ca15a4
q853a6126,d8d914ba0
q853a6126,d878d600e
q853a6126,d897fcac8
q853a6126,d8a714042
q853a6126,d8c1a8a20
q853a6126,d88453c88
q853a6126,d889a7edc
q853a6126,d8ab28c3c
q853a6126,d8202fdb0
q835915aa,d83374362
q835915aa,d888ccb52
q835915aa,d8994804e
q835915aa,d81ee4140
q835915aa,d8a5108a4
q835915aa,d8a51080e
q835915aa,d89151cb4
q835915aa,d8c07e33e
q835915aa,d8c7d2bbc
q835915aa,d8c85478e
q81232230,d8181896a
q81232230,d8673d5c2
q81232230,d8e487988
q81232230,d8670e88a
q81232230,d81452222
q81232230,d8b97f092
q81232230,d8d0d51a6
q81232230,d8c66ff9a
q81232230,d8e881796
q81232230,d80f34e2a
q83a6f7b6,d8202fc16
q83a6f7b6,d8d32ffc8
q83a6f7b6,d877bdb9a
q83a6f7b6,d88ee0bb0
q83a6f7b6,d88ee0b24
q83a6f7b6,d81bf4296
q83a6f7b6,d89dd0dbe
q83a6f7b6,d8c3580c8
q83a6f7b6,d8d624b5c
q83a6f7b6,d86f2afe6
q816357f6,d86e0dd20
q816357f6,d8a5d64c8
q816357f6,d8ec03e78
q816357f6,d8a6c7a4e
q816357f6,d8c9f2794
q816357f6,d89fc2cbc
q816357f6,d8de58030
q816357f6,d869ea428
q816357f6,d8617c796
q816357f6,d8b38862a
q85ba959e,d81e4fb4e
q85ba959e,d85fde1dc
q85ba959e,d8f303f48
q85ba959e,d88e1c4cc
q85ba959e,d872994ca
q85ba959e,d8aeb4842
q85ba959e,d8b09080a
q85ba959e,d8291ab28
q85ba959e,d8dbce7d8
q85ba959e,d898cf7a2
q81332f22,d8ac57680
q81332f22,d81333094
q81332f22,d8912bd02
q81332f22,d88552300
q81332f22,d8b49cc32
q81332f22,d8ebf3866
q81332f22,d8b901c14
q81332f22,d8c12784e
q81332f22,d82590106
q81332f22,d8327a646
q8396ee3e,d8e26449e
q8396ee3e,d81bf4304
q8396ee3e,d8b3c9922
q8396ee3e,d8e2643f4
q8396ee3e,d87194ca0
q8396ee3e,d8267f04e
q8396ee3e,d8d9ffad8
q8396ee3e,d8b8a59c8
q8396ee3e,d8a2da198
q8396ee3e,d8ef54c26
q85b816b6,d8a06de96
q85b816b6,d8d3c556e
q85b816b6,d886d0ab0
q85b816b6,d87d2d972
q85b816b6,d8e2434d8
q85b816b6,d8b6053ee
q85b816b6,d873acb14
q85b816b6,d8c62058a
q85b816b6,d8c9260ea
q85b816b6,d8204fbba
q83d15722,d813a40b4
q83d15722,d8124330a
q83d15722,d863d99bc
q83d15722,d881e206c
q83d15722,d8d42a6e4
q83d15722,d8bb24a96
q83d15722,d8e8a6550
q83d15722,d87abdaf2
q83d15722,d8880226c
q83d15722,d8a89eb4c
q81c91bd6,d8c854694
q81c91bd6,d8f193e56
q81c91bd6,d87817e9c
q81c91bd6,d88e1c4cc
q81c91bd6,d87303a32
q81c91bd6,d8e170038
q81c91bd6,d8e90caa8
q81c91bd6,d86155baa
q81c91bd6,d870d5e22
q81c91bd6,d872994ca
q83ff4a60,d88e7c8a4
q83ff4a60,d8192290a
q83ff4a60,d8165903e
q83ff4a60,d8ab7e902
q83ff4a60,d88391926
q83ff4a60,d8cb1d7cc
q83ff4a60,d877c9ddc
q83ff4a60,d8e8f9f52
q83ff4a60,d8e44778e
q83ff4a60,d88f63b28
q84f1161a,d885f4164
q84f1161a,d8b963220
q84f1161a,d8a6b0042
q84f1161a,d88d47cfe
q84f1161a,d885f411e
q84f1161a,d8b0a1eac
q84f1161a,d892da8e2
q84f1161a,d824fce4c
q84f1161a,d8e8a647e
q84f1161a,d8619483c
q84d48068,d8d2dc8f0
q84d48068,d89c6bbc2
q84d48068,d8d2dc94a
q84d48068,d8e613194
q84d48068,d8d8da31a
q84d48068,d8e0b4e3c
q84d48068,d879b9bb0
q84d48068,d897e4450
q84d48068,d8b4e965e
q84d48068,d8259020a
q81afd040,d8bf3a40a
q81afd040,d86c11652
q81afd040,d81252148
q81afd040,d8757db50
q81afd040,d8ddc6a9a
q81afd040,d89f40870
q81afd040,d8f565598
q81afd040,d8e075dae
q81afd040,d8880226c
q81afd040,d8aa2d9e0
q858184ca,d815e5bfc
q858184ca,d86abb366
q858184ca,d86a2e506
q858184ca,d89eaf4ce
q858184ca,d8acc08c4
q858184ca,d86261e54
q858184ca,d89f703e0
q858184ca,d8143a212
q858184ca,d86efa878
q858184ca,d88fd8dec
q8316fc06,d81b363f4
q8316fc06,d8d1ead7a
q8316fc06,d8316feb8
q8316fc06,d899e3d96
q8316fc06,d811284de
q8316fc06,d86f6bc1c
q8316fc06,d8b9e8010
q8316fc06,d8a6353c4
q8316fc06,d8619f7c8
q8316fc06,d87d3528a
q827cc5dc,d88fd8ee6
q827cc5dc,d8e65deb0
q827cc5dc,d8e13459c
q827cc5dc,d89e993f4
q827cc5dc,d87085ecc
q827cc5dc,d8b11ac44
q827cc5dc,d87397d9a
q827cc5dc,d87adb16a
q827cc5dc,d8204017e
q827cc5dc,d87085e54
q81bcfd1a,d89fa9244
q81bcfd1a,d86200672
q81bcfd1a,d8f536cd4
q81bcfd1a,d81566618
q81bcfd1a,d87c0c0e8
q81bcfd1a,d85e0b580
q81bcfd1a,d8b4f5576
q81bcfd1a,d8f8897e2
q81bcfd1a,d8c849834
q81bcfd1a,d8185ccc8
q81e57b96,d873d5294
q81e57b96,d8d1371e4
q81e57b96,d89ac6330
q81e57b96,d869dcc1a
q81e57b96,d815e5c7e
q81e57b96,d86c11652
q81e57b96,d864b4f4e
q81e57b96,d8dc8cc10
q81e57b96,d88540312
q81e57b96,d8f43c3b0
q835a4894,d8232f0ba
q835a4894,d8a266e3c
q835a4894,d8caf36de
q835a4894,d89007c64
q835a4894,d881c81e4
q835a4894,d8799ac56
q835a4894,d81559512
q835a4894,d8baa68bc
q835a4894,d8a3912d0
q835a4894,d8a391334
q8170c918,d89bd4844
q8170c918,d8d99831a
q8170c918,d8c3f3a28
q8170c918,d8d998374
q8170c918,d8366a242
q8170c918,d8e0085ec
q8170c918,d8cb1d7cc
q8170c918,d8f68a388
q8170c918,d8a951d8c
q8170c918,d8cb1d8f8
q85777200,d8aadb4b4
q85777200,d838d6698
q85777200,d8dd4ba5c
q85777200,d87434d0c
q85777200,d890e0348
q85777200,d894cfda0
q85777200,d890e02e4
q85777200,d8acffa4c
q85777200,d8dd133e6
q85777200,d8d43dbb8
q822c51ec,d8eda647e
q822c51ec,d8673d5c2
q822c51ec,d8ef0c4c6
q822c51ec,d8903847c
q822c51ec,d8cc34174
q822c51ec,d899fdaac
q822c51ec,d8acffa88
q822c51ec,d81a10312
q822c51ec,d81f2e7e0
q822c51ec,d862153a6
q85003dde,d8642a358
q85003dde,d810b77fc
q85003dde,d810b78b0
q85003dde,d816dc6dc
q85003dde,d8f7b6e82
q85003dde,d89eaf3f2
q85003dde,d89794072
q85003dde,d8acc08c4
q85003dde,d80f19a44
q85003dde,d88c35780
q8433e9a0,d873efd9c
q8433e9a0,d8185ccc8
q8433e9a0,d8b4f5576
q8433e9a0,d8b0312a6
q8433e9a0,d8bac1e0a
q8433e9a0,d875a11fe
q8433e9a0,d8836bee2
q8433e9a0,d8bac1dba
q8433e9a0,d83dd4d5c
q8433e9a0,d8836be7e
q829ed85c,d8c18d6c6
q829ed85c,d8d43dab4
q829ed85c,d8c3c0024
q829ed85c,d87303a32
q829ed85c,d87a7e244
q829ed85c,d8a149b76
q829ed85c,d8730394c
q829ed85c,d88d15e5c
q829ed85c,d8dcbef62
q829ed85c,d8942edf6
q82432d04,d87d2d792
q82432d04,d8ce70870
q82432d04,d8b740a9c
q82432d04,d87f3c4ca
q82432d04,d8619f818
q82432d04,d8cda6660
q82432d04,d8ca63caa
q82432d04,d8be45e46
q82432d04,d8c408374
q82432d04,d8642a2d6
q820b0bcc,d8754940e
q820b0bcc,d87d15e9e
q820b0bcc,d8b024b5a
q820b0bcc,d8c6e8f4e
q820b0bcc,d8d295874
q820b0bcc,d8aaa2970
q820b0bcc,d828e3ad8
q820b0bcc,d8c397df4
q820b0bcc,d8b5692dc
q820b0bcc,d8963546a
q82d6a034,d812c0c38
q82d6a034,d8bf79a56
q82d6a034,d89f86ae6
q82d6a034,d880b0662
q82d6a034,d8b3e3232
q82d6a034,d878d600e
q82d6a034,d87144d0e
q82d6a034,d8c518d5e
q82d6a034,d85eb42c0
q82d6a034,d89813bc4
q8348fc4c,d896ad42e
q8348fc4c,d8dc58b2c
q8348fc4c,d8d20b8b8
q8348fc4c,d874e9766
q8348fc4c,d89d89144
q8348fc4c,d8b0af3e0
q8348fc4c,d8c7e0b40
q8348fc4c,d8e11c2a8
q8348fc4c,d8a3913c0
q8348fc4c,d8f529c50
q83100f7c,d819d23c8
q83100f7c,d86481ca2
q83100f7c,d819d2526
q83100f7c,d87e41c6e
q83100f7c,d8ae060a8
q83100f7c,d8e4ea36c
q83100f7c,d8863d1a2
q83100f7c,d8dae1604
q83100f7c,d8aaf8546
q83100f7c,d8c975ab4
q828c1afa,d89dd0dbe
q828c1afa,d86feb692
q828c1afa,d8ea20f48
q828c1afa,d8889ddac
q828c1afa,d872995f6
q828c1afa,d897d0bc6
q828c1afa,d8ab978c6
q828c1afa,d86d4d87c
q828c1afa,d8c2c6e2a
q828c1afa,d8d7575d8
q8157d8d6,d8157dce6
q8157d8d6,d815cd1ec
q8157d8d6,d8b16dc82
q8157d8d6,d8738a30c
q8157d8d6,d87d04158
q8157d8d6,d8c66156c
q8157d8d6,d87208074
q8157d8d6,d8b054260
q8157d8d6,d8f7483b0
q8157d8d6,d8a85420e
q85b90684,d8ab11140
q85b90684,d863ab88c
q85b90684,d87b4decc
q85b90684,d86b2243a
q85b90684,d86a046b6
q85b90684,d875d8a96
q85b90684,d8c1b42bc
q85b90684,d862d1d4e
q85b90684,d8863443a
q85b90684,d8628744c
q813cd09a,d889d03fa
q813cd09a,d8eca5016
q813cd09a,d8bfe6052
q813cd09a,d8dec8510
q813cd09a,d86826402
q813cd09a,d87ccfda4
q813cd09a,d87d04158
q813cd09a,d8bd4bb94
q813cd09a,d8e3fa25e
q813cd09a,d88755be8
q82441796,d824419da
q82441796,d8a28fd0a
q82441796,d8ae815aa
q82441796,d83374362
q82441796,d81c799fa
q82441796,d894c30dc
q82441796,d8b2d576e
q82441796,d889ff10a
q82441796,d8afd3b1a
q82441796,d886120b0
q819d229c,d8779f276
q819d229c,d818cb3a8
q819d229c,d8be614b6
q819d229c,d8af2482c
q819d229c,d87144fa2
q819d229c,d8a0a3348
q819d229c,d8c6614cc
q819d229c,d8e69fdf6
q819d229c,d8c2c6d58
q819d229c,d810b791e
q85bc44e8,d8aeb4842
q85bc44e8,d8aeb47b6
q85bc44e8,d8f88988c
q85bc44e8,d86e9b8aa
q85bc44e8,d8dd13544
q85bc44e8,d85fde1dc
q85bc44e8,d8c8b5bb0
q85bc44e8,d838f1e52
q85bc44e8,d8e1b1dc6
q85bc44e8,d8d2a59f4
q85709e08,d86e6dca2
q85709e08,d8f82455e
q85709e08,d8bac1bc6
q85709e08,d81447a3e
q85709e08,d8ddaa228
q85709e08,d877c9d5a
q85709e08,d8d259b4e
q85709e08,d89deaa16
q85709e08,d8445e704
q85709e08,d8ab7e902
q84805b5a,d8185cc32
q84805b5a,d8b0a1ef2
q84805b5a,d8bac1d10
q84805b5a,d8cd34a38
q84805b5a,d8b4f54e0
q84805b5a,d8dbe58e8
q84805b5a,d8d1fd4a2
q84805b5a,d8e75807c
q84805b5a,d8822dba2
q84805b5a,d86e1fc14
q83fa38cc,d8ce5486e
q83fa38cc,d81f77ad0
q83fa38cc,d862d1d4e
q83fa38cc,d8d33fd38
q83fa38cc,d8a0e3dc6
q83fa38cc,d82604286
q83fa38cc,d8cbf259e
q83fa38cc,d8f26f5dc
q83fa38cc,d8c1617a6
q83fa38cc,d8912badc
q833b4156,d8bef6994
q833b4156,d87ec1d10
q833b4156,d8ab7ebbe
q833b4156,d8cef8220
q833b4156,d8924d550
q833b4156,d8c3dd70a
q833b4156,d8d2dc94a
q833b4156,d8d000c76
q833b4156,d82def6b2
q833b4156,d85fa207e
q8399f3a4,d810b78b0
q8399f3a4,d810b77fc
q8399f3a4,d8eabdf96
q8399f3a4,d8a2a8350
q8399f3a4,d816dc65a
q8399f3a4,d827745bc
q8399f3a4,d8745abe2
q8399f3a4,d8bc3a250
q8399f3a4,d87c543de
q8399f3a4,d895e2c42
q83b376e4,d8366a242
q83b376e4,d8366a0b2
q83b376e4,d8a531806
q83b376e4,d88ea2428
q83b376e4,d864958e2
q83b376e4,d8a0e3c90
q83b376e4,d8ae711aa
q83b376e4,d8157dae8
q83b376e4,d8b51fb96
q83b376e4,d8add2c94
q8504d8bc,d8cda675a
q8504d8bc,d8cd63f2c
q8504d8bc,d8c70859c
q8504d8bc,d8b97f092
q8504d8bc,d8af42bec
q8504d8bc,d8e44778e
q8504d8bc,d8d998220
q8504d8bc,d892f274e
q8504d8bc,d8f8d68b2
q8504d8bc,d8d07eb26
q82e2ab22,d8954de94
q82e2ab22,d86155c04
q82e2ab22,d891f856e
q82e2ab22,d8e08335a
q82e2ab22,d88e0d60c
q82e2ab22,d8ebde7d6
q82e2ab22,d8aab42a6
q82e2ab22,d8e533da0
q82e2ab22,d89985dae
q82e2ab22,d8b1ba92e
q829908be,d8f8cb3f4
q829908be,d8402e864
q829908be,d8afbdd10
q829908be,d8c00bfa0
q829908be,d8f7b6f9a
q829908be,d8c043a04
q829908be,d8e3b4006
q829908be,d8f40b47c
q829908be,d898ef12e
q829908be,d8b8ccf8c
q83669e0a,d89bb4e18
q83669e0a,d873214a6
q83669e0a,d8a4cf1a6
q83669e0a,d8ba699bc
q83669e0a,d8db71844
q83669e0a,d8dde1fac
q83669e0a,d8a4cf110
q83669e0a,d884b7986
q83669e0a,d8ba69b4c
q83669e0a,d8b49cc32
q83dd4992,d887e6904
q83dd4992,d8d46fcd0
q83dd4992,d8e3a8e54
q83dd4992,d87d04158
q83dd4992,d889d03fa
q83dd4992,d8d5a132e
q83dd4992,d88c1719a
q83dd4992,d8bfe6052
q83dd4992,d87b803cc
q83dd4992,d81c09164
q830bca48,d8dbcea9e
q830bca48,d8a3e1b0e
q830bca48,d8e4ea592
q830bca48,d88c1f1f6
q830bca48,d8b8bf080
q830bca48,d878d6072
q830bca48,d897fcb2c
q830bca48,d8aff4fc2
q830bca48,d8a2c359c
q830bca48,d81447b6a
q859a1ed6,d8cc02a98
q859a1ed6,d8ca63d7c
q859a1ed6,d8f4a865a
q859a1ed6,d8c029956
q859a1ed6,d8a3ffbc2
q859a1ed6,d8e1c123a
q859a1ed6,d87964ef8
q859a1ed6,d8e8a65c8
q859a1ed6,d8e0b4df6
q859a1ed6,d8a0a31cc
q810cc3b4,d810cc698
q810cc3b4,d8996d98e
q810cc3b4,d8267f1c0
q810cc3b4,d86a78890
q810cc3b4,d86d241ac
q810cc3b4,d8ea983ae
q810cc3b4,d88e580da
q810cc3b4,d8adf5f6e
q810cc3b4,d87920366
q810cc3b4,d8e075ed0
q8402e2e2,d8af692a6
q8402e2e2,d8ea98444
q8402e2e2,d83ac84ce
q8402e2e2,d89c7a122
q8402e2e2,d8961a458
q8402e2e2,d8f8cb480
q8402e2e2,d8f0a7358
q8402e2e2,d8670e790
q8402e2e2,d8d2957f2
q8402e2e2,d8737bd48
q858cbd4a,d8693f46a
q858cbd4a,d8be45e46
q858cbd4a,d89678440
q858cbd4a,d89cb9b42
q858cbd4a,d8f1b621c
q858cbd4a,d837f6070
q858cbd4a,d8cd9d5c4
q858cbd4a,d8f0947da
q858cbd4a,d897bc70c
q858cbd4a,d89e8d02c
q83bf4b36,d8c5ed9be
q83bf4b36,d8d90416a
q83bf4b36,d8c7d2a18
q83bf4b36,d867d8d38
q83bf4b36,d86feb494
q83bf4b36,d86f5c884
q83bf4b36,d89151e12
q83bf4b36,d8e3a8ec2
q83bf4b36,d86e1fb56
q83bf4b36,d87ee57ce
q812de33c,d8e561610
q812de33c,d8ed764ae
q812de33c,d8bb3cc22
q812de33c,d87c0c0e8
q812de33c,d897ab36c
q812de33c,d8bc6e46a
q812de33c,d8bac1d10
q812de33c,d8ae498c6
q812de33c,d88f44142
q812de33c,d86ada392
q85831240,d8b3c9922
q85831240,d84dc5e00
q85831240,d8da8a282
q85831240,d86a8762e
q85831240,d8d4983b0
q85831240,d88c06fca
q85831240,d8aac31b6
q85831240,d8d36263a
q85831240,d81d04eb0
q85831240,d8aea74da
q851a0e26,d87508ab2
q851a0e26,d89821814
q851a0e26,d811394dc
q851a0e26,d8dd8d600
q851a0e26,d8d40a52e
q851a0e26,d82080652
q851a0e26,d8f24878e
q851a0e26,d8e4878de
q851a0e26,d884fed36
q851a0e26,d8ddb692e
q8375b8cc,d8d3c556e
q8375b8cc,d873acb14
q8375b8cc,d8a06de96
q8375b8cc,d886d0ab0
q8375b8cc,d8c62058a
q8375b8cc,d8c9260ea
q8375b8cc,d8e2434d8
q8375b8cc,d897fcb2c
q8375b8cc,d860c4fc4
q8375b8cc,d8cf74302
q832c4dfe,d813cd3f6
q832c4dfe,d8634d05c
q832c4dfe,d8204ff2a
q832c4dfe,d8712c65a
q832c4dfe,d8a9b524c
q832c4dfe,d838f2014
q832c4dfe,d89754544
q832c4dfe,d8cb482ec
q832c4dfe,d889ff056
q832c4dfe,d8a2da2c4
q812a0c08,d8c5aa2cc
q812a0c08,d8d20b8b8
q812a0c08,d81b363f4
q812a0c08,d8a765500
q812a0c08,d837f6070
q812a0c08,d86a78890
q812a0c08,d8d9d0904
q812a0c08,d8666b9f0
q812a0c08,d8c975a14
q812a0c08,d8b0af3e0
q84a5d830,d81694f62
q84a5d830,d8d43dbb8
q84a5d830,d888b5b50
q84a5d830,d8db8ad80
q84a5d830,d8db8ace0
q84a5d830,d82074424
q84a5d830,d8b1d2696
q84a5d830,d8aa044e6
q84a5d830,d85fc6834
q84a5d830,d8c1a8a20
q82d2c518,d87d8104a
q82d2c518,d8e18a4ba
q82d2c518,d8e18a424
q82d2c518,d8201ba40
q82d2c518,d8903835a
q82d2c518,d8db8ad30
q82d2c518,d8db8ace0
q82d2c518,d888b5a88
q82d2c518,d8db8ad80
q82d2c518,d8e18a46a
q85461e58,d8693f41a
q85461e58,d8ddb692e
q85461e58,d87d418fa
q85461e58,d8cd9d542
q85461e58,d837f6002
q85461e58,d811394dc
q85461e58,d8b9db338
q85461e58,d89c1ccf2
q85461e58,d8b7a8d18
q85461e58,d8d8585c2
q82a93a40,d87c45258
q82a93a40,d8ee11ce2
q82a93a40,d872ba0bc
q82a93a40,d8bec3d96
q82a93a40,d8961a458
q82a93a40,d8b38862a
q82a93a40,d8670e790
q82a93a40,d88212b04
q82a93a40,d8e14a02c
q82a93a40,d8afe3ef2
q850114b6,d813f946a
q850114b6,d8f21a71c
q850114b6,d884b7986
q850114b6,d8a5ad050
q850114b6,d860bbdde
q850114b6,d8a58d1b0
q850114b6,d8913765c
q850114b6,d8867855e
q850114b6,d8c93dbb4
q850114b6,d8b8492b8
q82200a7c,d861be182
q82200a7c,d82267b64
q82200a7c,d8959cd0a
q82200a7c,d87e7dfe8
q82200a7c,d8a223380
q82200a7c,d887559a4
q82200a7c,d8f529c50
q82200a7c,d8190ffb2
q82200a7c,d818cb592
q82200a7c,d872e41f0
q85c747d0,d81aa1ba0
q85c747d0,d884b7986
q85c747d0,d8a4a437a
q85c747d0,d8729050a
q85c747d0,d8bcea286
q85c747d0,d812ed6a2
q85c747d0,d827ba47c
q85c747d0,d894c2fd8
q85c747d0,d8612d92a
q85c747d0,d8cfea156
q8483968a,d8ab10ff6
q8483968a,d8e2645b6
q8483968a,d8cbb2052
q8483968a,d8ec131ca
q8483968a,d878d600e
q8483968a,d8942edf6
q8483968a,d8c56f168
q8483968a,d81cd672c
q8483968a,d877bdca8
q8483968a,d8aa5184a
q836f2ebc,d8f38c2e4
q836f2ebc,d8bc3a250
q836f2ebc,d8d65f3ba
q836f2ebc,d8bdeb0f4
q836f2ebc,d8ec03d74
q836f2ebc,d869d0744
q836f2ebc,d8aa75a92
q836f2ebc,d87e0e7ce
q836f2ebc,d8f3d39d2
q836f2ebc,d8cc44a56
q8193210c,d8e586726
q8193210c,d86bc2976
q8193210c,d8187d7d4
q8193210c,d899c58c8
q8193210c,d8c54000c
q8193210c,d8aec2f3c
q8193210c,d8adbdc9a
q8193210c,d8c28a966
q8193210c,d8754940e
q8193210c,d86caca6c
q8361d06e,d8d1371e4
q8361d06e,d8ce2f3a2
q8361d06e,d81521004
q8361d06e,d88ac74f2
q8361d06e,d8f55a6f2
q8361d06e,d8ac36cfa
q8361d06e,d8f6f5502
q8361d06e,d86a2e5d8
q8361d06e,d86ada45a
q8361d06e,d8ce91fac
q84c06a10,d83ac8546
q84c06a10,d898ab28a
q84c06a10,d8d2c9b92
q84c06a10,d8f8cb480
q84c06a10,d85fbdc98
q84c06a10,d82eeda32
q84c06a10,d863d00c4
q84c06a10,d881e206c
q84c06a10,d899c585a
q84c06a10,d8666b9f0
q8321712c,d8126d092
q8321712c,d82384dda
q8321712c,d87053b20
q8321712c,d898ddafa
q8321712c,d8d3625ea
q8321712c,d8e6faeae
q8321712c,d8771f1c0
q8321712c,d8181896a
q8321712c,d813b8f64
q8321712c,d8f3eb24e
q84eaab0e,d873b5818
q84eaab0e,d86ca146e
q84eaab0e,d883db8d2
q84eaab0e,d869ea540
q84eaab0e,d88c17294
q84eaab0e,d88d47d62
q84eaab0e,d873b57aa
q84eaab0e,d8c2d5e16
q84eaab0e,d860d8920
q84eaab0e,d810cc698
q828823aa,d8e29de60
q828823aa,d871193d4
q828823aa,d8140c1d2
q828823aa,d862b5a18
q828823aa,d8e757f64
q828823aa,d8f3a7256
q828823aa,d8f8aa8a2
q828823aa,d884f25b8
q828823aa,d86ba97f0
q828823aa,d8e29dda2
q8115b172,d8a8d00de
q8115b172,d8b3ef14a
q8115b172,d873acb96
q8115b172,d864958e2
q8115b172,d89393072
q8115b172,d8775a48c
q8115b172,d8e33b016
q8115b172,d8ac80968
q8115b172,d86783d1a
q8115b172,d8b3c9922
q8584d3c8,d87bac620
q8584d3c8,d8cfea156
q8584d3c8,d87ef4044
q8584d3c8,d8a5bfee4
q8584d3c8,d89f12eac
q8584d3c8,d8de397b6
q8584d3c8,d813170b0
q8584d3c8,d89c035f4
q8584d3c8,d8f0947da
q8584d3c8,d873b5818
q847157e0,d827ba4e0
q847157e0,d8ca0ff9c
q847157e0,d8b0af37c
q847157e0,d8ebde524
q847157e0,d8b34cea4
q847157e0,d81aa1ba0
q847157e0,d8e0599f6
q847157e0,d8816fdc8
q847157e0,d8c4c9c18
q847157e0,d8d65f2e8
q82bd9cf6,d8ad8a444
q82bd9cf6,d8c408374
q82bd9cf6,d8ca63caa
q82bd9cf6,d88bf522a
q82bd9cf6,d87f3c4ca
q82bd9cf6,d8291a948
q82bd9cf6,d88bf532e
q82bd9cf6,d872efe10
q82bd9cf6,d8a02a0b0
q82bd9cf6,d8619f854
q8204fa8e,d87e7dfe8
q8204fa8e,d8f238bb8
q8204fa8e,d87397ef8
q8204fa8e,d8b6053ee
q8204fa8e,d8c9261a8
q8204fa8e,d89644ac8
q8204fa8e,d86d31078
q8204fa8e,d80ee27b0
q8204fa8e,d872e41f0
q8204fa8e,d8ca743a2
q84911440,d8ae16a2a
q84911440,d814f5ab2
q84911440,d879b9b56
q84911440,d892da860
q84911440,d86d4d5f2
q84911440,d8143a17c
q84911440,d8be614b6
q84911440,d8e6b82d4
q84911440,d87f3c4ca
q84911440,d8d960532
q85741ea2,d8dc58a82
q85741ea2,d87a1442a
q85741ea2,d8f25f70e
q85741ea2,d814d93bc
q85741ea2,d8d20b8b8
q85741ea2,d8ae16980
q85741ea2,d8b5b93e0
q85741ea2,d8e11c2a8
q85741ea2,d896ad38e
q85741ea2,d8cf927d0
q84ff0cfc,d8a9cb434
q84ff0cfc,d8e059938
q84ff0cfc,d82729c1a
q84ff0cfc,d8f6c9f60
q84ff0cfc,d8a6069de
q84ff0cfc,d8eabe0c2
q84ff0cfc,d8c773a72
q84ff0cfc,d8c28a902
q84ff0cfc,d8c63156a
q84ff0cfc,d8a606984
q84f3c928,d8b0a1ef2
q84f3c928,d86200672
q84f3c928,d8a149bb2
q84f3c928,d8f536cd4
q84f3c928,d89fa9244
q84f3c928,d8b16dcc8
q84f3c928,d8db949d4
q84f3c928,d8d42a6e4
q84f3c928,d8f2486ee
q84f3c928,d8d27b352
q847d465e,d87c7cba4
q847d465e,d82e92858
q847d465e,d8e82ff9a
q847d465e,d82eedadc
q847d465e,d822f829a
q847d465e,d8bf0d6f8
q847d465e,d812326ea
q847d465e,d891a8730
q847d465e,d889e4cf6
q847d465e,d865bf06a
q852067b2,d8f3c1372
q852067b2,d834c518a
q852067b2,d8745189e
q852067b2,d8996d7fe
q852067b2,d8aa759d4
q852067b2,d8954de94
q852067b2,d895ff2de
q852067b2,d8903835a
q852067b2,d88877580
q852067b2,d8f9144b4
q8253617e,d8b1ba9b0
q8253617e,d8b20367e
q8253617e,d8a8d00de
q8253617e,d897bc860
q8253617e,d8d0d5322
q8253617e,d8b7e81ca
q8253617e,d8f55a60c
q8253617e,d8942edf6
q8253617e,d8e79b75a
q8253617e,d8b611810
q8588b970,d863d98cc
q8588b970,d8d04d56c
q8588b970,d830e4e9e
q8588b970,d8f458e2a
q8588b970,d8d89b192
q8588b970,d8df05fe6
q8588b970,d8712c4a2
q8588b970,d8b8275be
q8588b970,d88d5e382
q8588b970,d870401b0
q838c551e,d88f63a6a
q838c551e,d8cff52b8
q838c551e,d89c3809c
q838c551e,d8f238bb8
q838c551e,d89d96cea
q838c551e,d89cc922c
q838c551e,d864c92e6
q838c551e,d8c81323e
q838c551e,d8c518d5e
q838c551e,d8194e8a2
q82d1dfae,d887e6684
q82d1dfae,d8ece1d0e
q82d1dfae,d827ba47c
q82d1dfae,d8160f3b2
q82d1dfae,d8b5f3e32
q82d1dfae,d8e92af6c
q82d1dfae,d87da9b94
q82d1dfae,d87397d9a
q82d1dfae,d87b01f0e
q82d1dfae,d810dcc28
q81537282,d89cb9c64
q81537282,d81392eae
q81537282,d8cd9d542
q81537282,d8ddb692e
q81537282,d86030cd4
q81537282,d8693f41a
q81537282,d897bc7ca
q81537282,d837f6002
q81537282,d87d418fa
q81537282,d8cd9d632
q84b273ec,d8ccee808
q84b273ec,d81a6af56
q84b273ec,d8d43dab4
q84b273ec,d88100b3a
q84b273ec,d8e41ac8e
q84b273ec,d8b4da9ba
q84b273ec,d8cca9d98
q84b273ec,d8d2b2df2
q84b273ec,d89038404
q84b273ec,d8f66c716
q8529958a,d8c07e208
q8529958a,d823e9b0e
q8529958a,d89151bc4
q8529958a,d8a02a236
q8529958a,d8692d940
q8529958a,d8b635422
q8529958a,d883f9378
q8529958a,d8bdb73a8
q8529958a,d8be2adf8
q8529958a,d87508bb6
q85c1e02e,d8e82ff9a
q85c1e02e,d8cebef02
q85c1e02e,d81a10434
q85c1e02e,d8e487b04
q85c1e02e,d8e2cfa6e
q85c1e02e,d88d8cc64
q85c1e02e,d8d845eea
q85c1e02e,d8e58679e
q85c1e02e,d81e7a466
q85c1e02e,d8a255e48
q8136eb08,d8b10a6a0
q8136eb08,d87876ac8
q8136eb08,d8666bb44
q8136eb08,d8ea20ebc
q8136eb08,d8aacbaaa
q8136eb08,d8c812fdc
q8136eb08,d8f1fec92
q8136eb08,d8673d5c2
q8136eb08,d82441bf6
q8136eb08,d8f68a432
q8145f058,d8883c07a
q8145f058,d8afb062e
q8145f058,d8145f17a
q8145f058,d891682e8
q8145f058,d8c3f3be0
q8145f058,d8dc06480
q8145f058,d867a35c0
q8145f058,d89175920
q8145f058,d8e8eef12
q8145f058,d80ee26ca
q85a05e90,d8e50d786
q85a05e90,d89926250
q85a05e90,d8373b0ea
q85a05e90,d8cf63fc0
q85a05e90,d87ee5724
q85a05e90,d8b5c2aee
q85a05e90,d8b3b77b8
q85a05e90,d8cef8220
q85a05e90,d8f21a834
q85a05e90,d8b20367e
q8120e178,d8120e420
q8120e178,d81bc4c58
q8120e178,d886a1080
q8120e178,d89bd489e
q8120e178,d8d9f196a
q8120e178,d89f86a50
q8120e178,d89f869ec
q8120e178,d8a89eb4c
q8120e178,d81f2e7e0
q8120e178,d89bd4844
q83e8e32e,d81b362b4
q83e8e32e,d8ed18c14
q83e8e32e,d8124330a
q83e8e32e,d8a64b804
q83e8e32e,d87180e58
q83e8e32e,d88822814
q83e8e32e,d86a58cde
q83e8e32e,d8d5c9586
q83e8e32e,d866e523c
q83e8e32e,d899c5792
q839effac,d814987e0
q839effac,d8aa2d9e0
q839effac,d8b6054a2
q839effac,d8e75807c
q839effac,d895ff360
q839effac,d8876a0d4
q839effac,d862d1d4e
q839effac,d895f0f40
q839effac,d8f304088
q839effac,d8ae623b2
q84bdf1d6,d8e80f5f6
q84bdf1d6,d88163758
q84bdf1d6,d82604286
q84bdf1d6,d8923b08a
q84bdf1d6,d89ac6330
q84bdf1d6,d88f8774e
q84bdf1d6,d87c0c0e8
q84bdf1d6,d881e206c
q84bdf1d6,d8e7861d4
q84bdf1d6,d8c397d36
q81eaafa8,d870c57ca
q81eaafa8,d878c12ee
q81eaafa8,d8816fdc8
q81eaafa8,d8e0599ba
q81eaafa8,d8a4a437a
q81eaafa8,d827ba47c
q81eaafa8,d883f9472
q81eaafa8,d812ed6a2
q81eaafa8,d8add2bb8
q81eaafa8,d81aa1ba0
q85372790,d8bdc4e5e
q85372790,d880432f6
q85372790,d8f6dc49e
q85372790,d8b38862a
q85372790,d8f43c3b0
q85372790,d87f0c36a
q85372790,d8a51094e
q85372790,d8ce65a6a
q85372790,d8b4b05e8
q85372790,d8b0af1e2
q84c3c372,d818cb4d4
q84c3c372,d87d418fa
q84c3c372,d8693f41a
q84c3c372,d837f6002
q84c3c372,d87c1d62c
q84c3c372,d8cd216b8
q84c3c372,d86e5817c
q84c3c372,d8c823f26
q84c3c372,d8b9db338
q84c3c372,d8b4b0674
q826cd24e,d88c357e4
q826cd24e,d88ac74a2
q826cd24e,d81bc4c58
q826cd24e,d87ec1d10
q826cd24e,d8de3982e
q826cd24e,d818bcc4a
q826cd24e,d85fa207e
q826cd24e,d8738a30c
q826cd24e,d8d9f196a
q826cd24e,d812c0d78
q82699dea,d88ee0bb0
q82699dea,d89dd0dbe
q82699dea,d8889ddac
q82699dea,d8ea20f48
q82699dea,d8cd0121e
q82699dea,d81da9a50
q82699dea,d8805f000
q82699dea,d8bec3d96
q82699dea,d872995f6
q82699dea,d8805ef2e
q8326c244,d812c0c38
q8326c244,d8259f318
q8326c244,d880b0662
q8326c244,d89f86ae6
q8326c244,d87144d0e
q8326c244,d88bf5298
q8326c244,d8c518d5e
q8326c244,d8ab10ff6
q8326c244,d8b6987e8
q8326c244,d8ac0cb08
q818fa568,d8d151fd0
q818fa568,d88c4afd6
q818fa568,d8d295874
q818fa568,d83ac8546
q818fa568,d899c58c8
q818fa568,d8aba7546
q818fa568,d8e3d6a48
q818fa568,d8e075dae
q818fa568,d8aa3af82
q818fa568,d86c1f108
q82ab7daa,d878ee41a
q82ab7daa,d878829ae
q82ab7daa,d8f193c44
q82ab7daa,d89d740d2
q82ab7daa,d8843b1ec
q82ab7daa,d8292c544
q82ab7daa,d89d5bad2
q82ab7daa,d8cbcc146
q82ab7daa,d888dafea
q82ab7daa,d821eba82
q85880192,d8d1ead7a
q85880192,d86b2f8ec
q85880192,d8316feb8
q85880192,d811284de
q85880192,d8d6f44b0
q85880192,d8aea762e
q85880192,d8c4e9680
q85880192,d889f777a
q85880192,d86481ca2
q85880192,d8e83c4fc
q816ca8b0,d8ae168fe
q816ca8b0,d8d5420fe
q816ca8b0,d89064fd6
q816ca8b0,d8df60068
q816ca8b0,d87d4cea8
q816ca8b0,d8327a54c
q816ca8b0,d88a1c23c
q816ca8b0,d8a626a86
q816ca8b0,d8c07e33e
q816ca8b0,d86826362
q83e9e292,d8c9261a8
q83e9e292,d80ee27b0
q83e9e292,d872e41f0
q83e9e292,d8f67cc1a
q83e9e292,d87397ef8
q83e9e292,d8f238bb8
q83e9e292,d8880226c
q83e9e292,d87e7dfe8
q83e9e292,d8d059646
q83e9e292,d89f12dbc
q835220e2,d8dbce7d8
q835220e2,d87144de0
q835220e2,d869d0744
q835220e2,d898cf7a2
q835220e2,d88bf53f6
q835220e2,d8c5fafd8
q835220e2,d8291ab28
q835220e2,d865ee1c6
q835220e2,d85fde1dc
q835220e2,d8f8899d6
q84ba27ea,d8ab97a4c
q84ba27ea,d8ec130bc
q84ba27ea,d85f2a1fa
q84ba27ea,d8bd4baf4
q84ba27ea,d87d2d85a
q84ba27ea,d8bc8d28e
q84ba27ea,d86b5f290
q84ba27ea,d86fcfe9c
q84ba27ea,d8bd4baa4
q84ba27ea,d8c661526
q82c1c808,d8746a6d2
q82c1c808,d89901676
q82c1c808,d8609ed92
q82c1c808,d8c4c9b32
q82c1c808,d8e0084de
q82c1c808,d8c3f3a28
q82c1c808,d81bc4cbc
q82c1c808,d8191002a
q82c1c808,d865ee43c
q82c1c808,d8c9260ea
q83a0fcf8,d86b2243a
q83a0fcf8,d8c25900a
q83a0fcf8,d863ab88c
q83a0fcf8,d86731bf0
q83a0fcf8,d8a08677a
q83a0fcf8,d8d90421e
q83a0fcf8,d889a8030
q83a0fcf8,d8a149b26
q83a0fcf8,d8b1d2830
q83a0fcf8,d8908b438
q815113e8,d81511816
q815113e8,d8a4e6522
q815113e8,d8151164a
q815113e8,d837f60d4
q815113e8,d8ecca1ae
q815113e8,d8de48f7c
q815113e8,d8b1ea304
q815113e8,d81537412
q815113e8,d828a59b8
q815113e8,d8a3a4236
q8231b952,d898c4514
q8231b952,d8ab97a4c
q8231b952,d8bfe61e2
q8231b952,d8c75e2f8
q8231b952,d8d39c8da
q8231b952,d86abb366
q8231b952,d8ac67ef4
q8231b952,d87c542e4
q8231b952,d8ecca05a
q8231b952,d819100c0
q8393b9bc,d81b362b4
q8393b9bc,d89a9ce54
q8393b9bc,d8a5ad050
q8393b9bc,d884b7986
q8393b9bc,d898ef12e
q8393b9bc,d82c60742
q8393b9bc,d83392a88
q8393b9bc,d899c58c8
q8393b9bc,d888ccc10
q8393b9bc,d86052244
q840174b6,d8dcdc6d4
q840174b6,d81f2e650
q840174b6,d8c1b42bc
q840174b6,d8792edbc
q840174b6,d8694b792
q840174b6,d87528bdc
q840174b6,d8ebde7d6
q840174b6,d8cf13b42
q840174b6,d86f92b82
q840174b6,d8b8ed44e
q81d5b544,d8d259b4e
q81d5b544,d82bd9e4a
q81d5b544,d8ef9047e
q81d5b544,d817f6306
q81d5b544,d82223b3a
q81d5b544,d8e0598d4
q81d5b544,d8d0e7bbc
q81d5b544,d8a64b87c
q81d5b544,d882e5784
q81d5b544,d83427aa2
q84e3361c,d86481bd0
q84e3361c,d8b8befc2
q84e3361c,d876c84d8
q84e3361c,d8da668a0
q84e3361c,d8ec685c6
q84e3361c,d87434b5e
q84e3361c,d8f0dc3fa
q84e3361c,d88c06fca
q84e3361c,d86c3bd80
q84e3361c,d8806fc16
q81ce41f6,d81ce4372
q81ce41f6,d86200604
q81ce41f6,d826041e6
q81ce41f6,d8da9f600
q81ce41f6,d89504b2c
q81ce41f6,d89913416
q81ce41f6,d88d78be2
q81ce41f6,d8e13459c
q81ce41f6,d86f5c974
q81ce41f6,d89d22cb4
q852cab94,d892f2690
q852cab94,d88bf52e8
q852cab94,d8dd7a6fe
q852cab94,d8bb92302
q852cab94,d8dfa1806
q852cab94,d8883c07a
q852cab94,d88d5e53a
q852cab94,d8d757628
q852cab94,d87228ebe
q852cab94,d880b0662
q83f02d8c,d8cb746ee
q83f02d8c,d85dae664
q83f02d8c,d885c455e
q83f02d8c,d8af8aab4
q83f02d8c,d875d0026
q83f02d8c,d81447b6a
q83f02d8c,d816221ce
q83f02d8c,d8dfe97c8
q83f02d8c,d8a994ab0
q83f02d8c,d88c06fca
q83470c66,d8e316c34
q83470c66,d80ee2724
q83470c66,d8f286e62
q83470c66,d8b97f092
q83470c66,d81452222
q83470c66,d89ca87fc
q83470c66,d8181896a
q83470c66,d8673d5c2
q83470c66,d8c66ff9a
q83470c66,d8ef0c534
q84b68568,d8753470c
q84b68568,d8b2fbbd0
q84b68568,d85eb42c0
q84b68568,d8619488c
q84b68568,d89c3825e
q84b68568,d87b64280
q84b68568,d8b445612
q84b68568,d87228ebe
q84b68568,d8afe3ea2
q84b68568,d88a932c4
q81284e90,d8aba7460
q81284e90,d82c60742
q81284e90,d8a994a24
q81284e90,d8b39b2a2
q81284e90,d8cb9c07c
q81284e90,d875346bc
q81284e90,d8df06040
q81284e90,d88f44142
q81284e90,d8bef6944
q81284e90,d8d72ed18
q81ecc3ec,d8b054346
q81ecc3ec,d8366a242
q81ecc3ec,d8d4a9f48
q81ecc3ec,d82ba71d4
q81ecc3ec,d8155940e
q81ecc3ec,d8c326f1e
q81ecc3ec,d869ea428
q81ecc3ec,d89fc2cbc
q81ecc3ec,d8bea8d98
q81ecc3ec,d88791be8
q831eac4e,d811fbece
q831eac4e,d83b9f406
q831eac4e,d8bcb8358
q831eac4e,d886c170e
q831eac4e,d88d47c4a
q831eac4e,d88aec84c
q831eac4e,d81be6600
q831eac4e,d8e2b4c5a
q831eac4e,d8abb32e2
q831eac4e,d89629642
q822677ea,d896fc6d2
q822677ea,d86e1fa66
q822677ea,d8926f902
q822677ea,d8de399d2
q822677ea,d8c504cf0
q822677ea,d8c0d7f4c
q822677ea,d8c8d078a
q822677ea,d89ac6330
q822677ea,d899e3d96
q822677ea,d820d0562
q853f6702,d8ddaa052
q853f6702,d884dac2e
q853f6702,d83562e76
q853f6702,d8c06caee
q853f6702,d86fac3e8
q853f6702,d8963555a
q853f6702,d8d3625ea
q853f6702,d8a2da198
q853f6702,d8a8623a4
q853f6702,d8191002a
q84bbd8c4,d886d0ab0
q84bbd8c4,d8a5a332a
q84bbd8c4,d86481c2a
q84bbd8c4,d8b10a5f6
q84bbd8c4,d8f3a71d4
q84bbd8c4,d8c59d59a
q84bbd8c4,d8d1db1fe
q84bbd8c4,d82604286
q84bbd8c4,d8f70d54e
q84bbd8c4,d8186bf20
q81be64ac,d8693f46a
q81be64ac,d87a4d2de
q81be64ac,d85e2085e
q81be64ac,d89678440
q81be64ac,d8cd9d5c4
q81be64ac,d8f1b621c
q81be64ac,d837f6070
q81be64ac,d897bc70c
q81be64ac,d8196f46c
q81be64ac,d8eaec896
q85c627c4,d887a48e2
q85c627c4,d8aa5184a
q85c627c4,d877bdca8
q85c627c4,d8a67f5c8
q85c627c4,d8942edf6
q85c627c4,d80ef6dd2
q85c627c4,d8d4d2998
q85c627c4,d881a7aa2
q85c627c4,d8805f0d2
q85c627c4,d81cd677c
q856c87b4,d826da6d8
q856c87b4,d8de399d2
q856c87b4,d8724dfac
q856c87b4,d8199c8b8
q856c87b4,d8822daf8
q856c87b4,d886a10ee
q856c87b4,d861b4858
q856c87b4,d861b4718
q856c87b4,d88882868
q856c87b4,d81180850
q83d25d02,d8200a83a
q83d25d02,d815dda9c
q83d25d02,d8b6118f6
q83d25d02,d8b569278
q83d25d02,d86731b32
q83d25d02,d8871db08
q83d25d02,d89663c7a
q83d25d02,d870a787e
q83d25d02,d8185cb56
q83d25d02,d8eabe0c2
q83d5e170,d820d05c6
q83d5e170,d88540362
q83d5e170,d89ac6330
q83d5e170,d86df4e2e
q83d5e170,d82604286
q83d5e170,d8beb89f0
q83d5e170,d87cadb14
q83d5e170,d8953275c
q83d5e170,d8a321a7a
q83d5e170,d87d6c7a8
q838a16dc,d87b4dd5a
q838a16dc,d814988f8
q838a16dc,d8e75807c
q838a16dc,d87b01fcc
q838a16dc,d8f5af3a0
q838a16dc,d8dbe58e8
q838a16dc,d870a7798
q838a16dc,d8785f166
q838a16dc,d876c84d8
q838a16dc,d8836be7e
q84735fe0,d842dce1c
q84735fe0,d87228ebe
q84735fe0,d87528bdc
q84735fe0,d8bb92302
q84735fe0,d8b7f7422
q84735fe0,d87ef4044
q84735fe0,d85eb42c0
q84735fe0,d88453c88
q84735fe0,d8cf13b42
q84735fe0,d89f86aa0
q82c60594,d8ea5b13e
q82c60594,d89c3825e
q82c60594,d87e20550
q82c60594,d8a8e996c
q82c60594,d8ee11ce2
q82c60594,d861e3a54
q82c60594,d8bbd0562
q82c60594,d88791ec2
q82c60594,d85de8c9c
q82c60594,d87b64280
q84761ffa,d82f20c66
q84761ffa,d8a4fc0c0
q84761ffa,d8805f0d2
q84761ffa,d86d4d87c
q84761ffa,d876fa082
q84761ffa,d8805f050
q84761ffa,d81a6af56
q84761ffa,d89ad1aa0
q84761ffa,d8d64e646
q84761ffa,d8ccee808
q818d973c,d8f6f55a2
q818d973c,d8e3b4006
q818d973c,d89a9ce54
q818d973c,d8e7b9264
q818d973c,d87bb6846
q818d973c,d87180e58
q818d973c,d8f6f561a
q818d973c,d880386d0
q818d973c,d826da890
q818d973c,d8edb98a8
q84d1064a,d8c14be42
q84d1064a,d892ba060
q84d1064a,d89175a7e
q84d1064a,d894c31ae
q84d1064a,d8b414940
q84d1064a,d8ac4107e
q84d1064a,d8aec2f00
q84d1064a,d8b1ea304
q84d1064a,d83dd4d5c
q84d1064a,d83dd4c44
q81cd657e,d8ec131ca
q81cd657e,d88908fda
q81cd657e,d8c56f168
q81cd657e,d81cd677c
q81cd657e,d8d480d6e
q81cd657e,d8e2645b6
q81cd657e,d81218600
q81cd657e,d8c0c0680
q81cd657e,d8e2f5278
q81cd657e,d8d4d2998
q85c2451e,d86439d08
q85c2451e,d89abe2ca
q85c2451e,d81e7a466
q85c2451e,d8aa1dd4c
q85c2451e,d8957e56c
q85c2451e,d8e37405a
q85c2451e,d8124317a
q85c2451e,d8e58679e
q85c2451e,d82080652
q85c2451e,d86fbf9ca
q855e70f2,d8c849834
q855e70f2,d8ef0c534
q855e70f2,d822356d2
q855e70f2,d8181896a
q855e70f2,d8b8a59c8
q855e70f2,d86d9fe92
q855e70f2,d8165903e
q855e70f2,d8e316d06
q855e70f2,d8ef0c660
q855e70f2,d8b3b76b4
q842a732a,d875346bc
q842a732a,d8d9982c0
q842a732a,d889fef3e
q842a732a,d8a3d4706
q842a732a,d87eb430e
q842a732a,d887d2d46
q842a732a,d8f1771d4
q842a732a,d86d31078
q842a732a,d8acaade4
q842a732a,d89498e68
q81486b08,d8120e420
q81486b08,d81bc4c58
q81486b08,d886a1080
q81486b08,d89f869ec
q81486b08,d8d9f196a
q81486b08,d89f86a50
q81486b08,d89bd4844
q81486b08,d8ef0c660
q81486b08,d8f57dfda
q81486b08,d8f68a388
q8193eb00,d8a616bea
q8193eb00,d8d151e68
q8193eb00,d8193ecc2
q8193eb00,d8aae8b96
q8193eb00,d8de10c76
q8193eb00,d8c56f244
q8193eb00,d8897589c
q8193eb00,d8b1d2830
q8193eb00,d8804322e
q8193eb00,d893a246e
q82aee3be,d81da99ec
q82aee3be,d8dd7a6fe
q82aee3be,d88283f66
q82aee3be,d87303a32
q82aee3be,d89381f7a
q82aee3be,d8a597a48
q82aee3be,d8730394c
q82aee3be,d8aa1dd4c
q82aee3be,d880b0662
q82aee3be,d87bac620
q82945418,d880bf112
q82945418,d87ab19d2
q82945418,d8be614b6
q82945418,d8e903bba
q82945418,d8630ab80
q82945418,d8ed62454
q82945418,d86bdf8d2
q82945418,d89a8e638
q82945418,d87b359f8
q82945418,d8a0bcdb6
q83f4f3a8,d8876a08e
q83f4f3a8,d875d0026
q83f4f3a8,d87851d54
q83f4f3a8,d8c3d35d4
q83f4f3a8,d8d575d1e
q83f4f3a8,d8707877c
q83f4f3a8,d893656b8
q83f4f3a8,d8b3b76b4
q83f4f3a8,d8af42bec
q83f4f3a8,d8a6a3f04
q848826d2,d87180dfe
q848826d2,d81bc4c58
q848826d2,d8a7f55ec
q848826d2,d89f869ec
q848826d2,d8d9f196a
q848826d2,d863d99bc
q848826d2,d89f86a50
q848826d2,d886a1080
q848826d2,d8a89eb4c
q848826d2,d8794030a
q8259f1ba,d86155c04
q8259f1ba,d80f34cfe
q8259f1ba,d866fc838
q8259f1ba,d886a0fd6
q8259f1ba,d8b20367e
q8259f1ba,d891f856e
q8259f1ba,d88e0d60c
q8259f1ba,d899fdb2e
q8259f1ba,d8b6987e8
q8259f1ba,d8962985e
q828ef9be,d89dd0dbe
q828ef9be,d872995f6
q828ef9be,d81dfb4d6
q828ef9be,d87559110
q828ef9be,d88ee0bb0
q828ef9be,d8cd8abcc
q828ef9be,d8dd7a6fe
q828ef9be,d8da8a3ae
q828ef9be,d8a84115e
q828ef9be,d87843204
q83f6593c,d8bc5c4a4
q83f6593c,d8c868f40
q83f6593c,d8953e070
q83f6593c,d822f8074
q83f6593c,d8c0cb0da
q83f6593c,d8b992b10
q83f6593c,d8ce2f410
q83f6593c,d86feb494
q83f6593c,d8c5ed9be
q83f6593c,d86e1fc14
q849ed562,d8642a358
q849ed562,d82c60742
q849ed562,d82a3a576
q849ed562,d87c6540e
q849ed562,d88f877f8
q849ed562,d85f2a2b8
q849ed562,d86a04616
q849ed562,d89c6bbc2
q849ed562,d8f46fab2
q849ed562,d886a1080
q830527c4,d81694f62
q830527c4,d863f5036
q830527c4,d8acffa88
q830527c4,d89eaf3f2
q830527c4,d8c1c8dd4
q830527c4,d8aacba3c
q830527c4,d8e64bbca
q830527c4,d8acffae2
q830527c4,d8872d562
q830527c4,d8e7fb9ca
q854ab756,d8a49a168
q854ab756,d86481c2a
q854ab756,d8aff4fc2
q854ab756,d82267b64
q854ab756,d8e56c2b8
q854ab756,d8b66f3e8
q854ab756,d8e16fee4
q854ab756,d8d83b49a
q854ab756,d8d059646
q854ab756,d87397ef8
q84e8db44,d810a53e0
q84e8db44,d8f1fed3c
q84e8db44,d8927fb9a
q84e8db44,d8731061a
q84e8db44,d8ebde5b0
q84e8db44,d8e786210
q84e8db44,d870539c2
q84e8db44,d8e16ff66
q84e8db44,d889e4cf6
q84e8db44,d82441ab6
q82e1dfc6,d878e1b98
q82e1dfc6,d8bdb73a8
q82e1dfc6,d8b3886c0
q82e1dfc6,d86400e4a
q82e1dfc6,d86afc294
q82e1dfc6,d8be2adf8
q82e1dfc6,d8794030a
q82e1dfc6,d8cf74302
q82e1dfc6,d86f5c974
q82e1dfc6,d898dd960
q84816a72,d82715972
q84816a72,d8c1a8a84
q84816a72,d8e46144a
q84816a72,d8d1db1a4
q84816a72,d8f058280
q84816a72,d8d34d9b0
q84816a72,d8861efb8
q84816a72,d8e04a8c0
q84816a72,d876fa23a
q84816a72,d887d2c38
q828ca970,d828caa88
q828ca970,d824fd022
q828ca970,d8d7837e6
q828ca970,d89aed412
q828ca970,d8d914b1e
q828ca970,d8c043a9a
q828ca970,d8f72771e
q828ca970,d8c73c7f2
q828ca970,d8ae2d982
q828ca970,d870c56d0
q8592e77e,d82b4220c
q8592e77e,d8f2c16f2
q8592e77e,d842dcf7a
q8592e77e,d8b3fe500
q8592e77e,d8e5e57b2
q8592e77e,d8b57ce5e
q8592e77e,d8cd216fe
q8592e77e,d8b0a1ef2
q8592e77e,d8b054346
q8592e77e,d8e58679e
q857c0cfc,d851738c2
q857c0cfc,d86d9fd70
q857c0cfc,d8be45f18
q857c0cfc,d8a49a23a
q857c0cfc,d815665c8
q857c0cfc,d89d96cea
q857c0cfc,d8a355776
q857c0cfc,d89c4f616
q857c0cfc,d8bc5c4a4
q857c0cfc,d815e5bfc
q8194e6b8,d8194e91a
q8194e6b8,d88cdb568
q8194e6b8,d8d4f7194
q8194e6b8,d8f70d4cc
q8194e6b8,d8c504d5e
q8194e6b8,d8187d720
q8194e6b8,d8b190c96
q8194e6b8,d8876a08e
q8194e6b8,d8cda675a
q8194e6b8,d82080486
q828faf8a,d828fb11a
q828faf8a,d8ca63d7c
q828faf8a,d8c029956
q828faf8a,d8a751dde
q828faf8a,d8dc2381e
q828faf8a,d8d64e6fa
q828faf8a,d87f7b49a
q828faf8a,d8779f1fe
q828faf8a,d87817f0a
q828faf8a,d87a08bde
q82c8673a,d8f4d542a
q82c8673a,d8816387a
q82c8673a,d8a51094e
q82c8673a,d81180850
q82c8673a,d86f5c974
q82c8673a,d8c28a966
q82c8673a,d89fa9244
q82c8673a,d8b0a1f2e
q82c8673a,d88d9ab7a
q82c8673a,d8dd4ba5c
q843194de,d8be45e46
q843194de,d87053b20
q843194de,d89c1cc52
q843194de,d8f65ba1a
q843194de,d8c38ee5c
q843194de,d87ec1b80
q843194de,d8db8add0
q843194de,d8c9f283e
q843194de,d8bcd0868
q843194de,d87167246
q83479d2a,d8c12784e
q83479d2a,d8327a646
q83479d2a,d899480ee
q83479d2a,d89ad1aa0
q83479d2a,d82590106
q83479d2a,d8cebf056
q83479d2a,d83dd4c44
q83479d2a,d8a51094e
q83479d2a,d8b9db130
q83479d2a,d8ec20654
q826436a2,d86760d42
q826436a2,d8cfea2fa
q826436a2,d8641cf46
q826436a2,d8f1fed3c
q826436a2,d8903835a
q826436a2,d8200a948
q826436a2,d8d0d5322
q826436a2,d8623cef6
q826436a2,d8ac0cb08
q826436a2,d8c1b42bc
q85801d10,d8b5fc17c
q85801d10,d8e8a647e
q85801d10,d8b16dcc8
q85801d10,d8a64b804
q85801d10,d8a355776
q85801d10,d8acaade4
q85801d10,d85e0b580
q85801d10,d8ce70870
q85801d10,d87c0c0e8
q85801d10,d8ec03e78
q839cb2d8,d87574ba4
q839cb2d8,d8d9982c0
q839cb2d8,d8a4637b2
q839cb2d8,d8ba20e88
q839cb2d8,d81a6b028
q839cb2d8,d8a2da198
q839cb2d8,d8d698ade
q839cb2d8,d8d0d5110
q839cb2d8,d8120e420
q839cb2d8,d88f4ee76
q84c90ae4,d86d4d732
q84c90ae4,d8c2351a0
q84c90ae4,d8f7e6ba0
q84c90ae4,d879b9b56
q84c90ae4,d8be614b6
q84c90ae4,d8a994ab0
q84c90ae4,d8a0bcdb6
q84c90ae4,d814f5ab2
q84c90ae4,d892da860
q84c90ae4,d892f274e
q81c0906a,d8c00c054
q81c0906a,d860fde14
q81c0906a,d815dda9c
q81c0906a,d8185cb56
q81c0906a,d8ea69f72
q81c0906a,d8c773a72
q81c0906a,d81c092ae
q81c0906a,d8e2b4c5a
q81c0906a,d8d64e646
q81c0906a,d8955bac6
q82dd3fa2,d87e7dfe8
q82dd3fa2,d89abe374
q82dd3fa2,d812433b4
q82dd3fa2,d87180e58
q82dd3fa2,d872e41f0
q82dd3fa2,d86481c2a
q82dd3fa2,d8ef0c4c6
q82dd3fa2,d87e7df98
q82dd3fa2,d8d609cc6
q82dd3fa2,d886784be
q836a7304,d88d15e5c
q836a7304,d8ca88370
q836a7304,d8a24280c
q836a7304,d8cf9f278
q836a7304,d888b5a88
q836a7304,d87d57a38
q836a7304,d8dd6ac68
q836a7304,d8db8ad30
q836a7304,d8b083aba
q836a7304,d81b7d574
q83c5297a,d8bef6944
q83c5297a,d884b7a3a
q83c5297a,d8ea5b13e
q83c5297a,d8d6e5b72
q83c5297a,d8bdc4e5e
q83c5297a,d8c327004
q83c5297a,d8a5d6586
q83c5297a,d8da8a3ae
q83c5297a,d8f1eee78
q83c5297a,d81b362b4
q83cbc938,d8a4fc0c0
q83cbc938,d88e0d60c
q83cbc938,d873fec2a
q83cbc938,d87397cc8
q83cbc938,d8e757f64
q83cbc938,d8cf2bcd8
q83cbc938,d86d4d87c
q83cbc938,d8609ee82
q83cbc938,d86356184
q83cbc938,d88d9ab7a
q84aedba6,d86400e4a
q84aedba6,d86f5c8e8
q84aedba6,d891f8492
q84aedba6,d87f3c42a
q84aedba6,d8afd3bba
q84aedba6,d8170ca26
q84aedba6,d89c03720
q84aedba6,d8a6a4026
q84aedba6,d8e7eb7c8
q84aedba6,d88d47cfe
q8528daa0,d8130c6f6
q8528daa0,d8bc8d28e
q8528daa0,d8ab28b88
q8528daa0,d8200a63c
q8528daa0,d88a37c3a
q8528daa0,d86e2d904
q8528daa0,d8e24338e
q8528daa0,d872c719a
q8528daa0,d8d7680ea
q8528daa0,d8339295c
q85aacf9c,d8de48e46
q85aacf9c,d8247dfb6
q85aacf9c,d8614a782
q85aacf9c,d89392fbe
q85aacf9c,d8f458fc4
q85aacf9c,d81589636
q85aacf9c,d8c75e398
q85aacf9c,d81635922
q85aacf9c,d872c7294
q85aacf9c,d8124330a
q8246be4c,d87528bdc
q8246be4c,d892f27b2
q8246be4c,d8b8ed44e
q8246be4c,d8bb92302
q8246be4c,d8aacb9ec
q8246be4c,d8c5faf60
q8246be4c,d8dcdc6d4
q8246be4c,d8bc1746c
q8246be4c,d842dcd9a
q8246be4c,d87817f0a
q81906eda,d82d8f082
q81906eda,d86d88d50
q81906eda,d8b6118f6
q81906eda,d8b378806
q81906eda,d82375240
q81906eda,d8609ee82
q81906eda,d88d78cc8
q81906eda,d87fdd5a0
q81906eda,d8b9aa378
q81906eda,d88aec8ec
q81dec7ec,d86bb72ce
q81dec7ec,d81dec9c2
q81dec7ec,d8dc06516
q81dec7ec,d8aea74da
q81dec7ec,d8cfea1ce
q81dec7ec,d82729b34
q81dec7ec,d8e3bfd0c
q81dec7ec,d8ded89c4
q81dec7ec,d8776314a
q81dec7ec,d881c818a
q83427390,d8ad658ce
q83427390,d8baa68bc
q83427390,d8e88e9f0
q83427390,d8c5c0b1c
q83427390,d88d15ea2
q83427390,d834278f4
q83427390,d86e2d7c4
q83427390,d8e49359e
q83427390,d8b1ac9c8
q83427390,d885a0938
q84a6d6b8,d88c35866
q84a6d6b8,d88d47cfe
q84a6d6b8,d88be1e6e
q84a6d6b8,d8d3fbbaa
q84a6d6b8,d885f4164
q84a6d6b8,d899b6346
q84a6d6b8,d8b16dcc8
q84a6d6b8,d8ad741f8
q84a6d6b8,d8dc23724
q84a6d6b8,d8db949d4
q851c1f0e,d842c8c64
q851c1f0e,d8a925b60
q851c1f0e,d87445238
q851c1f0e,d823e9b0e
q851c1f0e,d882b61c8
q851c1f0e,d82ba7260
q851c1f0e,d8c8410c6
q851c1f0e,d8d2c9b92
q851c1f0e,d8e0598d4
q851c1f0e,d860c5050
q84c73f70,d87e7dfe8
q84c73f70,d87397ef8
q84c73f70,d8f238bb8
q84c73f70,d89c3809c
q84c73f70,d86d31078
q84c73f70,d8b6053ee
q84c73f70,d80ee27b0
q84c73f70,d8e316d06
q84c73f70,d8d259c84
q84c73f70,d8aff4fc2
q82adc86c,d8c56f168
q82adc86c,d8aaf86c2
q82adc86c,d8ec131ca
q82adc86c,d8f66c716
q82adc86c,d81bf4296
q82adc86c,d8e18a46a
q82adc86c,d86ca15a4
q82adc86c,d8ac0cb08
q82adc86c,d88d9ab7a
q82adc86c,d89dd0dbe
q8308c00a,d82400930
q8308c00a,d86a58ad6
q8308c00a,d8a0bcec4
q8308c00a,d86a58be4
q8308c00a,d8a0bcf0a
q8308c00a,d8824509a
q8308c00a,d8177a9b8
q8308c00a,d873e1eea
q8308c00a,d82a93e14
q8308c00a,d8a8fccc4
q85adb040,d8aba73fc
q85adb040,d8d1c5bb0
q85adb040,d860c5168
q85adb040,d814f5850
q85adb040,d81907006
q85adb040,d8b378806
q85adb040,d8e586726
q85adb040,d8d609cc6
q85adb040,d8afbdd10
q85adb040,d89a46aae
q84c64732,d812c0cf6
q84c64732,d8c7c046c
q84c64732,d89b7bdb6
q84c64732,d869d0744
q84c64732,d8927fac8
q84c64732,d8a714042
q84c64732,d87f6f30c
q84c64732,d8cff51fa
q84c64732,d86aa3f2c
q84c64732,d8d65f3ba
q84d37542,d8cd9d4c0
q84d37542,d885d3112
q84d37542,d88791c74
q84d37542,d8f2c1940
q84d37542,d8dde1eb2
q84d37542,d88f442d2
q84d37542,d89110c64
q84d37542,d838d6576
q84d37542,d8cf80c6a
q84d37542,d8d000d48
q8199c7aa,d88e0d60c
q8199c7aa,d81c286ea
q8199c7aa,d863d9868
q8199c7aa,d8ca0ff9c
q8199c7aa,d8b20367e
q8199c7aa,d8a823546
q8199c7aa,d8db716e6
q8199c7aa,d8a5e5b62
q8199c7aa,d8f36b8be
q8199c7aa,d88a7a486
q814cc00e,d88791ec2
q814cc00e,d8d757588
q814cc00e,d8e903c50
q814cc00e,d824fd022
q814cc00e,d88a7a486
q814cc00e,d880b0662
q814cc00e,d8beb89f0
q814cc00e,d866fc8a6
q814cc00e,d86023a66
q814cc00e,d8ad8a444
q8455ea96,d897d09f0
q8455ea96,d8445e56a
q8455ea96,d88d47b96
q8455ea96,d8e9bc5c0
q8455ea96,d811dc0c4
q8455ea96,d8b34cdc8
q8455ea96,d8dc8cc7e
q8455ea96,d862f0a46
q8455ea96,d8add2c26
q8455ea96,d86023a66
q81243044,d818189c4
q81243044,d8f238bb8
q81243044,d8c9261a8
q81243044,d8e316d06
q81243044,d8a3edbd4
q81243044,d8880226c
q81243044,d8ef0c534
q81243044,d8aff4fc2
q81243044,d8dded49c
q81243044,d89f12dbc
q8160f1dc,d8160f3b2
q8160f1dc,d87397e30
q8160f1dc,d880433a0
q8160f1dc,d8aff5062
q8160f1dc,d8e9eb604
q8160f1dc,d838d65da
q8160f1dc,d8c05c054
q8160f1dc,d8f0a7236
q8160f1dc,d8cd34880
q8160f1dc,d810cc81e
q848282b8,d86c4ff10
q848282b8,d8ef908ca
q848282b8,d89899120
q848282b8,d8327a5ce
q848282b8,d8f44f76c
q848282b8,d8ee34bc0
q848282b8,d8ca7432a
q848282b8,d87e20550
q848282b8,d8d0595ba
q848282b8,d86a8762e
q84ab0bf2,d88e0d60c
q84ab0bf2,d863d9868
q84ab0bf2,d8b20367e
q84ab0bf2,d8199ca70
q84ab0bf2,d81c286ea
q84ab0bf2,d8e49363e
q84ab0bf2,d8b910638
q84ab0bf2,d88a7a486
q84ab0bf2,d8dcbeeb8
q84ab0bf2,d8847cee4
q8245c302,d896ad38e
q8245c302,d8e11c2a8
q8245c302,d82223aea
q8245c302,d896ad3c0
q8245c302,d8d20b8b8
q8245c302,d8b5b93e0
q8245c302,d8cf927d0
q8245c302,d8e11c2da
q8245c302,d874e97ca
q8245c302,d8e49368e
q822237e8,d8f5faa08
q822237e8,d82223b3a
q822237e8,d83b9f4b0
q822237e8,d82ba7260
q822237e8,d8d24b238
q822237e8,d8d259b4e
q822237e8,d87194c28
q822237e8,d86a04710
q822237e8,d88e4a80e
q822237e8,d865ee43c
q819227de,d8bbd02e2
q819227de,d8dd8d646
q819227de,d8316fd3c
q819227de,d8617c796
q819227de,d8b3ef2b2
q819227de,d828efc02
q819227de,d8a6e7038
q819227de,d8bff24ce
q819227de,d8cd012a0
q819227de,d887d2bfc
q83076002,d814987e0
q83076002,d8e4614b8
q83076002,d8ba76400
q83076002,d895f0f40
q83076002,d8d66fa1c
q83076002,d8f5fa986
q83076002,d8afbdd10
q83076002,d8cd34a38
q83076002,d8232efe8
q83076002,d883f93c8
q8489f7dc,d8ee84210
q8489f7dc,d85fb460c
q8489f7dc,d869a2862
q8489f7dc,d89d0b0dc
q8489f7dc,d88100b3a
q8489f7dc,d8f66c86a
q8489f7dc,d885a08de
q8489f7dc,d8a44df02
q8489f7dc,d8db0b0ee
q8489f7dc,d8f3c1372
q81cc588c,d8c1a899e
q81cc588c,d87534752
q81cc588c,d8261505e
q81cc588c,d89d74122
q81cc588c,d897fc974
q81cc588c,d8e7eb75a
q81cc588c,d86b5f290
q81cc588c,d8e285c5c
q81cc588c,d8770a78e
q81cc588c,d88b06936
q842c0636,d86de5988
q842c0636,d8734bd46
q842c0636,d8dfaee66
q842c0636,d8dc06516
q842c0636,d8db8ad80
q842c0636,d88fb4d52
q842c0636,d8d1fd59c
q842c0636,d8775a644
q842c0636,d817f6360
q842c0636,d8b308dda
q824af32c,d8b992aa2
q824af32c,d8d8f5e1c
q824af32c,d8c06ca94
q824af32c,d8df25986
q824af32c,d8f5d5bb8
q824af32c,d8cc919be
q824af32c,d8cef8324
q824af32c,d88dbe67e
q824af32c,d87817e2e
q824af32c,d8a8cff9e
q83ca3ed8,d8b49cc32
q83ca3ed8,d87357542
q83ca3ed8,d8df6000e
q83ca3ed8,d893a246e
q83ca3ed8,d87c542e4
q83ca3ed8,d876def6c
q83ca3ed8,d8dd40e9a
q83ca3ed8,d8927fb9a
q83ca3ed8,d812ed580
q83ca3ed8,d82441ab6
q825d30aa,d897ab36c
q825d30aa,d89007c64
q825d30aa,d89b1acf0
q825d30aa,d889d03b4
q825d30aa,d828e3ad8
q825d30aa,d87920302
q825d30aa,d815594ae
q825d30aa,d8c6835cc
q825d30aa,d88a11d46
q825d30aa,d8b406610
q82080364,d82080652
q82080364,d884fed36
q82080364,d8ec82156
q82080364,d8b054346
q82080364,d8316fd3c
q82080364,d8bcf62f2
q82080364,d842dcf7a
q82080364,d8e5e57b2
q82080364,d88f70d0a
q82080364,d8b3fe500
q82234fde,d8d54204a
q82234fde,d87e41e08
q82234fde,d87fc1d1e
q82234fde,d8200a768
q82234fde,d8777edb4
q82234fde,d8912bc3a
q82234fde,d82a10366
q82234fde,d877f37c2
q82234fde,d86760e78
q82234fde,d8c2797c4
q832afed6,d81452196
q832afed6,d80ed4d18
q832afed6,d87ea4940
q832afed6,d8292c4f4
q832afed6,d81f93492
q832afed6,d868e3d36
q832afed6,d8c38eeca
q832afed6,d860c5050
q832afed6,d8ec20596
q832afed6,d8dbcea4e
q8569a382,d8a714042
q8569a382,d878d600e
q8569a382,d8d78367e
q8569a382,d81f93492
q8569a382,d8a103540
q8569a382,d8a3ffc26
q8569a382,d8ad6587e
q8569a382,d89d0b0dc
q8569a382,d8a08687e
q8569a382,d86617468
q81d1e3b0,d81c09164
q81d1e3b0,d8b406610
q81d1e3b0,d815594ae
q81d1e3b0,d87b01e96
q81d1e3b0,d8126d164
q81d1e3b0,d8c6835cc
q81d1e3b0,d8736bd6c
q81d1e3b0,d89b1acf0
q81d1e3b0,d81a6b028
q81d1e3b0,d897ab36c
q854ea032,d8b3a69a4
q854ea032,d8c170760
q854ea032,d86f92b82
q854ea032,d8200a704
q854ea032,d8b3ef14a
q854ea032,d8a597a48
q854ea032,d8890902a
q854ea032,d87f7b5e4
q854ea032,d8abfd25c
q854ea032,d8ab7e902
q818bcaa6,d88df2a50
q818bcaa6,d8db7175e
q818bcaa6,d8bd86d98
q818bcaa6,d8f29f976
q818bcaa6,d8ee11ce2
q818bcaa6,d8b8bf080
q818bcaa6,d86f0e792
q818bcaa6,d89985dae
q818bcaa6,d8b20367e
q818bcaa6,d8bd86b7c
q8491f3ba,d814d931c
q8491f3ba,d8a2c363c
q8491f3ba,d8926f6be
q8491f3ba,d8799aa08
q8491f3ba,d8d1725aa
q8491f3ba,d8c2afa90
q8491f3ba,d88d0bb0a
q8491f3ba,d8bc63fec
q8491f3ba,d8f35fcb2
q8491f3ba,d88908f30
q81b04e76,d8634d05c
q81b04e76,d89754544
q81b04e76,d8a9b524c
q81b04e76,d89a38666
q81b04e76,d87b9bcf8
q81b04e76,d88fbd736
q81b04e76,d862b5b1c
q81b04e76,d8204ff2a
q81b04e76,d8bb68444
q81b04e76,d8641cca8
q85beddf2,d8d43dc12
q85beddf2,d855e743a
q85beddf2,d8dbce846
q85beddf2,d8ad37730
q85beddf2,d8d7575d8
q85beddf2,d88bf5298
q85beddf2,d889639e4
q85beddf2,d8ec31756
q85beddf2,d8d2b2ee2
q85beddf2,d87559110
q818a37b8,d873038f2
q818a37b8,d8695f99a
q818a37b8,d896ad42e
q818a37b8,d8b5b946c
q818a37b8,d8c7e0b40
q818a37b8,d8e4936fc
q818a37b8,d861c8bdc
q818a37b8,d8da2d4ba
q818a37b8,d879e4356
q818a37b8,d8c1c8d48
q837dfed8,d8ea983ae
q837dfed8,d8be2ad26
q837dfed8,d85d721e6
q837dfed8,d87c543de
q837dfed8,d8e6bf822
q837dfed8,d896c4674
q837dfed8,d85e00216
q837dfed8,d8f21a834
q837dfed8,d8c2351a0
q837dfed8,d81392de6
q836e80f2,d8bc8d28e
q836e80f2,d8737bb90
q836e80f2,d89c7a122
q836e80f2,d88df2adc
q836e80f2,d88d34f28
q836e80f2,d8d04d526
q836e80f2,d89ed642a
q836e80f2,d8a8fccc4
q836e80f2,d8af692a6
q836e80f2,d8ca47d5c
q834c4d84,d886d0ab0
q834c4d84,d8c59d59a
q834c4d84,d8d1db1fe
q834c4d84,d82a10302
q834c4d84,d88e1c5b2
q834c4d84,d8aa2d9e0
q834c4d84,d8d059646
q834c4d84,d8642a416
q834c4d84,d8e8a6550
q834c4d84,d8d83b49a
q80f0a76a,d8c313112
q80f0a76a,d8dce4fa0
q80f0a76a,d8a5cbac8
q80f0a76a,d810cc698
q80f0a76a,d8861efb8
q80f0a76a,d8da9f952
q80f0a76a,d8904bd6a
q80f0a76a,d8c2d5ef2
q80f0a76a,d8af9da56
q80f0a76a,d82a64eb6
q85a7cc98,d8b083aba
q85a7cc98,d8804322e
q85a7cc98,d85e00216
q85a7cc98,d8ac67fda
q85a7cc98,d8e6b83e2
q85a7cc98,d8bcdd900
q85a7cc98,d862f09ec
q85a7cc98,d883cadd4
q85a7cc98,d867319e8
q85a7cc98,d89db754e
q81d4df20,d81d4e07e
q81d4df20,d8d569cd0
q81d4df20,d87763190
q81d4df20,d88e7c8fe
q81d4df20,d8bf0d6f8
q81d4df20,d89197fa2
q81d4df20,d815dda9c
q81d4df20,d8ece1f16
q81d4df20,d8ea8bcd0
q81d4df20,d8d2c9c6e
q83364962,d8c59d680
q83364962,d8e8f9f52
q83364962,d8a223380
q83364962,d8e99e52a
q83364962,d81dfb4d6
q83364962,d8816387a
q83364962,d89f60ce2
q83364962,d8617c8d6
q83364962,d8d7205ce
q83364962,d8f1eee78
q857b4efc,d86dbb322
q857b4efc,d86c3bcae
q857b4efc,d8bec3d96
q857b4efc,d83dd4c44
q857b4efc,d8711953c
q857b4efc,d8cf9273a
q857b4efc,d871193d4
q857b4efc,d872995f6
q857b4efc,d8e29df6e
q857b4efc,d8a02a010
q833ef6de,d816bdaca
q833ef6de,d8621525c
q833ef6de,d816bd994
q833ef6de,d8630ab80
q833ef6de,d8be2ad26
q833ef6de,d86efa878
q833ef6de,d89813a16
q833ef6de,d8ad23c6c
q833ef6de,d8be614b6
q833ef6de,d86a2e506
q81a22a62,d891c7040
q81a22a62,d8d2c9bce
q81a22a62,d8a95ff40
q81a22a62,d8996d7fe
q81a22a62,d89c7a122
q81a22a62,d8cb746ee
q81a22a62,d861f4336
q81a22a62,d87876bfe
q81a22a62,d8ca47cf8
q81a22a62,d8af692a6
q82d8ef42,d8d2c9bce
q82d8ef42,d8ece1e26
q82d8ef42,d8ec685c6
q82d8ef42,d82d8f082
q82d8ef42,d8b378806
q82d8ef42,d8ce91fac
q82d8ef42,d87cbde88
q82d8ef42,d8e7cc7b0
q82d8ef42,d899c5800
q82d8ef42,d8d1372a2
q81f4001c,d81f402d8
q81f4001c,d866e50f2
q81f4001c,d8e16ff66
q81f4001c,d8a2e98c8
q81f4001c,d8e075caa
q81f4001c,d867fd5e8
q81f4001c,d8ea98444
q81f4001c,d88eb29fe
q81f4001c,d8e13459c
q81f4001c,d85f42f48
q826322e4,d8ed76530
q826322e4,d810cc7ba
q826322e4,d838d65da
q826322e4,d8aee39c6
q826322e4,d87b01f0e
q826322e4,d8e4da7d2
q826322e4,d898ab2da
q826322e4,d88940c14
q826322e4,d8d638008
q826322e4,d880d3e50
q83b8b2ee,d8d8f5e1c
q83b8b2ee,d8a73eef0
q83b8b2ee,d8a242708
q83b8b2ee,d8994804e
q83b8b2ee,d8c0d814a
q83b8b2ee,d888eaa6c
q83b8b2ee,d8ed6db60
q83b8b2ee,d882b6100
q83b8b2ee,d8d319318
q83b8b2ee,d8ea8bcd0
q811391f8,d8d4a9e30
q811391f8,d82b42158
q811391f8,d8c210daa
q811391f8,d86d5f126
q811391f8,d8bc6e46a
q811391f8,d8ab4af9e
q811391f8,d8a355776
q811391f8,d8ef7fa3e
q811391f8,d8e3740fa
q811391f8,d8b0312a6
q83b59da2,d842dcd9a
q83b59da2,d8ded88fc
q83b59da2,d81521180
q83b59da2,d88ac7542
q83b59da2,d8dfb974e
q83b59da2,d8847cf8e
q83b59da2,d8b8ed44e
q83b59da2,d8143a212
q83b59da2,d86a2e506
q83b59da2,d8d1200a2
q813b8c26,d813b8f64
q813b8c26,d8a84115e
q813b8c26,d8983c010
q813b8c26,d813b8ffa
q813b8c26,d85d529cc
q813b8c26,d8cd8abcc
q813b8c26,d8ca743f2
q813b8c26,d8c043a9a
q813b8c26,d83392ad8
q813b8c26,d875e5ef8
q812cf9ae,d8e29de60
q812cf9ae,d812cfc10
q812cf9ae,d8b044536
q812cf9ae,d871193d4
q812cf9ae,d8140c1d2
q812cf9ae,d8b044586
q812cf9ae,d89d0af88
q812cf9ae,d862b5a90
q812cf9ae,d89309656
q812cf9ae,d896ad30c
q846236fc,d837f60d4
q846236fc,d89cb9c64
q846236fc,d81329094
q846236fc,d828a5a26
q846236fc,d88975806
q846236fc,d8c5b6298
q846236fc,d89cb9c0a
q846236fc,d8cfea156
q846236fc,d81da99ec
q846236fc,d8b8befc2
q85a99302,d837f60d4
q85a99302,d81329094
q85a99302,d88975806
q85a99302,d81da99ec
q85a99302,d885114f4
q85a99302,d8e605f9e
q85a99302,d8b8befc2
q85a99302,d8b6a56a0
q85a99302,d88c06fca
q85a99302,d8d3d3362
q82b3823e,d8f4d542a
q82b3823e,d8a02a06a
q82b3823e,d8ec31792
q82b3823e,d8957e68e
q82b3823e,d8d2b2ee2
q82b3823e,d8bdeb0f4
q82b3823e,d87559110
q82b3823e,d877e0b04
q82b3823e,d82a65046
q82b3823e,d88100b3a
q84a29b34,d8c28a902
q84a29b34,d8a64b91c
q84a29b34,d8d3624aa
q84a29b34,d86826362
q84a29b34,d8a28fd0a
q84a29b34,d8b505084
q84a29b34,d8124326a
q84a29b34,d824419da
q84a29b34,d8a5108a4
q84a29b34,d86ae82f8
q8195ccf4,d812cfc10
q8195ccf4,d871193d4
q8195ccf4,d8140c1d2
q8195ccf4,d8e29de60
q8195ccf4,d8b044536
q8195ccf4,d8b044586
q8195ccf4,d896ad30c
q8195ccf4,d8789c49e
q8195ccf4,d89d0af88
q8195ccf4,d87119492
q84ca661e,d8d7681ee
q84ca661e,d8d7680ea
q84ca661e,d8e8eef94
q84ca661e,d89abe374
q84ca661e,d87a7e244
q84ca661e,d8198bf04
q84ca661e,d8120e420
q84ca661e,d8b8bf080
q84ca661e,d884b7986
q84ca661e,d8e586726
q83c2a93e,d828efc98
q83c2a93e,d8c1a8890
q83c2a93e,d8f5faa08
q83c2a93e,d8c7a8d80
q83c2a93e,d8b78e986
q83c2a93e,d8184fd02
q83c2a93e,d8ebc6ce4
q83c2a93e,d8abb32e2
q83c2a93e,d8c813054
q83c2a93e,d86389f84
q81e4f9be,d81e4fb4e
q81e4f9be,d8cea65ba
q81e4f9be,d86feb494
q81e4f9be,d88bf53f6
q81e4f9be,d8f73dde8
q81e4f9be,d85fde1dc
q81e4f9be,d8291ab28
q81e4f9be,d892970e2
q81e4f9be,d86444618
q81e4f9be,d8dbce7d8
q8400a284,d88e7c8a4
q8400a284,d80ed4f70
q8400a284,d8d289f9c
q8400a284,d8269a218
q8400a284,d8c0438f6
q8400a284,d8c127722
q8400a284,d8b4f55d0
q8400a284,d8bba3774
q8400a284,d8c882530
q8400a284,d8e47c16e
q84c305fe,d864b4e9a
q84c305fe,d8e95ddfe
q84c305fe,d8779f08c
q84c305fe,d8a3a41be
q84c305fe,d8143a212
q84c305fe,d8bb92302
q84c305fe,d8a53190a
q84c305fe,d8c528556
q84c305fe,d8dcdc6d4
q84c305fe,d8ddc69f0
q85752c8e,d817e5916
q85752c8e,d815cd25a
q85752c8e,d8a223380
q85752c8e,d8953e070
q85752c8e,d86315378
q85752c8e,d8ce91fac
q85752c8e,d8b6052d6
q85752c8e,d8e3a8ec2
q85752c8e,d8de5817a
q85752c8e,d8bcf62f2
q83228472,d8e2645b6
q83228472,d88908fda
q83228472,d8ec131ca
q83228472,d81218600
q83228472,d8833c03e
q83228472,d86155baa
q83228472,d8c56f168
q83228472,d8e2f5278
q83228472,d8e8797da
q83228472,d881a7aa2
q845279c4,d8ec8225a
q845279c4,d81511816
q845279c4,d8a4e6522
q845279c4,d8ea045f0
q845279c4,d8ea0473a
q845279c4,d8f767bc0
q845279c4,d8ea04708
q845279c4,d8e64bb7a
q845279c4,d8ec82156
q845279c4,d8be615c4
q85874db0,d8259f282
q85874db0,d8cf80d14
q85874db0,d8ac0cb08
q85874db0,d8e2645b6
q85874db0,d88bf53f6
q85874db0,d8e08335a
q85874db0,d8960fbfc
q85874db0,d8c9260ea
q85874db0,d880b0662
q85874db0,d8ab978c6
q81a371f6,d837f6070
q81a371f6,d8646ec42
q81a371f6,d89cb9b42
q81a371f6,d8f0947da
q81a371f6,d8d1db1a4
q81a371f6,d89c035f4
q81a371f6,d8f1b621c
q81a371f6,d8cf7429e
q81a371f6,d89a9ce54
q81a371f6,d89678440
q83fb1e4a,d83392a88
q83fb1e4a,d898ef25a
q83fb1e4a,d8785f260
q83fb1e4a,d89b24246
q83fb1e4a,d8ecea224
q83fb1e4a,d8642a2d6
q83fb1e4a,d8e88eaae
q83fb1e4a,d8da469d8
q83fb1e4a,d8ccee88a
q83fb1e4a,d88d34f28
q814f56d4,d8cc34174
q814f56d4,d81f2e7e0
q814f56d4,d8c70859c
q814f56d4,d84dc5e00
q814f56d4,d85eb42c0
q814f56d4,d862153a6
q814f56d4,d8e33af80
q814f56d4,d8e6131da
q814f56d4,d8c3d35d4
q814f56d4,d8e305b00
q8499ad76,d8dfc2a7e
q8499ad76,d89ad1a00
q8499ad76,d8f5a2164
q8499ad76,d8bc8d28e
q8499ad76,d88c357e4
q8499ad76,d8ba7634c
q8499ad76,d8c8130e0
q8499ad76,d87a70a72
q8499ad76,d895e2c42
q8499ad76,d825b9a24
q81f2e43e,d86c667c4
q81f2e43e,d8e2643a4
q81f2e43e,d86aa3f2c
q81f2e43e,d883b00ce
q81f2e43e,d8ef54c26
q81f2e43e,d8a8cff9e
q81f2e43e,d80ed4e1c
q81f2e43e,d879f6470
q81f2e43e,d8b93b2ca
q81f2e43e,d8b6cc57a
q8566cf36,d8740b920
q8566cf36,d899c58c8
q8566cf36,d8e586726
q8566cf36,d87b01fcc
q8566cf36,d8e37ec9e
q8566cf36,d82cf6990
q8566cf36,d8754940e
q8566cf36,d8bdb736c
q8566cf36,d8f29f732
q8566cf36,d8d295874
q851cc3be,d828caa88
q851cc3be,d8f72771e
q851cc3be,d8d7837e6
q851cc3be,d82787b30
q851cc3be,d8b39b176
q851cc3be,d8a3a4236
q851cc3be,d8291aa56
q851cc3be,d8c043ae0
q851cc3be,d8c7a8e52
q851cc3be,d8852c97a
q83a62494,d85f361d0
q83a62494,d8ef396ec
q83a62494,d8852cae2
q83a62494,d8d8aeba2
q83a62494,d8a531946
q83a62494,d817e5916
q83a62494,d882b61c8
q83a62494,d8c4c9b32
q83a62494,d88038838
q83a62494,d87cadb64
q81b53972,d864c92e6
q81b53972,d8f2486ee
q81b53972,d8e3740fa
q81b53972,d86200672
q81b53972,d81566618
q81b53972,d8f536cd4
q81b53972,d87c0c0e8
q81b53972,d8e0084de
q81b53972,d8dc23724
q81b53972,d85e0b580
q83daa26e,d87dd6c84
q83daa26e,d899480ee
q83daa26e,d884f241e
q83daa26e,d8327a646
q83daa26e,d83c8adf2
q83daa26e,d83562f2a
q83daa26e,d864b4ef4
q83daa26e,d83b9f596
q83daa26e,d8aa0443c
q83daa26e,d8d3ef710
q831886de,d8c3d3804
q831886de,d89393072
q831886de,d87d8104a
q831886de,d8201ba40
q831886de,d8e80f7d6
q831886de,d8dc2386e
q831886de,d8f5a2164
q831886de,d87a4d130
q831886de,d8b4c1afa
q831886de,d88e7c818
q833247b8,d8aba7546
q833247b8,d8ecca05a
q833247b8,d8f6b5b3c
q833247b8,d8e879730
q833247b8,d81b48964
q833247b8,d8a6c7a4e
q833247b8,d81f2e70e
q833247b8,d8b8a59c8
q833247b8,d8181896a
q833247b8,d864c92e6
q85d3a8c2,d8bef68f4
q85d3a8c2,d82def6b2
q85d3a8c2,d82a10302
q85d3a8c2,d855e732c
q85d3a8c2,d881553c4
q85d3a8c2,d8d1db1fe
q85d3a8c2,d8c59d59a
q85d3a8c2,d87ccfda4
q85d3a8c2,d886d0ab0
q85d3a8c2,d8ce2f4d8
q857a4322,d8adbdc9a
q857a4322,d8afb07e6
q857a4322,d8d609cc6
q857a4322,d86bc2976
q857a4322,d83dd4b18
q857a4322,d8e435f98
q857a4322,d8a4885bc
q857a4322,d8a8e9bc4
q857a4322,d8a8138a8
q857a4322,d8187d7d4
q83a43364,d8196f46c
q83a43364,d89cb9b42
q83a43364,d8cfea0c0
q83a43364,d828a59b8
q83a43364,d837f6070
q83a43364,d86d1648a
q83a43364,d8646ec42
q83a43364,d81be6718
q83a43364,d8f1b621c
q83a43364,d89678440
q83ab3cf4,d8e68d7b4
q83ab3cf4,d8a714042
q83ab3cf4,d81f93492
q83ab3cf4,d8cca9d98
q83ab3cf4,d878d600e
q83ab3cf4,d8d7837e6
q83ab3cf4,d8d78367e
q83ab3cf4,d8af691c0
q83ab3cf4,d89629804
q83ab3cf4,d82787b30
q8538e544,d869a26fa
q8538e544,d89ec48d8
q8538e544,d82b41f64
q8538e544,d84dc5f18
q8538e544,d89ec4874
q8538e544,d82b41fe6
q8538e544,d8ccb981a
q8538e544,d88f70d0a
q8538e544,d8c6a6ea0
q8538e544,d8bd973aa
q84bf69a8,d89fa9244
q84bf69a8,d86e1fc14
q84bf69a8,d86200672
q84bf69a8,d8f536cd4
q84bf69a8,d81566618
q84bf69a8,d8a266d88
q84bf69a8,d8c1a8a20
q84bf69a8,d8acffa88
q84bf69a8,d8f5fa986
q84bf69a8,d8d3fbbaa
q829ce3f8,d8994804e
q829ce3f8,d8ac2a6c6
q829ce3f8,d8c28a902
q829ce3f8,d8f5e022a
q829ce3f8,d893fda26
q829ce3f8,d884f25fe
q829ce3f8,d8cbbf6c6
q829ce3f8,d884f264e
q829ce3f8,d8a64b91c
q829ce3f8,d85e2085e
q843299d8,d871193d4
q843299d8,d8e29de60
q843299d8,d8140c1d2
q843299d8,d8b044536
q843299d8,d812cfc10
q843299d8,d89d0af88
q843299d8,d8f8aa8a2
q843299d8,d85f4a504
q843299d8,d8e29dda2
q843299d8,d871192b2
q8534d314,d8316fd3c
q8534d314,d8d27b352
q8534d314,d8bff24ce
q8534d314,d8d72ebec
q8534d314,d8c6a6f18
q8534d314,d866173b4
q8534d314,d8ba5ab88
q8534d314,d8dd8d646
q8534d314,d834c5022
q8534d314,d8e6e6986
q85a5bb42,d80ed4d18
q85a5bb42,d8ea20ebc
q85a5bb42,d87ea4940
q85a5bb42,d88465e9c
q85a5bb42,d86ca166c
q85a5bb42,d8b5692dc
q85a5bb42,d8ec20596
q85a5bb42,d8a3e1b0e
q85a5bb42,d8b8bf080
q85a5bb42,d87d15e9e
q852d98f6,d81f2e7e0
q852d98f6,d82eedadc
q852d98f6,d86e0de10
q852d98f6,d875346bc
q852d98f6,d876df066
q852d98f6,d8e8a65c8
q852d98f6,d8d6c5f34
q852d98f6,d8a0a31cc
q852d98f6,d8aab41de
q852d98f6,d883cae38
q82a64de4,d875671b6
q82a64de4,d82a64f1a
q82a64de4,d875346bc
q82a64de4,d8190ffb2
q82a64de4,d8d3ef68e
q82a64de4,d89ee5ede
q82a64de4,d866b233c
q82a64de4,d89cd4bd6
q82a64de4,d85fff328
q82a64de4,d89498e68
q812183d0,d8c3c0024
q812183d0,d8da5bee6
q812183d0,d8b804eba
q812183d0,d81cd677c
q812183d0,d87303a32
q812183d0,d8cca9d98
q812183d0,d8e4ea592
q812183d0,d8d624b5c
q812183d0,d8805f0d2
q812183d0,d86b5f1b4
q825563f2,d81e7a466
q825563f2,d872e4290
q825563f2,d86439d08
q825563f2,d865bf06a
q825563f2,d8f04829a
q825563f2,d8e82ff9a
q825563f2,d89abe2ca
q825563f2,d8927fb9a
q825563f2,d8ca1cce2
q825563f2,d87903324
q816a4a7a,d8110ac4a
q816a4a7a,d8adbdc18
q816a4a7a,d8d1462de
q816a4a7a,d85f42e76
q816a4a7a,d8110ad8a
q816a4a7a,d8abb3378
q816a4a7a,d8a8e9afc
q816a4a7a,d8b546aac
q816a4a7a,d8eaec7f6
q816a4a7a,d89efb8ec
q821b69a4,d8b7f72ec
q821b69a4,d8be8d0f2
q821b69a4,d87479790
q821b69a4,d8cd8092e
q821b69a4,d89fd9764
q821b69a4,d8f8899d6
q821b69a4,d8eda647e
q821b69a4,d8a522c0c
q821b69a4,d81f2e7e0
q821b69a4,d8b3e32fa
q837bea62,d89c7a122
q837bea62,d8f8cb480
q837bea62,d8af692a6
q837bea62,d8ca47d5c
q837bea62,d8a95ff40
q837bea62,d8996d7fe
q837bea62,d8b3d7b80
q837bea62,d83ac84ce
q837bea62,d8670e790
q837bea62,d81f933f2
q83b7e33c,d8a606a74
q83b7e33c,d8a606aec
q83b7e33c,d85da42ea
q83b7e33c,d880b0446
q83b7e33c,d8e541aa4
q83b7e33c,d87a08bde
q83b7e33c,d8e18a3ca
q83b7e33c,d8d914b1e
q83b7e33c,d8a411e08
q83b7e33c,d86a41714
q83583c0c,d830e507e
q83583c0c,d8ee11ce2
q83583c0c,d89cd4c8a
q83583c0c,d87574c08
q83583c0c,d8d3ef68e
q83583c0c,d8721af80
q83583c0c,d8b2ec806
q83583c0c,d888db120
q83583c0c,d8e80f754
q83583c0c,d8b8bf080
q814d91b4,d814d931c
q814d91b4,d8dd7a820
q814d91b4,d8f89e4d0
q814d91b4,d8926f6be
q814d91b4,d8624905c
q814d91b4,d898dd9a6
q814d91b4,d8c2afa90
q814d91b4,d8a2c363c
q814d91b4,d8bc63fec
q814d91b4,d8caae8c2
q8183d97c,d816bd994
q8183d97c,d89fd96f6
q8183d97c,d8be2ad26
q8183d97c,d89d37434
q8183d97c,d89f703e0
q8183d97c,d87e6c018
q8183d97c,d86efa878
q8183d97c,d8a569ac6
q8183d97c,d8ad23c6c
q8183d97c,d8b06e264
q81c45934,d8bc5c210
q81c45934,d86023944
q81c45934,d8bf0d5fe
q81c45934,d8e0b4df6
q81c45934,d86c2cc4a
q81c45934,d88e0d60c
q81c45934,d895e2bd4
q81c45934,d87f3c25e
q81c45934,d827068f0
q81c45934,d8c5b6248
q8364ba86,d817bc0a2
q8364ba86,d8364bcd4
q8364ba86,d8b54696c
q8364ba86,d8642a416
q8364ba86,d8d312950
q8364ba86,d89926304
q8364ba86,d894a3be2
q8364ba86,d8e6d7da0
q8364ba86,d8b546926
q8364ba86,d8d4156f4
q83d6bbae,d89d0b096
q83d6bbae,d8f5488d0
q83d6bbae,d8f54892a
q83d6bbae,d870d5fd0
q83d6bbae,d870d5f76
q83d6bbae,d8dfc292a
q83d6bbae,d89dd0cba
q83d6bbae,d8d9041e2
q83d6bbae,d87ea49c2
q83d6bbae,d8b054260
q824d9802,d8177aaf8
q824d9802,d8bef6994
q824d9802,d82def6b2
q824d9802,d8cdc72c0
q824d9802,d8ab7ebbe
q824d9802,d8a569ac6
q824d9802,d8cef8220
q824d9802,d8c8c188e
q824d9802,d8b20367e
q824d9802,d8cf63fc0
q85039a74,d825e6c7c
q85039a74,d8f340bbe
q85039a74,d81e68856
q85039a74,d81e688a6
q85039a74,d8ab28c8c
q85039a74,d8c6316b4
q85039a74,d8a7306de
q85039a74,d89985dae
q85039a74,d8ebde6be
q85039a74,d8ab28bf6
q85a46076,d842dce1c
q85a46076,d842dcd9a
q85a46076,d87befc36
q85a46076,d842dcf34
q85a46076,d8dfb97c6
q85a46076,d880b06f8
q85a46076,d8f21a834
q85a46076,d8f57e0e8
q85a46076,d89883442
q85a46076,d8bb92302
q84978ff0,d870c58e2
q84978ff0,d814a3aa0
q84978ff0,d8af8ab0e
q84978ff0,d8d04d418
q84978ff0,d8b78e904
q84978ff0,d891f851e
q84978ff0,d8883c23c
q84978ff0,d8b5dccbe
q84978ff0,d86b05ace
q84978ff0,d8cee7b3c
q1a73c1d4,d1b2ee16c
q1a73c1d4,d1b3a6fa0
q1a73c1d4,d1b3c11c0
q1a73c1d4,d1b3af812
q1a73c1d4,d1b3576b2
q1a73c1d4,d1b3bf28a
q1a73c1d4,d1b3aad30
q1a73c1d4,d1b3be84e
q1a73c1d4,d1b3c5fe0
q1a73c1d4,d1b3a7068
q1a72ef98,d1b369c7c
q1a72ef98,d1b3921e0
q1a72ef98,d1b3b9a42
q1a72ef98,d1b31f906
q1a72ef98,d1b3a9a7a
q1a72ef98,d1b3af286
q1a72ef98,d1b2f54f8
q1a72ef98,d1b3ae62e
q1a72ef98,d1b34134e
q1a72ef98,d1b35493a
q1a716380,d1b341b5a
q1a716380,d1a716452
q1a716380,d1b3c278c
q1a716380,d1b37a7a2
q1a716380,d1b36001e
q1a716380,d1b304548
q1a716380,d1b30240a
q1a716380,d1b34159c
q1a716380,d1b35a9fc
q1a716380,d1b39a5ac
q1a73f97e,d1b3a7ef0
q1a73f97e,d1a73fa6e
q1a73f97e,d1b313dcc
q1a73f97e,d1b31b73e
q1a73f97e,d1b3c8146
q1a73f97e,d1b36a6ae
q1a73f97e,d1b3270fc
q1a73f97e,d1b37bc24
q1a73f97e,d1b369a38
q1a73f97e,d1b31bcc0
q1a731ee6,d1a731ff4
q1a731ee6,d1b37f428
q1a731ee6,d1b39346e
q1a731ee6,d1b3ab8fc
q1a731ee6,d1b362116
q1a731ee6,d1b3a6fa0
q1a731ee6,d1b31ae60
q1a731ee6,d1b32ddbc
q1a731ee6,d1b33486a
q1a731ee6,d1b37f0ae
q1a729624,d1a7296ba
q1a729624,d1b310168
q1a729624,d1b300d1c
q1a729624,d1b3578f6
q1a729624,d1b391948
q1a729624,d1b2f066a
q1a729624,d1b3c0586
q1a729624,d1b30388c
q1a729624,d1b30cca2
q1a729624,d1b3061a4
q1a732468,d1b3bab22
q1a732468,d1a7324d6
q1a732468,d1b3164f0
q1a732468,d1b30df3a
q1a732468,d1b33b2f0
q1a732468,d1b352f68
q1a732468,d1b31e7a4
q1a732468,d1b37c8ea
q1a732468,d1b35313e
q1a732468,d1b33e716
q1a73f24e,d1b33a846
q1a73f24e,d1b324ffa
q1a73f24e,d1b35b096
q1a73f24e,d1b38f58a
q1a73f24e,d1b38b426
q1a73f24e,d1b38ffda
q1a73f24e,d1b38e400
q1a73f24e,d1b3791b8
q1a73f24e,d1b399e36
q1a73f24e,d1b3b4f4c
q1a714760,d1b3aea0c
q1a714760,d1a7310a4
q1a714760,d1b32a6d0
q1a714760,d1b30812a
q1a714760,d1b36f398
q1a714760,d1b3471ea
q1a714760,d1b377e58
q1a714760,d1b389a04
q1a714760,d1a73bfc2
q1a714760,d1b34b02e
q1a72d620,d1a72d756
q1a72d620,d1b37f428
q1a72d620,d1b3862b4
q1a72d620,d1b363a48
q1a72d620,d1b31d46c
q1a72d620,d1b33ca56
q1a72d620,d1b3c6594
q1a72d620,d1b2e7a06
q1a72d620,d1b350b3c
q1a72d620,d1b38a4a4
q1a716fa6,d1b39690c
q1a716fa6,d1b306aa0
q1a716fa6,d1b3a009c
q1a716fa6,d1b36cf58
q1a716fa6,d1b3921e0
q1a716fa6,d1b38a288
q1a716fa6,d1b3a11a4
q1a716fa6,d1b34cdfc
q1a716fa6,d1b31f906
q1a716fa6,d1b395a2a
q1a729854,d1a72991c
q1a729854,d1b3a4ea8
q1a729854,d1a7253e4
q1a729854,d1b31094c
q1a729854,d1b336d72
q1a729854,d1b30ba96
q1a729854,d1b3711d4
q1a729854,d1b3b2c2e
q1a729854,d1a72135c
q1a729854,d1b342488
q1a738476,d1b3090a2
q1a738476,d1b30df3a
q1a738476,d1a7324d6
q1a738476,d1b3164f0
q1a738476,d1b35313e
q1a738476,d1b3bab22
q1a738476,d1b38224a
q1a738476,d1b3ba7a8
q1a738476,d1b3177b0
q1a738476,d1b2e225e
q1a7212bc,d1a71bb78
q1a7212bc,d1b3711d4
q1a7212bc,d1b39b4fc
q1a7212bc,d1b336d72
q1a7212bc,d1b33a9ea
q1a7212bc,d1b3a4ea8
q1a7212bc,d1b3b553c
q1a7212bc,d1b342488
q1a7212bc,d1b31094c
q1a7212bc,d1b3394aa
q1a73ceea,d1b3bf8a2
q1a73ceea,d1b34622c
q1a73ceea,d1b314a74
q1a73ceea,d1b30c658
q1a73ceea,d1b395eee
q1a73ceea,d1b36b4aa
q1a73ceea,d1b31e6b4
q1a73ceea,d1b39fc28
q1a73ceea,d1b39cd20
q1a73ceea,d1b369c7c
q1a736734,d1a7367c0
q1a736734,d1b3386b8
q1a736734,d1b2f6ad8
q1a736734,d1b331b10
q1a736734,d1b2e63f4
q1a736734,d1b374154
q1a736734,d1a71b272
q1a736734,d1b31e6b4
q1a736734,d1a73c530
q1a736734,d1b375054
q1a71a980,d1b369c7c
q1a71a980,d1b3a1794
q1a71a980,d1b321f3a
q1a71a980,d1b2fa7be
q1a71a980,d1b3bae6a
q1a71a980,d1b329dc0
q1a71a980,d1b3b96f0
q1a71a980,d1b362436
q1a71a980,d1b377142
q1a71a980,d1b387d08
q1a719cba,d1b363dc2
q1a719cba,d1b355fa6
q1a719cba,d1b35377e
q1a719cba,d1b37c246
q1a719cba,d1b343c66
q1a719cba,d1b343752
q1a719cba,d1b352932
q1a719cba,d1b3aa0e2
q1a719cba,d1b33a8e6
q1a719cba,d1b3935fe
q1a71659c,d1a7166dc
q1a71659c,d1b3558a8
q1a71659c,d1b34bc0e
q1a71659c,d1b30d954
q1a71659c,d1b2ef5c6
q1a71659c,d1b3849b4
q1a71659c,d1a71456c
q1a71659c,d1b376fda
q1a71659c,d1b378e52
q1a71659c,d1b368c82
q1a738908,d1b33143a
q1a738908,d1b3ad242
q1a738908,d1b33d4b0
q1a738908,d1b39034a
q1a738908,d1b2f32e8
q1a738908,d1a713428
q1a738908,d1b36279c
q1a738908,d1b31dae8
q1a738908,d1b381688
q1a738908,d1b34db9e
q1a734da8,d1b377e58
q1a734da8,d1b3bf6e0
q1a734da8,d1b34fc64
q1a734da8,d1b2edfd2
q1a734da8,d1b3a8bde
q1a734da8,d1b364a7e
q1a734da8,d1b373862
q1a734da8,d1b318a5c
q1a734da8,d1a73bfc2
q1a734da8,d1b39ca32
q1a71b77c,d1b3b6d7e
q1a71b77c,d1b35b7bc
q1a71b77c,d1b32a568
q1a71b77c,d1b3a7932
q1a71b77c,d1b36fa96
q1a71b77c,d1b3c40aa
q1a71b77c,d1b3abcb2
q1a71b77c,d1b388e88
q1a71b77c,d1b3a9a7a
q1a71b77c,d1b30b5d2
q1a71ef26,d1b341db2
q1a71ef26,d1b3c2944
q1a71ef26,d1a71f084
q1a71ef26,d1b39cd20
q1a71ef26,d1b35575e
q1a71ef26,d1b382eac
q1a71ef26,d1a7169c0
q1a71ef26,d1b38c812
q1a71ef26,d1b3673aa
q1a71ef26,d1b32fb4e
q1a72004c,d1a7200d8
q1a72004c,d1b3168b0
q1a72004c,d1b335206
q1a72004c,d1b32d916
q1a72004c,d1b2f32e8
q1a72004c,d1b31fef6
q1a72004c,d1b349c42
q1a72004c,d1b377142
q1a72004c,d1b343d6a
q1a72004c,d1b343856
q1a724868,d1b2e46e4
q1a724868,d1b31cd64
q1a724868,d1b36d52a
q1a724868,d1b392492
q1a724868,d1b38dc80
q1a724868,d1b309a8e
q1a724868,d1b366bd0
q1a724868,d1b31fb54
q1a724868,d1b3187c8
q1a724868,d1b3b0bd6
q1a713b80,d1b392abe
q1a713b80,d1b3c2bce
q1a713b80,d1b2e83de
q1a713b80,d1b373f4c
q1a713b80,d1b3182b4
q1a713b80,d1b360794
q1a713b80,d1b35ce14
q1a713b80,d1b2eb8cc
q1a713b80,d1b3b92ea
q1a713b80,d1b3c874a
q1a721ae6,d1a734aec
q1a721ae6,d1a721b22
q1a721ae6,d1b324bcc
q1a721ae6,d1b38a148
q1a721ae6,d1b37b562
q1a721ae6,d1b3287ae
q1a721ae6,d1b318516
q1a721ae6,d1b365e2e
q1a721ae6,d1b3c3fe2
q1a721ae6,d1b3af286
q1a728dd2,d1a728e36
q1a728dd2,d1b2e225e
q1a728dd2,d1b390570
q1a728dd2,d1b34da5e
q1a728dd2,d1b3b8f0c
q1a728dd2,d1b33c038
q1a728dd2,d1b3c50d6
q1a728dd2,d1b2ee798
q1a728dd2,d1b32f496
q1a728dd2,d1b2e63f4
q1a72559c,d1a7255f6
q1a72559c,d1b3c5702
q1a72559c,d1a73c530
q1a72559c,d1b3aad30
q1a72559c,d1b3bacc6
q1a72559c,d1b33cd08
q1a72559c,d1b35115e
q1a72559c,d1b35f272
q1a72559c,d1b32a568
q1a72559c,d1b395502
q1a73aa1e,d1a73ab0e
q1a73aa1e,d1b36abc2
q1a73aa1e,d1a735294
q1a73aa1e,d1b398f54
q1a73aa1e,d1b361a04
q1a73aa1e,d1b333fe6
q1a73aa1e,d1b3a3652
q1a73aa1e,d1b3309ea
q1a73aa1e,d1b335116
q1a73aa1e,d1b38d0fa
q1a72a7a4,d1a73a852
q1a72a7a4,d1b34aebc
q1a72a7a4,d1b342b5e
q1a72a7a4,d1b3b7da0
q1a72a7a4,d1b3a74e6
q1a72a7a4,d1b322480
q1a72a7a4,d1a7166dc
q1a72a7a4,d1b32ae78
q1a72a7a4,d1b343b58
q1a72a7a4,d1b30d954
q1a719ee0,d1b39690c
q1a719ee0,d1b34cdfc
q1a719ee0,d1b32f496
q1a719ee0,d1b35dfda
q1a719ee0,d1b35eb9c
q1a719ee0,d1b3a009c
q1a719ee0,d1b326f12
q1a719ee0,d1b3021b2
q1a719ee0,d1b37e802
q1a719ee0,d1b35949e
q1a73e95c,d1b35db98
q1a73e95c,d1b372476
q1a73e95c,d1b2ed4ba
q1a73e95c,d1b31f906
q1a73e95c,d1b3b3ea8
q1a73e95c,d1b39398c
q1a73e95c,d1b3554b6
q1a73e95c,d1a717032
q1a73e95c,d1a7237ce
q1a73e95c,d1b35a416
q1a72d922,d1b35bf96
q1a72d922,d1a739b32
q1a72d922,d1a72d99a
q1a72d922,d1b3294d8
q1a72d922,d1b358efe
q1a72d922,d1b350b3c
q1a72d922,d1b360988
q1a72d922,d1b36d3cc
q1a72d922,d1b34107e
q1a72d922,d1b389392
q1a722c02,d1a722c66
q1a722c02,d1b3862b4
q1a722c02,d1b369c7c
q1a722c02,d1b2ef3dc
q1a722c02,d1b3604d8
q1a722c02,d1b38e400
q1a722c02,d1b32baee
q1a722c02,d1b349b3e
q1a722c02,d1a72bce4
q1a722c02,d1b311c48
q1a73887c,d1a73899e
q1a73887c,d1a73a852
q1a73887c,d1b30e78c
q1a73887c,d1b364470
q1a73887c,d1b3b5f14
q1a73887c,d1b3757ac
q1a73887c,d1b35133e
q1a73887c,d1b366658
q1a73887c,d1b35c86a
q1a73887c,d1b351dca
q1a711e3e,d1a711fd8
q1a711e3e,d1b30eaca
q1a711e3e,d1b36a8ac
q1a711e3e,d1b32be18
q1a711e3e,d1b316f0e
q1a711e3e,d1b3bd598
q1a711e3e,d1b338bcc
q1a711e3e,d1b2efec2
q1a711e3e,d1b34b31c
q1a711e3e,d1b39adae
q1a73028a,d1a7303b6
q1a73028a,d1b3967cc
q1a73028a,d1b3b9e5c
q1a73028a,d1a726d7a
q1a73028a,d1b3b82e6
q1a73028a,d1b3af434
q1a73028a,d1b3b0226
q1a73028a,d1b3391b2
q1a73028a,d1b2ffdae
q1a73028a,d1b30ef0c
q1a734010,d1a726af0
q1a734010,d1b3aeca0
q1a734010,d1b2ff9bc
q1a734010,d1b355ccc
q1a734010,d1b357bda
q1a734010,d1b32360a
q1a734010,d1b390570
q1a734010,d1b317dd2
q1a734010,d1a723a30
q1a734010,d1b326d46
q1a71a1a6,d1b35f90c
q1a71a1a6,d1a71a278
q1a71a1a6,d1b36c60c
q1a71a1a6,d1b3c6bc0
q1a71a1a6,d1b2e8b36
q1a71a1a6,d1b36a532
q1a71a1a6,d1a73f2c6
q1a71a1a6,d1b32baee
q1a71a1a6,d1b32c3fe
q1a71a1a6,d1b39de46
q1a7333cc,d1b3aa1a0
q1a7333cc,d1b3a59ca
q1a7333cc,d1b35f9d4
q1a7333cc,d1a741bd4
q1a7333cc,d1b2f783e
q1a7333cc,d1b2e55ee
q1a7333cc,d1b36ed08
q1a7333cc,d1a71df22
q1a7333cc,d1b300a4c
q1a7333cc,d1b331e12
q1a714508,d1b359084
q1a714508,d1b386822
q1a714508,d1b33143a
q1a714508,d1b3a6942
q1a714508,d1a73bfc2
q1a714508,d1b359ce6
q1a714508,d1b31dae8
q1a714508,d1b3ad242
q1a714508,d1b33a9ea
q1a714508,d1a72b046
q1a72decc,d1b3578f6
q1a72decc,d1a72df58
q1a72decc,d1b3c8362
q1a72decc,d1b3418d0
q1a72decc,d1b2ef24c
q1a72decc,d1b36f99c
q1a72decc,d1b3a9dd6
q1a72decc,d1b3950ac
q1a72decc,d1a72250e
q1a72decc,d1b352c70
q1a7182c0,d1a7183ce
q1a7182c0,d1b34a598
q1a7182c0,d1b3238b2
q1a7182c0,d1b3b353e
q1a7182c0,d1b326f12
q1a7182c0,d1b306aa0
q1a7182c0,d1b32b094
q1a7182c0,d1a711fd8
q1a7182c0,d1b35446c
q1a7182c0,d1b315a5a
q1a72ff38,d1b387d08
q1a72ff38,d1a736f40
q1a72ff38,d1b3aad30
q1a72ff38,d1b2ef3dc
q1a72ff38,d1b36fb72
q1a72ff38,d1b2e63f4
q1a72ff38,d1b33198a
q1a72ff38,d1b36001e
q1a72ff38,d1b2fa4da
q1a72ff38,d1b30af92
q1a730852,d1b3a1e2e
q1a730852,d1b2f2c94
q1a730852,d1a725d26
q1a730852,d1a7309a6
q1a730852,d1b30f236
q1a730852,d1b369c7c
q1a730852,d1b390570
q1a730852,d1a727b8a
q1a730852,d1b387d08
q1a730852,d1b33f3be
q1a73a7f8,d1a72a812
q1a73a7f8,d1b360a78
q1a73a7f8,d1b3c2c78
q1a73a7f8,d1b3b7da0
q1a73a7f8,d1b3c63c8
q1a73a7f8,d1b398d9c
q1a73a7f8,d1b3b10cc
q1a73a7f8,d1b33da8c
q1a73a7f8,d1b3b641e
q1a73a7f8,d1b363336
q1a72db5c,d1b3034b8
q1a72db5c,d1b38f58a
q1a72db5c,d1b35d2ce
q1a72db5c,d1b31fef6
q1a72db5c,d1b3c743a
q1a72db5c,d1b30c09a
q1a72db5c,d1b37796c
q1a72db5c,d1b354e62
q1a72db5c,d1b335418
q1a72db5c,d1b38d3fc
q1a74019e,d1b32136e
q1a74019e,d1a740248
q1a74019e,d1a7233f0
q1a74019e,d1b2fe102
q1a74019e,d1b35b096
q1a74019e,d1b390570
q1a74019e,d1b33c038
q1a74019e,d1b38ffda
q1a74019e,d1b31a0d2
q1a74019e,d1b3a781a
q1a72617c,d1b35ce14
q1a72617c,d1b348dce
q1a72617c,d1b3c874a
q1a72617c,d1b2f539a
q1a72617c,d1a73bfc2
q1a72617c,d1b388e88
q1a72617c,d1a73f2c6
q1a72617c,d1b3c4b36
q1a72617c,d1a72ccde
q1a72617c,d1a72bce4
q1a734524,d1b3457fa
q1a734524,d1b3aa24a
q1a734524,d1b3b3c00
q1a734524,d1b304548
q1a734524,d1b35e62e
q1a734524,d1a734614
q1a734524,d1b3aeb92
q1a734524,d1b34baf6
q1a734524,d1a73920e
q1a734524,d1a71be0c
q1a71d1d0,d1b3a7720
q1a71d1d0,d1b36cad0
q1a71d1d0,d1a71fa20
q1a71d1d0,d1b39c5b4
q1a71d1d0,d1b3adc10
q1a71d1d0,d1b2ef24c
q1a71d1d0,d1b38301e
q1a71d1d0,d1b343144
q1a71d1d0,d1b38706a
q1a71d1d0,d1b3a6fa0
q1a718324,d1a7183ce
q1a718324,d1b3238b2
q1a718324,d1a711fd8
q1a718324,d1a71f534
q1a718324,d1b2f9daa
q1a718324,d1b3ab596
q1a718324,d1b363c1e
q1a718324,d1b38008a
q1a718324,d1b32d2b8
q1a718324,d1b325ba8
q1a7200a6,d1a7200d8
q1a7200a6,d1b377142
q1a7200a6,d1b3b14a0
q1a7200a6,d1a7218e8
q1a7200a6,d1b3616a8
q1a7200a6,d1a722c66
q1a7200a6,d1b369c7c
q1a7200a6,d1b32d916
q1a7200a6,d1b335206
q1a7200a6,d1b3a6fa0
q1a7229dc,d1b354d0e
q1a7229dc,d1b36b5ae
q1a7229dc,d1b35e70a
q1a7229dc,d1b39b222
q1a7229dc,d1b35ea48
q1a7229dc,d1b386b1a
q1a7229dc,d1a73b248
q1a7229dc,d1a722202
q1a7229dc,d1b34d356
q1a7229dc,d1a722a18
q1a71f98a,d1b393f5e
q1a71f98a,d1b3920a0
q1a71f98a,d1a73bfc2
q1a71f98a,d1b35493a
q1a71f98a,d1b2edfd2
q1a71f98a,d1b3b0226
q1a71f98a,d1b354a8e
q1a71f98a,d1b351faa
q1a71f98a,d1b3c7ed0
q1a71f98a,d1b387d08
q1a731946,d1a731a4a
q1a731946,d1b3b7c24
q1a731946,d1b35446c
q1a731946,d1b399b34
q1a731946,d1b3862b4
q1a731946,d1b337970
q1a731946,d1b3a1e2e
q1a731946,d1a7309a6
q1a731946,d1b364ee8
q1a731946,d1b38d9ec
q1a73eb78,d1b39417a
q1a73eb78,d1a73ec0e
q1a73eb78,d1b2e63f4
q1a73eb78,d1b3af812
q1a73eb78,d1b363ea8
q1a73eb78,d1b3576b2
q1a73eb78,d1b37721e
q1a73eb78,d1b3a6fa0
q1a73eb78,d1b31bba8
q1a73eb78,d1b3aad30
q1a721c44,d1b3beeca
q1a721c44,d1a721d34
q1a721c44,d1b37a252
q1a721c44,d1b39b09c
q1a721c44,d1b397758
q1a721c44,d1b3994cc
q1a721c44,d1b388000
q1a721c44,d1b310dde
q1a721c44,d1b33d9ba
q1a721c44,d1b313eda
q1a73aeb0,d1a73afdc
q1a73aeb0,d1b383f1e
q1a73aeb0,d1b382eac
q1a73aeb0,d1b34a6a6
q1a73aeb0,d1b32cade
q1a73aeb0,d1b2f4094
q1a73aeb0,d1b3ae124
q1a73aeb0,d1b3a3eb8
q1a73aeb0,d1b31567c
q1a73aeb0,d1b392e92
q1a71c9ba,d1a71ca46
q1a71c9ba,d1b3c47da
q1a71c9ba,d1b311c48
q1a71c9ba,d1b3beb3c
q1a71c9ba,d1a73f2c6
q1a71c9ba,d1b338bcc
q1a71c9ba,d1b379906
q1a71c9ba,d1a72135c
q1a71c9ba,d1b318f20
q1a71c9ba,d1b37f626
q1a72a088,d1a72a0ce
q1a72a088,d1b3a2ac2
q1a72a088,d1b32d7cc
q1a72a088,d1a73c7c4
q1a72a088,d1a7419cc
q1a72a088,d1b349954
q1a72a088,d1a7289ae
q1a72a088,d1b35446c
q1a72a088,d1a7183ce
q1a72a088,d1b337970
q1a7375b2,d1a7376e8
q1a7375b2,d1b36ba22
q1a7375b2,d1b3c5540
q1a7375b2,d1b3ba6ae
q1a7375b2,d1b32002c
q1a7375b2,d1a7231d4
q1a7375b2,d1b36c53a
q1a7375b2,d1a71e47c
q1a7375b2,d1b32f36a
q1a7375b2,d1b398126
q1a723120,d1a7231d4
q1a723120,d1b398126
q1a723120,d1a7376e8
q1a723120,d1a71e47c
q1a723120,d1b32002c
q1a723120,d1b359f5c
q1a723120,d1b36ba22
q1a723120,d1b357e96
q1a723120,d1b3a2414
q1a723120,d1b3969e8
q1a73d318,d1a73d426
q1a73d318,d1b3b50be
q1a73d318,d1b372692
q1a73d318,d1b34befc
q1a73d318,d1b3c1cba
q1a73d318,d1b36279c
q1a73d318,d1b2e1e08
q1a73d318,d1b329b9a
q1a73d318,d1b347744
q1a73d318,d1b31fa28
q1a714e54,d1b36b7fc
q1a714e54,d1b398a04
q1a714e54,d1b3134f8
q1a714e54,d1b3ba096
q1a714e54,d1b346902
q1a714e54,d1b3b2760
q1a714e54,d1b349f26
q1a714e54,d1b309750
q1a714e54,d1b2eead6
q1a714e54,d1b3554b6
q1a71861c,d1a7210fa
q1a71861c,d1b322fb6
q1a71861c,d1b2f32e8
q1a71861c,d1b381688
q1a71861c,d1b3c7ed0
q1a71861c,d1b337f7e
q1a71861c,d1b383b40
q1a71861c,d1b3668c4
q1a71861c,d1b36c3be
q1a71861c,d1b3105c8
q1a72ecaa,d1b3ad242
q1a72ecaa,d1b31dae8
q1a72ecaa,d1b3520ea
q1a72ecaa,d1b2f8c2a
q1a72ecaa,d1b32d4b6
q1a72ecaa,d1b38242a
q1a72ecaa,d1b3856e8
q1a72ecaa,d1b38c1b4
q1a72ecaa,d1b3ab168
q1a72ecaa,d1b39ed82
q1a734f42,d1a735078
q1a734f42,d1b36a2ee
q1a734f42,d1b2e34ec
q1a734f42,d1b3a9052
q1a734f42,d1b392492
q1a734f42,d1b36ee3e
q1a734f42,d1b32cc6e
q1a734f42,d1b3b16d0
q1a734f42,d1b319038
q1a734f42,d1b3188ea
q1a73bf5e,d1a73bfc2
q1a73bf5e,d1b3c3056
q1a73bf5e,d1b359084
q1a73bf5e,d1b3aa1a0
q1a73bf5e,d1b34b52e
q1a73bf5e,d1a715854
q1a73bf5e,d1b336764
q1a73bf5e,d1b362116
q1a73bf5e,d1b35f9d4
q1a73bf5e,d1b3a8bde
q1a739574,d1b3c160c
q1a739574,d1b3b7382
q1a739574,d1b3a81f2
q1a739574,d1b2f4a30
q1a739574,d1b31f690
q1a739574,d1b356866
q1a739574,d1b327606
q1a739574,d1a725f60
q1a739574,d1a739632
q1a739574,d1b3780ba
q1a722e0a,d1a722f4a
q1a722e0a,d1b345ac0
q1a722e0a,d1b2e1b42
q1a722e0a,d1b38fdc8
q1a722e0a,d1b2e6b6a
q1a722e0a,d1b2f751e
q1a722e0a,d1b2e7bb4
q1a722e0a,d1b3a9962
q1a722e0a,d1b315f0a
q1a722e0a,d1a731306
q1a731450,d1a731540
q1a731450,d1b332efc
q1a731450,d1b3749c4
q1a731450,d1b3487ac
q1a731450,d1b2e7858
q1a731450,d1b33a3fa
q1a731450,d1a71f2f0
q1a731450,d1b3b69d2
q1a731450,d1b349c42
q1a731450,d1b34134e
q1a72c6e4,d1a73bfc2
q1a72c6e4,d1b2edfd2
q1a72c6e4,d1b32fb4e
q1a72c6e4,d1b382074
q1a72c6e4,d1b387ef2
q1a72c6e4,d1b3153de
q1a72c6e4,d1b37b828
q1a72c6e4,d1b393f5e
q1a72c6e4,d1b3c3056
q1a72c6e4,d1b377e58
q1a726d02,d1b3967cc
q1a726d02,d1b3b82e6
q1a726d02,d1b3b0226
q1a726d02,d1b354a8e
q1a726d02,d1b38ba70
q1a726d02,d1a71d82e
q1a726d02,d1b3920a0
q1a726d02,d1b31d8ae
q1a726d02,d1b3391b2
q1a726d02,d1b3af434
q1a73af14,d1a73afdc
q1a73af14,d1b322480
q1a73af14,d1b3866b0
q1a73af14,d1b3164f0
q1a73af14,d1b342b5e
q1a73af14,d1b3a2568
q1a73af14,d1b2eb570
q1a73af14,d1b3805b2
q1a73af14,d1b3b2e40
q1a73af14,d1b3554b6
q1a7226ee,d1b3c12b0
q1a7226ee,d1b347866
q1a7226ee,d1b33a9ea
q1a7226ee,d1b3711d4
q1a7226ee,d1b328bdc
q1a7226ee,d1b39b4fc
q1a7226ee,d1b342488
q1a7226ee,d1b2e96b2
q1a7226ee,d1b38f0b2
q1a7226ee,d1b336d72
q1a7144ae,d1b3b762a
q1a7144ae,d1b383f1e
q1a7144ae,d1b3aa42a
q1a7144ae,d1b3472e4
q1a7144ae,d1b35de90
q1a7144ae,d1b399c2e
q1a7144ae,d1b3a6e42
q1a7144ae,d1a73a852
q1a7144ae,d1b2eec20
q1a7144ae,d1b3a3364
q1a72937c,d1a7218e8
q1a72937c,d1b31f42e
q1a72937c,d1b369f60
q1a72937c,d1b3749c4
q1a72937c,d1b3c6bc0
q1a72937c,d1b2e96b2
q1a72937c,d1b3900e8
q1a72937c,d1b3b9038
q1a72937c,d1b34befc
q1a72937c,d1b36a532
q1a71dc3e,d1a71dd10
q1a71dc3e,d1b3270fc
q1a71dc3e,d1a73fa6e
q1a71dc3e,d1b3a781a
q1a71dc3e,d1b312dd2
q1a71dc3e,d1b32dc04
q1a71dc3e,d1b369a38
q1a71dc3e,d1a731a4a
q1a71dc3e,d1a731ff4
q1a71dc3e,d1b3c8146
q1a72b41a,d1b2fb63c
q1a72b41a,d1b375054
q1a72b41a,d1b38a3e6
q1a72b41a,d1b39034a
q1a72b41a,d1b33d4b0
q1a72b41a,d1a73bfc2
q1a72b41a,d1b38049a
q1a72b41a,d1a712532
q1a72b41a,d1b387ef2
q1a72b41a,d1b39ca32
q1a73a7c6,d1a72a812
q1a73a7c6,d1b3b7da0
q1a73a7c6,d1b360a78
q1a73a7c6,d1b3abcb2
q1a73a7c6,d1b3b10cc
q1a73a7c6,d1b3c2c78
q1a73a7c6,d1b321daa
q1a73a7c6,d1b33d4b0
q1a73a7c6,d1b3c63c8
q1a73a7c6,d1b316e00
q1a72522c,d1a7253e4
q1a72522c,d1b306456
q1a72522c,d1b3b553c
q1a72522c,d1b358d14
q1a72522c,d1b3495da
q1a72522c,d1b2fb4a2
q1a72522c,d1a72aac4
q1a72522c,d1a72135c
q1a72522c,d1b370946
q1a72522c,d1b3386b8
q1a733fde,d1a7340d8
q1a733fde,d1a71e1e8
q1a733fde,d1b329e9c
q1a733fde,d1b3a9a7a
q1a733fde,d1b3b6d7e
q1a733fde,d1b2efec2
q1a733fde,d1b3bcbf2
q1a733fde,d1b31c77e
q1a733fde,d1b32309c
q1a733fde,d1b3becc2
q1a7190f8,d1b35243c
q1a7190f8,d1b37bddc
q1a7190f8,d1b3b2f94
q1a7190f8,d1b3ad526
q1a7190f8,d1a716c9a
q1a7190f8,d1b3b229c
q1a7190f8,d1b366e96
q1a7190f8,d1b3860b6
q1a7190f8,d1b37762e
q1a7190f8,d1b34b02e
q1a713e82,d1b35493a
q1a713e82,d1b3bdaa2
q1a713e82,d1b369c7c
q1a713e82,d1b31f906
q1a713e82,d1b37f78e
q1a713e82,d1b3495da
q1a713e82,d1a722c66
q1a713e82,d1b33cd08
q1a713e82,d1b319772
q1a713e82,d1b338c9e
q1a715958,d1a715a70
q1a715958,d1b39a926
q1a715958,d1b3357ce
q1a715958,d1b373f4c
q1a715958,d1b2e83de
q1a715958,d1b2e6d90
q1a715958,d1b3bbe96
q1a715958,d1b36367e
q1a715958,d1b3018d4
q1a715958,d1b3182b4
q1a72c356,d1b3712f6
q1a72c356,d1b3669c8
q1a72c356,d1b34e4e0
q1a72c356,d1b3bfd5c
q1a72c356,d1b30687a
q1a72c356,d1b2ebe26
q1a72c356,d1b33989c
q1a72c356,d1b2f9698
q1a72c356,d1b36ec4a
q1a72c356,d1b352c70
q1a734d80,d1b3a8bde
q1a734d80,d1b2edfd2
q1a734d80,d1b3bf6e0
q1a734d80,d1a73bfc2
q1a734d80,d1b34fc64
q1a734d80,d1b39ca32
q1a734d80,d1b393f5e
q1a734d80,d1b33207e
q1a734d80,d1b304e80
q1a734d80,d1b3ae124
q1a73c224,d1b3af812
q1a73c224,d1b3be84e
q1a73c224,d1b2ee16c
q1a73c224,d1b363ea8
q1a73c224,d1b2e63f4
q1a73c224,d1b3aad30
q1a73c224,d1b37721e
q1a73c224,d1b3576b2
q1a73c224,d1b3a6fa0
q1a73c224,d1b3a7068
q1a73215c,d1a7322b0
q1a73215c,d1b2e373a
q1a73215c,d1b3adc10
q1a73215c,d1a715322
q1a73215c,d1b391b6e
q1a73215c,d1b31bdce
q1a73215c,d1b336c6e
q1a73215c,d1b3a0556
q1a73215c,d1b3193e4
q1a73215c,d1b3274f8
q1a7246b0,d1b3bae6a
q1a7246b0,d1b33a3fa
q1a7246b0,d1b34f9ee
q1a7246b0,d1a719184
q1a7246b0,d1b369c7c
q1a7246b0,d1b3aa4de
q1a7246b0,d1b3c11c0
q1a7246b0,d1a71a4e4
q1a7246b0,d1b382cea
q1a7246b0,d1b338e56
q1a7201f0,d1b3a7ae0
q1a7201f0,d1b378560
q1a7201f0,d1b38c9f2
q1a7201f0,d1a72a5d8
q1a7201f0,d1b348f40
q1a7201f0,d1b32fb4e
q1a7201f0,d1b36a2ee
q1a7201f0,d1b38a3e6
q1a7201f0,d1b382074
q1a7201f0,d1b374c30
q1a72105a,d1a7210fa
q1a72105a,d1b3c7ed0
q1a72105a,d1b2fa340
q1a72105a,d1b32e136
q1a72105a,d1b363c1e
q1a72105a,d1b3105c8
q1a72105a,d1b2f32e8
q1a72105a,d1b322fb6
q1a72105a,d1b3967cc
q1a72105a,d1b374582
q1a721c6c,d1b3a9a7a
q1a721c6c,d1b388e88
q1a721c6c,d1b32a568
q1a721c6c,d1b3c40aa
q1a721c6c,d1b39ed82
q1a721c6c,d1b37a0d6
q1a721c6c,d1b3bdaa2
q1a721c6c,d1b3b6d7e
q1a721c6c,d1b2f345a
q1a721c6c,d1b3a8756
q1a72b582,d1a72b690
q1a72b582,d1b3a3652
q1a72b582,d1b355a38
q1a72b582,d1a73ba68
q1a72b582,d1b34e18e
q1a72b582,d1b3c88b2
q1a72b582,d1b349d0a
q1a72b582,d1b3a863e
q1a72b582,d1a719490
q1a72b582,d1b3018d4
q1a730faa,d1a7310a4
q1a730faa,d1b37762e
q1a730faa,d1a738d04
q1a730faa,d1b3991d4
q1a730faa,d1b3b7a9e
q1a730faa,d1a73f564
q1a730faa,d1b3182b4
q1a730faa,d1b366ad6
q1a730faa,d1b2e67a0
q1a730faa,d1b39f8d6
q1a714f3a,d1b2f364e
q1a714f3a,d1b36bd92
q1a714f3a,d1b358530
q1a714f3a,d1a714f9e
q1a714f3a,d1b3b92ea
q1a714f3a,d1a73a424
q1a714f3a,d1b358382
q1a714f3a,d1a73ab0e
q1a714f3a,d1b3018d4
q1a714f3a,d1b31fb54
q1a71313a,d1a7218e8
q1a71313a,d1b3879b6
q1a71313a,d1b3c5d24
q1a71313a,d1b32c020
q1a71313a,d1b379906
q1a71313a,d1b377142
q1a71313a,d1b31d46c
q1a71313a,d1b2e707e
q1a71313a,d1a73f2c6
q1a71313a,d1b37442e
q1a733a48,d1a733a98
q1a733a48,d1a71f2f0
q1a733a48,d1b35f90c
q1a733a48,d1b31dd7c
q1a733a48,d1b389e46
q1a733a48,d1b36c60c
q1a733a48,d1b3862b4
q1a733a48,d1b38d9ec
q1a733a48,d1b3270fc
q1a733a48,d1b32d2b8
q1a724ae8,d1b38a4a4
q1a724ae8,d1b33efcc
q1a724ae8,d1b37640e
q1a724ae8,d1b34fc64
q1a724ae8,d1b38464e
q1a724ae8,d1b3c0c84
q1a724ae8,d1b325d42
q1a724ae8,d1b373862
q1a724ae8,d1b39ca32
q1a724ae8,d1b2e455e
q1a714684,d1b3af34e
q1a714684,d1b375874
q1a714684,d1a723c42
q1a714684,d1b36fe9c
q1a714684,d1b359674
q1a714684,d1b2e766e
q1a714684,d1b3538fa
q1a714684,d1b3ae62e
q1a714684,d1b35aae2
q1a714684,d1b33ae9a
q1a72f31c,d1b33a1de
q1a72f31c,d1b33d4b0
q1a72f31c,d1b315bcc
q1a72f31c,d1b3bf6e0
q1a72f31c,d1b35377e
q1a72f31c,d1b3a8bde
q1a72f31c,d1a732ce2
q1a72f31c,d1b30388c
q1a72f31c,d1b3a61cc
q1a72f31c,d1b38ad82
q1a72ceaa,d1b3b4cea
q1a72ceaa,d1b31b4fa
q1a72ceaa,d1b307c48
q1a72ceaa,d1a740464
q1a72ceaa,d1b3a3288
q1a72ceaa,d1b3a277a
q1a72ceaa,d1a72cf18
q1a72ceaa,d1b3504c0
q1a72ceaa,d1b35868e
q1a72ceaa,d1b3a7f9a
q1a73a712,d1a73a852
q1a73a712,d1a72a812
q1a73a712,d1b321daa
q1a73a712,d1b360a78
q1a73a712,d1b2f5688
q1a73a712,d1b34bc0e
q1a73a712,d1b34aebc
q1a73a712,d1b39ea4e
q1a73a712,d1b305b28
q1a73a712,d1b3b7da0
q1a723756,d1b2ffca0
q1a723756,d1b389a04
q1a723756,d1b314bc8
q1a723756,d1b37762e
q1a723756,d1b364ee8
q1a723756,d1b35243c
q1a723756,d1a7310a4
q1a723756,d1b3520ea
q1a723756,d1b32d4b6
q1a723756,d1b3856e8
q1a73b400,d1b34e18e
q1a73b400,d1b2f0d72
q1a73b400,d1b3a4c0a
q1a73b400,d1b353846
q1a73b400,d1a731c70
q1a73b400,d1b2f4418
q1a73b400,d1b3971fe
q1a73b400,d1a73a62c
q1a73b400,d1b3a2568
q1a73b400,d1b360794
q1a715d04,d1b2fc690
q1a715d04,d1a715e30
q1a715d04,d1b35bc4e
q1a715d04,d1b3b9b78
q1a715d04,d1b38c9f2
q1a715d04,d1b3b229c
q1a715d04,d1b2fbc2c
q1a715d04,d1b368e9e
q1a715d04,d1b32fb4e
q1a715d04,d1b300c2c
q1a731004,d1a7310a4
q1a731004,d1a738d04
q1a731004,d1b37762e
q1a731004,d1b3b229c
q1a731004,d1a716c9a
q1a731004,d1b35243c
q1a731004,d1b389a04
q1a731004,d1b34300e
q1a731004,d1b3ab168
q1a731004,d1b3a8f4e
q1a7418fa,d1a7419cc
q1a7418fa,d1b3a2ac2
q1a7418fa,d1a72a0ce
q1a7418fa,d1b32d7cc
q1a7418fa,d1a726af0
q1a7418fa,d1b330e7c
q1a7418fa,d1b324bcc
q1a7418fa,d1a723a30
q1a7418fa,d1b37f428
q1a7418fa,d1a721b22
q1a721e4c,d1b334aea
q1a721e4c,d1b350b3c
q1a721e4c,d1b33add2
q1a721e4c,d1b38b32c
q1a721e4c,d1b3b641e
q1a721e4c,d1b3a1c8a
q1a721e4c,d1b3c63c8
q1a721e4c,d1b360a78
q1a721e4c,d1a721fa0
q1a721e4c,d1b351a3c
q1a72079a,d1b3bfe6a
q1a72079a,d1a71f7d2
q1a72079a,d1b385b5c
q1a72079a,d1b34db9e
q1a72079a,d1a71aebc
q1a72079a,d1b33eefa
q1a72079a,d1b340c28
q1a72079a,d1b343a22
q1a72079a,d1b3b7da0
q1a72079a,d1b38706a
q1a739fc4,d1b3c1bb6
q1a739fc4,d1b31bcc0
q1a739fc4,d1b313dcc
q1a739fc4,d1b3710bc
q1a739fc4,d1b369a38
q1a739fc4,d1b3a1f8c
q1a739fc4,d1b389496
q1a739fc4,d1b34f78c
q1a739fc4,d1b37f9b4
q1a739fc4,d1b31fa28
q1a712b04,d1b2fc51e
q1a712b04,d1b30687a
q1a712b04,d1b3ac356
q1a712b04,d1b3866b0
q1a712b04,d1b3b3c00
q1a712b04,d1b3c769c
q1a712b04,d1a7331d8
q1a712b04,d1b3aaa1a
q1a712b04,d1b387ef2
q1a712b04,d1b2e63f4
q1a73b3a6,d1a73b46e
q1a73b3a6,d1b344968
q1a73b3a6,d1b2f0d72
q1a73b3a6,d1b334e28
q1a73b3a6,d1b3b2ad0
q1a73b3a6,d1b3c19d6
q1a73b3a6,d1b34e18e
q1a73b3a6,d1b3a0c72
q1a73b3a6,d1a7362fc
q1a73b3a6,d1b32d57e
q1a731482,d1a731540
q1a731482,d1b355ccc
q1a731482,d1b302856
q1a731482,d1b33a3fa
q1a731482,d1b2e7858
q1a731482,d1b3c0eaa
q1a731482,d1a726af0
q1a731482,d1b3bf8a2
q1a731482,d1b2e4978
q1a731482,d1b332efc
q1a736e96,d1b2e63f4
q1a736e96,d1b3aad30
q1a736e96,d1b37721e
q1a736e96,d1b3af812
q1a736e96,d1b3be84e
q1a736e96,d1b2ee16c
q1a736e96,d1a72d184
q1a736e96,d1b3a6fa0
q1a736e96,d1b3c5fe0
q1a736e96,d1a736f40
q1a726aaa,d1a723a30
q1a726aaa,d1a726af0
q1a726aaa,d1b357bda
q1a726aaa,d1b31d46c
q1a726aaa,d1a72d756
q1a726aaa,d1a727b8a
q1a726aaa,d1b330e7c
q1a726aaa,d1b3c8146
q1a726aaa,d1b3c3fe2
q1a726aaa,d1b34adcc
q1a73d372,d1a73d426
q1a73d372,d1b3c7a70
q1a73d372,d1b3b50be
q1a73d372,d1b3179a4
q1a73d372,d1b34befc
q1a73d372,d1b34fc64
q1a73d372,d1a714cd8
q1a73d372,d1a72a358
q1a73d372,d1b3c1bb6
q1a73d372,d1b30842c
q1a7189aa,d1b378e52
q1a7189aa,d1b3866b0
q1a7189aa,d1b33a1de
q1a7189aa,d1a71456c
q1a7189aa,d1a718a36
q1a7189aa,d1b2ef5c6
q1a7189aa,d1b3a8756
q1a7189aa,d1b315bcc
q1a7189aa,d1a71f7d2
q1a7189aa,d1b323d94
q1a71690c,d1b31d8ae
q1a71690c,d1b335206
q1a71690c,d1b334c52
q1a71690c,d1b3616a8
q1a71690c,d1a71d82e
q1a71690c,d1b3b82e6
q1a71690c,d1b33fab2
q1a71690c,d1b3304fe
q1a71690c,d1b3b0226
q1a71690c,d1b3967cc
q1a72e3ae,d1a72e41c
q1a72e3ae,d1b336fb6
q1a72e3ae,d1b2fcb7c
q1a72e3ae,d1b3505c4
q1a72e3ae,d1b3018d4
q1a72e3ae,d1b35c9dc
q1a72e3ae,d1a73ba68
q1a72e3ae,d1b30f3ee
q1a72e3ae,d1b3c4b36
q1a72e3ae,d1b353846
q1a7133c4,d1a713428
q1a7133c4,d1b34fc64
q1a7133c4,d1b37aaf4
q1a7133c4,d1b38a4a4
q1a7133c4,d1b32c98a
q1a7133c4,d1b356758
q1a7133c4,d1b374794
q1a7133c4,d1b38464e
q1a7133c4,d1b35de90
q1a7133c4,d1b2e8f00
q1a711452,d1a711510
q1a711452,d1b35e44e
q1a711452,d1b390a2a
q1a711452,d1b3211d4
q1a711452,d1b353684
q1a711452,d1b34f8f4
q1a711452,d1b3b2026
q1a711452,d1b2f91d4
q1a711452,d1b35868e
q1a711452,d1b3b4cea
q1a716146,d1b37543c
q1a716146,d1b30e5d4
q1a716146,d1b3611a8
q1a716146,d1b3bf370
q1a716146,d1b362b70
q1a716146,d1b3ba6ae
q1a716146,d1a7376e8
q1a716146,d1b2e92ac
q1a716146,d1b385a12
q1a716146,d1b39e774
q1a72506a,d1a7250b0
q1a72506a,d1b391b6e
q1a72506a,d1b38af94
q1a72506a,d1b314a74
q1a72506a,d1b34622c
q1a72506a,d1a715322
q1a72506a,d1a7322b0
q1a72506a,d1b3952fa
q1a72506a,d1a72f100
q1a72506a,d1b35c0d6
q1a72a218,d1a72a358
q1a72a218,d1b38ded8
q1a72a218,d1b3b3336
q1a72a218,d1b34107e
q1a72a218,d1b33c330
q1a72a218,d1b3487ac
q1a72a218,d1b3179a4
q1a72a218,d1b39e22e
q1a72a218,d1b38716e
q1a72a218,d1b35a416
q1a728396,d1a71d82e
q1a728396,d1b33a846
q1a728396,d1b3967cc
q1a728396,d1b3b82e6
q1a728396,d1b3af434
q1a728396,d1a7283d2
q1a728396,d1b3b0226
q1a728396,d1a72e818
q1a728396,d1b3aaa1a
q1a728396,d1b32a91e
q1a726154,d1b34147a
q1a726154,d1b3278c2
q1a726154,d1b3300b2
q1a726154,d1a72ccde
q1a726154,d1a72083a
q1a726154,d1b33eefa
q1a726154,d1b320888
q1a726154,d1b360794
q1a726154,d1b301456
q1a726154,d1b309df4
q1a72e386,d1b2fcb7c
q1a72e386,d1b3aefe8
q1a72e386,d1b324d98
q1a72e386,d1b336fb6
q1a72e386,d1b347e60
q1a72e386,d1a73ba68
q1a72e386,d1b3b0582
q1a72e386,d1b3c4b36
q1a72e386,d1b3a0c72
q1a72e386,d1b302c5c
q1a73698c,d1b375a7c
q1a73698c,d1b315bcc
q1a73698c,d1b330f9e
q1a73698c,d1a732ce2
q1a73698c,d1a7369d2
q1a73698c,d1b31f082
q1a73698c,d1b3bddc2
q1a73698c,d1a739434
q1a73698c,d1a7290b6
q1a73698c,d1b30388c
q1a723918,d1a723a30
q1a723918,d1a726af0
q1a723918,d1b349b3e
q1a723918,d1b38522e
q1a723918,d1b35a6c8
q1a723918,d1b33198a
q1a723918,d1b31ce72
q1a723918,d1b355ccc
q1a723918,d1a7289ae
q1a723918,d1b373ba0
q1a71634e,d1a716452
q1a71634e,d1b30240a
q1a71634e,d1b3c278c
q1a71634e,d1b341b5a
q1a71634e,d1a71aebc
q1a71634e,d1b36014a
q1a71634e,d1b305ef2
q1a71634e,d1b347b86
q1a71634e,d1b390c64
q1a71634e,d1b36001e
q1a73221a,d1b3947f6
q1a73221a,d1b36580c
q1a73221a,d1b3254a0
q1a73221a,d1b2e3a5a
q1a73221a,d1a7367c0
q1a73221a,d1b32624c
q1a73221a,d1b323f38
q1a73221a,d1b331b10
q1a73221a,d1b371530
q1a73221a,d1a72d184
q1a73bf0e,d1b373862
q1a73bf0e,d1b34a6a6
q1a73bf0e,d1b3c0c84
q1a73bf0e,d1b3c014e
q1a73bf0e,d1a711c7c
q1a73bf0e,d1b341db2
q1a73bf0e,d1b3a8bde
q1a73bf0e,d1b3673aa
q1a73bf0e,d1b2e455e
q1a73bf0e,d1b3b0e1a
q1a72c37e,d1b3950ac
q1a72c37e,d1b31ae60
q1a72c37e,d1b359e3a
q1a72c37e,d1a73c530
q1a72c37e,d1b3046d8
q1a72c37e,d1b2e585a
q1a72c37e,d1b3420e6
q1a72c37e,d1b3acad6
q1a72c37e,d1b3af812
q1a72c37e,d1b2f9698
q1a73a9c4,d1b393784
q1a73a9c4,d1b3bdf66
q1a73a9c4,d1b3a863e
q1a73a9c4,d1b3505c4
q1a73a9c4,d1b32ff9a
q1a73a9c4,d1b2f1524
q1a73a9c4,d1a720a88
q1a73a9c4,d1b398f54
q1a73a9c4,d1b364542
q1a73a9c4,d1b347e60
q1a740612,d1a74070c
q1a740612,d1b36639c
q1a740612,d1b39034a
q1a740612,d1b3b712a
q1a740612,d1a71c082
q1a740612,d1a71f7d2
q1a740612,d1b3183d6
q1a740612,d1b379906
q1a740612,d1a7233f0
q1a740612,d1b3a8990
q1a713194,d1b3921e0
q1a713194,d1b369c7c
q1a713194,d1b3862b4
q1a713194,d1b3a1794
q1a713194,d1b3a6596
q1a713194,d1b356758
q1a713194,d1a722c66
q1a713194,d1b327b92
q1a713194,d1b365e2e
q1a713194,d1a727b8a
q1a720024,d1a7200d8
q1a720024,d1b31607c
q1a720024,d1b346c22
q1a720024,d1b362ab2
q1a720024,d1b396074
q1a720024,d1a7237ce
q1a720024,d1b2ed4ba
q1a720024,d1b3b46be
q1a720024,d1b32624c
q1a720024,d1b369812
q1a72ac68,d1b369c7c
q1a72ac68,d1b3b9038
q1a72ac68,d1b37f428
q1a72ac68,d1b35f90c
q1a72ac68,d1b31f42e
q1a72ac68,d1a736054
q1a72ac68,d1b3b08f2
q1a72ac68,d1b327b92
q1a72ac68,d1b384bc6
q1a72ac68,d1b387d08
q1a717ffa,d1a718108
q1a717ffa,d1b3052cc
q1a717ffa,d1b351a3c
q1a717ffa,d1b326d46
q1a717ffa,d1b32eab4
q1a717ffa,d1b36e088
q1a717ffa,d1b3078b0
q1a717ffa,d1b3a948a
q1a717ffa,d1b3c7c0a
q1a717ffa,d1b32d7cc
q1a717dfc,d1a732a94
q1a717dfc,d1b30e5d4
q1a717dfc,d1b31bba8
q1a717dfc,d1a717e60
q1a717dfc,d1b2f0886
q1a717dfc,d1b362fe4
q1a717dfc,d1b2e92ac
q1a717dfc,d1a71f7d2
q1a717dfc,d1b3ba6ae
q1a717dfc,d1b3bf370
q1a7146de,d1b301ca8
q1a7146de,d1b379f64
q1a7146de,d1a7237ce
q1a7146de,d1b35c86a
q1a7146de,d1b38d0fa
q1a7146de,d1b2eead6
q1a7146de,d1a727e1e
q1a7146de,d1b2f364e
q1a7146de,d1b3b9e5c
q1a7146de,d1b35de90
q1a730956,d1a7309a6
q1a730956,d1b2f2c94
q1a730956,d1b3a1e2e
q1a730956,d1a725d26
q1a730956,d1b30f236
q1a730956,d1b2e50e4
q1a730956,d1b375054
q1a730956,d1a723a30
q1a730956,d1b32136e
q1a730956,d1b3c1bb6
q1a73bc34,d1a73bd10
q1a73bc34,d1b372930
q1a73bc34,d1b2eb728
q1a73bc34,d1b3958ea
q1a73bc34,d1b35868e
q1a73bc34,d1a7244a8
q1a73bc34,d1b319c68
q1a73bc34,d1b3ac8d8
q1a73bc34,d1b39c2ee
q1a73bc34,d1b301ca8
q1a713af4,d1b3b24cc
q1a713af4,d1b3bba2c
q1a713af4,d1b39e3fa
q1a713af4,d1b3386b8
q1a713af4,d1a7218e8
q1a713af4,d1b2f6ad8
q1a713af4,d1b35c4dc
q1a713af4,d1b2fc7bc
q1a713af4,d1b3408c2
q1a713af4,d1b3931c6
q1a74165c,d1a741756
q1a74165c,d1b31aa78
q1a74165c,d1b322e9e
q1a74165c,d1b359f5c
q1a74165c,d1b329cc6
q1a74165c,d1b3ba3c0
q1a74165c,d1b36901a
q1a74165c,d1b3947f6
q1a74165c,d1b34d45a
q1a74165c,d1b2f0a70
q1a71ae3a,d1a71aebc
q1a71ae3a,d1b354a8e
q1a71ae3a,d1b3a9052
q1a71ae3a,d1b36d8ae
q1a71ae3a,d1b339ea0
q1a71ae3a,d1b3396e4
q1a71ae3a,d1b36a2ee
q1a71ae3a,d1b3ad3be
q1a71ae3a,d1b32d57e
q1a71ae3a,d1b347b86
q1a73c724,d1b35446c
q1a73c724,d1b349954
q1a73c724,d1b39dacc
q1a73c724,d1b34f9ee
q1a73c724,d1b38b0de
q1a73c724,d1a72f8c6
q1a73c724,d1b30df3a
q1a73c724,d1a734aec
q1a73c724,d1a73e402
q1a73c724,d1b355ee8
q1a727054,d1a7270c2
q1a727054,d1b3b4ac4
q1a727054,d1b3a31ca
q1a727054,d1b34d946
q1a727054,d1b308d82
q1a727054,d1b339068
q1a727054,d1b378880
q1a727054,d1b38283a
q1a727054,d1b33db86
q1a727054,d1b348cde
q1a72cc98,d1b3a2568
q1a72cc98,d1b39d34c
q1a72cc98,d1b391b6e
q1a72cc98,d1a72ccde
q1a72cc98,d1b38504e
q1a72cc98,d1b309a8e
q1a72cc98,d1b36a1e0
q1a72cc98,d1b31297c
q1a72cc98,d1b336c6e
q1a72cc98,d1b303e86
q1a74066c,d1a74070c
q1a74066c,d1b36639c
q1a74066c,d1a71f7d2
q1a74066c,d1a741bd4
q1a74066c,d1b33c038
q1a74066c,d1b3c1bb6
q1a74066c,d1b356622
q1a74066c,d1a736054
q1a74066c,d1b32c020
q1a74066c,d1b38cee8
q1a72b35c,d1a72b474
q1a72b35c,d1b3692cc
q1a72b35c,d1a71456c
q1a72b35c,d1b3c0a5e
q1a72b35c,d1b33829e
q1a72b35c,d1b390c64
q1a72b35c,d1b386822
q1a72b35c,d1b3becc2
q1a72b35c,d1b3aefe8
q1a72b35c,d1b2fff16
q1a71fdea,d1a71febc
q1a71fdea,d1b2f1524
q1a71fdea,d1b32ff9a
q1a71fdea,d1b3a6d3e
q1a71fdea,d1b3274f8
q1a71fdea,d1b3597d2
q1a71fdea,d1b39e774
q1a71fdea,d1b355d9e
q1a71fdea,d1b342942
q1a71fdea,d1b3a581c
q1a73d39a,d1a73d426
q1a73d39a,d1b3c7a70
q1a73d39a,d1b3179a4
q1a73d39a,d1b34befc
q1a73d39a,d1b34fc64
q1a73d39a,d1b2e225e
q1a73d39a,d1b32ad4c
q1a73d39a,d1b32e7f8
q1a73d39a,d1b369a38
q1a73d39a,d1a7309a6
q1a71965c,d1a719738
q1a71965c,d1a714224
q1a71965c,d1b31137e
q1a71965c,d1b300d1c
q1a71965c,d1b378d4e
q1a71965c,d1b33cd08
q1a71965c,d1b3a9c50
q1a71965c,d1b352f68
q1a71965c,d1b30df3a
q1a71965c,d1b3345c2
q1a72027c,d1b3698ee
q1a72027c,d1b2fa340
q1a72027c,d1b3bcf6c
q1a72027c,d1b398d9c
q1a72027c,d1b3ad774
q1a72027c,d1b352d74
q1a72027c,d1b356550
q1a72027c,d1b343b58
q1a72027c,d1b31a1cc
q1a72027c,d1b343c66
q1a72772a,d1b2f48d2
q1a72772a,d1a727810
q1a72772a,d1b39c12c
q1a72772a,d1b395822
q1a72772a,d1b36bd92
q1a72772a,d1b370a72
q1a72772a,d1a73a424
q1a72772a,d1b385b5c
q1a72772a,d1b351bc2
q1a72772a,d1b3b80ac
q1a72d8c8,d1b35bf96
q1a72d8c8,d1a739b32
q1a72d8c8,d1b3aa42a
q1a72d8c8,d1b2e74c0
q1a72d8c8,d1b37188c
q1a72d8c8,d1b37640e
q1a72d8c8,d1a72d99a
q1a72d8c8,d1b31a1cc
q1a72d8c8,d1b3493e6
q1a72d8c8,d1b37a0d6
q1a73088e,d1b3a1e2e
q1a73088e,d1a7309a6
q1a73088e,d1a725d26
q1a73088e,d1b2f2c94
q1a73088e,d1b30f236
q1a73088e,d1a71b272
q1a73088e,d1b375054
q1a73088e,d1b2e50e4
q1a73088e,d1b38008a
q1a73088e,d1b38c498
q1a7280b2,d1b37ae6e
q1a7280b2,d1b389392
q1a7280b2,d1b34d946
q1a7280b2,d1a7270c2
q1a7280b2,d1b39c492
q1a7280b2,d1b3a31ca
q1a7280b2,d1b352c70
q1a7280b2,d1b38283a
q1a7280b2,d1b3c8362
q1a7280b2,d1b308d82
q1a73a776,d1a73a852
q1a73a776,d1b368c82
q1a73a776,d1b2f89dc
q1a73a776,d1b39ea4e
q1a73a776,d1b33da8c
q1a73a776,d1b3450d4
q1a73a776,d1b322480
q1a73a776,d1b2ef24c
q1a73a776,d1b3c2c78
q1a73a776,d1b3b7da0
q1a71c014,d1a71c082
q1a71c014,d1b3757ac
q1a71c014,d1b3af9ca
q1a71c014,d1b3183d6
q1a71c014,d1b350b3c
q1a71c014,d1b375932
q1a71c014,d1b33da8c
q1a71c014,d1b3b5f14
q1a71c014,d1b364844
q1a71c014,d1b2e1e08
q1a73b75c,d1b38283a
q1a73b75c,d1b3bcea4
q1a73b75c,d1b366bd0
q1a73b75c,d1b34dd6a
q1a73b75c,d1b3abdac
q1a73b75c,d1b319038
q1a73b75c,d1b328920
q1a73b75c,d1b330ab2
q1a73b75c,d1b3578f6
q1a73b75c,d1b301456
q1a738e9e,d1b349f26
q1a738e9e,d1b2ef814
q1a738e9e,d1b391e34
q1a738e9e,d1b307068
q1a738e9e,d1b3c1bb6
q1a738e9e,d1a7131e4
q1a738e9e,d1b365320
q1a738e9e,d1b35de90
q1a738e9e,d1b2f1d3a
q1a738e9e,d1a727e1e
q1a7329b8,d1a71f7d2
q1a7329b8,d1b362b70
q1a7329b8,d1b30e5d4
q1a7329b8,d1b2f9a8a
q1a7329b8,d1b2f0886
q1a7329b8,d1b3ba6ae
q1a7329b8,d1b37543c
q1a7329b8,d1b3611a8
q1a7329b8,d1b3b5938
q1a7329b8,d1b33d28a
q1a7269c4,d1b31b73e
q1a7269c4,d1a726af0
q1a7269c4,d1a714cd8
q1a7269c4,d1b389496
q1a7269c4,d1b355ccc
q1a7269c4,d1b3c1bb6
q1a7269c4,d1b3c7a70
q1a7269c4,d1b2ff9bc
q1a7269c4,d1a727b8a
q1a7269c4,d1b36a6ae
q1a72ced2,d1a73c7c4
q1a72ced2,d1b3211d4
q1a72ced2,d1b3a2ac2
q1a72ced2,d1a72cf18
q1a72ced2,d1a740464
q1a72ced2,d1b32d7cc
q1a72ced2,d1b3a7f9a
q1a72ced2,d1b336764
q1a72ced2,d1b3504c0
q1a72ced2,d1b3b4cea
q1a71bb32,d1a71bb78
q1a71bb32,d1b3a3c88
q1a71bb32,d1b343a22
q1a71bb32,d1b31094c
q1a71bb32,d1b3c12b0
q1a71bb32,d1b3394aa
q1a71bb32,d1b39c6ea
q1a71bb32,d1b36a8ac
q1a71bb32,d1b3c4514
q1a71bb32,d1b349198
q1a735ec4,d1b369c7c
q1a735ec4,d1a736054
q1a735ec4,d1b31a0d2
q1a735ec4,d1a727b8a
q1a735ec4,d1b32a6d0
q1a735ec4,d1b33f3be
q1a735ec4,d1b364ee8
q1a735ec4,d1b30df3a
q1a735ec4,d1b3bccba
q1a735ec4,d1b3c865a
q1a716678,d1b32ae78
q1a716678,d1a7166dc
q1a716678,d1b3a26b2
q1a716678,d1b3849b4
q1a716678,d1b361590
q1a716678,d1b3bbb12
q1a716678,d1b3a9782
q1a716678,d1b376fda
q1a716678,d1b33d4b0
q1a716678,d1b3c1404
q1a712e6a,d1a712ec4
q1a712e6a,d1b37c32c
q1a712e6a,d1b3029aa
q1a712e6a,d1b3926d6
q1a712e6a,d1b318674
q1a712e6a,d1b3689e4
q1a712e6a,d1b396510
q1a712e6a,d1b39800e
q1a712e6a,d1b39b79a
q1a712e6a,d1b35ddaa
q1a71f76e,d1b32a568
q1a71f76e,d1a71f7d2
q1a71f76e,d1b30b5d2
q1a71f76e,d1b340c28
q1a71f76e,d1b303f6c
q1a71f76e,d1b2feb48
q1a71f76e,d1b347a32
q1a71f76e,d1b36c6de
q1a71f76e,d1b3170d0
q1a71f76e,d1b316f0e
q1a734560,d1a73920e
q1a734560,d1b3457fa
q1a734560,d1b3aa24a
q1a734560,d1b34159c
q1a734560,d1b35e62e
q1a734560,d1a734614
q1a734560,d1b3aeb92
q1a734560,d1b34baf6
q1a734560,d1b3b3c00
q1a734560,d1b2f4a30
q1a7196b6,d1a719738
q1a7196b6,d1a714224
q1a7196b6,d1b300d1c
q1a7196b6,d1b33cd08
q1a7196b6,d1b3a9c50
q1a7196b6,d1b31137e
q1a7196b6,d1b378d4e
q1a7196b6,d1b352f68
q1a7196b6,d1b3316ec
q1a7196b6,d1b370248
q1a73a014,d1b31bcc0
q1a73a014,d1b313dcc
q1a73a014,d1b389496
q1a73a014,d1b3270fc
q1a73a014,d1a714cd8
q1a73a014,d1b3c1bb6
q1a73a014,d1b31b73e
q1a73a014,d1b36a6ae
q1a73a014,d1b32d2b8
q1a73a014,d1b3c7a70
q1a721316,d1b3a9868
q1a721316,d1b35ea48
q1a721316,d1b369c7c
q1a721316,d1b2ef3dc
q1a721316,d1a73b248
q1a721316,d1b35b096
q1a721316,d1b2f2c94
q1a721316,d1b38ffda
q1a721316,d1a71bb78
q1a721316,d1b379906
q1a7412f6,d1a730c3a
q1a7412f6,d1a7413dc
q1a7412f6,d1b37796c
q1a7412f6,d1b317652
q1a7412f6,d1b3b5dc0
q1a7412f6,d1b375dd8
q1a7412f6,d1a714a58
q1a7412f6,d1b3a2bc6
q1a7412f6,d1b305740
q1a7412f6,d1b354e62
q1a7383ea,d1b30df3a
q1a7383ea,d1b3090a2
q1a7383ea,d1b352f68
q1a7383ea,d1b379078
q1a7383ea,d1b35313e
q1a7383ea,d1b3acbbc
q1a7383ea,d1a7324d6
q1a7383ea,d1b3168b0
q1a7383ea,d1b3b852a
q1a7383ea,d1b3177b0
q1a71d932,d1a71da5e
q1a71d932,d1b33126e
q1a71d932,d1b38f4d6
q1a71d932,d1a717e60
q1a71d932,d1b3c8998
q1a71d932,d1b38e176
q1a71d932,d1b3b08f2
q1a71d932,d1a734402
q1a71d932,d1b323740
q1a71d932,d1b33bd86
q1a72acfe,d1b376800
q1a72acfe,d1b3bdcf0
q1a72acfe,d1b2f9daa
q1a72acfe,d1a72ad94
q1a72acfe,d1b3a6e42
q1a72acfe,d1b34823e
q1a72acfe,d1b3710bc
q1a72acfe,d1b3a7c2a
q1a72acfe,d1b39d4aa
q1a72acfe,d1b31e8d0
q1a73c17a,d1b2f0e94
q1a73c17a,d1b3aad30
q1a73c17a,d1b2e63f4
q1a73c17a,d1b37721e
q1a73c17a,d1b3c5702
q1a73c17a,d1b3bacc6
q1a73c17a,d1a73c530
q1a73c17a,d1b377f84
q1a73c17a,d1b3af812
q1a73c17a,d1b2ee16c
q1a718ca2,d1b369c7c
q1a718ca2,d1b3202c0
q1a718ca2,d1b3a1794
q1a718ca2,d1b2fa7be
q1a718ca2,d1b3921e0
q1a718ca2,d1b3254a0
q1a718ca2,d1b37721e
q1a718ca2,d1b3aad30
q1a718ca2,d1b36a532
q1a718ca2,d1b387d08
q1a725948,d1a725a2e
q1a725948,d1b33f95e
q1a725948,d1b34ebe8
q1a725948,d1b3c4fb4
q1a725948,d1b38e284
q1a725948,d1b2fb01a
q1a725948,d1b33c330
q1a725948,d1b3a41c4
q1a725948,d1b335d96
q1a725948,d1b39f28c
q1a741350,d1b34e72e
q1a741350,d1b3a2fb8
q1a741350,d1b3bd598
q1a741350,d1b3791b8
q1a741350,d1b3c41c2
q1a741350,d1b317652
q1a741350,d1b3a2bc6
q1a741350,d1a73f79e
q1a741350,d1a7413dc
q1a741350,d1b354e62
q1a719f6c,d1a71a016
q1a719f6c,d1b30e5d4
q1a719f6c,d1b31e448
q1a719f6c,d1b384cac
q1a719f6c,d1b37e38e
q1a719f6c,d1b3b2760
q1a719f6c,d1b33c5ce
q1a719f6c,d1b3611a8
q1a719f6c,d1b33ea2c
q1a719f6c,d1b3a06aa
q1a724f7a,d1a71fa20
q1a724f7a,d1b30ec14
q1a724f7a,d1b36065e
q1a724f7a,d1b3a6fa0
q1a724f7a,d1a7250b0
q1a724f7a,d1b39c5b4
q1a724f7a,d1b3bacc6
q1a724f7a,d1b3adc10
q1a724f7a,d1b3576b2
q1a724f7a,d1b2e373a
q1a724976,d1b31b40a
q1a724976,d1b368d7c
q1a724976,d1a73f046
q1a724976,d1b3106f4
q1a724976,d1b2ea634
q1a724976,d1b3ad616
q1a724976,d1b2f27da
q1a724976,d1b3abdac
q1a724976,d1b3309ea
q1a724976,d1b36a2ee
q1a73e574,d1a73e6aa
q1a73e574,d1b3aa0e2
q1a73e574,d1b39417a
q1a73e574,d1b38fc38
q1a73e574,d1b358abc
q1a73e574,d1b38257e
q1a73e574,d1b363336
q1a73e574,d1b3ae390
q1a73e574,d1b398d9c
q1a73e574,d1b394f12
q1a7159bc,d1a715a70
q1a7159bc,d1b2e6d90
q1a7159bc,d1b3aefe8
q1a7159bc,d1b3a0c72
q1a7159bc,d1b35ede0
q1a7159bc,d1b3505c4
q1a7159bc,d1b327fa2
q1a7159bc,d1b3c4b36
q1a7159bc,d1b3ad616
q1a7159bc,d1b3b0582
q1a72412e,d1a724228
q1a72412e,d1b38353c
q1a72412e,d1b330422
q1a72412e,d1b3487ac
q1a72412e,d1b39dacc
q1a72412e,d1b3becc2
q1a72412e,d1b34b31c
q1a72412e,d1a72bce4
q1a72412e,d1b332c22
q1a72412e,d1b33f3be
q1a71ab4c,d1a71ac1e
q1a71ab4c,d1b35f150
q1a71ab4c,d1b337dbc
q1a71ab4c,d1b3b0d3e
q1a71ab4c,d1b378b82
q1a71ab4c,d1b3a3364
q1a71ab4c,d1b3a5bd2
q1a71ab4c,d1b36f99c
q1a71ab4c,d1b367134
q1a71ab4c,d1a71cca8
q1a735ef6,d1b369c7c
q1a735ef6,d1a71dd10
q1a735ef6,d1b3862b4
q1a735ef6,d1a72d756
q1a735ef6,d1b37f428
q1a735ef6,d1b36b180
q1a735ef6,d1b389496
q1a735ef6,d1a714cd8
q1a735ef6,d1b387d08
q1a735ef6,d1a727b8a
q1a73339a,d1b3457fa
q1a73339a,d1b351cbc
q1a73339a,d1b3a3364
q1a73339a,d1b37bee0
q1a73339a,d1b3a12a8
q1a73339a,d1b325108
q1a73339a,d1b37ad42
q1a73339a,d1b369e02
q1a73339a,d1a722a18
q1a73339a,d1b325f2c
q1a738f7a,d1a716c9a
q1a738f7a,d1b389a04
q1a738f7a,d1b3b229c
q1a738f7a,d1a719184
q1a738f7a,d1a72c798
q1a738f7a,d1b35243c
q1a738f7a,d1b366ad6
q1a738f7a,d1b37bddc
q1a738f7a,d1b377e58
q1a738f7a,d1b34b02e
q1a7349d4,d1a7309a6
q1a7349d4,d1a72d756
q1a7349d4,d1b317dd2
q1a7349d4,d1b2e5468
q1a7349d4,d1b3a1e2e
q1a7349d4,d1a726af0
q1a7349d4,d1b3862b4
q1a7349d4,d1b30f236
q1a7349d4,d1b321094
q1a7349d4,d1b387d08
q1a72fe3e,d1b3b3ffc
q1a72fe3e,d1a72ff9c
q1a72fe3e,d1b2e9950
q1a72fe3e,d1b3a3eb8
q1a72fe3e,d1b3673aa
q1a72fe3e,d1b3b0e1a
q1a72fe3e,d1a711c7c
q1a72fe3e,d1b3a42f0
q1a72fe3e,d1b382074
q1a72fe3e,d1a73bfc2
q1a720768,d1b39a084
q1a720768,d1b33eefa
q1a720768,d1b3bfe6a
q1a720768,d1b3926d6
q1a720768,d1b3b0d3e
q1a720768,d1b343a22
q1a720768,d1b385b5c
q1a720768,d1a740f04
q1a720768,d1b38706a
q1a720768,d1b3a60dc
q1a735ac8,d1b36df98
q1a735ac8,d1b35626c
q1a735ac8,d1b347b86
q1a735ac8,d1b39dfc2
q1a735ac8,d1b3611a8
q1a735ac8,d1b30716c
q1a735ac8,d1b39136c
q1a735ac8,d1b3387a8
q1a735ac8,d1b334e28
q1a735ac8,d1b2fe67a
q1a72128a,d1a72135c
q1a72128a,d1b3c47da
q1a72128a,d1a71ca46
q1a72128a,d1b338bcc
q1a72128a,d1b2e63f4
q1a72128a,d1b33198a
q1a72128a,d1b349b3e
q1a72128a,d1b3a9868
q1a72128a,d1b2e225e
q1a72128a,d1a73f2c6
q1a7241e2,d1a724228
q1a7241e2,d1b376800
q1a7241e2,d1b34f3a4
q1a7241e2,d1b31f42e
q1a7241e2,d1b3900e8
q1a7241e2,d1b3c460e
q1a7241e2,d1b36001e
q1a7241e2,d1b384572
q1a7241e2,d1b304b42
q1a7241e2,d1b308a76
q1a73efba,d1a73f046
q1a73efba,d1b2f27da
q1a73efba,d1b32cc6e
q1a73efba,d1b3b308e
q1a73efba,d1b396e66
q1a73efba,d1b353ec2
q1a73efba,d1b364d08
q1a73efba,d1b3bcea4
q1a73efba,d1a735078
q1a73efba,d1b31b40a
q1a7342e0,d1b36f4e2
q1a7342e0,d1a72f8c6
q1a7342e0,d1b2e4c34
q1a7342e0,d1a734402
q1a7342e0,d1b2e7bb4
q1a7342e0,d1b3749c4
q1a7342e0,d1b34cdfc
q1a7342e0,d1b328bdc
q1a7342e0,d1b307068
q1a7342e0,d1b359ce6
q1a73d67e,d1a7362fc
q1a73d67e,d1b315bcc
q1a73d67e,d1a73d6ec
q1a73d67e,d1b39f28c
q1a73d67e,d1b356974
q1a73d67e,d1b30240a
q1a73d67e,d1a732a94
q1a73d67e,d1b3507e0
q1a73d67e,d1b3c4a14
q1a73d67e,d1b3bf370
q1a723c10,d1b369c7c
q1a723c10,d1b3202c0
q1a723c10,d1b387d08
q1a723c10,d1b32c020
q1a723c10,d1b377e58
q1a723c10,d1b389a04
q1a723c10,d1b2ef3dc
q1a723c10,d1b35243c
q1a723c10,d1b32a6d0
q1a723c10,d1b3b229c
q1a71555c,d1a73f79e
q1a71555c,d1b3a2bc6
q1a71555c,d1b3238b2
q1a71555c,d1b3c743a
q1a71555c,d1b32b31e
q1a71555c,d1b39ee90
q1a71555c,d1b36b914
q1a71555c,d1b3791b8
q1a71555c,d1a730c3a
q1a71555c,d1b3a2fb8
q1a718cd4,d1b32a568
q1a718cd4,d1b2ee16c
q1a718cd4,d1b36ec4a
q1a718cd4,d1b36fb72
q1a718cd4,d1b30f754
q1a718cd4,d1b3469e8
q1a718cd4,d1b38878a
q1a718cd4,d1b38489c
q1a718cd4,d1b3306a2
q1a718cd4,d1b39c5b4
q1a72d35a,d1b3c19d6
q1a72d35a,d1a72d3f0
q1a72d35a,d1b3bfe6a
q1a72d35a,d1b374672
q1a72d35a,d1b31fb54
q1a72d35a,d1b3611a8
q1a72d35a,d1b30e5d4
q1a72d35a,d1b362fe4
q1a72d35a,d1b3bf370
q1a72d35a,d1b37e38e
q1a7410f8,d1a7411b6
q1a7410f8,d1b34c1cc
q1a7410f8,d1b2eead6
q1a7410f8,d1b305ef2
q1a7410f8,d1b37c32c
q1a7410f8,d1b30a074
q1a7410f8,d1b31f212
q1a7410f8,d1b38d69a
q1a7410f8,d1b2f364e
q1a7410f8,d1b330ab2
q1a731630,d1b342c1c
q1a731630,d1a731748
q1a731630,d1b32401e
q1a731630,d1b39ca32
q1a731630,d1b312dd2
q1a731630,d1a71e79c
q1a731630,d1b33d4b0
q1a731630,d1b37dfd8
q1a731630,d1b350b3c
q1a731630,d1b38b71e
q1a72856c,d1a7285e4
q1a72856c,d1b373f4c
q1a72856c,d1b38dd7a
q1a72856c,d1b36398a
q1a72856c,d1b3b0d3e
q1a72856c,d1b3ad616
q1a72856c,d1b3866b0
q1a72856c,d1a712ba4
q1a72856c,d1b3118b0
q1a72856c,d1a73ba68
q1a71d73e,d1a71d82e
q1a71d73e,d1b36aab4
q1a71d73e,d1b3bc6e8
q1a71d73e,d1b3b5320
q1a71d73e,d1b32848e
q1a71d73e,d1b363cfa
q1a71d73e,d1b322912
q1a71d73e,d1b3967cc
q1a71d73e,d1b3287ae
q1a71d73e,d1b3b82e6
q1a71e63e,d1b30af92
q1a71e63e,d1b2fa4da
q1a71e63e,d1b366568
q1a71e63e,d1a736f40
q1a71e63e,d1b3a7ae0
q1a71e63e,d1b3a7068
q1a71e63e,d1a72d184
q1a71e63e,d1b387d08
q1a71e63e,d1b32ec76
q1a71e63e,d1b2ee16c
q1a735b4a,d1b3a1794
q1a735b4a,d1b3946fc
q1a735b4a,d1b378560
q1a735b4a,d1b357e96
q1a735b4a,d1b32cc6e
q1a735b4a,d1b3309ea
q1a735b4a,d1b2f208c
q1a735b4a,d1b32002c
q1a735b4a,d1b34adcc
q1a735b4a,d1b3b3926
q1a727da6,d1b34bfec
q1a727da6,d1b3beb3c
q1a727da6,d1a727e1e
q1a727da6,d1b3862b4
q1a727da6,d1b30e908
q1a727da6,d1b30d0f8
q1a727da6,d1b39dacc
q1a727da6,d1b2f46ca
q1a727da6,d1b31d46c
q1a727da6,d1b364ee8
q1a71d9be,d1a71da5e
q1a71d9be,d1a73f2c6
q1a71d9be,d1b3c8998
q1a71d9be,d1b399d28
q1a71d9be,d1b349b3e
q1a71d9be,d1b3a7ef0
q1a71d9be,d1b375054
q1a71d9be,d1a734402
q1a71d9be,d1b337c7c
q1a71d9be,d1b34adcc
q1a72b1cc,d1a72b258
q1a72b1cc,d1b38716e
q1a72b1cc,d1b3b1c3e
q1a72b1cc,d1b3554b6
q1a72b1cc,d1b2eb0de
q1a72b1cc,d1b3b8f0c
q1a72b1cc,d1b2ebf84
q1a72b1cc,d1b375054
q1a72b1cc,d1a7289ae
q1a72b1cc,d1b2f1ede
q1a72cdf6,d1b384e32
q1a72cdf6,d1b33bb60
q1a72cdf6,d1b36c97c
q1a72cdf6,d1b3136e2
q1a72cdf6,d1b348478
q1a72cdf6,d1a7290b6
q1a72cdf6,d1b3abb86
q1a72cdf6,d1b307b12
q1a72cdf6,d1a7210fa
q1a72cdf6,d1b3a3c88
q1a726442,d1a7265a0
q1a726442,d1b3b3ffc
q1a726442,d1a71f084
q1a726442,d1b30a394
q1a726442,d1b304e80
q1a726442,d1b3c52c0
q1a726442,d1b385eae
q1a726442,d1b332740
q1a726442,d1b3673aa
q1a726442,d1a71b628
q1a71e080,d1b3c0eaa
q1a71e080,d1b3bf8a2
q1a71e080,d1b2ff73c
q1a71e080,d1b359ce6
q1a71e080,d1b36ac94
q1a71e080,d1b30b5d2
q1a71e080,d1b3878a8
q1a71e080,d1b319772
q1a71e080,d1b3c40aa
q1a71e080,d1b3b6d7e
q1a723e72,d1b2fc7bc
q1a723e72,d1b35b7bc
q1a723e72,d1b3abcb2
q1a723e72,d1b36fa96
q1a723e72,d1b3b6d7e
q1a723e72,d1b3a8756
q1a723e72,d1a72c19e
q1a723e72,d1b31137e
q1a723e72,d1a723f4e
q1a723e72,d1b359ce6
q1a7171f4,d1b337542
q1a7171f4,d1b388c26
q1a7171f4,d1b346d12
q1a7171f4,d1b326814
q1a7171f4,d1a71726c
q1a7171f4,d1b398748
q1a7171f4,d1b332d58
q1a7171f4,d1b35da30
q1a7171f4,d1b30ad1c
q1a7171f4,d1b2f364e
q1a72f0a6,d1a72f100
q1a72f0a6,d1b358d14
q1a72f0a6,d1a73cf94
q1a72f0a6,d1b33d05a
q1a72f0a6,d1b378560
q1a72f0a6,d1b338c9e
q1a72f0a6,d1a713f36
q1a72f0a6,d1b3202c0
q1a72f0a6,d1b32d114
q1a72f0a6,d1b2e373a
q1a718090,d1a718108
q1a718090,d1b3bf28a
q1a718090,d1b3078b0
q1a718090,d1b3a6596
q1a718090,d1b362436
q1a718090,d1b35e70a
q1a718090,d1a719184
q1a718090,d1b326d46
q1a718090,d1b3c11c0
q1a718090,d1b32eab4
q1a731694,d1a731748
q1a731694,d1b342c1c
q1a731694,d1a721654
q1a731694,d1a71e79c
q1a731694,d1b375932
q1a731694,d1b351028
q1a731694,d1b3a38e6
q1a731694,d1a7177a8
q1a731694,d1b335e72
q1a731694,d1b37866e
q1a721082,d1a7210fa
q1a721082,d1b3c7ed0
q1a721082,d1b2f32e8
q1a721082,d1b383b40
q1a721082,d1b381688
q1a721082,d1b322fb6
q1a721082,d1b3967cc
q1a721082,d1a72b258
q1a721082,d1b361266
q1a721082,d1b337f7e
q1a7215b4,d1b387d08
q1a7215b4,d1b2ef3dc
q1a7215b4,d1b37f0ae
q1a7215b4,d1b35a6c8
q1a7215b4,d1b3c5d24
q1a7215b4,d1b37dcae
q1a7215b4,d1b33ca56
q1a7215b4,d1b37f428
q1a7215b4,d1b31ce72
q1a7215b4,d1b3287ae
q1a7312ca,d1a731306
q1a7312ca,d1b375a7c
q1a7312ca,d1b363336
q1a7312ca,d1b398d9c
q1a7312ca,d1b3a0ace
q1a7312ca,d1b3b7da0
q1a7312ca,d1a732ce2
q1a7312ca,d1b31f082
q1a7312ca,d1b31523a
q1a7312ca,d1b33829e
q1a72de4a,d1a72df58
q1a72de4a,d1b3c5a04
q1a72de4a,d1b37ff2c
q1a72de4a,d1b308d82
q1a72de4a,d1b3c8362
q1a72de4a,d1b379f64
q1a72de4a,d1b32e28a
q1a72de4a,d1b39bccc
q1a72de4a,d1b339068
q1a72de4a,d1a72250e
q1a72de18,d1b343144
q1a72de18,d1a72df58
q1a72de18,d1b3950ac
q1a72de18,d1a740a0e
q1a72de18,d1b2ef24c
q1a72de18,d1b3c8362
q1a72de18,d1b348cde
q1a72de18,d1b36f99c
q1a72de18,d1b2e585a
q1a72de18,d1b395502
q1a73033e,d1a7303b6
q1a73033e,d1b3b0226
q1a73033e,d1b3967cc
q1a73033e,d1b306bae
q1a73033e,d1b305948
q1a73033e,d1b381584
q1a73033e,d1b3a8990
q1a73033e,d1b3000ba
q1a73033e,d1b31523a
q1a73033e,d1b2ffdae
q1a718cfc,d1b38504e
q1a718cfc,d1b34d45a
q1a718cfc,d1b391b6e
q1a718cfc,d1b3a2568
q1a718cfc,d1a73a62c
q1a718cfc,d1b39576e
q1a718cfc,d1b2ec5ba
q1a718cfc,d1b36065e
q1a718cfc,d1b34e18e
q1a718cfc,d1a72f100
q1a717fc8,d1a718108
q1a717fc8,d1b326d46
q1a717fc8,d1b313dcc
q1a717fc8,d1b32eab4
q1a717fc8,d1b3c7c0a
q1a717fc8,d1b36e088
q1a717fc8,d1b3a2fb8
q1a717fc8,d1b3a948a
q1a717fc8,d1b384bc6
q1a717fc8,d1b363cfa
q1a73a366,d1b38a7ec
q1a73a366,d1b370a72
q1a73a366,d1a727810
q1a73a366,d1b36bd92
q1a73a366,d1b3630ca
q1a73a366,d1b2eead6
q1a73a366,d1b358530
q1a73a366,d1b2f364e
q1a73a366,d1a73ca80
q1a73a366,d1b3bb45a
q1a73aee2,d1b390c64
q1a73aee2,d1a728e36
q1a73aee2,d1b3ac356
q1a73aee2,d1b31a780
q1a73aee2,d1b322480
q1a73aee2,d1b348586
q1a73aee2,d1b370770
q1a73aee2,d1b38e950
q1a73aee2,d1a711fd8
q1a73aee2,d1b358206
q1a71cec4,d1b323c72
q1a71cec4,d1b3c0eaa
q1a71cec4,d1b32a568
q1a71cec4,d1b3576b2
q1a71cec4,d1b39abf6
q1a71cec4,d1b32441a
q1a71cec4,d1b33eefa
q1a71cec4,d1b358fda
q1a71cec4,d1b315d84
q1a71cec4,d1b3a6fa0
q1a73c6f2,d1a73c7c4
q1a73c6f2,d1b3a7ef0
q1a73c6f2,d1b387d08
q1a73c6f2,d1b2e707e
q1a73c6f2,d1b2f2c94
q1a73c6f2,d1b3aea0c
q1a73c6f2,d1b369c7c
q1a73c6f2,d1b35446c
q1a73c6f2,d1b349954
q1a73c6f2,d1b30f236
q1a722464,d1a72250e
q1a722464,d1a7270c2
q1a722464,d1b3b4ac4
q1a722464,d1b3782ea
q1a722464,d1b32e28a
q1a722464,d1b352c70
q1a722464,d1b39c492
q1a722464,d1b33db86
q1a722464,d1b3418d0
q1a722464,d1b348cde
q1a720fce,d1b391e34
q1a720fce,d1b2e4072
q1a720fce,d1b365320
q1a720fce,d1a7131e4
q1a720fce,d1b369f60
q1a720fce,d1b384572
q1a720fce,d1b2f1d3a
q1a720fce,d1a7161fa
q1a720fce,d1b32c854
q1a720fce,d1b339a5e
q1a72f7a4,d1b350100
q1a72f7a4,d1b30edb8
q1a72f7a4,d1b3a79e6
q1a72f7a4,d1b3270fc
q1a72f7a4,d1b35a6c8
q1a72f7a4,d1b3879b6
q1a72f7a4,d1b369a38
q1a72f7a4,d1a73fa6e
q1a72f7a4,d1b36a532
q1a72f7a4,d1b3c6bc0
q1a732c38,d1a732ce2
q1a732c38,d1b315bcc
q1a732c38,d1b31f082
q1a732c38,d1a739434
q1a732c38,d1b375a7c
q1a732c38,d1b3bf6e0
q1a732c38,d1b38049a
q1a732c38,d1b38d8b6
q1a732c38,d1b30842c
q1a732c38,d1b33829e
q1a7226bc,d1b378560
q1a7226bc,d1a7131e4
q1a7226bc,d1b365320
q1a7226bc,d1b339a5e
q1a7226bc,d1b307068
q1a7226bc,d1b391e34
q1a7226bc,d1b3b1ebe
q1a7226bc,d1b391236
q1a7226bc,d1b384bc6
q1a7226bc,d1b35de90
q1a712dac,d1a712ec4
q1a712dac,d1b379d34
q1a712dac,d1b3029aa
q1a712dac,d1b37c32c
q1a712dac,d1a73a424
q1a712dac,d1b3c10ee
q1a712dac,d1a7411b6
q1a712dac,d1b34a9f8
q1a712dac,d1b38aa08
q1a712dac,d1b348dce
q1a720d6c,d1b3ab168
q1a720d6c,d1b37c4d0
q1a720d6c,d1b33b2f0
q1a720d6c,d1b3856e8
q1a720d6c,d1b35ea48
q1a720d6c,d1b2f6042
q1a720d6c,d1a73bfc2
q1a720d6c,d1b2f6ccc
q1a720d6c,d1b386b1a
q1a720d6c,d1b354d0e
q1a7305e6,d1b330422
q1a7305e6,d1b32a91e
q1a7305e6,d1b3af8f8
q1a7305e6,d1b38f58a
q1a7305e6,d1b335418
q1a7305e6,d1b3304fe
q1a7305e6,d1a72e818
q1a7305e6,d1a726d7a
q1a7305e6,d1b3a948a
q1a7305e6,d1b378ab0
q1a71f962,d1b3920a0
q1a71f962,d1b393f5e
q1a71f962,d1b33a026
q1a71f962,d1b2f32e8
q1a71f962,d1a73bfc2
q1a71f962,d1b33207e
q1a71f962,d1b2edfd2
q1a71f962,d1b2ebe26
q1a71f962,d1b351faa
q1a71f962,d1b3b0226
q1a715502,d1a730c3a
q1a715502,d1b3a2bc6
q1a715502,d1b317652
q1a715502,d1b3b5dc0
q1a715502,d1b32b31e
q1a715502,d1b36de6c
q1a715502,d1b39624a
q1a715502,d1b39ee90
q1a715502,d1b3791b8
q1a715502,d1b375dd8
q1a73a2da,d1b36bd92
q1a73a2da,d1a714f9e
q1a73a2da,d1b33472a
q1a73a2da,d1b2f364e
q1a73a2da,d1b39fe30
q1a73a2da,d1a7261ea
q1a73a2da,d1b358530
q1a73a2da,d1b384572
q1a73a2da,d1a73a424
q1a73a2da,d1b2f48d2
q1a71765e,d1b335e72
q1a71765e,d1b39b2d6
q1a71765e,d1b351028
q1a71765e,d1b37f2b6
q1a71765e,d1a721654
q1a71765e,d1a7177a8
q1a71765e,d1a71e79c
q1a71765e,d1b35de90
q1a71765e,d1b31e7a4
q1a71765e,d1b3c5be4
q1a738c3c,d1b38c9f2
q1a738c3c,d1b34b02e
q1a738c3c,d1b377e58
q1a738c3c,d1b37762e
q1a738c3c,d1b37bddc
q1a738c3c,d1b3b229c
q1a738c3c,d1a716c9a
q1a738c3c,d1b3991d4
q1a738c3c,d1b389a04
q1a738c3c,d1a738d04
q1a72c090,d1b3b6d7e
q1a72c090,d1b35b7bc
q1a72c090,d1b33959a
q1a72c090,d1b3c0eaa
q1a72c090,d1b3a9a7a
q1a72c090,d1a72c19e
q1a72c090,d1b3bb81a
q1a72c090,d1b36fa96
q1a72c090,d1a71e1e8
q1a72c090,d1b315a5a
q1a716ee8,d1b3202c0
q1a716ee8,d1b369c7c
q1a716ee8,d1a729b42
q1a716ee8,d1b3921e0
q1a716ee8,d1b360794
q1a716ee8,d1b39ed82
q1a716ee8,d1b3749c4
q1a716ee8,d1b3a9a7a
q1a716ee8,d1b34134e
q1a716ee8,d1b3a1794
q1a734ab0,d1b302856
q1a734ab0,d1a71a4e4
q1a734ab0,d1b37dea2
q1a734ab0,d1b3af8f8
q1a734ab0,d1b3c2ac0
q1a734ab0,d1b382cea
q1a734ab0,d1b307068
q1a734ab0,d1b33a3fa
q1a734ab0,d1b338e56
q1a734ab0,d1b2fda22
q1a7370f8,d1a73715c
q1a7370f8,d1b350a7e
q1a7370f8,d1b369c7c
q1a7370f8,d1b31d0c0
q1a7370f8,d1b385396
q1a7370f8,d1b33a1de
q1a7370f8,d1b3862b4
q1a7370f8,d1a727b8a
q1a7370f8,d1b33599a
q1a7370f8,d1b389496
q1a73e8a8,d1a73e024
q1a73e8a8,d1b3ac770
q1a73e8a8,d1b32f04a
q1a73e8a8,d1b2fb4a2
q1a73e8a8,d1b33ec7a
q1a73e8a8,d1b370540
q1a73e8a8,d1b30755e
q1a73e8a8,d1a718d56
q1a73e8a8,d1b39b09c
q1a73e8a8,d1b35b8b6
q1a73f500,d1b3a8f4e
q1a73f500,d1b333b86
q1a73f500,d1b30bbfe
q1a73f500,d1b394bb6
q1a73f500,d1b332380
q1a73f500,d1b2f6ccc
q1a73f500,d1b2fb63c
q1a73f500,d1b368e9e
q1a73f500,d1b32fc66
q1a73f500,d1b38242a
q1a73841c,d1b3bab22
q1a73841c,d1b3164f0
q1a73841c,d1b371dd2
q1a73841c,d1b31e7a4
q1a73841c,d1a7384c6
q1a73841c,d1a7324d6
q1a73841c,d1b33e716
q1a73841c,d1b3177b0
q1a73841c,d1b352f68
q1a73841c,d1b2e5468
q1a723e4a,d1b2ee798
q1a723e4a,d1b3a52c2
q1a723e4a,d1b3429f6
q1a723e4a,d1a723f4e
q1a723e4a,d1b38c074
q1a723e4a,d1b2f9a8a
q1a723e4a,d1b36d638
q1a723e4a,d1b367b34
q1a723e4a,d1b3c2d68
q1a723e4a,d1b359ce6
q1a71f4d0,d1b3797e4
q1a71f4d0,d1a71f534
q1a71f4d0,d1b391e34
q1a71f4d0,d1b35c9dc
q1a71f4d0,d1b39d270
q1a71f4d0,d1b3c71e2
q1a71f4d0,d1b3b2576
q1a71f4d0,d1b359674
q1a71f4d0,d1b333b86
q1a71f4d0,d1b3a1f8c
q1a7236ca,d1a7237ce
q1a7236ca,d1b31607c
q1a7236ca,d1b33bb60
q1a7236ca,d1b32624c
q1a7236ca,d1b35db98
q1a7236ca,d1b3554b6
q1a7236ca,d1b39adae
q1a7236ca,d1b35a416
q1a7236ca,d1b2ed4ba
q1a7236ca,d1b3b317e
q1a731036,d1b34300e
q1a731036,d1a7310a4
q1a731036,d1b3685de
q1a731036,d1b3520ea
q1a731036,d1b38242a
q1a731036,d1b34ecb0
q1a731036,d1b386d40
q1a731036,d1b3259b4
q1a731036,d1a738d04
q1a731036,d1b35f4b6
q1a723972,d1b369c7c
q1a723972,d1a71dd10
q1a723972,d1b3862b4
q1a723972,d1a72d756
q1a723972,d1b37f428
q1a723972,d1b389496
q1a723972,d1b36b180
q1a723972,d1a727b8a
q1a723972,d1b2fa908
q1a723972,d1a714cd8
q1a716b32,d1b386d40
q1a716b32,d1b37762e
q1a716b32,d1a7310a4
q1a716b32,d1b3259b4
q1a716b32,d1a716c9a
q1a716b32,d1a738d04
q1a716b32,d1b3b229c
q1a716b32,d1b3c52c0
q1a716b32,d1b34300e
q1a716b32,d1b389a04
q1a72d0ee,d1b3af812
q1a72d0ee,d1b363ea8
q1a72d0ee,d1b3576b2
q1a72d0ee,d1b371530
q1a72d0ee,d1b30f8da
q1a72d0ee,d1b2e63f4
q1a72d0ee,d1b38346a
q1a72d0ee,d1b37721e
q1a72d0ee,d1b3aad30
q1a72d0ee,d1b3a6fa0
q1a735b7c,d1b36df98
q1a735b7c,d1b347b86
q1a735b7c,d1b35626c
q1a735b7c,d1b3387a8
q1a735b7c,d1b38ded8
q1a735b7c,d1b3ad062
q1a735b7c,d1b36014a
q1a735b7c,d1b3ab8fc
q1a735b7c,d1b36c97c
q1a735b7c,d1b33e824
q1a71e918,d1a71ea1c
q1a71e918,d1b34ef26
q1a71e918,d1b2f751e
q1a71e918,d1b39b09c
q1a71e918,d1b320888
q1a71e918,d1b3860b6
q1a71e918,d1b347d5c
q1a71e918,d1b3b497a
q1a71e918,d1b378ab0
q1a71e918,d1b38f58a
q1a711416,d1a711510
q1a711416,d1b345eb2
q1a711416,d1b38e658
q1a711416,d1b3b2026
q1a711416,d1a715854
q1a711416,d1b36ed08
q1a711416,d1b36f74e
q1a711416,d1b353684
q1a711416,d1b322b60
q1a711416,d1b359372
q1a719f9e,d1a71a016
q1a719f9e,d1b30e5d4
q1a719f9e,d1b384cac
q1a719f9e,d1b37e38e
q1a719f9e,d1b31e448
q1a719f9e,d1b3b2760
q1a719f9e,d1b33c5ce
q1a719f9e,d1b3611a8
q1a719f9e,d1a73d6ec
q1a719f9e,d1b2e92ac
q1a71ec1a,d1b33dec4
q1a71ec1a,d1b3bab22
q1a71ec1a,d1a71ec9c
q1a71ec1a,d1b395dea
q1a71ec1a,d1b33cd08
q1a71ec1a,d1a7155e8
q1a71ec1a,d1b2ecc5e
q1a71ec1a,d1b33ddac
q1a71ec1a,d1b34665a
q1a71ec1a,d1b375054
q1a726a00,d1a726af0
q1a726a00,d1a723a30
q1a726a00,d1b357bda
q1a726a00,d1b355ccc
q1a726a00,d1b33198a
q1a726a00,d1b35a6c8
q1a726a00,d1b31d46c
q1a726a00,d1b330e7c
q1a726a00,d1b3b5320
q1a726a00,d1b326d46
q1a72216c,d1a722202
q1a72216c,d1b36b5ae
q1a72216c,d1b3affd8
q1a72216c,d1b354d0e
q1a72216c,d1b39b222
q1a72216c,d1b35e70a
q1a72216c,d1b386b1a
q1a72216c,d1a722a18
q1a72216c,d1b38439c
q1a72216c,d1b38224a
q1a72277a,d1b332632
q1a72277a,d1a72e818
q1a72277a,d1b36c97c
q1a72277a,d1b30c9a0
q1a72277a,d1b356de8
q1a72277a,d1b3bf118
q1a72277a,d1b3b15c2
q1a72277a,d1b3b6eb4
q1a72277a,d1b38abac
q1a72277a,d1b3af434
q1a72d6ac,d1a72d756
q1a72d6ac,d1b37f428
q1a72d6ac,d1b3287ae
q1a72d6ac,d1b33ca56
q1a72d6ac,d1b363a48
q1a72d6ac,d1b31d46c
q1a72d6ac,d1b3c5d24
q1a72d6ac,d1a731ff4
q1a72d6ac,d1b3a1f8c
q1a72d6ac,d1b3a1794
q1a73f4d8,d1b3a8f4e
q1a73f4d8,d1b30bbfe
q1a73f4d8,d1b333b86
q1a73f4d8,d1b368e9e
q1a73f4d8,d1b32fc66
q1a73f4d8,d1b2fb63c
q1a73f4d8,d1b394bb6
q1a73f4d8,d1b3ab168
q1a73f4d8,d1b2f6ccc
q1a73f4d8,d1b332380
q1a7193fa,d1b324d98
q1a7193fa,d1a719490
q1a7193fa,d1a72ccde
q1a7193fa,d1b344a30
q1a7193fa,d1b3b5438
q1a7193fa,d1b3a9868
q1a7193fa,d1b336fb6
q1a7193fa,d1b3187c8
q1a7193fa,d1b3b2ad0
q1a7193fa,d1b3086e8
q1a729ade,d1a72d756
q1a729ade,d1b35493a
q1a729ade,d1b32c020
q1a729ade,d1b356758
q1a729ade,d1b387d08
q1a729ade,d1a722c66
q1a729ade,d1b2e1e08
q1a729ade,d1b3202c0
q1a729ade,d1b337970
q1a729ade,d1b3a6596
q1a733cb4,d1b3a0c72
q1a733cb4,d1b3aefe8
q1a733cb4,d1b36a1e0
q1a733cb4,d1a73ba68
q1a733cb4,d1b399788
q1a733cb4,d1b2fcb7c
q1a733cb4,d1b373f4c
q1a733cb4,d1b324d98
q1a733cb4,d1b3c874a
q1a733cb4,d1b3c4b36
q1a71b56a,d1b3630ca
q1a71b56a,d1b3c4d8e
q1a71b56a,d1a722a18
q1a71b56a,d1b2f539a
q1a71b56a,d1b3946fc
q1a71b56a,d1b35ce14
q1a71b56a,d1a72bce4
q1a71b56a,d1a73f2c6
q1a71b56a,d1b360794
q1a71b56a,d1b348dce
q1a71986e,d1b3a52c2
q1a71986e,d1b309750
q1a71986e,d1b34bd44
q1a71986e,d1b360cc6
q1a71986e,d1b346902
q1a71986e,d1b318b92
q1a71986e,d1b33cb1e
q1a71986e,d1b31c274
q1a71986e,d1b34dca2
q1a71986e,d1b367b34
q1a7230c6,d1a7231d4
q1a7230c6,d1b37fd6a
q1a7230c6,d1b36cad0
q1a7230c6,d1a71d310
q1a7230c6,d1b391948
q1a7230c6,d1b2f221c
q1a7230c6,d1b347b86
q1a7230c6,d1b358fda
q1a7230c6,d1a73b824
q1a7230c6,d1b3aa86c
q1a720452,d1b315a5a
q1a720452,d1b3a7932
q1a720452,d1a71e1e8
q1a720452,d1a720542
q1a720452,d1b3bb81a
q1a720452,d1a724e76
q1a720452,d1b39444a
q1a720452,d1b338bcc
q1a720452,d1b3b6d7e
q1a720452,d1b36fa96
q1a7386c4,d1a738764
q1a7386c4,d1b36b914
q1a7386c4,d1b349094
q1a7386c4,d1b3791b8
q1a7386c4,d1a714a58
q1a7386c4,d1b3c743a
q1a7386c4,d1b374d48
q1a7386c4,d1b3b7238
q1a7386c4,d1b335418
q1a7386c4,d1b324168
q1a73ca30,d1a73ca80
q1a73ca30,d1b3c4514
q1a73ca30,d1b301456
q1a73ca30,d1b3630ca
q1a73ca30,d1b348dce
q1a73ca30,d1b3a02e0
q1a73ca30,d1b38ed06
q1a73ca30,d1b38e176
q1a73ca30,d1b342b5e
q1a73ca30,d1b35de90
q1a71549e,d1b3c1404
q1a71549e,d1b370c02
q1a71549e,d1b3340ea
q1a71549e,d1b373150
q1a71549e,d1b303a08
q1a71549e,d1b3abb86
q1a71549e,d1a7296ba
q1a71549e,d1b31b176
q1a71549e,d1b398f54
q1a71549e,d1b3135ca
q1a726c12,d1a726d7a
q1a726c12,d1b32a91e
q1a726c12,d1b3304fe
q1a726c12,d1b32b440
q1a726c12,d1b306bae
q1a726c12,d1a72e818
q1a726c12,d1b32ab9e
q1a726c12,d1b3967cc
q1a726c12,d1b369e02
q1a726c12,d1b3391b2
q1a71de32,d1b2e2632
q1a71de32,d1b38fe7c
q1a71de32,d1a7285e4
q1a71de32,d1a741bd4
q1a71de32,d1a73ad20
q1a71de32,d1b3135ca
q1a71de32,d1b2f783e
q1a71de32,d1b375108
q1a71de32,d1b2e87c6
q1a71de32,d1b39034a
q1a740e82,d1b390908
q1a740e82,d1b395502
q1a740e82,d1b30687a
q1a740e82,d1b3bacc6
q1a740e82,d1b37a4a0
q1a740e82,d1b3576b2
q1a740e82,d1b358fda
q1a740e82,d1b34dd6a
q1a740e82,d1b3c5702
q1a740e82,d1b366ce8
q1a73eb46,d1b39417a
q1a73eb46,d1b32624c
q1a73eb46,d1a73ec0e
q1a73eb46,d1b3af812
q1a73eb46,d1b3576b2
q1a73eb46,d1b30755e
q1a73eb46,d1b370540
q1a73eb46,d1b33ec7a
q1a73eb46,d1b3aad30
q1a73eb46,d1b39e774
q1a73b158,d1b39ff66
q1a73b158,d1b323164
q1a73b158,d1a73b248
q1a73b158,d1b36c06c
q1a73b158,d1b330422
q1a73b158,d1b33959a
q1a73b158,d1b38d3fc
q1a73b158,d1b38b426
q1a73b158,d1b3a948a
q1a73b158,d1b31c580
q1a736766,d1b3a6fa0
q1a736766,d1a738d04
q1a736766,d1b392bae
q1a736766,d1b3a9692
q1a736766,d1b38353c
q1a736766,d1b324668
q1a736766,d1b367e4a
q1a736766,d1a71f534
q1a736766,d1b338c9e
q1a736766,d1b38049a
q1a7364a0,d1a73652c
q1a7364a0,d1b30124e
q1a7364a0,d1b37743a
q1a7364a0,d1b374154
q1a7364a0,d1b3b67ac
q1a7364a0,d1b34134e
q1a7364a0,d1b397cf8
q1a7364a0,d1b3a2e78
q1a7364a0,d1b3ba500
q1a7364a0,d1b35c7a2
q1a739a9c,d1b360a78
q1a739a9c,d1a739b32
q1a739a9c,d1b350b3c
q1a739a9c,d1b375216
q1a739a9c,d1b2f5688
q1a739a9c,d1b342b5e
q1a739a9c,d1b3c63c8
q1a739a9c,d1b2e74c0
q1a739a9c,d1a721fa0
q1a739a9c,d1b35bf96
q1a715534,d1b3c743a
q1a715534,d1b3b7238
q1a715534,d1a738764
q1a715534,d1b35e57a
q1a715534,d1b349094
q1a715534,d1b37796c
q1a715534,d1b31fef6
q1a715534,d1b3791b8
q1a715534,d1b36f0dc
q1a715534,d1b324168
q1a71a926,d1b338460
q1a71a926,d1b35c9dc
q1a71a926,d1b3542a0
q1a71a926,d1b34e18e
q1a71a926,d1b32d114
q1a71a926,d1b2ec5ba
q1a71a926,d1b35c0d6
q1a71a926,d1b3c71e2
q1a71a926,d1b2f208c
q1a71a926,d1b37221e
q1a72494e,d1a7331d8
q1a72494e,d1b3309ea
q1a72494e,d1b3abdac
q1a72494e,d1a735078
q1a72494e,d1b31b40a
q1a72494e,d1b3106f4
q1a72494e,d1b371a9e
q1a72494e,d1b2ea634
q1a72494e,d1b366bd0
q1a72494e,d1b3ad616
q1a71e8e6,d1a71ea1c
q1a71e8e6,d1b34ef26
q1a71e8e6,d1b2f751e
q1a71e8e6,d1b39b09c
q1a71e8e6,d1b320888
q1a71e8e6,d1b3b497a
q1a71e8e6,d1b378ab0
q1a71e8e6,d1b347d5c
q1a71e8e6,d1b326936
q1a71e8e6,d1b3aeb92
q1a72f2ea,d1b33d4b0
q1a72f2ea,d1b33a1de
q1a72f2ea,d1b3a8bde
q1a72f2ea,d1a732ce2
q1a72f2ea,d1b31d0c0
q1a72f2ea,d1a72b046
q1a72f2ea,d1b3a61cc
q1a72f2ea,d1b35377e
q1a72f2ea,d1b315bcc
q1a72f2ea,d1b38835c
q1a71d16c,d1a71d310
q1a71d16c,d1b37336c
q1a71d16c,d1a73b824
q1a71d16c,d1b36cad0
q1a71d16c,d1b359e3a
q1a71d16c,d1b31ae60
q1a71d16c,d1b37fd6a
q1a71d16c,d1b36ae1a
q1a71d16c,d1a72ba82
q1a71d16c,d1b33d9ba
q1a71e6c0,d1b369c7c
q1a71e6c0,d1b387d08
q1a71e6c0,d1b36b180
q1a71e6c0,d1a727b8a
q1a71e6c0,d1a72d756
q1a71e6c0,d1b3862b4
q1a71e6c0,d1b32c020
q1a71e6c0,d1b33f3be
q1a71e6c0,d1b31a0d2
q1a71e6c0,d1a736054
q1a733188,d1a7331d8
q1a733188,d1a735078
q1a733188,d1b3abdac
q1a733188,d1b3309ea
q1a733188,d1b31b40a
q1a733188,d1b371a9e
q1a733188,d1b353ec2
q1a733188,d1b2e46e4
q1a733188,d1b32b54e
q1a733188,d1b3c794e
q1a72a970,d1b348b12
q1a72a970,d1b35ff38
q1a72a970,d1b2fb4a2
q1a72a970,d1b306456
q1a72a970,d1b362ab2
q1a72a970,d1b3bdaa2
q1a72a970,d1a71f534
q1a72a970,d1b3ab668
q1a72a970,d1b33fab2
q1a72a970,d1b320608
q1a720c7c,d1b332740
q1a720c7c,d1a71f084
q1a720c7c,d1b3153de
q1a720c7c,d1b393f5e
q1a720c7c,d1b3c3056
q1a720c7c,d1a7334da
q1a720c7c,d1a7265a0
q1a720c7c,d1b2e86a4
q1a720c7c,d1b3c52c0
q1a720c7c,d1b2f221c
q1a711844,d1b3a9868
q1a711844,d1a722202
q1a711844,d1b3c4d8e
q1a711844,d1b38224a
q1a711844,d1a722a18
q1a711844,d1b35243c
q1a711844,d1b3489dc
q1a711844,d1b36136a
q1a711844,d1b3c743a
q1a711844,d1b369c7c
q1a712a82,d1b3b8da4
q1a712a82,d1b366126
q1a712a82,d1b370c02
q1a712a82,d1a712ba4
q1a712a82,d1b394f12
q1a712a82,d1b39f4bc
q1a712a82,d1b31a780
q1a712a82,d1b30bf14
q1a712a82,d1b3af6d2
q1a712a82,d1a73d19c
q1a72c11c,d1b35b7bc
q1a72c11c,d1b329e9c
q1a72c11c,d1b3c0eaa
q1a72c11c,d1b360e42
q1a72c11c,d1b3a9a7a
q1a72c11c,d1b2fc7bc
q1a72c11c,d1b3abcb2
q1a72c11c,d1b3a8756
q1a72c11c,d1b3be628
q1a72c11c,d1a72c19e
q1a741ba2,d1a741bd4
q1a741ba2,d1b39034a
q1a741ba2,d1b356622
q1a741ba2,d1b3a59ca
q1a741ba2,d1b2f72a8
q1a741ba2,d1b38716e
q1a741ba2,d1b2e2632
q1a741ba2,d1b35f9d4
q1a741ba2,d1b36ed08
q1a741ba2,d1a7285e4
q1a736298,d1a7362fc
q1a736298,d1b385a12
q1a736298,d1b353846
q1a736298,d1b3795dc
q1a736298,d1a713f36
q1a736298,d1b34d45a
q1a736298,d1b3a863e
q1a736298,d1b3813b8
q1a736298,d1b355d9e
q1a736298,d1b334e28
q1a73c1fc,d1b2f0e94
q1a73c1fc,d1b3c5702
q1a73c1fc,d1a73c530
q1a73c1fc,d1b3be84e
q1a73c1fc,d1b3af812
q1a73c1fc,d1b2ee16c
q1a73c1fc,d1b3aad30
q1a73c1fc,d1b388ac8
q1a73c1fc,d1b3bacc6
q1a73c1fc,d1b37721e
q1a7214e2,d1b38464e
q1a7214e2,d1a713428
q1a7214e2,d1b37aaf4
q1a7214e2,d1b39ca32
q1a7214e2,d1b33efcc
q1a7214e2,d1b358efe
q1a7214e2,d1b360988
q1a7214e2,d1b38a4a4
q1a7214e2,d1b3bf6e0
q1a7214e2,d1b39f390
q1a741120,d1a7411b6
q1a741120,d1b34c1cc
q1a741120,d1b2eead6
q1a741120,d1b305ef2
q1a741120,d1b37c32c
q1a741120,d1a712ec4
q1a741120,d1b2f8694
q1a741120,d1b344ce2
q1a741120,d1b339ea0
q1a741120,d1b3789d4
q1a71242e,d1a712532
q1a71242e,d1b3502c2
q1a71242e,d1b3856e8
q1a71242e,d1b3b29c2
q1a71242e,d1b386d40
q1a71242e,d1b34e3dc
q1a71242e,d1b33b2f0
q1a71242e,d1b2f6042
q1a71242e,d1b32d4b6
q1a71242e,d1b3201e4
q1a7241ba,d1a724228
q1a7241ba,d1b3029aa
q1a7241ba,d1b3bb6f8
q1a7241ba,d1b38716e
q1a7241ba,d1b35fb64
q1a7241ba,d1a728e36
q1a7241ba,d1b3766ca
q1a7241ba,d1b3c50d6
q1a7241ba,d1b3554b6
q1a7241ba,d1a72d3f0
q1a72f772,d1b36aab4
q1a72f772,d1b322912
q1a72f772,d1a72f8c6
q1a72f772,d1b387d08
q1a72f772,d1b35a6c8
q1a72f772,d1b3bc6e8
q1a72f772,d1b32848e
q1a72f772,d1b3c5d24
q1a72f772,d1b371440
q1a72f772,d1b363a48
q1a740bc6,d1b31137e
q1a740bc6,d1b3c40aa
q1a740bc6,d1b32a568
q1a740bc6,d1b35b7bc
q1a740bc6,d1b390fa2
q1a740bc6,d1b2ff73c
q1a740bc6,d1b3b6d7e
q1a740bc6,d1b3a9a7a
q1a740bc6,d1b388e88
q1a740bc6,d1b319772
q1a735f50,d1b3797e4
q1a735f50,d1b3c50d6
q1a735f50,d1b306d8e
q1a735f50,d1b3a6596
q1a735f50,d1b302856
q1a735f50,d1b2e9e46
q1a735f50,d1b357bda
q1a735f50,d1b32360a
q1a735f50,d1b365cb2
q1a735f50,d1a7218e8
q1a72bc30,d1a72bce4
q1a72bc30,d1b35b096
q1a72bc30,d1b2e225e
q1a72bc30,d1b3a2fb8
q1a72bc30,d1b38ffda
q1a72bc30,d1b3090a2
q1a72bc30,d1b37188c
q1a72bc30,d1b2e9950
q1a72bc30,d1b3791b8
q1a72bc30,d1b38d8b6
q1a711bdc,d1b307068
q1a711bdc,d1b390430
q1a711bdc,d1b3b1ebe
q1a711bdc,d1b352d74
q1a711bdc,d1b3791b8
q1a711bdc,d1b3af434
q1a711bdc,d1b3bf01e
q1a711bdc,d1b2fa340
q1a711bdc,d1b3a8bde
q1a711bdc,d1b3b3cbe
q1a7217d0,d1b3797e4
q1a7217d0,d1a7218e8
q1a7217d0,d1b302856
q1a7217d0,d1b3749c4
q1a7217d0,d1b3667ac
q1a7217d0,d1b315f0a
q1a7217d0,d1b389b4e
q1a7217d0,d1a72083a
q1a7217d0,d1a721654
q1a7217d0,d1b39fa5c
q1a71b59c,d1b377e58
q1a71b59c,d1b32cade
q1a71b59c,d1b373862
q1a71b59c,d1b3bf6e0
q1a71b59c,d1b3c0c84
q1a71b59c,d1b318a5c
q1a71b59c,d1b3a8bde
q1a71b59c,d1b33207e
q1a71b59c,d1b2edfd2
q1a71b59c,d1b30812a
q1a732f1c,d1b3ad8aa
q1a732f1c,d1b3bfe6a
q1a732f1c,d1b3890d6
q1a732f1c,d1a72d3f0
q1a732f1c,d1b3963b2
q1a732f1c,d1b361a04
q1a732f1c,d1b32e3fc
q1a732f1c,d1b3b3926
q1a732f1c,d1b30a074
q1a732f1c,d1b33472a
q1a7217f8,d1b3c50d6
q1a7217f8,d1b33a026
q1a7217f8,d1b36a6ae
q1a7217f8,d1b3c2e58
q1a7217f8,d1a7218e8
q1a7217f8,d1b306d8e
q1a7217f8,d1b33198a
q1a7217f8,d1b3797e4
q1a7217f8,d1b2e4c34
q1a7217f8,d1a72bce4
q1a72446c,d1a7244a8
q1a72446c,d1b30c9a0
q1a72446c,d1b38d9ec
q1a72446c,d1b33f3be
q1a72446c,d1b337236
q1a72446c,d1b2f46ca
q1a72446c,d1a722a18
q1a72446c,d1b36f4e2
q1a72446c,d1b3be34e
q1a72446c,d1b35e70a
q1a73fa0a,d1a73fa6e
q1a73fa0a,d1b36a6ae
q1a73fa0a,d1b3270fc
q1a73fa0a,d1b313dcc
q1a73fa0a,d1b2f539a
q1a73fa0a,d1b326d46
q1a73fa0a,d1b3bccba
q1a73fa0a,d1b39dacc
q1a73fa0a,d1b3c3fe2
q1a73fa0a,d1b312dd2
q1a7298e0,d1a72991c
q1a7298e0,d1b3a4ea8
q1a7298e0,d1b38772c
q1a7298e0,d1b336d72
q1a7298e0,d1b3711d4
q1a7298e0,d1b36c97c
q1a7298e0,d1b30ba96
q1a7298e0,d1b3c4514
q1a7298e0,d1b39c6ea
q1a7298e0,d1b3983ba
q1a712794,d1a7127d0
q1a712794,d1b343a22
q1a712794,d1b357d56
q1a712794,d1b3b0334
q1a712794,d1b3aaa1a
q1a712794,d1b377142
q1a712794,d1b3a75ea
q1a712794,d1b3879b6
q1a712794,d1a73dc6e
q1a712794,d1b3b317e
q1a71ada4,d1a71aebc
q1a71ada4,d1b354a8e
q1a71ada4,d1b31a1cc
q1a71ada4,d1b371ef4
q1a71ada4,d1b3576b2
q1a71ada4,d1b2f1b46
q1a71ada4,d1a73a62c
q1a71ada4,d1b344968
q1a71ada4,d1b367b34
q1a71ada4,d1b3a2e78
q1a71c8e8,d1a71ca46
q1a71c8e8,d1b3c47da
q1a71c8e8,d1a723a30
q1a71c8e8,d1b349954
q1a71c8e8,d1b31a91a
q1a71c8e8,d1b33ca56
q1a71c8e8,d1b37f428
q1a71c8e8,d1b311c48
q1a71c8e8,d1b37f0ae
q1a71c8e8,d1b38ffda
q1a733138,d1b32aa36
q1a733138,d1a7331d8
q1a733138,d1b3340ea
q1a733138,d1b3aae3e
q1a733138,d1b3bcbf2
q1a733138,d1b2fd590
q1a733138,d1b385c38
q1a733138,d1b3a9052
q1a733138,d1b3403d6
q1a733138,d1b359084
q1a71ab7e,d1a71ac1e
q1a71ab7e,d1b2e9086
q1a71ab7e,d1b378b82
q1a71ab7e,d1b35f150
q1a71ab7e,d1b3b0d3e
q1a71ab7e,d1b3a0ace
q1a71ab7e,d1a71cca8
q1a71ab7e,d1b337dbc
q1a71ab7e,d1b36f99c
q1a71ab7e,d1b3a3364
q1a722950,d1a718108
q1a722950,d1b2fe102
q1a722950,d1b358206
q1a722950,d1b384572
q1a722950,d1b387d08
q1a722950,d1b2f539a
q1a722950,d1b319ea2
q1a722950,d1b2ef3dc
q1a722950,d1b326d46
q1a722950,d1b3c1bb6
q1a73bcb6,d1b315bcc
q1a73bcb6,d1b375a7c
q1a73bcb6,d1a732ce2
q1a73bcb6,d1b330f9e
q1a73bcb6,d1b31f082
q1a73bcb6,d1a739434
q1a73bcb6,d1a7369d2
q1a73bcb6,d1b3bddc2
q1a73bcb6,d1a7290b6
q1a73bcb6,d1b33829e
q1a72c144,d1b3a9a7a
q1a72c144,d1a72c19e
q1a72c144,d1b35b7bc
q1a72c144,d1a71b952
q1a72c144,d1b3abcb2
q1a72c144,d1b329e9c
q1a72c144,d1b3a7932
q1a72c144,d1b3c0eaa
q1a72c144,d1a720542
q1a72c144,d1a719d6e
q1a7176b8,d1b346114
q1a7176b8,d1b369c7c
q1a7176b8,d1b37f0ae
q1a7176b8,d1b33f166
q1a7176b8,d1b33f3be
q1a7176b8,d1b364ee8
q1a7176b8,d1b317aa8
q1a7176b8,d1b326508
q1a7176b8,d1b3bccba
q1a7176b8,d1b2ef3dc
q1a730fdc,d1b30812a
q1a730fdc,d1a7310a4
q1a730fdc,d1a73bfc2
q1a730fdc,d1b32fb4e
q1a730fdc,d1b377e58
q1a730fdc,d1b35243c
q1a730fdc,d1b36fe9c
q1a730fdc,d1b36ef9c
q1a730fdc,d1b32a6d0
q1a730fdc,d1b34a228
q1a73240e,d1a7324d6
q1a73240e,d1b2ed898
q1a73240e,d1b3164f0
q1a73240e,d1b30df3a
q1a73240e,d1b33e716
q1a73240e,d1b3090a2
q1a73240e,d1b3bab22
q1a73240e,d1b352f68
q1a73240e,d1b2e4978
q1a73240e,d1b322480
q1a733458,d1b3c014e
q1a733458,d1b3a8bde
q1a733458,d1b373862
q1a733458,d1b2e9950
q1a733458,d1a711c7c
q1a733458,d1b3bf6e0
q1a733458,d1b3c0c84
q1a733458,d1a72ff9c
q1a733458,d1b38d8b6
q1a733458,d1b33207e
q1a728058,d1a72250e
q1a728058,d1b327aa2
q1a728058,d1b2f81f8
q1a728058,d1b3b9d80
q1a728058,d1b37ae6e
q1a728058,d1b34d946
q1a728058,d1b301ca8
q1a728058,d1a7270c2
q1a728058,d1b39c492
q1a728058,d1b32b986
q1a740112,d1a740248
q1a740112,d1b3487ac
q1a740112,d1b33126e
q1a740112,d1b36e98e
q1a740112,d1b3294d8
q1a740112,d1b2f7b68
q1a740112,d1a7233f0
q1a740112,d1b36279c
q1a740112,d1b3a781a
q1a740112,d1b34d270
q1a71b4e8,d1b327d22
q1a71b4e8,d1b34a6a6
q1a71b4e8,d1b31330e
q1a71b4e8,d1b2fb2f4
q1a71b4e8,d1a7169c0
q1a71b4e8,d1b3673aa
q1a71b4e8,d1b387ef2
q1a71b4e8,d1b3b7846
q1a71b4e8,d1b34f5a2
q1a71b4e8,d1b3a3eb8
q1a7189fa,d1a718a36
q1a7189fa,d1b377e58
q1a7189fa,d1b389a04
q1a7189fa,d1b38c9f2
q1a7189fa,d1a719184
q1a7189fa,d1b2f3a5e
q1a7189fa,d1b34b02e
q1a7189fa,d1b37bddc
q1a7189fa,d1b2ffca0
q1a7189fa,d1b3b229c
q1a7412ce,d1b3416dc
q1a7412ce,d1b3c1bb6
q1a7412ce,d1b3034b8
q1a7412ce,d1a7326f2
q1a7412ce,d1a73f79e
q1a7412ce,d1b3791b8
q1a7412ce,d1b31fef6
q1a7412ce,d1b3a2bc6
q1a7412ce,d1b34e72e
q1a7412ce,d1b30c7f2
q1a734786,d1b3c4d8e
q1a734786,d1b391a42
q1a734786,d1b34adcc
q1a734786,d1b3a0f92
q1a734786,d1b391c4a
q1a734786,d1b36136a
q1a734786,d1b3a9868
q1a734786,d1b3ba7a8
q1a734786,d1b375054
q1a734786,d1b364ee8
q1a73e98e,d1b3c5702
q1a73e98e,d1b30f8da
q1a73e98e,d1b3aa0e2
q1a73e98e,d1b3aad30
q1a73e98e,d1b3bacc6
q1a73e98e,d1b3a734c
q1a73e98e,d1b377f84
q1a73e98e,d1b3af812
q1a73e98e,d1b363ea8
q1a73e98e,d1b37721e
q1a736478,d1a73652c
q1a736478,d1b30124e
q1a736478,d1b37743a
q1a736478,d1b3000ba
q1a736478,d1b397cf8
q1a736478,d1b34134e
q1a736478,d1b3ba500
q1a736478,d1b2f9bf2
q1a736478,d1b31e6b4
q1a736478,d1b3884d8
q1a73b126,d1a73b248
q1a73b126,d1b354d0e
q1a73b126,d1b39b222
q1a73b126,d1b386b1a
q1a73b126,d1b35ea48
q1a73b126,d1b35e70a
q1a73b126,d1b337c7c
q1a73b126,d1b36b5ae
q1a73b126,d1b2f46ca
q1a73b126,d1b3ba7a8
q1a718658,d1b32e136
q1a718658,d1b366658
q1a718658,d1b39bad8
q1a718658,d1b350b3c
q1a718658,d1b3b82e6
q1a718658,d1b374582
q1a718658,d1b39dd06
q1a718658,d1b3af434
q1a718658,d1b3881ae
q1a718658,d1b31d0c0
q1a728512,d1b2e2632
q1a728512,d1a7285e4
q1a728512,d1b3135ca
q1a728512,d1b3b97e0
q1a728512,d1b38fe7c
q1a728512,d1b38a56c
q1a728512,d1b356622
q1a728512,d1b375108
q1a728512,d1b300a4c
q1a728512,d1a71df22
q1a73141e,d1a731540
q1a73141e,d1b3487ac
q1a73141e,d1b2e24e8
q1a73141e,d1b34da5e
q1a73141e,d1b2e9e46
q1a73141e,d1b3b353e
q1a73141e,d1b2e7858
q1a73141e,d1b38b0de
q1a73141e,d1b3a1e2e
q1a73141e,d1b2efa6c
q1a713b58,d1b3386b8
q1a713b58,d1b2f6ad8
q1a713b58,d1b3bba2c
q1a713b58,d1b3b24cc
q1a713b58,d1b32c020
q1a713b58,d1a7218e8
q1a713b58,d1b2fc7bc
q1a713b58,d1b3879b6
q1a713b58,d1b3931c6
q1a713b58,d1b3aa4de
q1a7375e4,d1a7376e8
q1a7375e4,d1b333b86
q1a7375e4,d1b36279c
q1a7375e4,d1b3ab668
q1a7375e4,d1b368e9e
q1a7375e4,d1b32002c
q1a7375e4,d1b3bd598
q1a7375e4,d1a7231d4
q1a7375e4,d1a71e47c
q1a7375e4,d1b359f5c
q1a72be74,d1b38cee8
q1a72be74,d1b3489dc
q1a72be74,d1b33b3e0
q1a72be74,d1b30252c
q1a72be74,d1a72bf32
q1a72be74,d1b352572
q1a72be74,d1a73f2c6
q1a72be74,d1a71b272
q1a72be74,d1b391c4a
q1a72be74,d1b360230
q1a718c66,d1a718d56
q1a718c66,d1b391b6e
q1a718c66,d1b36065e
q1a718c66,d1b38af94
q1a718c66,d1b38e52c
q1a718c66,d1a72f100
q1a718c66,d1b3b55fa
q1a718c66,d1b3a2568
q1a718c66,d1b37221e
q1a718c66,d1a7250b0
q1a733480,d1b3a59ca
q1a733480,d1b356622
q1a733480,d1b3aa1a0
q1a733480,d1a741bd4
q1a733480,d1a7285e4
q1a733480,d1b2e55ee
q1a733480,d1b300a4c
q1a733480,d1b35f9d4
q1a733480,d1b3135ca
q1a733480,d1b2f783e
q1a73beb4,d1a73bfc2
q1a73beb4,d1b387ef2
q1a73beb4,d1b2e9950
q1a73beb4,d1a720dee
q1a73beb4,d1a71f084
q1a73beb4,d1b332740
q1a73beb4,d1b372106
q1a73beb4,d1b382998
q1a73beb4,d1b3b0e1a
q1a73beb4,d1a71b628
q1a73931c,d1b3a6e42
q1a73931c,d1a739434
q1a73931c,d1b39f174
q1a73931c,d1b30842c
q1a73931c,d1b33347e
q1a73931c,d1b39d63a
q1a73931c,d1a72031c
q1a73931c,d1b399c2e
q1a73931c,d1a73bd10
q1a73931c,d1b330f9e
q1a71f282,d1a71f2f0
q1a71f282,d1b35f90c
q1a71f282,d1b31dd7c
q1a71f282,d1a7174c4
q1a71f282,d1b389e46
q1a71f282,d1b3879b6
q1a71f282,d1b36a532
q1a71f282,d1b33a3fa
q1a71f282,d1a733a98
q1a71f282,d1b327b92
q1a721e9c,d1b368c82
q1a721e9c,d1b351a3c
q1a721e9c,d1b2fd374
q1a721e9c,d1a73899e
q1a721e9c,d1b36f5aa
q1a721e9c,d1b38b32c
q1a721e9c,d1b3381ea
q1a721e9c,d1b347398
q1a721e9c,d1a721fa0
q1a721e9c,d1b350b3c
q1a72b9b0,d1b305948
q1a72b9b0,d1b3c7ed0
q1a72b9b0,d1a72b258
q1a72b9b0,d1b2f9698
q1a72b9b0,d1b325662
q1a72b9b0,d1b393522
q1a72b9b0,d1b2ebe26
q1a72b9b0,d1b343220
q1a72b9b0,d1b38878a
q1a72b9b0,d1b3bfd5c
q1a73951a,d1b356866
q1a73951a,d1b382998
q1a73951a,d1b394bb6
q1a73951a,d1b38c1b4
q1a73951a,d1b380724
q1a73951a,d1b2f8c2a
q1a73951a,d1b3bd4a8
q1a73951a,d1b32d4b6
q1a73951a,d1b38242a
q1a73951a,d1b3125e4
q1a7121a4,d1a71b952
q1a7121a4,d1b2fff16
q1a7121a4,d1b2e707e
q1a7121a4,d1b3958ea
q1a7121a4,d1b3134f8
q1a7121a4,d1a72b046
q1a7121a4,d1b3c5be4
q1a7121a4,d1b301e4c
q1a7121a4,d1a7122a8
q1a7121a4,d1b39cf00
q1a71870c,d1b34e72e
q1a71870c,d1b32441a
q1a71870c,d1b347d5c
q1a71870c,d1b362116
q1a71870c,d1b35141a
q1a71870c,d1b38706a
q1a71870c,d1b32a568
q1a71870c,d1b3c743a
q1a71870c,d1b36cad0
q1a71870c,d1b2f9a8a
q1a714c74,d1b329dc0
q1a714c74,d1b321094
q1a714c74,d1b2ecdee
q1a714c74,d1a714cd8
q1a714c74,d1b2fa908
q1a714c74,d1b313dcc
q1a714c74,d1a73d426
q1a714c74,d1b389496
q1a714c74,d1b3a7c2a
q1a714c74,d1b3b712a
q1a719c24,d1b349f26
q1a719c24,d1b2fcf50
q1a719c24,d1b35de90
q1a719c24,d1b391e34
q1a719c24,d1b3c1bb6
q1a719c24,d1a727e1e
q1a719c24,d1b2f54f8
q1a719c24,d1a7131e4
q1a719c24,d1b367724
q1a719c24,d1b365320
q1a7159e4,d1a715a70
q1a7159e4,d1b3bbe96
q1a7159e4,d1b2e83de
q1a7159e4,d1b35fc90
q1a7159e4,d1b3182b4
q1a7159e4,d1b392abe
q1a7159e4,d1b3357ce
q1a7159e4,d1b2e6d90
q1a7159e4,d1b39a926
q1a7159e4,d1b3c2bce
q1a713eaa,d1b34e18e
q1a713eaa,d1b355d9e
q1a713eaa,d1b37221e
q1a713eaa,d1a713f36
q1a713eaa,d1b38504e
q1a713eaa,d1a72f100
q1a713eaa,d1b2ec5ba
q1a713eaa,d1b3aafce
q1a713eaa,d1b3c874a
q1a713eaa,d1b338c9e
q1a72bef6,d1b30252c
q1a72bef6,d1b3489dc
q1a72bef6,d1b38cee8
q1a72bef6,d1b33b3e0
q1a72bef6,d1a72bf32
q1a72bef6,d1a73f2c6
q1a72bef6,d1b352572
q1a72bef6,d1b360230
q1a72bef6,d1b37b97c
q1a72bef6,d1b337c7c
q1a72ce28,d1a72cf18
q1a72ce28,d1b32b094
q1a72ce28,d1b3a4ea8
q1a72ce28,d1b3579be
q1a72ce28,d1b32e6c2
q1a72ce28,d1b36c97c
q1a72ce28,d1b3a3c88
q1a72ce28,d1b311a04
q1a72ce28,d1b3c842a
q1a72ce28,d1b3ab398
q1a73ff3c,d1b3b14a0
q1a73ff3c,d1b3b5ad2
q1a73ff3c,d1b324ffa
q1a73ff3c,d1b33bb60
q1a73ff3c,d1b3b317e
q1a73ff3c,d1b353dd2
q1a73ff3c,d1b33f95e
q1a73ff3c,d1b3b4f4c
q1a73ff3c,d1b32dc04
q1a73ff3c,d1b399e36
q1a722b44,d1a722c66
q1a722b44,d1b2fe26a
q1a722b44,d1b32c020
q1a722b44,d1b2e225e
q1a722b44,d1b3925aa
q1a722b44,d1b32a6d0
q1a722b44,d1b35493a
q1a722b44,d1b379906
q1a722b44,d1b3a6596
q1a722b44,d1b31f906
q1a71683a,d1b3b0e1a
q1a71683a,d1a7169c0
q1a71683a,d1b33207e
q1a71683a,d1b362666
q1a71683a,d1b382074
q1a71683a,d1b376b5c
q1a71683a,d1b382eac
q1a71683a,d1b3b762a
q1a71683a,d1b37ee24
q1a71683a,d1b386d40
q1a71a8cc,d1b342942
q1a71a8cc,d1b32d114
q1a71a8cc,d1b39e774
q1a71a8cc,d1b3a6d3e
q1a71a8cc,d1b38bd54
q1a71a8cc,d1a7122a8
q1a71a8cc,d1b33d05a
q1a71a8cc,d1b385a12
q1a71a8cc,d1b338460
q1a71a8cc,d1b3c3a38
q1a712488,d1b3a8f4e
q1a712488,d1a712532
q1a712488,d1b372840
q1a712488,d1b3881ae
q1a712488,d1b33b2f0
q1a712488,d1b2fb63c
q1a712488,d1b2e9ab8
q1a712488,d1b332740
q1a712488,d1b3849b4
q1a712488,d1b326a3a
q1a71968e,d1a719738
q1a71968e,d1a714224
q1a71968e,d1b375054
q1a71968e,d1a71b272
q1a71968e,d1b370248
q1a71968e,d1b35c7a2
q1a71968e,d1b392d3e
q1a71968e,d1b351262
q1a71968e,d1b39417a
q1a71968e,d1b38049a
q1a720952,d1a720a88
q1a720952,d1b377ce6
q1a720952,d1b3505c4
q1a720952,d1b398cac
q1a720952,d1b3b92ea
q1a720952,d1b3c4b36
q1a720952,d1b3aefe8
q1a720952,d1b2ea2ec
q1a720952,d1b393784
q1a720952,d1b3bbe96
q1a725efc,d1b37aaf4
q1a725efc,d1b38464e
q1a725efc,d1b38a4a4
q1a725efc,d1b32c98a
q1a725efc,d1b374794
q1a725efc,d1b358efe
q1a725efc,d1a725f60
q1a725efc,d1b33efcc
q1a725efc,d1a713428
q1a725efc,d1b373862
q1a7253b2,d1b324532
q1a7253b2,d1b36639c
q1a7253b2,d1b35bf96
q1a7253b2,d1b37ff2c
q1a7253b2,d1b36a8ac
q1a7253b2,d1b39e53a
q1a7253b2,d1b36d8ae
q1a7253b2,d1a72dc10
q1a7253b2,d1b347f1e
q1a7253b2,d1b38283a
q1a7126ae,d1a7127d0
q1a7126ae,d1b378560
q1a7126ae,d1b3782ea
q1a7126ae,d1b339068
q1a7126ae,d1b39c492
q1a7126ae,d1b34dd6a
q1a7126ae,d1b36f99c
q1a7126ae,d1a72df58
q1a7126ae,d1b34d946
q1a7126ae,d1b36b180
q1a7395a6,d1b3b7382
q1a7395a6,d1b3a81f2
q1a7395a6,d1b3c160c
q1a7395a6,d1a725f60
q1a7395a6,d1a715854
q1a7395a6,d1a739632
q1a7395a6,d1b2f4a30
q1a7395a6,d1b3780ba
q1a7395a6,d1b31f690
q1a7395a6,d1b356866
q1a731eb4,d1b384572
q1a731eb4,d1b38242a
q1a731eb4,d1b385eae
q1a731eb4,d1b330d1e
q1a731eb4,d1b3453e0
q1a731eb4,d1b336d72
q1a731eb4,d1b35626c
q1a731eb4,d1a719184
q1a731eb4,d1b33f3be
q1a731eb4,d1b3711d4
q1a73b9d2,d1a73ba68
q1a73b9d2,d1b3a863e
q1a73b9d2,d1b358e2c
q1a73b9d2,d1b3018d4
q1a73b9d2,d1b2ed03c
q1a73b9d2,d1b3aefe8
q1a73b9d2,d1b31f564
q1a73b9d2,d1b2fcb7c
q1a73b9d2,d1b36a1e0
q1a73b9d2,d1b353846
q1a7198fa,d1b3008f8
q1a7198fa,d1b33cb1e
q1a7198fa,d1b360cc6
q1a7198fa,d1b34bd44
q1a7198fa,d1b38c074
q1a7198fa,d1b346902
q1a7198fa,d1b34dca2
q1a7198fa,d1b3c2d68
q1a7198fa,d1b36fa96
q1a7198fa,d1b371ef4
q1a72f7d6,d1a72f8c6
q1a72f7d6,d1b34cdfc
q1a72f7d6,d1b35eb9c
q1a72f7d6,d1a71f2f0
q1a72f7d6,d1b326f12
q1a72f7d6,d1b38224a
q1a72f7d6,d1a734402
q1a72f7d6,d1b3b6d7e
q1a72f7d6,d1b2e4c34
q1a72f7d6,d1b3749c4
q1a71d46e,d1a71d5a4
q1a71d46e,d1b2eb41c
q1a71d46e,d1b340df4
q1a71d46e,d1b343f54
q1a71d46e,d1b359b92
q1a71d46e,d1b3aa632
q1a71d46e,d1b34c4ba
q1a71d46e,d1b33f59e
q1a71d46e,d1b34b240
q1a71d46e,d1b36d52a
q1a71f6b0,d1b323c72
q1a71f6b0,d1b38a3e6
q1a71f6b0,d1b2fb63c
q1a71f6b0,d1b2f3a5e
q1a71f6b0,d1b35bc4e
q1a71f6b0,d1b33e3f6
q1a71f6b0,d1a738d04
q1a71f6b0,d1b389a04
q1a71f6b0,d1b3b2f94
q1a71f6b0,d1a71f7d2
q1a71a69c,d1b351a3c
q1a71a69c,d1b2ee34c
q1a71a69c,d1b368c82
q1a71a69c,d1b3719ae
q1a71a69c,d1b347398
q1a71a69c,d1b3381ea
q1a71a69c,d1b333ef6
q1a71a69c,d1b3a9b60
q1a71a69c,d1a73899e
q1a71a69c,d1a7166dc
q1a73a38e,d1b36bd92
q1a73a38e,d1b370a72
q1a73a38e,d1b2f364e
q1a73a38e,d1b358530
q1a73a38e,d1b3630ca
q1a73a38e,d1a714f9e
q1a73a38e,d1b39fe30
q1a73a38e,d1a7261ea
q1a73a38e,d1b38a7ec
q1a73a38e,d1a73a424
q1a7195f8,d1a719738
q1a7195f8,d1a714224
q1a7195f8,d1b392d3e
q1a7195f8,d1b2ff39a
q1a7195f8,d1b370248
q1a7195f8,d1b3b92ea
q1a7195f8,d1b32624c
q1a7195f8,d1b35fb64
q1a7195f8,d1b372106
q1a7195f8,d1b393f5e
q1a71b13c,d1b3a0f92
q1a71b13c,d1b391a42
q1a71b13c,d1b3a9868
q1a71b13c,d1b3c4d8e
q1a71b13c,d1a734894
q1a71b13c,d1b2e819a
q1a71b13c,d1a71b272
q1a71b13c,d1b3ba7a8
q1a71b13c,d1b36136a
q1a71b13c,d1b34adcc
q1a729dc2,d1a726af0
q1a729dc2,d1a714cd8
q1a729dc2,d1b357bda
q1a729dc2,d1b389496
q1a729dc2,d1b355ccc
q1a729dc2,d1b3c1bb6
q1a729dc2,d1a736054
q1a729dc2,d1b3c7a70
q1a729dc2,d1b356758
q1a729dc2,d1b3c460e
q1a71fb2e,d1a71fc46
q1a71fb2e,d1b39ed82
q1a71fb2e,d1b387d08
q1a71fb2e,d1a72d756
q1a71fb2e,d1b3858e6
q1a71fb2e,d1b31a1cc
q1a71fb2e,d1b365e2e
q1a71fb2e,d1b349b3e
q1a71fb2e,d1b3a02e0
q1a71fb2e,d1b32baee
q1a717e24,d1a717e60
q1a717e24,d1b3c8998
q1a717e24,d1b38f4d6
q1a717e24,d1b3b0334
q1a717e24,d1b3796e0
q1a717e24,d1b3c4d8e
q1a717e24,d1b369e02
q1a717e24,d1b32a2ac
q1a717e24,d1b2efcc4
q1a717e24,d1b34107e
q1a721f00,d1a721fa0
q1a721f00,d1b320608
q1a721f00,d1a73a852
q1a721f00,d1b342b5e
q1a721f00,d1a72949e
q1a721f00,d1b3c1cba
q1a721f00,d1b322480
q1a721f00,d1b370540
q1a721f00,d1b30755e
q1a721f00,d1b33ec7a
q1a7418a0,d1a7419cc
q1a7418a0,d1b3a2ac2
q1a7418a0,d1b38d9ec
q1a7418a0,d1b3c31be
q1a7418a0,d1b35493a
q1a7418a0,d1b3c1bb6
q1a7418a0,d1a72a0ce
q1a7418a0,d1b36b4aa
q1a7418a0,d1b2e9cc0
q1a7418a0,d1b3bf118
q1a718680,d1b34e72e
q1a718680,d1b39ee90
q1a718680,d1b308256
q1a718680,d1b347d5c
q1a718680,d1b39624a
q1a718680,d1b2e7a06
q1a718680,d1b3791b8
q1a718680,d1b34e29c
q1a718680,d1b35141a
q1a718680,d1b32441a
q1a721f5a,d1b360a78
q1a721f5a,d1b3183d6
q1a721f5a,d1b334aea
q1a721f5a,d1b3c63c8
q1a721f5a,d1b39ea4e
q1a721f5a,d1b369c7c
q1a721f5a,d1b3af9ca
q1a721f5a,d1a721fa0
q1a721f5a,d1b3b362e
q1a721f5a,d1b39ed82
q1a716416,d1a716452
q1a716416,d1b3c278c
q1a716416,d1b390c64
q1a716416,d1b341b5a
q1a716416,d1b3ac356
q1a716416,d1b35fb64
q1a716416,d1b353490
q1a716416,d1b36001e
q1a716416,d1b371ef4
q1a716416,d1b3420e6
q1a71c988,d1a71ca46
q1a71c988,d1b369c7c
q1a71c988,d1b369a38
q1a71c988,d1b3c865a
q1a71c988,d1b31a91a
q1a71c988,d1b311c48
q1a71c988,d1b3c47da
q1a71c988,d1b3862b4
q1a71c988,d1b2eb0de
q1a71c988,d1b364ee8
q1a72958e,d1a7296ba
q1a72958e,d1b35acf4
q1a72958e,d1a717c44
q1a72958e,d1b3136e2
q1a72958e,d1b3782ea
q1a72958e,d1b315f0a
q1a72958e,d1b33b75a
q1a72958e,d1b2e585a
q1a72958e,d1b310168
q1a72958e,d1b39c492
q1a715728,d1a715854
q1a715728,d1b351faa
q1a715728,d1b336764
q1a715728,d1b34b52e
q1a715728,d1b359084
q1a715728,d1b3201e4
q1a715728,d1b2e8f00
q1a715728,d1b3006dc
q1a715728,d1b3a8990
q1a715728,d1b335b34
q1a71f73c,d1b30b5d2
q1a71f73c,d1b32a568
q1a71f73c,d1b36c6de
q1a71f73c,d1b303f6c
q1a71f73c,d1a71f7d2
q1a71f73c,d1b30b0a0
q1a71f73c,d1b340c28
q1a71f73c,d1a72cac2
q1a71f73c,d1b3c36a0
q1a71f73c,d1b3878a8
q1a71efb2,d1b389496
q1a71efb2,d1b37ae6e
q1a71efb2,d1b31b73e
q1a71efb2,d1b3310c0
q1a71efb2,d1b30842c
q1a71efb2,d1b308d82
q1a71efb2,d1b333ef6
q1a71efb2,d1b3b50be
q1a71efb2,d1b36e1dc
q1a71efb2,d1b35fb64
q1a72b226,d1a72b258
q1a72b226,d1b387d08
q1a72b226,d1b369c7c
q1a72b226,d1b32c020
q1a72b226,d1b2ef3dc
q1a72b226,d1b38cee8
q1a72b226,d1a72bce4
q1a72b226,d1b33c038
q1a72b226,d1b35e70a
q1a72b226,d1b304b42
q1a716934,d1b3bf6e0
q1a716934,d1b3a8bde
q1a716934,d1b3b762a
q1a716934,d1b2edfd2
q1a716934,d1b373862
q1a716934,d1b39dd06
q1a716934,d1b385eae
q1a716934,d1b325d42
q1a716934,d1a7369d2
q1a716934,d1a73bfc2
q1a73d5c0,d1a73d6ec
q1a73d5c0,d1a7362fc
q1a73d5c0,d1b3c38ee
q1a73d5c0,d1b3507e0
q1a73d5c0,d1b39f28c
q1a73d5c0,d1b30c658
q1a73d5c0,d1b3ad3be
q1a73d5c0,d1b315bcc
q1a73d5c0,d1b36dd36
q1a73d5c0,d1b356974
q1a72a2fe,d1b3c4d8e
q1a72a2fe,d1b36e088
q1a72a2fe,d1b37bddc
q1a72a2fe,d1b3c11c0
q1a72a2fe,d1b2fa4da
q1a72a2fe,d1b2e4da6
q1a72a2fe,d1b390d90
q1a72a2fe,d1b33b2f0
q1a72a2fe,d1b371d0a
q1a72a2fe,d1a722a18
q1a721550,d1b3c32cc
q1a721550,d1b32e6c2
q1a721550,d1b366658
q1a721550,d1b351262
q1a721550,d1b38b71e
q1a721550,d1b2f0156
q1a721550,d1b3a38e6
q1a721550,d1b3aed54
q1a721550,d1b363b10
q1a721550,d1b3ac11c
q1a73406a,d1b37cc46
q1a73406a,d1b301744
q1a73406a,d1a71aebc
q1a73406a,d1b3c38ee
q1a73406a,d1a7340d8
q1a73406a,d1a731c70
q1a73406a,d1b3becc2
q1a73406a,d1a716452
q1a73406a,d1b303e86
q1a73406a,d1b36eb0a
q1a73edf8,d1b369c7c
q1a73edf8,d1b3862b4
q1a73edf8,d1b37f0ae
q1a73edf8,d1b33f3be
q1a73edf8,d1b387d08
q1a73edf8,d1b33b818
q1a73edf8,d1a73ee34
q1a73edf8,d1b32c020
q1a73edf8,d1b3a0baa
q1a73edf8,d1b3b2576
q1a720074,d1a7200d8
q1a720074,d1b377142
q1a720074,d1b3b14a0
q1a720074,d1b3616a8
q1a720074,d1a7218e8
q1a720074,d1b3168b0
q1a720074,d1b3a6fa0
q1a720074,d1b32d916
q1a720074,d1b3b1c3e
q1a720074,d1b335206
q1a729822,d1b336d72
q1a729822,d1b3711d4
q1a729822,d1a72991c
q1a729822,d1b35eeda
q1a729822,d1b3a4ea8
q1a729822,d1b30ba96
q1a729822,d1b3c4514
q1a729822,d1b3a042a
q1a729822,d1b3b553c
q1a729822,d1b328bdc
q1a724386,d1b36b7fc
q1a724386,d1b398a04
q1a724386,d1b3134f8
q1a724386,d1b3ba096
q1a724386,d1b346902
q1a724386,d1b3b2760
q1a724386,d1b349f26
q1a724386,d1b309750
q1a724386,d1b2eead6
q1a724386,d1b3554b6
q1a721cf8,d1b371ef4
q1a721cf8,d1b367b34
q1a721cf8,d1b3beeca
q1a721cf8,d1b329e9c
q1a721cf8,d1b371d0a
q1a721cf8,d1b313944
q1a721cf8,d1a721d34
q1a721cf8,d1b3254a0
q1a721cf8,d1b34dca2
q1a721cf8,d1b31a1cc
q1a7351f4,d1a735294
q1a7351f4,d1b3c0eaa
q1a7351f4,d1b3970fa
q1a7351f4,d1b3a8756
q1a7351f4,d1a71fa20
q1a7351f4,d1a73cf94
q1a7351f4,d1b33ea2c
q1a7351f4,d1b38404a
q1a7351f4,d1b34dca2
q1a7351f4,d1b397cf8
q1a71e134,d1b36fa96
q1a71e134,d1b36d638
q1a71e134,d1b367b34
q1a71e134,d1b34bd44
q1a71e134,d1b33cb1e
q1a71e134,d1b38c074
q1a71e134,d1b3a52c2
q1a71e134,d1b359ce6
q1a71e134,d1a723f4e
q1a71e134,d1b3a8756
q1a73d624,d1b36dd36
q1a73d624,d1b333fe6
q1a73d624,d1b39eb34
q1a73d624,d1b344968
q1a73d624,d1b33ea2c
q1a73d624,d1b391b6e
q1a73d624,d1b3a3652
q1a73d624,d1b38404a
q1a73d624,d1b334e28
q1a73d624,d1b3a06aa
q1a7316bc,d1b3a38e6
q1a7316bc,d1b375932
q1a7316bc,d1a731748
q1a7316bc,d1b342c1c
q1a7316bc,d1b39616e
q1a7316bc,d1b35de90
q1a7316bc,d1b308828
q1a7316bc,d1b35c86a
q1a7316bc,d1b3bb072
q1a7316bc,d1b350b3c
q1a72a6e6,d1b3b641e
q1a72a6e6,d1a72a812
q1a72a6e6,d1b360a78
q1a72a6e6,d1b3b7da0
q1a72a6e6,d1b2f5688
q1a72a6e6,d1b34bc0e
q1a72a6e6,d1b3a38e6
q1a72a6e6,d1b3c2c78
q1a72a6e6,d1b376fda
q1a72a6e6,d1b3a9b60
q1a734cf4,d1a734e2a
q1a734cf4,d1b386d40
q1a734cf4,d1b2fdfd6
q1a734cf4,d1b3078b0
q1a734cf4,d1a716c9a
q1a734cf4,d1b37c4d0
q1a734cf4,d1b3b7026
q1a734cf4,d1b392e92
q1a734cf4,d1b37bddc
q1a734cf4,d1b38c9f2
q1a7295ca,d1a7296ba
q1a7295ca,d1b310168
q1a7295ca,d1b30388c
q1a7295ca,d1b30cca2
q1a7295ca,d1b391948
q1a7295ca,d1b3b2c2e
q1a7295ca,d1b3578f6
q1a7295ca,d1b3c0586
q1a7295ca,d1b33f274
q1a7295ca,d1b3b7da0
q1a73cf44,d1b369c7c
q1a73cf44,d1b35493a
q1a73cf44,d1b2e63f4
q1a73cf44,d1a722c66
q1a73cf44,d1b388e88
q1a73cf44,d1b3bdaa2
q1a73cf44,d1b32a07c
q1a73cf44,d1b374154
q1a73cf44,d1b2f54f8
q1a73cf44,d1b2edfd2
q1a72650a,d1a716c9a
q1a72650a,d1b329dc0
q1a72650a,d1b3a407a
q1a72650a,d1b3babf4
q1a72650a,d1a719184
q1a72650a,d1b377e58
q1a72650a,d1b34b02e
q1a72650a,d1b3991d4
q1a72650a,d1b389a04
q1a72650a,d1b37bddc
q1a73f1f4,d1b371d0a
q1a73f1f4,d1b33a846
q1a73f1f4,d1b399e36
q1a73f1f4,d1b324ffa
q1a73f1f4,d1b3090a2
q1a73f1f4,d1a73f2c6
q1a73f1f4,d1b38e400
q1a73f1f4,d1b32baee
q1a73f1f4,d1b391a42
q1a73f1f4,d1b35b096
q1a7157be,d1b32dce0
q1a7157be,d1a715854
q1a7157be,d1b333b86
q1a7157be,d1b2ed62c
q1a7157be,d1b363dc2
q1a7157be,d1b3780ba
q1a7157be,d1b3b8660
q1a7157be,d1a740c66
q1a7157be,d1b2f6ccc
q1a7157be,d1b3a81f2
q1a72e520,d1a71d82e
q1a72e520,d1a72e818
q1a72e520,d1b3b82e6
q1a72e520,d1b32a91e
q1a72e520,d1b3af434
q1a72e520,d1b3b0226
q1a72e520,d1b3967cc
q1a72e520,d1b38ba70
q1a72e520,d1b399e36
q1a72e520,d1b3920a0
q1a727ce8,d1a727e1e
q1a727ce8,d1b3900e8
q1a727ce8,d1b356de8
q1a727ce8,d1b329b9a
q1a727ce8,d1b347744
q1a727ce8,d1b387c0e
q1a727ce8,d1b3af5a6
q1a727ce8,d1b2fd234
q1a727ce8,d1b3a1bcc
q1a727ce8,d1b355ee8
q1a739150,d1a73920e
q1a739150,d1b3aa24a
q1a739150,d1b34baf6
q1a739150,d1b35e62e
q1a739150,d1b3457fa
q1a739150,d1b34159c
q1a739150,d1b3aeb92
q1a739150,d1a734614
q1a739150,d1b304548
q1a739150,d1b36d52a
q1a734d4e,d1b3a8bde
q1a734d4e,d1b325d42
q1a734d4e,d1b38d8b6
q1a734d4e,d1b373862
q1a734d4e,d1b33207e
q1a734d4e,d1b3bf6e0
q1a734d4e,d1b3b8c3c
q1a734d4e,d1b3c0c84
q1a734d4e,d1b2fa340
q1a734d4e,d1b3a42f0
q1a711baa,d1b378560
q1a711baa,d1a7131e4
q1a711baa,d1b3b1ebe
q1a711baa,d1b365320
q1a711baa,d1b339a5e
q1a711baa,d1b391236
q1a711baa,d1b307068
q1a711baa,d1b369f60
q1a711baa,d1b391e34
q1a711baa,d1b384bc6
q1a728b5c,d1a734aec
q1a728b5c,d1b38db72
q1a728b5c,d1b2ff9bc
q1a728b5c,d1b3b0712
q1a728b5c,d1b3bc0b2
q1a728b5c,d1b32c61a
q1a728b5c,d1b33a1de
q1a728b5c,d1b34706e
q1a728b5c,d1b3862b4
q1a728b5c,d1b337970
q1a714440,d1a71456c
q1a714440,d1a72b474
q1a714440,d1b3692cc
q1a714440,d1b3b641e
q1a714440,d1b3c0a5e
q1a714440,d1b38b32c
q1a714440,d1b34e72e
q1a714440,d1b386822
q1a714440,d1b309750
q1a714440,d1b3a60dc
q1a71d554,d1b3a8f4e
q1a71d554,d1b3052cc
q1a71d554,d1b3c4d8e
q1a71d554,d1b383b40
q1a71d554,d1a713428
q1a71d554,d1b342d3e
q1a71d554,d1b355ccc
q1a71d554,d1a722a18
q1a71d554,d1b3520ea
q1a71d554,d1b326d46
q1a73690a,d1b3504c0
q1a73690a,d1b32c61a
q1a73690a,d1b2e5f26
q1a73690a,d1b3a6672
q1a73690a,d1b34706e
q1a73690a,d1b3579be
q1a73690a,d1b3ac356
q1a73690a,d1b3bddc2
q1a73690a,d1b375a7c
q1a73690a,d1b3a0ace
q1a713784,d1b32b986
q1a713784,d1b379f64
q1a713784,d1b2e7bb4
q1a713784,d1a7138d8
q1a713784,d1b33db86
q1a713784,d1b3c8362
q1a713784,d1a7270c2
q1a713784,d1b39bccc
q1a713784,d1b32e28a
q1a713784,d1b34d270
q1a71a958,d1b369c7c
q1a71a958,d1b33a3fa
q1a71a958,d1b3a1794
q1a71a958,d1b377142
q1a71a958,d1b321f3a
q1a71a958,d1b3a9a7a
q1a71a958,d1b329dc0
q1a71a958,d1b3495da
q1a71a958,d1b36d638
q1a71a958,d1b3202c0
q1a73a334,d1b2f364e
q1a73a334,d1b38a7ec
q1a73a334,d1b358530
q1a73a334,d1b2f48d2
q1a73a334,d1b36bd92
q1a73a334,d1a727810
q1a73a334,d1b3bb45a
q1a73a334,d1b370a72
q1a73a334,d1a7261ea
q1a73a334,d1a714f9e
q1a71546c,d1b34e29c
q1a71546c,d1b33dec4
q1a71546c,d1b3791b8
q1a71546c,d1b3034b8
q1a71546c,d1a7290b6
q1a71546c,d1b36de6c
q1a71546c,d1b39d4aa
q1a71546c,d1b3b5dc0
q1a71546c,d1b35e57a
q1a71546c,d1b3a948a
q1a72a4b6,d1a72a5d8
q1a72a4b6,d1b3105c8
q1a72a4b6,d1b3000ba
q1a72a4b6,d1b3bfd5c
q1a72a4b6,d1b3239fc
q1a72a4b6,d1b3c7ed0
q1a72a4b6,d1b3616a8
q1a72a4b6,d1b31a780
q1a72a4b6,d1b3b0226
q1a72a4b6,d1b381584
q1a73cc7e,d1a73ccc4
q1a73cc7e,d1b34b52e
q1a73cc7e,d1b3006dc
q1a73cc7e,d1b31bec8
q1a73cc7e,d1b3403d6
q1a73cc7e,d1b38d4ec
q1a73cc7e,d1b3ac22a
q1a73cc7e,d1b34a034
q1a73cc7e,d1b32775a
q1a73cc7e,d1b336764
q1a7141b6,d1a714224
q1a7141b6,d1a719738
q1a7141b6,d1b3202c0
q1a7141b6,d1b3bf28a
q1a7141b6,d1b32d114
q1a7141b6,d1b3c460e
q1a7141b6,d1b356758
q1a7141b6,d1a72f100
q1a7141b6,d1b39e774
q1a7141b6,d1a715322
q1a728364,d1b3af8f8
q1a728364,d1a7283d2
q1a728364,d1a72e818
q1a728364,d1b32a91e
q1a728364,d1b3b0226
q1a728364,d1b3b82e6
q1a728364,d1b3967cc
q1a728364,d1a71d82e
q1a728364,d1b3af434
q1a728364,d1b361b12
q1a714738,d1b2e766e
q1a714738,d1b3af34e
q1a714738,d1b35aae2
q1a714738,d1a723c42
q1a714738,d1b3ae62e
q1a714738,d1b2ff9bc
q1a714738,d1b359674
q1a714738,d1b3259b4
q1a714738,d1b3471ea
q1a714738,d1a71479c
q1a72c0ea,d1b2fc7bc
q1a72c0ea,d1b3abcb2
q1a72c0ea,d1b3a9a7a
q1a72c0ea,d1b35b7bc
q1a72c0ea,d1b36fa96
q1a72c0ea,d1b31137e
q1a72c0ea,d1a72c19e
q1a72c0ea,d1b390fa2
q1a72c0ea,d1b3b6d7e
q1a72c0ea,d1b3a8756
q1a73e628,d1a73e6aa
q1a73e628,d1a72d184
q1a73e628,d1b2e9086
q1a73e628,d1b2fd892
q1a73e628,d1b3bf28a
q1a73e628,d1b2fa4da
q1a73e628,d1a736f40
q1a73e628,d1b366568
q1a73e628,d1b33c330
q1a73e628,d1b2ee16c
q1a73433a,d1b36f4e2
q1a73433a,d1b30c9a0
q1a73433a,d1a734402
q1a73433a,d1b38224a
q1a73433a,d1b3ba7a8
q1a73433a,d1a72f8c6
q1a73433a,d1b366568
q1a73433a,d1b2e225e
q1a73433a,d1b32309c
q1a73433a,d1b388e88
q1a737a4e,d1b38716e
q1a737a4e,d1b38224a
q1a737a4e,d1b373e48
q1a737a4e,d1b352f68
q1a737a4e,d1b2e4072
q1a737a4e,d1b36f4e2
q1a737a4e,d1b326d46
q1a737a4e,d1b357bda
q1a737a4e,d1b302856
q1a737a4e,d1b3acbbc
q1a731504,d1b2e5468
q1a731504,d1b2e225e
q1a731504,d1b35b7bc
q1a731504,d1b30df3a
q1a731504,d1b35493a
q1a731504,d1b2e4978
q1a731504,d1b377e58
q1a731504,d1a72d756
q1a731504,d1b3495da
q1a731504,d1b32baee
q1a73ce90,d1b369c7c
q1a73ce90,d1b35493a
q1a73ce90,d1b3a7ae0
q1a73ce90,d1b2f4a30
q1a73ce90,d1b3bdaa2
q1a73ce90,d1b338c9e
q1a73ce90,d1b33f274
q1a73ce90,d1b2f54f8
q1a73ce90,d1b37f78e
q1a73ce90,d1b39cd20
q1a71cb72,d1a71cca8
q1a71cb72,d1b2e2826
q1a71cb72,d1b383190
q1a71cb72,d1b3bc1a2
q1a71cb72,d1b377e58
q1a71cb72,d1b3598ae
q1a71cb72,d1b3134f8
q1a71cb72,d1b392e92
q1a71cb72,d1b2e15ac
q1a71cb72,d1b389a04
q1a73e34e,d1a73e402
q1a73e34e,d1b383b40
q1a73e34e,d1b338e56
q1a73e34e,d1b355ee8
q1a73e34e,d1b327b92
q1a73e34e,d1b33a3fa
q1a73e34e,d1b3c1ada
q1a73e34e,d1b3879b6
q1a73e34e,d1b332efc
q1a73e34e,d1b36a532
q1a72775c,d1b3492f6
q1a72775c,d1b352572
q1a72775c,d1a727810
q1a72775c,d1b2f48d2
q1a72775c,d1b369218
q1a72775c,d1b3b4c2c
q1a72775c,d1b315bcc
q1a72775c,d1b352f68
q1a72775c,d1b31111c
q1a72775c,d1b301744
q1a7223d8,d1b340070
q1a7223d8,d1b3b9d80
q1a7223d8,d1b3c77f0
q1a7223d8,d1b3c5a04
q1a7223d8,d1b31b2e8
q1a7223d8,d1a7138d8
q1a7223d8,d1b35a29a
q1a7223d8,d1b3c172e
q1a7223d8,d1b3310c0
q1a7223d8,d1b301ffa
q1a729a20,d1a729b42
q1a729a20,d1b34da5e
q1a729a20,d1b33319a
q1a729a20,d1b3487ac
q1a729a20,d1a731540
q1a729a20,d1a71b272
q1a729a20,d1b303a08
q1a729a20,d1b2e67a0
q1a729a20,d1b3a1e2e
q1a729a20,d1b2ed74e
q1a73709e,d1b3710bc
q1a73709e,d1b313dcc
q1a73709e,d1b369a38
q1a73709e,d1a71dd10
q1a73709e,d1b3a7c2a
q1a73709e,d1b3c1bb6
q1a73709e,d1b3958ea
q1a73709e,d1b3b50be
q1a73709e,d1b36b180
q1a73709e,d1b31bcc0
q1a728080,d1a728170
q1a728080,d1b3bc6e8
q1a728080,d1b314178
q1a728080,d1b3c5e96
q1a728080,d1b3085c6
q1a728080,d1b2fbc2c
q1a728080,d1b2eead6
q1a728080,d1a72df58
q1a728080,d1b2f7172
q1a728080,d1b378b82
q1a72b9d8,d1a72ba82
q1a72b9d8,d1b2f9698
q1a72b9d8,d1b36cad0
q1a72b9d8,d1b359e3a
q1a72b9d8,d1b36ae1a
q1a72b9d8,d1a73b824
q1a72b9d8,d1b383190
q1a72b9d8,d1b326724
q1a72b9d8,d1b3a49c6
q1a72b9d8,d1b3bfd5c
q1a734312,d1b3c4d8e
q1a734312,d1a734402
q1a734312,d1b33126e
q1a734312,d1b37e578
q1a734312,d1a736f40
q1a734312,d1b2e707e
q1a734312,d1b3a9868
q1a734312,d1a722a18
q1a734312,d1b386b1a
q1a734312,d1b329a00
q1a711484,d1a711510
q1a711484,d1b39034a
q1a711484,d1b33f274
q1a711484,d1b3b7f94
q1a711484,d1b39a1ec
q1a711484,d1b36474a
q1a711484,d1b356622
q1a711484,d1b36639c
q1a711484,d1b3a59ca
q1a711484,d1a741bd4
q1a715d5e,d1b377e58
q1a715d5e,d1b3a8bde
q1a715d5e,d1b2edfd2
q1a715d5e,d1b325d42
q1a715d5e,d1b3c014e
q1a715d5e,d1b385eae
q1a715d5e,d1b373862
q1a715d5e,d1b304e80
q1a715d5e,d1b3c52c0
q1a715d5e,d1b3c0c84
q1a72a02e,d1a72a0ce
q1a72a02e,d1b3a2ac2
q1a72a02e,d1b32d7cc
q1a72a02e,d1a7183ce
q1a72a02e,d1b3b353e
q1a72a02e,d1b35446c
q1a72a02e,d1b306aa0
q1a72a02e,d1b381688
q1a72a02e,d1b34a598
q1a72a02e,d1b3046d8
q1a7308c0,d1a7309a6
q1a7308c0,d1b2f2c94
q1a7308c0,d1a725d26
q1a7308c0,d1b3a1e2e
q1a7308c0,d1b30f236
q1a7308c0,d1b375054
q1a7308c0,d1b2e50e4
q1a7308c0,d1a71b272
q1a7308c0,d1b369c7c
q1a7308c0,d1b38a288
q1a72b3e8,d1a72b474
q1a72b3e8,d1a712532
q1a72b3e8,d1b36f1c2
q1a72b3e8,d1b2fb63c
q1a72b3e8,d1b36f5aa
q1a72b3e8,d1b3849b4
q1a72b3e8,d1b2f9daa
q1a72b3e8,d1b399e36
q1a72b3e8,d1b37ec1c
q1a72b3e8,d1b394972
q1a7330d4,d1b31fb54
q1a7330d4,d1b3b308e
q1a7330d4,d1a7331d8
q1a7330d4,d1b364d08
q1a7330d4,d1b3a9052
q1a7330d4,d1b32bcd8
q1a7330d4,d1b32c16a
q1a7330d4,d1a7249da
q1a7330d4,d1b3309ea
q1a7330d4,d1b32b54e
q1a73b7b6,d1b38283a
q1a73b7b6,d1b330f9e
q1a73b7b6,d1b360cc6
q1a73b7b6,d1b39abf6
q1a73b7b6,d1b382c04
q1a73b7b6,d1b3aad30
q1a73b7b6,d1b3b65b8
q1a73b7b6,d1b2f751e
q1a73b7b6,d1b37336c
q1a73b7b6,d1b318a5c
q1a71da18,d1a71da5e
q1a71da18,d1b3c4d8e
q1a71da18,d1b34adcc
q1a71da18,d1b3a9868
q1a71da18,d1a73f2c6
q1a71da18,d1b36136a
q1a71da18,d1b31bba8
q1a71da18,d1b36b5ae
q1a71da18,d1b3c8998
q1a71da18,d1b3278c2
q1a73ca08,d1a73ca80
q1a73ca08,d1b36d638
q1a73ca08,d1b3630ca
q1a73ca08,d1b3a6fa0
q1a73ca08,d1b3a02e0
q1a73ca08,d1b30b5d2
q1a73ca08,d1b38ed06
q1a73ca08,d1b342b5e
q1a73ca08,d1b3c4514
q1a73ca08,d1b30c658
q1a73c9ae,d1a73ca80
q1a73c9ae,d1b342b5e
q1a73c9ae,d1b301456
q1a73c9ae,d1b374e60
q1a73c9ae,d1b35de90
q1a73c9ae,d1b3611a8
q1a73c9ae,d1b3bf370
q1a73c9ae,d1b35626c
q1a73c9ae,d1b3630ca
q1a73c9ae,d1b339a5e
q1a73ac94,d1b35f9d4
q1a73ac94,d1b2e55ee
q1a73ac94,d1b356622
q1a73ac94,d1b3aa1a0
q1a73ac94,d1b375108
q1a73ac94,d1a741bd4
q1a73ac94,d1b3a59ca
q1a73ac94,d1b3640ce
q1a73ac94,d1b3b97e0
q1a73ac94,d1b2e2632
q1a7206dc,d1a72083a
q1a7206dc,d1b39a084
q1a7206dc,d1a73ab0e
q1a7206dc,d1b3c19d6
q1a7206dc,d1b370f68
q1a7206dc,d1b33472a
q1a7206dc,d1b3225a2
q1a7206dc,d1b3188ea
q1a7206dc,d1b38d0fa
q1a7206dc,d1b36abc2
q1a720484,d1b3a52c2
q1a720484,d1b2f9a8a
q1a720484,d1b36d638
q1a720484,d1a723f4e
q1a720484,d1a720542
q1a720484,d1b34bd44
q1a720484,d1b3a9174
q1a720484,d1b367b34
q1a720484,d1b360cc6
q1a720484,d1b2ee798
q1a73ba22,d1b3813b8
q1a73ba22,d1b336fb6
q1a73ba22,d1b32bf12
q1a73ba22,d1b34e18e
q1a73ba22,d1b39d34c
q1a73ba22,d1b3c874a
q1a73ba22,d1b364542
q1a73ba22,d1b31fb54
q1a73ba22,d1b32863c
q1a73ba22,d1b3c4b36
q1a730b04,d1b3c41c2
q1a730b04,d1b37188c
q1a730b04,d1b362116
q1a730b04,d1b351faa
q1a730b04,d1b3a2fb8
q1a730b04,d1a7326f2
q1a730b04,d1a714a58
q1a730b04,d1b38c812
q1a730b04,d1a7413dc
q1a730b04,d1b2fbac4
q1a737616,d1a7376e8
q1a737616,d1b333b86
q1a737616,d1b36279c
q1a737616,d1b32002c
q1a737616,d1b3ab668
q1a737616,d1b368e9e
q1a737616,d1b3bd598
q1a737616,d1b359f5c
q1a737616,d1a7231d4
q1a737616,d1a71e47c
q1a739d44,d1a73ccc4
q1a739d44,d1b33ba66
q1a739d44,d1b350d80
q1a739d44,d1b31c0c6
q1a739d44,d1b386c5a
q1a739d44,d1b33a76a
q1a739d44,d1b389392
q1a739d44,d1b339068
q1a739d44,d1a7138d8
q1a739d44,d1b3782ea
q1a740b6c,d1b338bcc
q1a740b6c,d1b3c0eaa
q1a740b6c,d1b33959a
q1a740b6c,d1b31137e
q1a740b6c,d1b35b7bc
q1a740b6c,d1b3b6d7e
q1a740b6c,d1b399044
q1a740b6c,d1b39dfc2
q1a740b6c,d1b36fa96
q1a740b6c,d1b371d0a
q1a73d0ac,d1b309750
q1a73d0ac,d1b3a52c2
q1a73d0ac,d1b34bd44
q1a73d0ac,d1b2ee798
q1a73d0ac,d1b318b92
q1a73d0ac,d1b346902
q1a73d0ac,d1b33cb1e
q1a73d0ac,d1b3a3490
q1a73d0ac,d1b34dca2
q1a73d0ac,d1b33b534
q1a73e2f4,d1a73e402
q1a73e2f4,d1b355ee8
q1a73e2f4,d1b383b40
q1a73e2f4,d1b3c1ada
q1a73e2f4,d1b378fa6
q1a73e2f4,d1b3af5a6
q1a73e2f4,d1a71a4e4
q1a73e2f4,d1b34f3a4
q1a73e2f4,d1a71f2f0
q1a73e2f4,d1b33a3fa
q1a729d04,d1b36b7fc
q1a729d04,d1b398a04
q1a729d04,d1b3134f8
q1a729d04,d1b3ba096
q1a729d04,d1b346902
q1a729d04,d1b3b2760
q1a729d04,d1b349f26
q1a729d04,d1b309750
q1a729d04,d1b2eead6
q1a729d04,d1b3554b6
q1a71a6c4,d1b360a78
q1a71a6c4,d1b3183d6
q1a71a6c4,d1b38b32c
q1a71a6c4,d1b3a1c8a
q1a71a6c4,d1b351a3c
q1a71a6c4,d1b39ed82
q1a71a6c4,d1a71c082
q1a71a6c4,d1b388e88
q1a71a6c4,d1b3c2c78
q1a71a6c4,d1b3c63c8
q1a741634,d1a741756
q1a741634,d1b324668
q1a741634,d1b3ba3c0
q1a741634,d1b3947f6
q1a741634,d1b38bd54
q1a741634,d1b3c88b2
q1a741634,d1b336c6e
q1a741634,d1b322e9e
q1a741634,d1a713f36
q1a741634,d1b385a12
q1a72219e,d1b36b5ae
q1a72219e,d1b354d0e
q1a72219e,d1a722202
q1a72219e,d1a73b248
q1a72219e,d1b34d356
q1a72219e,d1b386b1a
q1a72219e,d1b39b222
q1a72219e,d1b35e70a
q1a72219e,d1a722a18
q1a72219e,d1b35ea48
q1a7297f0,d1a72991c
q1a7297f0,d1a726d7a
q1a7297f0,d1b39d888
q1a7297f0,d1b3a9dd6
q1a7297f0,d1b36c3be
q1a7297f0,d1a72a5d8
q1a7297f0,d1b2fd72a
q1a7297f0,d1b3c230e
q1a7297f0,d1b3b229c
q1a7297f0,d1b34fe9e
q1a71dcc0,d1b321094
q1a71dcc0,d1b39336a
q1a71dcc0,d1b30edb8
q1a71dcc0,d1b369a38
q1a71dcc0,d1b350100
q1a71dcc0,d1a714cd8
q1a71dcc0,d1a71dd10
q1a71dcc0,d1b37f0ae
q1a71dcc0,d1b343e64
q1a71dcc0,d1b2e42de
q1a73d0de,d1a73d19c
q1a73d0de,d1a721d34
q1a73d0de,d1b313eda
q1a73d0de,d1b32d380
q1a73d0de,d1b329e9c
q1a73d0de,d1b310dde
q1a73d0de,d1b3beeca
q1a73d0de,d1b30e78c
q1a73d0de,d1b3994cc
q1a73d0de,d1b32309c
q1a71e440,d1b32002c
q1a71e440,d1a7376e8
q1a71e440,d1b37c6ce
q1a71e440,d1a71e47c
q1a71e440,d1b359f5c
q1a71e440,d1b3c5540
q1a71e440,d1b39b79a
q1a71e440,d1b2e67a0
q1a71e440,d1b38d1cc
q1a71e440,d1b3b7e86
q1a7272de,d1b370c02
q1a7272de,d1b3a3490
q1a7272de,d1b31c274
q1a7272de,d1b33dc58
q1a7272de,d1b3239fc
q1a7272de,d1a72740a
q1a7272de,d1b30b2c6
q1a7272de,d1b309750
q1a7272de,d1b38dd7a
q1a7272de,d1b301456
q1a73cc4c,d1a73ccc4
q1a73cc4c,d1b34b52e
q1a73cc4c,d1b31bec8
q1a73cc4c,d1b2e9ab8
q1a73cc4c,d1b3006dc
q1a73cc4c,d1b351a3c
q1a73cc4c,d1a7331d8
q1a73cc4c,d1b3925aa
q1a73cc4c,d1b39034a
q1a73cc4c,d1b359084
q1a72bca8,d1b369c7c
q1a72bca8,d1b3862b4
q1a72bca8,d1b3beb3c
q1a72bca8,d1b349b3e
q1a72bca8,d1a72bce4
q1a72bca8,d1b2ef3dc
q1a72bca8,d1b2f2c94
q1a72bca8,d1b313cd2
q1a72bca8,d1b37f428
q1a72bca8,d1b366658
q1a73e934,d1b3202c0
q1a73e934,d1b34baf6
q1a73e934,d1b3a7068
q1a73e934,d1b3a7ae0
q1a73e934,d1b3921e0
q1a73e934,d1b360794
q1a73e934,d1b3b69d2
q1a73e934,d1b3907e6
q1a73e934,d1b35a416
q1a73e934,d1a73e024
q1a7246d8,d1b338460
q1a7246d8,d1b37221e
q1a7246d8,d1b35d6b6
q1a7246d8,d1b35c9dc
q1a7246d8,d1b35c0d6
q1a7246d8,d1b3a0556
q1a7246d8,d1b313bc4
q1a7246d8,d1b2f1524
q1a7246d8,d1b33d05a
q1a7246d8,d1b32ff9a
q1a717d3e,d1a717e60
q1a717d3e,d1a732a94
q1a717d3e,d1a71a016
q1a717d3e,d1b31bba8
q1a717d3e,d1b3c3a38
q1a717d3e,d1b30e5d4
q1a717d3e,d1b32a2ac
q1a717d3e,d1b362b70
q1a717d3e,d1a7237ce
q1a717d3e,d1b3b0334
q1a719f12,d1a71a016
q1a719f12,d1b337650
q1a719f12,d1b3611a8
q1a719f12,d1b3b2760
q1a719f12,d1b362b70
q1a719f12,d1a717e60
q1a719f12,d1b31e448
q1a719f12,d1b2e92ac
q1a719f12,d1b30e5d4
q1a719f12,d1b31bba8
q1a737120,d1a73715c
q1a737120,d1b350a7e
q1a737120,d1b369c7c
q1a737120,d1a727b8a
q1a737120,d1b385396
q1a737120,d1b389496
q1a737120,d1b387d08
q1a737120,d1b3862b4
q1a737120,d1b33599a
q1a737120,d1b2ef3dc
q1a728544,d1b2f72a8
q1a728544,d1a7285e4
q1a728544,d1b2e87c6
q1a728544,d1b3135ca
q1a728544,d1b38716e
q1a728544,d1b3b97e0
q1a728544,d1b38fe7c
q1a728544,d1b2e2632
q1a728544,d1b356622
q1a728544,d1b3a59ca
q1a7239cc,d1a723a30
q1a7239cc,d1b3c8146
q1a7239cc,d1b31d46c
q1a7239cc,d1a726af0
q1a7239cc,d1a72d756
q1a7239cc,d1b3bccba
q1a7239cc,d1b357bda
q1a7239cc,d1b3a7ef0
q1a7239cc,d1b2f539a
q1a7239cc,d1b34adcc
q1a728896,d1a7289ae
q1a728896,d1b38a288
q1a728896,d1a7309a6
q1a728896,d1b3a1e2e
q1a728896,d1b390570
q1a728896,d1b39aaca
q1a728896,d1b2ff9bc
q1a728896,d1a726af0
q1a728896,d1b35446c
q1a728896,d1b350a7e
q1a73db1a,d1b342e92
q1a73db1a,d1a73dc6e
q1a73db1a,d1b3b0334
q1a73db1a,d1b312dd2
q1a73db1a,d1b3278c2
q1a73db1a,d1a71f7d2
q1a73db1a,d1b391722
q1a73db1a,d1b33347e
q1a73db1a,d1b3aeeda
q1a73db1a,d1b330f9e
q1a72cc70,d1b2f4418
q1a72cc70,d1b38ccb8
q1a72cc70,d1b3a4c0a
q1a72cc70,d1b39d34c
q1a72cc70,d1b2f0d72
q1a72cc70,d1b31297c
q1a72cc70,d1b303e86
q1a72cc70,d1b3a2568
q1a72cc70,d1b36a1e0
q1a72cc70,d1b335c1a
q1a717da2,d1b3b0334
q1a717da2,d1b31bba8
q1a717da2,d1a717e60
q1a717da2,d1b32a2ac
q1a717da2,d1b3a88a0
q1a717da2,d1b34e72e
q1a717da2,d1a740f04
q1a717da2,d1b3506a0
q1a717da2,d1b2ffdae
q1a717da2,d1b3afaba
q1a7163a8,d1a716452
q1a7163a8,d1b341b5a
q1a7163a8,d1b3c278c
q1a7163a8,d1b34159c
q1a7163a8,d1b3420e6
q1a7163a8,d1b36001e
q1a7163a8,d1b371ef4
q1a7163a8,d1a71be0c
q1a7163a8,d1b390c64
q1a7163a8,d1b35a9fc
q1a7316ee,d1b3a6942
q1a7316ee,d1b38b71e
q1a7316ee,d1b31d0c0
q1a7316ee,d1b342c1c
q1a7316ee,d1b2e9ab8
q1a7316ee,d1b312dd2
q1a7316ee,d1b2e55ee
q1a7316ee,d1b343d6a
q1a7316ee,d1b33d4b0
q1a7316ee,d1b3bb81a
q1a730c08,d1a730c3a
q1a730c08,d1b308256
q1a730c08,d1b3b7238
q1a730c08,d1b35e57a
q1a730c08,d1b39ee90
q1a730c08,d1b33dec4
q1a730c08,d1b36de6c
q1a730c08,d1b3a2bc6
q1a730c08,d1b3a2fb8
q1a730c08,d1b34e72e
q1a720f9c,d1b31cd64
q1a720f9c,d1b2fcf50
q1a720f9c,d1b326814
q1a720f9c,d1b3506a0
q1a720f9c,d1b37f9b4
q1a720f9c,d1b329cc6
q1a720f9c,d1b35de90
q1a720f9c,d1b32401e
q1a720f9c,d1b365320
q1a720f9c,d1a7131e4
q1a71a444,d1b39d63a
q1a71a444,d1b384bc6
q1a71a444,d1b3b23be
q1a71a444,d1b3ac770
q1a71a444,d1a71a4e4
q1a71a444,d1b35f90c
q1a71a444,d1b3c6a8a
q1a71a444,d1b3c6bc0
q1a71a444,d1b36a532
q1a71a444,d1b32e7f8
q1a718c3e,d1b32ff9a
q1a718c3e,d1b2f1524
q1a718c3e,d1b338460
q1a718c3e,d1b313bc4
q1a718c3e,d1b37221e
q1a718c3e,d1a718d56
q1a718c3e,d1b35c9dc
q1a718c3e,d1b3adc10
q1a718c3e,d1b3a0556
q1a718c3e,d1b2e373a
q1a72ad62,d1b376800
q1a72ad62,d1b3bdcf0
q1a72ad62,d1b31e8d0
q1a72ad62,d1b34823e
q1a72ad62,d1b2f9daa
q1a72ad62,d1a72ad94
q1a72ad62,d1b389496
q1a72ad62,d1b3a79e6
q1a72ad62,d1b3a6e42
q1a72ad62,d1b3c1bb6
q1a71dc66,d1b3c3fe2
q1a71dc66,d1b330e7c
q1a71dc66,d1b3862b4
q1a71dc66,d1a72d756
q1a71dc66,d1b369c7c
q1a71dc66,d1a736054
q1a71dc66,d1b322912
q1a71dc66,d1a726af0
q1a71dc66,d1a727b8a
q1a71dc66,d1b352f68
q1a721f28,d1b360a78
q1a721f28,d1b38b32c
q1a721f28,d1b388e88
q1a721f28,d1b351a3c
q1a721f28,d1b350b3c
q1a721f28,d1b3a1c8a
q1a721f28,d1b3a9b60
q1a721f28,d1b398d9c
q1a721f28,d1b3b362e
q1a721f28,d1a72a812
q1a71834c,d1a7183ce
q1a71834c,d1b34a598
q1a71834c,d1b381688
q1a71834c,d1b3b353e
q1a71834c,d1b32b094
q1a71834c,d1b32be18
q1a71834c,d1b35446c
q1a71834c,d1b306aa0
q1a71834c,d1b384482
q1a71834c,d1b34b31c
q1a71abce,d1a71ac1e
q1a71abce,d1a71cca8
q1a71abce,d1b35f150
q1a71abce,d1b378b82
q1a71abce,d1b3a5bd2
q1a71abce,d1b2e9086
q1a71abce,d1b377e58
q1a71abce,d1b337dbc
q1a71abce,d1b367134
q1a71abce,d1b3b3c00
q1a739f92,d1a714cd8
q1a739f92,d1b389496
q1a739f92,d1a726af0
q1a739f92,d1a727b8a
q1a739f92,d1b330e7c
q1a739f92,d1b31b73e
q1a739f92,d1b36a6ae
q1a739f92,d1a723a30
q1a739f92,d1b369c7c
q1a739f92,d1b32c020
q1a730b36,d1a730c3a
q1a730b36,d1b39ee90
q1a730b36,d1b308256
q1a730b36,d1a7326f2
q1a730b36,d1b2e7a06
q1a730b36,d1b347d5c
q1a730b36,d1b3b7238
q1a730b36,d1b351faa
q1a730b36,d1a7155e8
q1a730b36,d1b362116
q1a71bce0,d1a71be0c
q1a71bce0,d1b3bcea4
q1a71bce0,d1b31925e
q1a71bce0,d1b3b0bd6
q1a71bce0,d1b328920
q1a71bce0,d1b3bd836
q1a71bce0,d1b31c9e0
q1a71bce0,d1b3a590c
q1a71bce0,d1b2ef814
q1a71bce0,d1b36d52a
q1a72243c,d1b2fcf50
q1a72243c,d1b2f345a
q1a72243c,d1b3554b6
q1a72243c,d1b35de90
q1a72243c,d1b32401e
q1a72243c,d1b3b1ebe
q1a72243c,d1b33d3ca
q1a72243c,d1b2f19b6
q1a72243c,d1b356de8
q1a72243c,d1b38257e
q1a7230f8,d1a7231d4
q1a7230f8,d1b32f36a
q1a7230f8,d1b3c5540
q1a7230f8,d1b362b70
q1a7230f8,d1b2f7172
q1a7230f8,d1b39b09c
q1a7230f8,d1b3ad8aa
q1a7230f8,d1b3799ec
q1a7230f8,d1b322700
q1a7230f8,d1b3420e6
q1a71e940,d1a71ea1c
q1a71e940,d1b34ef26
q1a71e940,d1b39b09c
q1a71e940,d1b2f751e
q1a71e940,d1b320888
q1a71e940,d1b3860b6
q1a71e940,d1b37b0da
q1a71e940,d1b3b497a
q1a71e940,d1b378ab0
q1a71e940,d1b347d5c
q1a721ece,d1b38b32c
q1a721ece,d1b350b3c
q1a721ece,d1b3a1c8a
q1a721ece,d1b360a78
q1a721ece,d1b351a3c
q1a721ece,d1b3b5f14
q1a721ece,d1a721fa0
q1a721ece,d1b398d9c
q1a721ece,d1b3570cc
q1a721ece,d1b388e88
q1a71a3e0,d1a71a4e4
q1a71a3e0,d1b378fa6
q1a71a3e0,d1b3af8f8
q1a71a3e0,d1b2fda22
q1a71a3e0,d1b338e56
q1a71a3e0,d1b322912
q1a71a3e0,d1b3af5a6
q1a71a3e0,d1b3ab7da
q1a71a3e0,d1b37dea2
q1a71a3e0,d1b383b40
q1a734038,d1b368458
q1a734038,d1b3c2e58
q1a734038,d1a7218e8
q1a734038,d1b3797e4
q1a734038,d1b2e9e46
q1a734038,d1b379906
q1a734038,d1b357bda
q1a734038,d1b37534c
q1a734038,d1b38c498
q1a734038,d1b2f6fd8
q1a715192,d1a715322
q1a715192,d1b3193e4
q1a715192,d1b3a6d3e
q1a715192,d1b3a543e
q1a715192,d1a73cf94
q1a715192,d1b36065e
q1a715192,d1b3947f6
q1a715192,d1b3c2228
q1a715192,d1b376cb0
q1a715192,d1b336c6e
q1a728d78,d1a728e36
q1a728d78,d1b300a4c
q1a728d78,d1b3a197e
q1a728d78,d1b34befc
q1a728d78,d1b33d82a
q1a728d78,d1b38716e
q1a728d78,d1b35f9d4
q1a728d78,d1a741bd4
q1a728d78,d1b307fae
q1a728d78,d1b39034a
q1a7345e2,d1b304548
q1a7345e2,d1b310ab4
q1a7345e2,d1b37a7a2
q1a7345e2,d1b34cc44
q1a7345e2,d1b344274
q1a7345e2,d1b3929ec
q1a7345e2,d1b2fc294
q1a7345e2,d1b3393c4
q1a7345e2,d1b35a9fc
q1a7345e2,d1b341b5a
q1a74160c,d1b31aa78
q1a74160c,d1a741756
q1a74160c,d1b322e9e
q1a74160c,d1b359f5c
q1a74160c,d1b329cc6
q1a74160c,d1b36901a
q1a74160c,d1b34a48a
q1a74160c,d1b389ca2
q1a74160c,d1b355a38
q1a74160c,d1b3ba3c0
q1a73af3c,d1b3bf6e0
q1a73af3c,d1b33207e
q1a73af3c,d1b385eae
q1a73af3c,d1b3c3056
q1a73af3c,d1b3a8e2c
q1a73af3c,d1b393f5e
q1a73af3c,d1b38c812
q1a73af3c,d1a711c7c
q1a73af3c,d1a720dee
q1a73af3c,d1b37f78e
q1a7319a0,d1b327b92
q1a7319a0,d1b39dacc
q1a7319a0,d1b31a0d2
q1a7319a0,d1b3900e8
q1a7319a0,d1b31ce72
q1a7319a0,d1a727e1e
q1a7319a0,d1b31f42e
q1a7319a0,d1b2fe102
q1a7319a0,d1b33f3be
q1a7319a0,d1b3ab294
q1a731298,d1a731306
q1a731298,d1b3211d4
q1a731298,d1b375a7c
q1a731298,d1b363336
q1a731298,d1b3a0ace
q1a731298,d1a732ce2
q1a731298,d1b3bddc2
q1a731298,d1b3022fc
q1a731298,d1b330f9e
q1a731298,d1b3b7da0
q1a7248f4,d1b3abdac
q1a7248f4,d1a73f046
q1a7248f4,d1b309a8e
q1a7248f4,d1b32cc6e
q1a7248f4,d1a7331d8
q1a7248f4,d1b31b40a
q1a7248f4,d1b3ad616
q1a7248f4,d1b36a2ee
q1a7248f4,d1b2f27da
q1a7248f4,d1b3309ea
q1a7165ce,d1a7166dc
q1a7165ce,d1b3a74e6
q1a7165ce,d1b3c0586
q1a7165ce,d1b368c82
q1a7165ce,d1b376fda
q1a7165ce,d1b2fd374
q1a7165ce,d1b3849b4
q1a7165ce,d1b3381ea
q1a7165ce,d1a7237ce
q1a7165ce,d1b3993d2
q1a713e50,d1b2e373a
q1a713e50,d1a713f36
q1a713e50,d1b35c9dc
q1a713e50,d1b33d05a
q1a713e50,d1b3c2228
q1a713e50,d1b385a12
q1a713e50,d1a715322
q1a713e50,d1b39b79a
q1a713e50,d1b3952fa
q1a713e50,d1b355d9e
q1a736ec8,d1a736f40
q1a736ec8,d1b2ef814
q1a736ec8,d1b31c9e0
q1a736ec8,d1b3a3fbc
q1a736ec8,d1a740f04
q1a736ec8,d1b3a590c
q1a736ec8,d1b395eee
q1a736ec8,d1b333df2
q1a736ec8,d1a71be0c
q1a736ec8,d1b2f8856
q1a737a76,d1b38716e
q1a737a76,d1b36f4e2
q1a737a76,d1b38224a
q1a737a76,d1b352f68
q1a737a76,d1b3ba7a8
q1a737a76,d1b3c4d8e
q1a737a76,d1b373e48
q1a737a76,d1b2e225e
q1a737a76,d1b369c7c
q1a737a76,d1b3b20f8
q1a713306,d1a713428
q1a713306,d1b2e8f00
q1a713306,d1b32848e
q1a713306,d1b37aaf4
q1a713306,d1b39ca32
q1a713306,d1b35133e
q1a713306,d1a738034
q1a713306,d1b360988
q1a713306,d1b32ddbc
q1a713306,d1b351dca
q1a714922,d1a714a58
q1a714922,d1b347d5c
q1a714922,d1b327aa2
q1a714922,d1b34e72e
q1a714922,d1b36d3cc
q1a714922,d1b351faa
q1a714922,d1a7155e8
q1a714922,d1b309516
q1a714922,d1b372840
q1a714922,d1b39a6ce
q1a72bc80,d1b3862b4
q1a72bc80,d1b369c7c
q1a72bc80,d1b349b3e
q1a72bc80,d1a72bce4
q1a72bc80,d1b3beb3c
q1a72bc80,d1b2ef3dc
q1a72bc80,d1a722c66
q1a72bc80,d1a725d26
q1a72bc80,d1b3bb180
q1a72bc80,d1b313cd2
q1a73954c,d1b397320
q1a73954c,d1b2ed62c
q1a73954c,d1b3a9962
q1a73954c,d1b3b8660
q1a73954c,d1b31b176
q1a73954c,d1b3780ba
q1a73954c,d1b377714
q1a73954c,d1b395822
q1a73954c,d1b3c160c
q1a73954c,d1b3b7382
q1a71a3a4,d1b3b23be
q1a71a3a4,d1b302856
q1a71a3a4,d1a71a4e4
q1a71a3a4,d1a71f534
q1a71a3a4,d1b3797e4
q1a71a3a4,d1b2e8d98
q1a71a3a4,d1b3c1bb6
q1a71a3a4,d1b384bc6
q1a71a3a4,d1b39d63a
q1a71a3a4,d1b357bda
q1a732c60,d1b3a4dea
q1a732c60,d1b35d1ac
q1a732c60,d1b3935fe
q1a732c60,d1b3578f6
q1a732c60,d1b39887e
q1a732c60,d1a7255f6
q1a732c60,d1b391948
q1a732c60,d1b343144
q1a732c60,d1b36f99c
q1a732c60,d1b358fda
q1a714c1a,d1b3b96f0
q1a714c1a,d1b394044
q1a714c1a,d1b327b92
q1a714c1a,d1a714cd8
q1a714c1a,d1b321094
q1a714c1a,d1b3879b6
q1a714c1a,d1b2e42de
q1a714c1a,d1b31b73e
q1a714c1a,d1b3862b4
q1a714c1a,d1b384266
q1a7202d6,d1b3aad30
q1a7202d6,d1a72d184
q1a7202d6,d1b33198a
q1a7202d6,d1a736f40
q1a7202d6,d1b387d08
q1a7202d6,d1b2fa4da
q1a7202d6,d1b30c9a0
q1a7202d6,d1b33319a
q1a7202d6,d1b38d9ec
q1a7202d6,d1b36fb72
q1a72833c,d1b360230
q1a72833c,d1b38cee8
q1a72833c,d1b3489dc
q1a72833c,d1b35ede0
q1a72833c,d1b382cea
q1a72833c,d1a72bf32
q1a72833c,d1b37dea2
q1a72833c,d1b3af8f8
q1a72833c,d1b35ce14
q1a72833c,d1b2eb8cc
q1a72525e,d1b38a3e6
q1a72525e,d1b33a9ea
q1a72525e,d1b318a5c
q1a72525e,d1b3711d4
q1a72525e,d1b3c12b0
q1a72525e,d1b347866
q1a72525e,d1b31fef6
q1a72525e,d1b31094c
q1a72525e,d1b336d72
q1a72525e,d1b328bdc
q1a736bf8,d1b2e8d98
q1a736bf8,d1b2fda22
q1a736bf8,d1b2fbe34
q1a736bf8,d1b3bf532
q1a736bf8,d1a726d7a
q1a736bf8,d1b38b20a
q1a736bf8,d1b347618
q1a736bf8,d1b39417a
q1a736bf8,d1b3c0d88
q1a736bf8,d1a736cca
q1a72900c,d1b317652
q1a72900c,d1b375dd8
q1a72900c,d1a730c3a
q1a72900c,d1a7413dc
q1a72900c,d1b37796c
q1a72900c,d1b3a2bc6
q1a72900c,d1b3b5dc0
q1a72900c,d1a7290b6
q1a72900c,d1b37188c
q1a72900c,d1a714a58
q1a725ce0,d1a725d26
q1a725ce0,d1b3a1e2e
q1a725ce0,d1b30f236
q1a725ce0,d1b2f2c94
q1a725ce0,d1a7309a6
q1a725ce0,d1a71b272
q1a725ce0,d1b38b0de
q1a725ce0,d1b3c7c0a
q1a725ce0,d1b3487ac
q1a725ce0,d1b34da5e
q1a734fd8,d1b3a0c72
q1a734fd8,d1b3c874a
q1a734fd8,d1b3086e8
q1a734fd8,d1b327fa2
q1a734fd8,d1b324532
q1a734fd8,d1b3963b2
q1a734fd8,d1b3b308e
q1a734fd8,d1b3bdf66
q1a734fd8,d1b2fcb7c
q1a734fd8,d1a735078
q1a739380,d1b399c2e
q1a739380,d1a739434
q1a739380,d1b30842c
q1a739380,d1a72031c
q1a739380,d1b3a6e42
q1a739380,d1b31f082
q1a739380,d1b39f174
q1a739380,d1a73bd10
q1a739380,d1b384266
q1a739380,d1a73715c
q1a73b96e,d1a73ba68
q1a73b96e,d1a720a88
q1a73b96e,d1b3b16d0
q1a73b96e,d1b327fa2
q1a73b96e,d1b3ad616
q1a73b96e,d1b377ce6
q1a73b96e,d1b3018d4
q1a73b96e,d1b36398a
q1a73b96e,d1b32fe8c
q1a73b96e,d1b34acb4
q1a72d300,d1a72d3f0
q1a72d300,d1b38a3e6
q1a72d300,d1b318a5c
q1a72d300,d1b30ba96
q1a72d300,d1b38346a
q1a72d300,d1b39ee90
q1a72d300,d1b3ab398
q1a72d300,d1b395eee
q1a72d300,d1b364a7e
q1a72d300,d1b2f72a8
q1a71cbfe,d1a71cca8
q1a71cbfe,d1b3b0d3e
q1a71cbfe,d1b3187c8
q1a71cbfe,d1b35f150
q1a71cbfe,d1b3c278c
q1a71cbfe,d1b367134
q1a71cbfe,d1b3bc1a2
q1a71cbfe,d1b378b82
q1a71cbfe,d1b3b3c00
q1a71cbfe,d1b2e2826
q1a71d4d2,d1b3aeb92
q1a71d4d2,d1b34db9e
q1a71d4d2,d1b394a76
q1a71d4d2,d1b378b82
q1a71d4d2,d1a73920e
q1a71d4d2,d1b328bdc
q1a71d4d2,d1b32ec76
q1a71d4d2,d1b339b76
q1a71d4d2,d1b2fc7bc
q1a71d4d2,d1a740f04
q1a736b9e,d1b347618
q1a736b9e,d1a736cca
q1a736b9e,d1b30d0f8
q1a736b9e,d1b33ad1e
q1a736b9e,d1b39417a
q1a736b9e,d1b3c0d88
q1a736b9e,d1b3501c8
q1a736b9e,d1b3bc7f6
q1a736b9e,d1b38489c
q1a736b9e,d1b2e50e4
q1a7243e0,d1a7244a8
q1a7243e0,d1b34befc
q1a7243e0,d1b2e7bb4
q1a7243e0,d1b35ea48
q1a7243e0,d1a7118d0
q1a7243e0,d1b3b50be
q1a7243e0,d1b34b31c
q1a7243e0,d1b30e908
q1a7243e0,d1b3b041a
q1a7243e0,d1b345d9a
q1a7410c6,d1a7411b6
q1a7410c6,d1b34c1cc
q1a7410c6,d1b36508c
q1a7410c6,d1b37c32c
q1a7410c6,d1b305ef2
q1a7410c6,d1b31f212
q1a7410c6,d1b2f364e
q1a7410c6,d1b361a04
q1a7410c6,d1b36580c
q1a7410c6,d1b353846
q1a715264,d1b3a2568
q1a715264,d1b2ec5ba
q1a715264,d1b38504e
q1a715264,d1b391b6e
q1a715264,d1b3c88b2
q1a715264,d1b2f208c
q1a715264,d1b38bd54
q1a715264,d1a73cf94
q1a715264,d1b33d05a
q1a715264,d1b32d114
q1a736216,d1a7362fc
q1a736216,d1b36dd36
q1a736216,d1b3795dc
q1a736216,d1b344f08
q1a736216,d1b30c658
q1a736216,d1b34e18e
q1a736216,d1b3ab8fc
q1a736216,d1b36df98
q1a736216,d1b36abc2
q1a736216,d1b2f4418
q1a7123e8,d1a712532
q1a7123e8,d1b356866
q1a7123e8,d1b350c5e
q1a7123e8,d1b368e9e
q1a7123e8,d1b3373e4
q1a7123e8,d1b2fc690
q1a7123e8,d1b39f8d6
q1a7123e8,d1b380724
q1a7123e8,d1b3125e4
q1a7123e8,d1b3b2f94
q1a71d202,d1b3578f6
q1a71d202,d1b2f0c14
q1a71d202,d1a7255f6
q1a71d202,d1b35115e
q1a71d202,d1b307b12
q1a71d202,d1b391948
q1a71d202,d1b36fdf2
q1a71d202,d1b324adc
q1a71d202,d1b34e4e0
q1a71d202,d1b3935fe
q1a718c0c,d1b313bc4
q1a718c0c,d1b32ff9a
q1a718c0c,d1b2f1524
q1a718c0c,d1a718d56
q1a718c0c,d1b338460
q1a718c0c,d1b37221e
q1a718c0c,d1b336c6e
q1a718c0c,d1b35c9dc
q1a718c0c,d1b35c0d6
q1a718c0c,d1b3a0556
q1a73733c,d1a73744a
q1a73733c,d1b3a7068
q1a73733c,d1b3c11c0
q1a73733c,d1b3a9174
q1a73733c,d1b37e38e
q1a73733c,d1b359b92
q1a73733c,d1b35949e
q1a73733c,d1b2fa340
q1a73733c,d1b3aa632
q1a73733c,d1b34f6b0
q1a71273a,d1a7127d0
q1a71273a,d1b34be20
q1a71273a,d1b3a75ea
q1a71273a,d1b3324de
q1a71273a,d1b311ef0
q1a71273a,d1b3b92ea
q1a71273a,d1b321b70
q1a71273a,d1b36b7fc
q1a71273a,d1b336278
q1a71273a,d1b37c32c
q1a73ac08,d1b35f9d4
q1a73ac08,d1b37e47e
q1a73ac08,d1b375108
q1a73ac08,d1b3640ce
q1a73ac08,d1b38fe7c
q1a73ac08,d1a71df22
q1a73ac08,d1b3aa1a0
q1a73ac08,d1b356622
q1a73ac08,d1b3b97e0
q1a73ac08,d1b2e2632
q1a72dddc,d1a72df58
q1a72dddc,d1b389392
q1a72dddc,d1b32b986
q1a72dddc,d1b3a38e6
q1a72dddc,d1b31c0c6
q1a72dddc,d1b2ed62c
q1a72dddc,d1b3b4ac4
q1a72dddc,d1b34d270
q1a72dddc,d1b3418d0
q1a72dddc,d1b39bccc
q1a71578c,d1a715854
q1a71578c,d1b32aa36
q1a71578c,d1a73ccc4
q1a71578c,d1b356866
q1a71578c,d1b3403d6
q1a71578c,d1b382998
q1a71578c,d1b3b7382
q1a71578c,d1b32401e
q1a71578c,d1b38ad82
q1a71578c,d1b39bccc
q1a728f80,d1b301ca8
q1a728f80,d1b379f64
q1a728f80,d1a7237ce
q1a728f80,d1b35c86a
q1a728f80,d1b38d0fa
q1a728f80,d1b2eead6
q1a728f80,d1a727e1e
q1a728f80,d1b2f364e
q1a728f80,d1b3b9e5c
q1a728f80,d1b35de90
q1a732eea,d1b3ad8aa
q1a732eea,d1a732f9e
q1a732eea,d1b335116
q1a732eea,d1b3188ea
q1a732eea,d1b32e3fc
q1a732eea,d1b370f68
q1a732eea,d1a73b46e
q1a732eea,d1b38d0fa
q1a732eea,d1b3890d6
q1a732eea,d1b33472a
q1a717dca,d1a717e60
q1a717dca,d1b38f4d6
q1a717dca,d1b31bba8
q1a717dca,d1b32a2ac
q1a717dca,d1b30fc4a
q1a717dca,d1b3a0f92
q1a717dca,d1b3c4d8e
q1a717dca,d1a722202
q1a717dca,d1a72bf32
q1a717dca,d1b38b0de
q1a72bbfe,d1b3862b4
q1a72bbfe,d1b2ef3dc
q1a72bbfe,d1b369c7c
q1a72bbfe,d1b349b3e
q1a72bbfe,d1a72bce4
q1a72bbfe,d1b2f2c94
q1a72bbfe,d1b3beb3c
q1a72bbfe,d1b311c48
q1a72bbfe,d1b31b73e
q1a72bbfe,d1a725d26
q1a73a30c,d1b2eead6
q1a73a30c,d1a73a424
q1a73a30c,d1b31bba8
q1a73a30c,d1a738034
q1a73a30c,d1b346826
q1a73a30c,d1b30ba96
q1a73a30c,d1a728170
q1a73a30c,d1b3ae232
q1a73a30c,d1b3a197e
q1a73a30c,d1b332632
q1a713810,d1b32b986
q1a713810,d1b2f81f8
q1a713810,d1a7270c2
q1a713810,d1b39bccc
q1a713810,d1b39c492
q1a713810,d1b33db86
q1a713810,d1b37ae6e
q1a713810,d1b39a6ce
q1a713810,d1b3c5a04
q1a713810,d1b31c0c6
q1a740eaa,d1b328bdc
q1a740eaa,d1b3b3c00
q1a740eaa,d1a740f04
q1a740eaa,d1b2ef814
q1a740eaa,d1b31ad02
q1a740eaa,d1b366ce8
q1a740eaa,d1b32ec76
q1a740eaa,d1b34288e
q1a740eaa,d1b30c658
q1a740eaa,d1b31c9e0
q1a71cbd6,d1a71cca8
q1a71cbd6,d1b396fce
q1a71cbd6,d1b3187c8
q1a71cbd6,d1b2f76d6
q1a71cbd6,d1a734402
q1a71cbd6,d1b3b0bd6
q1a71cbd6,d1b3bd836
q1a71cbd6,d1b3c4d8e
q1a71cbd6,d1a734894
q1a71cbd6,d1b386b1a
q1a725380,d1b33a9ea
q1a725380,d1b336d72
q1a725380,d1b3c12b0
q1a725380,d1b31094c
q1a725380,d1b39b4fc
q1a725380,d1a71bb78
q1a725380,d1b3711d4
q1a725380,d1a7253e4
q1a725380,d1b347866
q1a725380,d1b39c6ea
q1a7368e2,d1b3a8bde
q1a7368e2,d1b373862
q1a7368e2,d1b3c0c84
q1a7368e2,d1b3c2944
q1a7368e2,d1b3bf6e0
q1a7368e2,d1b34a6a6
q1a7368e2,d1b3673aa
q1a7368e2,d1b2e455e
q1a7368e2,d1b362666
q1a7368e2,d1a73bfc2
q1a7311d0,d1a721fa0
q1a7311d0,d1b3b641e
q1a7311d0,d1b334aea
q1a7311d0,d1b38b32c
q1a7311d0,d1b34bc0e
q1a7311d0,d1b364844
q1a7311d0,d1b3a26b2
q1a7311d0,d1b3b7da0
q1a7311d0,d1b2f5688
q1a7311d0,d1b3570cc
q1a73cec2,d1b34e18e
q1a73cec2,d1b38504e
q1a73cec2,d1b391b6e
q1a73cec2,d1b355d9e
q1a73cec2,d1b3a2568
q1a73cec2,d1b2ec5ba
q1a73cec2,d1b2f208c
q1a73cec2,d1a73a62c
q1a73cec2,d1b3193e4
q1a73cec2,d1b37221e
q1a7364d2,d1a73652c
q1a7364d2,d1b3000ba
q1a7364d2,d1b37743a
q1a7364d2,d1b2f3144
q1a7364d2,d1b37f626
q1a7364d2,d1b343220
q1a7364d2,d1b30687a
q1a7364d2,d1b364b50
q1a7364d2,d1b390908
q1a7364d2,d1b33dc58
q1a71d52c,d1b397cf8
q1a71d52c,d1b3b67ac
q1a71d52c,d1b37743a
q1a71d52c,d1b359b92
q1a71d52c,d1b371ef4
q1a71d52c,d1b3884d8
q1a71d52c,d1b3aa632
q1a71d52c,d1b34c4ba
q1a71d52c,d1b371d0a
q1a71d52c,d1b39c942
q1a737c9c,d1a737d96
q1a737c9c,d1b3b712a
q1a737c9c,d1a72ad94
q1a737c9c,d1b34befc
q1a737c9c,d1b3b9038
q1a737c9c,d1b39d63a
q1a737c9c,d1b3c6bc0
q1a737c9c,d1a7326f2
q1a737c9c,d1b356758
q1a737c9c,d1b31a0d2
q1a73c74c,d1a73c7c4
q1a73c74c,d1b35446c
q1a73c74c,d1b3b353e
q1a73c74c,d1b306aa0
q1a73c74c,d1b34a598
q1a73c74c,d1a72a0ce
q1a73c74c,d1b32d7cc
q1a73c74c,d1b381688
q1a73c74c,d1a7183ce
q1a73c74c,d1b36cf58
q1a7373e6,d1b36eb0a
q1a7373e6,d1b32309c
q1a7373e6,d1b3b91b4
q1a7373e6,d1b2fa340
q1a7373e6,d1b2f23f2
q1a7373e6,d1b372840
q1a7373e6,d1b3881ae
q1a7373e6,d1b3a8bde
q1a7373e6,d1b39d63a
q1a7373e6,d1b3b1ebe
q1a71792e,d1b3aeca0
q1a71792e,d1a7179c4
q1a71792e,d1b36b4aa
q1a71792e,d1a722202
q1a71792e,d1b3441a2
q1a71792e,d1b326508
q1a71792e,d1b33959a
q1a71792e,d1b390e62
q1a71792e,d1b31236e
q1a71792e,d1b35a6c8
q1a723b5c,d1b3af34e
q1a723b5c,d1b375874
q1a723b5c,d1b3ae62e
q1a723b5c,d1b3538fa
q1a723b5c,d1a723c42
q1a723b5c,d1b36fe9c
q1a723b5c,d1b2e766e
q1a723b5c,d1b359674
q1a723b5c,d1b33ae9a
q1a723b5c,d1b32cbb0
q1a7259a2,d1b33c330
q1a7259a2,d1b324668
q1a7259a2,d1b35b668
q1a7259a2,d1b39f28c
q1a7259a2,d1a73dc6e
q1a7259a2,d1b30ce78
q1a7259a2,d1b3aea0c
q1a7259a2,d1a71b272
q1a7259a2,d1b38e284
q1a7259a2,d1a725a2e
q1a715db8,d1b3c014e
q1a715db8,d1b3bf6e0
q1a715db8,d1b3c0c84
q1a715db8,d1b3a8bde
q1a715db8,d1b373862
q1a715db8,d1b38d8b6
q1a715db8,d1b325d42
q1a715db8,d1b304e80
q1a715db8,d1b39dd06
q1a715db8,d1b382074
q1a72fb0a,d1a72fbe6
q1a72fb0a,d1b3576b2
q1a72fb0a,d1a73c530
q1a72fb0a,d1b374154
q1a72fb0a,d1b377f84
q1a72fb0a,d1b3a6fa0
q1a72fb0a,d1b2e63f4
q1a72fb0a,d1b33cd08
q1a72fb0a,d1b32a07c
q1a72fb0a,d1b2ee16c
q1a72b97e,d1b2f9698
q1a72b97e,d1b3a49c6
q1a72b97e,d1b351faa
q1a72b97e,d1a72ba82
q1a72b97e,d1b35fb64
q1a72b97e,d1b36cad0
q1a72b97e,d1b3bfd5c
q1a72b97e,d1b36ec4a
q1a72b97e,d1b381688
q1a72b97e,d1b32b094
q1a73060e,d1b3616a8
q1a73060e,d1b335206
q1a73060e,d1a714224
q1a73060e,d1b3c743a
q1a73060e,d1b383b40
q1a73060e,d1b32d916
q1a73060e,d1a72a5d8
q1a73060e,d1b3168b0
q1a73060e,d1b2fd892
q1a73060e,d1a73e6aa
q1a7408e2,d1b3712f6
q1a7408e2,d1b37e38e
q1a7408e2,d1b324adc
q1a7408e2,d1b2f0c14
q1a7408e2,d1b325ba8
q1a7408e2,d1b390d90
q1a7408e2,d1b36fa96
q1a7408e2,d1b2f7fd2
q1a7408e2,d1b391948
q1a7408e2,d1b2fc7bc
q1a7321c0,d1b378560
q1a7321c0,d1b3c2228
q1a7321c0,d1a7250b0
q1a7321c0,d1a7322b0
q1a7321c0,d1b38af94
q1a7321c0,d1b3952fa
q1a7321c0,d1b338c9e
q1a7321c0,d1b35c9dc
q1a7321c0,d1b391b6e
q1a7321c0,d1b35d6b6
q1a71add6,d1a71aebc
q1a71add6,d1b384482
q1a71add6,d1b35881e
q1a71add6,d1b32309c
q1a71add6,d1b338bcc
q1a71add6,d1b3b65b8
q1a71add6,d1b39b09c
q1a71add6,d1b3bbd7e
q1a71add6,d1b2fc7bc
q1a71add6,d1b39444a
q1a7137de,d1b3a31ca
q1a7137de,d1b39c492
q1a7137de,d1b38283a
q1a7137de,d1b3782ea
q1a7137de,d1b352c70
q1a7137de,d1b3136e2
q1a7137de,d1b33ba66
q1a7137de,d1b315f0a
q1a7137de,d1b35d1ac
q1a7137de,d1b3bfd5c
q1a731b8a,d1b322700
q1a731b8a,d1b3611a8
q1a731b8a,d1b313944
q1a731b8a,d1b30716c
q1a731b8a,d1b38878a
q1a731b8a,d1b36df98
q1a731b8a,d1b346754
q1a731b8a,d1b39dfc2
q1a731b8a,d1b364362
q1a731b8a,d1b2f9a8a
q1a722752,d1b38a3e6
q1a722752,d1b3991d4
q1a722752,d1b39b4fc
q1a722752,d1b318a5c
q1a722752,d1b328bdc
q1a722752,d1b2ffca0
q1a722752,d1b3711d4
q1a722752,d1b3a1794
q1a722752,d1b30ce78
q1a722752,d1b336d72
q1a73ce5e,d1b33b818
q1a73ce5e,d1b39cd20
q1a73ce5e,d1b39b09c
q1a73ce5e,d1b31e6b4
q1a73ce5e,d1b30c658
q1a73ce5e,d1b35aae2
q1a73ce5e,d1b369c7c
q1a73ce5e,d1b31330e
q1a73ce5e,d1b351262
q1a73ce5e,d1b30c7f2
q1a7209c0,d1a720a88
q1a7209c0,d1b3aefe8
q1a7209c0,d1b3505c4
q1a7209c0,d1b377ce6
q1a7209c0,d1b3b0582
q1a7209c0,d1b35ede0
q1a7209c0,d1b31f212
q1a7209c0,d1b398cac
q1a7209c0,d1b2ea2ec
q1a7209c0,d1b3c4b36
q1a7152b4,d1b338c9e
q1a7152b4,d1b34622c
q1a7152b4,d1a713f36
q1a7152b4,d1b314a74
q1a7152b4,d1b31bdce
q1a7152b4,d1b3274f8
q1a7152b4,d1b39fc28
q1a7152b4,d1b391b6e
q1a7152b4,d1a715322
q1a7152b4,d1b3adc10
q1a72d0c6,d1b37721e
q1a72d0c6,d1a736f40
q1a72d0c6,d1b366568
q1a72d0c6,d1a72d184
q1a72d0c6,d1b2e63f4
q1a72d0c6,d1b2fa4da
q1a72d0c6,d1b369c7c
q1a72d0c6,d1b30af92
q1a72d0c6,d1b36fb72
q1a72d0c6,d1b2ee16c
q1a736450,d1a73652c
q1a736450,d1b3bfb40
q1a736450,d1b30124e
q1a736450,d1b366126
q1a736450,d1b38dd7a
q1a736450,d1b3603a2
q1a736450,d1b3315de
q1a736450,d1b2f9698
q1a736450,d1b370c02
q1a736450,d1a72c40a
q1a72d94a,d1b369c7c
q1a72d94a,d1b387d08
q1a72d94a,d1b3aad30
q1a72d94a,d1a722c66
q1a72d94a,d1b3202c0
q1a72d94a,d1b3c460e
q1a72d94a,d1b2ef3dc
q1a72d94a,d1b32a568
q1a72d94a,d1a72d756
q1a72d94a,d1b2fa7be
q1a721c12,d1b35b7bc
q1a721c12,d1a721d34
q1a721c12,d1b36fa96
q1a721c12,d1b30f754
q1a721c12,d1b2e4978
q1a721c12,d1b32a568
q1a721c12,d1b3c40aa
q1a721c12,d1b35881e
q1a721c12,d1b3bdaa2
q1a721c12,d1b2e5468
q1a71b7ae,d1b3a9a7a
q1a71b7ae,d1a72c19e
q1a71b7ae,d1b3bf8a2
q1a71b7ae,d1b33f274
q1a71b7ae,d1b392bae
q1a71b7ae,d1b37a0d6
q1a71b7ae,d1b388e88
q1a71b7ae,d1a720542
q1a71b7ae,d1b3495da
q1a71b7ae,d1b35b7bc
q1a7151c4,d1b35493a
q1a7151c4,d1b3bdaa2
q1a7151c4,d1b338c9e
q1a7151c4,d1b34622c
q1a7151c4,d1b360794
q1a7151c4,d1a715322
q1a7151c4,d1b31f906
q1a7151c4,d1b33cd08
q1a7151c4,d1b369c7c
q1a7151c4,d1b33dec4
q1a73cb98,d1a73ccc4
q1a73cb98,d1b38d4ec
q1a73cb98,d1b31bec8
q1a73cb98,d1b32775a
q1a73cb98,d1b342c1c
q1a73cb98,d1b3ac22a
q1a73cb98,d1b3403d6
q1a73cb98,d1b34a034
q1a73cb98,d1b3925aa
q1a73cb98,d1b2e9ab8
q1a73e376,d1a73e402
q1a73e376,d1b383b40
q1a73e376,d1b355ee8
q1a73e376,d1b3c1ada
q1a73e376,d1b322912
q1a73e376,d1b378fa6
q1a73e376,d1b3ab7da
q1a73e376,d1b39fa5c
q1a73e376,d1a71a4e4
q1a73e376,d1b3c589c
q1a71de00,d1b375108
q1a71de00,d1a71df22
q1a71de00,d1a7285e4
q1a71de00,d1a73ad20
q1a71de00,d1b2e2632
q1a71de00,d1b356622
q1a71de00,d1a7233f0
q1a71de00,d1b3b7f94
q1a71de00,d1b2e55ee
q1a71de00,d1b38fe7c
q1a71bd9e,d1a71be0c
q1a71bd9e,d1b328920
q1a71bd9e,d1b34baf6
q1a71bd9e,d1b2ef814
q1a71bd9e,d1b3a9868
q1a71bd9e,d1b395eee
q1a71bd9e,d1b3c4d8e
q1a71bd9e,d1b3a590c
q1a71bd9e,d1b3a455c
q1a71bd9e,d1a740f04
q1a73249a,d1b2e5468
q1a73249a,d1a7324d6
q1a73249a,d1b3bab22
q1a73249a,d1b2e225e
q1a73249a,d1b3090a2
q1a73249a,d1b31e7a4
q1a73249a,d1b30df3a
q1a73249a,d1b2ef3dc
q1a73249a,d1b32c020
q1a73249a,d1b3164f0
q1a71e04e,d1a71e1e8
q1a71e04e,d1b3abcb2
q1a71e04e,d1a72c19e
q1a71e04e,d1b31137e
q1a71e04e,d1b2efec2
q1a71e04e,d1b388e88
q1a71e04e,d1b3a8756
q1a71e04e,d1b38d8b6
q1a71e04e,d1b371d0a
q1a71e04e,d1b3495da
q1a741db4,d1b2e373a
q1a741db4,d1b3a0556
q1a741db4,d1b3193e4
q1a741db4,d1b30c658
q1a741db4,d1a741ec2
q1a741db4,d1b32ff9a
q1a741db4,d1b338460
q1a741db4,d1b2f1524
q1a741db4,d1b3adc10
q1a741db4,d1b33d05a
q1a72e660,d1b332632
q1a72e660,d1b3a358a
q1a72e660,d1b356de8
q1a72e660,d1b31bba8
q1a72e660,d1a72e818
q1a72e660,d1b3a9868
q1a72e660,d1b3172c4
q1a72e660,d1b34fe9e
q1a72e660,d1b3b15c2
q1a72e660,d1a734402
q1a714e86,d1a714f9e
q1a714e86,d1b2ed03c
q1a714e86,d1b31f212
q1a714e86,d1b3018d4
q1a714e86,d1b36bd92
q1a714e86,d1b398f54
q1a714e86,d1a73a424
q1a714e86,d1a73ab0e
q1a714e86,d1b36abc2
q1a714e86,d1b358530
q1a7267a8,d1b385396
q1a7267a8,d1b33fcf6
q1a7267a8,d1b3a7932
q1a7267a8,d1b3c1ada
q1a7267a8,d1a726870
q1a7267a8,d1b33ce20
q1a7267a8,d1b33da8c
q1a7267a8,d1b2e5468
q1a7267a8,d1b2f539a
q1a7267a8,d1a72d756
q1a712e38,d1a73fcc6
q1a712e38,d1b344ce2
q1a712e38,d1a712ec4
q1a712e38,d1b305ef2
q1a712e38,d1b379d34
q1a712e38,d1b2eead6
q1a712e38,d1a7411b6
q1a712e38,d1b2f8694
q1a712e38,d1b37c32c
q1a712e38,d1b3789d4
q1a73f4a6,d1b3a8f4e
q1a73f4a6,d1b32fc66
q1a73f4a6,d1b2fb63c
q1a73f4a6,d1b38242a
q1a73f4a6,d1b332380
q1a73f4a6,d1b333b86
q1a73f4a6,d1b2f6ccc
q1a73f4a6,d1b394bb6
q1a73f4a6,d1b30bbfe
q1a73f4a6,d1b30928c
q1a725f2e,d1b3c4d8e
q1a725f2e,d1a722a18
q1a725f2e,d1b352572
q1a725f2e,d1b37e578
q1a725f2e,d1a734402
q1a725f2e,d1b329a00
q1a725f2e,d1b377e58
q1a725f2e,d1a725f60
q1a725f2e,d1b387d08
q1a725f2e,d1b37bddc
q1a734754,d1b3c4d8e
q1a734754,d1b3a9868
q1a734754,d1b391a42
q1a734754,d1b34adcc
q1a734754,d1b36136a
q1a734754,d1a734894
q1a734754,d1b391c4a
q1a734754,d1b2ee34c
q1a734754,d1b370540
q1a734754,d1b30755e
q1a71ebf2,d1a71ec9c
q1a71ebf2,d1b2fc51e
q1a71ebf2,d1b3c4a14
q1a71ebf2,d1b3a49c6
q1a71ebf2,d1b33f59e
q1a71ebf2,d1b342e92
q1a71ebf2,d1b3c7ed0
q1a71ebf2,d1b3ac356
q1a71ebf2,d1a73bd10
q1a71ebf2,d1b3a9692
q1a71a41c,d1b3b23be
q1a71a41c,d1b39d63a
q1a71a41c,d1b384bc6
q1a71a41c,d1b302856
q1a71a41c,d1b3797e4
q1a71a41c,d1a71a4e4
q1a71a41c,d1a7326f2
q1a71a41c,d1b33a026
q1a71a41c,d1b3b08f2
q1a71a41c,d1b2e8d98
q1a726802,d1b33fcf6
q1a726802,d1b385396
q1a726802,d1b3a7932
q1a726802,d1a726870
q1a726802,d1b3c1ada
q1a726802,d1b3c1bb6
q1a726802,d1b33ce20
q1a726802,d1b3c4d8e
q1a726802,d1b33c038
q1a726802,d1b369c7c
q1a71ef58,d1b3881ae
q1a71ef58,d1b372840
q1a71ef58,d1b3578f6
q1a71ef58,d1b35377e
q1a71ef58,d1b3a9f84
q1a71ef58,d1b33a8e6
q1a71ef58,d1b2efb8e
q1a71ef58,d1b3515fa
q1a71ef58,d1a72b046
q1a71ef58,d1b309516
q1a73b78e,d1b2f32e8
q1a73b78e,d1b35fb64
q1a73b78e,d1b374c30
q1a73b78e,d1b358efe
q1a73b78e,d1b3849b4
q1a73b78e,d1b308828
q1a73b78e,d1b31dae8
q1a73b78e,d1b3b4182
q1a73b78e,d1a7331d8
q1a73b78e,d1b343856
q1a73b1bc,d1b36b5ae
q1a73b1bc,d1a73b248
q1a73b1bc,d1b34d356
q1a73b1bc,d1b39b222
q1a73b1bc,d1b354d0e
q1a73b1bc,d1b35e70a
q1a73b1bc,d1b386b1a
q1a73b1bc,d1b37f8a6
q1a73b1bc,d1b30e908
q1a73b1bc,d1b337c7c
q1a716178,d1b3749c4
q1a716178,d1a71f2f0
q1a716178,d1b332efc
q1a716178,d1b36a532
q1a716178,d1b33a3fa
q1a716178,d1b3bf118
q1a716178,d1b338e56
q1a716178,d1b3b69d2
q1a716178,d1b3a1794
q1a716178,d1b39ed82
q1a71b51a,d1b32cade
q1a71b51a,d1b327d22
q1a71b51a,d1a720dee
q1a71b51a,d1b3a079a
q1a71b51a,d1b3673aa
q1a71b51a,d1b31330e
q1a71b51a,d1b34f5a2
q1a71b51a,d1b37f78e
q1a71b51a,d1b3c52c0
q1a71b51a,d1a7169c0
q1a73f9d8,d1a73fa6e
q1a73f9d8,d1b313dcc
q1a73f9d8,d1b31b73e
q1a73f9d8,d1b3a781a
q1a73f9d8,d1b3270fc
q1a73f9d8,d1b35a6c8
q1a73f9d8,d1b332c22
q1a73f9d8,d1b3a7ef0
q1a73f9d8,d1b326d46
q1a73f9d8,d1b369a38
q1a737396,d1b315bcc
q1a737396,d1b36001e
q1a737396,d1b318a5c
q1a737396,d1b30cca2
q1a737396,d1b32a6d0
q1a737396,d1b2f7fd2
q1a737396,d1b2f539a
q1a737396,d1b33a026
q1a737396,d1b37a7a2
q1a737396,d1b31e6b4
q1a729a84,d1b303a08
q1a729a84,d1b2ed74e
q1a729a84,d1b2ee16c
q1a729a84,d1b3b9a42
q1a729a84,d1b34134e
q1a729a84,d1a7218e8
q1a729a84,d1b39ed82
q1a729a84,d1b369c7c
q1a729a84,d1b3921e0
q1a729a84,d1b3202c0
q1a7240fc,d1a724228
q1a7240fc,d1b386822
q1a7240fc,d1a72a358
q1a7240fc,d1b346d12
q1a7240fc,d1b38716e
q1a7240fc,d1b352a18
q1a7240fc,d1b330422
q1a7240fc,d1b348586
q1a7240fc,d1b388c26
q1a7240fc,d1b39e22e
q1a721528,d1b321094
q1a721528,d1b3af100
q1a721528,d1b3c3fe2
q1a721528,d1b2e42de
q1a721528,d1b371440
q1a721528,d1b365e2e
q1a721528,d1a7309a6
q1a721528,d1b3a1e2e
q1a721528,d1b3441a2
q1a721528,d1b36b180
q1a72be9c,d1b30252c
q1a72be9c,d1b38cee8
q1a72be9c,d1b3489dc
q1a72be9c,d1a72bf32
q1a72be9c,d1b3ba7a8
q1a72be9c,d1b337c7c
q1a72be9c,d1b352572
q1a72be9c,d1b33b3e0
q1a72be9c,d1b360230
q1a72be9c,d1b375054
q1a726a50,d1a726af0
q1a726a50,d1b31b73e
q1a726a50,d1b2ff9bc
q1a726a50,d1b355ccc
q1a726a50,d1a714cd8
q1a726a50,d1b389496
q1a726a50,d1b3aeca0
q1a726a50,d1b3c1bb6
q1a726a50,d1b357bda
q1a726a50,d1b326d46
q1a73515e,d1a735294
q1a73515e,d1b3309ea
q1a73515e,d1b366bd0
q1a73515e,d1b34c74e
q1a73515e,d1b333fe6
q1a73515e,d1b2ea634
q1a73515e,d1b368d7c
q1a73515e,d1b3971fe
q1a73515e,d1b31b40a
q1a73515e,d1b2e83de
q1a71baa6,d1a71bb78
q1a71baa6,d1b3711d4
q1a71baa6,d1b33a9ea
q1a71baa6,d1b3394aa
q1a71baa6,d1b31094c
q1a71baa6,d1b336d72
q1a71baa6,d1b3a042a
q1a71baa6,d1b39b4fc
q1a71baa6,d1b39c6ea
q1a71baa6,d1b349198
q1a7224be,d1b32e28a
q1a7224be,d1b3c5a04
q1a7224be,d1a7270c2
q1a7224be,d1b386c5a
q1a7224be,d1b308d82
q1a7224be,d1b33a76a
q1a7224be,d1b2f65ce
q1a7224be,d1b34d270
q1a7224be,d1b33db86
q1a7224be,d1b3418d0
q1a716f42,d1b343856
q1a716f42,d1b37336c
q1a716f42,d1b3c4514
q1a716f42,d1b2fb63c
q1a716f42,d1b3403d6
q1a716f42,d1b36f5aa
q1a716f42,d1b38a3e6
q1a716f42,d1b31dae8
q1a716f42,d1b38ed06
q1a716f42,d1b39bad8
q1a72f07e,d1a72f100
q1a72f07e,d1b3c88b2
q1a72f07e,d1b33d05a
q1a72f07e,d1b38504e
q1a72f07e,d1b3a2568
q1a72f07e,d1b3193e4
q1a72f07e,d1b3947f6
q1a72f07e,d1b34238e
q1a72f07e,d1b2ebf84
q1a72f07e,d1b32d114
q1a7165f6,d1b32ae78
q1a7165f6,d1a7166dc
q1a7165f6,d1b34cec4
q1a7165f6,d1b3849b4
q1a7165f6,d1b3a26b2
q1a7165f6,d1b3bbb12
q1a7165f6,d1b34bc0e
q1a7165f6,d1b3b362e
q1a7165f6,d1b376fda
q1a7165f6,d1b3558a8
q1a734a2e,d1b302856
q1a734a2e,d1a734aec
q1a734a2e,d1b3bc0b2
q1a734a2e,d1b3797e4
q1a734a2e,d1b357bda
q1a734a2e,d1b37dea2
q1a734a2e,d1a71a4e4
q1a734a2e,d1b382cea
q1a734a2e,d1b338e56
q1a734a2e,d1b332efc
q1a73911e,d1b3aa24a
q1a73911e,d1a73920e
q1a73911e,d1b34baf6
q1a73911e,d1b35e62e
q1a73911e,d1b3457fa
q1a73911e,d1b34159c
q1a73911e,d1b3b3c00
q1a73911e,d1a734614
q1a73911e,d1b3aeb92
q1a73911e,d1b2f4a30
q1a7198c8,d1b34bd44
q1a7198c8,d1b33b534
q1a7198c8,d1b38c074
q1a7198c8,d1b36fa96
q1a7198c8,d1b34dca2
q1a7198c8,d1b3a52c2
q1a7198c8,d1b371ef4
q1a7198c8,d1b359ce6
q1a7198c8,d1a721d34
q1a7198c8,d1b3c2d68
q1a72778e,d1a727810
q1a72778e,d1b2f48d2
q1a72778e,d1b36bd92
q1a72778e,d1b38a7ec
q1a72778e,d1b2f364e
q1a72778e,d1b369218
q1a72778e,d1b3492f6
q1a72778e,d1b358008
q1a72778e,d1b358530
q1a72778e,d1a714f9e
q1a7219f6,d1b324bcc
q1a7219f6,d1a721b22
q1a7219f6,d1b38a148
q1a7219f6,d1b37b562
q1a7219f6,d1a737b0c
q1a7219f6,d1b3b46be
q1a7219f6,d1b3b9614
q1a7219f6,d1b34e97c
q1a7219f6,d1b306456
q1a7219f6,d1b31ce72
q1a72c9b4,d1b372c46
q1a72c9b4,d1b30b5d2
q1a72c9b4,d1b357d56
q1a72c9b4,d1b303f6c
q1a72c9b4,d1a72cac2
q1a72c9b4,d1b36c6de
q1a72c9b4,d1b30b0a0
q1a72c9b4,d1b32a568
q1a72c9b4,d1b316f0e
q1a72c9b4,d1a71f7d2
q1a741b20,d1b3aa1a0
q1a741b20,d1a71df22
q1a741b20,d1a741bd4
q1a741b20,d1b38716e
q1a741b20,d1b2e55ee
q1a741b20,d1b37e47e
q1a741b20,d1b38fe7c
q1a741b20,d1b2e87c6
q1a741b20,d1b3a59ca
q1a741b20,d1b39034a
q1a71b16e,d1b3150c8
q1a71b16e,d1a71b272
q1a71b16e,d1b375054
q1a71b16e,d1a734894
q1a71b16e,d1b3c6152
q1a71b16e,d1b38346a
q1a71b16e,d1b3b353e
q1a71b16e,d1b357d56
q1a71b16e,d1a722f4a
q1a71b16e,d1b34f9ee
q1a737a1c,d1a734402
q1a737a1c,d1b36f4e2
q1a737a1c,d1b3ba7a8
q1a737a1c,d1b38224a
q1a737a1c,d1b38716e
q1a737a1c,d1b2e225e
q1a737a1c,d1b30df3a
q1a737a1c,d1b369c7c
q1a737a1c,d1b2e4072
q1a737a1c,d1b35eb9c
q1a725c36,d1a725d26
q1a725c36,d1b3a1e2e
q1a725c36,d1b2f2c94
q1a725c36,d1b30f236
q1a725c36,d1a7309a6
q1a725c36,d1a71b272
q1a725c36,d1b38b0de
q1a725c36,d1b349b3e
q1a725c36,d1b34da5e
q1a725c36,d1b375054
q1a73fa3c,d1a726af0
q1a73fa3c,d1b326d46
q1a73fa3c,d1b3c3fe2
q1a73fa3c,d1b357bda
q1a73fa3c,d1a723a30
q1a73fa3c,d1b355ccc
q1a73fa3c,d1b344bb6
q1a73fa3c,d1b3c1bb6
q1a73fa3c,d1b36b180
q1a73fa3c,d1b32c020
q1a71575a,d1b396510
q1a71575a,d1b2f3a5e
q1a71575a,d1b389a04
q1a71575a,d1b377e58
q1a71575a,d1b35243c
q1a71575a,d1b35881e
q1a71575a,d1a72c798
q1a71575a,d1b3b229c
q1a71575a,d1b323c72
q1a71575a,d1a738d04
q1a72fb64,d1b2e7a06
q1a72fb64,d1b38ffda
q1a72fb64,d1b3694d4
q1a72fb64,d1b3881ae
q1a72fb64,d1a71f7d2
q1a72fb64,d1b3b2c2e
q1a72fb64,d1b372840
q1a72fb64,d1b33126e
q1a72fb64,d1b3a9f84
q1a72fb64,d1b3503e4
q1a7232ba,d1a7233f0
q1a7232ba,d1b2e2632
q1a7232ba,d1b3a8990
q1a7232ba,d1b375108
q1a7232ba,d1a71df22
q1a7232ba,d1b337970
q1a7232ba,d1b349954
q1a7232ba,d1b35b096
q1a7232ba,d1b356622
q1a7232ba,d1b34a598
q1a72317a,d1b3c5540
q1a72317a,d1b3b7e86
q1a72317a,d1b38d1cc
q1a72317a,d1a7231d4
q1a72317a,d1b398126
q1a72317a,d1a71e47c
q1a72317a,d1b38878a
q1a72317a,d1b32002c
q1a72317a,d1b32f36a
q1a72317a,d1b395822
q1a73d12e,d1a73d19c
q1a73d12e,d1a721d34
q1a73d12e,d1b313eda
q1a73d12e,d1b329e9c
q1a73d12e,d1b310dde
q1a73d12e,d1b3994cc
q1a73d12e,d1b36d638
q1a73d12e,d1b3beeca
q1a73d12e,d1b32309c
q1a73d12e,d1b32a568
q1a721ab4,d1b324bcc
q1a721ab4,d1a721b22
q1a721ab4,d1b38a148
q1a721ab4,d1b37b562
q1a721ab4,d1b31d46c
q1a721ab4,d1b3c3fe2
q1a721ab4,d1b31ce72
q1a721ab4,d1b387d08
q1a721ab4,d1b357bda
q1a721ab4,d1b38522e
q1a738714,d1a738764
q1a738714,d1b34e72e
q1a738714,d1a7155e8
q1a738714,d1b3c41c2
q1a738714,d1b33d4b0
q1a738714,d1b332ace
q1a738714,d1b35b7bc
q1a738714,d1b362116
q1a738714,d1b365190
q1a738714,d1b39f78c
q1a733a20,d1b3bdcf0
q1a733a20,d1b379906
q1a733a20,d1a73e402
q1a733a20,d1b30d0f8
q1a733a20,d1b30842c
q1a733a20,d1b373150
q1a733a20,d1b3af100
q1a733a20,d1b3ab7da
q1a733a20,d1b32a6d0
q1a733a20,d1b3aeca0
q1a73a514,d1a73a62c
q1a73a514,d1b360794
q1a73a514,d1b37221e
q1a73a514,d1a72f100
q1a73a514,d1b33d05a
q1a73a514,d1b376cb0
q1a73a514,d1b378560
q1a73a514,d1b391b6e
q1a73a514,d1b3542a0
q1a73a514,d1b3b55fa
q1a726712,d1b33fcf6
q1a726712,d1a726870
q1a726712,d1b385396
q1a726712,d1b384572
q1a726712,d1b33b16a
q1a726712,d1b3453e0
q1a726712,d1a7384c6
q1a726712,d1b3b46be
q1a726712,d1b3c1ada
q1a726712,d1b339a5e
q1a732e2c,d1b335116
q1a732e2c,d1b32863c
q1a732e2c,d1b35e8ea
q1a732e2c,d1a741756
q1a732e2c,d1b3ad8aa
q1a732e2c,d1b3a3652
q1a732e2c,d1b33472a
q1a732e2c,d1b3b3926
q1a732e2c,d1b3bfe6a
q1a732e2c,d1b30a074
q1a73d3c2,d1a73d426
q1a73d3c2,d1b3179a4
q1a73d3c2,d1b376800
q1a73d3c2,d1b2eb728
q1a73d3c2,d1a72ad94
q1a73d3c2,d1b37b6c0
q1a73d3c2,d1b3b3336
q1a73d3c2,d1b3c7a70
q1a73d3c2,d1b33f95e
q1a73d3c2,d1b3b50be
q1a719378,d1b336fb6
q1a719378,d1b38920c
q1a719378,d1b351bc2
q1a719378,d1b3505c4
q1a719378,d1b35c9dc
q1a719378,d1a720a88
q1a719378,d1b364542
q1a719378,d1b3aefe8
q1a719378,d1b3a863e
q1a719378,d1a719490
q1a73fc26,d1a73fcc6
q1a73fc26,d1a712ec4
q1a73fc26,d1b37c32c
q1a73fc26,d1b379d34
q1a73fc26,d1b344ce2
q1a73fc26,d1b305ef2
q1a73fc26,d1b363192
q1a73fc26,d1b2eead6
q1a73fc26,d1a7411b6
q1a73fc26,d1b34c1cc
q1a7117ae,d1b360230
q1a7117ae,d1b38cee8
q1a7117ae,d1b3489dc
q1a7117ae,d1a72bf32
q1a7117ae,d1b3affd8
q1a7117ae,d1b352572
q1a7117ae,d1b30964c
q1a7117ae,d1b2f6e52
q1a7117ae,d1b30252c
q1a7117ae,d1a7118d0
q1a721852,d1a7218e8
q1a721852,d1b3749c4
q1a721852,d1b369c7c
q1a721852,d1b3862b4
q1a721852,d1b3797e4
q1a721852,d1b364ee8
q1a721852,d1a72d756
q1a721852,d1a727b8a
q1a721852,d1b34fc64
q1a721852,d1b2f539a
q1a71721c,d1a71726c
q1a71721c,d1b337542
q1a71721c,d1b326814
q1a71721c,d1b388c26
q1a71721c,d1b347e60
q1a71721c,d1b32bcd8
q1a71721c,d1b332d58
q1a71721c,d1b36d8ae
q1a71721c,d1b2f421a
q1a71721c,d1b30ad1c
q1a73f21c,d1a73f2c6
q1a73f21c,d1b3278c2
q1a73f21c,d1b352572
q1a73f21c,d1a734402
q1a73f21c,d1b3c4d8e
q1a73f21c,d1b391a42
q1a73f21c,d1a722a18
q1a73f21c,d1b33198a
q1a73f21c,d1b369e02
q1a73f21c,d1b33b3e0
q1a715a3e,d1b3a863e
q1a715a3e,d1b393784
q1a715a3e,d1b3aefe8
q1a715a3e,d1b3922ee
q1a715a3e,d1b3bdf66
q1a715a3e,d1b3b0582
q1a715a3e,d1b3a0c72
q1a715a3e,d1b347e60
q1a715a3e,d1b31a370
q1a715a3e,d1a720a88
q1a73fee2,d1a73ffe6
q1a73fee2,d1b3b5ad2
q1a73fee2,d1b359a84
q1a73fee2,d1b2efa6c
q1a73fee2,d1b3443e6
q1a73fee2,d1b3a5b00
q1a73fee2,d1b3739ca
q1a73fee2,d1b32921c
q1a73fee2,d1b370068
q1a73fee2,d1b3ba9b0
q1a72ecdc,d1b3b8660
q1a72ecdc,d1b3a9962
q1a72ecdc,d1b30c9a0
q1a72ecdc,d1b397320
q1a72ecdc,d1b39b4fc
q1a72ecdc,d1b3780ba
q1a72ecdc,d1b3b7382
q1a72ecdc,d1b31c670
q1a72ecdc,d1b377714
q1a72ecdc,d1b38242a
q1a729408,d1b3280ce
q1a729408,d1a72949e
q1a729408,d1b3b7f94
q1a729408,d1b2e96b2
q1a729408,d1b384bc6
q1a729408,d1b3ba1fe
q1a729408,d1b3bf532
q1a729408,d1b3a6596
q1a729408,d1b33a026
q1a729408,d1b3931c6
q1a7220e0,d1b354d0e
q1a7220e0,d1b39b222
q1a7220e0,d1a722202
q1a7220e0,d1b386b1a
q1a7220e0,d1b35e70a
q1a7220e0,d1a73b248
q1a7220e0,d1b36b5ae
q1a7220e0,d1b3affd8
q1a7220e0,d1b35ea48
q1a7220e0,d1b337c7c
q1a73eba0,d1b39417a
q1a73eba0,d1b3345c2
q1a73eba0,d1b3bf28a
q1a73eba0,d1b30f8da
q1a73eba0,d1b3c11c0
q1a73eba0,d1b3af812
q1a73eba0,d1b3a6fa0
q1a73eba0,d1a73ec0e
q1a73eba0,d1b3576b2
q1a73eba0,d1b2ff9bc
q1a7126e0,d1a7127d0
q1a7126e0,d1b357d56
q1a7126e0,d1b3a75ea
q1a7126e0,d1b343a22
q1a7126e0,d1a71f7d2
q1a7126e0,d1b377142
q1a7126e0,d1b3aaa1a
q1a7126e0,d1b2fbe34
q1a7126e0,d1a73dc6e
q1a7126e0,d1b304b42
q1a72eb60,d1b356866
q1a72eb60,d1b38c1b4
q1a72eb60,d1b394bb6
q1a72eb60,d1b3125e4
q1a72eb60,d1b382998
q1a72eb60,d1b34d0fe
q1a72eb60,d1b3b7382
q1a72eb60,d1b3975be
q1a72eb60,d1b2f8c2a
q1a72eb60,d1b38242a
q1a719346,d1b32e3fc
q1a719346,d1a719490
q1a719346,d1b36abc2
q1a719346,d1a73ab0e
q1a719346,d1b30a074
q1a719346,d1b3a3652
q1a719346,d1b398f54
q1a719346,d1b32bf12
q1a719346,d1b368d7c
q1a719346,d1b34c74e
q1a71ab1a,d1a71ac1e
q1a71ab1a,d1b366ce8
q1a71ab1a,d1b2e7cb8
q1a71ab1a,d1b34db9e
q1a71ab1a,d1b35b99c
q1a71ab1a,d1b31ad02
q1a71ab1a,d1b3b92ea
q1a71ab1a,d1b34107e
q1a71ab1a,d1b395eee
q1a71ab1a,d1b36abc2
q1a73763e,d1a7376e8
q1a73763e,d1a71e47c
q1a73763e,d1b359f5c
q1a73763e,d1b32002c
q1a73763e,d1b3ba6ae
q1a73763e,d1b3c5540
q1a73763e,d1b38d1cc
q1a73763e,d1b36ba22
q1a73763e,d1b398126
q1a73763e,d1a7231d4
q1a71b8da,d1a71b952
q1a71b8da,d1b3a9a7a
q1a71b8da,d1b36fa96
q1a71b8da,d1a740c66
q1a71b8da,d1b39ed82
q1a71b8da,d1a72c19e
q1a71b8da,d1b35881e
q1a71b8da,d1a71e1e8
q1a71b8da,d1b3bb81a
q1a71b8da,d1b3abcb2
q1a7395ce,d1b3b7382
q1a7395ce,d1b3a81f2
q1a7395ce,d1b3c160c
q1a7395ce,d1a725f60
q1a7395ce,d1a739632
q1a7395ce,d1a715854
q1a7395ce,d1b2f4a30
q1a7395ce,d1b3780ba
q1a7395ce,d1b356866
q1a7395ce,d1b3b8660
q1a739af6,d1a739b32
q1a739af6,d1b35bf96
q1a739af6,d1b3610c2
q1a739af6,d1b36803e
q1a739af6,d1b2e74c0
q1a739af6,d1a72d99a
q1a739af6,d1b3aa42a
q1a739af6,d1b37640e
q1a739af6,d1b389b4e
q1a739af6,d1b3b7da0
q1a737990,d1b391e34
q1a737990,d1b2e4072
q1a737990,d1b30eaca
q1a737990,d1b365320
q1a737990,d1a7131e4
q1a737990,d1b369f60
q1a737990,d1b384572
q1a737990,d1b32c854
q1a737990,d1b3b1ebe
q1a737990,d1b339a5e
q1a739fec,d1b3862b4
q1a739fec,d1a726af0
q1a739fec,d1b330e7c
q1a739fec,d1b30d0f8
q1a739fec,d1a72d756
q1a739fec,d1b39ca32
q1a739fec,d1b3c7cfa
q1a739fec,d1b355ccc
q1a739fec,d1b3408c2
q1a739fec,d1b37aaf4
q1a71de64,d1b3aa1a0
q1a71de64,d1a71df22
q1a71de64,d1a741bd4
q1a71de64,d1b37e47e
q1a71de64,d1b2e55ee
q1a71de64,d1b38716e
q1a71de64,d1b36ed08
q1a71de64,d1b2e87c6
q1a71de64,d1b2e2632
q1a71de64,d1b39034a
q1a728bb6,d1b3b0712
q1a728bb6,d1a728c1a
q1a728bb6,d1b371440
q1a728bb6,d1b3739ca
q1a728bb6,d1b342c1c
q1a728bb6,d1b3c3fe2
q1a728bb6,d1b30d0f8
q1a728bb6,d1b349954
q1a728bb6,d1b312dd2
q1a728bb6,d1b3862b4
q1a71ae08,d1a71aebc
q1a71ae08,d1b2fc7bc
q1a71ae08,d1b3b65b8
q1a71ae08,d1b329e9c
q1a71ae08,d1b338bcc
q1a71ae08,d1b34aebc
q1a71ae08,d1b393f5e
q1a71ae08,d1b3abcb2
q1a71ae08,d1b372106
q1a71ae08,d1b35b7bc
q1a729b06,d1a729b42
q1a729b06,d1b3202c0
q1a729b06,d1b31f906
q1a729b06,d1b35b7bc
q1a729b06,d1b389a04
q1a729b06,d1a736f40
q1a729b06,d1b3a2e78
q1a729b06,d1b30af92
q1a729b06,d1b3a6596
q1a729b06,d1b314bc8
q1a738c64,d1b3c3056
q1a738c64,d1b3bf6e0
q1a738c64,d1a73a62c
q1a738c64,d1b38c812
q1a738c64,d1b37188c
q1a738c64,d1b341a38
q1a738c64,d1b325a7c
q1a738c64,d1b3afaba
q1a738c64,d1b339c52
q1a738c64,d1b31bba8
q1a741e68,d1a741ec2
q1a741e68,d1b3a0556
q1a741e68,d1b33d05a
q1a741e68,d1b3193e4
q1a741e68,d1b3947f6
q1a741e68,d1b3a6d3e
q1a741e68,d1b342942
q1a741e68,d1b385a12
q1a741e68,d1b34e18e
q1a741e68,d1a71a9bc
q1a71aba6,d1a71ac1e
q1a71aba6,d1b35f150
q1a71aba6,d1b2e9086
q1a71aba6,d1a71cca8
q1a71aba6,d1b3b3c00
q1a71aba6,d1b3b0d3e
q1a71aba6,d1b367134
q1a71aba6,d1b378b82
q1a71aba6,d1b36f99c
q1a71aba6,d1b337dbc
q1a7114b6,d1b350f2e
q1a7114b6,d1b32309c
q1a7114b6,d1b36eb0a
q1a7114b6,d1b391812
q1a7114b6,d1b35e1e2
q1a7114b6,d1b3b91b4
q1a7114b6,d1b33347e
q1a7114b6,d1b3354cc
q1a7114b6,d1a711510
q1a7114b6,d1b3acd6a
q1a738c96,d1b3078b0
q1a738c96,d1b3a02e0
q1a738c96,d1b32f496
q1a738c96,d1b3a009c
q1a738c96,d1b39690c
q1a738c96,d1b320716
q1a738c96,d1b35dfda
q1a738c96,d1b37e802
q1a738c96,d1b377e58
q1a738c96,d1b3991d4
q1a71f3ea,d1a71f534
q1a71f3ea,d1b3ab668
q1a71f3ea,d1b3797e4
q1a71f3ea,d1b357bda
q1a71f3ea,d1b36a6ae
q1a71f3ea,d1a7218e8
q1a71f3ea,d1b2fda22
q1a71f3ea,d1b36c60c
q1a71f3ea,d1b356de8
q1a71f3ea,d1a71a4e4
q1a71c046,d1a71c082
q1a71c046,d1b3af9ca
q1a71c046,d1b3757ac
q1a71c046,d1b3183d6
q1a71c046,d1b3c1bb6
q1a71c046,d1b380814
q1a71c046,d1a73d426
q1a71c046,d1b3b712a
q1a71c046,d1a731ff4
q1a71c046,d1b30d0f8
q1a73ed9e,d1b3bd98a
q1a73ed9e,d1a73ee34
q1a73ed9e,d1b39967a
q1a73ed9e,d1b341f9c
q1a73ed9e,d1a73e9d4
q1a73ed9e,d1b368b9c
q1a73ed9e,d1b332740
q1a73ed9e,d1b3202c0
q1a73ed9e,d1b3aa6fa
q1a73ed9e,d1b3274f8
q1a713df6,d1a713f36
q1a713df6,d1b34e18e
q1a713df6,d1b3306a2
q1a713df6,d1b37221e
q1a713df6,d1b3a0c72
q1a713df6,d1b3952fa
q1a713df6,d1b3086e8
q1a713df6,d1b35ce14
q1a713df6,d1b32863c
q1a713df6,d1b373f4c
q1a74040a,d1b32fb4e
q1a74040a,d1b390a2a
q1a74040a,d1b310cd0
q1a74040a,d1b3a3288
q1a74040a,d1b377e58
q1a74040a,d1b2f3a5e
q1a74040a,d1a711510
q1a74040a,d1a740464
q1a74040a,d1b3b229c
q1a74040a,d1b3022fc
q1a72aefc,d1a72b046
q1a72aefc,d1b3c2944
q1a72aefc,d1b373862
q1a72aefc,d1a73f564
q1a72aefc,d1b385eae
q1a72aefc,d1b38049a
q1a72aefc,d1b34d270
q1a72aefc,d1b378880
q1a72aefc,d1b2e9950
q1a72aefc,d1b309516
q1a716eb6,d1b35db98
q1a716eb6,d1a717032
q1a716eb6,d1b346c22
q1a716eb6,d1b3b3ea8
q1a716eb6,d1b372476
q1a716eb6,d1b2ed4ba
q1a716eb6,d1b35a416
q1a716eb6,d1a7237ce
q1a716eb6,d1b2fd234
q1a716eb6,d1b2ee676
q1a7293d6,d1b3280ce
q1a7293d6,d1a72949e
q1a7293d6,d1b3b7f94
q1a7293d6,d1b2e96b2
q1a7293d6,d1b3bf532
q1a7293d6,d1b31f42e
q1a7293d6,d1a7218e8
q1a7293d6,d1b331c50
q1a7293d6,d1b3c6bc0
q1a7293d6,d1b3ba1fe
q1a724ba6,d1b364a7e
q1a724ba6,d1b318a5c
q1a724ba6,d1b377e58
q1a724ba6,d1b38464e
q1a724ba6,d1b3805b2
q1a724ba6,d1b32fb4e
q1a724ba6,d1b3b762a
q1a724ba6,d1b32cade
q1a724ba6,d1b35cb8a
q1a724ba6,d1b3b229c
q1a721cc6,d1b3bf8a2
q1a721cc6,d1b3c0eaa
q1a721cc6,d1b32a568
q1a721cc6,d1b2ff73c
q1a721cc6,d1b392bae
q1a721cc6,d1b3a8756
q1a721cc6,d1b3a9a7a
q1a721cc6,d1a71e1e8
q1a721cc6,d1b3abcb2
q1a721cc6,d1b31137e
q1a715a0c,d1b3974ce
q1a715a0c,d1b341a38
q1a715a0c,d1b3946fc
q1a715a0c,d1b3963b2
q1a715a0c,d1b38897e
q1a715a0c,d1b3ad8aa
q1a715a0c,d1b3b3926
q1a715a0c,d1b3aafce
q1a715a0c,d1b375b44
q1a715a0c,d1b32863c
q1a7361e4,d1b36b7fc
q1a7361e4,d1b398a04
q1a7361e4,d1b3134f8
q1a7361e4,d1b3ba096
q1a7361e4,d1b346902
q1a7361e4,d1b3b2760
q1a7361e4,d1b349f26
q1a7361e4,d1b309750
q1a7361e4,d1b2eead6
q1a7361e4,d1b3554b6
q1a740856,d1b31ae60
q1a740856,d1b391948
q1a740856,d1b35d7ce
q1a740856,d1b359e3a
q1a740856,d1b352c70
q1a740856,d1b313eda
q1a740856,d1b36cad0
q1a740856,d1a73b824
q1a740856,d1b358fda
q1a740856,d1a71d310
q1a72d648,d1a72d756
q1a72d648,d1b3bccba
q1a72d648,d1b387d08
q1a72d648,d1b363a48
q1a72d648,d1b2ef3dc
q1a72d648,d1a7179c4
q1a72d648,d1b39b2d6
q1a72d648,d1b35a6c8
q1a72d648,d1b2ec434
q1a72d648,d1a728c1a
q1a7117e0,d1a722202
q1a7117e0,d1b354d0e
q1a7117e0,d1b35e70a
q1a7117e0,d1b36b5ae
q1a7117e0,d1b3affd8
q1a7117e0,d1b39b222
q1a7117e0,d1b386b1a
q1a7117e0,d1a722a18
q1a7117e0,d1b35ea48
q1a7117e0,d1a73b248
q1a73e90c,d1b2f0e94
q1a73e90c,d1b3c5702
q1a73e90c,d1a73c530
q1a73e90c,d1b3be84e
q1a73e90c,d1b3af812
q1a73e90c,d1b2ee16c
q1a73e90c,d1b3aad30
q1a73e90c,d1b388ac8
q1a73e90c,d1b3bacc6
q1a73e90c,d1b37721e
q1a7264e2,d1a716c9a
q1a7264e2,d1b3babf4
q1a7264e2,d1a719184
q1a7264e2,d1b329dc0
q1a7264e2,d1b36cd96
q1a7264e2,d1b3af34e
q1a7264e2,d1b3259b4
q1a7264e2,d1b375874
q1a7264e2,d1b35aae2
q1a7264e2,d1b3ae62e
q1a725ed4,d1a725f60
q1a725ed4,d1b3975be
q1a725ed4,d1b386822
q1a725ed4,d1b377714
q1a725ed4,d1b382998
q1a725ed4,d1b33a1de
q1a725ed4,d1b3bff82
q1a725ed4,d1b3bdaa2
q1a725ed4,d1b380724
q1a725ed4,d1b38716e
q1a733160,d1a7331d8
q1a733160,d1b2f27da
q1a733160,d1b3ad8aa
q1a733160,d1b36a2ee
q1a733160,d1b2f4e5e
q1a733160,d1b3aafce
q1a733160,d1b341a38
q1a733160,d1b39a084
q1a733160,d1b32863c
q1a733160,d1b3c06da
q1a720a1a,d1b3a0c72
q1a720a1a,d1b3c874a
q1a720a1a,d1b3c4b36
q1a720a1a,d1b3bdf66
q1a720a1a,d1b3aefe8
q1a720a1a,d1b336fb6
q1a720a1a,d1b3922ee
q1a720a1a,d1b393784
q1a720a1a,d1b2fcb7c
q1a720a1a,d1b364542
q1a729322,d1a72949e
q1a729322,d1b388c26
q1a729322,d1b36c53a
q1a729322,d1b326814
q1a729322,d1b32002c
q1a729322,d1b35cb8a
q1a729322,d1b347b86
q1a729322,d1a71726c
q1a729322,d1b359f5c
q1a729322,d1b36ba22
q1a71f67e,d1b30b5d2
q1a71f67e,d1b303f6c
q1a71f67e,d1b30b0a0
q1a71f67e,d1b316f0e
q1a71f67e,d1b32a568
q1a71f67e,d1a71f7d2
q1a71f67e,d1b36c6de
q1a71f67e,d1b3878a8
q1a71f67e,d1b30b4b0
q1a71f67e,d1b33d28a
q1a71fdb8,d1a71febc
q1a71fdb8,d1b2f1524
q1a71fdb8,d1b3597d2
q1a71fdb8,d1b3b623e
q1a71fdb8,d1b3662d4
q1a71fdb8,d1b32f824
q1a71fdb8,d1b39616e
q1a71fdb8,d1b37937a
q1a71fdb8,d1b3769fe
q1a71fdb8,d1b2f4fc6
q1a72c9e6,d1b372c46
q1a72c9e6,d1b30b0a0
q1a72c9e6,d1b316f0e
q1a72c9e6,d1a72cac2
q1a72c9e6,d1b3a9a7a
q1a72c9e6,d1b32a568
q1a72c9e6,d1b36c6de
q1a72c9e6,d1b3c36a0
q1a72c9e6,d1b357d56
q1a72c9e6,d1b30b5d2
q1a724e26,d1b384482
q1a724e26,d1b3abcb2
q1a724e26,d1b35881e
q1a724e26,d1b3a7932
q1a724e26,d1b2fc7bc
q1a724e26,d1b3a9a7a
q1a724e26,d1b36fa96
q1a724e26,d1b35b7bc
q1a724e26,d1a72c19e
q1a724e26,d1b2f345a
q1a720740,d1a72083a
q1a720740,d1b309df4
q1a720740,d1b3220e8
q1a720740,d1b34be20
q1a720740,d1b393522
q1a720740,d1b315816
q1a720740,d1a72ccde
q1a720740,d1b36ee3e
q1a720740,d1b3278c2
q1a720740,d1b3300b2
q1a72efd4,d1b3b1ebe
q1a72efd4,d1b33d3ca
q1a72efd4,d1b3554b6
q1a72efd4,d1b2f19b6
q1a72efd4,d1b349f26
q1a72efd4,d1b339a5e
q1a72efd4,d1b2fe102
q1a72efd4,d1b351974
q1a72efd4,d1b3c1bb6
q1a72efd4,d1b369f60
q1a741e0e,d1a741ec2
q1a741e0e,d1b342942
q1a741e0e,d1b3193e4
q1a741e0e,d1b33d05a
q1a741e0e,d1b30c658
q1a741e0e,d1b2f208c
q1a741e0e,d1b35c9dc
q1a741e0e,d1b39b79a
q1a741e0e,d1b32d114
q1a741e0e,d1b303e86
q1a7121fe,d1b336c6e
q1a7121fe,d1b3947f6
q1a7121fe,d1b3ba3c0
q1a7121fe,d1b3a2568
q1a7121fe,d1b34238e
q1a7121fe,d1b38bd54
q1a7121fe,d1b39576e
q1a7121fe,d1b34d45a
q1a7121fe,d1b34e18e
q1a7121fe,d1b36065e
q1a72ec28,d1b397320
q1a72ec28,d1b3780ba
q1a72ec28,d1b31b176
q1a72ec28,d1b2ed62c
q1a72ec28,d1b3b8660
q1a72ec28,d1b3a9962
q1a72ec28,d1b377714
q1a72ec28,d1b351cbc
q1a72ec28,d1b39b150
q1a72ec28,d1a725f60
q1a73bee6,d1a73bfc2
q1a73bee6,d1b36fe9c
q1a73bee6,d1b30812a
q1a73bee6,d1b31330e
q1a73bee6,d1a7310a4
q1a73bee6,d1a71f084
q1a73bee6,d1b36f398
q1a73bee6,d1b35f4b6
q1a73bee6,d1b34b240
q1a73bee6,d1b364a7e
q1a737670,d1a7376e8
q1a737670,d1a71e47c
q1a737670,d1b32002c
q1a737670,d1b3c5540
q1a737670,d1a7231d4
q1a737670,d1b38d1cc
q1a737670,d1b359f5c
q1a737670,d1b37c6ce
q1a737670,d1b34fe9e
q1a737670,d1b3ba6ae
q1a740bee,d1b36fa96
q1a740bee,d1b359ce6
q1a740bee,d1b3c0eaa
q1a740bee,d1b371d0a
q1a740bee,d1b33b534
q1a740bee,d1b3a9174
q1a740bee,d1b34bd44
q1a740bee,d1b38c074
q1a740bee,d1b3c2d68
q1a740bee,d1b3abcb2
q1a714c4c,d1a714cd8
q1a714c4c,d1b39336a
q1a714c4c,d1b321094
q1a714c4c,d1b2e42de
q1a714c4c,d1b350100
q1a714c4c,d1b30edb8
q1a714c4c,d1b31b73e
q1a714c4c,d1b389496
q1a714c4c,d1b3c7a70
q1a714c4c,d1b313dcc
q1a73db7e,d1b340732
q1a73db7e,d1b385576
q1a73db7e,d1b356de8
q1a73db7e,d1b3aeeda
q1a73db7e,d1b3703ba
q1a73db7e,d1b377142
q1a73db7e,d1b3aaa1a
q1a73db7e,d1b387c0e
q1a73db7e,d1b30d0f8
q1a73db7e,d1b396074
q1a72b65e,d1b3c874a
q1a72b65e,d1b327fa2
q1a72b65e,d1b35ce14
q1a72b65e,d1a73ba68
q1a72b65e,d1a72b690
q1a72b65e,d1b3a0c72
q1a72b65e,d1b336fb6
q1a72b65e,d1b32bf12
q1a72b65e,d1a73f046
q1a72b65e,d1b324532
q1a71f25a,d1a71f2f0
q1a71f25a,d1b3879b6
q1a71f25a,d1b312dd2
q1a71f25a,d1b36a532
q1a71f25a,d1b36a6ae
q1a71f25a,d1a71a4e4
q1a71f25a,d1b389e46
q1a71f25a,d1a731a4a
q1a71f25a,d1b3a781a
q1a71f25a,d1b39f048
q1a717168,d1a71726c
q1a717168,d1b322e9e
q1a717168,d1b2eab2a
q1a717168,d1b3be51a
q1a717168,d1b35da30
q1a717168,d1b31aa78
q1a717168,d1b30ad1c
q1a717168,d1a739632
q1a717168,d1b388c26
q1a717168,d1b346d12
q1a73b216,d1b369c7c
q1a73b216,d1a727b8a
q1a73b216,d1b31a0d2
q1a73b216,d1b33f3be
q1a73b216,d1b3c1bb6
q1a73b216,d1b387d08
q1a73b216,d1b32c020
q1a73b216,d1a72d756
q1a73b216,d1a723a30
q1a73b216,d1b2ef3dc
q1a722112,d1b345d9a
q1a722112,d1b354d0e
q1a722112,d1a722202
q1a722112,d1b39b222
q1a722112,d1b36b5ae
q1a722112,d1b3affd8
q1a722112,d1b2f6ccc
q1a722112,d1b35e70a
q1a722112,d1b386b1a
q1a722112,d1a722a18
q1a73af96,d1b33207e
q1a73af96,d1b3b8c3c
q1a73af96,d1b393f5e
q1a73af96,d1b382eac
q1a73af96,d1b380d82
q1a73af96,d1a711c7c
q1a73af96,d1b2fa340
q1a73af96,d1b373862
q1a73af96,d1b3bf6e0
q1a73af96,d1b3c3056
q1a71ba4c,d1a71bb78
q1a71ba4c,d1b3711d4
q1a71ba4c,d1b336d72
q1a71ba4c,d1b33a9ea
q1a71ba4c,d1b39b4fc
q1a71ba4c,d1b3394aa
q1a71ba4c,d1b3a4ea8
q1a71ba4c,d1b35eeda
q1a71ba4c,d1b3a042a
q1a71ba4c,d1b31094c
q1a73c6ca,d1a73c7c4
q1a73c6ca,d1b35446c
q1a73c6ca,d1b3b353e
q1a73c6ca,d1b306aa0
q1a73c6ca,d1b34a598
q1a73c6ca,d1b36cf58
q1a73c6ca,d1a72a0ce
q1a73c6ca,d1b32d7cc
q1a73c6ca,d1b349954
q1a73c6ca,d1a7183ce
q1a72964c,d1a7296ba
q1a72964c,d1b310168
q1a72964c,d1b391948
q1a72964c,d1b36e1dc
q1a72964c,d1b30cca2
q1a72964c,d1b38b71e
q1a72964c,d1b3061a4
q1a72964c,d1b3c0586
q1a72964c,d1b30388c
q1a72964c,d1b2f066a
q1a71bf92,d1a71c082
q1a71bf92,d1a737d96
q1a71bf92,d1b337a92
q1a71bf92,d1b3183d6
q1a71bf92,d1b354372
q1a71bf92,d1b3b50be
q1a71bf92,d1b34f3a4
q1a71bf92,d1b3c1bb6
q1a71bf92,d1b3af9ca
q1a71bf92,d1b31b73e
q1a736e14,d1a736f40
q1a736e14,d1b3b3c00
q1a736e14,d1a740f04
q1a736e14,d1b328bdc
q1a736e14,d1b3a3fbc
q1a736e14,d1b395eee
q1a736e14,d1b3457fa
q1a736e14,d1b2f8856
q1a736e14,d1b3a590c
q1a736e14,d1b35b99c
q1a735258,d1b3a8756
q1a735258,d1a735294
q1a735258,d1b3970fa
q1a735258,d1b38404a
q1a735258,d1a73cf94
q1a735258,d1b34e18e
q1a735258,d1b33ea2c
q1a735258,d1b2f4418
q1a735258,d1b384482
q1a735258,d1b30f754
q1a713ac2,d1b392abe
q1a713ac2,d1b3c2bce
q1a713ac2,d1b3b92ea
q1a713ac2,d1b2e83de
q1a713ac2,d1a715a70
q1a713ac2,d1b38cac4
q1a713ac2,d1b3bbe96
q1a713ac2,d1b3357ce
q1a713ac2,d1b373f4c
q1a713ac2,d1b347f1e
q1a715200,d1b360794
q1a715200,d1b34e18e
q1a715200,d1b355d9e
q1a715200,d1b38504e
q1a715200,d1b338c9e
q1a715200,d1b3afaba
q1a715200,d1b37221e
q1a715200,d1a73cf94
q1a715200,d1b35ae3e
q1a715200,d1b2f4418
q1a719314,d1a719490
q1a719314,d1b398f54
q1a719314,d1a735294
q1a719314,d1b36abc2
q1a719314,d1b3188ea
q1a719314,d1b3970fa
q1a719314,d1a73ab0e
q1a719314,d1b3971fe
q1a719314,d1b34c74e
q1a719314,d1b30a074
q1a723314,d1a7233f0
q1a723314,d1b3c2610
q1a723314,d1b3294d8
q1a723314,d1b3416dc
q1a723314,d1b34a598
q1a723314,d1b31fef6
q1a723314,d1b307fae
q1a723314,d1b33bd86
q1a723314,d1b2eed56
q1a723314,d1b36d8ae
q1a73c1a2,d1b2e63f4
q1a73c1a2,d1b3aad30
q1a73c1a2,d1b37721e
q1a73c1a2,d1b3af812
q1a73c1a2,d1b363ea8
q1a73c1a2,d1b2ee16c
q1a73c1a2,d1b3be84e
q1a73c1a2,d1b3a6fa0
q1a73c1a2,d1a72d184
q1a73c1a2,d1a736f40
q1a73f424,d1a73f564
q1a73f424,d1b34e3dc
q1a73f424,d1b33b2f0
q1a73f424,d1b2fb63c
q1a73f424,d1b30513c
q1a73f424,d1b333b86
q1a73f424,d1b328f2e
q1a73f424,d1b30cb26
q1a73f424,d1b382998
q1a73f424,d1a712532
q1a7173b6,d1a7174c4
q1a7173b6,d1b3958ea
q1a7173b6,d1b343e64
q1a7173b6,d1b39d63a
q1a7173b6,d1b3879b6
q1a7173b6,d1b35f90c
q1a7173b6,d1b31a1cc
q1a7173b6,d1a71f2f0
q1a7173b6,d1b30842c
q1a7173b6,d1b3c6bc0
q1a731c0c,d1b34db9e
q1a731c0c,d1b3ac11c
q1a731c0c,d1b32fc66
q1a731c0c,d1b3520ea
q1a731c0c,d1b3403d6
q1a731c0c,d1b358efe
q1a731c0c,d1b312dd2
q1a731c0c,d1b2ee34c
q1a731c0c,d1b3aeb92
q1a731c0c,d1b31bec8
q1a7207c2,d1b37e578
q1a7207c2,d1b3bfe6a
q1a7207c2,d1b304b42
q1a7207c2,d1b3b712a
q1a7207c2,d1b340c28
q1a7207c2,d1b36001e
q1a7207c2,d1b30a4fc
q1a7207c2,d1b33eefa
q1a7207c2,d1b35cd42
q1a7207c2,d1b343a22
q1a72e75a,d1a72e818
q1a72e75a,d1b332632
q1a72e75a,d1b356de8
q1a72e75a,d1b3a358a
q1a72e75a,d1a722f4a
q1a72e75a,d1b377142
q1a72e75a,d1b3bd19c
q1a72e75a,d1a7187f2
q1a72e75a,d1b3ac11c
q1a72e75a,d1b36c97c
q1a716f1a,d1b38f58a
q1a716f1a,d1b335418
q1a716f1a,d1b34e29c
q1a716f1a,d1b3791b8
q1a716f1a,d1b349094
q1a716f1a,d1b2e8924
q1a716f1a,d1b374d48
q1a716f1a,d1b324168
q1a716f1a,d1b3b4f4c
q1a716f1a,d1b39ee90
q1a71983c,d1b3a52c2
q1a71983c,d1b33b534
q1a71983c,d1a719972
q1a71983c,d1b31c274
q1a71983c,d1b2fff16
q1a71983c,d1b34bd44
q1a71983c,d1b346902
q1a71983c,d1b31c198
q1a71983c,d1b360cc6
q1a71983c,d1b371ef4
q1a71a1ce,d1b3c1bb6
q1a71a1ce,d1b33a846
q1a71a1ce,d1b38a3e6
q1a71a1ce,d1b372106
q1a71a1ce,d1b39034a
q1a71a1ce,d1b3aaa1a
q1a71a1ce,d1b363192
q1a71a1ce,d1b322e9e
q1a71a1ce,d1b38ce02
q1a71a1ce,d1a71f7d2
q1a740b9e,d1b3a9a7a
q1a740b9e,d1a72c19e
q1a740b9e,d1a71b952
q1a740b9e,d1b39ed82
q1a740b9e,d1b384482
q1a740b9e,d1b3a8756
q1a740b9e,d1b3bbd7e
q1a740b9e,d1b35b7bc
q1a740b9e,d1b36fa96
q1a740b9e,d1b36ac94
q1a727d4c,d1b346114
q1a727d4c,d1b34bfec
q1a727d4c,d1b3beb3c
q1a727d4c,d1b387d08
q1a727d4c,d1b33f166
q1a727d4c,d1a72d756
q1a727d4c,d1b2ef3dc
q1a727d4c,d1b35493a
q1a727d4c,d1b30d0f8
q1a727d4c,d1b3bccba
q1a719634,d1a719738
q1a719634,d1a714224
q1a719634,d1b370248
q1a719634,d1b3a9692
q1a719634,d1b320acc
q1a719634,d1b351262
q1a719634,d1b39b8f8
q1a719634,d1b31ad02
q1a719634,d1b3193e4
q1a719634,d1b36c206
q1a74168e,d1b31aa78
q1a74168e,d1a741756
q1a74168e,d1b322e9e
q1a74168e,d1b359f5c
q1a74168e,d1b3ba3c0
q1a74168e,d1b3947f6
q1a74168e,d1b329cc6
q1a74168e,d1b34d45a
q1a74168e,d1a71a9bc
q1a74168e,d1b324668
q1a71d22a,d1b343144
q1a71d22a,d1b3a7720
q1a71d22a,d1b39887e
q1a71d22a,d1b3bfd5c
q1a71d22a,d1b36cad0
q1a71d22a,d1b3453e0
q1a71d22a,d1b326724
q1a71d22a,d1b39c5b4
q1a71d22a,d1b3a734c
q1a71d22a,d1b391948
q1a71712c,d1a71726c
q1a71712c,d1b32bcd8
q1a71712c,d1b332d58
q1a71712c,d1b337542
q1a71712c,d1b326814
q1a71712c,d1b35da30
q1a71712c,d1b388c26
q1a71712c,d1b346d12
q1a71712c,d1b32c2c8
q1a71712c,d1b36901a
q1a726776,d1b339a5e
q1a726776,d1b384572
q1a726776,d1b32c854
q1a726776,d1a7131e4
q1a726776,d1b3b1ebe
q1a726776,d1b3ac770
q1a726776,d1b369f60
q1a726776,d1b365320
q1a726776,d1a7384c6
q1a726776,d1b330d1e
q1a714ee0,d1b35da30
q1a714ee0,d1a714f9e
q1a714ee0,d1b348dce
q1a714ee0,d1b34be20
q1a714ee0,d1b374e60
q1a714ee0,d1b3295f0
q1a714ee0,d1b36a1e0
q1a714ee0,d1b358530
q1a714ee0,d1b30cca2
q1a714ee0,d1b318f20
q1a729066,d1b3791b8
q1a729066,d1b3c743a
q1a729066,d1b33dec4
q1a729066,d1b3b7238
q1a729066,d1b36b914
q1a729066,d1b349094
q1a729066,d1a730c3a
q1a729066,d1b2e8924
q1a729066,d1a73f79e
q1a729066,d1b374d48
q1a72dad0,d1b3af434
q1a72dad0,d1b3c41c2
q1a72dad0,d1a7303b6
q1a72dad0,d1b3b9e5c
q1a72dad0,d1b37188c
q1a72dad0,d1b3a2fb8
q1a72dad0,d1b3506a0
q1a72dad0,d1b393aa4
q1a72dad0,d1b349094
q1a72dad0,d1a72dc10
q1a72a524,d1b34e29c
q1a72a524,d1a730c3a
q1a72a524,d1b3a2fb8
q1a72a524,d1b36de6c
q1a72a524,d1b3b00fa
q1a72a524,d1b3b5dc0
q1a72a524,d1b3a4aca
q1a72a524,d1b35e57a
q1a72a524,d1b36f0dc
q1a72a524,d1b33dec4
q1a713338,d1a713428
q1a713338,d1b342c1c
q1a713338,d1a731748
q1a713338,d1a721654
q1a713338,d1b375932
q1a713338,d1a71e79c
q1a713338,d1b2fdc34
q1a713338,d1b358efe
q1a713338,d1b350b3c
q1a713338,d1b35133e
q1a71f930,d1b34e4e0
q1a71f930,d1b2f0c14
q1a71f930,d1b307b12
q1a71f930,d1b30687a
q1a71f930,d1b35acf4
q1a71f930,d1b35d1ac
q1a71f930,d1b36fdf2
q1a71f930,d1b32fd60
q1a71f930,d1a736f40
q1a71f930,d1b3469e8
q1a73f9b0,d1b3a781a
q1a73f9b0,d1a73fa6e
q1a73f9b0,d1b313dcc
q1a73f9b0,d1b31b73e
q1a73f9b0,d1b3a7ef0
q1a73f9b0,d1b3879b6
q1a73f9b0,d1b3270fc
q1a73f9b0,d1b369a38
q1a73f9b0,d1a731a4a
q1a73f9b0,d1b3710bc
q1a71b542,d1b377e58
q1a71b542,d1b38a3e6
q1a71b542,d1b32fb4e
q1a71b542,d1b364a7e
q1a71b542,d1b34b02e
q1a71b542,d1b318a5c
q1a71b542,d1b30ce78
q1a71b542,d1a716c9a
q1a71b542,d1b2f6ccc
q1a71b542,d1b38c812
q1a714986,d1b3b5dc0
q1a714986,d1b375dd8
q1a714986,d1b32b31e
q1a714986,d1b37796c
q1a714986,d1a730c3a
q1a714986,d1b37188c
q1a714986,d1a714a58
q1a714986,d1b3c41c2
q1a714986,d1a73f79e
q1a714986,d1b3a2fb8
q1a714706,d1b3471ea
q1a714706,d1b3991d4
q1a714706,d1b2f4cb0
q1a714706,d1b32fb4e
q1a714706,d1b375874
q1a714706,d1b2e766e
q1a714706,d1b377e58
q1a714706,d1b3af34e
q1a714706,d1b3babf4
q1a714706,d1b36cd96
q1a72810c,d1b3c8362
q1a72810c,d1b339068
q1a72810c,d1b3b4ac4
q1a72810c,d1b34d270
q1a72810c,d1b380a62
q1a72810c,d1b39bccc
q1a72810c,d1b36f99c
q1a72810c,d1b2f65ce
q1a72810c,d1a7138d8
q1a72810c,d1b36cad0
q1a71f200,d1a71f2f0
q1a71f200,d1b31dd7c
q1a71f200,d1b343e64
q1a71f200,d1b3879b6
q1a71f200,d1b36a532
q1a71f200,d1b327b92
q1a71f200,d1b35f90c
q1a71f200,d1b33a3fa
q1a71f200,d1b3749c4
q1a71f200,d1b35a6c8
q1a712460,d1a712532
q1a712460,d1b38e78e
q1a712460,d1b2f8c2a
q1a712460,d1b34e3dc
q1a712460,d1b3520ea
q1a712460,d1b33b2f0
q1a712460,d1b37ee24
q1a712460,d1b327d22
q1a712460,d1b39f8d6
q1a712460,d1b2fbac4
q1a725916,d1b35728e
q1a725916,d1a725a2e
q1a725916,d1b396074
q1a725916,d1b3a6456
q1a725916,d1b31aff0
q1a725916,d1b3bdba6
q1a725916,d1b3b46be
q1a725916,d1b387d08
q1a725916,d1b2ef3dc
q1a725916,d1b36d52a
q1a73e5ce,d1b39417a
q1a73e5ce,d1a73e6aa
q1a73e5ce,d1a740f04
q1a73e5ce,d1b3a6fa0
q1a73e5ce,d1b34c4ba
q1a73e5ce,d1b2f8856
q1a73e5ce,d1b3ae390
q1a73e5ce,d1b3780ba
q1a73e5ce,d1b31c9e0
q1a73e5ce,d1b331e12
q1a71eb98,d1a71ec9c
q1a71eb98,d1a71aebc
q1a71eb98,d1b2fd590
q1a71eb98,d1b3a9f84
q1a71eb98,d1b39f28c
q1a71eb98,d1b362d1e
q1a71eb98,d1b32b1f2
q1a71eb98,d1b33ba66
q1a71eb98,d1b36cad0
q1a71eb98,d1b354a8e
q1a73b6c6,d1b359e3a
q1a73b6c6,d1b37336c
q1a73b6c6,d1b3b3a70
q1a73b6c6,d1a73b824
q1a73b6c6,d1b3acad6
q1a73b6c6,d1b31ae60
q1a73b6c6,d1a72ba82
q1a73b6c6,d1b38346a
q1a73b6c6,d1b33ba66
q1a73b6c6,d1b3a31ca
q1a71b812,d1a71e1e8
q1a71b812,d1b33959a
q1a71b812,d1a71b952
q1a71b812,d1b3a9a7a
q1a71b812,d1b3a7932
q1a71b812,d1b3bb81a
q1a71b812,d1b31c77e
q1a71b812,d1b3bbd7e
q1a71b812,d1b31137e
q1a71b812,d1a740c66
q1a729d90,d1b33599a
q1a729d90,d1b38008a
q1a729d90,d1b38ce02
q1a729d90,d1a71dd10
q1a729d90,d1b2efa6c
q1a729d90,d1b302856
q1a729d90,d1b3c1bb6
q1a729d90,d1b32635a
q1a729d90,d1b34f9ee
q1a729d90,d1b356758
q1a73556e,d1a72d756
q1a73556e,d1b35493a
q1a73556e,d1b2e5468
q1a73556e,d1b34bfec
q1a73556e,d1b38e400
q1a73556e,d1b32baee
q1a73556e,d1b3bccba
q1a73556e,d1b2e225e
q1a73556e,d1b32c020
q1a73556e,d1b30d0f8
q1a73f014,d1b3a0c72
q1a73f014,d1b3c874a
q1a73f014,d1a73f046
q1a73f014,d1b3086e8
q1a73f014,d1b327fa2
q1a73f014,d1b324532
q1a73f014,d1b3890d6
q1a73f014,d1b3b308e
q1a73f014,d1b3963b2
q1a73f014,d1b3946fc
q1a718068,d1a718108
q1a718068,d1b3bf28a
q1a718068,d1b362436
q1a718068,d1b3a6596
q1a718068,d1b35e70a
q1a718068,d1b342d3e
q1a718068,d1b326d46
q1a718068,d1a719184
q1a718068,d1b3c460e
q1a718068,d1b32c020
q1a722c2a,d1b3879b6
q1a722c2a,d1a7218e8
q1a722c2a,d1b32c020
q1a722c2a,d1b379906
q1a722c2a,d1b2fbe34
q1a722c2a,d1b3862b4
q1a722c2a,d1b31d46c
q1a722c2a,d1a722c66
q1a722c2a,d1b3a197e
q1a722c2a,d1b377142
q1a726fa0,d1b32e28a
q1a726fa0,d1b3c5a04
q1a726fa0,d1a7270c2
q1a726fa0,d1b33db86
q1a726fa0,d1b3c8362
q1a726fa0,d1b2f65ce
q1a726fa0,d1b39bccc
q1a726fa0,d1b379f64
q1a726fa0,d1b34d270
q1a726fa0,d1b308d82
q1a71b7e0,d1b359ce6
q1a71b7e0,d1b329e9c
q1a71b7e0,d1b36fa96
q1a71b7e0,d1b3c0eaa
q1a71b7e0,d1b371d0a
q1a71b7e0,d1a721d34
q1a71b7e0,d1b34bd44
q1a71b7e0,d1b33b534
q1a71b7e0,d1b3bf8a2
q1a71b7e0,d1b38c074
q1a73d106,d1a73d19c
q1a73d106,d1b37336c
q1a73d106,d1b3b65b8
q1a73d106,d1a73b824
q1a73d106,d1b2efec2
q1a73d106,d1b359e3a
q1a73d106,d1b3515fa
q1a73d106,d1b36cad0
q1a73d106,d1b313eda
q1a73d106,d1b350f2e
q1a73ed12,d1b305416
q1a73ed12,d1b37b0da
q1a73ed12,d1b3408c2
q1a73ed12,d1b3895d6
q1a73ed12,d1a73ee34
q1a73ed12,d1a72471e
q1a73ed12,d1b3be6fa
q1a73ed12,d1b36375a
q1a73ed12,d1b3b2576
q1a73ed12,d1b3a0baa
q1a72ac9a,d1a72ad94
q1a72ac9a,d1b2eb728
q1a72ac9a,d1a7326f2
q1a72ac9a,d1b343220
q1a72ac9a,d1b32e7f8
q1a72ac9a,d1b3308fa
q1a72ac9a,d1b34823e
q1a72ac9a,d1b39d63a
q1a72ac9a,d1b3c7a70
q1a72ac9a,d1b34befc
q1a739768,d1a739b32
q1a739768,d1b36803e
q1a739768,d1b2f89dc
q1a739768,d1b393298
q1a739768,d1b35575e
q1a739768,d1b3a42f0
q1a739768,d1b3a74e6
q1a739768,d1b2ee34c
q1a739768,d1b3c043c
q1a739768,d1b3c1cba
q1a7221c6,d1b3c3fe2
q1a7221c6,d1b33f3be
q1a7221c6,d1b32c020
q1a7221c6,d1b387d08
q1a7221c6,d1b344bb6
q1a7221c6,d1b3c1bb6
q1a7221c6,d1b369c7c
q1a7221c6,d1b32d2b8
q1a7221c6,d1b3ab596
q1a7221c6,d1b2ef3dc
q1a725538,d1a7255f6
q1a725538,d1b395502
q1a725538,d1b37a4a0
q1a725538,d1b388ac8
q1a725538,d1b2f0e94
q1a725538,d1b3345c2
q1a725538,d1b33cd08
q1a725538,d1b3c5702
q1a725538,d1b3316ec
q1a725538,d1b2ee16c
q1a725c5e,d1a725d26
q1a725c5e,d1b2f2c94
q1a725c5e,d1b3a1e2e
q1a725c5e,d1b30f236
q1a725c5e,d1a7309a6
q1a725c5e,d1a71b272
q1a725c5e,d1b38b0de
q1a725c5e,d1b34da5e
q1a725c5e,d1b3487ac
q1a725c5e,d1b3c7c0a
q1a72a4f2,d1a72a5d8
q1a72a4f2,d1b3bbfae
q1a72a4f2,d1b346c22
q1a72a4f2,d1a730672
q1a72a4f2,d1b39d888
q1a72a4f2,d1b2ea8fa
q1a72a4f2,d1b33ddac
q1a72a4f2,d1b3c842a
q1a72a4f2,d1b3983ba
q1a72a4f2,d1b2ecc5e
q1a7130a4,d1a7131e4
q1a7130a4,d1b365320
q1a7130a4,d1b3b15c2
q1a7130a4,d1b3b6eb4
q1a7130a4,d1b377142
q1a7130a4,d1b38abac
q1a7130a4,d1b356de8
q1a7130a4,d1a740c66
q1a7130a4,d1b3a3c88
q1a7130a4,d1b332632
q1a727702,d1a727810
q1a727702,d1b2f48d2
q1a727702,d1b39c12c
q1a727702,d1b395822
q1a727702,d1b36bd92
q1a727702,d1b370a72
q1a727702,d1b351bc2
q1a727702,d1a73d944
q1a727702,d1a73a424
q1a727702,d1b3ae232
q1a71f4f8,d1a71f534
q1a71f4f8,d1a71a4e4
q1a71f4f8,d1b3ab668
q1a71f4f8,d1b3c71e2
q1a71f4f8,d1b333b86
q1a71f4f8,d1b3bd598
q1a71f4f8,d1b3b2576
q1a71f4f8,d1b359674
q1a71f4f8,d1b36c97c
q1a71f4f8,d1b3af8f8
q1a731c34,d1b393784
q1a731c34,d1b36a1e0
q1a731c34,d1b3a863e
q1a731c34,d1b358e2c
q1a731c34,d1b399788
q1a731c34,d1b3aefe8
q1a731c34,d1b36398a
q1a731c34,d1b3a0c72
q1a731c34,d1a73ba68
q1a731c34,d1b353846
q1a71a142,d1a71a278
q1a71a142,d1b382cea
q1a71a142,d1b2fdc34
q1a71a142,d1b327b92
q1a71a142,d1b36c60c
q1a71a142,d1b31d46c
q1a71a142,d1b37ca84
q1a71a142,d1b2e8b36
q1a71a142,d1b32c3fe
q1a71a142,d1b3b7c24
q1a732634,d1a7326f2
q1a732634,d1b2fdc34
q1a732634,d1b34befc
q1a732634,d1b2e7a06
q1a732634,d1b39d4aa
q1a732634,d1b3c2944
q1a732634,d1b3c1bb6
q1a732634,d1b348586
q1a732634,d1b3034b8
q1a732634,d1b3c41c2
q1a72aa60,d1a72aac4
q1a72aa60,d1b33d05a
q1a72aa60,d1b2fb4a2
q1a72aa60,d1b38f0b2
q1a72aa60,d1b384e32
q1a72aa60,d1b358d14
q1a72aa60,d1b2e3a5a
q1a72aa60,d1b3495da
q1a72aa60,d1b3babf4
q1a72aa60,d1b35b8b6
q1a73f19a,d1a73f2c6
q1a73f19a,d1b3ba7a8
q1a73f19a,d1b36136a
q1a73f19a,d1b3172c4
q1a73f19a,d1b2e8b36
q1a73f19a,d1b38ffda
q1a73f19a,d1b329a00
q1a73f19a,d1b391c4a
q1a73f19a,d1b35b096
q1a73f19a,d1a71b272
q1a72feac,d1a72ff9c
q1a72feac,d1b37ee24
q1a72feac,d1b304e80
q1a72feac,d1b341db2
q1a72feac,d1b373862
q1a72feac,d1b393f5e
q1a72feac,d1b3a8bde
q1a72feac,d1b31567c
q1a72feac,d1b372106
q1a72feac,d1b3c2944
q1a71aae8,d1a71ac1e
q1a71aae8,d1b35f150
q1a71aae8,d1b3b0d3e
q1a71aae8,d1b36bf9a
q1a71aae8,d1b337dbc
q1a71aae8,d1b378b82
q1a71aae8,d1b3a3364
q1a71aae8,d1b3a5bd2
q1a71aae8,d1b36f99c
q1a71aae8,d1b30d710
q1a7236fc,d1b369c7c
q1a7236fc,d1b2e63f4
q1a7236fc,d1b3a9a7a
q1a7236fc,d1b31f906
q1a7236fc,d1b2fa4da
q1a7236fc,d1a736f40
q1a7236fc,d1b3a2e78
q1a7236fc,d1b389a04
q1a7236fc,d1b377e58
q1a7236fc,d1b3495da
q1a73fba4,d1b363192
q1a73fba4,d1b37c32c
q1a73fba4,d1a712ec4
q1a73fba4,d1b2eead6
q1a73fba4,d1a73fcc6
q1a73fba4,d1b379d34
q1a73fba4,d1a7411b6
q1a73fba4,d1b3789d4
q1a73fba4,d1b344ce2
q1a73fba4,d1b34c1cc
q1a712adc,d1b3b8da4
q1a712adc,d1b394f12
q1a712adc,d1b3ada80
q1a712adc,d1b35a9fc
q1a712adc,d1b2fc51e
q1a712adc,d1a7331d8
q1a712adc,d1b3c769c
q1a712adc,d1b3b3c00
q1a712adc,d1a7310a4
q1a712adc,d1b3866b0
q1a730f64,d1b37762e
q1a730f64,d1a7310a4
q1a730f64,d1a738d04
q1a730f64,d1b3b229c
q1a730f64,d1b35bc4e
q1a730f64,d1b35243c
q1a730f64,d1b377e58
q1a730f64,d1b3ab168
q1a730f64,d1b332380
q1a730f64,d1b3a8f4e
q1a72b38e,d1a72b474
q1a72b38e,d1b3692cc
q1a72b38e,d1a71456c
q1a72b38e,d1b33829e
q1a72b38e,d1b3c0a5e
q1a72b38e,d1b386822
q1a72b38e,d1b3becc2
q1a72b38e,d1b37f8a6
q1a72b38e,d1b35ea48
q1a72b38e,d1b3bdf66
q1a7329ea,d1a732a94
q1a7329ea,d1b2e92ac
q1a7329ea,d1b36a2ee
q1a7329ea,d1b3bf370
q1a7329ea,d1b337650
q1a7329ea,d1b34e18e
q1a7329ea,d1b3b2760
q1a7329ea,d1b32002c
q1a7329ea,d1b37221e
q1a7329ea,d1b32d114
q1a7113c6,d1a711510
q1a7113c6,d1b38e658
q1a7113c6,d1b36279c
q1a7113c6,d1b336516
q1a7113c6,d1b3b3764
q1a7113c6,d1b398cac
q1a7113c6,d1b36474a
q1a7113c6,d1b39a1ec
q1a7113c6,d1b307338
q1a7113c6,d1b2f0156
q1a71bdd0,d1b304548
q1a71bdd0,d1b3aeb92
q1a71bdd0,d1a71be0c
q1a71bdd0,d1b3b0bd6
q1a71bdd0,d1b3457fa
q1a71bdd0,d1b2e2826
q1a71bdd0,d1b328920
q1a71bdd0,d1b3b3c00
q1a71bdd0,d1a71cca8
q1a71bdd0,d1b3bb91e
q1a725ea2,d1a722a18
q1a725ea2,d1b3c4d8e
q1a725ea2,d1b352572
q1a725ea2,d1a734402
q1a725ea2,d1b351cbc
q1a725ea2,d1a725f60
q1a725ea2,d1b3c8998
q1a725ea2,d1b325f2c
q1a725ea2,d1b356866
q1a725ea2,d1b329a00
q1a7261ae,d1b31bba8
q1a7261ae,d1b3c4d8e
q1a7261ae,d1b348dce
q1a7261ae,d1b37e578
q1a7261ae,d1a722a18
q1a7261ae,d1b369c7c
q1a7261ae,d1b2f539a
q1a7261ae,d1a734402
q1a7261ae,d1a73f2c6
q1a7261ae,d1b387d08
q1a71a61a,d1b351a3c
q1a71a61a,d1b368c82
q1a71a61a,d1b3381ea
q1a71a61a,d1b2ee34c
q1a71a61a,d1b3719ae
q1a71a61a,d1b347398
q1a71a61a,d1b3052cc
q1a71a61a,d1a7166dc
q1a71a61a,d1b393298
q1a71a61a,d1b38b32c
q1a72179e,d1a7218e8
q1a72179e,d1b32c020
q1a72179e,d1b3879b6
q1a72179e,d1b379906
q1a72179e,d1b31d46c
q1a72179e,d1b3c5d24
q1a72179e,d1b2fbe34
q1a72179e,d1b377142
q1a72179e,d1a722c66
q1a72179e,d1b2e225e
q1a7319d2,d1a731a4a
q1a7319d2,d1b35b1fe
q1a7319d2,d1a721654
q1a7319d2,d1b3b91b4
q1a7319d2,d1b34e080
q1a7319d2,d1b36b7fc
q1a7319d2,d1b39dacc
q1a7319d2,d1b327b92
q1a7319d2,d1b39a7e6
q1a7319d2,d1b3879b6
q1a73f76c,d1b3c1bb6
q1a73f76c,d1b3c743a
q1a73f76c,d1a73f79e
q1a73f76c,d1b3a2bc6
q1a73f76c,d1b3a2fb8
q1a73f76c,d1b3bd598
q1a73f76c,d1b32b31e
q1a73f76c,d1b375dd8
q1a73f76c,d1b30c7f2
q1a73f76c,d1b31fef6
q1a717438,d1b343e64
q1a717438,d1a7174c4
q1a717438,d1b3958ea
q1a717438,d1b3879b6
q1a717438,d1b35f90c
q1a717438,d1a71f2f0
q1a717438,d1b3c6bc0
q1a717438,d1b38d8b6
q1a717438,d1b35a6c8
q1a717438,d1b307068
q1a7182f2,d1a7183ce
q1a7182f2,d1b34a598
q1a7182f2,d1a73c7c4
q1a7182f2,d1b306aa0
q1a7182f2,d1a711fd8
q1a7182f2,d1b32be18
q1a7182f2,d1b31cd64
q1a7182f2,d1b3b353e
q1a7182f2,d1b36cf58
q1a7182f2,d1b35446c
q1a73fbd6,d1b344ce2
q1a73fbd6,d1b363192
q1a73fbd6,d1a7411b6
q1a73fbd6,d1b2eead6
q1a73fbd6,d1b379d34
q1a73fbd6,d1a712ec4
q1a73fbd6,d1b3789d4
q1a73fbd6,d1a73fcc6
q1a73fbd6,d1b305ef2
q1a73fbd6,d1b37c32c
q1a72e11a,d1a72e1ec
q1a72e11a,d1a714cd8
q1a72e11a,d1b321094
q1a72e11a,d1b2e42de
q1a72e11a,d1b39336a
q1a72e11a,d1b350100
q1a72e11a,d1b30edb8
q1a72e11a,d1b31b73e
q1a72e11a,d1b389496
q1a72e11a,d1b31bcc0
q1a729d36,d1a729e44
q1a729d36,d1b3170d0
q1a729d36,d1b3aaa1a
q1a729d36,d1b2f2c94
q1a729d36,d1b2ec812
q1a729d36,d1b3b2760
q1a729d36,d1b38a3e6
q1a729d36,d1b3bb180
q1a729d36,d1b38a288
q1a729d36,d1b32360a
q1a733c00,d1b3182b4
q1a733c00,d1b3357ce
q1a733c00,d1b2eb8cc
q1a733c00,d1b3946fc
q1a733c00,d1b3b92ea
q1a733c00,d1b35fc90
q1a733c00,d1b302c5c
q1a733c00,d1b35ce14
q1a733c00,d1a72ccde
q1a733c00,d1a7310a4
q1a736c2a,d1b347618
q1a736c2a,d1b374154
q1a736c2a,d1a73c530
q1a736c2a,d1b339c52
q1a736c2a,d1a736cca
q1a736c2a,d1b340df4
q1a736c2a,d1a72135c
q1a736c2a,d1b3bff82
q1a736c2a,d1b342b5e
q1a736c2a,d1b327d22
q1a71719a,d1a71726c
q1a71719a,d1b388c26
q1a71719a,d1b326814
q1a71719a,d1b332d58
q1a71719a,d1b346d12
q1a71719a,d1b35da30
q1a71719a,d1b30ad1c
q1a71719a,d1b36b34c
q1a71719a,d1b30ab0a
q1a71719a,d1a71fa20
q1a730370,d1a7303b6
q1a730370,d1b3967cc
q1a730370,d1b3b9e5c
q1a730370,d1b3af434
q1a730370,d1b3b0226
q1a730370,d1b30ef0c
q1a730370,d1b3506a0
q1a730370,d1b2ffdae
q1a730370,d1b33bf5c
q1a730370,d1b3b82e6
q1a717adc,d1b36b7fc
q1a717adc,d1b398a04
q1a717adc,d1b3134f8
q1a717adc,d1b3ba096
q1a717adc,d1b346902
q1a717adc,d1b3b2760
q1a717adc,d1b349f26
q1a717adc,d1b309750
q1a717adc,d1b2eead6
q1a717adc,d1b3554b6
q1a73a744,d1a73a852
q1a73a744,d1a72a812
q1a73a744,d1b3b10cc
q1a73a744,d1b3b7da0
q1a73a744,d1b321daa
q1a73a744,d1b3b641e
q1a73a744,d1b33347e
q1a73a744,d1b2f5688
q1a73a744,d1b360a78
q1a73a744,d1b39ea4e
q1a719d14,d1a719d6e
q1a719d14,d1b342b5e
q1a719d14,d1b3495da
q1a719d14,d1b33f274
q1a719d14,d1b3bbd7e
q1a719d14,d1b3a9174
q1a719d14,d1b3bf6e0
q1a719d14,d1b388e88
q1a719d14,d1b305948
q1a719d14,d1a715e30
q1a74037e,d1b3a3288
q1a74037e,d1a740464
q1a74037e,d1b310cd0
q1a74037e,d1b390a2a
q1a74037e,d1b3022fc
q1a74037e,d1b3b4cea
q1a74037e,d1b3a7f9a
q1a74037e,d1b31b4fa
q1a74037e,d1b3a277a
q1a74037e,d1b307c48
q1a71bfba,d1a71c082
q1a71bfba,d1b3b641e
q1a71bfba,d1b3b5f14
q1a71bfba,d1b361932
q1a71bfba,d1b375216
q1a71bfba,d1b364844
q1a71bfba,d1b2e55ee
q1a71bfba,d1b2fe508
q1a71bfba,d1b3a9782
q1a71bfba,d1b3757ac
q1a71336a,d1b3616a8
q1a71336a,d1b368c82
q1a71336a,d1b335206
q1a71336a,d1b343856
q1a71336a,d1a731c70
q1a71336a,d1b3394aa
q1a71336a,d1b394f12
q1a71336a,d1b30bbfe
q1a71336a,d1b347398
q1a71336a,d1b36f5aa
q1a73aa46,d1b3974ce
q1a73aa46,d1b38897e
q1a73aa46,d1b3946fc
q1a73aa46,d1b2f4e5e
q1a73aa46,d1b3b3926
q1a73aa46,d1b3963b2
q1a73aa46,d1b341a38
q1a73aa46,d1b3890d6
q1a73aa46,d1b375b44
q1a73aa46,d1b3b308e
q1a71580e,d1b3b7382
q1a71580e,d1b39b4fc
q1a71580e,d1a715854
q1a71580e,d1b362116
q1a71580e,d1b3a81f2
q1a71580e,d1b3b8660
q1a71580e,d1b3c160c
q1a71580e,d1b35af42
q1a71580e,d1b3aeb92
q1a71580e,d1b39ed82
q1a714bb6,d1a714cd8
q1a714bb6,d1b39336a
q1a714bb6,d1b321094
q1a714bb6,d1b2e42de
q1a714bb6,d1b31b73e
q1a714bb6,d1b350100
q1a714bb6,d1b389496
q1a714bb6,d1b30edb8
q1a714bb6,d1b3c7a70
q1a714bb6,d1b313dcc
q1a72d094,d1b3345c2
q1a72d094,d1b3c11c0
q1a72d094,d1b36e088
q1a72d094,d1b395502
q1a72d094,d1b30f8da
q1a72d094,d1b3bf28a
q1a72d094,d1b3576b2
q1a72d094,d1b3bacc6
q1a72d094,d1b377f84
q1a72d094,d1b3a734c
q1a7323aa,d1a7324d6
q1a7323aa,d1b30df3a
q1a7323aa,d1b2e225e
q1a7323aa,d1b2e5468
q1a7323aa,d1b32c020
q1a7323aa,d1b3925aa
q1a7323aa,d1b3090a2
q1a7323aa,d1b2ecc5e
q1a7323aa,d1b3bab22
q1a7323aa,d1b31e7a4
q1a72ea5c,d1b32dce0
q1a72ea5c,d1b3780ba
q1a72ea5c,d1b3b8660
q1a72ea5c,d1b39bccc
q1a72ea5c,d1b3a9962
q1a72ea5c,d1b31b176
q1a72ea5c,d1b363dc2
q1a72ea5c,d1b37c246
q1a72ea5c,d1a738034
q1a72ea5c,d1a740c66
q1a7178fc,d1b3aeca0
q1a7178fc,d1b3a4d04
q1a7178fc,d1a7179c4
q1a7178fc,d1b390e62
q1a7178fc,d1b3668c4
q1a7178fc,d1b31236e
q1a7178fc,d1b399d28
q1a7178fc,d1b2f5a7a
q1a7178fc,d1b3861b0
q1a7178fc,d1b31dff2
q1a7193a0,d1b336fb6
q1a7193a0,d1b38920c
q1a7193a0,d1b3505c4
q1a7193a0,d1a719490
q1a7193a0,d1b3aefe8
q1a7193a0,d1b35c9dc
q1a7193a0,d1b3a863e
q1a7193a0,d1b3b5438
q1a7193a0,d1b351bc2
q1a7193a0,d1b3bdf66
q1a73b9a0,d1a73ba68
q1a73b9a0,d1b324d98
q1a73b9a0,d1b3018d4
q1a73b9a0,d1b358e2c
q1a73b9a0,d1b399788
q1a73b9a0,d1b335116
q1a73b9a0,d1b33382a
q1a73b9a0,d1b32ed66
q1a73b9a0,d1b353846
q1a73b9a0,d1b302c5c
q1a73efec,d1a73f046
q1a73efec,d1b364d08
q1a73efec,d1b3300b2
q1a73efec,d1b3b308e
q1a73efec,d1b3ad616
q1a73efec,d1b3abdac
q1a73efec,d1b368d7c
q1a73efec,d1b3a9052
q1a73efec,d1a735078
q1a73efec,d1b3309ea
q1a71fbe2,d1b3862b4
q1a71fbe2,d1a71fc46
q1a71fbe2,d1b3b7382
q1a71fbe2,d1a725f60
q1a71fbe2,d1b3975be
q1a71fbe2,d1b343752
q1a71fbe2,d1b3c160c
q1a71fbe2,d1a72d756
q1a71fbe2,d1b3a9962
q1a71fbe2,d1b389496
q1a73623e,d1a7362fc
q1a73623e,d1b3c4514
q1a73623e,d1b38ed06
q1a73623e,d1b3a47d2
q1a73623e,d1b31ae60
q1a73623e,d1a73899e
q1a73623e,d1b34fc64
q1a73623e,d1b34c4ba
q1a73623e,d1b2fbac4
q1a73623e,d1b35de90
q1a72a2d6,d1b3967cc
q1a72a2d6,d1b33f684
q1a72a2d6,d1b36c3be
q1a72a2d6,d1b35bf96
q1a72a2d6,d1b3294d8
q1a72a2d6,d1b324532
q1a72a2d6,d1b342c1c
q1a72a2d6,d1b3af6d2
q1a72a2d6,d1b3115b8
q1a72a2d6,d1b3b2760
q1a71fe80,d1b32dc04
q1a71fe80,d1b3862b4
q1a71fe80,d1b36b180
q1a71fe80,d1a71dd10
q1a71fe80,d1b32c020
q1a71fe80,d1a727b8a
q1a71fe80,d1b33f3be
q1a71fe80,d1a72d756
q1a71fe80,d1b369c7c
q1a71fe80,d1b34da5e
q1a71fe44,d1b2f1524
q1a71fe44,d1a71febc
q1a71fe44,d1b3b623e
q1a71fe44,d1b3769fe
q1a71fe44,d1b39616e
q1a71fe44,d1b37937a
q1a71fe44,d1b3597d2
q1a71fe44,d1b31baa4
q1a71fe44,d1b3662d4
q1a71fe44,d1b32f824
q1a71ae6c,d1a71aebc
q1a71ae6c,d1b3c38ee
q1a71ae6c,d1b3b91b4
q1a71ae6c,d1b354a8e
q1a71ae6c,d1b35e1e2
q1a71ae6c,d1b36eb0a
q1a71ae6c,d1b307338
q1a71ae6c,d1b36001e
q1a71ae6c,d1b33829e
q1a71ae6c,d1b356974
q1a72a47a,d1a72a5d8
q1a72a47a,d1b3bfb40
q1a72a47a,d1b3929ec
q1a72a47a,d1b394f12
q1a72a47a,d1b2fc294
q1a72a47a,d1b3032f6
q1a72a47a,d1b350e7a
q1a72a47a,d1b370c02
q1a72a47a,d1b3ada80
q1a72a47a,d1b30388c
q1a72f830,d1b330d1e
q1a72f830,d1b384572
q1a72f830,d1b2e4c34
q1a72f830,d1b3c6a8a
q1a72f830,d1b34f200
q1a72f830,d1b2f539a
q1a72f830,d1b2ef3dc
q1a72f830,d1b35de90
q1a72f830,d1b387d08
q1a72f830,d1b3ac770
q1a73260c,d1a7326f2
q1a73260c,d1b3a2bc6
q1a73260c,d1a730c3a
q1a73260c,d1b3791b8
q1a73260c,d1b35141a
q1a73260c,d1b3c743a
q1a73260c,d1b36b914
q1a73260c,d1a73f79e
q1a73260c,d1b317652
q1a73260c,d1b3a2fb8
q1a72d382,d1a732a94
q1a72d382,d1b3c19d6
q1a72d382,d1b362fe4
q1a72d382,d1b2f0886
q1a72d382,d1b3bfe6a
q1a72d382,d1a72d3f0
q1a72d382,d1b37543c
q1a72d382,d1b30e5d4
q1a72d382,d1b2e92ac
q1a72d382,d1b337650
q1a72a57e,d1b3c1bb6
q1a72a57e,d1b3b00fa
q1a72a57e,d1b3c743a
q1a72a57e,d1b35e57a
q1a72a57e,d1b374d48
q1a72a57e,d1b34e29c
q1a72a57e,d1b36f0dc
q1a72a57e,d1b3a4aca
q1a72a57e,d1b36b914
q1a72a57e,d1b3a2fb8
q1a72ca68,d1b3aaa1a
q1a72ca68,d1b3749c4
q1a72ca68,d1b377142
q1a72ca68,d1b31bba8
q1a72ca68,d1b306aa0
q1a72ca68,d1b33a3fa
q1a72ca68,d1b30a4fc
q1a72ca68,d1b3a75ea
q1a72ca68,d1b3879b6
q1a72ca68,d1b32c4da
q1a72cc48,d1b36a1e0
q1a72cc48,d1b3c874a
q1a72cc48,d1b3aefe8
q1a72cc48,d1a73ba68
q1a72cc48,d1b364542
q1a72cc48,d1b324d98
q1a72cc48,d1a733cf0
q1a72cc48,d1b373f4c
q1a72cc48,d1b39800e
q1a72cc48,d1b309b74
q1a724b74,d1b38464e
q1a724b74,d1b3b762a
q1a724b74,d1b39ca32
q1a724b74,d1b32fb4e
q1a724b74,d1b3805b2
q1a724b74,d1b364a7e
q1a724b74,d1b38a4a4
q1a724b74,d1b3a6bfe
q1a724b74,d1b32cade
q1a724b74,d1b37aaf4
q1a719922,d1b34bd44
q1a719922,d1b31c198
q1a719922,d1b33cb1e
q1a719922,d1b2ee798
q1a719922,d1b38c074
q1a719922,d1b3008f8
q1a719922,d1b31c274
q1a719922,d1b360cc6
q1a719922,d1b34dca2
q1a719922,d1b3a52c2
q1a729a52,d1a729b42
q1a729a52,d1b34da5e
q1a729a52,d1b3487ac
q1a729a52,d1b33319a
q1a729a52,d1a71b272
q1a729a52,d1b2e67a0
q1a729a52,d1a731540
q1a729a52,d1b3b9a42
q1a729a52,d1b3a1e2e
q1a729a52,d1b3202c0
q1a71fbba,d1b387d08
q1a71fbba,d1b369c7c
q1a71fbba,d1a71fc46
q1a71fbba,d1b2ef3dc
q1a71fbba,d1b39ed82
q1a71fbba,d1b3b7382
q1a71fbba,d1a722c66
q1a71fbba,d1b3287ae
q1a71fbba,d1a71b272
q1a71fbba,d1b3975be
q1a72dbb6,d1b2f7e88
q1a72dbb6,d1a72dc10
q1a72dbb6,d1b2ef3dc
q1a72dbb6,d1b33959a
q1a72dbb6,d1a72bf32
q1a72dbb6,d1b38d3fc
q1a72dbb6,d1b3a781a
q1a72dbb6,d1b327b92
q1a72dbb6,d1b343e64
q1a72dbb6,d1b35e57a
q1a734d26,d1b373862
q1a734d26,d1b341db2
q1a734d26,d1b3b8c3c
q1a734d26,d1b2e455e
q1a734d26,d1b362666
q1a734d26,d1b37ee24
q1a734d26,d1b39cd20
q1a734d26,d1b3c0c84
q1a734d26,d1b393f5e
q1a734d26,d1a7169c0
q1a741aee,d1a741bd4
q1a741aee,d1a7285e4
q1a741aee,d1b2e8d98
q1a741aee,d1b300a4c
q1a741aee,d1a7218e8
q1a741aee,d1b344a30
q1a741aee,d1a73ad20
q1a741aee,d1b370068
q1a741aee,d1b2e2632
q1a741aee,d1b39f78c
q1a71d996,d1a71da5e
q1a71d996,d1b3c8998
q1a71d996,d1a738034
q1a71d996,d1b3c8146
q1a71d996,d1b37ad42
q1a71d996,d1b34adcc
q1a71d996,d1a72471e
q1a71d996,d1b3a7ef0
q1a71d996,d1b399d28
q1a71d996,d1b2fb01a
q1a73578a,d1b3554b6
q1a73578a,d1b302856
q1a73578a,d1b3ae124
q1a73578a,d1b3749c4
q1a73578a,d1b30755e
q1a73578a,d1b370540
q1a73578a,d1b33ec7a
q1a73578a,d1b3a6bfe
q1a73578a,d1b3921e0
q1a73578a,d1b332efc
q1a714954,d1b3229ee
q1a714954,d1b39ee90
q1a714954,d1b3c1bb6
q1a714954,d1b34e72e
q1a714954,d1b362116
q1a714954,d1b398464
q1a714954,d1b308256
q1a714954,d1a7290b6
q1a714954,d1b3791b8
q1a714954,d1a738764
q1a711f10,d1a711fd8
q1a711f10,d1b35d2ce
q1a711f10,d1a7289ae
q1a711f10,d1b37e802
q1a711f10,d1a7183ce
q1a711f10,d1b32f496
q1a711f10,d1b35eb9c
q1a711f10,d1b3ae476
q1a711f10,d1b370068
q1a711f10,d1b34cdfc
q1a73f456,d1b394bb6
q1a73f456,d1b3201e4
q1a73f456,d1b389a04
q1a73f456,d1b389748
q1a73f456,d1b32d4b6
q1a73f456,d1b377e58
q1a73f456,d1b34e3dc
q1a73f456,d1b36d020
q1a73f456,d1b37ee24
q1a73f456,d1b335b34
q1a7209e8,d1b3a0c72
q1a7209e8,d1b3c4b36
q1a7209e8,d1a720a88
q1a7209e8,d1b3bdf66
q1a7209e8,d1b393784
q1a7209e8,d1b336fb6
q1a7209e8,d1b3a863e
q1a7209e8,d1b3aefe8
q1a7209e8,d1b3922ee
q1a7209e8,d1b3b5438
q1a71b1c8,d1b2e9e46
q1a71b1c8,d1b3797e4
q1a71b1c8,d1b3487ac
q1a71b1c8,d1b38b0de
q1a71b1c8,d1b355ccc
q1a71b1c8,d1b2f6ad8
q1a71b1c8,d1a71b272
q1a71b1c8,d1a7218e8
q1a71b1c8,d1b2e96b2
q1a71b1c8,d1b357bda
q1a71e3aa,d1b32002c
q1a71e3aa,d1b359f5c
q1a71e3aa,d1a7376e8
q1a71e3aa,d1a71e47c
q1a71e3aa,d1b3c5540
q1a71e3aa,d1b3b7e86
q1a71e3aa,d1b398126
q1a71e3aa,d1b32f36a
q1a71e3aa,d1b3a3a94
q1a71e3aa,d1a7231d4
q1a72859e,d1a7285e4
q1a72859e,d1b300a4c
q1a72859e,d1b2e2632
q1a72859e,d1b3b7f94
q1a72859e,d1b375108
q1a72859e,d1b35f9d4
q1a72859e,d1a741bd4
q1a72859e,d1b2e6d90
q1a72859e,d1b2f783e
q1a72859e,d1b30d0f8
q1a73ac3a,d1a73ad20
q1a73ac3a,d1b35f9d4
q1a73ac3a,d1b38fe7c
q1a73ac3a,d1b3640ce
q1a73ac3a,d1b2e87c6
q1a73ac3a,d1a7285e4
q1a73ac3a,d1b3135ca
q1a73ac3a,d1b38716e
q1a73ac3a,d1b37e47e
q1a73ac3a,d1b3aa1a0
q1a72aa2e,d1a72aac4
q1a72aa2e,d1b3199ca
q1a72aa2e,d1b315a5a
q1a72aa2e,d1b3495da
q1a72aa2e,d1b34e97c
q1a72aa2e,d1b30f754
q1a72aa2e,d1b367e4a
q1a72aa2e,d1b397cf8
q1a72aa2e,d1b39d63a
q1a72aa2e,d1b34dca2
q1a7260be,d1a7261ea
q1a7260be,d1b325f2c
q1a7260be,d1b3a5bd2
q1a7260be,d1b2fb01a
q1a7260be,d1b373150
q1a7260be,d1b3a12a8
q1a7260be,d1b325108
q1a7260be,d1b34be20
q1a7260be,d1b3a3364
q1a7260be,d1a73ca80
q1a718946,d1a718a36
q1a718946,d1b323d94
q1a718946,d1b378e52
q1a718946,d1a71456c
q1a718946,d1a738034
q1a718946,d1b2ef5c6
q1a718946,d1b3975be
q1a718946,d1b32dce0
q1a718946,d1b31c670
q1a718946,d1b3866b0
q1a73d8ae,d1a73d944
q1a73d8ae,d1b2e225e
q1a73d8ae,d1b3c4d8e
q1a73d8ae,d1b3b4c2c
q1a73d8ae,d1b2ff4b2
q1a73d8ae,d1b36cbc0
q1a73d8ae,d1b3b80ac
q1a73d8ae,d1b3ae232
q1a73d8ae,d1b38716e
q1a73d8ae,d1b33a314
q1a740e28,d1a740f04
q1a740e28,d1b315d84
q1a740e28,d1b37a694
q1a740e28,d1b347492
q1a740e28,d1b353ec2
q1a740e28,d1b394ca6
q1a740e28,d1b3471ea
q1a740e28,d1a7310a4
q1a740e28,d1b34baf6
q1a740e28,d1b2f6fd8
q1a737fc6,d1a738034
q1a737fc6,d1b337c7c
q1a737fc6,d1b33b3e0
q1a737fc6,d1b36136a
q1a737fc6,d1b326508
q1a737fc6,d1b352572
q1a737fc6,d1b3affd8
q1a737fc6,d1b3c4d8e
q1a737fc6,d1a73f2c6
q1a737fc6,d1a722a18
q1a714c9c,d1b3b96f0
q1a714c9c,d1b394044
q1a714c9c,d1b327b92
q1a714c9c,d1b3879b6
q1a714c9c,d1a714cd8
q1a714c9c,d1b321094
q1a714c9c,d1b2e42de
q1a714c9c,d1b384266
q1a714c9c,d1b31b73e
q1a714c9c,d1b39d63a
q1a740dce,d1b331e12
q1a740dce,d1b35b096
q1a740dce,d1b2ef814
q1a740dce,d1b33126e
q1a740dce,d1a740f04
q1a740dce,d1b38ffda
q1a740dce,d1b366ce8
q1a740dce,d1b34288e
q1a740dce,d1b395eee
q1a740dce,d1b3a3fbc
q1a728fb2,d1b396b78
q1a728fb2,d1a7290b6
q1a728fb2,d1b359b92
q1a728fb2,d1b3c7c0a
q1a728fb2,d1b3a9dd6
q1a728fb2,d1b38d8b6
q1a728fb2,d1b3515fa
q1a728fb2,d1b33db86
q1a728fb2,d1b38f878
q1a728fb2,d1b336516
q1a731be4,d1b39034a
q1a731be4,d1b2f8c2a
q1a731be4,d1b358efe
q1a731be4,d1b3520ea
q1a731be4,d1b38242a
q1a731be4,d1b333b86
q1a731be4,d1b368e9e
q1a731be4,d1b3394aa
q1a731be4,d1b34db9e
q1a731be4,d1b335206
q1a71dc0c,d1a71dd10
q1a71dc0c,d1b3270fc
q1a71dc0c,d1b39d270
q1a71dc0c,d1b30edb8
q1a71dc0c,d1a731ff4
q1a71dc0c,d1b321094
q1a71dc0c,d1b37f0ae
q1a71dc0c,d1a73fa6e
q1a71dc0c,d1b3c5e96
q1a71dc0c,d1b3c8146
q1a741ddc,d1a741ec2
q1a741ddc,d1a715322
q1a741ddc,d1b32ff9a
q1a741ddc,d1b398a04
q1a741ddc,d1b2e373a
q1a741ddc,d1b336c6e
q1a741ddc,d1b338c9e
q1a741ddc,d1b3193e4
q1a741ddc,d1b35c9dc
q1a741ddc,d1b3952fa
q1a72ff06,d1a736f40
q1a72ff06,d1b366568
q1a72ff06,d1b2e63f4
q1a72ff06,d1b387d08
q1a72ff06,d1b2fa4da
q1a72ff06,d1b36fb72
q1a72ff06,d1b30af92
q1a72ff06,d1b35752c
q1a72ff06,d1b2ef3dc
q1a72ff06,d1b30c9a0
q1a71cf46,d1a71cfa0
q1a71cf46,d1b3238b2
q1a71cf46,d1b35141a
q1a71cf46,d1b34e72e
q1a71cf46,d1b3c743a
q1a71cf46,d1b338bcc
q1a71cf46,d1b347d5c
q1a71cf46,d1b372840
q1a71cf46,d1a714a58
q1a71cf46,d1a7155e8
q1a725e7a,d1b38464e
q1a725e7a,d1b37aaf4
q1a725e7a,d1b358efe
q1a725e7a,d1b38a4a4
q1a725e7a,d1b374794
q1a725e7a,d1b32c98a
q1a725e7a,d1a725f60
q1a725e7a,d1b3bf6e0
q1a725e7a,d1b33efcc
q1a725e7a,d1b35de90
q1a719eae,d1b3575f4
q1a719eae,d1b31e448
q1a719eae,d1b35949e
q1a719eae,d1b37e802
q1a719eae,d1b32f496
q1a719eae,d1b3a009c
q1a719eae,d1b3238b2
q1a719eae,d1b35dfda
q1a719eae,d1b326f12
q1a719eae,d1b39690c
q1a71bb00,d1a71bb78
q1a71bb00,d1b347866
q1a71bb00,d1b3c12b0
q1a71bb00,d1b31094c
q1a71bb00,d1b349198
q1a71bb00,d1b33a9ea
q1a71bb00,d1b336d72
q1a71bb00,d1b39c6ea
q1a71bb00,d1b3a4ea8
q1a71bb00,d1b3711d4
q1a72182a,d1b304b42
q1a72182a,d1b3879b6
q1a72182a,d1b3c50d6
q1a72182a,d1b349b3e
q1a72182a,d1a7218e8
q1a72182a,d1b3797e4
q1a72182a,d1b33198a
q1a72182a,d1b2ec434
q1a72182a,d1b3925aa
q1a72182a,d1b2fe26a
q1a7298ae,d1a72991c
q1a7298ae,d1b3a4ea8
q1a7298ae,d1b342488
q1a7298ae,d1b3a9dd6
q1a7298ae,d1a726d7a
q1a7298ae,d1b36c97c
q1a7298ae,d1b336d72
q1a7298ae,d1b39d888
q1a7298ae,d1b3711d4
q1a7298ae,d1b3983ba
q1a72467e,d1b3b23be
q1a72467e,d1b3797e4
q1a72467e,d1a71a4e4
q1a72467e,d1b3c1bb6
q1a72467e,d1a71f534
q1a72467e,d1b355ccc
q1a72467e,d1b3931c6
q1a72467e,d1b2e8d98
q1a72467e,d1b356758
q1a72467e,d1b3a6596
q1a733bd8,d1a733cf0
q1a733bd8,d1b2eb8cc
q1a733bd8,d1b398cac
q1a733bd8,d1b38cac4
q1a733bd8,d1b35fc90
q1a733bd8,d1b3357ce
q1a733bd8,d1a72ccde
q1a733bd8,d1b36357a
q1a733bd8,d1b35ce14
q1a733bd8,d1b3b92ea
q1a7140b2,d1a719738
q1a7140b2,d1a714224
q1a7140b2,d1b392d3e
q1a7140b2,d1b2ff39a
q1a7140b2,d1b370248
q1a7140b2,d1b3b92ea
q1a7140b2,d1b32624c
q1a7140b2,d1b35fb64
q1a7140b2,d1b372106
q1a7140b2,d1b393f5e
q1a739d6c,d1b37ae6e
q1a739d6c,d1a7270c2
q1a739d6c,d1b32e28a
q1a739d6c,d1b3c5a04
q1a739d6c,d1b34d946
q1a739d6c,d1b39bccc
q1a739d6c,d1a72250e
q1a739d6c,d1b308d82
q1a739d6c,d1b3b4ac4
q1a739d6c,d1b2f0318
q1a72ca40,d1b3aaa1a
q1a72ca40,d1b377142
q1a72ca40,d1b3749c4
q1a72ca40,d1b33a3fa
q1a72ca40,d1b3a75ea
q1a72ca40,d1b306aa0
q1a72ca40,d1b31bba8
q1a72ca40,d1b30a4fc
q1a72ca40,d1b32c4da
q1a72ca40,d1b3bf118
q1a711b3c,d1b36b7fc
q1a711b3c,d1b398a04
q1a711b3c,d1b3134f8
q1a711b3c,d1b3ba096
q1a711b3c,d1b346902
q1a711b3c,d1b3b2760
q1a711b3c,d1b349f26
q1a711b3c,d1b309750
q1a711b3c,d1b2eead6
q1a711b3c,d1b3554b6
q1a72db34,d1a72dc10
q1a72db34,d1b2fdc34
q1a72db34,d1b33bf5c
q1a72db34,d1b38b426
q1a72db34,d1b33959a
q1a72db34,d1b3a948a
q1a72db34,d1b38d3fc
q1a72db34,d1b36c06c
q1a72db34,d1b35e57a
q1a72db34,d1b36c6de
q1a72d120,d1b3aad30
q1a72d120,d1b3c5702
q1a72d120,d1b3bacc6
q1a72d120,d1b37721e
q1a72d120,d1b2e63f4
q1a72d120,d1b2f0e94
q1a72d120,d1b377f84
q1a72d120,d1b3af812
q1a72d120,d1a73c530
q1a72d120,d1a7255f6
q1a72d148,d1a736f40
q1a72d148,d1b2e63f4
q1a72d148,d1b37721e
q1a72d148,d1b3aad30
q1a72d148,d1b36fb72
q1a72d148,d1b2fa4da
q1a72d148,d1b35752c
q1a72d148,d1b30af92
q1a72d148,d1b2ee16c
q1a72d148,d1b3c5fe0
q1a714eae,d1a714f9e
q1a714eae,d1b36bd92
q1a714eae,d1b318f20
q1a714eae,d1b39800e
q1a714eae,d1b301456
q1a714eae,d1b3b92ea
q1a714eae,d1b3182b4
q1a714eae,d1b2f8694
q1a714eae,d1b38a7ec
q1a714eae,d1b393784
q1a73436c,d1b3a358a
q1a73436c,d1b2f4cb0
q1a73436c,d1b345d9a
q1a73436c,d1b302c5c
q1a73436c,d1b2ffca0
q1a73436c,d1b30db52
q1a73436c,d1b36a8ac
q1a73436c,d1b34706e
q1a73436c,d1b3b15c2
q1a73436c,d1b330422
q1a73d340,d1a73d426
q1a73d340,d1b3b3336
q1a73d340,d1b3b50be
q1a73d340,d1b2e1e08
q1a73d340,d1b3c1bb6
q1a73d340,d1b337a92
q1a73d340,d1a737d96
q1a73d340,d1a71c082
q1a73d340,d1b3183d6
q1a73d340,d1b3af9ca
q1a7336a6,d1b34e3dc
q1a7336a6,d1b2e5d50
q1a7336a6,d1b376b5c
q1a7336a6,d1a712532
q1a7336a6,d1b37ee24
q1a7336a6,d1a72df58
q1a7336a6,d1b3b29c2
q1a7336a6,d1b33b2f0
q1a7336a6,d1b356866
q1a7336a6,d1b3425f0
q1a72d5bc,d1b3bccba
q1a72d5bc,d1a72d756
q1a72d5bc,d1b387d08
q1a72d5bc,d1b363a48
q1a72d5bc,d1b2ef3dc
q1a72d5bc,d1a7179c4
q1a72d5bc,d1b2ec434
q1a72d5bc,d1a728c1a
q1a72d5bc,d1b35a6c8
q1a72d5bc,d1b39b2d6
q1a726122,d1a73ca80
q1a726122,d1b325f2c
q1a726122,d1a7261ea
q1a726122,d1b2fb01a
q1a726122,d1b325108
q1a726122,d1b3acef0
q1a726122,d1b35728e
q1a726122,d1b3a5bd2
q1a726122,d1b3a3364
q1a726122,d1b3bb45a
q1a716b64,d1a7310a4
q1a716b64,d1a738d04
q1a716b64,d1b37762e
q1a716b64,d1a716c9a
q1a716b64,d1b389a04
q1a716b64,d1b3b229c
q1a716b64,d1b3259b4
q1a716b64,d1b34300e
q1a716b64,d1b3991d4
q1a716b64,d1b386d40
q1a71debe,d1b35f9d4
q1a71debe,d1b31c378
q1a71debe,d1b2f72a8
q1a71debe,d1b356622
q1a71debe,d1b2f783e
q1a71debe,d1b3b97e0
q1a71debe,d1b3a59ca
q1a71debe,d1b38a56c
q1a71debe,d1b2e55ee
q1a71debe,d1b38716e
q1a72e0b6,d1a72e1ec
q1a72e0b6,d1b313dcc
q1a72e0b6,d1b3958ea
q1a72e0b6,d1b39d270
q1a72e0b6,d1b3a79e6
q1a72e0b6,d1b31b73e
q1a72e0b6,d1b389496
q1a72e0b6,d1b3352d8
q1a72e0b6,d1b2e42de
q1a72e0b6,d1b37f9b4
q1a71eef4,d1a71f084
q1a71eef4,d1b332740
q1a71eef4,d1b3c3056
q1a71eef4,d1b32fb4e
q1a71eef4,d1a73bfc2
q1a71eef4,d1a720dee
q1a71eef4,d1b3ab168
q1a71eef4,d1b3b3ffc
q1a71eef4,d1b3c52c0
q1a71eef4,d1b309516
q1a719076,d1a719184
q1a719076,d1b38c9f2
q1a719076,d1b3991d4
q1a719076,d1b3a02e0
q1a719076,d1b36cd96
q1a719076,d1b35f4b6
q1a719076,d1b377e58
q1a719076,d1b32fb4e
q1a719076,d1b3c52c0
q1a719076,d1b3a9174
q1a73f28a,d1a73f2c6
q1a73f28a,d1b3278c2
q1a73f28a,d1a734402
q1a73f28a,d1a71da5e
q1a73f28a,d1b369e02
q1a73f28a,d1b2efcc4
q1a73f28a,d1b3c4d8e
q1a73f28a,d1a722a18
q1a73f28a,d1b3b2c2e
q1a73f28a,d1b391a42
q1a7280da,d1b3b4ac4
q1a7280da,d1b39a6ce
q1a7280da,d1b3c5a04
q1a7280da,d1b33db86
q1a7280da,d1b32e28a
q1a7280da,d1b39bccc
q1a7280da,d1b3a31ca
q1a7280da,d1b37ae6e
q1a7280da,d1b34d270
q1a7280da,d1a7138d8
q1a7144d6,d1b33a1de
q1a7144d6,d1b386822
q1a7144d6,d1b327606
q1a7144d6,d1b3403d6
q1a7144d6,d1b3975be
q1a7144d6,d1b310168
q1a7144d6,d1b32dce0
q1a7144d6,d1b359084
q1a7144d6,d1b379078
q1a7144d6,d1a725f60
q1a71a4a8,d1a71a4e4
q1a71a4a8,d1a71f534
q1a71a4a8,d1b34c654
q1a71a4a8,d1b378fa6
q1a71a4a8,d1b3af286
q1a71a4a8,d1b3bae6a
q1a71a4a8,d1b389e46
q1a71a4a8,d1b31dd7c
q1a71a4a8,d1b382cea
q1a71a4a8,d1b3c589c
q1a71b1fa,d1a725d26
q1a71b1fa,d1b30f236
q1a71b1fa,d1a71b272
q1a71b1fa,d1b3a1e2e
q1a71b1fa,d1b2f2c94
q1a71b1fa,d1b34da5e
q1a71b1fa,d1a729b42
q1a71b1fa,d1b38b0de
q1a71b1fa,d1b349b3e
q1a71b1fa,d1a72bce4
q1a7319fa,d1b39dacc
q1a7319fa,d1a727e1e
q1a7319fa,d1b390570
q1a7319fa,d1b3c7a70
q1a7319fa,d1b39a7e6
q1a7319fa,d1a73d426
q1a7319fa,d1b387d08
q1a7319fa,d1b2e1e08
q1a7319fa,d1b349c42
q1a7319fa,d1b3c460e
q1a72a9de,d1a72aac4
q1a72a9de,d1b3199ca
q1a72a9de,d1b3495da
q1a72a9de,d1b315a5a
q1a72a9de,d1b34e97c
q1a72a9de,d1b30f754
q1a72a9de,d1b39cd20
q1a72a9de,d1b367e4a
q1a72a9de,d1b31c77e
q1a72a9de,d1b315d84
q1a72f808,d1a72f8c6
q1a72f808,d1b3a7ef0
q1a72f808,d1b3254a0
q1a72f808,d1b3238b2
q1a72f808,d1b3bc6e8
q1a72f808,d1a727b8a
q1a72f808,d1b34cdfc
q1a72f808,d1b332632
q1a72f808,d1b2f7e88
q1a72f808,d1b307fae
q1a71ce6a,d1b31a1cc
q1a71ce6a,d1b377142
q1a71ce6a,d1b311c48
q1a71ce6a,d1b2fa340
q1a71ce6a,d1b37ee24
q1a71ce6a,d1b2fbfce
q1a71ce6a,d1a734402
q1a71ce6a,d1b31c580
q1a71ce6a,d1a72471e
q1a71ce6a,d1b3b6d7e
q1a735190,d1b3309ea
q1a735190,d1b2ea634
q1a735190,d1b368d7c
q1a735190,d1b3971fe
q1a735190,d1b333fe6
q1a735190,d1a735294
q1a735190,d1b39eb34
q1a735190,d1b34c74e
q1a735190,d1b3795dc
q1a735190,d1b3813b8
q1a736c52,d1b347618
q1a736c52,d1a736cca
q1a736c52,d1b2fda22
q1a736c52,d1b39417a
q1a736c52,d1b3797e4
q1a736c52,d1b340df4
q1a736c52,d1b302856
q1a736c52,d1b2fbe34
q1a736c52,d1b359b92
q1a736c52,d1b373150
q1a73b93c,d1a73ba68
q1a73b93c,d1b334e28
q1a73b93c,d1b398a04
q1a73b93c,d1b38d0fa
q1a73b93c,d1b31fb54
q1a73b93c,d1b36580c
q1a73b93c,d1b3274f8
q1a73b93c,d1b358e2c
q1a73b93c,d1b385a12
q1a73b93c,d1b378560
q1a7267d0,d1b33fcf6
q1a7267d0,d1a726870
q1a7267d0,d1b3a7932
q1a7267d0,d1b385396
q1a7267d0,d1b326d46
q1a7267d0,d1b317dd2
q1a7267d0,d1b3c1bb6
q1a7267d0,d1b340070
q1a7267d0,d1a726af0
q1a7267d0,d1b3c1ada
q1a72b8f2,d1a72ba82
q1a72b8f2,d1b35d7ce
q1a72b8f2,d1b3b65b8
q1a72b8f2,d1b36cad0
q1a72b8f2,d1b3a49c6
q1a72b8f2,d1b33d9ba
q1a72b8f2,d1b2e585a
q1a72b8f2,d1b2f81f8
q1a72b8f2,d1b383190
q1a72b8f2,d1b3a31ca
q1a717b40,d1b3950ac
q1a717b40,d1b350d80
q1a717b40,d1b39f390
q1a717b40,d1b3578f6
q1a717b40,d1b31dae8
q1a717b40,d1b36fdf2
q1a717b40,d1b2f9a8a
q1a717b40,d1b343144
q1a717b40,d1b310168
q1a717b40,d1b378880
q1a71177c,d1b34d356
q1a71177c,d1a73b248
q1a71177c,d1b36b5ae
q1a71177c,d1b354d0e
q1a71177c,d1b39b222
q1a71177c,d1b35ea48
q1a71177c,d1b35e70a
q1a71177c,d1b337c7c
q1a71177c,d1b386b1a
q1a71177c,d1b30fc4a
q1a71def0,d1b31c378
q1a71def0,d1b2f72a8
q1a71def0,d1b375108
q1a71def0,d1b356622
q1a71def0,d1b3a59ca
q1a71def0,d1b2f783e
q1a71def0,d1b35f9d4
q1a71def0,d1b38716e
q1a71def0,d1b2e2632
q1a71def0,d1b36ed08
q1a739dc6,d1b34d946
q1a739dc6,d1b3b9d80
q1a739dc6,d1a73ccc4
q1a739dc6,d1a73a852
q1a739dc6,d1a7138d8
q1a739dc6,d1b38346a
q1a739dc6,d1b342c1c
q1a739dc6,d1b2edb04
q1a739dc6,d1b350d80
q1a739dc6,d1b36279c
q1a724d40,d1a724e76
q1a724d40,d1b3a8756
q1a724d40,d1b3b6d7e
q1a724d40,d1a723f4e
q1a724d40,d1a71b952
q1a724d40,d1b388e88
q1a724d40,d1b2fc7bc
q1a724d40,d1b2f345a
q1a724d40,d1b3061a4
q1a724d40,d1b3bbd7e
q1a727360,d1b39d63a
q1a727360,d1b390430
q1a727360,d1b32424e
q1a727360,d1b33eaf4
q1a727360,d1a72740a
q1a727360,d1b3b0226
q1a727360,d1b343220
q1a727360,d1a73a08c
q1a727360,d1b365190
q1a727360,d1b389496
q1a7160ec,d1b3749c4
q1a7160ec,d1b33a3fa
q1a7160ec,d1a71f2f0
q1a7160ec,d1b3bf118
q1a7160ec,d1b332efc
q1a7160ec,d1b36a532
q1a7160ec,d1b3b2d14
q1a7160ec,d1b2f1d3a
q1a7160ec,d1b2e4c34
q1a7160ec,d1b307068
q1a72ce50,d1a71bb78
q1a72ce50,d1b349198
q1a72ce50,d1b3302a6
q1a72ce50,d1b39c6ea
q1a72ce50,d1b31094c
q1a72ce50,d1b3711d4
q1a72ce50,d1b3ba096
q1a72ce50,d1a72135c
q1a72ce50,d1b336d72
q1a72ce50,d1b3a3c88
q1a732c92,d1a732ce2
q1a732c92,d1b315bcc
q1a732c92,d1b372840
q1a732c92,d1b3881ae
q1a732c92,d1a73f564
q1a732c92,d1b3bf6e0
q1a732c92,d1b33989c
q1a732c92,d1b3866b0
q1a732c92,d1b30388c
q1a732c92,d1b38049a
q1a7175dc,d1b3c6cec
q1a7175dc,d1a7177a8
q1a7175dc,d1b2ff9bc
q1a7175dc,d1a727e1e
q1a7175dc,d1b364ee8
q1a7175dc,d1a731ff4
q1a7175dc,d1b3c6594
q1a7175dc,d1b3441a2
q1a7175dc,d1a7118d0
q1a7175dc,d1b37f0ae
q1a741d82,d1b3947f6
q1a741d82,d1b3193e4
q1a741d82,d1b3a0556
q1a741d82,d1a741ec2
q1a741d82,d1b30c658
q1a741d82,d1b3542a0
q1a741d82,d1b33d05a
q1a741d82,d1a715322
q1a741d82,d1b3a6d3e
q1a741d82,d1b38504e
q1a715232,d1b3af286
q1a715232,d1a715322
q1a715232,d1b35c0d6
q1a715232,d1b319772
q1a715232,d1b30842c
q1a715232,d1b30c658
q1a715232,d1b2f54f8
q1a715232,d1b3bdaa2
q1a715232,d1b369c7c
q1a715232,d1b37721e
q1a71eb66,d1a71ec9c
q1a71eb66,d1b32b1f2
q1a71eb66,d1b3c794e
q1a71eb66,d1b3316ec
q1a71eb66,d1b33d9ba
q1a71eb66,d1b33ba66
q1a71eb66,d1b378880
q1a71eb66,d1b3bb36a
q1a71eb66,d1b2ff9bc
q1a71eb66,d1b3a49c6
q1a72443a,d1a7244a8
q1a72443a,d1b30e908
q1a72443a,d1b2f46ca
q1a72443a,d1b35ea48
q1a72443a,d1b386b1a
q1a72443a,d1b34d356
q1a72443a,d1b32be18
q1a72443a,d1b37442e
q1a72443a,d1b38439c
q1a72443a,d1b34b31c
q1a73db4c,d1b378e52
q1a73db4c,d1b35fd94
q1a73db4c,d1b3b0334
q1a73db4c,d1a73dc6e
q1a73db4c,d1b342e92
q1a73db4c,d1b3278c2
q1a73db4c,d1b3ae390
q1a73db4c,d1a7289ae
q1a73db4c,d1b373150
q1a73db4c,d1a7419cc
q1a72bbcc,d1a72bce4
q1a72bbcc,d1a725d26
q1a72bbcc,d1b2f2c94
q1a72bbcc,d1b3c8146
q1a72bbcc,d1b311c48
q1a72bbcc,d1a722c66
q1a72bbcc,d1b37f0ae
q1a72bbcc,d1b38e400
q1a72bbcc,d1b3604d8
q1a72bbcc,d1b364ee8
q1a7204de,d1b3a8756
q1a7204de,d1a723f4e
q1a7204de,d1b3abcb2
q1a7204de,d1a720542
q1a7204de,d1b35b7bc
q1a7204de,d1b392bae
q1a7204de,d1b360e42
q1a7204de,d1b3a7932
q1a7204de,d1a72c19e
q1a7204de,d1b2f345a
q1a71a228,d1b33a3fa
q1a71a228,d1b3749c4
q1a71a228,d1a71f2f0
q1a71a228,d1b332efc
q1a71a228,d1b36a532
q1a71a228,d1b338e56
q1a71a228,d1b2e225e
q1a71a228,d1b307068
q1a71a228,d1b32c4da
q1a71a228,d1b302856
q1a740356,d1a740464
q1a740356,d1b33b75a
q1a740356,d1b32c61a
q1a740356,d1b3757ac
q1a740356,d1b391948
q1a740356,d1b2e8f00
q1a740356,d1b2e585a
q1a740356,d1b31c378
q1a740356,d1b33ba66
q1a740356,d1b364470
q1a7418d2,d1a7419cc
q1a7418d2,d1b3a2ac2
q1a7418d2,d1a72a0ce
q1a7418d2,d1b32d7cc
q1a7418d2,d1b2eb0de
q1a7418d2,d1b2e9cc0
q1a7418d2,d1b326f12
q1a7418d2,d1b371742
q1a7418d2,d1b3c31be
q1a7418d2,d1b35dfda
q1a722982,d1b3c4d8e
q1a722982,d1a722a18
q1a722982,d1b3791b8
q1a722982,d1b37796c
q1a722982,d1b3c4514
q1a722982,d1b3bd598
q1a722982,d1a73f79e
q1a722982,d1b362116
q1a722982,d1b31b2e8
q1a722982,d1b3416dc
q1a73375a,d1b2f0318
q1a73375a,d1b327aa2
q1a73375a,d1a7138d8
q1a73375a,d1b2f65ce
q1a73375a,d1b2e7bb4
q1a73375a,d1b36cad0
q1a73375a,d1a7270c2
q1a73375a,d1b3c8362
q1a73375a,d1b383190
q1a73375a,d1b33db86
q1a731068,d1a7310a4
q1a731068,d1b30812a
q1a731068,d1b32fb4e
q1a731068,d1b36ef9c
q1a731068,d1a73bfc2
q1a731068,d1b3aea0c
q1a731068,d1b36f398
q1a731068,d1b377e58
q1a731068,d1b33d726
q1a731068,d1b304548
q1a722e96,d1b36b4aa
q1a722e96,d1b3300b2
q1a722e96,d1b3bacc6
q1a722e96,d1b2ffca0
q1a722e96,d1b32360a
q1a722e96,d1a72d184
q1a722e96,d1b35d2ce
q1a722e96,d1b339a5e
q1a722e96,d1b36fd20
q1a722e96,d1b360230
q1a73a9f6,d1b347e60
q1a73a9f6,d1b3b0582
q1a73a9f6,d1b3922ee
q1a73a9f6,d1b393784
q1a73a9f6,d1b39fe30
q1a73a9f6,d1b2ea2ec
q1a73a9f6,d1b377ce6
q1a73a9f6,d1b3bdf66
q1a73a9f6,d1b2ed03c
q1a73a9f6,d1b3a863e
q1a7305b4,d1b3034b8
q1a7305b4,d1b335418
q1a7305b4,d1b3bd598
q1a7305b4,d1b38d3fc
q1a7305b4,d1b37188c
q1a7305b4,d1b36f0dc
q1a7305b4,d1b3b4f4c
q1a7305b4,d1b2e7a06
q1a7305b4,d1b3c743a
q1a7305b4,d1a738764
q1a7202ae,d1a72d184
q1a7202ae,d1b2fa4da
q1a7202ae,d1a736f40
q1a7202ae,d1b366568
q1a7202ae,d1b32f90a
q1a7202ae,d1b33198a
q1a7202ae,d1b37721e
q1a7202ae,d1b30af92
q1a7202ae,d1b3003a8
q1a7202ae,d1b2e63f4
q1a720222,d1a72031c
q1a720222,d1b39f174
q1a720222,d1a739434
q1a720222,d1b3a6e42
q1a720222,d1b3bf01e
q1a720222,d1b31f082
q1a720222,d1b3bb5b8
q1a720222,d1b399c2e
q1a720222,d1b375a7c
q1a720222,d1b3b7da0
q1a7403d8,d1a740464
q1a7403d8,d1b307c48
q1a7403d8,d1b3b353e
q1a7403d8,d1b342b5e
q1a7403d8,d1a714a58
q1a7403d8,d1b3a1f8c
q1a7403d8,d1b3b4cea
q1a7403d8,d1a72cf18
q1a7403d8,d1b32a162
q1a7403d8,d1b31d46c
q1a71cf1e,d1b323c72
q1a71cf1e,d1b35bc4e
q1a71cf1e,d1b300c2c
q1a71cf1e,d1b35881e
q1a71cf1e,d1b38283a
q1a71cf1e,d1b367b34
q1a71cf1e,d1b31a1cc
q1a71cf1e,d1b3ad526
q1a71cf1e,d1b3418d0
q1a71cf1e,d1b3b6d7e
q1a71bf56,d1a71c082
q1a71bf56,d1b350b3c
q1a71bf56,d1b364844
q1a71bf56,d1b3757ac
q1a71bf56,d1b3b641e
q1a71bf56,d1b3183d6
q1a71bf56,d1b33add2
q1a71bf56,d1b375932
q1a71bf56,d1b33da8c
q1a71bf56,d1b38b32c
q1a723de6,d1b3b6d7e
q1a723de6,d1b36fa96
q1a723de6,d1b388e88
q1a723de6,d1b35b7bc
q1a723de6,d1b30b5d2
q1a723de6,d1b2fc7bc
q1a723de6,d1b3c40aa
q1a723de6,d1b32a568
q1a723de6,d1a72c19e
q1a723de6,d1b3abcb2
q1a72f01a,d1a72f100
q1a72f01a,d1b2ebf84
q1a72f01a,d1b360794
q1a72f01a,d1b37221e
q1a72f01a,d1b3a2568
q1a72f01a,d1b3c88b2
q1a72f01a,d1b342942
q1a72f01a,d1b34e18e
q1a72f01a,d1b33d05a
q1a72f01a,d1b336c6e
q1a73120c,d1a731306
q1a73120c,d1b3022fc
q1a73120c,d1b351262
q1a73120c,d1b3061a4
q1a73120c,d1b38346a
q1a73120c,d1b37a0d6
q1a73120c,d1a71b952
q1a73120c,d1b32d7cc
q1a73120c,d1b31ebd2
q1a73120c,d1b39417a
q1a7245f2,d1a72471e
q1a7245f2,d1b35313e
q1a7245f2,d1b373e48
q1a7245f2,d1b346f9c
q1a7245f2,d1a72e818
q1a7245f2,d1b370248
q1a7245f2,d1b2ff9bc
q1a7245f2,d1b2f5e76
q1a7245f2,d1b379078
q1a7245f2,d1b3c4d8e
q1a726ca8,d1b3b4f4c
q1a726ca8,d1b363cfa
q1a726ca8,d1b3304fe
q1a726ca8,d1b330422
q1a726ca8,d1b38f58a
q1a726ca8,d1b33a846
q1a726ca8,d1b38ba70
q1a726ca8,d1b3af434
q1a726ca8,d1b35e57a
q1a726ca8,d1b3c41c2
q1a71e698,d1b3aad30
q1a71e698,d1b3254a0
q1a71e698,d1b2e63f4
q1a71e698,d1b37721e
q1a71e698,d1b3af812
q1a71e698,d1b387d08
q1a71e698,d1b2ee16c
q1a71e698,d1a736f40
q1a71e698,d1b3c5fe0
q1a71e698,d1b3be84e
q1a73051e,d1b2fe102
q1a73051e,d1b31a578
q1a73051e,d1b3c1bb6
q1a73051e,d1b3b1ebe
q1a73051e,d1a737b0c
q1a73051e,d1a7131e4
q1a73051e,d1b36c3be
q1a73051e,d1b339a5e
q1a73051e,d1b365320
q1a73051e,d1b2f1d3a
q1a7330ac,d1b364d08
q1a7330ac,d1b3309ea
q1a7330ac,d1a7331d8
q1a7330ac,d1b371a9e
q1a7330ac,d1b2e34ec
q1a7330ac,d1b31b40a
q1a7330ac,d1b3abdac
q1a7330ac,d1b317f26
q1a7330ac,d1b32c16a
q1a7330ac,d1b3b308e
q1a73f6ea,d1b3c1bb6
q1a73f6ea,d1b3034b8
q1a73f6ea,d1a73f79e
q1a73f6ea,d1b391e34
q1a73f6ea,d1b3791b8
q1a73f6ea,d1b31fef6
q1a73f6ea,d1b3a2bc6
q1a73f6ea,d1b34e72e
q1a73f6ea,d1b3416dc
q1a73f6ea,d1a7326f2
q1a734cc2,d1a734e2a
q1a734cc2,d1b35cd42
q1a734cc2,d1b32fb4e
q1a734cc2,d1b3abe92
q1a734cc2,d1b2e5d50
q1a734cc2,d1b377e58
q1a734cc2,d1b35bc4e
q1a734cc2,d1b38c9f2
q1a734cc2,d1b347492
q1a734cc2,d1a716c9a
q1a72fb32,d1b3af812
q1a72fb32,d1b3be84e
q1a72fb32,d1b3c11c0
q1a72fb32,d1b3a6fa0
q1a72fb32,d1b3576b2
q1a72fb32,d1b3aad30
q1a72fb32,d1b371530
q1a72fb32,d1b2ee16c
q1a72fb32,d1b363ea8
q1a72fb32,d1b3a7068
q1a725c04,d1a725d26
q1a725c04,d1b3a1e2e
q1a725c04,d1b30f236
q1a725c04,d1b2f2c94
q1a725c04,d1a7309a6
q1a725c04,d1a71b272
q1a725c04,d1b34da5e
q1a725c04,d1b33319a
q1a725c04,d1b2e7858
q1a725c04,d1b38b0de
q1a730b7c,d1b38c812
q1a730b7c,d1b2f9698
q1a730b7c,d1b353c42
q1a730b7c,d1b3ad8aa
q1a730b7c,d1b351faa
q1a730b7c,d1a7326f2
q1a730b7c,d1b309516
q1a730b7c,d1b3862b4
q1a730b7c,d1a7331d8
q1a730b7c,d1b3380d2
q1a7314b4,d1b33a3fa
q1a7314b4,d1b35493a
q1a7314b4,d1b337970
q1a7314b4,d1b2e225e
q1a7314b4,d1b30df3a
q1a7314b4,d1b2ff73c
q1a7314b4,d1b2e5468
q1a7314b4,d1b360794
q1a7314b4,d1a731540
q1a7314b4,d1a72d756
q1a730bd6,d1b2edfd2
q1a730bd6,d1b306bae
q1a730bd6,d1a730c3a
q1a730bd6,d1b34f3a4
q1a730bd6,d1b39f048
q1a730bd6,d1a71c082
q1a730bd6,d1b385eae
q1a730bd6,d1b33f3be
q1a730bd6,d1b3a2bc6
q1a730bd6,d1b3c41c2
q1a712230,d1b34e18e
q1a712230,d1b2ec5ba
q1a712230,d1a73a62c
q1a712230,d1a7122a8
q1a712230,d1b33d05a
q1a712230,d1b38504e
q1a712230,d1b3bfe6a
q1a712230,d1b3a2568
q1a712230,d1b355d9e
q1a712230,d1b3963b2
q1a728b02,d1a728c1a
q1a728b02,d1b3441a2
q1a728b02,d1b3b0712
q1a728b02,d1b2fd234
q1a728b02,d1b38db72
q1a728b02,d1b3c589c
q1a728b02,d1b388c26
q1a728b02,d1b3a1f8c
q1a728b02,d1b395656
q1a728b02,d1b34f3a4
q1a738ed0,d1b389a04
q1a738ed0,d1a716c9a
q1a738ed0,d1b373038
q1a738ed0,d1a738fb6
q1a738ed0,d1b3c4c80
q1a738ed0,d1b377e58
q1a738ed0,d1b391f92
q1a738ed0,d1b3b229c
q1a738ed0,d1b396510
q1a738ed0,d1b366ad6
q1a73e31c,d1b2eaec2
q1a73e31c,d1b355ee8
q1a73e31c,d1b2f5e76
q1a73e31c,d1a73e402
q1a73e31c,d1b32e9b0
q1a73e31c,d1b38d9ec
q1a73e31c,d1b2eb728
q1a73e31c,d1b2e50e4
q1a73e31c,d1b2f2c94
q1a73e31c,d1b3aeca0
q1a72c662,d1b36cd96
q1a72c662,d1b37762e
q1a72c662,d1a72c798
q1a72c662,d1b38d302
q1a72c662,d1b37bddc
q1a72c662,d1b377e58
q1a72c662,d1b39cd20
q1a72c662,d1b38c9f2
q1a72c662,d1b3b2f94
q1a72c662,d1b34468e
q1a71e0da,d1b3a9a7a
q1a71e0da,d1b2ff73c
q1a71e0da,d1b3c40aa
q1a71e0da,d1b3b6d7e
q1a71e0da,d1b32a568
q1a71e0da,d1b359ce6
q1a71e0da,d1b319772
q1a71e0da,d1b36ac94
q1a71e0da,d1b31137e
q1a71e0da,d1b39ed82
q1a738930,d1b2ee34c
q1a738930,d1b324532
q1a738930,d1b333b86
q1a738930,d1b3403d6
q1a738930,d1a73899e
q1a738930,d1b34db9e
q1a738930,d1b3520ea
q1a738930,d1a71f084
q1a738930,d1b3052cc
q1a738930,d1b38c38a
q1a7149b8,d1b36f0dc
q1a7149b8,d1b374d48
q1a7149b8,d1b36d3cc
q1a7149b8,d1b34e72e
q1a7149b8,d1b36de6c
q1a7149b8,d1b31fef6
q1a7149b8,d1b3a948a
q1a7149b8,d1a714a58
q1a7149b8,d1b36b914
q1a7149b8,d1b37188c
q1a72de72,d1a72250e
q1a72de72,d1b32e28a
q1a72de72,d1b39bccc
q1a72de72,d1b39a6ce
q1a72de72,d1b32b986
q1a72de72,d1a7337aa
q1a72de72,d1a7270c2
q1a72de72,d1b37ae6e
q1a72de72,d1b3418d0
q1a72de72,d1b386c5a
q1a724188,d1a724228
q1a724188,d1a722a18
q1a724188,d1b38ffda
q1a724188,d1b390d90
q1a724188,d1b389a04
q1a724188,d1b31a0d2
q1a724188,d1a736f40
q1a724188,d1b369a38
q1a724188,d1b32c3fe
q1a724188,d1b3994cc
q1a72e174,d1b3bdcf0
q1a72e174,d1b369c7c
q1a72e174,d1b3a7c2a
q1a72e174,d1b389496
q1a72e174,d1a714cd8
q1a72e174,d1b3a407a
q1a72e174,d1b3862b4
q1a72e174,d1b3757ac
q1a72e174,d1b387d08
q1a72e174,d1b33f3be
q1a71e378,d1b32002c
q1a71e378,d1a7376e8
q1a71e378,d1a71e47c
q1a71e378,d1b3c5540
q1a71e378,d1b398126
q1a71e378,d1b359f5c
q1a71e378,d1b38d1cc
q1a71e378,d1a7231d4
q1a71e378,d1b357e96
q1a71e378,d1b34fe9e
q1a713162,d1b396d94
q1a713162,d1b3acd6a
q1a713162,d1b3274f8
q1a713162,d1b34e18e
q1a713162,d1b3947f6
q1a713162,d1b3a0556
q1a713162,d1a71a9bc
q1a713162,d1b30c658
q1a713162,d1b358d14
q1a713162,d1b385a12
q1a740e50,d1b38ffda
q1a740e50,d1b35b096
q1a740e50,d1b3604d8
q1a740e50,d1b2f2c94
q1a740e50,d1a725d26
q1a740e50,d1b374794
q1a740e50,d1b33126e
q1a740e50,d1b326508
q1a740e50,d1b390d90
q1a740e50,d1b3b96f0
q1a734a88,d1b302856
q1a734a88,d1b3797e4
q1a734a88,d1b313dcc
q1a734a88,d1b357bda
q1a734a88,d1b3b23be
q1a734a88,d1b2e8d98
q1a734a88,d1b31b73e
q1a734a88,d1b302f4a
q1a734a88,d1b36a6ae
q1a734a88,d1a71a4e4
q1a73df0c,d1b32c020
q1a73df0c,d1b3879b6
q1a73df0c,d1a7218e8
q1a73df0c,d1b2fe26a
q1a73df0c,d1b379906
q1a73df0c,d1a722c66
q1a73df0c,d1b3c5d24
q1a73df0c,d1b377142
q1a73df0c,d1b31d46c
q1a73df0c,d1b2e225e
q1a7373be,d1b364542
q1a7373be,d1b33ea2c
q1a7373be,d1b389ca2
q1a7373be,d1b3ad3be
q1a7373be,d1a73a62c
q1a7373be,d1b3c88b2
q1a7373be,d1b30f3ee
q1a7373be,d1b396e66
q1a7373be,d1b320888
q1a7373be,d1b336c6e
q1a731662,d1b3895d6
q1a731662,d1a733cf0
q1a731662,d1b3506a0
q1a731662,d1b30ef0c
q1a731662,d1b326814
q1a731662,d1b379f64
q1a731662,d1b2ffdae
q1a731662,d1a727e1e
q1a731662,d1b2fcf50
q1a731662,d1b3300b2
q1a71ebca,d1a71ec9c
q1a71ebca,d1a71aebc
q1a71ebca,d1b2fd590
q1a71ebca,d1b3a9f84
q1a71ebca,d1b32b1f2
q1a71ebca,d1a7187f2
q1a71ebca,d1b39f28c
q1a71ebca,d1b3b7da0
q1a71ebca,d1b3247ee
q1a71ebca,d1b362d1e
q1a72b924,d1b3b65b8
q1a72b924,d1a72ba82
q1a72b924,d1b32b094
q1a72b924,d1b2f9698
q1a72b924,d1b3a49c6
q1a72b924,d1b3bfd5c
q1a72b924,d1b351faa
q1a72b924,d1b362116
q1a72b924,d1b36cad0
q1a72b924,d1b326724
q1a728daa,d1a728e36
q1a728daa,d1b390570
q1a728daa,d1b33c038
q1a728daa,d1b3ad3be
q1a728daa,d1b34da5e
q1a728daa,d1b2e24e8
q1a728daa,d1b3396e4
q1a728daa,d1a73a62c
q1a728daa,d1b3507e0
q1a728daa,d1b379906
q1a71f1ce,d1a71f2f0
q1a71f1ce,d1b35f90c
q1a71f1ce,d1b31dd7c
q1a71f1ce,d1a7174c4
q1a71f1ce,d1b39f048
q1a71f1ce,d1b389e46
q1a71f1ce,d1b2e86a4
q1a71f1ce,d1b36a532
q1a71f1ce,d1b33a3fa
q1a71f1ce,d1b332efc
q1a74117a,d1a7411b6
q1a74117a,d1b34c1cc
q1a74117a,d1b305ef2
q1a74117a,d1b30240a
q1a74117a,d1a716452
q1a74117a,d1b351bc2
q1a74117a,d1b386f48
q1a74117a,d1b376800
q1a74117a,d1b36001e
q1a74117a,d1b38d69a
q1a73c148,d1b2ffca0
q1a73c148,d1b38f0b2
q1a73c148,d1b3aa4de
q1a73c148,d1b3a02e0
q1a73c148,d1b2f3a5e
q1a73c148,d1b35243c
q1a73c148,d1a71b272
q1a73c148,d1b34b02e
q1a73c148,d1b37762e
q1a73c148,d1b36cd96
q1a73df66,d1b367e4a
q1a73df66,d1a73e024
q1a73df66,d1b396b78
q1a73df66,d1b3bff82
q1a73df66,d1b39fc28
q1a73df66,d1b35c0d6
q1a73df66,d1b33f274
q1a73df66,d1b3bdaa2
q1a73df66,d1b324668
q1a73df66,d1b367b34
q1a72372e,d1b3af812
q1a72372e,d1b2ee16c
q1a72372e,d1b3aad30
q1a72372e,d1b2e63f4
q1a72372e,d1b37721e
q1a72372e,d1b3be84e
q1a72372e,d1b3a6fa0
q1a72372e,d1b377f84
q1a72372e,d1a72d184
q1a72372e,d1b33cd08
q1a717bf4,d1b34e72e
q1a717bf4,d1a72df58
q1a717bf4,d1b38706a
q1a717bf4,d1b32441a
q1a717bf4,d1b3418d0
q1a717bf4,d1b347d5c
q1a717bf4,d1a717c44
q1a717bf4,d1b3b1ebe
q1a717bf4,d1b3782ea
q1a717bf4,d1b343144
q1a732bac,d1a732ce2
q1a732bac,d1b315bcc
q1a732bac,d1b2fa340
q1a732bac,d1b38049a
q1a732bac,d1b386822
q1a732bac,d1b330f9e
q1a732bac,d1b31a1cc
q1a732bac,d1b346902
q1a732bac,d1b3b65b8
q1a732bac,d1a740c66
q1a731b58,d1a731c70
q1a731b58,d1b3970fa
q1a731b58,d1b35626c
q1a731b58,d1b2e2ab0
q1a731b58,d1b38504e
q1a731b58,d1b385a12
q1a731b58,d1b3c88b2
q1a731b58,d1b378560
q1a731b58,d1b329cc6
q1a731b58,d1b3a2568
q1a72c716,d1b377e58
q1a72c716,d1b32fb4e
q1a72c716,d1b3ab168
q1a72c716,d1b2edfd2
q1a72c716,d1a73bfc2
q1a72c716,d1b3c3056
q1a72c716,d1b393f5e
q1a72c716,d1b2e9950
q1a72c716,d1b2e86a4
q1a72c716,d1b37b828
q1a71d19e,d1b3bcbf2
q1a71d19e,d1b31a1cc
q1a71d19e,d1b3a7720
q1a71d19e,d1b367b34
q1a71d19e,d1b3a47d2
q1a71d19e,d1b3970fa
q1a71d19e,d1b34665a
q1a71d19e,d1b3c31be
q1a71d19e,d1b3a3652
q1a71d19e,d1b3782ea
q1a741328,d1b3a2bc6
q1a741328,d1b3791b8
q1a741328,d1b317652
q1a741328,d1b32b31e
q1a741328,d1b375dd8
q1a741328,d1b3bedf8
q1a741328,d1b3a2fb8
q1a741328,d1b30c7f2
q1a741328,d1b34e72e
q1a741328,d1b365a78
q1a7173e8,d1b31a1cc
q1a7173e8,d1b38d8b6
q1a7173e8,d1b36eb0a
q1a7173e8,d1b32424e
q1a7173e8,d1b30842c
q1a7173e8,d1b390430
q1a7173e8,d1b3b0226
q1a7173e8,d1b32c61a
q1a7173e8,d1b31f082
q1a7173e8,d1b2fa340
q1a721582,d1b369c7c
q1a721582,d1b3862b4
q1a721582,d1b31a0d2
q1a721582,d1b387d08
q1a721582,d1a727b8a
q1a721582,d1b33f3be
q1a721582,d1b36b180
q1a721582,d1b32c020
q1a721582,d1b3c1bb6
q1a721582,d1b2ef3dc
q1a720d3a,d1b3bf6e0
q1a720d3a,d1b373862
q1a720d3a,d1b3a8bde
q1a720d3a,d1b325d42
q1a720d3a,d1b3c0c84
q1a720d3a,d1b304e80
q1a720d3a,d1b37640e
q1a720d3a,d1b34d5f4
q1a720d3a,d1b38a4a4
q1a720d3a,d1b33207e
q1a738444,d1b3164f0
q1a738444,d1b3bab22
q1a738444,d1b3177b0
q1a738444,d1a7324d6
q1a738444,d1a7384c6
q1a738444,d1b33e716
q1a738444,d1b371dd2
q1a738444,d1b352f68
q1a738444,d1b30df3a
q1a738444,d1b31e7a4
q1a725c86,d1a725d26
q1a725c86,d1b3a1e2e
q1a725c86,d1b30f236
q1a725c86,d1b2f2c94
q1a725c86,d1a7309a6
q1a725c86,d1b33ddac
q1a725c86,d1a71b272
q1a725c86,d1b395cd2
q1a725c86,d1b34da5e
q1a725c86,d1b2ed74e
q1a741b7a,d1a741bd4
q1a741b7a,d1b35f9d4
q1a741b7a,d1b38716e
q1a741b7a,d1b356622
q1a741b7a,d1b3a59ca
q1a741b7a,d1b39034a
q1a741b7a,d1b3aa1a0
q1a741b7a,d1b36ed08
q1a741b7a,d1b38fe7c
q1a741b7a,d1a7285e4
q1a726744,d1a726870
q1a726744,d1b33ce20
q1a726744,d1b37f428
q1a726744,d1b3b4182
q1a726744,d1b3183d6
q1a726744,d1b3115b8
q1a726744,d1b3af9ca
q1a726744,d1b33da8c
q1a726744,d1b2e2d26
q1a726744,d1b310bc2
q1a72f25e,d1a72f362
q1a72f25e,d1a7253e4
q1a72f25e,d1b3711d4
q1a72f25e,d1b336d72
q1a72f25e,d1b3577de
q1a72f25e,d1b3b2c2e
q1a72f25e,d1a7227c0
q1a72f25e,d1b39c6ea
q1a72f25e,d1b342488
q1a72f25e,d1b31094c
q1a72489a,d1a7249da
q1a72489a,d1b3b16d0
q1a72489a,d1b2e34ec
q1a72489a,d1b36ee3e
q1a72489a,d1b31fb54
q1a72489a,d1b31b40a
q1a72489a,d1b32b54e
q1a72489a,d1a7331d8
q1a72489a,d1b364d08
q1a72489a,d1b371a9e
q1a73f956,d1b349954
q1a73f956,d1b326d46
q1a73f956,d1a73fa6e
q1a73f956,d1b2f539a
q1a73f956,d1b39dacc
q1a73f956,d1b3b353e
q1a73f956,d1b32dc04
q1a73f956,d1b36b180
q1a73f956,d1b31d46c
q1a73f956,d1a726af0
q1a72bece,d1b360230
q1a72bece,d1b38cee8
q1a72bece,d1b3489dc
q1a72bece,d1b3affd8
q1a72bece,d1a72bf32
q1a72bece,d1a7118d0
q1a72bece,d1b30252c
q1a72bece,d1b352572
q1a72bece,d1a71f534
q1a72bece,d1b39b222
q1a73d908,d1b389a04
q1a73d908,d1b34b02e
q1a73d908,d1b38a3e6
q1a73d908,d1b377e58
q1a73d908,d1b3a02e0
q1a73d908,d1b3b4c2c
q1a73d908,d1b3b229c
q1a73d908,d1b3991d4
q1a73d908,d1a734894
q1a73d908,d1b2ffca0
q1a71a476,d1a71a4e4
q1a71a476,d1b302856
q1a71a476,d1b34c654
q1a71a476,d1b3af286
q1a71a476,d1b31dd7c
q1a71a476,d1b36a532
q1a71a476,d1b389e46
q1a71a476,d1b3c589c
q1a71a476,d1b395656
q1a71a476,d1a7174c4
q1a733994,d1a733a98
q1a733994,d1b36c60c
q1a733994,d1b335c1a
q1a733994,d1b390fa2
q1a733994,d1b390d90
q1a733994,d1b34e97c
q1a733994,d1b3ab668
q1a733994,d1b3c3fe2
q1a733994,d1a71f534
q1a733994,d1b3862b4
q1a735b22,d1b36df98
q1a735b22,d1b30716c
q1a735b22,d1b347b86
q1a735b22,d1b35626c
q1a735b22,d1b39dfc2
q1a735b22,d1b2f4418
q1a735b22,d1b3a4c0a
q1a735b22,d1b3387a8
q1a735b22,d1b378560
q1a735b22,d1b3bd6b0
q1a71d25c,d1b34e4e0
q1a71d25c,d1b2f0c14
q1a71d25c,d1b3578f6
q1a71d25c,d1b35d1ac
q1a71d25c,d1b307b12
q1a71d25c,d1b3712f6
q1a71d25c,d1b3935fe
q1a71d25c,d1b391948
q1a71d25c,d1b324adc
q1a71d25c,d1b30cca2
q1a71b1a0,d1b3487ac
q1a71b1a0,d1b2e9e46
q1a71b1a0,d1a729b42
q1a71b1a0,d1a71b272
q1a71b1a0,d1b2f6ad8
q1a71b1a0,d1b3a1e2e
q1a71b1a0,d1b3b353e
q1a71b1a0,d1a7218e8
q1a71b1a0,d1b34da5e
q1a71b1a0,d1b30f236
q1a72a54c,d1b3b00fa
q1a72a54c,d1b34e29c
q1a72a54c,d1b374d48
q1a72a54c,d1b36f0dc
q1a72a54c,d1b3a4aca
q1a72a54c,d1b35e57a
q1a72a54c,d1b3791b8
q1a72a54c,d1b3a2fb8
q1a72a54c,d1b30c7f2
q1a72a54c,d1b3b7238
q1a7160b0,d1b3c6bc0
q1a7160b0,d1b3b9038
q1a7160b0,d1b3bf532
q1a7160b0,d1b369f60
q1a7160b0,d1b384bc6
q1a7160b0,d1a7218e8
q1a7160b0,d1b35f90c
q1a7160b0,d1b3749c4
q1a7160b0,d1b36c60c
q1a7160b0,d1b36a532
q1a728864,d1a7289ae
q1a728864,d1b349954
q1a728864,d1a726af0
q1a728864,d1b326d46
q1a728864,d1b2f539a
q1a728864,d1b35dfda
q1a728864,d1b32f496
q1a728864,d1b2ff9bc
q1a728864,d1a723a30
q1a728864,d1b2f2c94
q1a71686c,d1a7169c0
q1a71686c,d1b36d020
q1a71686c,d1b327d22
q1a71686c,d1b372106
q1a71686c,d1b3bff82
q1a71686c,d1b31330e
q1a71686c,d1b33207e
q1a71686c,d1b31567c
q1a71686c,d1b3a079a
q1a71686c,d1b387ef2
q1a716894,d1b36d020
q1a716894,d1a7169c0
q1a716894,d1b372106
q1a716894,d1b2fb2f4
q1a716894,d1b327d22
q1a716894,d1a720dee
q1a716894,d1b2e9950
q1a716894,d1b3bff82
q1a716894,d1b31567c
q1a716894,d1b37b828
q1a721a8c,d1b324bcc
q1a721a8c,d1a721b22
q1a721a8c,d1b38a148
q1a721a8c,d1b37b562
q1a721a8c,d1b38db72
q1a721a8c,d1a73fa6e
q1a721a8c,d1a734aec
q1a721a8c,d1b3c3fe2
q1a721a8c,d1a728c1a
q1a721a8c,d1b36e98e
q1a728fe4,d1b3791b8
q1a728fe4,d1b3b4f4c
q1a728fe4,d1b324168
q1a728fe4,d1b38f58a
q1a728fe4,d1b39ee90
q1a728fe4,d1b335418
q1a728fe4,d1b34e29c
q1a728fe4,d1b349094
q1a728fe4,d1b38b426
q1a728fe4,d1b2e8924
q1a732a12,d1a71f7d2
q1a732a12,d1a732a94
q1a732a12,d1b30e5d4
q1a732a12,d1b31bba8
q1a732a12,d1b3336c2
q1a732a12,d1b2e92ac
q1a732a12,d1b3bf370
q1a732a12,d1b3a9a7a
q1a732a12,d1b3b2760
q1a732a12,d1b362fe4
q1a738ba6,d1a7310a4
q1a738ba6,d1a738d04
q1a738ba6,d1b37762e
q1a738ba6,d1a716c9a
q1a738ba6,d1b389a04
q1a738ba6,d1b3b229c
q1a738ba6,d1b3259b4
q1a738ba6,d1b34300e
q1a738ba6,d1b3991d4
q1a738ba6,d1b386d40
q1a724dcc,d1b2fc7bc
q1a724dcc,d1b3abcb2
q1a724dcc,d1b36fa96
q1a724dcc,d1b35b7bc
q1a724dcc,d1b3a9a7a
q1a724dcc,d1b31137e
q1a724dcc,d1b3a8756
q1a724dcc,d1b390fa2
q1a724dcc,d1b3a7932
q1a724dcc,d1b3495da
q1a7408ba,d1b391948
q1a7408ba,d1b36cad0
q1a7408ba,d1b352c70
q1a7408ba,d1b313eda
q1a7408ba,d1b31ae60
q1a7408ba,d1b359e3a
q1a7408ba,d1b358fda
q1a7408ba,d1b3a49c6
q1a7408ba,d1a71d310
q1a7408ba,d1b324adc
q1a72d670,d1a72d756
q1a72d670,d1b37f428
q1a72d670,d1b363a48
q1a72d670,d1b33ca56
q1a72d670,d1b38a4a4
q1a72d670,d1b31d46c
q1a72d670,d1a71fc46
q1a72d670,d1b3c5d24
q1a72d670,d1b2e7a06
q1a72d670,d1b3862b4
q1a7189d2,d1b3b8660
q1a7189d2,d1b359084
q1a7189d2,d1b3a9962
q1a7189d2,d1b397320
q1a7189d2,d1b3780ba
q1a7189d2,d1b31b176
q1a7189d2,d1b39b4fc
q1a7189d2,d1b2ed62c
q1a7189d2,d1b377714
q1a7189d2,d1b35af42
q1a727a4a,d1b389496
q1a727a4a,d1b36a6ae
q1a727a4a,d1a727b8a
q1a727a4a,d1a726af0
q1a727a4a,d1b317dd2
q1a727a4a,d1b32136e
q1a727a4a,d1b2ff9bc
q1a727a4a,d1b3862b4
q1a727a4a,d1b356758
q1a727a4a,d1b35a6c8
q1a73e650,d1a73e6aa
q1a73e650,d1b38346a
q1a73e650,d1b3bf28a
q1a73e650,d1b366568
q1a73e650,d1a72d184
q1a73e650,d1a736f40
q1a73e650,d1b3c5fe0
q1a73e650,d1b2e9086
q1a73e650,d1b2fd892
q1a73e650,d1b2fa4da
q1a724dfe,d1b33959a
q1a724dfe,d1b338bcc
q1a724dfe,d1b384482
q1a724dfe,d1b32309c
q1a724dfe,d1b3a7932
q1a724dfe,d1b3abcb2
q1a724dfe,d1a71e1e8
q1a724dfe,d1b390fa2
q1a724dfe,d1b3a9a7a
q1a724dfe,d1a724e76
q1a73bc02,d1b375a7c
q1a73bc02,d1b3bddc2
q1a73bc02,d1b343d6a
q1a73bc02,d1b3211d4
q1a73bc02,d1b36177a
q1a73bc02,d1a73bd10
q1a73bc02,d1b330f9e
q1a73bc02,d1b346902
q1a73bc02,d1b399c2e
q1a73bc02,d1b3a0ace
q1a712172,d1a7122a8
q1a712172,d1a72f100
q1a712172,d1b36065e
q1a712172,d1b35c9dc
q1a712172,d1b38af94
q1a712172,d1b3b55fa
q1a712172,d1b38504e
q1a712172,d1b3193e4
q1a712172,d1b336c6e
q1a712172,d1b32ff9a
q1a731f40,d1a731ff4
q1a731f40,d1b33198a
q1a731f40,d1b33b3e0
q1a731f40,d1b37f0ae
q1a731f40,d1b35e57a
q1a731f40,d1b2ef3dc
q1a731f40,d1b3c8146
q1a731f40,d1b351dca
q1a731f40,d1a71f2f0
q1a731f40,d1b37bc24
q1a717b72,d1b34e72e
q1a717b72,d1b32441a
q1a717b72,d1b347d5c
q1a717b72,d1b38706a
q1a717b72,d1b2ee16c
q1a717b72,d1b35141a
q1a717b72,d1b36cad0
q1a717b72,d1b362116
q1a717b72,d1b32a568
q1a717b72,d1b2f9a8a
q1a728832,d1a7289ae
q1a728832,d1b349954
q1a728832,d1b337970
q1a728832,d1b32c3fe
q1a728832,d1a73c7c4
q1a728832,d1b332c22
q1a728832,d1b3b353e
q1a728832,d1b35446c
q1a728832,d1b2ef3dc
q1a728832,d1b3003a8
q1a741954,d1a7419cc
q1a741954,d1b3a2ac2
q1a741954,d1a72a0ce
q1a741954,d1b38d9ec
q1a741954,d1b32d7cc
q1a741954,d1a723a30
q1a741954,d1a73d426
q1a741954,d1b3b50be
q1a741954,d1b3c1bb6
q1a741954,d1b387d08
q1a7366da,d1b369c7c
q1a7366da,d1b3862b4
q1a7366da,d1b350a7e
q1a7366da,d1b389496
q1a7366da,d1b364ee8
q1a7366da,d1a72d756
q1a7366da,d1b36a6ae
q1a7366da,d1b37f428
q1a7366da,d1b33f3be
q1a7366da,d1a714cd8
q1a720d12,d1b393f5e
q1a720d12,d1b33207e
q1a720d12,d1b332740
q1a720d12,d1b3c3056
q1a720d12,d1b37b828
q1a720d12,d1a73bfc2
q1a720d12,d1a720dee
q1a720d12,d1b2edfd2
q1a720d12,d1b3c52c0
q1a720d12,d1b39f048
q1a71a5e8,d1b366658
q1a71a5e8,d1b375932
q1a71a5e8,d1b3381ea
q1a71a5e8,d1b375216
q1a71a5e8,d1b2f89dc
q1a71a5e8,d1b350b3c
q1a71a5e8,d1b3a38e6
q1a71a5e8,d1a71c082
q1a71a5e8,d1b3450d4
q1a71a5e8,d1b32401e
q1a71e346,d1b359f5c
q1a71e346,d1b3c88b2
q1a71e346,d1a71e47c
q1a71e346,d1b3b7e86
q1a71e346,d1b32f36a
q1a71e346,d1b3ba6ae
q1a71e346,d1b378560
q1a71e346,d1b32002c
q1a71e346,d1b3adc10
q1a71e346,d1b3193e4
q1a71cc30,d1a71cca8
q1a71cc30,d1b3187c8
q1a71cc30,d1b2e2826
q1a71cc30,d1b367134
q1a71cc30,d1b3b3c00
q1a71cc30,d1b304548
q1a71cc30,d1b337dbc
q1a71cc30,d1b3b0bd6
q1a71cc30,d1b378b82
q1a71cc30,d1b36f99c
q1a717988,d1b369c7c
q1a717988,d1a7179c4
q1a717988,d1b387d08
q1a717988,d1b32c020
q1a717988,d1b33f3be
q1a717988,d1a72d756
q1a717988,d1b36b180
q1a717988,d1a727b8a
q1a717988,d1b2ef3dc
q1a717988,d1b3090a2
q1a71e9e0,d1b3b7238
q1a71e9e0,d1a71ea1c
q1a71e9e0,d1a73f79e
q1a71e9e0,d1b34e29c
q1a71e9e0,d1b3b5dc0
q1a71e9e0,d1b36de6c
q1a71e9e0,d1b3b00fa
q1a71e9e0,d1a730c3a
q1a71e9e0,d1b35e57a
q1a71e9e0,d1b374d48
q1a736266,d1a7362fc
q1a736266,d1b3795dc
q1a736266,d1b344f08
q1a736266,d1b36dd36
q1a736266,d1b30c658
q1a736266,d1b31bdce
q1a736266,d1b39346e
q1a736266,d1b3a4c0a
q1a736266,d1b351262
q1a736266,d1b329e9c
q1a736b6c,d1b36b7fc
q1a736b6c,d1b398a04
q1a736b6c,d1b3134f8
q1a736b6c,d1b3ba096
q1a736b6c,d1b346902
q1a736b6c,d1b3b2760
q1a736b6c,d1b349f26
q1a736b6c,d1b309750
q1a736b6c,d1b2eead6
q1a736b6c,d1b3554b6
q1a73dbb0,d1b3aaa1a
q1a73dbb0,d1b377142
q1a73dbb0,d1b32c4da
q1a73dbb0,d1b357d56
q1a73dbb0,d1b39444a
q1a73dbb0,d1b33a3fa
q1a73dbb0,d1b3bf118
q1a73dbb0,d1b3703ba
q1a73dbb0,d1b343a22
q1a73dbb0,d1b3749c4
q1a71d766,d1b363cfa
q1a71d766,d1b31d46c
q1a71d766,d1b33959a
q1a71d766,d1b3beb3c
q1a71d766,d1b34d356
q1a71d766,d1a73b248
q1a71d766,d1b34bfec
q1a71d766,d1a72bce4
q1a71d766,d1a7183ce
q1a71d766,d1b3b041a
q1a722b6c,d1a722c66
q1a722b6c,d1b32baee
q1a722b6c,d1b38e400
q1a722b6c,d1b3604d8
q1a722b6c,d1b2e225e
q1a722b6c,d1b2ef3dc
q1a722b6c,d1a72d756
q1a722b6c,d1b35493a
q1a722b6c,d1b3bccba
q1a722b6c,d1b3beb3c
q1a72b3c0,d1a72b474
q1a72b3c0,d1a71456c
q1a72b3c0,d1b37dfd8
q1a72b3c0,d1b3afc7c
q1a72b3c0,d1b38257e
q1a72b3c0,d1b323d94
q1a72b3c0,d1b343b58
q1a72b3c0,d1b378e52
q1a72b3c0,d1a718a36
q1a72b3c0,d1b32ae78
q1a72b1f4,d1a72b258
q1a72b1f4,d1b387d08
q1a72b1f4,d1a72bce4
q1a72b1f4,d1b364ee8
q1a72b1f4,d1b2ef3dc
q1a72b1f4,d1a7419cc
q1a72b1f4,d1b32a568
q1a72b1f4,d1b3bccba
q1a72b1f4,d1b2eb0de
q1a72b1f4,d1b33959a
q1a7255c4,d1a7255f6
q1a7255c4,d1b395502
q1a7255c4,d1b2f0e94
q1a7255c4,d1b388ac8
q1a7255c4,d1b33cd08
q1a7255c4,d1b37a4a0
q1a7255c4,d1b3c5702
q1a7255c4,d1b3576b2
q1a7255c4,d1b390908
q1a7255c4,d1b3316ec
q1a73190a,d1a727e1e
q1a73190a,d1b2f2a1e
q1a73190a,d1b38a148
q1a73190a,d1b30d0f8
q1a73190a,d1b395656
q1a73190a,d1b3900e8
q1a73190a,d1b2fd234
q1a73190a,d1b3270fc
q1a73190a,d1b3c589c
q1a73190a,d1b31dd7c
q1a71d4a0,d1b39c942
q1a71d4a0,d1a71d5a4
q1a71d4a0,d1b3aa632
q1a71d4a0,d1b2eb41c
q1a71d4a0,d1b38489c
q1a71d4a0,d1b33c330
q1a71d4a0,d1b354c00
q1a71d4a0,d1b34c4ba
q1a71d4a0,d1b33709c
q1a71d4a0,d1b325342
q1a72accc,d1a72ad94
q1a72accc,d1b34befc
q1a72accc,d1b39d63a
q1a72accc,d1b3c6cec
q1a72accc,d1b384bc6
q1a72accc,d1a7326f2
q1a72accc,d1b356758
q1a72accc,d1b36474a
q1a72accc,d1b39a1ec
q1a72accc,d1b39a7e6
q1a72e2fa,d1b2fcb7c
q1a72e2fa,d1b3aefe8
q1a72e2fa,d1b3505c4
q1a72e2fa,d1b336fb6
q1a72e2fa,d1b3b0582
q1a72e2fa,d1a72e41c
q1a72e2fa,d1b324d98
q1a72e2fa,d1b351bc2
q1a72e2fa,d1a73ba68
q1a72e2fa,d1b35c9dc
q1a71746a,d1b38d8b6
q1a71746a,d1b34ab06
q1a71746a,d1b307068
q1a71746a,d1b33a846
q1a71746a,d1b35b096
q1a71746a,d1b3a8bde
q1a71746a,d1b30842c
q1a71746a,d1a7174c4
q1a71746a,d1b32cade
q1a71746a,d1b31f082
q1a73550a,d1a735816
q1a73550a,d1b37fc52
q1a73550a,d1b351974
q1a73550a,d1b3ac770
q1a73550a,d1b32c854
q1a73550a,d1b33ec7a
q1a73550a,d1b30755e
q1a73550a,d1b370540
q1a73550a,d1b3983ba
q1a73550a,d1b38f878
q1a7391aa,d1a73920e
q1a7391aa,d1b3457fa
q1a7391aa,d1b34159c
q1a7391aa,d1b304548
q1a7391aa,d1b3aeb92
q1a7391aa,d1b34baf6
q1a7391aa,d1b3b3c00
q1a7391aa,d1b34db9e
q1a7391aa,d1a71cca8
q1a7391aa,d1b3aa24a
q1a73df34,d1b389496
q1a73df34,d1b37aaf4
q1a73df34,d1b3862b4
q1a73df34,d1b36a6ae
q1a73df34,d1b356758
q1a73df34,d1b39ca32
q1a73df34,d1b2e42de
q1a73df34,d1b30d0f8
q1a73df34,d1a728c1a
q1a73df34,d1b3b3764
q1a711e7a,d1a711fd8
q1a711e7a,d1a7183ce
q1a711e7a,d1b30b0a0
q1a711e7a,d1b34b31c
q1a711e7a,d1b3170d0
q1a711e7a,d1a7289ae
q1a711e7a,d1b38ffda
q1a711e7a,d1b35b096
q1a711e7a,d1b338bcc
q1a711e7a,d1b33959a
q1a734812,d1b3a0f92
q1a734812,d1b3a9868
q1a734812,d1b3c4d8e
q1a734812,d1b36136a
q1a734812,d1b33ec7a
q1a734812,d1b30755e
q1a734812,d1b370540
q1a734812,d1b3abdac
q1a734812,d1b36d8ae
q1a734812,d1b34adcc
q1a738692,d1b36c06c
q1a738692,d1b3441a2
q1a738692,d1a72dc10
q1a738692,d1b38d3fc
q1a738692,d1b343e64
q1a738692,d1b326508
q1a738692,d1b33959a
q1a738692,d1b324168
q1a738692,d1b3a781a
q1a738692,d1b3b5c94
q1a737c6a,d1a737d96
q1a737c6a,d1b337a92
q1a737c6a,d1b39a7e6
q1a737c6a,d1b3c7a70
q1a737c6a,d1b2e4c34
q1a737c6a,d1b3c1bb6
q1a737c6a,d1b3b08f2
q1a737c6a,d1b34ffca
q1a737c6a,d1b356758
q1a737c6a,d1b36639c
q1a737d50,d1b337a92
q1a737d50,d1a727b8a
q1a737d50,d1a714cd8
q1a737d50,d1b3c7a70
q1a737d50,d1b36a6ae
q1a737d50,d1b389496
q1a737d50,d1b34ffca
q1a737d50,d1b34fc64
q1a737d50,d1b356758
q1a737d50,d1b3862b4
q1a71cc58,d1a71cca8
q1a71cc58,d1b3bc1a2
q1a71cc58,d1b3b3c00
q1a71cc58,d1b35f150
q1a71cc58,d1b367134
q1a71cc58,d1b3187c8
q1a71cc58,d1b304548
q1a71cc58,d1b340598
q1a71cc58,d1b2e2826
q1a71cc58,d1b337dbc
q1a71d798,d1a71d82e
q1a71d798,d1b334c52
q1a71d798,d1a72e818
q1a71d798,d1b38ba70
q1a71d798,d1b3af434
q1a71d798,d1b379c4e
q1a71d798,d1b32a91e
q1a71d798,d1b321580
q1a71d798,d1b3b82e6
q1a71d798,d1a714a58
q1a74197c,d1a7419cc
q1a74197c,d1a72a0ce
q1a74197c,d1b3a2ac2
q1a74197c,d1b3c31be
q1a74197c,d1b349954
q1a74197c,d1a723a30
q1a74197c,d1a73d426
q1a74197c,d1b32d7cc
q1a74197c,d1b33da8c
q1a74197c,d1b387d08
q1a71762c,d1a7177a8
q1a71762c,d1a721654
q1a71762c,d1b38fa3a
q1a71762c,d1b3b3764
q1a71762c,d1b38f2ba
q1a71762c,d1b3c5be4
q1a71762c,d1b33ce20
q1a71762c,d1b395b9c
q1a71762c,d1b35de90
q1a71762c,d1b351028
q1a720420,d1b3a8756
q1a720420,d1b31137e
q1a720420,d1b3abcb2
q1a720420,d1b3495da
q1a720420,d1b2f345a
q1a720420,d1a72c19e
q1a720420,d1b3061a4
q1a720420,d1b3bb81a
q1a720420,d1a720542
q1a720420,d1a71e1e8
q1a71f480,d1b391e34
q1a71f480,d1a71f534
q1a71f480,d1b39d270
q1a71f480,d1b3b23be
q1a71f480,d1b3797e4
q1a71f480,d1b35c9dc
q1a71f480,d1b3b2576
q1a71f480,d1b2e8d98
q1a71f480,d1b3a1f8c
q1a71f480,d1b334f90
q1a73c986,d1a73ca80
q1a73c986,d1b3630ca
q1a73c986,d1b3a6fa0
q1a73c986,d1b35de90
q1a73c986,d1b3a02e0
q1a73c986,d1b342b5e
q1a73c986,d1b3c4514
q1a73c986,d1b351262
q1a73c986,d1b301456
q1a73c986,d1b38ed06
q1a73d084,d1b3a52c2
q1a73d084,d1b309750
q1a73d084,d1b34bd44
q1a73d084,d1b360cc6
q1a73d084,d1b346902
q1a73d084,d1b33cb1e
q1a73d084,d1b318b92
q1a73d084,d1b34dca2
q1a73d084,d1b31c274
q1a73d084,d1b367b34
q1a7405e0,d1a74070c
q1a7405e0,d1b300a4c
q1a7405e0,d1b34d946
q1a7405e0,d1b37ff2c
q1a7405e0,d1a741bd4
q1a7405e0,d1b3be6fa
q1a7405e0,d1b32e28a
q1a7405e0,d1a7285e4
q1a7405e0,d1b375108
q1a7405e0,d1b3a59ca
q1a720a42,d1b3a0c72
q1a720a42,d1a720a88
q1a720a42,d1b3c4b36
q1a720a42,d1b3bdf66
q1a720a42,d1a72f100
q1a720a42,d1b336fb6
q1a720a42,d1b364542
q1a720a42,d1b3505c4
q1a720a42,d1b393784
q1a720a42,d1b3a863e
q1a727306,d1b3a3490
q1a727306,d1b31c274
q1a727306,d1b370c02
q1a727306,d1b3573f6
q1a727306,d1b3239fc
q1a727306,d1b309750
q1a727306,d1b329e9c
q1a727306,d1b38dd7a
q1a727306,d1b301456
q1a727306,d1b30b2c6
q1a72c694,d1b30812a
q1a72c694,d1b36cd96
q1a72c694,d1b377e58
q1a72c694,d1b31457e
q1a72c694,d1b30c32e
q1a72c694,d1a72c798
q1a72c694,d1b38c9f2
q1a72c694,d1b34b02e
q1a72c694,d1a719184
q1a72c694,d1b3991d4
q1a737efe,d1a7237ce
q1a737efe,d1b3006dc
q1a737efe,d1b3a3c88
q1a737efe,d1a738034
q1a737efe,d1a72031c
q1a737efe,d1b363cfa
q1a737efe,d1b38835c
q1a737efe,d1b2f5e76
q1a737efe,d1b367e4a
q1a737efe,d1b2eaec2
q1a72a9ac,d1a72aac4
q1a72a9ac,d1b306456
q1a72a9ac,d1b2fb4a2
q1a72a9ac,d1b3386b8
q1a72a9ac,d1b32b1f2
q1a72a9ac,d1b35b8b6
q1a72a9ac,d1b3495da
q1a72a9ac,d1b328bdc
q1a72a9ac,d1b320608
q1a72a9ac,d1b2e3a5a
q1a727d7e,d1b346114
q1a727d7e,d1b34bfec
q1a727d7e,d1a727e1e
q1a727d7e,d1b3beb3c
q1a727d7e,d1b34e080
q1a727d7e,d1b371440
q1a727d7e,d1b32e9b0
q1a727d7e,d1b36aab4
q1a727d7e,d1b37f0ae
q1a727d7e,d1b35a6c8
q1a716b96,d1b377e58
q1a716b96,d1b3b229c
q1a716b96,d1b35243c
q1a716b96,d1b30812a
q1a716b96,d1b389a04
q1a716b96,d1b38a3e6
q1a716b96,d1b3ab168
q1a716b96,d1b37c4d0
q1a716b96,d1b3991d4
q1a716b96,d1b34b02e
q1a72de9a,d1b3b4ac4
q1a72de9a,d1b380a62
q1a72de9a,d1a7138d8
q1a72de9a,d1b3c8362
q1a72de9a,d1b34d270
q1a72de9a,d1b2f65ce
q1a72de9a,d1b33db86
q1a72de9a,d1b3881ae
q1a72de9a,d1b372840
q1a72de9a,d1b34d946
q1a714530,d1b386822
q1a714530,d1b39f78c
q1a714530,d1a73bfc2
q1a714530,d1b3a6942
q1a714530,d1b33143a
q1a714530,d1b3ad242
q1a714530,d1b35b7bc
q1a714530,d1b359084
q1a714530,d1b31dae8
q1a714530,d1b2ecc5e
q1a71f8d6,d1b39c5b4
q1a71f8d6,d1b2ee16c
q1a71f8d6,d1b33d9ba
q1a71f8d6,d1b38706a
q1a71f8d6,d1b339068
q1a71f8d6,d1b3a7720
q1a71f8d6,d1b36cad0
q1a71f8d6,d1b326724
q1a71f8d6,d1a717c44
q1a71f8d6,d1b33ff62
q1a71cba4,d1a71cca8
q1a71cba4,d1b3a0eb6
q1a71cba4,d1b34baf6
q1a71cba4,d1b35f150
q1a71cba4,d1b3187c8
q1a71cba4,d1b3b0bd6
q1a71cba4,d1b3bfe6a
q1a71cba4,d1b36001e
q1a71cba4,d1b34d270
q1a71cba4,d1b3b5438
q1a712d7a,d1a712ec4
q1a712d7a,d1b37c32c
q1a712d7a,d1b34a9f8
q1a712d7a,d1b3029aa
q1a712d7a,d1b363192
q1a712d7a,d1a7411b6
q1a712d7a,d1b358008
q1a712d7a,d1b2f48d2
q1a712d7a,d1b369218
q1a712d7a,d1b35a862
q1a734fa6,d1a735078
q1a734fa6,d1b364d08
q1a734fa6,d1a7331d8
q1a734fa6,d1b371a9e
q1a734fa6,d1b3309ea
q1a734fa6,d1b3abdac
q1a734fa6,d1b32b54e
q1a734fa6,d1b31b40a
q1a734fa6,d1b3b308e
q1a734fa6,d1b2e46e4
q1a71a1f6,d1b39690c
q1a71a1f6,d1b306aa0
q1a71a1f6,d1b31f906
q1a71a1f6,d1b3a11a4
q1a71a1f6,d1b3a009c
q1a71a1f6,d1b36cf58
q1a71a1f6,d1b3921e0
q1a71a1f6,d1b34cdfc
q1a71a1f6,d1b32c4da
q1a71a1f6,d1b326f12
q1a736932,d1b3bf6e0
q1a736932,d1b3a8bde
q1a736932,d1b2edfd2
q1a736932,d1b33207e
q1a736932,d1b3c014e
q1a736932,d1a73bfc2
q1a736932,d1b3673aa
q1a736932,d1b3ae124
q1a736932,d1b373862
q1a736932,d1b385eae
q1a7279b4,d1a727b8a
q1a7279b4,d1b350a7e
q1a7279b4,d1a72d756
q1a7279b4,d1b3b8f0c
q1a7279b4,d1b36b180
q1a7279b4,d1b37f428
q1a7279b4,d1b35446c
q1a7279b4,d1a71dd10
q1a7279b4,d1a723a30
q1a7279b4,d1b31d46c
q1a7379f4,d1b3b20f8
q1a7379f4,d1b378fa6
q1a7379f4,d1b3ab398
q1a7379f4,d1b31607c
q1a7379f4,d1b364ee8
q1a7379f4,d1b33d9ba
q1a7379f4,d1b379078
q1a7379f4,d1b34147a
q1a7379f4,d1b307fae
q1a7379f4,d1b342b5e
q1a72b5dc,d1a72b690
q1a72b5dc,d1b349d0a
q1a72b5dc,d1b3a863e
q1a72b5dc,d1b36abc2
q1a72b5dc,d1b34a9f8
q1a72b5dc,d1b364542
q1a72b5dc,d1b3813b8
q1a72b5dc,d1b361a04
q1a72b5dc,d1b3795dc
q1a72b5dc,d1b344968
q1a73058c,d1b330422
q1a73058c,d1b3304fe
q1a73058c,d1b32a91e
q1a73058c,d1b38f58a
q1a73058c,d1a726d7a
q1a73058c,d1b3b4f4c
q1a73058c,d1b378ab0
q1a73058c,d1b335418
q1a73058c,d1b374d48
q1a73058c,d1b324168
q1a72c05e,d1b31137e
q1a72c05e,d1b3061a4
q1a72c05e,d1a72c19e
q1a72c05e,d1b2efec2
q1a72c05e,d1b3495da
q1a72c05e,d1b3bb81a
q1a72c05e,d1b371d0a
q1a72c05e,d1a71e1e8
q1a72c05e,d1b35b7bc
q1a72c05e,d1b3a8756
q1a739d12,d1a739e3e
q1a739d12,d1b3ace32
q1a739d12,d1b307b12
q1a739d12,d1b2e387a
q1a739d12,d1b350f2e
q1a739d12,d1b32fd60
q1a739d12,d1b3764f4
q1a739d12,d1b31ae60
q1a739d12,d1b382c04
q1a739d12,d1b2e74c0
q1a729ffc,d1a72a0ce
q1a729ffc,d1b3a2ac2
q1a729ffc,d1b32d7cc
q1a729ffc,d1a7183ce
q1a729ffc,d1a73c7c4
q1a729ffc,d1b3b353e
q1a729ffc,d1b35446c
q1a729ffc,d1a7419cc
q1a729ffc,d1b306aa0
q1a729ffc,d1b36cf58
q1a717956,d1a7179c4
q1a717956,d1b3aeca0
q1a717956,d1b390e62
q1a717956,d1b3668c4
q1a717956,d1b369c7c
q1a717956,d1b3861b0
q1a717956,d1b3983ba
q1a717956,d1b387d08
q1a717956,d1b3c1bb6
q1a717956,d1b36b5ae
q1a7323dc,d1a7324d6
q1a7323dc,d1b3bab22
q1a7323dc,d1b30df3a
q1a7323dc,d1b395cd2
q1a7323dc,d1b317dd2
q1a7323dc,d1b31e7a4
q1a7323dc,d1b3090a2
q1a7323dc,d1b2ecc5e
q1a7323dc,d1b390d90
q1a7323dc,d1b38e658
q1a725e48,d1a725f60
q1a725e48,d1b382998
q1a725e48,d1b3bff82
q1a725e48,d1b380724
q1a725e48,d1b38716e
q1a725e48,d1b3bdaa2
q1a725e48,d1b32441a
q1a725e48,d1b3abcb2
q1a725e48,d1b33a9ea
q1a725e48,d1b390fa2
q1a71de96,d1a71df22
q1a71de96,d1a74070c
q1a71de96,d1b2e55ee
q1a71de96,d1b3514c4
q1a71de96,d1b38716e
q1a71de96,d1a73ad20
q1a71de96,d1b2f783e
q1a71de96,d1a741bd4
q1a71de96,d1b35f9d4
q1a71de96,d1b39034a
q1a7146ac,d1b3471ea
q1a7146ac,d1b375874
q1a7146ac,d1b3af34e
q1a7146ac,d1b359674
q1a7146ac,d1a723c42
q1a7146ac,d1b2e766e
q1a7146ac,d1b36fe9c
q1a7146ac,d1b34a228
q1a7146ac,d1b3babf4
q1a7146ac,d1b35aae2
q1a727338,d1b321864
q1a727338,d1b3bfb40
q1a727338,d1b3a6fa0
q1a727338,d1b3a3490
q1a727338,d1b33cb1e
q1a727338,d1b367b34
q1a727338,d1b31c274
q1a727338,d1b309750
q1a727338,d1b3ad616
q1a727338,d1b3ada80
q1a730924,d1b3a1e2e
q1a730924,d1a7309a6
q1a730924,d1b2f2c94
q1a730924,d1a725d26
q1a730924,d1b30f236
q1a730924,d1b2e50e4
q1a730924,d1b38008a
q1a730924,d1b3a7ef0
q1a730924,d1b38c498
q1a730924,d1b3441a2
q1a712a14,d1a712ba4
q1a712a14,d1b3bfb40
q1a712a14,d1b370c02
q1a712a14,d1b39f4bc
q1a712a14,d1b34b416
q1a712a14,d1b32f6da
q1a712a14,d1b366126
q1a712a14,d1b38dd7a
q1a712a14,d1b2fe508
q1a712a14,d1b2f9698
q1a7258ee,d1a725a2e
q1a7258ee,d1b3b20f8
q1a7258ee,d1b31e6b4
q1a7258ee,d1b3ab398
q1a7258ee,d1b30a394
q1a7258ee,d1a71f084
q1a7258ee,d1b317bac
q1a7258ee,d1b31330e
q1a7258ee,d1b34f5a2
q1a7258ee,d1b35575e
q1a717bcc,d1a717c44
q1a717bcc,d1b2e585a
q1a717bcc,d1b325f2c
q1a717bcc,d1b323290
q1a717bcc,d1b38283a
q1a717bcc,d1b3a31ca
q1a717bcc,d1b390a2a
q1a717bcc,d1b359e3a
q1a717bcc,d1a740a0e
q1a717bcc,d1b326724
q1a72f736,d1b30edb8
q1a72f736,d1b350100
q1a72f736,d1b321094
q1a72f736,d1a714cd8
q1a72f736,d1a71dd10
q1a72f736,d1b313dcc
q1a72f736,d1b369a38
q1a72f736,d1b389496
q1a72f736,d1b39336a
q1a72f736,d1b37f0ae
q1a73d8d6,d1a73d944
q1a73d8d6,d1b3b4c2c
q1a73d8d6,d1b3aa344
q1a73d8d6,d1b384f36
q1a73d8d6,d1b304fca
q1a73d8d6,d1b36cbc0
q1a73d8d6,d1b3ae232
q1a73d8d6,d1b3b80ac
q1a73d8d6,d1b2ff4b2
q1a73d8d6,d1b3174e0
q1a7215dc,d1b38464e
q1a7215dc,d1a713428
q1a7215dc,d1b39ca32
q1a7215dc,d1b358efe
q1a7215dc,d1b374794
q1a7215dc,d1b37aaf4
q1a7215dc,d1b3bf6e0
q1a7215dc,d1b34fc64
q1a7215dc,d1b33efcc
q1a7215dc,d1b3a8bde
q1a7137b6,d1b380a62
q1a7137b6,d1b32b986
q1a7137b6,d1b372840
q1a7137b6,d1a7138d8
q1a7137b6,d1b379f64
q1a7137b6,d1a7270c2
q1a7137b6,d1b3881ae
q1a7137b6,d1b301ffa
q1a7137b6,d1b3c8362
q1a7137b6,d1b33db86
q1a726fc8,d1a7270c2
q1a726fc8,d1b34e4e0
q1a726fc8,d1b3c8362
q1a726fc8,d1b33ba66
q1a726fc8,d1b2f0c14
q1a726fc8,d1b36fdf2
q1a726fc8,d1b32fd60
q1a726fc8,d1b3712f6
q1a726fc8,d1b39c5b4
q1a726fc8,d1b33347e
q1a73f6b8,d1b37796c
q1a73f6b8,d1a730c3a
q1a73f6b8,d1b37188c
q1a73f6b8,d1a73f79e
q1a73f6b8,d1b354e62
q1a73f6b8,d1b3bd598
q1a73f6b8,d1b377840
q1a73f6b8,d1b31fef6
q1a73f6b8,d1b3b5c94
q1a73f6b8,d1a7413dc
q1a722b9e,d1a722c66
q1a722b9e,d1a72d756
q1a722b9e,d1b2ef3dc
q1a722b9e,d1b32baee
q1a722b9e,d1b2e225e
q1a722b9e,d1b2f2c94
q1a722b9e,d1b38e400
q1a722b9e,d1b35493a
q1a722b9e,d1b3604d8
q1a722b9e,d1b3beb3c
q1a7157e6,d1b2f3a5e
q1a7157e6,d1b3b229c
q1a7157e6,d1b377e58
q1a7157e6,d1b389a04
q1a7157e6,d1b35243c
q1a7157e6,d1a72c798
q1a7157e6,d1b37bddc
q1a7157e6,d1b37762e
q1a7157e6,d1b2ffca0
q1a7157e6,d1b34b02e
q1a7386ec,d1b3a2bc6
q1a7386ec,d1b2f9daa
q1a7386ec,d1b317652
q1a7386ec,d1b35141a
q1a7386ec,d1a730c3a
q1a7386ec,d1b3b00fa
q1a7386ec,d1b36de6c
q1a7386ec,d1b34e29c
q1a7386ec,d1b374d48
q1a7386ec,d1b36b914
q1a737fee,d1a738034
q1a737fee,d1b363dc2
q1a737fee,d1b3780ba
q1a737fee,d1b37c246
q1a737fee,d1b32dce0
q1a737fee,d1b3b8660
q1a737fee,d1b323d94
q1a737fee,d1a740c66
q1a737fee,d1b3a9962
q1a737fee,d1b379078
q1a729354,d1a72949e
q1a729354,d1b372692
q1a729354,d1b3b7f94
q1a729354,d1b3280ce
q1a729354,d1b39de46
q1a729354,d1b301a6e
q1a729354,d1b2fd234
q1a729354,d1b3bb5b8
q1a729354,d1b36dc82
q1a729354,d1b3689e4
q1a732198,d1b378560
q1a732198,d1a7322b0
q1a732198,d1b35c9dc
q1a732198,d1b38af94
q1a732198,d1a7250b0
q1a732198,d1b3c2228
q1a732198,d1b338c9e
q1a732198,d1b3a4c0a
q1a732198,d1b3952fa
q1a732198,d1b2f4418
q1a728be8,d1b36b180
q1a728be8,d1b39dacc
q1a728be8,d1b31d46c
q1a728be8,d1b369c7c
q1a728be8,d1b390570
q1a728be8,d1a736054
q1a728be8,d1b387d08
q1a728be8,d1a727b8a
q1a728be8,d1b32c020
q1a728be8,d1b33f3be
q1a73e600,d1a72d184
q1a73e600,d1b366568
q1a73e600,d1b2fa4da
q1a73e600,d1b30af92
q1a73e600,d1a736f40
q1a73e600,d1a73e6aa
q1a73e600,d1b3be84e
q1a73e600,d1b2ee16c
q1a73e600,d1b3bf28a
q1a73e600,d1b370540
q1a71415c,d1a719738
q1a71415c,d1a714224
q1a71415c,d1b300d1c
q1a71415c,d1b31137e
q1a71415c,d1b378d4e
q1a71415c,d1b352f68
q1a71415c,d1b33cd08
q1a71415c,d1b3686ec
q1a71415c,d1b3a9c50
q1a71415c,d1b3345c2
q1a735f28,d1a736054
q1a735f28,d1b34c654
q1a735f28,d1b33c038
q1a735f28,d1b326d46
q1a735f28,d1b32360a
q1a735f28,d1a726af0
q1a735f28,d1b2ff9bc
q1a735f28,d1b317dd2
q1a735f28,d1b39aaca
q1a735f28,d1b3aeca0
q1a738f2a,d1b3c4c80
q1a738f2a,d1a738fb6
q1a738f2a,d1b3662d4
q1a738f2a,d1b3945e4
q1a738f2a,d1b366e96
q1a738f2a,d1a716c9a
q1a738f2a,d1a719184
q1a738f2a,d1b391f92
q1a738f2a,d1b386d40
q1a738f2a,d1b3685de
q1a73a546,d1a73a62c
q1a73a546,d1b3afaba
q1a73a546,d1b3952fa
q1a73a546,d1b378560
q1a73a546,d1b3ad8aa
q1a73a546,d1a72f100
q1a73a546,d1b3c7c0a
q1a73a546,d1a713f36
q1a73a546,d1b3bfe6a
q1a73a546,d1b2f4418
q1a72967e,d1a7296ba
q1a72967e,d1b310168
q1a72967e,d1b2fa340
q1a72967e,d1b2f7fd2
q1a72967e,d1b3ae55c
q1a72967e,d1b3061a4
q1a72967e,d1b3a41c4
q1a72967e,d1b3a12a8
q1a72967e,d1b30388c
q1a72967e,d1b31a1cc
q1a717b9a,d1b310168
q1a717b9a,d1a7296ba
q1a717b9a,d1b3764f4
q1a717b9a,d1b34107e
q1a717b9a,d1b33b75a
q1a717b9a,d1b3aad30
q1a717b9a,d1a717c44
q1a717b9a,d1b3b362e
q1a717b9a,d1b3c794e
q1a717b9a,d1b387d08
q1a724ab6,d1a724bd8
q1a724ab6,d1b32401e
q1a724ab6,d1a713428
q1a724ab6,d1a731748
q1a724ab6,d1b351dca
q1a724ab6,d1b2f4094
q1a724ab6,d1b2fc690
q1a724ab6,d1b3b762a
q1a724ab6,d1b3b29c2
q1a724ab6,d1b342c1c
q1a735f78,d1b304b42
q1a735f78,d1b3c50d6
q1a735f78,d1a7218e8
q1a735f78,d1b379906
q1a735f78,d1b3879b6
q1a735f78,d1a72bce4
q1a735f78,d1b2e225e
q1a735f78,d1b36ef9c
q1a735f78,d1b3925aa
q1a735f78,d1b349b3e
q1a72a24a,d1a72a358
q1a72a24a,d1a7187f2
q1a72a24a,d1b3b50be
q1a72a24a,d1b36279c
q1a72a24a,d1b3958ea
q1a72a24a,d1b2eed56
q1a72a24a,d1b2f23f2
q1a72a24a,d1b3c3e8e
q1a72a24a,d1b34befc
q1a72a24a,d1b347744
q1a72c2ca,d1a72c40a
q1a72c2ca,d1b2ef24c
q1a72c2ca,d1b38dd7a
q1a72c2ca,d1b2f9698
q1a72c2ca,d1b3a2cf2
q1a72c2ca,d1b2e585a
q1a72c2ca,d1b3000ba
q1a72c2ca,d1b36ec4a
q1a72c2ca,d1b3bfd5c
q1a72c2ca,d1b36f99c
q1a73c954,d1a73ca80
q1a73c954,d1b3acef0
q1a73c954,d1b325108
q1a73c954,d1b34be20
q1a73c954,d1b2fb01a
q1a73c954,d1b3a12a8
q1a73c954,d1b325f2c
q1a73c954,d1b373150
q1a73c954,d1b356f0a
q1a73c954,d1b3b4182
q1a73d886,d1a73d944
q1a73d886,d1b33a314
q1a73d886,d1b36cbc0
q1a73d886,d1b3a5d1c
q1a73d886,d1b304fca
q1a73d886,d1b35d094
q1a73d886,d1b365708
q1a73d886,d1b387dee
q1a73d886,d1b319ea2
q1a73d886,d1b33423e
q1a73b374,d1a73ba68
q1a73b374,d1b2f0d72
q1a73b374,d1b3c06da
q1a73b374,d1a73b46e
q1a73b374,d1b309a8e
q1a73b374,d1b3813b8
q1a73b374,d1b3a863e
q1a73b374,d1b3a0c72
q1a73b374,d1b34e18e
q1a73b374,d1b32863c
q1a7406bc,d1a74070c
q1a7406bc,d1a71c082
q1a7406bc,d1b39ed82
q1a7406bc,d1b3183d6
q1a7406bc,d1a71f7d2
q1a7406bc,d1b315bcc
q1a7406bc,d1b369c7c
q1a7406bc,d1b388e88
q1a7406bc,d1b2fe508
q1a7406bc,d1b3af9ca
q1a72b60e,d1b327fa2
q1a72b60e,d1b3c874a
q1a72b60e,d1b3890d6
q1a72b60e,d1a72b690
q1a72b60e,d1b336fb6
q1a72b60e,d1b3946fc
q1a72b60e,d1b3a0c72
q1a72b60e,d1b3b308e
q1a72b60e,d1b36398a
q1a72b60e,d1b349d0a
q1a72ce82,d1b307c48
q1a72ce82,d1b31b4fa
q1a72ce82,d1a72cf18
q1a72ce82,d1b3a277a
q1a72ce82,d1b3b4cea
q1a72ce82,d1b3a7f9a
q1a72ce82,d1a740464
q1a72ce82,d1b3504c0
q1a72ce82,d1b310cd0
q1a72ce82,d1b3a3288
q1a73ef92,d1a73f046
q1a73ef92,d1b3abdac
q1a73ef92,d1b364d08
q1a73ef92,d1b3ad616
q1a73ef92,d1b3309ea
q1a73ef92,d1b2ea634
q1a73ef92,d1a735078
q1a73ef92,d1b3b308e
q1a73ef92,d1b3971fe
q1a73ef92,d1b368d7c
q1a71f9bc,d1b3ad242
q1a71f9bc,d1b2f68da
q1a71f9bc,d1b3576b2
q1a71f9bc,d1b3a2cf2
q1a71f9bc,d1b38c9f2
q1a71f9bc,d1b356866
q1a71f9bc,d1a73f564
q1a71f9bc,d1b3aeb92
q1a71f9bc,d1b3adf26
q1a71f9bc,d1b382998
q1a711740,d1a7118d0
q1a711740,d1b36b5ae
q1a711740,d1b37f1d0
q1a711740,d1b36136a
q1a711740,d1b2e50e4
q1a711740,d1b364ee8
q1a711740,d1b391c4a
q1a711740,d1b337c7c
q1a711740,d1b3affd8
q1a711740,d1b375054
q1a724160,d1a724228
q1a724160,d1b33c038
q1a724160,d1b3becc2
q1a724160,d1b31a0d2
q1a724160,d1b3c50d6
q1a724160,d1b38353c
q1a724160,d1b2fe102
q1a724160,d1a72a358
q1a724160,d1b3c460e
q1a724160,d1b386822
q1a721230,d1b33b3e0
q1a721230,d1a72135c
q1a721230,d1b34d356
q1a721230,d1b37b97c
q1a721230,d1b33a9ea
q1a721230,d1b3394aa
q1a721230,d1a71bb78
q1a721230,d1b39c6ea
q1a721230,d1b3b553c
q1a721230,d1b2fbe34
q1a721c9e,d1a721d34
q1a721c9e,d1b34bd44
q1a721c9e,d1b3a9174
q1a721c9e,d1b388000
q1a721c9e,d1b3994cc
q1a721c9e,d1b38c074
q1a721c9e,d1a73d19c
q1a721c9e,d1b33cb1e
q1a721c9e,d1b367b34
q1a721c9e,d1b37a7a2
q1a737f30,d1b36b7fc
q1a737f30,d1b398a04
q1a737f30,d1b3134f8
q1a737f30,d1b3ba096
q1a737f30,d1b346902
q1a737f30,d1b3b2760
q1a737f30,d1b349f26
q1a737f30,d1b309750
q1a737f30,d1b2eead6
q1a737f30,d1b3554b6
q1a735af0,d1a735c44
q1a735af0,d1b322700
q1a735af0,d1b398b80
q1a735af0,d1b364362
q1a735af0,d1b39dfc2
q1a735af0,d1b37afa4
q1a735af0,d1b346754
q1a735af0,d1b344f08
q1a735af0,d1b3387a8
q1a735af0,d1b347b86
q1a738f02,d1b3c4c80
q1a738f02,d1a738fb6
q1a738f02,d1a716c9a
q1a738f02,d1b32cade
q1a738f02,d1b3945e4
q1a738f02,d1b3685de
q1a738f02,d1b396510
q1a738f02,d1b391f92
q1a738f02,d1a719184
q1a738f02,d1b3ad526
q1a71f232,d1b307068
q1a71f232,d1b36a532
q1a71f232,d1b3af5a6
q1a71f232,d1a71a4e4
q1a71f232,d1b378fa6
q1a71f232,d1a727e1e
q1a71f232,d1a73e402
q1a71f232,d1b356de8
q1a71f232,d1b355ee8
q1a71f232,d1b31dd7c
q1a71ba74,d1a71bb78
q1a71ba74,d1b39c6ea
q1a71ba74,d1b33b3e0
q1a71ba74,d1b39b4fc
q1a71ba74,d1b37b97c
q1a71ba74,d1b3394aa
q1a71ba74,d1b3a4ea8
q1a71ba74,d1b3711d4
q1a71ba74,d1a72135c
q1a71ba74,d1b34d356
q1a72fad8,d1a72fbe6
q1a72fad8,d1b33ff62
q1a72fad8,d1b3a2e78
q1a72fad8,d1b3150c8
q1a72fad8,d1b32a07c
q1a72fad8,d1b37743a
q1a72fad8,d1b36fb72
q1a72fad8,d1b31e6b4
q1a72fad8,d1b367e4a
q1a72fad8,d1b33cd08
q1a7282d8,d1b361b12
q1a7282d8,d1a7283d2
q1a7282d8,d1b32ab9e
q1a7282d8,d1b3b0226
q1a7282d8,d1b3af434
q1a7282d8,d1b353b48
q1a7282d8,d1a71d82e
q1a7282d8,d1b3967cc
q1a7282d8,d1b30d418
q1a7282d8,d1a72e818
q1a718914,d1a718a36
q1a718914,d1b378e52
q1a718914,d1b323d94
q1a718914,d1b352932
q1a718914,d1b2ef5c6
q1a718914,d1a71456c
q1a718914,d1b3866b0
q1a718914,d1b3558a8
q1a718914,d1b358990
q1a718914,d1b33a1de
q1a71d9f0,d1a71da5e
q1a71d9f0,d1b3c8998
q1a71d9f0,d1a73f2c6
q1a71d9f0,d1b3c4d8e
q1a71d9f0,d1b352572
q1a71d9f0,d1b34adcc
q1a71d9f0,d1b3a9868
q1a71d9f0,d1b36136a
q1a71d9f0,d1b36b5ae
q1a71d9f0,d1b326508
q1a731978,d1b39dacc
q1a731978,d1b327b92
q1a731978,d1b31d46c
q1a731978,d1a736054
q1a731978,d1b33c038
q1a731978,d1b38cee8
q1a731978,d1b3b9038
q1a731978,d1b32c020
q1a731978,d1b3c1bb6
q1a731978,d1b3c460e
q1a736ef0,d1a736f40
q1a736ef0,d1b34e080
q1a736ef0,d1b36fb72
q1a736ef0,d1b3bdaa2
q1a736ef0,d1b3a6fa0
q1a736ef0,d1b38346a
q1a736ef0,d1b2f0c14
q1a736ef0,d1b3b9a42
q1a736ef0,d1b32fd60
q1a736ef0,d1b3420e6
q1a732666,d1b327b92
q1a732666,d1b3c1bb6
q1a732666,d1b389496
q1a732666,d1b38cee8
q1a732666,d1b394044
q1a732666,d1b3879b6
q1a732666,d1b3489dc
q1a732666,d1b34f3a4
q1a732666,d1b34823e
q1a732666,d1b36a6ae
q1a71efda,d1b397320
q1a71efda,d1b2ed62c
q1a71efda,d1b343752
q1a71efda,d1b3780ba
q1a71efda,d1b31b176
q1a71efda,d1b3a9962
q1a71efda,d1b3b8660
q1a71efda,d1b377714
q1a71efda,d1b351cbc
q1a71efda,d1b3b7382
q1a73574e,d1b3422b2
q1a73574e,d1b386822
q1a73574e,d1b3bcea4
q1a73574e,d1b34cc44
q1a73574e,d1a7265a0
q1a73574e,d1b31e6b4
q1a73574e,d1b31925e
q1a73574e,d1b3078b0
q1a73574e,d1b351faa
q1a73574e,d1b319038
q1a72af38,d1a72b046
q1a72af38,d1a711510
q1a72af38,d1b359ce6
q1a72af38,d1b301a6e
q1a72af38,d1a715854
q1a72af38,d1b3143b2
q1a72af38,d1b3061a4
q1a72af38,d1b327606
q1a72af38,d1b38f3c8
q1a72af38,d1b38e658
q1a736676,d1b343c66
q1a736676,d1b3bf6e0
q1a736676,d1b388e88
q1a736676,d1b3a6942
q1a736676,d1b3ae55c
q1a736676,d1b33d4b0
q1a736676,d1b372106
q1a736676,d1b2efb8e
q1a736676,d1a732ce2
q1a736676,d1b38d8b6
q1a7333fe,d1b368c82
q1a7333fe,d1b38b32c
q1a7333fe,d1b3a1c8a
q1a7333fe,d1b3b641e
q1a7333fe,d1b33add2
q1a7333fe,d1b350b3c
q1a7333fe,d1b351a3c
q1a7333fe,d1b334aea
q1a7333fe,d1b3052cc
q1a7333fe,d1a71c082
q1a7347b8,d1b3c4d8e
q1a7347b8,d1b391a42
q1a7347b8,d1a734894
q1a7347b8,d1b391c4a
q1a7347b8,d1b3a9868
q1a7347b8,d1b3ba7a8
q1a7347b8,d1b34adcc
q1a7347b8,d1b36136a
q1a7347b8,d1b375054
q1a7347b8,d1b3172c4
q1a728b8e,d1a726af0
q1a728b8e,d1b357bda
q1a728b8e,d1b32136e
q1a728b8e,d1b38db72
q1a728b8e,d1b326d46
q1a728b8e,d1b355ccc
q1a728b8e,d1b39dacc
q1a728b8e,d1b3c1bb6
q1a728b8e,d1b346380
q1a728b8e,d1b32c020
q1a7204b6,d1b32a568
q1a7204b6,d1a723f4e
q1a7204b6,d1b3a8756
q1a7204b6,d1b360e42
q1a7204b6,d1b3abcb2
q1a7204b6,d1b36d638
q1a7204b6,d1a720542
q1a7204b6,d1b388e88
q1a7204b6,d1b2fc7bc
q1a7204b6,d1b35b7bc
q1a7308f2,d1a7309a6
q1a7308f2,d1b3a1e2e
q1a7308f2,d1b2f2c94
q1a7308f2,d1a725d26
q1a7308f2,d1b30f236
q1a7308f2,d1b2e50e4
q1a7308f2,d1a727b8a
q1a7308f2,d1b3c3fe2
q1a7308f2,d1b364ee8
q1a7308f2,d1a726af0
q1a73feba,d1b3b5ad2
q1a73feba,d1a73ffe6
q1a73feba,d1b345f84
q1a73feba,d1b32921c
q1a73feba,d1b340c28
q1a73feba,d1b3300b2
q1a73feba,d1b3ba9b0
q1a73feba,d1b39c12c
q1a73feba,d1b39f78c
q1a73feba,d1b359a84
q1a729dea,d1b369e02
q1a729dea,d1b38346a
q1a729dea,d1b3408c2
q1a729dea,d1b332236
q1a729dea,d1b3a4dea
q1a729dea,d1b31aff0
q1a729dea,d1b3686ec
q1a729dea,d1b3396e4
q1a729dea,d1b318f20
q1a729dea,d1b3895d6
q1a72b636,d1b3c874a
q1a72b636,d1b35ce14
q1a72b636,d1b327fa2
q1a72b636,d1a72b690
q1a72b636,d1b3a0c72
q1a72b636,d1b3aefe8
q1a72b636,d1a73ba68
q1a72b636,d1b324532
q1a72b636,d1b349d0a
q1a72b636,d1b3963b2
q1a7401c6,d1a7419cc
q1a7401c6,d1a740248
q1a7401c6,d1b3c1bb6
q1a7401c6,d1b3b50be
q1a7401c6,d1b3b712a
q1a7401c6,d1b32d7cc
q1a7401c6,d1b365e2e
q1a7401c6,d1b37f428
q1a7401c6,d1b387d08
q1a7401c6,d1a723a30
q1a73292c,d1a732a94
q1a73292c,d1b2e92ac
q1a73292c,d1b392faa
q1a73292c,d1b37543c
q1a73292c,d1b3b2760
q1a73292c,d1b2e86a4
q1a73292c,d1b3078b0
q1a73292c,d1b318a5c
q1a73292c,d1b30e5d4
q1a73292c,d1b377e58
q1a735226,d1a735294
q1a735226,d1b2ea634
q1a735226,d1b3971fe
q1a735226,d1b333fe6
q1a735226,d1b368d7c
q1a735226,d1b3309ea
q1a735226,d1b33472a
q1a735226,d1b398cac
q1a735226,d1b3795dc
q1a735226,d1b31b40a
q1a73d5e8,d1b2f4418
q1a73d5e8,d1b33ea2c
q1a73d5e8,d1b31e448
q1a73d5e8,d1b38404a
q1a73d5e8,d1b3ba3c0
q1a73d5e8,d1a73b46e
q1a73d5e8,d1b32863c
q1a73d5e8,d1b2f0d72
q1a73d5e8,d1b389ca2
q1a73d5e8,d1b3970fa
q1a741922,d1a7419cc
q1a741922,d1a72a0ce
q1a741922,d1b3a2ac2
q1a741922,d1b349954
q1a741922,d1b2e9cc0
q1a741922,d1a723a30
q1a741922,d1b3c31be
q1a741922,d1b2eb0de
q1a741922,d1b3a9692
q1a741922,d1b387d08
q1a7403b0,d1a740464
q1a7403b0,d1b3b4cea
q1a7403b0,d1b310cd0
q1a7403b0,d1b38ae90
q1a7403b0,d1b34b240
q1a7403b0,d1b34e72e
q1a7403b0,d1b3a88a0
q1a7403b0,d1b398f54
q1a7403b0,d1a740f04
q1a7403b0,d1b35de90
q1a7370d0,d1b389496
q1a7370d0,d1b350a7e
q1a7370d0,d1b3b712a
q1a7370d0,d1a73715c
q1a7370d0,d1b31d0c0
q1a7370d0,d1b3b8f0c
q1a7370d0,d1b33a1de
q1a7370d0,d1b3c3fe2
q1a7370d0,d1b32d2b8
q1a7370d0,d1b3170d0
q1a71909e,d1a719184
q1a71909e,d1b34300e
q1a71909e,d1b2f3a5e
q1a71909e,d1b3991d4
q1a71909e,d1a738d04
q1a71909e,d1b377e58
q1a71909e,d1b37bddc
q1a71909e,d1b300c2c
q1a71909e,d1b3078b0
q1a71909e,d1b37c4d0
q1a72e714,d1a71d82e
q1a72e714,d1a72e818
q1a72e714,d1b399e36
q1a72e714,d1b38b0de
q1a72e714,d1b3172c4
q1a72e714,d1b3967cc
q1a72e714,d1a71a278
q1a72e714,d1a73f2c6
q1a72e714,d1b2e8b36
q1a72e714,d1b3b82e6
q1a738f52,d1a716c9a
q1a738f52,d1b3c4c80
q1a738f52,d1b3360d4
q1a738f52,d1b3b229c
q1a738f52,d1b32cade
q1a738f52,d1b3945e4
q1a738f52,d1a719184
q1a738f52,d1b3685de
q1a738f52,d1b35243c
q1a738f52,d1b3402dc
q1a71418e,d1a719738
q1a71418e,d1a714224
q1a71418e,d1b378d4e
q1a71418e,d1b300d1c
q1a71418e,d1b33cd08
q1a71418e,d1b352f68
q1a71418e,d1b370248
q1a71418e,d1b31137e
q1a71418e,d1b3316ec
q1a71418e,d1b3a9c50
q1a722e64,d1a71b272
q1a722e64,d1b3150c8
q1a722e64,d1b375054
q1a722e64,d1a734894
q1a722e64,d1b3c5702
q1a722e64,d1b38346a
q1a722e64,d1b2ef3dc
q1a722e64,d1b32a07c
q1a722e64,d1b36bb58
q1a722e64,d1b2f2c94
q1a719ce2,d1b33f274
q1a719ce2,d1b2e4978
q1a719ce2,d1b3a9174
q1a719ce2,d1b31c77e
q1a719ce2,d1b388e88
q1a719ce2,d1b319772
q1a719ce2,d1b305948
q1a719ce2,d1b3061a4
q1a719ce2,d1b35db98
q1a719ce2,d1b3495da
q1a71276c,d1b3a75ea
q1a71276c,d1a7127d0
q1a71276c,d1a71f7d2
q1a71276c,d1b3a9a7a
q1a71276c,d1b31c77e
q1a71276c,d1b3c40aa
q1a71276c,d1b390fa2
q1a71276c,d1b30a4fc
q1a71276c,d1b395a2a
q1a71276c,d1a72c19e
q1a7366a8,d1b343c66
q1a7366a8,d1b33347e
q1a7366a8,d1b3bf6e0
q1a7366a8,d1b2f4094
q1a7366a8,d1b33d4b0
q1a7366a8,d1b3ae55c
q1a7366a8,d1b3a6942
q1a7366a8,d1b363dc2
q1a7366a8,d1b2efb8e
q1a7366a8,d1b35377e
q1a717d70,d1a717e60
q1a717d70,d1b31bba8
q1a717d70,d1b32a2ac
q1a717d70,d1b38f4d6
q1a717d70,d1b3b0334
q1a717d70,d1b3c8998
q1a717d70,d1b3ba096
q1a717d70,d1b30fc4a
q1a717d70,d1b3c4d8e
q1a717d70,d1b32ef28
q1a7345b0,d1b3b3c00
q1a7345b0,d1b3aeb92
q1a7345b0,d1b3457fa
q1a7345b0,d1b304548
q1a7345b0,d1a71be0c
q1a7345b0,d1b34baf6
q1a7345b0,d1b34159c
q1a7345b0,d1a73920e
q1a7345b0,d1b340598
q1a7345b0,d1b3aa24a
q1a73224c,d1b376cb0
q1a73224c,d1a7322b0
q1a73224c,d1b2e63f4
q1a73224c,d1a71aebc
q1a73224c,d1b2ee16c
q1a73224c,d1a732a94
q1a73224c,d1b37a7a2
q1a73224c,d1b36001e
q1a73224c,d1a73a62c
q1a73224c,d1a716452
q1a72e7c8,d1a72e818
q1a72e7c8,d1b32baee
q1a72e7c8,d1b366568
q1a72e7c8,d1b33ddac
q1a72e7c8,d1b2fe26a
q1a72e7c8,d1b38b0de
q1a72e7c8,d1b2e3c26
q1a72e7c8,d1b3172c4
q1a72e7c8,d1b3aeca0
q1a72e7c8,d1b365e2e
q1a729d68,d1a729e44
q1a729d68,d1b3c6cec
q1a729d68,d1b2ec812
q1a729d68,d1b3b2760
q1a729d68,d1b38a288
q1a729d68,d1b39adae
q1a729d68,d1b3554b6
q1a729d68,d1b3247ee
q1a729d68,d1b39398c
q1a729d68,d1b3aaa1a
q1a73f47e,d1b3373e4
q1a73f47e,d1b3a8f4e
q1a73f47e,d1a73f564
q1a73f47e,d1b39f8d6
q1a73f47e,d1b394bb6
q1a73f47e,d1b356866
q1a73f47e,d1b2f6ccc
q1a73f47e,d1b30cb26
q1a73f47e,d1b368e9e
q1a73f47e,d1b38242a
q1a713b26,d1a713c66
q1a713b26,d1b362436
q1a713b26,d1b3b69d2
q1a713b26,d1b369812
q1a713b26,d1b35a416
q1a713b26,d1b365cb2
q1a713b26,d1b2ec812
q1a713b26,d1b379c4e
q1a713b26,d1b2ed4ba
q1a713b26,d1b346c22
q1a73d6a6,d1a7362fc
q1a73d6a6,d1b315bcc
q1a73d6a6,d1b34fc64
q1a73d6a6,d1b3a47d2
q1a73d6a6,d1b39f28c
q1a73d6a6,d1b3507e0
q1a73d6a6,d1a71aebc
q1a73d6a6,d1b351262
q1a73d6a6,d1b356974
q1a73d6a6,d1b38dd7a
q1a740144,d1a740248
q1a740144,d1b370068
q1a740144,d1a72a358
q1a740144,d1b34befc
q1a740144,d1b354750
q1a740144,d1b3c6594
q1a740144,d1b3bccba
q1a740144,d1b3ae476
q1a740144,d1b395b9c
q1a740144,d1b39de46
q1a73fe88,d1b3b5ad2
q1a73fe88,d1a73ffe6
q1a73fe88,d1b345f84
q1a73fe88,d1b340c28
q1a73fe88,d1b39c12c
q1a73fe88,d1b3300b2
q1a73fe88,d1b32921c
q1a73fe88,d1b39f78c
q1a73fe88,d1b3ba9b0
q1a73fe88,d1b3926d6
q1a72a77c,d1b3a9b60
q1a72a77c,d1b3b641e
q1a72a77c,d1b3b7da0
q1a72a77c,d1b360a78
q1a72a77c,d1a72a812
q1a72a77c,d1b2f5688
q1a72a77c,d1b34bc0e
q1a72a77c,d1b3558a8
q1a72a77c,d1b33da8c
q1a72a77c,d1b3849b4
q1a734a56,d1b302856
q1a734a56,d1b357bda
q1a734a56,d1b313dcc
q1a734a56,d1b3b23be
q1a734a56,d1b3797e4
q1a734a56,d1b2e8d98
q1a734a56,d1b31b73e
q1a734a56,d1b344bb6
q1a734a56,d1b302f4a
q1a734a56,d1b36a6ae
q1a7344f2,d1b3aa24a
q1a7344f2,d1b34baf6
q1a7344f2,d1a734614
q1a7344f2,d1a73920e
q1a7344f2,d1b304548
q1a7344f2,d1b3457fa
q1a7344f2,d1b34159c
q1a7344f2,d1b35e62e
q1a7344f2,d1b3b3c00
q1a7344f2,d1b39e53a
q1a73eb1e,d1b374154
q1a73eb1e,d1a73ec0e
q1a73eb1e,d1b3ba500
q1a73eb1e,d1b3b67ac
q1a73eb1e,d1b359b92
q1a73eb1e,d1b367e4a
q1a73eb1e,d1b397cf8
q1a73eb1e,d1b3a47d2
q1a73eb1e,d1b35c7a2
q1a73eb1e,d1b31e6b4
q1a731266,d1b35fb64
q1a731266,d1a731306
q1a731266,d1b2f32e8
q1a731266,d1b32a91e
q1a731266,d1b306bae
q1a731266,d1b322fb6
q1a731266,d1b3105c8
q1a731266,d1b3c7ed0
q1a731266,d1b36c3be
q1a731266,d1b330f9e
q1a7124e2,d1b3a8f4e
q1a7124e2,d1a712532
q1a7124e2,d1b33b2f0
q1a7124e2,d1b332380
q1a7124e2,d1b36f5aa
q1a7124e2,d1b361590
q1a7124e2,d1b3121fc
q1a7124e2,d1b2fb63c
q1a7124e2,d1b2f8c2a
q1a7124e2,d1b398cac
q1a71f2b4,d1b33a3fa
q1a71f2b4,d1b3749c4
q1a71f2b4,d1b369c7c
q1a71f2b4,d1b332efc
q1a71f2b4,d1b377142
q1a71f2b4,d1b338e56
q1a71f2b4,d1b321f3a
q1a71f2b4,d1b36a532
q1a71f2b4,d1a71f2f0
q1a71f2b4,d1b387d08
q1a71a642,d1b33add2
q1a71a642,d1b38b32c
q1a71a642,d1b3a1c8a
q1a71a642,d1b334aea
q1a71a642,d1b351a3c
q1a71a642,d1b360a78
q1a71a642,d1b3c63c8
q1a71a642,d1b323290
q1a71a642,d1b39ed82
q1a71a642,d1a721fa0
q1a71ef80,d1b372840
q1a71ef80,d1b3881ae
q1a71ef80,d1b3a9f84
q1a71ef80,d1b33d4b0
q1a71ef80,d1b31fd3e
q1a71ef80,d1a71f7d2
q1a71ef80,d1b391812
q1a71ef80,d1b319772
q1a71ef80,d1b38835c
q1a71ef80,d1a72b046
q1a7355a0,d1b369c7c
q1a7355a0,d1b31a0d2
q1a7355a0,d1b387d08
q1a7355a0,d1b33f3be
q1a7355a0,d1a727b8a
q1a7355a0,d1b32c020
q1a7355a0,d1b32c3fe
q1a7355a0,d1b3c1bb6
q1a7355a0,d1b39dacc
q1a7355a0,d1b2ef3dc
q1a73cbf2,d1a73ccc4
q1a73cbf2,d1b38d4ec
q1a73cbf2,d1b3403d6
q1a73cbf2,d1b31bec8
q1a73cbf2,d1b34a034
q1a73cbf2,d1b3ac22a
q1a73cbf2,d1b3a6942
q1a73cbf2,d1b2ff9bc
q1a73cbf2,d1b30ff60
q1a73cbf2,d1b342c1c
q1a7302d0,d1a7303b6
q1a7302d0,d1b305948
q1a7302d0,d1b33a026
q1a7302d0,d1b3967cc
q1a7302d0,d1b3b0226
q1a7302d0,d1b381584
q1a7302d0,d1b3391b2
q1a7302d0,d1b351faa
q1a7302d0,d1a72b258
q1a7302d0,d1b3669c8
q1a72a718,d1b3c1508
q1a72a718,d1b3b641e
q1a72a718,d1a72a812
q1a72a718,d1b375216
q1a72a718,d1b36be46
q1a72a718,d1b327df4
q1a72a718,d1b33d4b0
q1a72a718,d1b3b7da0
q1a72a718,d1b360a78
q1a72a718,d1b3c2c78
q1a72a272,d1b34befc
q1a72a272,d1b3b50be
q1a72a272,d1b2eed56
q1a72a272,d1b30d0f8
q1a72a272,d1b36279c
q1a72a272,d1b3958ea
q1a72a272,d1b36daca
q1a72a272,d1b395656
q1a72a272,d1b39de46
q1a72a272,d1b3c589c
q1a71bd76,d1b3b0bd6
q1a71bd76,d1a71be0c
q1a71bd76,d1a736f40
q1a71bd76,d1b3aeb92
q1a71bd76,d1b3a590c
q1a71bd76,d1b2ef814
q1a71bd76,d1b2e2826
q1a71bd76,d1a71cca8
q1a71bd76,d1b3a3fbc
q1a71bd76,d1a740f04
q1a73ed76,d1b3bd98a
q1a73ed76,d1a73ee34
q1a73ed76,d1b39967a
q1a73ed76,d1b341f9c
q1a73ed76,d1a73e9d4
q1a73ed76,d1b368b9c
q1a73ed76,d1b3aa6fa
q1a73ed76,d1b332740
q1a73ed76,d1b3274f8
q1a73ed76,d1b38bc3c
q1a7362c0,d1a7362fc
q1a7362c0,d1b30240a
q1a7362c0,d1b344f08
q1a7362c0,d1b3795dc
q1a7362c0,d1b34e18e
q1a7362c0,d1b39346e
q1a7362c0,d1b36dd36
q1a7362c0,d1b31bdce
q1a7362c0,d1b30c658
q1a7362c0,d1b37f428
q1a726f64,d1b33ba66
q1a726f64,d1a7270c2
q1a726f64,d1b36cad0
q1a726f64,d1b37ae6e
q1a726f64,d1b3950ac
q1a726f64,d1b383190
q1a726f64,d1b339068
q1a726f64,d1b2e585a
q1a726f64,d1b3782ea
q1a726f64,d1b32fd60
q1a7282a6,d1a7283d2
q1a7282a6,d1b3af8f8
q1a7282a6,d1b37b97c
q1a7282a6,d1a71d82e
q1a7282a6,d1b32ab9e
q1a7282a6,d1b391c4a
q1a7282a6,d1b379c4e
q1a7282a6,d1b30d418
q1a7282a6,d1b37dea2
q1a7282a6,d1a72e818
q1a7171c2,d1a71726c
q1a7171c2,d1b326814
q1a7171c2,d1b337542
q1a7171c2,d1b32bcd8
q1a7171c2,d1b388c26
q1a7171c2,d1b332d58
q1a7171c2,d1b346d12
q1a7171c2,d1b35da30
q1a7171c2,d1b32c2c8
q1a7171c2,d1b30ad1c
q1a727b1c,d1a727b8a
q1a727b1c,d1b3b8f0c
q1a727b1c,d1a72f8c6
q1a727b1c,d1b32f496
q1a727b1c,d1a723a30
q1a727b1c,d1b3a7ef0
q1a727b1c,d1b34cdfc
q1a727b1c,d1b326f12
q1a727b1c,d1b3a009c
q1a727b1c,d1b3bc6e8
q1a7401f8,d1b3a781a
q1a7401f8,d1b31a0d2
q1a7401f8,d1b327b92
q1a7401f8,d1b35b096
q1a7401f8,d1b33c038
q1a7401f8,d1b343e64
q1a7401f8,d1b387d08
q1a7401f8,d1b38ffda
q1a7401f8,d1b394044
q1a7401f8,d1b3c1bb6
q1a712aaa,d1b3b8da4
q1a712aaa,d1b3afc7c
q1a712aaa,d1b394f12
q1a712aaa,d1b35a9fc
q1a712aaa,d1b2fc51e
q1a712aaa,d1b3b3c00
q1a712aaa,d1b3c769c
q1a712aaa,d1a7331d8
q1a712aaa,d1b3177b0
q1a712aaa,d1a712ba4
q1a738962,d1b358efe
q1a738962,d1b2ee34c
q1a738962,d1b3520ea
q1a738962,d1b39034a
q1a738962,d1b333b86
q1a738962,d1a73899e
q1a738962,d1b34db9e
q1a738962,d1b3b62fc
q1a738962,d1b38e78e
q1a738962,d1b3719ae
q1a732c10,d1a732ce2
q1a732c10,d1b315bcc
q1a732c10,d1b308828
q1a732c10,d1a73f564
q1a732c10,d1a711510
q1a732c10,d1b3bf6e0
q1a732c10,d1b2fa340
q1a732c10,d1b38049a
q1a732c10,d1b3b229c
q1a732c10,d1b3b65b8
q1a716f74,d1b2ff9bc
q1a716f74,d1b2e819a
q1a716f74,d1b364ee8
q1a716f74,d1b3c0a5e
q1a716f74,d1b38ccb8
q1a716f74,d1b35ea48
q1a716f74,d1b321580
q1a716f74,d1b3c11c0
q1a716f74,d1b36b4aa
q1a716f74,d1b330422
q1a72afec,d1b33a1de
q1a72afec,d1b39b4fc
q1a72afec,d1b3b7382
q1a72afec,d1b33d4b0
q1a72afec,d1a725f60
q1a72afec,d1b36e1dc
q1a72afec,d1b3c160c
q1a72afec,d1b39ed82
q1a72afec,d1b373862
q1a72afec,d1b38f3c8
q1a7326c0,d1b327b92
q1a7326c0,d1b31f42e
q1a7326c0,d1b3c6bc0
q1a7326c0,d1a7218e8
q1a7326c0,d1b3c1bb6
q1a7326c0,d1b3a781a
q1a7326c0,d1b35f90c
q1a7326c0,d1b36a532
q1a7326c0,d1b394044
q1a7326c0,d1b318516
q1a720510,d1a723f4e
q1a720510,d1b36d638
q1a720510,d1b392bae
q1a720510,d1b3a52c2
q1a720510,d1b2ee798
q1a720510,d1a720542
q1a720510,d1b2f9a8a
q1a720510,d1b3429f6
q1a720510,d1b367b34
q1a720510,d1b34bd44
q1a73fbfe,d1a73fcc6
q1a73fbfe,d1b3a37a6
q1a73fbfe,d1b34a9f8
q1a73fbfe,d1b367f1c
q1a73fbfe,d1b396c7c
q1a73fbfe,d1a712ec4
q1a73fbfe,d1b34c1cc
q1a73fbfe,d1b3789d4
q1a73fbfe,d1a7411b6
q1a73fbfe,d1b37c32c
q1a74016c,d1b32136e
q1a74016c,d1a7233f0
q1a74016c,d1b3b9038
q1a74016c,d1b3a781a
q1a74016c,d1a740248
q1a74016c,d1b35b096
q1a74016c,d1b2f7e88
q1a74016c,d1b38ffda
q1a74016c,d1b327b92
q1a74016c,d1b349954
q1a71f908,d1b2f0c14
q1a71f908,d1b30687a
q1a71f908,d1b3669c8
q1a71f908,d1b34e4e0
q1a71f908,d1b35d1ac
q1a71f908,d1b307b12
q1a71f908,d1b3469e8
q1a71f908,d1b3ac356
q1a71f908,d1b2f68da
q1a71f908,d1b35acf4
q1a71ec4c,d1b32a91e
q1a71ec4c,d1a71d82e
q1a71ec4c,d1b3b82e6
q1a71ec4c,d1a72e818
q1a71ec4c,d1b3967cc
q1a71ec4c,d1b363cfa
q1a71ec4c,d1b306bae
q1a71ec4c,d1b3b0226
q1a71ec4c,d1b2f9daa
q1a71ec4c,d1b334c52
q1a7284b8,d1b2e2632
q1a7284b8,d1b38fe7c
q1a7284b8,d1a7285e4
q1a7284b8,d1b2f783e
q1a7284b8,d1a73ad20
q1a7284b8,d1b2e87c6
q1a7284b8,d1b3135ca
q1a7284b8,d1a741bd4
q1a7284b8,d1b39034a
q1a7284b8,d1b35f9d4
q1a72d332,d1b3ad8aa
q1a72d332,d1b3bfe6a
q1a72d332,d1a72d3f0
q1a72d332,d1b2f4e5e
q1a72d332,d1b3b55fa
q1a72d332,d1b3947f6
q1a72d332,d1b391b6e
q1a72d332,d1b360bf4
q1a72d332,d1b35e8ea
q1a72d332,d1b374672
q1a72afc4,d1b3630ca
q1a72afc4,d1b31bba8
q1a72afc4,d1a71f7d2
q1a72afc4,d1a732a94
q1a72afc4,d1b3b4394
q1a72afc4,d1b39ed82
q1a72afc4,d1a717e60
q1a72afc4,d1b31e448
q1a72afc4,d1b35ddaa
q1a72afc4,d1b389a04
q1a7390e2,d1a73920e
q1a7390e2,d1b34159c
q1a7390e2,d1b3457fa
q1a7390e2,d1b304548
q1a7390e2,d1b3aa24a
q1a7390e2,d1b34baf6
q1a7390e2,d1b35e62e
q1a7390e2,d1a734614
q1a7390e2,d1b3b3c00
q1a7390e2,d1b3aeb92
q1a728918,d1a7289ae
q1a728918,d1b38a288
q1a728918,d1b317dd2
q1a728918,d1b326d46
q1a728918,d1b32360a
q1a728918,d1a723a30
q1a728918,d1a726af0
q1a728918,d1a7309a6
q1a728918,d1b357bda
q1a728918,d1b3a6596
q1a737d28,d1b369c7c
q1a737d28,d1b2e5468
q1a737d28,d1b3862b4
q1a737d28,d1b2e225e
q1a737d28,d1a72d756
q1a737d28,d1b3487ac
q1a737d28,d1b31a0d2
q1a737d28,d1b364ee8
q1a737d28,d1b3bccba
q1a737d28,d1b2f539a
q1a71e99a,d1b3b7238
q1a71e99a,d1a71ea1c
q1a71e99a,d1a73f79e
q1a71e99a,d1b36de6c
q1a71e99a,d1b3b5dc0
q1a71e99a,d1b389496
q1a71e99a,d1b34e29c
q1a71e99a,d1a730c3a
q1a71e99a,d1b3b00fa
q1a71e99a,d1b374d48
q1a71ffc0,d1a7200d8
q1a71ffc0,d1b346c22
q1a71ffc0,d1b3b46be
q1a71ffc0,d1a73e024
q1a71ffc0,d1b39b8f8
q1a71ffc0,d1b32d916
q1a71ffc0,d1b3616a8
q1a71ffc0,d1b369812
q1a71ffc0,d1a7237ce
q1a71ffc0,d1b383708
q1a73f690,d1a73f79e
q1a73f690,d1b3c743a
q1a73f690,d1b3791b8
q1a73f690,d1b3bd598
q1a73f690,d1b31fef6
q1a73f690,d1b3bedf8
q1a73f690,d1b3416dc
q1a73f690,d1b30c7f2
q1a73f690,d1b30c09a
q1a73f690,d1b35d2ce
q1a71bfec,d1a71c082
q1a71bfec,d1b3757ac
q1a71bfec,d1b3c1bb6
q1a71bfec,d1b3af9ca
q1a71bfec,d1a727b8a
q1a71bfec,d1b3b712a
q1a71bfec,d1b369c7c
q1a71bfec,d1b387d08
q1a71bfec,d1b32c020
q1a71bfec,d1b356758
q1a725038,d1a7250b0
q1a725038,d1b361a04
q1a725038,d1b351bc2
q1a725038,d1b335116
q1a725038,d1b36abc2
q1a725038,d1b3ad8aa
q1a725038,d1b30a074
q1a725038,d1b3971fe
q1a725038,d1b3970fa
q1a725038,d1a73ab0e
q1a72fede,d1b391e34
q1a72fede,d1b3c7a70
q1a72fede,d1a73a08c
q1a72fede,d1b2f1326
q1a72fede,d1a72e1ec
q1a72fede,d1b3c1bb6
q1a72fede,d1b39309a
q1a72fede,d1b383802
q1a72fede,d1b35fb64
q1a72fede,d1b38716e
q1a739d9e,d1b3c5a04
q1a739d9e,d1a7270c2
q1a739d9e,d1b32e28a
q1a739d9e,d1a72250e
q1a739d9e,d1b308d82
q1a739d9e,d1a7337aa
q1a739d9e,d1b34d270
q1a739d9e,d1b33db86
q1a739d9e,d1b386c5a
q1a739d9e,d1b339068
q1a72fe84,d1b377e58
q1a72fe84,d1b38a3e6
q1a72fe84,d1b364a7e
q1a72fe84,d1b3a02e0
q1a72fe84,d1b2fb63c
q1a72fe84,d1b3c2944
q1a72fe84,d1b3ab168
q1a72fe84,d1b2f6ccc
q1a72fe84,d1b32fb4e
q1a72fe84,d1b3b3ffc
q1a715d90,d1b36eb0a
q1a715d90,d1b3967cc
q1a715d90,d1b31a1cc
q1a715d90,d1b306bae
q1a715d90,d1b3b9e5c
q1a715d90,d1b334c52
q1a715d90,d1b3c7ed0
q1a715d90,d1b30e246
q1a715d90,d1b354a8e
q1a715d90,d1b3a8bde
q1a722ebe,d1b30fc4a
q1a722ebe,d1b30c9a0
q1a722ebe,d1a71f2f0
q1a722ebe,d1b318f20
q1a722ebe,d1b38f0b2
q1a722ebe,d1b30af92
q1a722ebe,d1b357e96
q1a722ebe,d1b35eb9c
q1a722ebe,d1b366568
q1a722ebe,d1a734402
q1a733962,d1b387c0e
q1a733962,d1b3b50be
q1a733962,d1b356de8
q1a733962,d1b36b180
q1a733962,d1b3958ea
q1a733962,d1b3bdcf0
q1a733962,d1b31fa28
q1a733962,d1b352a18
q1a733962,d1b37f9b4
q1a733962,d1b30d0f8
q1a724da4,d1a724e76
q1a724da4,d1b3bf8a2
q1a724da4,d1b3c0eaa
q1a724da4,d1b329e9c
q1a724da4,d1b31137e
q1a724da4,d1b359ce6
q1a724da4,d1b35881e
q1a724da4,d1b36fa96
q1a724da4,d1b342b5e
q1a724da4,d1b382c04
q1a718978,d1b33a1de
q1a718978,d1b378e52
q1a718978,d1a718a36
q1a718978,d1b323d94
q1a718978,d1b352932
q1a718978,d1b3866b0
q1a718978,d1b37dfd8
q1a718978,d1b2ef5c6
q1a718978,d1a71456c
q1a718978,d1b3a6456
q1a71cef6,d1b323c72
q1a71cef6,d1b35b7bc
q1a71cef6,d1b32a568
q1a71cef6,d1b2e63f4
q1a71cef6,d1b32441a
q1a71cef6,d1b3aad30
q1a71cef6,d1b37721e
q1a71cef6,d1b2f0e94
q1a71cef6,d1b3bdaa2
q1a71cef6,d1b390fa2
q1a72c6bc,d1b37762e
q1a72c6bc,d1b30812a
q1a72c6bc,d1b377e58
q1a72c6bc,d1a72c798
q1a72c6bc,d1b30c32e
q1a72c6bc,d1b3991d4
q1a72c6bc,d1a719184
q1a72c6bc,d1b34b02e
q1a72c6bc,d1b32cade
q1a72c6bc,d1b3078b0
q1a721884,d1a7218e8
q1a721884,d1b3749c4
q1a721884,d1b369c7c
q1a721884,d1b3797e4
q1a721884,d1b387d08
q1a721884,d1b33f3be
q1a721884,d1b2ef3dc
q1a721884,d1b302856
q1a721884,d1b2f2c94
q1a721884,d1b32c020
q1a735a96,d1a735c44
q1a735a96,d1b37afa4
q1a735a96,d1b398b80
q1a735a96,d1b33e824
q1a735a96,d1b364362
q1a735a96,d1b3bd6b0
q1a735a96,d1b322700
q1a735a96,d1b2fe67a
q1a735a96,d1b3387a8
q1a735a96,d1b35ae3e
q1a727392,d1b39d63a
q1a727392,d1b390430
q1a727392,d1b32424e
q1a727392,d1a72740a
q1a727392,d1a73a08c
q1a727392,d1b3b0226
q1a727392,d1b343220
q1a727392,d1b362116
q1a727392,d1b389496
q1a727392,d1b365190
q1a738638,d1b3bd598
q1a738638,d1b34e29c
q1a738638,d1b37796c
q1a738638,d1b3b4f4c
q1a738638,d1b3416dc
q1a738638,d1b3bedf8
q1a738638,d1a72dc10
q1a738638,d1a738764
q1a738638,d1b3791b8
q1a738638,d1b30c09a
q1a735546,d1b2feed6
q1a735546,d1b32c854
q1a735546,d1b31dff2
q1a735546,d1a735816
q1a735546,d1b38f878
q1a735546,d1b3a1550
q1a735546,d1b3b1ebe
q1a735546,d1b3abb86
q1a735546,d1b328358
q1a735546,d1b3c0a5e
q1a723b8e,d1b3ae62e
q1a723b8e,d1b325342
q1a723b8e,d1b3c11c0
q1a723b8e,d1a726af0
q1a723b8e,d1b369c7c
q1a723b8e,d1b3202c0
q1a723b8e,d1b33c330
q1a723b8e,d1b3ae390
q1a723b8e,d1b3af286
q1a723b8e,d1b32d4b6
q1a72fb8c,d1b3a9868
q1a72fb8c,d1b369c7c
q1a72fb8c,d1b375054
q1a72fb8c,d1b3bacc6
q1a72fb8c,d1a71b272
q1a72fb8c,d1a72fbe6
q1a72fb8c,d1b3bae6a
q1a72fb8c,d1a71bb78
q1a72fb8c,d1b36136a
q1a72fb8c,d1b3150c8
q1a72a7cc,d1b360a78
q1a72a7cc,d1a72a812
q1a72a7cc,d1b398d9c
q1a72a7cc,d1b33da8c
q1a72a7cc,d1b3a8756
q1a72a7cc,d1b3a9b60
q1a72a7cc,d1b34bc0e
q1a72a7cc,d1b3bbb12
q1a72a7cc,d1a71f7d2
q1a72a7cc,d1b30bf14
q1a72d5ee,d1a72d756
q1a72d5ee,d1b371440
q1a72d5ee,d1b327b92
q1a72d5ee,d1b2ef3dc
q1a72d5ee,d1b387d08
q1a72d5ee,d1b2f7e88
q1a72d5ee,d1b394044
q1a72d5ee,d1b3c6594
q1a72d5ee,d1b3a781a
q1a72d5ee,d1b38d3fc
q1a733c82,d1b3182b4
q1a733c82,d1b2eb8cc
q1a733c82,d1a733cf0
q1a733c82,d1b3357ce
q1a733c82,d1a72ccde
q1a733c82,d1b35fc90
q1a733c82,d1b3946fc
q1a733c82,d1b38cac4
q1a733c82,d1b302c5c
q1a733c82,d1b2e83de
q1a7212e4,d1b38b426
q1a7212e4,d1b3c743a
q1a7212e4,d1b3b5c94
q1a7212e4,d1b38f0b2
q1a7212e4,d1b3034b8
q1a7212e4,d1a72135c
q1a7212e4,d1b30c7f2
q1a7212e4,d1b37188c
q1a7212e4,d1b3a2fb8
q1a7212e4,d1b3694d4
q1a71f6e2,d1b3a9a7a
q1a71f6e2,d1b347a32
q1a71f6e2,d1b3a7932
q1a71f6e2,d1b2f345a
q1a71f6e2,d1a71e1e8
q1a71f6e2,d1b33f274
q1a71f6e2,d1b2e4978
q1a71f6e2,d1b392bae
q1a71f6e2,d1b3bb81a
q1a71f6e2,d1b313eda
q1a72e14c,d1b313dcc
q1a72e14c,d1b31bcc0
q1a72e14c,d1b389496
q1a72e14c,d1b3270fc
q1a72e14c,d1a714cd8
q1a72e14c,d1b350100
q1a72e14c,d1b31b73e
q1a72e14c,d1b3c1bb6
q1a72e14c,d1b36a6ae
q1a72e14c,d1b34823e
q1a740694,d1a74070c
q1a740694,d1b36639c
q1a740694,d1a71f7d2
q1a740694,d1a741bd4
q1a740694,d1b33c038
q1a740694,d1b3c1bb6
q1a740694,d1a736054
q1a740694,d1b356622
q1a740694,d1b3c460e
q1a740694,d1b32c020
q1a7391d2,d1a73920e
q1a7391d2,d1b3457fa
q1a7391d2,d1b34159c
q1a7391d2,d1b304548
q1a7391d2,d1b3aeb92
q1a7391d2,d1a71cca8
q1a7391d2,d1b3b3c00
q1a7391d2,d1b34baf6
q1a7391d2,d1b35e62e
q1a7391d2,d1b34db9e
q1a715d36,d1b3aa1a0
q1a715d36,d1b35f9d4
q1a715d36,d1a741bd4
q1a715d36,d1b36ed08
q1a715d36,d1b3a59ca
q1a715d36,d1b2f783e
q1a715d36,d1b2e55ee
q1a715d36,d1b3135ca
q1a715d36,d1b359ce6
q1a715d36,d1b331e12
q1a72b442,d1b2ef3dc
q1a72b442,d1b375054
q1a72b442,d1b387d08
q1a72b442,d1a722c66
q1a72b442,d1b317aa8
q1a72b442,d1b39034a
q1a72b442,d1b32a568
q1a72b442,d1b3af6d2
q1a72b442,d1b377e58
q1a72b442,d1b3b362e
q1a724624,d1b33b818
q1a724624,d1a72471e
q1a724624,d1b39346e
q1a724624,d1b37221e
q1a724624,d1b336c6e
q1a724624,d1b3c7c0a
q1a724624,d1a718d56
q1a724624,d1b342942
q1a724624,d1b3274f8
q1a724624,d1b3c71e2
q1a716bf0,d1b3b229c
q1a716bf0,d1b377e58
q1a716bf0,d1b389a04
q1a716bf0,d1b3991d4
q1a716bf0,d1b34b02e
q1a716bf0,d1b38a3e6
q1a716bf0,d1b30812a
q1a716bf0,d1b300c2c
q1a716bf0,d1b37c4d0
q1a716bf0,d1b2e86a4
q1a73a5a0,d1a73a62c
q1a73a5a0,d1b36065e
q1a73a5a0,d1a72f100
q1a73a5a0,d1b34e18e
q1a73a5a0,d1b3193e4
q1a73a5a0,d1b33d05a
q1a73a5a0,d1b2f208c
q1a73a5a0,d1b38504e
q1a73a5a0,d1b3a6d3e
q1a73a5a0,d1b2ec5ba
q1a72556a,d1a7255f6
q1a72556a,d1b3c5702
q1a72556a,d1b2f0e94
q1a72556a,d1b33cd08
q1a72556a,d1b358fda
q1a72556a,d1b35752c
q1a72556a,d1b395502
q1a72556a,d1b3aad30
q1a72556a,d1b37721e
q1a72556a,d1b2e63f4
q1a73439e,d1a72bce4
q1a73439e,d1b3630ca
q1a73439e,d1b395822
q1a73439e,d1b3c10ee
q1a73439e,d1b34d356
q1a73439e,d1b38e400
q1a73439e,d1a734402
q1a73439e,d1b348dce
q1a73439e,d1b374e60
q1a73439e,d1a722a18
q1a733674,d1b3c5a04
q1a733674,d1b308d82
q1a733674,d1b339068
q1a733674,d1b378880
q1a733674,d1b2f7b68
q1a733674,d1b379f64
q1a733674,d1a7270c2
q1a733674,d1a7138d8
q1a733674,d1b380a62
q1a733674,d1b32e28a
q1a712e10,d1a73fcc6
q1a712e10,d1b379d34
q1a712e10,d1b344ce2
q1a712e10,d1b305ef2
q1a712e10,d1a712ec4
q1a712e10,d1b2eead6
q1a712e10,d1b2f8694
q1a712e10,d1a7411b6
q1a712e10,d1b37c32c
q1a712e10,d1b3789d4
q1a7264b0,d1b2eb728
q1a7264b0,d1b3babf4
q1a7264b0,d1b3a9174
q1a7264b0,d1b3259b4
q1a7264b0,d1b3af34e
q1a7264b0,d1b375874
q1a7264b0,d1b3538fa
q1a7264b0,d1b3ae62e
q1a7264b0,d1b34a228
q1a7264b0,d1b329dc0
q1a73dc0a,d1b318a5c
q1a73dc0a,d1b36afe6
q1a73dc0a,d1b377e58
q1a73dc0a,d1a7310a4
q1a73dc0a,d1b2f3a5e
q1a73dc0a,d1b3aa4de
q1a73dc0a,d1b3b14a0
q1a73dc0a,d1b3aaa1a
q1a73dc0a,d1b389a04
q1a73dc0a,d1b3bae6a
q1a73b9fa,d1b3a0c72
q1a73b9fa,d1a73ba68
q1a73b9fa,d1b3aefe8
q1a73b9fa,d1b373f4c
q1a73b9fa,d1b324d98
q1a73b9fa,d1b3c874a
q1a73b9fa,d1b2fcb7c
q1a73b9fa,d1b36a1e0
q1a73b9fa,d1b31a370
q1a73b9fa,d1b3b5438
q1a73ef2e,d1a73f046
q1a73ef2e,d1b31baa4
q1a73ef2e,d1b364542
q1a73ef2e,d1b3b17e8
q1a73ef2e,d1b35ce14
q1a73ef2e,d1b2ea2ec
q1a73ef2e,d1b324532
q1a73ef2e,d1b320888
q1a73ef2e,d1b39a926
q1a73ef2e,d1a72b690
q1a7248cc,d1a7331d8
q1a7248cc,d1b3b308e
q1a7248cc,d1b3106f4
q1a7248cc,d1b2f27da
q1a7248cc,d1b2ea634
q1a7248cc,d1b371a9e
q1a7248cc,d1b32b54e
q1a7248cc,d1b396e66
q1a7248cc,d1b319038
q1a7248cc,d1a73f046
q1a726c4e,d1b2fbe34
q1a726c4e,d1a726d7a
q1a726c4e,d1b2fda22
q1a726c4e,d1b3bf532
q1a726c4e,d1b306bae
q1a726c4e,d1a72135c
q1a726c4e,d1b32b094
q1a726c4e,d1b3a3c88
q1a726c4e,d1a73e024
q1a726c4e,d1b34fe9e
q1a72c2fc,d1b2fe508
q1a72c2fc,d1b2ebe26
q1a72c2fc,d1b2ef24c
q1a72c2fc,d1b36ec4a
q1a72c2fc,d1b38257e
q1a72c2fc,d1b38706a
q1a72c2fc,d1b37b1d4
q1a72c2fc,d1b343b58
q1a72c2fc,d1b30687a
q1a72c2fc,d1b3bfd5c
q1a72e1b0,d1b321094
q1a72e1b0,d1b3862b4
q1a72e1b0,d1b3aeca0
q1a72e1b0,d1b390570
q1a72e1b0,d1b36a6ae
q1a72e1b0,d1b32c3fe
q1a72e1b0,d1b350100
q1a72e1b0,d1b39dacc
q1a72e1b0,d1b3090a2
q1a72e1b0,d1b349954
q1a736e3c,d1a736f40
q1a736e3c,d1b2f5a7a
q1a736e3c,d1b3457fa
q1a736e3c,d1a740f04
q1a736e3c,d1b395eee
q1a736e3c,d1a73920e
q1a736e3c,d1b378b82
q1a736e3c,d1b314178
q1a736e3c,d1b2e2826
q1a736e3c,d1b35b99c
q1a71828e,d1a7183ce
q1a71828e,d1b3238b2
q1a71828e,d1b3046d8
q1a71828e,d1b34a598
q1a71828e,d1b3b353e
q1a71828e,d1b2e2ab0
q1a71828e,d1b2e46e4
q1a71828e,d1b3a2ac2
q1a71828e,d1a72a0ce
q1a71828e,d1b39668c
q1a73fc80,d1a73fcc6
q1a73fc80,d1b37c32c
q1a73fc80,d1b305ef2
q1a73fc80,d1b369218
q1a73fc80,d1b3a9868
q1a73fc80,d1b38cee8
q1a73fc80,d1b35e70a
q1a73fc80,d1b344ce2
q1a73fc80,d1b2f8694
q1a73fc80,d1b37e578
q1a73a79e,d1b360a78
q1a73a79e,d1b2f89dc
q1a73a79e,d1b3c63c8
q1a73a79e,d1b3b641e
q1a73a79e,d1a72a812
q1a73a79e,d1b321daa
q1a73a79e,d1b33da8c
q1a73a79e,d1b316e00
q1a73a79e,d1b376fda
q1a73a79e,d1b3c2c78
q1a7368b0,d1a7369d2
q1a7368b0,d1b3c874a
q1a7368b0,d1b3bfd5c
q1a7368b0,d1b2fbfce
q1a7368b0,d1b353c42
q1a7368b0,d1b373f4c
q1a7368b0,d1b38dd7a
q1a7368b0,d1b327fa2
q1a7368b0,d1b36a2ee
q1a7368b0,d1a7331d8
q1a72e354,d1b3be84e
q1a72e354,d1a72e41c
q1a72e354,d1b2ee16c
q1a72e354,d1b39c5b4
q1a72e354,d1b3469e8
q1a72e354,d1b390908
q1a72e354,d1b38878a
q1a72e354,d1b3a6fa0
q1a72e354,d1b3adc10
q1a72e354,d1b38489c
q1a73dee4,d1b369c7c
q1a73dee4,d1b3862b4
q1a73dee4,d1b39dacc
q1a73dee4,d1b32c3fe
q1a73dee4,d1b321094
q1a73dee4,d1b3858e6
q1a73dee4,d1b387d08
q1a73dee4,d1b33f3be
q1a73dee4,d1b364ee8
q1a73dee4,d1b31a0d2
q1a739790,d1a739b32
q1a739790,d1b3c1cba
q1a739790,d1b356550
q1a739790,d1b34d766
q1a739790,d1b2fb948
q1a739790,d1b2f89dc
q1a739790,d1b38b71e
q1a739790,d1b333ef6
q1a739790,d1b3bbb12
q1a739790,d1b358abc
q1a733f84,d1a7340d8
q1a733f84,d1a71e1e8
q1a733f84,d1a717c44
q1a733f84,d1a72471e
q1a733f84,d1b2fbfce
q1a733f84,d1b3258ce
q1a733f84,d1b367e4a
q1a733f84,d1b3b6d7e
q1a733f84,d1b3143b2
q1a733f84,d1b30f754
q1a74063a,d1a74070c
q1a74063a,d1b36639c
q1a74063a,d1b39034a
q1a74063a,d1b3b712a
q1a74063a,d1a71f7d2
q1a74063a,d1b379906
q1a74063a,d1b3a8990
q1a74063a,d1b36ed08
q1a74063a,d1a7233f0
q1a74063a,d1a71c082
q1a731f9a,d1a731ff4
q1a731f9a,d1b3a7ef0
q1a731f9a,d1a7218e8
q1a731f9a,d1b3a79e6
q1a731f9a,d1b3bc6e8
q1a731f9a,d1b313dcc
q1a731f9a,d1b312dd2
q1a731f9a,d1b31d46c
q1a731f9a,d1b3c8146
q1a731f9a,d1b37f0ae
q1a73b428,d1b2f0d72
q1a73b428,d1b376cb0
q1a73b428,d1b3a4c0a
q1a73b428,d1b3a2568
q1a73b428,d1a731c70
q1a73b428,d1a73b46e
q1a73b428,d1b3b4182
q1a73b428,d1b34e18e
q1a73b428,d1b3ad3be
q1a73b428,d1b321b70
q1a7293ae,d1b3280ce
q1a7293ae,d1a72949e
q1a7293ae,d1a7218e8
q1a7293ae,d1b35f90c
q1a7293ae,d1b3b7f94
q1a7293ae,d1b2e96b2
q1a7293ae,d1b36c60c
q1a7293ae,d1b3b9038
q1a7293ae,d1b3bf532
q1a7293ae,d1b3c6bc0
q1a7395f6,d1b3b7382
q1a7395f6,d1b39b4fc
q1a7395f6,d1a715854
q1a7395f6,d1b362116
q1a7395f6,d1b3a81f2
q1a7395f6,d1b33d4b0
q1a7395f6,d1b3b8660
q1a7395f6,d1b3c160c
q1a7395f6,d1b3aeb92
q1a7395f6,d1b35af42
q1a71e972,d1b3b7238
q1a71e972,d1a73f79e
q1a71e972,d1a71ea1c
q1a71e972,d1b36de6c
q1a71e972,d1b34e29c
q1a71e972,d1a730c3a
q1a71e972,d1b324168
q1a71e972,d1b3b5dc0
q1a71e972,d1b3a2bc6
q1a71e972,d1b374d48
q1a72b140,d1a72b258
q1a72b140,d1b354a8e
q1a72b140,d1b399b34
q1a72b140,d1b347492
q1a72b140,d1b354750
q1a72b140,d1b33e8e2
q1a72b140,d1b353ec2
q1a72b140,d1b31cd64
q1a72b140,d1b3bbfae
q1a72b140,d1a7210fa
q1a73866a,d1a72dc10
q1a73866a,d1b37796c
q1a73866a,d1b36d3cc
q1a73866a,d1b335418
q1a73866a,d1b317652
q1a73866a,d1a738764
q1a73866a,d1b2f3d88
q1a73866a,d1b36b914
q1a73866a,d1b36d9f8
q1a73866a,d1a714a58
q1a71fb88,d1a71fc46
q1a71fb88,d1a725f60
q1a71fb88,d1b3975be
q1a71fb88,d1b397320
q1a71fb88,d1b3b7382
q1a71fb88,d1b3862b4
q1a71fb88,d1a726af0
q1a71fb88,d1b3c160c
q1a71fb88,d1b351cbc
q1a71fb88,d1b345656
q1a73acee,d1a7285e4
q1a73acee,d1b2e2632
q1a73acee,d1b3b7f94
q1a73acee,d1b300a4c
q1a73acee,d1b375108
q1a73acee,d1a73ad20
q1a73acee,d1b356622
q1a73acee,d1a741bd4
q1a73acee,d1a71df22
q1a73acee,d1b2f783e
q1a73f1c2,d1a73f2c6
q1a73f1c2,d1b36136a
q1a73f1c2,d1b3172c4
q1a73f1c2,d1b3ba7a8
q1a73f1c2,d1b329a00
q1a73f1c2,d1a71b272
q1a73f1c2,d1b2e8b36
q1a73f1c2,d1b38ffda
q1a73f1c2,d1b391c4a
q1a73f1c2,d1b35b096
q1a738386,d1b371dd2
q1a738386,d1b3bab22
q1a738386,d1b3164f0
q1a738386,d1b31e7a4
q1a738386,d1a7324d6
q1a738386,d1b3177b0
q1a738386,d1b33e716
q1a738386,d1b389496
q1a738386,d1a714cd8
q1a738386,d1b352f68
q1a72830a,d1b2e96b2
q1a72830a,d1b33b3e0
q1a72830a,d1a73f2c6
q1a72830a,d1b38cee8
q1a72830a,d1b30252c
q1a72830a,d1b3489dc
q1a72830a,d1b331e12
q1a72830a,d1a7233f0
q1a72830a,d1b2eb8cc
q1a72830a,d1b35ede0
q1a7295f2,d1b36b7fc
q1a7295f2,d1b398a04
q1a7295f2,d1b3134f8
q1a7295f2,d1b3ba096
q1a7295f2,d1b346902
q1a7295f2,d1b3b2760
q1a7295f2,d1b349f26
q1a7295f2,d1b309750
q1a7295f2,d1b2eead6
q1a7295f2,d1b3554b6
q1a723698,d1b369c7c
q1a723698,d1b3921e0
q1a723698,d1b3a9a7a
q1a723698,d1b31f906
q1a723698,d1b3b9a42
q1a723698,d1b3af286
q1a723698,d1b3274f8
q1a723698,d1b34134e
q1a723698,d1b2f54f8
q1a723698,d1b3ae62e
q1a72291e,d1a722a18
q1a72291e,d1b386b1a
q1a72291e,d1b3b041a
q1a72291e,d1b34d356
q1a72291e,d1b30fc4a
q1a72291e,d1b36b5ae
q1a72291e,d1b2e4c34
q1a72291e,d1b39b222
q1a72291e,d1b352572
q1a72291e,d1b354d0e
q1a7229aa,d1b3c4d8e
q1a7229aa,d1a722a18
q1a7229aa,d1b352572
q1a7229aa,d1b386b1a
q1a7229aa,d1b37bddc
q1a7229aa,d1b34b02e
q1a7229aa,d1b37762e
q1a7229aa,d1a719184
q1a7229aa,d1b38c9f2
q1a7229aa,d1b3ae8fe
q1a741b52,d1a741bd4
q1a741b52,d1b38716e
q1a741b52,d1b3135ca
q1a741b52,d1b390430
q1a741b52,d1b35f9d4
q1a741b52,d1b3a59ca
q1a741b52,d1b38fe7c
q1a741b52,d1b2e2632
q1a741b52,d1b2e87c6
q1a741b52,d1b37e47e
q1a733700,d1b3b4ac4
q1a733700,d1a7337aa
q1a733700,d1b33db86
q1a733700,d1b3c172e
q1a733700,d1b3c77f0
q1a733700,d1b327aa2
q1a733700,d1b352216
q1a733700,d1b2f0318
q1a733700,d1b340070
q1a733700,d1b2f751e
q1a721028,d1a7210fa
q1a721028,d1b3c7ed0
q1a721028,d1b32e136
q1a721028,d1b3105c8
q1a721028,d1b363c1e
q1a721028,d1b2f32e8
q1a721028,d1b2fa340
q1a721028,d1b322fb6
q1a721028,d1b337f7e
q1a721028,d1b3967cc
q1a711ede,d1a7183ce
q1a711ede,d1a711fd8
q1a711ede,d1b38ffda
q1a711ede,d1b35b096
q1a711ede,d1b30b0a0
q1a711ede,d1b349954
q1a711ede,d1b338bcc
q1a711ede,d1b34b31c
q1a711ede,d1b32be18
q1a711ede,d1b389a04
q1a724d72,d1b3c0eaa
q1a724d72,d1b3878a8
q1a724d72,d1b2ff73c
q1a724d72,d1b3bf8a2
q1a724d72,d1b3c40aa
q1a724d72,d1a71e1e8
q1a724d72,d1b36fa96
q1a724d72,d1b3be628
q1a724d72,d1b319772
q1a724d72,d1b359ce6
q1a721262,d1a72135c
q1a721262,d1b33b3e0
q1a721262,d1b37b97c
q1a721262,d1b34d356
q1a721262,d1a71bb78
q1a721262,d1b33a9ea
q1a721262,d1b3394aa
q1a721262,d1b39b4fc
q1a721262,d1b39c6ea
q1a721262,d1b342488
q1a72c0c2,d1b35b7bc
q1a72c0c2,d1a72c19e
q1a72c0c2,d1b3abcb2
q1a72c0c2,d1b3c0eaa
q1a72c0c2,d1b37a252
q1a72c0c2,d1b30f754
q1a72c0c2,d1b36fa96
q1a72c0c2,d1b3c40aa
q1a72c0c2,d1b31137e
q1a72c0c2,d1b3bb81a
q1a71bace,d1a71bb78
q1a71bace,d1b349198
q1a71bace,d1b3ba096
q1a71bace,d1b3711d4
q1a71bace,d1b3b553c
q1a71bace,d1a72cf18
q1a71bace,d1b39fa5c
q1a71bace,d1b336d72
q1a71bace,d1b39b4fc
q1a71bace,d1b3394aa
q1a73d160,d1b3a52c2
q1a73d160,d1b2ee798
q1a73d160,d1a723f4e
q1a73d160,d1b3429f6
q1a73d160,d1b36d638
q1a73d160,d1b34bd44
q1a73d160,d1b2f9a8a
q1a73d160,d1a720542
q1a73d160,d1b2ff598
q1a73d160,d1b313944
q1a73b18a,d1b39b222
q1a73b18a,d1b34d356
q1a73b18a,d1a73b248
q1a73b18a,d1b354d0e
q1a73b18a,d1b386b1a
q1a73b18a,d1b36b5ae
q1a73b18a,d1b2f46ca
q1a73b18a,d1b30e908
q1a73b18a,d1b35e70a
q1a73b18a,d1a722a18
q1a7277b6,d1b2f48d2
q1a7277b6,d1a727810
q1a7277b6,d1b369218
q1a7277b6,d1b3492f6
q1a7277b6,d1b34be20
q1a7277b6,d1b3c4d8e
q1a7277b6,d1b31111c
q1a7277b6,d1b2fb01a
q1a7277b6,d1a7261ea
q1a7277b6,d1b3bb45a
q1a7321f2,d1b369c7c
q1a7321f2,d1b2e63f4
q1a7321f2,d1b3a9a7a
q1a7321f2,d1b31f906
q1a7321f2,d1b2fa4da
q1a7321f2,d1b3a2e78
q1a7321f2,d1b35493a
q1a7321f2,d1b377e58
q1a7321f2,d1b36fb72
q1a7321f2,d1b388e88
q1a731234,d1a731306
q1a731234,d1b351262
q1a731234,d1b3022fc
q1a731234,d1b3211d4
q1a731234,d1b38ae90
q1a731234,d1b31ebd2
q1a731234,d1b37188c
q1a731234,d1b307c48
q1a731234,d1b34dd6a
q1a731234,d1b37a89c
q1a738be2,d1a738d04
q1a738be2,d1b34b02e
q1a738be2,d1a7310a4
q1a738be2,d1b37762e
q1a738be2,d1b3ad526
q1a738be2,d1b3c52c0
q1a738be2,d1b386d40
q1a738be2,d1b3b229c
q1a738be2,d1b389a04
q1a738be2,d1b3a2414
q1a72b19a,d1a72b258
q1a72b19a,d1b31cd64
q1a72b19a,d1b32b094
q1a72b19a,d1b399b34
q1a72b19a,d1b381688
q1a72b19a,d1b354a8e
q1a72b19a,d1b347492
q1a72b19a,d1b3469e8
q1a72b19a,d1b353ec2
q1a72b19a,d1b354750
q1a72394a,d1a723a30
q1a72394a,d1b31ce72
q1a72394a,d1b37f428
q1a72394a,d1b33198a
q1a72394a,d1b38522e
q1a72394a,d1b35a6c8
q1a72394a,d1b31d46c
q1a72394a,d1b312dd2
q1a72394a,d1b365e2e
q1a72394a,d1b33ca56
q1a7254ca,d1a7255f6
q1a7254ca,d1b2f0e94
q1a7254ca,d1b37a4a0
q1a7254ca,d1b395502
q1a7254ca,d1b3345c2
q1a7254ca,d1b3c5702
q1a7254ca,d1b353ec2
q1a7254ca,d1b33cd08
q1a7254ca,d1b3a734c
q1a7254ca,d1a73c530
q1a7379c2,d1a71e79c
q1a7379c2,d1b31607c
q1a7379c2,d1b3c6594
q1a7379c2,d1b35a6c8
q1a7379c2,d1a729e44
q1a7379c2,d1b3287ae
q1a7379c2,d1b37aaf4
q1a7379c2,d1b365e2e
q1a7379c2,d1b37c7fa
q1a7379c2,d1b3c8146
q1a737cf6,d1b337a92
q1a737cf6,d1a722c66
q1a737cf6,d1b33f3be
q1a737cf6,d1a724228
q1a737cf6,d1b31f42e
q1a737cf6,d1a71d82e
q1a737cf6,d1b2f7e88
q1a737cf6,d1b322e9e
q1a737cf6,d1b394ca6
q1a737cf6,d1a72bce4
q1a73bbd0,d1a73bd10
q1a73bbd0,d1b36177a
q1a73bbd0,d1a7290b6
q1a73bbd0,d1b3211d4
q1a73bbd0,d1b390c64
q1a73bbd0,d1b3b7da0
q1a73bbd0,d1b39f174
q1a73bbd0,d1b33829e
q1a73bbd0,d1b399c2e
q1a73bbd0,d1b31f082
q1a741e36,d1b33d05a
q1a741e36,d1a73a62c
q1a741e36,d1b314a74
q1a741e36,d1b378560
q1a741e36,d1b39b79a
q1a741e36,d1b360794
q1a741e36,d1a72f100
q1a741e36,d1b3a2568
q1a741e36,d1b39576e
q1a741e36,d1b35c9dc
q1a72a2a4,d1b352572
q1a72a2a4,d1b3604d8
q1a72a2a4,d1a722a18
q1a72a2a4,d1b38ffda
q1a72a2a4,d1b36c60c
q1a72a2a4,d1b3c4d8e
q1a72a2a4,d1b35b096
q1a72a2a4,d1b369a38
q1a72a2a4,d1b390d90
q1a72a2a4,d1b337970
q1a714a12,d1b3c1bb6
q1a714a12,d1b3a2fb8
q1a714a12,d1b3b7238
q1a714a12,d1b35e57a
q1a714a12,d1a730c3a
q1a714a12,d1b3b00fa
q1a714a12,d1b36de6c
q1a714a12,d1b3a2bc6
q1a714a12,d1b374d48
q1a714a12,d1b33dec4
q1a714f08,d1b36bd92
q1a714f08,d1a714f9e
q1a714f08,d1b2f364e
q1a714f08,d1b370a72
q1a714f08,d1b358530
q1a714f08,d1b3b92ea
q1a714f08,d1b2ed03c
q1a714f08,d1b38a7ec
q1a714f08,d1a73a424
q1a714f08,d1b3630ca
q1a73cf12,d1b369c7c
q1a73cf12,d1b35493a
q1a73cf12,d1b338c9e
q1a73cf12,d1b3bdaa2
q1a73cf12,d1b2f54f8
q1a73cf12,d1b374154
q1a73cf12,d1b39fc28
q1a73cf12,d1b3a7ae0
q1a73cf12,d1b34622c
q1a73cf12,d1b33f274
q1a71fc14,d1a71fc46
q1a71fc14,d1b3975be
q1a71fc14,d1b39616e
q1a71fc14,d1b3757ac
q1a71fc14,d1b32a162
q1a71fc14,d1b375932
q1a71fc14,d1b358efe
q1a71fc14,d1b305c90
q1a71fc14,d1b3862b4
q1a71fc14,d1b32a40a
q1a71fff2,d1a7200d8
q1a71fff2,d1b31607c
q1a71fff2,d1b346c22
q1a71fff2,d1b3b46be
q1a71fff2,d1b3a557e
q1a71fff2,d1b369812
q1a71fff2,d1b30d0f8
q1a71fff2,d1b396074
q1a71fff2,d1b3616a8
q1a71fff2,d1b304a2a
q1a731716,d1b38b71e
q1a731716,d1a731748
q1a731716,d1b342c1c
q1a731716,d1b312dd2
q1a731716,d1b3a6942
q1a731716,d1b31d0c0
q1a731716,d1b3c8362
q1a731716,d1b30e408
q1a731716,d1b2e55ee
q1a731716,d1b343d6a
q1a733426,d1b351cbc
q1a733426,d1b37ad42
q1a733426,d1b3472e4
q1a733426,d1b3457fa
q1a733426,d1b369e02
q1a733426,d1b325108
q1a733426,d1b3a3364
q1a733426,d1b3acef0
q1a733426,d1b3a12a8
q1a733426,d1b3a5bd2
q1a732e68,d1b3188ea
q1a732e68,d1b38d0fa
q1a732e68,d1b344968
q1a732e68,d1a73ab0e
q1a732e68,d1b351bc2
q1a732e68,d1b39136c
q1a732e68,d1b335116
q1a732e68,d1b3505c4
q1a732e68,d1b30f3ee
q1a732e68,d1b3c06da
q1a732ec2,d1b36abc2
q1a732ec2,d1b398f54
q1a732ec2,d1b33472a
q1a732ec2,d1b32ed66
q1a732ec2,d1a73ab0e
q1a732ec2,d1b361a04
q1a732ec2,d1b30a074
q1a732ec2,d1b3971fe
q1a732ec2,d1b335116
q1a732ec2,d1a732f9e
q1a7239f4,d1a726af0
q1a7239f4,d1b344bb6
q1a7239f4,d1b34f9ee
q1a7239f4,d1b357bda
q1a7239f4,d1b32c020
q1a7239f4,d1b369c7c
q1a7239f4,d1b355ccc
q1a7239f4,d1b3c460e
q1a7239f4,d1b389496
q1a7239f4,d1b3c1bb6
q1a7393d0,d1a739434
q1a7393d0,d1b389496
q1a7393d0,d1b3a6e42
q1a7393d0,d1b367724
q1a7393d0,d1a732ce2
q1a7393d0,d1b399c2e
q1a7393d0,d1b39d63a
q1a7393d0,d1b30842c
q1a7393d0,d1b375a7c
q1a7393d0,d1b31d0c0
q1a72af6a,d1b2fe102
q1a72af6a,d1b31a578
q1a72af6a,d1b3c1bb6
q1a72af6a,d1b3b1ebe
q1a72af6a,d1a737b0c
q1a72af6a,d1a7131e4
q1a72af6a,d1b36c3be
q1a72af6a,d1b339a5e
q1a72af6a,d1b365320
q1a72af6a,d1b2f1d3a
q1a73e3a8,d1b369c7c
q1a73e3a8,d1b387d08
q1a73e3a8,d1b327b92
q1a73e3a8,d1b3a6596
q1a73e3a8,d1b3900e8
q1a73e3a8,d1b3c460e
q1a73e3a8,d1b3604d8
q1a73e3a8,d1b3a1794
q1a73e3a8,d1b38e400
q1a73e3a8,d1b332c22
q1a7243b8,d1a7244a8
q1a7243b8,d1b386822
q1a7243b8,d1b38bf5c
q1a7243b8,d1b3b041a
q1a7243b8,d1a7118d0
q1a7243b8,d1b35ea48
q1a7243b8,d1b345d9a
q1a7243b8,d1b30e908
q1a7243b8,d1b3ac8d8
q1a7243b8,d1b3be51a
q1a71d70c,d1b3b82e6
q1a71d70c,d1b3af434
q1a71d70c,d1b3b0226
q1a71d70c,d1b3967cc
q1a71d70c,d1b3304fe
q1a71d70c,d1a71d82e
q1a71d70c,d1b32a91e
q1a71d70c,d1a72e818
q1a71d70c,d1b38ba70
q1a71d70c,d1a726d7a
q1a72399a,d1a723a30
q1a72399a,d1b31ce72
q1a72399a,d1b33198a
q1a72399a,d1b37f428
q1a72399a,d1b38522e
q1a72399a,d1b35a6c8
q1a72399a,d1b365e2e
q1a72399a,d1b37dcae
q1a72399a,d1b31d46c
q1a72399a,d1b33ca56
q1a7161a0,d1b3193e4
q1a7161a0,d1b33d05a
q1a7161a0,d1b385a12
q1a7161a0,d1b2f208c
q1a7161a0,d1b300222
q1a7161a0,d1b32d114
q1a7161a0,d1b35c9dc
q1a7161a0,d1b3a6d3e
q1a7161a0,d1b3947f6
q1a7161a0,d1b338460
q1a73deb2,d1a73e024
q1a73deb2,d1b37762e
q1a73deb2,d1b36c97c
q1a73deb2,d1a716c9a
q1a73deb2,d1b3675c6
q1a73deb2,d1b386d40
q1a73deb2,d1b3c52c0
q1a73deb2,d1b2e67a0
q1a73deb2,d1b38c9f2
q1a73deb2,d1b3991d4
q1a7415da,d1a741756
q1a7415da,d1b322e9e
q1a7415da,d1b31aa78
q1a7415da,d1b329cc6
q1a7415da,d1b359f5c
q1a7415da,d1b36901a
q1a7415da,d1b2f0a70
q1a7415da,d1b355a38
q1a7415da,d1a7362fc
q1a7415da,d1b34a48a
q1a731f18,d1a731ff4
q1a731f18,d1b3bccba
q1a731f18,d1b3bb180
q1a731f18,d1b31ce72
q1a731f18,d1b351dca
q1a731f18,d1b3a7ef0
q1a731f18,d1b37bc24
q1a731f18,d1b3a197e
q1a731f18,d1b33bd86
q1a731f18,d1b3c8146
q1a715cc8,d1a715e30
q1a715cc8,d1b2f6ccc
q1a715cc8,d1b31dae8
q1a715cc8,d1b333b86
q1a715cc8,d1b33143a
q1a715cc8,d1a73f564
q1a715cc8,d1b368e9e
q1a715cc8,d1b32fc66
q1a715cc8,d1b30928c
q1a715cc8,d1b3ad242
q1a72c630,d1b37762e
q1a72c630,d1b30812a
q1a72c630,d1a72c798
q1a72c630,d1b377e58
q1a72c630,d1b3991d4
q1a72c630,d1a719184
q1a72c630,d1b34b02e
q1a72c630,d1b366ad6
q1a72c630,d1b37c4d0
q1a72c630,d1b3078b0
q1a72ec6e,d1b35a862
q1a72ec6e,d1b391c4a
q1a72ec6e,d1b347f1e
q1a72ec6e,d1b3c4d8e
q1a72ec6e,d1a734402
q1a72ec6e,d1a73f2c6
q1a72ec6e,d1a73d944
q1a72ec6e,d1b34d356
q1a72ec6e,d1b34adcc
q1a72ec6e,d1b372476
q1a73736e,d1a73744a
q1a73736e,d1b37ec1c
q1a73736e,d1b3225a2
q1a73736e,d1b305600
q1a73736e,d1b381278
q1a73736e,d1b301a6e
q1a73736e,d1b3b4394
q1a73736e,d1b35949e
q1a73736e,d1b359b92
q1a73736e,d1b37e38e
q1a73b702,d1b3304fe
q1a73b702,d1b32a91e
q1a73b702,d1b3a948a
q1a73b702,d1b330422
q1a73b702,d1b38d3fc
q1a73b702,d1b335418
q1a73b702,d1b2e8924
q1a73b702,d1b3967cc
q1a73b702,d1b321580
q1a73b702,d1b38ba70
q1a71a174,d1b382cea
q1a71a174,d1a71a278
q1a71a174,d1b3bf118
q1a71a174,d1a72e818
q1a71a174,d1b3af8f8
q1a71a174,d1a71d82e
q1a71a174,d1b32c4da
q1a71a174,d1b38b0de
q1a71a174,d1b37dea2
q1a71a174,d1b32ab9e
q1a71b4b6,d1a71b628
q1a71b4b6,d1b3153de
q1a71b4b6,d1b382998
q1a71b4b6,d1b3673aa
q1a71b4b6,d1b2e9950
q1a71b4b6,d1b393f5e
q1a71b4b6,d1b2fca64
q1a71b4b6,d1b2e455e
q1a71b4b6,d1b3a42f0
q1a71b4b6,d1b3c3056
q1a72a74a,d1b3b7da0
q1a72a74a,d1b360a78
q1a72a74a,d1b34bc0e
q1a72a74a,d1b2f5688
q1a72a74a,d1b3b641e
q1a72a74a,d1b3c2c78
q1a72a74a,d1b3558a8
q1a72a74a,d1b3a9b60
q1a72a74a,d1a72a812
q1a72a74a,d1b376fda
q1a72d8a0,d1a72d99a
q1a72d8a0,d1b35bf96
q1a72d8a0,d1b2fcdd4
q1a72d8a0,d1a73a852
q1a72d8a0,d1b32be18
q1a72d8a0,d1a71fa20
q1a72d8a0,d1a7177a8
q1a72d8a0,d1b2edb04
q1a72d8a0,d1b33d82a
q1a72d8a0,d1b367b34
q1a71bd44,d1a71cca8
q1a71bd44,d1b3bcea4
q1a71bd44,d1b3a9868
q1a71bd44,d1b326508
q1a71bd44,d1a734402
q1a71bd44,d1b35e70a
q1a71bd44,d1b34adcc
q1a71bd44,d1b38cee8
q1a71bd44,d1b2f539a
q1a71bd44,d1b3187c8
q1a7186b2,d1b381688
q1a7186b2,d1b2f32e8
q1a7186b2,d1b363c1e
q1a7186b2,d1b3c7ed0
q1a7186b2,d1b3105c8
q1a7186b2,d1b3668c4
q1a7186b2,d1b3c230e
q1a7186b2,d1b383b40
q1a7186b2,d1b322fb6
q1a7186b2,d1a7210fa
q1a73a5c8,d1b34e18e
q1a73a5c8,d1a73a62c
q1a73a5c8,d1b36065e
q1a73a5c8,d1b3193e4
q1a73a5c8,d1b376cb0
q1a73a5c8,d1b39576e
q1a73a5c8,d1b3a543e
q1a73a5c8,d1b3a6d3e
q1a73a5c8,d1b38504e
q1a73a5c8,d1a72f100
q1a7388ae,d1b368c82
q1a7388ae,d1b36f5aa
q1a7388ae,d1b3c0234
q1a7388ae,d1b2f89dc
q1a7388ae,d1b2ee34c
q1a7388ae,d1b393298
q1a7388ae,d1b3381ea
q1a7388ae,d1a73899e
q1a7388ae,d1b36803e
q1a7388ae,d1b3719ae
q1a71c92e,d1a71ca46
q1a71c92e,d1b3c47da
q1a71c92e,d1b338bcc
q1a71c92e,d1b3a9692
q1a71c92e,d1b31ebd2
q1a71c92e,d1a723a30
q1a71c92e,d1b33b3e0
q1a71c92e,d1b3493e6
q1a71c92e,d1b3862b4
q1a71c92e,d1b3336c2
q1a73b1e4,d1a73b248
q1a73b1e4,d1b354d0e
q1a73b1e4,d1b36b5ae
q1a73b1e4,d1b386b1a
q1a73b1e4,d1a722202
q1a73b1e4,d1a722a18
q1a73b1e4,d1b34d356
q1a73b1e4,d1b39b222
q1a73b1e4,d1b35e70a
q1a73b1e4,d1b38439c
q1a72d062,d1b2f0e94
q1a72d062,d1b2e63f4
q1a72d062,d1b37721e
q1a72d062,d1b3c5702
q1a72d062,d1b3aad30
q1a72d062,d1a73c530
q1a72d062,d1b377f84
q1a72d062,d1b3bacc6
q1a72d062,d1b33cd08
q1a72d062,d1b3be84e
q1a73d82c,d1b3b4c2c
q1a73d82c,d1b33a314
q1a73d82c,d1a73d944
q1a73d82c,d1b2ff4b2
q1a73d82c,d1b3aa344
q1a73d82c,d1b387dee
q1a73d82c,d1b36cbc0
q1a73d82c,d1b30268a
q1a73d82c,d1b3ae232
q1a73d82c,d1b304fca
q1a7397c2,d1a739b32
q1a7397c2,d1b360a78
q1a7397c2,d1b38b516
q1a7397c2,d1b3570cc
q1a7397c2,d1b2f3bda
q1a7397c2,d1b35bf96
q1a7397c2,d1b30d954
q1a7397c2,d1b3c0fb8
q1a7397c2,d1b3b7da0
q1a7397c2,d1b334aea
q1a71e10c,d1b3a9a7a
q1a71e10c,d1b392bae
q1a71e10c,d1b371d0a
q1a71e10c,d1b390fa2
q1a71e10c,d1b35b7bc
q1a71e10c,d1b3c40aa
q1a71e10c,d1a71e1e8
q1a71e10c,d1b39ed82
q1a71e10c,d1b31137e
q1a71e10c,d1b3a7932
q1a731f72,d1a7218e8
q1a731f72,d1a731ff4
q1a731f72,d1b3c2e58
q1a731f72,d1b3797e4
q1a731f72,d1b365cb2
q1a731f72,d1b31d46c
q1a731f72,d1b357bda
q1a731f72,d1b368458
q1a731f72,d1b373e48
q1a731f72,d1b37442e
q1a711b6e,d1b315bcc
q1a711b6e,d1b342b5e
q1a711b6e,d1b3b82e6
q1a711b6e,d1b343220
q1a711b6e,d1b329e9c
q1a711b6e,d1b35c2de
q1a711b6e,d1b350e7a
q1a711b6e,d1b3958ea
q1a711b6e,d1b362116
q1a711b6e,d1b351262
q1a711f42,d1b338bcc
q1a711f42,d1a7183ce
q1a711f42,d1b34b31c
q1a711f42,d1b329e9c
q1a711f42,d1b3170d0
q1a711f42,d1b3bd598
q1a711f42,d1b3238b2
q1a711f42,d1a72bce4
q1a711f42,d1b3a60dc
q1a711f42,d1b32a568
q1a713720,d1a7138d8
q1a713720,d1b39a6ce
q1a713720,d1b39bccc
q1a713720,d1b380a62
q1a713720,d1b300fb0
q1a713720,d1b35a29a
q1a713720,d1b36f99c
q1a713720,d1b315f0a
q1a713720,d1b33db86
q1a713720,d1b3b4ac4
q1a7130e0,d1b380814
q1a7130e0,d1b37a252
q1a7130e0,d1b3202c0
q1a7130e0,d1b340df4
q1a7130e0,d1b39ec7e
q1a7130e0,d1b369c7c
q1a7130e0,d1a729b42
q1a7130e0,d1b34134e
q1a7130e0,d1b3640ce
q1a7130e0,d1b3b8c3c
q1a729886,d1a72991c
q1a729886,d1b36c3be
q1a729886,d1b383b40
q1a729886,d1b363c1e
q1a729886,d1b3c230e
q1a729886,d1b3105c8
q1a729886,d1b3b229c
q1a729886,d1a726d7a
q1a729886,d1b2f32e8
q1a729886,d1b32d916
q1a71412a,d1b32b094
q1a71412a,d1a72991c
q1a71412a,d1b3a4ea8
q1a71412a,d1b31fef6
q1a71412a,d1b3c230e
q1a71412a,d1b306bae
q1a71412a,d1b3ab398
q1a71412a,d1a726d7a
q1a71412a,d1b35752c
q1a71412a,d1b2fd72a
q1a733106,d1a7331d8
q1a733106,d1b3a9052
q1a733106,d1b32c16a
q1a733106,d1b336372
q1a733106,d1b371a9e
q1a733106,d1b3abdac
q1a733106,d1b309a8e
q1a733106,d1b317f26
q1a733106,d1b364d08
q1a733106,d1b2e34ec
q1a7413aa,d1b3c1bb6
q1a7413aa,d1b3c743a
q1a7413aa,d1a73f79e
q1a7413aa,d1b3a2fb8
q1a7413aa,d1b3a2bc6
q1a7413aa,d1b3bd598
q1a7413aa,d1b32b31e
q1a7413aa,d1b375dd8
q1a7413aa,d1b31fef6
q1a7413aa,d1b3791b8
q1a73ebc8,d1b39417a
q1a73ebc8,d1b3345c2
q1a73ebc8,d1b30f8da
q1a73ebc8,d1b3bf28a
q1a73ebc8,d1b3c11c0
q1a73ebc8,d1b3af812
q1a73ebc8,d1a73ec0e
q1a73ebc8,d1b3aad30
q1a73ebc8,d1a72d184
q1a73ebc8,d1a71f7d2
q1a71c9e2,d1a71ca46
q1a71c9e2,d1b3c47da
q1a71c9e2,d1b369c7c
q1a71c9e2,d1b37a89c
q1a71c9e2,d1b3b50be
q1a71c9e2,d1b311c48
q1a71c9e2,d1b31a91a
q1a71c9e2,d1a723a30
q1a71c9e2,d1a71c082
q1a71c9e2,d1b3c1bb6
q1a740914,d1b3429f6
q1a740914,d1b364b50
q1a740914,d1b377f84
q1a740914,d1b3a9dd6
q1a740914,d1b389928
q1a740914,d1b391812
q1a740914,d1b340c28
q1a740914,d1b346902
q1a740914,d1b310bc2
q1a740914,d1b35377e
q1a7254fc,d1a7255f6
q1a7254fc,d1b323f38
q1a7254fc,d1b37a4a0
q1a7254fc,d1b3c5702
q1a7254fc,d1b395502
q1a7254fc,d1b3a734c
q1a7254fc,d1b33cd08
q1a7254fc,d1b353ec2
q1a7254fc,d1b2f0e94
q1a7254fc,d1b354750
q1a7276d0,d1a727810
q1a7276d0,d1b2f48d2
q1a7276d0,d1b39c12c
q1a7276d0,d1b395822
q1a7276d0,d1b36bd92
q1a7276d0,d1b370a72
q1a7276d0,d1a73a424
q1a7276d0,d1b351bc2
q1a7276d0,d1b3b80ac
q1a7276d0,d1b3ae232
q1a73f71c,d1b3a2fb8
q1a73f71c,d1b3a2bc6
q1a73f71c,d1b30c7f2
q1a73f71c,d1b3791b8
q1a73f71c,d1b32b31e
q1a73f71c,d1a73f79e
q1a73f71c,d1b35141a
q1a73f71c,d1b3416dc
q1a73f71c,d1b375dd8
q1a73f71c,d1b3bedf8
q1a734588,d1b34baf6
q1a734588,d1b3457fa
q1a734588,d1a734614
q1a734588,d1a73920e
q1a734588,d1b3aa24a
q1a734588,d1b3b3c00
q1a734588,d1b3aeb92
q1a734588,d1b2f4a30
q1a734588,d1b35e62e
q1a734588,d1b34159c
q1a71e3dc,d1a7376e8
q1a71e3dc,d1b3b7e86
q1a71e3dc,d1b32002c
q1a71e3dc,d1a71e47c
q1a71e3dc,d1b359f5c
q1a71e3dc,d1b398126
q1a71e3dc,d1b3c5540
q1a71e3dc,d1a7231d4
q1a71e3dc,d1b32f36a
q1a71e3dc,d1b38d1cc
q1a72268a,d1a7227c0
q1a72268a,d1b38ed06
q1a72268a,d1b3c4514
q1a72268a,d1b347866
q1a72268a,d1b3a3c88
q1a72268a,d1b303a08
q1a72268a,d1b348478
q1a72268a,d1b35c4dc
q1a72268a,d1b31d1f6
q1a72268a,d1b3343ce
q1a72e796,d1b3967cc
q1a72e796,d1b3b0226
q1a72e796,d1b3b82e6
q1a72e796,d1a72e818
q1a72e796,d1b3af434
q1a72e796,d1b3304fe
q1a72e796,d1a71d82e
q1a72e796,d1b32a91e
q1a72e796,d1b378ab0
q1a72e796,d1a726d7a
q1a71ce9c,d1a72ba82
q1a71ce9c,d1b32dec0
q1a71ce9c,d1b384482
q1a71ce9c,d1b334a2c
q1a71ce9c,d1b32309c
q1a71ce9c,d1b3abb86
q1a71ce9c,d1b3712f6
q1a71ce9c,d1b30e246
q1a71ce9c,d1b362d1e
q1a71ce9c,d1b2f9a8a
q1a722720,d1a7253e4
q1a722720,d1b38a3e6
q1a722720,d1b318f20
q1a722720,d1b318a5c
q1a722720,d1b2ed74e
q1a722720,d1b331e12
q1a722720,d1b35b99c
q1a722720,d1b328bdc
q1a722720,d1b3187c8
q1a722720,d1b3c7c0a
q1a73edd0,d1a73ee34
q1a73edd0,d1b3bd98a
q1a73edd0,d1b39967a
q1a73edd0,d1b341f9c
q1a73edd0,d1b368b9c
q1a73edd0,d1a73e9d4
q1a73edd0,d1b332740
q1a73edd0,d1b36375a
q1a73edd0,d1b3aa6fa
q1a73edd0,d1b331b10
q1a73aaaa,d1b398cac
q1a73aaaa,d1a72ccde
q1a73aaaa,d1b3c4b36
q1a73aaaa,d1b36a1e0
q1a73aaaa,d1b315816
q1a73aaaa,d1b373f4c
q1a73aaaa,d1b364542
q1a73aaaa,d1b3505c4
q1a73aaaa,d1b3182b4
q1a73aaaa,d1b3813b8
q1a738c0a,d1b389a04
q1a738c0a,d1b3b229c
q1a738c0a,d1b30f754
q1a738c0a,d1b3b8728
q1a738c0a,d1b315d84
q1a738c0a,d1b3c5702
q1a738c0a,d1b356866
q1a738c0a,d1b331b10
q1a738c0a,d1b3a60dc
q1a738c0a,d1b2ee16c
q1a716966,d1b3a61cc
q1a716966,d1b373862
q1a716966,d1b314178
q1a716966,d1b35ce14
q1a716966,d1b3a6fa0
q1a716966,d1a73bfc2
q1a716966,d1b32c98a
q1a716966,d1b3bc26a
q1a716966,d1b37f626
q1a716966,d1b3c160c
q1a71a8fe,d1b3bf8a2
q1a71a8fe,d1b355ccc
q1a71a8fe,d1b3b24cc
q1a71a8fe,d1b329dc0
q1a71a8fe,d1b2f19b6
q1a71a8fe,d1b36d638
q1a71a8fe,d1b3c0eaa
q1a71a8fe,d1b3b96f0
q1a71a8fe,d1b3a9a7a
q1a71a8fe,d1a720542
q1a73703a,d1a73715c
q1a73703a,d1b3c1404
q1a73703a,d1b333ef6
q1a73703a,d1b357d56
q1a73703a,d1b2f89dc
q1a73703a,d1b373150
q1a73703a,d1b33ce20
q1a73703a,d1b391722
q1a73703a,d1b312dd2
q1a73703a,d1b31aff0
q1a727dd8,d1b346114
q1a727dd8,d1b34bfec
q1a727dd8,d1b3beb3c
q1a727dd8,d1a727e1e
q1a727dd8,d1b39dacc
q1a727dd8,d1b3862b4
q1a727dd8,d1b2ef3dc
q1a727dd8,d1b387d08
q1a727dd8,d1b364ee8
q1a727dd8,d1b35a6c8
q1a7339c6,d1a733a98
q1a7339c6,d1b3c3e8e
q1a7339c6,d1a71f2f0
q1a7339c6,d1b2f7cd0
q1a7339c6,d1b35f90c
q1a7339c6,d1b36c60c
q1a7339c6,d1b31dd7c
q1a7339c6,d1b32c3fe
q1a7339c6,d1b389e46
q1a7339c6,d1a7174c4
q1a740432,d1b377e58
q1a740432,d1b32fb4e
q1a740432,d1b37c4d0
q1a740432,d1b389a04
q1a740432,d1b2f3a5e
q1a740432,d1b390a2a
q1a740432,d1b3b229c
q1a740432,d1b37bddc
q1a740432,d1a740464
q1a740432,d1b35243c
q1a73a03c,d1b389496
q1a73a03c,d1b387d08
q1a73a03c,d1b3862b4
q1a73a03c,d1b3c1bb6
q1a73a03c,d1b350100
q1a73a03c,d1a714cd8
q1a73a03c,d1b2ecdee
q1a73a03c,d1b3b50be
q1a73a03c,d1b369a38
q1a73a03c,d1b30842c
q1a73d854,d1b3b4c2c
q1a73d854,d1a73d944
q1a73d854,d1b30268a
q1a73d854,d1b387dee
q1a73d854,d1b3ae232
q1a73d854,d1b3aa344
q1a73d854,d1b36cbc0
q1a73d854,d1b2ff4b2
q1a73d854,d1b33a314
q1a73d854,d1b35d094
q1a718036,d1a718108
q1a718036,d1b358206
q1a718036,d1b326d46
q1a718036,d1b38716e
q1a718036,d1b330422
q1a718036,d1b32eab4
q1a718036,d1b3aeca0
q1a718036,d1b335418
q1a718036,d1b33c038
q1a718036,d1b38b426
q1a72903e,d1b36de6c
q1a72903e,d1b3c743a
q1a72903e,d1b3b00fa
q1a72903e,d1b3a2fb8
q1a72903e,d1b3a2bc6
q1a72903e,d1b374d48
q1a72903e,d1a73f79e
q1a72903e,d1a730c3a
q1a72903e,d1b3bedf8
q1a72903e,d1a7290b6
q1a721a64,d1a721b22
q1a721a64,d1b324bcc
q1a721a64,d1b38a148
q1a721a64,d1a728c1a
q1a721a64,d1b38db72
q1a721a64,d1b337970
q1a721a64,d1b3b0712
q1a721a64,d1b31d46c
q1a721a64,d1b37b562
q1a721a64,d1b325e28
q1a73dbd8,d1b318a5c
q1a73dbd8,d1b36afe6
q1a73dbd8,d1b377e58
q1a73dbd8,d1a7310a4
q1a73dbd8,d1b30ce78
q1a73dbd8,d1b3003a8
q1a73dbd8,d1b389a04
q1a73dbd8,d1b32a6d0
q1a73dbd8,d1b3b14a0
q1a73dbd8,d1b3aaa1a
q1a71dc98,d1a71dd10
q1a71dc98,d1b389496
q1a71dc98,d1b30edb8
q1a71dc98,d1b3a79e6
q1a71dc98,d1b3270fc
q1a71dc98,d1a714cd8
q1a71dc98,d1b313dcc
q1a71dc98,d1b36a6ae
q1a71dc98,d1a73fa6e
q1a71dc98,d1b31b73e
q1a71fd86,d1a71febc
q1a71fd86,d1b3862b4
q1a71fd86,d1b39616e
q1a71fd86,d1b32c020
q1a71fd86,d1b34ffca
q1a71fd86,d1b3b623e
q1a71fd86,d1b31d46c
q1a71fd86,d1a71dd10
q1a71fd86,d1a714cd8
q1a71fd86,d1a727b8a
q1a733c32,d1a733cf0
q1a733c32,d1b3ad8aa
q1a733c32,d1b339ea0
q1a733c32,d1b2f4e5e
q1a733c32,d1b373f4c
q1a733c32,d1b3946fc
q1a733c32,d1b3963b2
q1a733c32,d1b3221ce
q1a733c32,d1b341a38
q1a733c32,d1b3340ea
q1a727b4e,d1a727b8a
q1a727b4e,d1a723a30
q1a727b4e,d1a72d756
q1a727b4e,d1b3862b4
q1a727b4e,d1b36b180
q1a727b4e,d1b350a7e
q1a727b4e,d1b387d08
q1a727b4e,d1b369c7c
q1a727b4e,d1b349954
q1a727b4e,d1b3b69d2
q1a724412,d1a7244a8
q1a724412,d1b35ea48
q1a724412,d1b386b1a
q1a724412,d1b2f46ca
q1a724412,d1b34d356
q1a724412,d1b30e908
q1a724412,d1b36b5ae
q1a724412,d1a73b248
q1a724412,d1b3b041a
q1a724412,d1b35e70a
q1a7190d0,d1a719184
q1a7190d0,d1b3402dc
q1a7190d0,d1b3b7026
q1a7190d0,d1b33b2f0
q1a7190d0,d1b32fb4e
q1a7190d0,d1b333b86
q1a7190d0,d1b3495da
q1a7190d0,d1b38a3e6
q1a7190d0,d1b3a6596
q1a7190d0,d1b38b872
q1a716bc8,d1b389a04
q1a716bc8,d1a716c9a
q1a716bc8,d1b386d40
q1a716bc8,d1b3aa4de
q1a716bc8,d1a7310a4
q1a716bc8,d1a738d04
q1a716bc8,d1b373038
q1a716bc8,d1b34300e
q1a716bc8,d1b35243c
q1a716bc8,d1b366ad6
q1a7349fc,d1b302856
q1a7349fc,d1b357bda
q1a7349fc,d1b3797e4
q1a7349fc,d1a734aec
q1a7349fc,d1b3bc0b2
q1a7349fc,d1b2e8d98
q1a7349fc,d1b3c3fe2
q1a7349fc,d1b3b23be
q1a7349fc,d1a737d96
q1a7349fc,d1b36b180
q1a729ab6,d1b3202c0
q1a729ab6,d1a729b42
q1a729ab6,d1b360794
q1a729ab6,d1b37221e
q1a729ab6,d1b31f906
q1a729ab6,d1b3274f8
q1a729ab6,d1b395eee
q1a729ab6,d1b3a2e78
q1a729ab6,d1b30af92
q1a729ab6,d1b35493a
q1a72cbee,d1b3a863e
q1a72cbee,d1b3aefe8
q1a72cbee,d1b353846
q1a72cbee,d1b36a1e0
q1a72cbee,d1b388d20
q1a72cbee,d1b33e4c8
q1a72cbee,d1b399788
q1a72cbee,d1a73ba68
q1a72cbee,d1b38aa08
q1a72cbee,d1b344968
q1a727ae0,d1a726af0
q1a727ae0,d1b2ff9bc
q1a727ae0,d1b32360a
q1a727ae0,d1b344bb6
q1a727ae0,d1b326d46
q1a727ae0,d1b317dd2
q1a727ae0,d1a727b8a
q1a727ae0,d1b389496
q1a727ae0,d1b357bda
q1a727ae0,d1b355ccc
q1a73cc24,d1a73ccc4
q1a73cc24,d1b34b52e
q1a73cc24,d1b31bec8
q1a73cc24,d1b3403d6
q1a73cc24,d1b3006dc
q1a73cc24,d1b359084
q1a73cc24,d1b38d4ec
q1a73cc24,d1b32aa36
q1a73cc24,d1b30ff60
q1a73cc24,d1b32775a
q1a72e3e0,d1b3aefe8
q1a72e3e0,d1b2fcb7c
q1a72e3e0,d1b3a863e
q1a72e3e0,d1b3018d4
q1a72e3e0,d1b336fb6
q1a72e3e0,d1b3c874a
q1a72e3e0,d1b3505c4
q1a72e3e0,d1b353846
q1a72e3e0,d1a73ba68
q1a72e3e0,d1b35c9dc
q1a723ea4,d1b338bcc
q1a723ea4,d1b35b7bc
q1a723ea4,d1a724e76
q1a723ea4,d1b3a8756
q1a723ea4,d1b3b6d7e
q1a723ea4,d1b33959a
q1a723ea4,d1b3abcb2
q1a723ea4,d1b31137e
q1a723ea4,d1b319772
q1a723ea4,d1b3a7932
q1a723152,d1a7376e8
q1a723152,d1b357e96
q1a723152,d1b326f12
q1a723152,d1b35dfda
q1a723152,d1b359f5c
q1a723152,d1b32002c
q1a723152,d1b3b9a42
q1a723152,d1b3969e8
q1a723152,d1b3238b2
q1a723152,d1b384572
q1a71d7f2,d1a71d82e
q1a71d7f2,d1a72e818
q1a71d7f2,d1b2e8b36
q1a71d7f2,d1a71a278
q1a71d7f2,d1b3bf118
q1a71d7f2,d1b363cfa
q1a71d7f2,d1a726d7a
q1a71d7f2,d1b306bae
q1a71d7f2,d1b32c4da
q1a71d7f2,d1b3af434
q1a7415a8,d1a741756
q1a7415a8,d1b322e9e
q1a7415a8,d1b31aa78
q1a7415a8,d1b329cc6
q1a7415a8,d1b359f5c
q1a7415a8,d1b347b86
q1a7415a8,d1b2f0a70
q1a7415a8,d1b34a48a
q1a7415a8,d1b3c7c0a
q1a7415a8,d1b3a37a6
q1a724fac,d1b3a6fa0
q1a724fac,d1b39c5b4
q1a724fac,d1b36ec4a
q1a724fac,d1b3bacc6
q1a724fac,d1b3469e8
q1a724fac,d1b36065e
q1a724fac,d1b3be84e
q1a724fac,d1b30ec14
q1a724fac,d1a7250b0
q1a724fac,d1b30f754
q1a716114,d1b3b1ebe
q1a716114,d1b37fc52
q1a716114,d1b3554b6
q1a716114,d1b32c854
q1a716114,d1b33d3ca
q1a716114,d1b3983ba
q1a716114,d1b2f19b6
q1a716114,d1b369f60
q1a716114,d1b2f345a
q1a716114,d1b2fcf50
q1a7288f0,d1a7289ae
q1a7288f0,d1b326d46
q1a7288f0,d1a723a30
q1a7288f0,d1b32360a
q1a7288f0,d1b3604d8
q1a7288f0,d1a726af0
q1a7288f0,d1b349954
q1a7288f0,d1b332c22
q1a7288f0,d1b344bb6
q1a7288f0,d1b2eb0de
q1a735032,d1b3c874a
q1a735032,d1b2fcb7c
q1a735032,d1b3a0c72
q1a735032,d1b3086e8
q1a735032,d1b324532
q1a735032,d1b3b308e
q1a735032,d1b3963b2
q1a735032,d1b327fa2
q1a735032,d1b36a2ee
q1a735032,d1b336fb6
q1a73ff6e,d1a73ffe6
q1a73ff6e,d1b3b5ad2
q1a73ff6e,d1b3ba9b0
q1a73ff6e,d1b32921c
q1a73ff6e,d1b3300b2
q1a73ff6e,d1b345f84
q1a73ff6e,d1b359a84
q1a73ff6e,d1b39c12c
q1a73ff6e,d1b3bb6f8
q1a73ff6e,d1b36d21e
q1a72f2c2,d1a732ce2
q1a72f2c2,d1b39f390
q1a72f2c2,d1b35377e
q1a72f2c2,d1b33a8e6
q1a72f2c2,d1a725f60
q1a72f2c2,d1b34ee54
q1a72f2c2,d1b31f690
q1a72f2c2,d1b33a1de
q1a72f2c2,d1b37c246
q1a72f2c2,d1b33989c
q1a728d46,d1a728e36
q1a728d46,d1b32e136
q1a728d46,d1b33a026
q1a728d46,d1b3a8756
q1a728d46,d1b34cdfc
q1a728d46,d1b3bf118
q1a728d46,d1b2e96b2
q1a728d46,d1b3c0a5e
q1a728d46,d1b3bf532
q1a728d46,d1b39dfc2
q1a72098e,d1a720a88
q1a72098e,d1b3505c4
q1a72098e,d1b377ce6
q1a72098e,d1b327fa2
q1a72098e,d1b3b0582
q1a72098e,d1b2e6d90
q1a72098e,d1b398cac
q1a72098e,d1b347e60
q1a72098e,d1b393784
q1a72098e,d1b3a863e
q1a71447c,d1a71456c
q1a71447c,d1a72b474
q1a71447c,d1b3866b0
q1a71447c,d1b37dfd8
q1a71447c,d1b3692cc
q1a71447c,d1b378e52
q1a71447c,d1b33a1de
q1a71447c,d1a718a36
q1a71447c,d1b38835c
q1a71447c,d1b363336
q1a72801c,d1b31ad02
q1a72801c,d1b34db9e
q1a72801c,d1a728170
q1a72801c,d1b366ce8
q1a72801c,d1b3bd836
q1a72801c,d1b31925e
q1a72801c,d1b367134
q1a72801c,d1b37eaf0
q1a72801c,d1b3457fa
q1a72801c,d1b395eee
q1a711812,d1b3c4d8e
q1a711812,d1b3ba7a8
q1a711812,d1a734894
q1a711812,d1b391a42
q1a711812,d1b3a0f92
q1a711812,d1b3a9868
q1a711812,d1b36d8ae
q1a711812,d1b391c4a
q1a711812,d1b35b096
q1a711812,d1a715a70
q1a72faa6,d1b3ae390
q1a72faa6,d1a72fbe6
q1a72faa6,d1b34e080
q1a72faa6,d1a736f40
q1a72faa6,d1b318f20
q1a72faa6,d1a73e6aa
q1a72faa6,d1b38346a
q1a72faa6,d1b31607c
q1a72faa6,d1b3af34e
q1a72faa6,d1b32c854
q1a740c20,d1b3c2d68
q1a740c20,d1b36fa96
q1a740c20,d1b38c074
q1a740c20,d1a723f4e
q1a740c20,d1b360e42
q1a740c20,d1b35949e
q1a740c20,d1b371ef4
q1a740c20,d1b3429f6
q1a740c20,d1b2ee798
q1a740c20,d1b3a52c2
q1a73e5a6,d1a73e6aa
q1a73e5a6,d1b35a1c8
q1a73e5a6,d1b38fc38
q1a73e5a6,d1b38489c
q1a73e5a6,d1b354c00
q1a73e5a6,d1b34b240
q1a73e5a6,d1b358abc
q1a73e5a6,d1b366568
q1a73e5a6,d1b37f1d0
q1a73e5a6,d1b34c4ba
q1a71631c,d1b3aa24a
q1a71631c,d1b34baf6
q1a71631c,d1a734614
q1a71631c,d1a73920e
q1a71631c,d1b304548
q1a71631c,d1b3457fa
q1a71631c,d1b34159c
q1a71631c,d1b35e62e
q1a71631c,d1b3b3c00
q1a71631c,d1b39e53a
q1a740b3a,d1b36fa96
q1a740b3a,d1b39b09c
q1a740b3a,d1b3c0eaa
q1a740b3a,d1b3878a8
q1a740b3a,d1b32a568
q1a740b3a,d1b32441a
q1a740b3a,d1b3b6d7e
q1a740b3a,d1b3c40aa
q1a740b3a,d1b35b7bc
q1a740b3a,d1b319772
q1a724fde,d1b361a04
q1a724fde,d1b30a074
q1a724fde,d1b351bc2
q1a724fde,d1b3ad8aa
q1a724fde,d1b38d0fa
q1a724fde,d1b335116
q1a724fde,d1b3a3652
q1a724fde,d1b3952fa
q1a724fde,d1a7250b0
q1a724fde,d1b36dd36
q1a737f94,d1a738034
q1a737f94,d1b3b8660
q1a737f94,d1b378e52
q1a737f94,d1b3a9962
q1a737f94,d1b33a1de
q1a737f94,d1b2ef5c6
q1a737f94,d1b30c9a0
q1a737f94,d1b3780ba
q1a737f94,d1a715854
q1a737f94,d1b343752
q1a71d7ca,d1b31c580
q1a71d7ca,d1b3c842a
q1a71d7ca,d1b335206
q1a71d7ca,d1b321580
q1a71d7ca,d1b32ab9e
q1a71d7ca,d1b381584
q1a71d7ca,d1a71d82e
q1a71d7ca,d1b3895d6
q1a71d7ca,d1b3b9e5c
q1a71d7ca,d1b387c0e
q1a7232ec,d1a7233f0
q1a7232ec,d1b375108
q1a7232ec,d1b35b33e
q1a7232ec,d1a71df22
q1a7232ec,d1b2e2632
q1a7232ec,d1a73ad20
q1a7232ec,d1b300a4c
q1a7232ec,d1a7285e4
q1a7232ec,d1b30d710
q1a7232ec,d1b350e7a
q1a739178,d1a73920e
q1a739178,d1b3457fa
q1a739178,d1b34159c
q1a739178,d1b34baf6
q1a739178,d1b304548
q1a739178,d1b3aa24a
q1a739178,d1b35e62e
q1a739178,d1b3aeb92
q1a739178,d1b31925e
q1a739178,d1b39e53a
q1a728b34,d1a728c1a
q1a728b34,d1b2e3c26
q1a728b34,d1b3bccba
q1a728b34,d1b32c98a
q1a728b34,d1b3bc6e8
q1a728b34,d1b33f3be
q1a728b34,d1b3862b4
q1a728b34,d1b369c7c
q1a728b34,d1b387d08
q1a728b34,d1a72d756
q1a72bc58,d1a7218e8
q1a72bc58,d1b3879b6
q1a72bc58,d1b32c020
q1a72bc58,d1b376116
q1a72bc58,d1b31d46c
q1a72bc58,d1b3862b4
q1a72bc58,d1b2e225e
q1a72bc58,d1b3202c0
q1a72bc58,d1b2fbe34
q1a72bc58,d1b3797e4
q1a733c5a,d1b3ad8aa
q1a733c5a,d1a733cf0
q1a733c5a,d1b339ea0
q1a733c5a,d1b2f4e5e
q1a733c5a,d1b373f4c
q1a733c5a,d1b31a370
q1a733c5a,d1b3963b2
q1a733c5a,d1b3946fc
q1a733c5a,d1b341a38
q1a733c5a,d1b375b44
q1a73934e,d1a739434
q1a73934e,d1b3a6e42
q1a73934e,d1b399c2e
q1a73934e,d1a73bd10
q1a73934e,d1b30842c
q1a73934e,d1a7369d2
q1a73934e,d1a732ce2
q1a73934e,d1b375a7c
q1a73934e,d1a7290b6
q1a73934e,d1b39f174
q1a711272,d1b38e658
q1a711272,d1a711510
q1a711272,d1b36ed08
q1a711272,d1b2f0156
q1a711272,d1b3453e0
q1a711272,d1b36279c
q1a711272,d1b348f40
q1a711272,d1b32c854
q1a711272,d1b38fa3a
q1a711272,d1b3b3764
q1a71e404,d1b359f5c
q1a71e404,d1a71e47c
q1a71e404,d1b32002c
q1a71e404,d1b38d1cc
q1a71e404,d1b3c5540
q1a71e404,d1b36ba22
q1a71e404,d1b364362
q1a71e404,d1a7376e8
q1a71e404,d1b37c6ce
q1a71e404,d1a7231d4
q1a723350,d1b35b096
q1a723350,d1b38ffda
q1a723350,d1b349954
q1a723350,d1b337970
q1a723350,d1a7233f0
q1a723350,d1b33126e
q1a723350,d1b32c3fe
q1a723350,d1a72a0ce
q1a723350,d1b332c22
q1a723350,d1b3003a8
q1a7393f8,d1a739434
q1a7393f8,d1b39f174
q1a7393f8,d1b315bcc
q1a7393f8,d1a732ce2
q1a7393f8,d1b30842c
q1a7393f8,d1b3c6e54
q1a7393f8,d1b3af6d2
q1a7393f8,d1b3a6e42
q1a7393f8,d1b39336a
q1a7393f8,d1b375a7c
q1a72f222,d1b35377e
q1a72f222,d1b33a8e6
q1a72f222,d1b39f390
q1a72f222,d1b33a1de
q1a72f222,d1b3c160c
q1a72f222,d1b363dc2
q1a72f222,d1b37c246
q1a72f222,d1b3a81f2
q1a72f222,d1a72b046
q1a72f222,d1a725f60
q1a72aa06,d1a72aac4
q1a72aa06,d1b35b8b6
q1a72aa06,d1b3bca94
q1a72aa06,d1b2e3a5a
q1a72aa06,d1b3495da
q1a72aa06,d1b3386b8
q1a72aa06,d1a71f534
q1a72aa06,d1b370946
q1a72aa06,d1b2fb4a2
q1a72aa06,d1b2f6ad8
q1a7149e0,d1b36d3cc
q1a7149e0,d1b33959a
q1a7149e0,d1a72dc10
q1a7149e0,d1b3b5c94
q1a7149e0,d1b37796c
q1a7149e0,d1b36b914
q1a7149e0,d1b3a2fb8
q1a7149e0,d1a738764
q1a7149e0,d1b319772
q1a7149e0,d1b335418
q1a73ac6c,d1b3aa1a0
q1a73ac6c,d1b35f9d4
q1a73ac6c,d1b2f783e
q1a73ac6c,d1b3b97e0
q1a73ac6c,d1b38a56c
q1a73ac6c,d1b3a59ca
q1a73ac6c,d1b356622
q1a73ac6c,d1b38fe7c
q1a73ac6c,d1b2e87c6
q1a73ac6c,d1b375108
q1a73c77e,d1a73c7c4
q1a73c77e,d1b35446c
q1a73c77e,d1b3b353e
q1a73c77e,d1b34a598
q1a73c77e,d1b349954
q1a73c77e,d1b306aa0
q1a73c77e,d1b36cf58
q1a73c77e,d1a72a0ce
q1a73c77e,d1a7183ce
q1a73c77e,d1b32d7cc
q1a711c04,d1b2fa340
q1a711c04,d1a71d82e
q1a711c04,d1b315bcc
q1a711c04,d1b33f3be
q1a711c04,d1b352d74
q1a711c04,d1b2edfd2
q1a711c04,d1b3a8bde
q1a711c04,d1b3a1794
q1a711c04,d1b3b50be
q1a711c04,d1b2fa7be
q1a741378,d1a7413dc
q1a741378,d1b37796c
q1a741378,d1b317652
q1a741378,d1b375dd8
q1a741378,d1a730c3a
q1a741378,d1b354e62
q1a741378,d1a714a58
q1a741378,d1b3a2bc6
q1a741378,d1b3bd598
q1a741378,d1b3a2fb8
q1a72ca0e,d1b3b6d7e
q1a72ca0e,d1b2e4978
q1a72ca0e,d1b3c0eaa
q1a72ca0e,d1b36fa96
q1a72ca0e,d1b3a9a7a
q1a72ca0e,d1b2fc7bc
q1a72ca0e,d1b35b7bc
q1a72ca0e,d1b388e88
q1a72ca0e,d1b32a568
q1a72ca0e,d1b30b5d2
q1a720cb8,d1b332740
q1a720cb8,d1b3b0e1a
q1a720cb8,d1b3153de
q1a720cb8,d1a71f084
q1a720cb8,d1b3c3056
q1a720cb8,d1b39f048
q1a720cb8,d1b3c52c0
q1a720cb8,d1b3ae124
q1a720cb8,d1b3a42f0
q1a720cb8,d1b393f5e
q1a717384,d1a7174c4
q1a717384,d1b389e46
q1a717384,d1b35f90c
q1a717384,d1a71f2f0
q1a717384,d1b39f048
q1a717384,d1b2e86a4
q1a717384,d1b30842c
q1a717384,d1b31a1cc
q1a717384,d1b3bf01e
q1a717384,d1b3b0226
q1a732440,d1a7324d6
q1a732440,d1b3bab22
q1a732440,d1b3090a2
q1a732440,d1b2e5468
q1a732440,d1b31e7a4
q1a732440,d1b3164f0
q1a732440,d1b2e225e
q1a732440,d1b30df3a
q1a732440,d1b34a16a
q1a732440,d1a72d756
q1a73a578,d1a73a62c
q1a73a578,d1a72f100
q1a73a578,d1b36065e
q1a73a578,d1b34e18e
q1a73a578,d1b38504e
q1a73a578,d1b3193e4
q1a73a578,d1b376cb0
q1a73a578,d1b33d05a
q1a73a578,d1a715322
q1a73a578,d1b2ec5ba
q1a73bc5c,d1b33e310
q1a73bc5c,d1b370248
q1a73bc5c,d1b32cd72
q1a73bc5c,d1b2fec7e
q1a73bc5c,d1a73bd10
q1a73bc5c,d1b3345c2
q1a73bc5c,d1b366568
q1a73bc5c,d1b2fa340
q1a73bc5c,d1b33cd08
q1a73bc5c,d1b3bc7f6
q1a720ce0,d1b3bf6e0
q1a720ce0,d1b3a8bde
q1a720ce0,d1b3c0c84
q1a720ce0,d1b34a6a6
q1a720ce0,d1b341db2
q1a720ce0,d1b373862
q1a720ce0,d1b39dd06
q1a720ce0,d1b362666
q1a720ce0,d1b3b0e1a
q1a720ce0,d1b3673aa
q1a720254,d1b3a6e42
q1a720254,d1b399c2e
q1a720254,d1a72031c
q1a720254,d1a739434
q1a720254,d1b39f174
q1a720254,d1b31f082
q1a720254,d1b375a7c
q1a720254,d1a73bd10
q1a720254,d1b3b7da0
q1a720254,d1b302a9a
q1a7178a2,d1a7179c4
q1a7178a2,d1b2e4072
q1a7178a2,d1b373e48
q1a7178a2,d1b3686ec
q1a7178a2,d1b3861b0
q1a7178a2,d1b35728e
q1a7178a2,d1b321094
q1a7178a2,d1b35de90
q1a7178a2,d1b3a4d04
q1a7178a2,d1b3a487c
q1a735000,d1b336fb6
q1a735000,d1a735078
q1a735000,d1b3c874a
q1a735000,d1b2fcb7c
q1a735000,d1b3b308e
q1a735000,d1b32cc6e
q1a735000,d1b3a0c72
q1a735000,d1b3086e8
q1a735000,d1b324532
q1a735000,d1b36a2ee
q1a722e3c,d1b3b14a0
q1a722e3c,d1a722f4a
q1a722e3c,d1b345ac0
q1a722e3c,d1b34fe9e
q1a722e3c,d1b384482
q1a722e3c,d1b2f9daa
q1a722e3c,d1b3a9692
q1a722e3c,d1b34e72e
q1a722e3c,d1b30af92
q1a722e3c,d1b37188c
q1a722bd0,d1a722c66
q1a722bd0,d1b32360a
q1a722bd0,d1b389496
q1a722bd0,d1b34e080
q1a722bd0,d1b39a926
q1a722bd0,d1b349b3e
q1a722bd0,d1a72bce4
q1a722bd0,d1b3becc2
q1a722bd0,d1b3925aa
q1a722bd0,d1b3604d8
q1a719896,d1b39abf6
q1a719896,d1b382c04
q1a719896,d1b34bd44
q1a719896,d1a719972
q1a719896,d1b33b534
q1a719896,d1b3c2d68
q1a719896,d1b34dca2
q1a719896,d1b371ef4
q1a719896,d1b38c074
q1a719896,d1b31c274
q1a713392,d1b368c82
q1a713392,d1b32ddbc
q1a713392,d1b2fc690
q1a713392,d1b335206
q1a713392,d1b3052cc
q1a713392,d1b3394aa
q1a713392,d1b39034a
q1a713392,d1a713428
q1a713392,d1b394f12
q1a713392,d1b33c330
q1a7364fa,d1b37743a
q1a7364fa,d1a73652c
q1a7364fa,d1b2f3144
q1a7364fa,d1b30124e
q1a7364fa,d1b3000ba
q1a7364fa,d1b343220
q1a7364fa,d1b3573f6
q1a7364fa,d1b30687a
q1a7364fa,d1b33dc58
q1a7364fa,d1b37f626
q1a71a89a,d1a71a9bc
q1a71a89a,d1b313bc4
q1a71a89a,d1b32ff9a
q1a71a89a,d1b35c0d6
q1a71a89a,d1b342942
q1a71a89a,d1b338460
q1a71a89a,d1b3193e4
q1a71a89a,d1b37221e
q1a71a89a,d1b31bdce
q1a71a89a,d1a715322
q1a719012,d1a719184
q1a719012,d1b33143a
q1a719012,d1b366ad6
q1a719012,d1b386d40
q1a719012,d1b38c9f2
q1a719012,d1a716c9a
q1a719012,d1b3945e4
q1a719012,d1b35f4b6
q1a719012,d1b2fbc2c
q1a719012,d1b34b02e
q1a737076,d1a73715c
q1a737076,d1b3441a2
q1a737076,d1b32136e
q1a737076,d1b34f9ee
q1a737076,d1b373150
q1a737076,d1b32a6d0
q1a737076,d1b38ce02
q1a737076,d1b38008a
q1a737076,d1b3b712a
q1a737076,d1b32635a
q1a716628,d1a7166dc
q1a716628,d1b32ae78
q1a716628,d1b3a26b2
q1a716628,d1b34cec4
q1a716628,d1b3849b4
q1a716628,d1b361590
q1a716628,d1b368c82
q1a716628,d1b3af6d2
q1a716628,d1b2e74c0
q1a716628,d1b376fda
q1a72c3a6,d1a72c40a
q1a72c3a6,d1b3698ee
q1a72c3a6,d1b346902
q1a72c3a6,d1b2ef24c
q1a72c3a6,d1b323290
q1a72c3a6,d1b34bd44
q1a72c3a6,d1b394f12
q1a72c3a6,d1b33b534
q1a72c3a6,d1b38257e
q1a72c3a6,d1b31c274
q1a72be1a,d1b38cee8
q1a72be1a,d1b30252c
q1a72be1a,d1a72bf32
q1a72be1a,d1b3489dc
q1a72be1a,d1b337c7c
q1a72be1a,d1b3ba7a8
q1a72be1a,d1b352572
q1a72be1a,d1a73f2c6
q1a72be1a,d1b375054
q1a72be1a,d1b360230
q1a71bd12,d1a71be0c
q1a71bd12,d1b342d3e
q1a71bd12,d1b328920
q1a71bd12,d1b353ec2
q1a71bd12,d1b3bcea4
q1a71bd12,d1b36d52a
q1a71bd12,d1b3b0bd6
q1a71bd12,d1b339b76
q1a71bd12,d1b2e15ac
q1a71bd12,d1b399b34
q1a723094,d1a7231d4
q1a723094,d1b32f36a
q1a723094,d1b3ba6ae
q1a723094,d1b347b86
q1a723094,d1b36c53a
q1a723094,d1b36ba22
q1a723094,d1b38d7c6
q1a723094,d1b39136c
q1a723094,d1b344968
q1a723094,d1b36901a
q1a731bb2,d1b3a863e
q1a731bb2,d1a720a88
q1a731bb2,d1b393784
q1a731bb2,d1b33e4c8
q1a731bb2,d1b38aa08
q1a731bb2,d1b36a1e0
q1a731bb2,d1b36398a
q1a731bb2,d1b344968
q1a731bb2,d1b3aefe8
q1a731bb2,d1b33382a
q1a723be8,d1b3ae62e
q1a723be8,d1b3af34e
q1a723be8,d1b2e766e
q1a723be8,d1a723c42
q1a723be8,d1b35aae2
q1a723be8,d1b33ae9a
q1a723be8,d1b3538fa
q1a723be8,d1b359674
q1a723be8,d1b34a228
q1a723be8,d1b3259b4
q1a72b172,d1a72b258
q1a72b172,d1b32d916
q1a72b172,d1a7210fa
q1a72b172,d1b343856
q1a72b172,d1b3c7ed0
q1a72b172,d1b2f32e8
q1a72b172,d1b3105c8
q1a72b172,d1b3b1c3e
q1a72b172,d1b3c1f6c
q1a72b172,d1b34fe9e
q1a71c960,d1b326508
q1a71c960,d1b369c7c
q1a71c960,d1b311c48
q1a71c960,d1b2f65ce
q1a71c960,d1b317aa8
q1a71c960,d1b346114
q1a71c960,d1b35377e
q1a71c960,d1b37f0ae
q1a71c960,d1b33f166
q1a71c960,d1a7177a8
q1a73a5fa,d1a73a62c
q1a73a5fa,d1b3afaba
q1a73a5fa,d1b3ad8aa
q1a73a5fa,d1b3a4c0a
q1a73a5fa,d1b378560
q1a73a5fa,d1b3952fa
q1a73a5fa,d1b3bfe6a
q1a73a5fa,d1a72f100
q1a73a5fa,d1b2f4418
q1a73a5fa,d1a72d3f0
q1a72cbbc,d1b3182b4
q1a72cbbc,d1a72ccde
q1a72cbbc,d1b398cac
q1a72cbbc,d1a7310a4
q1a72cbbc,d1b35ce14
q1a72cbbc,d1b315816
q1a72cbbc,d1b3b92ea
q1a72cbbc,d1b3b7a9e
q1a72cbbc,d1b3c874a
q1a72cbbc,d1b38cac4
q1a73bc8e,d1b36bb58
q1a73bc8e,d1b374154
q1a73bc8e,d1b3c794e
q1a73bc8e,d1b34b416
q1a73bc8e,d1b3c7098
q1a73bc8e,d1b394f12
q1a73bc8e,d1b33cd08
q1a73bc8e,d1b3c769c
q1a73bc8e,d1b34d0fe
q1a73bc8e,d1b3b0816
q1a7342ae,d1a734402
q1a7342ae,d1b38224a
q1a7342ae,d1b399d28
q1a7342ae,d1b2e7858
q1a7342ae,d1a73f2c6
q1a7342ae,d1a72f8c6
q1a7342ae,d1b3a9868
q1a7342ae,d1b35e70a
q1a7342ae,d1b35eb9c
q1a7342ae,d1b3ba7a8
q1a74093c,d1b2f0c14
q1a74093c,d1b350d80
q1a74093c,d1b3764f4
q1a74093c,d1b35d1ac
q1a74093c,d1b3a9dd6
q1a74093c,d1b343144
q1a74093c,d1b37e38e
q1a74093c,d1b391948
q1a74093c,d1a732ce2
q1a74093c,d1b3578f6
q1a73f744,d1b37ca84
q1a73f744,d1b36d3cc
q1a73f744,d1b39c6ea
q1a73f744,d1a72bce4
q1a73f744,d1a722a18
q1a73f744,d1b36b5ae
q1a73f744,d1b3bb6f8
q1a73f744,d1b32c3fe
q1a73f744,d1b369c7c
q1a73f744,d1b32a568
q1a71e602,d1a71e79c
q1a71e602,d1b3c1404
q1a71e602,d1b3bccba
q1a71e602,d1b3a7ef0
q1a71e602,d1b33bd86
q1a71e602,d1b37bc24
q1a71e602,d1b37f428
q1a71e602,d1b37c7fa
q1a71e602,d1b3b0712
q1a71e602,d1b33f3be
q1a7228ec,d1b36b5ae
q1a7228ec,d1a722a18
q1a7228ec,d1b30fc4a
q1a7228ec,d1b2ff9bc
q1a7228ec,d1b35ea48
q1a7228ec,d1b37f8a6
q1a7228ec,d1b364ee8
q1a7228ec,d1b33bd86
q1a7228ec,d1a722202
q1a7228ec,d1a73b248
q1a71598a,d1b392abe
q1a71598a,d1b2e83de
q1a71598a,d1b3c2bce
q1a71598a,d1b3bbe96
q1a71598a,d1b2eb8cc
q1a71598a,d1b37066c
q1a71598a,d1b3182b4
q1a71598a,d1b30964c
q1a71598a,d1b2f6e52
q1a71598a,d1b2e6d90
q1a7178d4,d1b3441a2
q1a7178d4,d1b326508
q1a7178d4,d1b3a781a
q1a7178d4,d1a7179c4
q1a7178d4,d1b3bccba
q1a7178d4,d1b36c06c
q1a7178d4,d1b37bc24
q1a7178d4,d1b343e64
q1a7178d4,d1a72d756
q1a7178d4,d1b31d46c
q1a719be8,d1b3b29c2
q1a719be8,d1b3860b6
q1a719be8,d1b3805b2
q1a719be8,d1a7210fa
q1a719be8,d1b3bd19c
q1a719be8,d1b33e310
q1a719be8,d1a721654
q1a719be8,d1b338e56
q1a719be8,d1b3550b0
q1a719be8,d1b370c02
q1a7279e6,d1a727b8a
q1a7279e6,d1b3b8f0c
q1a7279e6,d1b34cdfc
q1a7279e6,d1a72f8c6
q1a7279e6,d1b326f12
q1a7279e6,d1a723a30
q1a7279e6,d1b3a7ef0
q1a7279e6,d1b35dfda
q1a7279e6,d1b32f496
q1a7279e6,d1b2e3c26
q1a72d8fa,d1b3b362e
q1a72d8fa,d1b360a78
q1a72d8fa,d1b33cefc
q1a72d8fa,d1b398d9c
q1a72d8fa,d1a72d99a
q1a72d8fa,d1b33da8c
q1a72d8fa,d1b2e74c0
q1a72d8fa,d1a739b32
q1a72d8fa,d1b351a3c
q1a72d8fa,d1b3a1c8a
q1a72be42,d1b360230
q1a72be42,d1b38cee8
q1a72be42,d1a72bf32
q1a72be42,d1b3489dc
q1a72be42,d1b3affd8
q1a72be42,d1b30252c
q1a72be42,d1b352572
q1a72be42,d1a7118d0
q1a72be42,d1b337c7c
q1a72be42,d1b355ccc
q1a71f70a,d1b3aad30
q1a71f70a,d1b38346a
q1a71f70a,d1b3bacc6
q1a71f70a,d1b375054
q1a71f70a,d1b33cd08
q1a71f70a,d1b3c11c0
q1a71f70a,d1b3a84d6
q1a71f70a,d1a71b272
q1a71f70a,d1b3a6fa0
q1a71f70a,d1b3b6d7e
q1a72702c,d1b3c5a04
q1a72702c,d1b33db86
q1a72702c,d1b380a62
q1a72702c,d1a7337aa
q1a72702c,d1b378880
q1a72702c,d1b32e28a
q1a72702c,d1b2f65ce
q1a72702c,d1b34d270
q1a72702c,d1b32b986
q1a72702c,d1b39bccc
q1a740892,d1b398b80
q1a740892,d1b364362
q1a740892,d1b344f08
q1a740892,d1b32b788
q1a740892,d1b347b86
q1a740892,d1b322700
q1a740892,d1b3387a8
q1a740892,d1b3872f4
q1a740892,d1b36df98
q1a740892,d1b37afa4
q1a725cb8,d1a725d26
q1a725cb8,d1b3a1e2e
q1a725cb8,d1b30f236
q1a725cb8,d1b2f2c94
q1a725cb8,d1a71b272
q1a725cb8,d1a7309a6
q1a725cb8,d1b38b0de
q1a725cb8,d1b2e50e4
q1a725cb8,d1b3487ac
q1a725cb8,d1b34fe9e
q1a73295e,d1a71f7d2
q1a73295e,d1b362b70
q1a73295e,d1b3a9a7a
q1a73295e,d1b30e5d4
q1a73295e,d1b37543c
q1a73295e,d1b2f0886
q1a73295e,d1b2f9a8a
q1a73295e,d1b3bf370
q1a73295e,d1b3ba6ae
q1a73295e,d1a732a94
q1a73cbca,d1a73ccc4
q1a73cbca,d1b31bec8
q1a73cbca,d1b3ac22a
q1a73cbca,d1b359084
q1a73cbca,d1b34b52e
q1a73cbca,d1b32775a
q1a73cbca,d1b2e9ab8
q1a73cbca,d1b34a034
q1a73cbca,d1b342c1c
q1a73cbca,d1b355b1e
q1a7233aa,d1a741bd4
q1a7233aa,d1a7285e4
q1a7233aa,d1b38fe7c
q1a7233aa,d1b3aa1a0
q1a7233aa,d1b3b7f94
q1a7233aa,d1b2e2632
q1a7233aa,d1a71df22
q1a7233aa,d1b356622
q1a7233aa,d1b3135ca
q1a7233aa,d1b38a56c
q1a723e18,d1b3abcb2
q1a723e18,d1a72c19e
q1a723e18,d1b3a8756
q1a723e18,d1b31137e
q1a723e18,d1b35b7bc
q1a723e18,d1b338bcc
q1a723e18,d1b3bb81a
q1a723e18,d1a720542
q1a723e18,d1b360e42
q1a723e18,d1a723f4e
q1a73e2c2,d1a73e402
q1a73e2c2,d1b355ee8
q1a73e2c2,d1b383b40
q1a73e2c2,d1b3c1ada
q1a73e2c2,d1a71f2f0
q1a73e2c2,d1b378fa6
q1a73e2c2,d1b33a3fa
q1a73e2c2,d1b3af5a6
q1a73e2c2,d1b3749c4
q1a73e2c2,d1b34f3a4
q1a72a056,d1a72a0ce
q1a72a056,d1b3c31be
q1a72a056,d1b3a2ac2
q1a72a056,d1a7419cc
q1a72a056,d1b2e9cc0
q1a72a056,d1b346380
q1a72a056,d1b35dfda
q1a72a056,d1b35446c
q1a72a056,d1b371742
q1a72a056,d1b2e2d26
q1a72db8e,d1a730c3a
q1a72db8e,d1b3c743a
q1a72db8e,d1b302a9a
q1a72db8e,d1a714a58
q1a72db8e,d1b34e72e
q1a72db8e,d1b3791b8
q1a72db8e,d1b36de6c
q1a72db8e,d1b374d48
q1a72db8e,d1b3b5dc0
q1a72db8e,d1b324168
q1a73b3ce,d1b34e18e
q1a73b3ce,d1b2f0d72
q1a73b3ce,d1b344968
q1a73b3ce,d1b39d34c
q1a73b3ce,d1a73b46e
q1a73b3ce,d1b334e28
q1a73b3ce,d1b336fb6
q1a73b3ce,d1b3b2ad0
q1a73b3ce,d1b38d0fa
q1a73b3ce,d1b3a0c72
q1a723b34,d1b375874
q1a723b34,d1b3af34e
q1a723b34,d1a723c42
q1a723b34,d1b359674
q1a723b34,d1b337e84
q1a723b34,d1b3ae62e
q1a723b34,d1b3538fa
q1a723b34,d1b33ae9a
q1a723b34,d1b35284c
q1a723b34,d1b2f3a5e
q1a7176ea,d1b369c7c
q1a7176ea,d1b32c020
q1a7176ea,d1b379906
q1a7176ea,d1b33f3be
q1a7176ea,d1b3862b4
q1a7176ea,d1a727b8a
q1a7176ea,d1b32a6d0
q1a7176ea,d1a722c66
q1a7176ea,d1b36b180
q1a7176ea,d1b352572
q1a741ac6,d1a741bd4
q1a741ac6,d1b300a4c
q1a741ac6,d1a7285e4
q1a741ac6,d1a73ad20
q1a741ac6,d1b3640ce
q1a741ac6,d1b2e2632
q1a741ac6,d1a71df22
q1a741ac6,d1b375108
q1a741ac6,d1b38fe7c
q1a741ac6,d1b3aa1a0
q1a7258bc,d1b3682d2
q1a7258bc,d1b351974
q1a7258bc,d1a725a2e
q1a7258bc,d1b386e80
q1a7258bc,d1b2f9fbc
q1a7258bc,d1b37534c
q1a7258bc,d1b356406
q1a7258bc,d1b3878a8
q1a7258bc,d1b35cf86
q1a7258bc,d1b3983ba
q1a722496,d1b3c5a04
q1a722496,d1b3310c0
q1a722496,d1b33db86
q1a722496,d1b327aa2
q1a722496,d1b3a31ca
q1a722496,d1b2f65ce
q1a722496,d1b35a29a
q1a722496,d1b303102
q1a722496,d1b3c77f0
q1a722496,d1b3b4ac4
q1a739ace,d1b35bf96
q1a739ace,d1a739b32
q1a739ace,d1a72d99a
q1a739ace,d1b376936
q1a739ace,d1b2fcdd4
q1a739ace,d1b2fa340
q1a739ace,d1b2e74c0
q1a739ace,d1b3b5f14
q1a739ace,d1b3610c2
q1a739ace,d1b3570cc
q1a737698,d1b37543c
q1a737698,d1a732a94
q1a737698,d1b3bf370
q1a737698,d1a7376e8
q1a737698,d1b2f0886
q1a737698,d1b30e5d4
q1a737698,d1b2e92ac
q1a737698,d1b362fe4
q1a737698,d1b3ba6ae
q1a737698,d1b3611a8
q1a713bd0,d1b332632
q1a713bd0,d1b38b0de
q1a713bd0,d1b30c9a0
q1a713bd0,d1b3172c4
q1a713bd0,d1b2f46ca
q1a713bd0,d1b3a9868
q1a713bd0,d1b321f3a
q1a713bd0,d1a72e818
q1a713bd0,d1a734402
q1a713bd0,d1b34fe9e
q1a726cda,d1a71d82e
q1a726cda,d1b3b82e6
q1a726cda,d1b3920a0
q1a726cda,d1b31d8ae
q1a726cda,d1b3967cc
q1a726cda,d1b3b0226
q1a726cda,d1b38ba70
q1a726cda,d1b3391b2
q1a726cda,d1b3af434
q1a726cda,d1b354a8e
q1a729f98,d1a72a0ce
q1a729f98,d1b353dd2
q1a729f98,d1b3b041a
q1a729f98,d1b30e908
q1a729f98,d1a727e1e
q1a729f98,d1b36e98e
q1a729f98,d1b3b0712
q1a729f98,d1b38db72
q1a729f98,d1b38e05e
q1a729f98,d1b3170d0
q1a717b0e,d1a717c44
q1a717b0e,d1b2e585a
q1a717b0e,d1b33ba66
q1a717b0e,d1b359e3a
q1a717b0e,d1b323290
q1a717b0e,d1a72ba82
q1a717b0e,d1b2f68da
q1a717b0e,d1b39c5b4
q1a717b0e,d1b33d9ba
q1a717b0e,d1b382c04
q1a73eaec,d1b39417a
q1a73eaec,d1b3af812
q1a73eaec,d1b3be84e
q1a73eaec,d1b2ee16c
q1a73eaec,d1b3aad30
q1a73eaec,d1b2e63f4
q1a73eaec,d1b37721e
q1a73eaec,d1b3a7068
q1a73eaec,d1a71f7d2
q1a73eaec,d1b3a6fa0
q1a73b734,d1b350f2e
q1a73b734,d1b3b65b8
q1a73b734,d1b2e387a
q1a73b734,d1b391948
q1a73b734,d1b307b12
q1a73b734,d1b36ae1a
q1a73b734,d1a73d19c
q1a73b734,d1b383190
q1a73b734,d1b326724
q1a73b734,d1a73b824
q1a72b956,d1a72ba82
q1a72b956,d1b34e4e0
q1a72b956,d1b3bfd5c
q1a72b956,d1b38878a
q1a72b956,d1b36ec4a
q1a72b956,d1b2f9698
q1a72b956,d1b3a2cf2
q1a72b956,d1b3c6e54
q1a72b956,d1b30687a
q1a72b956,d1b2ebe26
q1a72e32c,d1b3946fc
q1a72e32c,d1b3b3926
q1a72e32c,d1b2f4e5e
q1a72e32c,d1b39b79a
q1a72e32c,d1b36580c
q1a72e32c,d1b3890d6
q1a72e32c,d1a72f100
q1a72e32c,d1b3b9c72
q1a72e32c,d1b2e373a
q1a72e32c,d1b35626c
q1a739f60,d1b3b96f0
q1a739f60,d1b394044
q1a739f60,d1b321094
q1a739f60,d1b2e42de
q1a739f60,d1b3879b6
q1a739f60,d1a714cd8
q1a739f60,d1b384266
q1a739f60,d1b2fa908
q1a739f60,d1b389496
q1a739f60,d1a73a08c
q1a71e6e8,d1b30af92
q1a71e6e8,d1b369c7c
q1a71e6e8,d1b33319a
q1a71e6e8,d1b33bb60
q1a71e6e8,d1a72d184
q1a71e6e8,d1b32f57c
q1a71e6e8,d1b2fa4da
q1a71e6e8,d1b387d08
q1a71e6e8,d1b31d46c
q1a71e6e8,d1b366568
q1a736e6e,d1a736f40
q1a736e6e,d1b35115e
q1a736e6e,d1b38346a
q1a736e6e,d1b3150c8
q1a736e6e,d1b326724
q1a736e6e,d1b2f0c14
q1a736e6e,d1b32fd60
q1a736e6e,d1b33486a
q1a736e6e,d1b3b65b8
q1a736e6e,d1b35d1ac
q1a73483a,d1b3c4d8e
q1a73483a,d1b3a9868
q1a73483a,d1b3a0f92
q1a73483a,d1b391a42
q1a73483a,d1b34adcc
q1a73483a,d1b36136a
q1a73483a,d1b3172c4
q1a73483a,d1b391c4a
q1a73483a,d1b3ba7a8
q1a73483a,d1b3abdac
q1a71d964,d1a71da5e
q1a71d964,d1b3a61cc
q1a71d964,d1b39c2ee
q1a71d964,d1b34be20
q1a71d964,d1b38ae90
q1a71d964,d1b39b150
q1a71d964,d1b3b2d14
q1a71d964,d1b37ad42
q1a71d964,d1b39f390
q1a71d964,d1b3a9a7a
q1a71a674,d1b368c82
q1a71a674,d1b323290
q1a71a674,d1b351a3c
q1a71a674,d1a73a852
q1a71a674,d1a73899e
q1a71a674,d1b33add2
q1a71a674,d1b33f274
q1a71a674,d1b3a1c8a
q1a71a674,d1a721fa0
q1a71a674,d1b2fcdd4
q1a7121d6,d1b2e373a
q1a7121d6,d1b391b6e
q1a7121d6,d1a72f100
q1a7121d6,d1b378560
q1a7121d6,d1b3274f8
q1a7121d6,d1a715322
q1a7121d6,d1b31bdce
q1a7121d6,d1b33d05a
q1a7121d6,d1a7322b0
q1a7121d6,d1b3adc10
q1a713edc,d1b35493a
q1a713edc,d1b3bdaa2
q1a713edc,d1b338c9e
q1a713edc,d1b395eee
q1a713edc,d1b31f906
q1a713edc,d1b369c7c
q1a713edc,d1b319772
q1a713edc,d1b33cd08
q1a713edc,d1b35aae2
q1a713edc,d1b39cd20
q1a7124ba,d1a712532
q1a7124ba,d1b3a8f4e
q1a7124ba,d1b373268
q1a7124ba,d1b2fb63c
q1a7124ba,d1b332380
q1a7124ba,d1b33b2f0
q1a7124ba,d1b36f5aa
q1a7124ba,d1b332740
q1a7124ba,d1a71fa20
q1a7124ba,d1b37fc52
q1a72ad30,d1b2f9daa
q1a72ad30,d1a72ad94
q1a72ad30,d1b376800
q1a72ad30,d1b31e8d0
q1a72ad30,d1b3a6e42
q1a72ad30,d1b389496
q1a72ad30,d1b3b712a
q1a72ad30,d1b3c1bb6
q1a72ad30,d1b39d4aa
q1a72ad30,d1b369c7c
q1a73ef60,d1a73f046
q1a73ef60,d1b324d98
q1a73ef60,d1b324532
q1a73ef60,d1b3aefe8
q1a73ef60,d1b3b92ea
q1a73ef60,d1b36a1e0
q1a73ef60,d1b373f4c
q1a73ef60,d1b3b9c72
q1a73ef60,d1a73ba68
q1a73ef60,d1b2fcb7c
q1a71fb60,d1b32a162
q1a71fb60,d1b375932
q1a71fb60,d1b39616e
q1a71fb60,d1b3757ac
q1a71fb60,d1b3975be
q1a71fb60,d1a71fc46
q1a71fb60,d1b358efe
q1a71fb60,d1b305c90
q1a71fb60,d1b360988
q1a71fb60,d1b32a40a
q1a734f74,d1a7331d8
q1a734f74,d1a735078
q1a734f74,d1b3309ea
q1a734f74,d1b371a9e
q1a734f74,d1b3b308e
q1a734f74,d1b32b54e
q1a734f74,d1b31b40a
q1a734f74,d1b309a8e
q1a734f74,d1b32cc6e
q1a734f74,d1b2e46e4
q1a72d3b4,d1a732a94
q1a72d3b4,d1b30e5d4
q1a72d3b4,d1b3c19d6
q1a72d3b4,d1b337650
q1a72d3b4,d1b362fe4
q1a72d3b4,d1b31bba8
q1a72d3b4,d1b37543c
q1a72d3b4,d1b2f0886
q1a72d3b4,d1a72d3f0
q1a72d3b4,d1b3bfe6a
q1a7284ea,d1b3a59ca
q1a7284ea,d1b2f72a8
q1a7284ea,d1b356622
q1a7284ea,d1b2e2632
q1a7284ea,d1b39034a
q1a7284ea,d1a741bd4
q1a7284ea,d1b38716e
q1a7284ea,d1a7285e4
q1a7284ea,d1b351faa
q1a7284ea,d1b36ed08
q1a73be82,d1a7334da
q1a73be82,d1b341db2
q1a73be82,d1b2edfd2
q1a73be82,d1b34d5f4
q1a73be82,d1a73bfc2
q1a73be82,d1b35575e
q1a73be82,d1a71b628
q1a73be82,d1b3a3eb8
q1a73be82,d1b3bea42
q1a73be82,d1b3abe92
q1a716c22,d1b2fbc2c
q1a716c22,d1b386d40
q1a716c22,d1b389a04
q1a716c22,d1a738d04
q1a716c22,d1a7310a4
q1a716c22,d1b34300e
q1a716c22,d1a716c9a
q1a716c22,d1b396510
q1a716c22,d1b373038
q1a716c22,d1b2fb4a2
q1a73ed44,d1b3408c2
q1a73ed44,d1a73ee34
q1a73ed44,d1b33b818
q1a73ed44,d1b3a0baa
q1a73ed44,d1b305416
q1a73ed44,d1b36375a
q1a73ed44,d1b3862b4
q1a73ed44,d1b37f0ae
q1a73ed44,d1b3be6fa
q1a73ed44,d1b2f109c
q1a712258,d1b34e18e
q1a712258,d1b2ec5ba
q1a712258,d1b3afaba
q1a712258,d1a7122a8
q1a712258,d1b33d05a
q1a712258,d1a73a62c
q1a712258,d1b38504e
q1a712258,d1b3a2568
q1a712258,d1a713f36
q1a712258,d1b37221e
q1a735faa,d1a734402
q1a735faa,d1b36f4e2
q1a735faa,d1b38224a
q1a735faa,d1b3ba7a8
q1a735faa,d1b369c7c
q1a735faa,d1b38716e
q1a735faa,d1b2f76d6
q1a735faa,d1b377142
q1a735faa,d1b32e01e
q1a735faa,d1b2e4072
q1a729fd4,d1a72a0ce
q1a729fd4,d1b3a2ac2
q1a729fd4,d1b35446c
q1a729fd4,d1b32d7cc
q1a729fd4,d1a7183ce
q1a729fd4,d1b34a598
q1a729fd4,d1b3b353e
q1a729fd4,d1b306aa0
q1a729fd4,d1b381688
q1a729fd4,d1b3046d8
q1a741094,d1a7411b6
q1a741094,d1b34a48a
q1a741094,d1b38920c
q1a741094,d1a712ec4
q1a741094,d1b2eead6
q1a741094,d1b2f8694
q1a741094,d1b36901a
q1a741094,d1b355a38
q1a741094,d1b30a074
q1a741094,d1a73a424
q1a7388d6,d1a73899e
q1a7388d6,d1b33add2
q1a7388d6,d1b368c82
q1a7388d6,d1a721fa0
q1a7388d6,d1b351a3c
q1a7388d6,d1b2f89dc
q1a7388d6,d1b3b5f14
q1a7388d6,d1b3381ea
q1a7388d6,d1b360a78
q1a7388d6,d1b316e00
q1a717410,d1b3af434
q1a717410,d1b3967cc
q1a717410,d1b31a1cc
q1a717410,d1b39d63a
q1a717410,d1b3b0226
q1a717410,d1b2ffdae
q1a717410,d1b364b50
q1a717410,d1b36f0dc
q1a717410,d1b30d418
q1a717410,d1b3573f6
q1a72c324,d1b38878a
q1a72c324,d1b2ef24c
q1a72c324,d1b352c70
q1a72c324,d1b38706a
q1a72c324,d1b2fe508
q1a72c324,d1b31cd64
q1a72c324,d1b36ec4a
q1a72c324,d1b3b1ebe
q1a72c324,d1b30687a
q1a72c324,d1b3203ce
q1a737cce,d1b337a92
q1a737cce,d1b3c2c78
q1a737cce,d1a737d96
q1a737cce,d1b390570
q1a737cce,d1b2e4c34
q1a737cce,d1a73d426
q1a737cce,d1b3c7a70
q1a737cce,d1b3c1bb6
q1a737cce,d1b3ad134
q1a737cce,d1b3b50be
q1a7154d0,d1b3a2fb8
q1a7154d0,d1b38d8b6
q1a7154d0,d1b33dec4
q1a7154d0,d1b35e57a
q1a7154d0,d1b30c7f2
q1a7154d0,d1b3791b8
q1a7154d0,d1b3c743a
q1a7154d0,d1b3b7238
q1a7154d0,d1b374d48
q1a7154d0,d1b31fef6
q1a7347e0,d1b391a42
q1a7347e0,d1b3c4d8e
q1a7347e0,d1b3a9868
q1a7347e0,d1b34adcc
q1a7347e0,d1b391c4a
q1a7347e0,d1b3a0f92
q1a7347e0,d1b36136a
q1a7347e0,d1b3ba7a8
q1a7347e0,d1b3172c4
q1a7347e0,d1b329a00
q1a71837e,d1a7183ce
q1a71837e,d1b34a598
q1a71837e,d1b3b353e
q1a71837e,d1b306aa0
q1a71837e,d1b35446c
q1a71837e,d1b36cf58
q1a71837e,d1a73c7c4
q1a71837e,d1b381688
q1a71837e,d1b34b31c
q1a71837e,d1b3046d8
q1a722144,d1b386b1a
q1a722144,d1b354d0e
q1a722144,d1a73b248
q1a722144,d1a722202
q1a722144,d1b39b222
q1a722144,d1b35e70a
q1a722144,d1b36b5ae
q1a722144,d1b35ea48
q1a722144,d1b337c7c
q1a722144,d1b3affd8
q1a71656a,d1a7166dc
q1a71656a,d1b32ae78
q1a71656a,d1b34cec4
q1a71656a,d1b3849b4
q1a71656a,d1b34bc0e
q1a71656a,d1b3000ba
q1a71656a,d1b376fda
q1a71656a,d1b3b7da0
q1a71656a,d1b30d954
q1a71656a,d1b361590
q1a724b4c,d1b38a4a4
q1a724b4c,d1b33207e
q1a724b4c,d1a724bd8
q1a724b4c,d1b37dfd8
q1a724b4c,d1b32401e
q1a724b4c,d1b39ca32
q1a724b4c,d1b351dca
q1a724b4c,d1a71b952
q1a724b4c,d1b33efcc
q1a724b4c,d1b318a5c
q1a713e28,d1b2e373a
q1a713e28,d1a713f36
q1a713e28,d1b35c9dc
q1a713e28,d1b33d05a
q1a713e28,d1b385a12
q1a713e28,d1a715322
q1a713e28,d1b3c2228
q1a713e28,d1b39b79a
q1a713e28,d1b3952fa
q1a713e28,d1b355d9e
q1a73df8e,d1b32c020
q1a73df8e,d1b38b976
q1a73df8e,d1b3c2e58
q1a73df8e,d1a7218e8
q1a73df8e,d1b3879b6
q1a73df8e,d1b349b3e
q1a73df8e,d1b3c50d6
q1a73df8e,d1b3797e4
q1a73df8e,d1b3c743a
q1a73df8e,d1b365cb2
q1a72b5aa,d1a72b690
q1a72b5aa,d1b38878a
q1a72b5aa,d1b31ad02
q1a72b5aa,d1b2f68da
q1a72b5aa,d1b301456
q1a72b5aa,d1b33382a
q1a72b5aa,d1b39a6ce
q1a72b5aa,d1b31812e
q1a72b5aa,d1b315f0a
q1a72b5aa,d1b347d5c
q1a72af9c,d1a72b046
q1a72af9c,d1b3127ec
q1a72af9c,d1b34d270
q1a72af9c,d1b34d946
q1a72af9c,d1b38ad82
q1a72af9c,d1b39f390
q1a72af9c,d1b350b3c
q1a72af9c,d1b33efcc
q1a72af9c,d1b3578f6
q1a72af9c,d1b302c5c
q1a726a28,d1b37f428
q1a726a28,d1a726af0
q1a726a28,d1b3c0eaa
q1a726a28,d1a72f8c6
q1a726a28,d1a723a30
q1a726a28,d1b355ccc
q1a726a28,d1b35b7bc
q1a726a28,d1b3a1e2e
q1a726a28,d1a72d756
q1a726a28,d1b317dd2
q1a7393a8,d1a739434
q1a7393a8,d1b39f174
q1a7393a8,d1b30842c
q1a7393a8,d1b39d63a
q1a7393a8,d1b3a6e42
q1a7393a8,d1a732ce2
q1a7393a8,d1b365190
q1a7393a8,d1b3c6e54
q1a7393a8,d1b3bddc2
q1a7393a8,d1b399c2e
q1a72cc16,d1a72ccde
q1a72cc16,d1b3b5438
q1a72cc16,d1b364542
q1a72cc16,d1a72b690
q1a72cc16,d1b3505c4
q1a72cc16,d1a720a88
q1a72cc16,d1b3b17e8
q1a72cc16,d1b35ce14
q1a72cc16,d1b35ede0
q1a72cc16,d1b349d0a
q1a713108,d1a7218e8
q1a713108,d1b3879b6
q1a713108,d1b379906
q1a713108,d1b32c020
q1a713108,d1b3c5d24
q1a713108,d1b2e4c34
q1a713108,d1b31d46c
q1a713108,d1b2e707e
q1a713108,d1b2fbe34
q1a713108,d1b377142
q1a72070e,d1a72083a
q1a72070e,d1b360794
q1a72070e,d1a72ccde
q1a72070e,d1b309a8e
q1a72070e,d1b39a084
q1a72070e,d1b3507e0
q1a72070e,d1b33472a
q1a72070e,d1b309df4
q1a72070e,d1b34147a
q1a72070e,d1a73ab0e
q1a714be8,d1b329dc0
q1a714be8,d1b321094
q1a714be8,d1b2ecdee
q1a714be8,d1a714cd8
q1a714be8,d1b313dcc
q1a714be8,d1b2fa908
q1a714be8,d1b389496
q1a714be8,d1b34823e
q1a714be8,d1a73d426
q1a714be8,d1b31b73e
q1a71b10a,d1b38cee8
q1a71b10a,d1b30252c
q1a71b10a,d1b360230
q1a71b10a,d1a71b272
q1a71b10a,d1a72bf32
q1a71b10a,d1b3ba7a8
q1a71b10a,d1b3489dc
q1a71b10a,d1a73f2c6
q1a71b10a,d1b375054
q1a71b10a,d1a7118d0
q1a7163e4,d1a716452
q1a7163e4,d1b3c278c
q1a7163e4,d1b37a7a2
q1a7163e4,d1b341b5a
q1a7163e4,d1b30240a
q1a7163e4,d1b36001e
q1a7163e4,d1a71aebc
q1a7163e4,d1b35a9fc
q1a7163e4,d1b304548
q1a7163e4,d1b2fc294
q1a73d64c,d1a73d6ec
q1a73d64c,d1b3a3652
q1a73d64c,d1b3970fa
q1a73d64c,d1a735294
q1a73d64c,d1b39eb34
q1a73d64c,d1b33ea2c
q1a73d64c,d1b3bf97e
q1a73d64c,d1b389ca2
q1a73d64c,d1b36dd36
q1a73d64c,d1b39136c
q1a726a82,d1a726af0
q1a726a82,d1a723a30
q1a726a82,d1b31ce72
q1a726a82,d1b330e7c
q1a726a82,d1b357bda
q1a726a82,d1b37f428
q1a726a82,d1b355ccc
q1a726a82,d1b365e2e
q1a726a82,d1b34f78c
q1a726a82,d1b37dcae
q1a723ef4,d1a723f4e
q1a723ef4,d1b3a9174
q1a723ef4,d1b39dfc2
q1a723ef4,d1b36d638
q1a723ef4,d1b2fc7bc
q1a723ef4,d1b3a9a7a
q1a723ef4,d1b36fa96
q1a723ef4,d1b3495da
q1a723ef4,d1b360e42
q1a723ef4,d1b359ce6
q1a72e0f2,d1b3a7c2a
q1a72e0f2,d1b31fa28
q1a72e0f2,d1b313dcc
q1a72e0f2,d1b3b3336
q1a72e0f2,d1b34823e
q1a72e0f2,d1b3270fc
q1a72e0f2,d1a71dd10
q1a72e0f2,d1b389496
q1a72e0f2,d1b31b73e
q1a72e0f2,d1a714cd8
q1a725010,d1b30ec14
q1a725010,d1a7250b0
q1a725010,d1b3bacc6
q1a725010,d1b36065e
q1a725010,d1b3a6fa0
q1a725010,d1b3adc10
q1a725010,d1b39c5b4
q1a725010,d1b390908
q1a725010,d1b35881e
q1a725010,d1b2e373a
q1a71d504,d1a740f04
q1a71d504,d1b328bdc
q1a71d504,d1b3aeb92
q1a71d504,d1b331e12
q1a71d504,d1b342d3e
q1a71d504,d1b3b3c00
q1a71d504,d1b34db9e
q1a71d504,d1b364a7e
q1a71d504,d1b34107e
q1a71d504,d1b343a22
q1a7325da,d1a7326f2
q1a7325da,d1b34befc
q1a7325da,d1b34823e
q1a7325da,d1a72ad94
q1a7325da,d1a727e1e
q1a7325da,d1b384bc6
q1a7325da,d1b376800
q1a7325da,d1b32e7f8
q1a7325da,d1b39d63a
q1a7325da,d1b2eb728
q1a723382,d1a7233f0
q1a723382,d1b395cd2
q1a723382,d1b31c378
q1a723382,d1b2f72a8
q1a723382,d1b38a56c
q1a723382,d1a7285e4
q1a723382,d1b2e87c6
q1a723382,d1b3b97e0
q1a723382,d1b3135ca
q1a723382,d1b356622
q1a7351c2,d1a735294
q1a7351c2,d1b3970fa
q1a7351c2,d1a71fa20
q1a7351c2,d1b3a8756
q1a7351c2,d1a73cf94
q1a7351c2,d1b33ea2c
q1a7351c2,d1b38404a
q1a7351c2,d1b398cac
q1a7351c2,d1b2f68da
q1a7351c2,d1b377ce6
q1a7336d8,d1a7337aa
q1a7336d8,d1b301ca8
q1a7336d8,d1b3929ec
q1a7336d8,d1b2fc294
q1a7336d8,d1b3336c2
q1a7336d8,d1b30124e
q1a7336d8,d1b3884d8
q1a7336d8,d1a7138d8
q1a7336d8,d1b2f3144
q1a7336d8,d1b2e9086
q1a719c4c,d1a719d6e
q1a719c4c,d1b3c36a0
q1a719c4c,d1a72c19e
q1a719c4c,d1b399044
q1a719c4c,d1b36ac94
q1a719c4c,d1b3a7932
q1a719c4c,d1b3abcb2
q1a719c4c,d1b3878a8
q1a719c4c,d1a7155e8
q1a719c4c,d1b37a252
q1a725290,d1a7253e4
q1a725290,d1b392abe
q1a725290,d1b3182b4
q1a725290,d1a72ccde
q1a725290,d1b315816
q1a725290,d1b31bba8
q1a725290,d1b3affd8
q1a725290,d1b320888
q1a725290,d1b337c7c
q1a725290,d1b33fdd2
q1a7140ee,d1a719738
q1a7140ee,d1a714224
q1a7140ee,d1b370248
q1a7140ee,d1b3a9692
q1a7140ee,d1b320acc
q1a7140ee,d1b351262
q1a7140ee,d1b39b8f8
q1a7140ee,d1b31ad02
q1a7140ee,d1b3193e4
q1a7140ee,d1b36c206
q1a7186da,d1b33d4b0
q1a7186da,d1b374582
q1a7186da,d1b39bad8
q1a7186da,d1b3920a0
q1a7186da,d1b372840
q1a7186da,d1b3881ae
q1a7186da,d1b31d0c0
q1a7186da,d1b304e80
q1a7186da,d1b2fbfce
q1a7186da,d1b3a8bde
q1a73030c,d1a7303b6
q1a73030c,d1b3967cc
q1a73030c,d1b3b0226
q1a73030c,d1b31d8ae
q1a73030c,d1b3b82e6
q1a73030c,d1b363cfa
q1a73030c,d1b3c7ed0
q1a73030c,d1b381584
q1a73030c,d1b306bae
q1a73030c,d1b32a91e
q1a741148,d1a7411b6
q1a741148,d1b34c1cc
q1a741148,d1b36001e
q1a741148,d1b318516
q1a741148,d1b31f42e
q1a741148,d1b39a7e6
q1a741148,d1b351bc2
q1a741148,d1b33b3e0
q1a741148,d1b329a00
q1a741148,d1b3879b6
q1a722dd8,d1a722f4a
q1a722dd8,d1b35fd94
q1a722dd8,d1b362d1e
q1a722dd8,d1b357d56
q1a722dd8,d1b31aff0
q1a722dd8,d1b343a22
q1a722dd8,d1b3b46be
q1a722dd8,d1b3b2760
q1a722dd8,d1b34f6b0
q1a722dd8,d1b38b20a
q1a711eac,d1a711fd8
q1a711eac,d1b3238b2
q1a711eac,d1a7183ce
q1a711eac,d1b315a5a
q1a711eac,d1b326f12
q1a711eac,d1b38d8b6
q1a711eac,d1a72bce4
q1a711eac,d1a72c19e
q1a711eac,d1b338bcc
q1a711eac,d1b34b31c
q1a73c698,d1b39dacc
q1a73c698,d1b35446c
q1a73c698,d1b390570
q1a73c698,d1a73c7c4
q1a73c698,d1b311c48
q1a73c698,d1b31d46c
q1a73c698,d1b35493a
q1a73c698,d1b34da5e
q1a73c698,d1b369c7c
q1a73c698,d1b39aaca
q1a72db02,d1b3bd598
q1a72db02,d1b37796c
q1a72db02,d1b3416dc
q1a72db02,d1b34e29c
q1a72db02,d1b3bedf8
q1a72db02,d1a738764
q1a72db02,d1b30c09a
q1a72db02,d1a73f79e
q1a72db02,d1a72dc10
q1a72db02,d1b35e57a
q1a721a28,d1a721b22
q1a721a28,d1b324bcc
q1a721a28,d1b38a148
q1a721a28,d1b37b562
q1a721a28,d1b363a48
q1a721a28,d1a734aec
q1a721a28,d1b31b73e
q1a721a28,d1b3af100
q1a721a28,d1b39b2d6
q1a721a28,d1b32e9b0
q1a73b342,d1b2f0d72
q1a73b342,d1a731c70
q1a73b342,d1a73b46e
q1a73b342,d1b3b4182
q1a73b342,d1b34e18e
q1a73b342,d1b3a4c0a
q1a73b342,d1a713f36
q1a73b342,d1b321b70
q1a73b342,d1b2f4418
q1a73b342,d1a73a62c
q1a7251fa,d1b36b7fc
q1a7251fa,d1b398a04
q1a7251fa,d1b3134f8
q1a7251fa,d1b3ba096
q1a7251fa,d1b346902
q1a7251fa,d1b3b2760
q1a7251fa,d1b349f26
q1a7251fa,d1b309750
q1a7251fa,d1b2eead6
q1a7251fa,d1b3554b6
q1a71fe1c,d1a71febc
q1a71fe1c,d1b2f1524
q1a71fe1c,d1b32ff9a
q1a71fe1c,d1b3274f8
q1a71fe1c,d1b3597d2
q1a71fe1c,d1b2eca42
q1a71fe1c,d1b39e774
q1a71fe1c,d1b3a581c
q1a71fe1c,d1a71a9bc
q1a71fe1c,d1b3a6d3e
q1a739ce0,d1a712532
q1a739ce0,d1b38fc38
q1a739ce0,d1b32d4b6
q1a739ce0,d1b34e3dc
q1a739ce0,d1b2fc690
q1a739ce0,d1b31925e
q1a739ce0,d1b398b80
q1a739ce0,d1b378b82
q1a739ce0,d1a739e3e
q1a739ce0,d1b363336
q1a717686,d1b346114
q1a717686,d1b33f3be
q1a717686,d1b369c7c
q1a717686,d1b37f0ae
q1a717686,d1b3bccba
q1a717686,d1b364ee8
q1a717686,d1b33f166
q1a717686,d1b35a6c8
q1a717686,d1b311c48
q1a717686,d1b326508
q1a73ff14,d1b3b5ad2
q1a73ff14,d1b32921c
q1a73ff14,d1a73ffe6
q1a73ff14,d1b3ba9b0
q1a73ff14,d1b3300b2
q1a73ff14,d1b39f78c
q1a73ff14,d1b359a84
q1a73ff14,d1b39c12c
q1a73ff14,d1b38d9ec
q1a73ff14,d1a72ad94
q1a713752,d1b380a62
q1a713752,d1a7138d8
q1a713752,d1b379f64
q1a713752,d1b34d946
q1a713752,d1b3c5a04
q1a713752,d1b3c8362
q1a713752,d1b308d82
q1a713752,d1b339068
q1a713752,d1b2f65ce
q1a713752,d1b34d270
q1a726c80,d1b3791b8
q1a726c80,d1b3b4f4c
q1a726c80,d1b35141a
q1a726c80,d1b3b7238
q1a726c80,d1b3c41c2
q1a726c80,d1b330422
q1a726c80,d1b3304fe
q1a726c80,d1a726d7a
q1a726c80,d1b38ba70
q1a726c80,d1b35e57a
q1a73730a,d1a73744a
q1a73730a,d1b3573f6
q1a73730a,d1b3a9f84
q1a73730a,d1b325ba8
q1a73730a,d1b335d96
q1a73730a,d1b3c794e
q1a73730a,d1b35c2de
q1a73730a,d1b363336
q1a73730a,d1b362d1e
q1a73730a,d1b3336c2
q1a71e0b2,d1a71e1e8
q1a71e0b2,d1a7340d8
q1a71e0b2,d1b3061a4
q1a71e0b2,d1b334a2c
q1a71e0b2,d1b3712f6
q1a71e0b2,d1b33f274
q1a71e0b2,d1b2ee16c
q1a71e0b2,d1b38f3c8
q1a71e0b2,d1b32e136
q1a71e0b2,d1b3b9614
q1a732990,d1a732a94
q1a732990,d1b3bf370
q1a732990,d1b37543c
q1a732990,d1b35be06
q1a732990,d1b362b70
q1a732990,d1b32bf12
q1a732990,d1b3ba6ae
q1a732990,d1b30e5d4
q1a732990,d1b3611a8
q1a732990,d1b39e774
q1a726532,d1b3bf28a
q1a726532,d1b2ff9bc
q1a726532,d1b369c7c
q1a726532,d1b3ae390
q1a726532,d1b3c11c0
q1a726532,d1b354c00
q1a726532,d1b3a8f4e
q1a726532,d1b3ae62e
q1a726532,d1b3907e6
q1a726532,d1b33c330
q1a719044,d1a719184
q1a719044,d1b389a04
q1a719044,d1b366ad6
q1a719044,d1b34b02e
q1a719044,d1a716c9a
q1a719044,d1b3360d4
q1a719044,d1b377e58
q1a719044,d1b38c9f2
q1a719044,d1b3c4c80
q1a719044,d1b3685de
q1a7196e8,d1a719738
q1a7196e8,d1a714224
q1a7196e8,d1b31137e
q1a7196e8,d1b300d1c
q1a7196e8,d1b33cd08
q1a7196e8,d1b378d4e
q1a7196e8,d1b3a9692
q1a7196e8,d1b2e63f4
q1a7196e8,d1a72d184
q1a7196e8,d1b3a6fa0
q1a7383b8,d1b3177b0
q1a7383b8,d1b37c8ea
q1a7383b8,d1b3bab22
q1a7383b8,d1b352f68
q1a7383b8,d1b3164f0
q1a7383b8,d1a7324d6
q1a7383b8,d1b31e7a4
q1a7383b8,d1b371dd2
q1a7383b8,d1b30df3a
q1a7383b8,d1b35313e
q1a726ffa,d1a7270c2
q1a726ffa,d1a72250e
q1a726ffa,d1b308d82
q1a726ffa,d1b3c5a04
q1a726ffa,d1b34d946
q1a726ffa,d1b39bccc
q1a726ffa,d1b380a62
q1a726ffa,d1b3c8362
q1a726ffa,d1b339068
q1a726ffa,d1b2f7b68
q1a71dbda,d1b369c7c
q1a71dbda,d1b36b180
q1a71dbda,d1a71dd10
q1a71dbda,d1a727b8a
q1a71dbda,d1a72d756
q1a71dbda,d1a736054
q1a71dbda,d1b3862b4
q1a71dbda,d1b387d08
q1a71dbda,d1b37f428
q1a71dbda,d1b3b8f0c
q1a7272ac,d1b39f4bc
q1a7272ac,d1a712ba4
q1a7272ac,d1b370770
q1a7272ac,d1b3a47d2
q1a7272ac,d1b38ad82
q1a7272ac,d1b3c769c
q1a7272ac,d1b2fe508
q1a7272ac,d1b36c3be
q1a7272ac,d1b2f9698
q1a7272ac,d1a72740a
q1a736964,d1b32a91e
q1a736964,d1b2f32e8
q1a736964,d1b3a6672
q1a736964,d1b35fb64
q1a736964,d1b330f9e
q1a736964,d1b2e5f26
q1a736964,d1b3ac356
q1a736964,d1b3a8bde
q1a736964,d1b2f9daa
q1a736964,d1b33b75a
q1a723bb6,d1b323b32
q1a723bb6,d1b3c5fe0
q1a723bb6,d1b34a228
q1a723bb6,d1b3bb298
q1a723bb6,d1b396510
q1a723bb6,d1a72c798
q1a723bb6,d1b38a6de
q1a723bb6,d1b375ee6
q1a723bb6,d1b33ae9a
q1a723bb6,d1a723c42
q1a72f04c,d1b369c7c
q1a72f04c,d1b2e63f4
q1a72f04c,d1b31f906
q1a72f04c,d1b3a9a7a
q1a72f04c,d1b3b9a42
q1a72f04c,d1b3202c0
q1a72f04c,d1b33c330
q1a72f04c,d1b3af286
q1a72f04c,d1b360794
q1a72f04c,d1b3254a0
q1a7193d2,d1b324d98
q1a7193d2,d1a72ccde
q1a7193d2,d1b324532
q1a7193d2,d1b2fcb7c
q1a7193d2,d1b3c874a
q1a7193d2,d1b3b5438
q1a7193d2,d1b3086e8
q1a7193d2,d1b3963b2
q1a7193d2,d1a719490
q1a7193d2,d1b364542
q1a712dde,d1a712ec4
q1a712dde,d1a73fcc6
q1a712dde,d1b379d34
q1a712dde,d1b37c32c
q1a712dde,d1b34a9f8
q1a712dde,d1b363192
q1a712dde,d1b364006
q1a712dde,d1b336278
q1a712dde,d1b34c1cc
q1a712dde,d1b367f1c
q1a719f44,d1b37e38e
q1a719f44,d1a71a016
q1a719f44,d1a73d6ec
q1a719f44,d1b337650
q1a719f44,d1b31e448
q1a719f44,d1b2e92ac
q1a719f44,d1b384cac
q1a719f44,d1b33ea2c
q1a719f44,d1b3bf370
q1a719f44,d1b38404a
q1a736bd0,d1a736cca
q1a736bd0,d1b347618
q1a736bd0,d1b3b3a70
q1a736bd0,d1b3c5be4
q1a736bd0,d1b364470
q1a736bd0,d1b380814
q1a736bd0,d1b34f5a2
q1a736bd0,d1b30a394
q1a736bd0,d1a739e3e
q1a736bd0,d1b39b09c
q1a72c982,d1b388e88
q1a72c982,d1b2f345a
q1a72c982,d1b3a9a7a
q1a72c982,d1b3bdaa2
q1a72c982,d1b32a568
q1a72c982,d1b3a8756
q1a72c982,d1b319772
q1a72c982,d1b3c40aa
q1a72c982,d1b3b6d7e
q1a72c982,d1b37a0d6
q1a73bf36,d1b34f5a2
q1a73bf36,d1b32cade
q1a73bf36,d1b34a6a6
q1a73bf36,d1a73bfc2
q1a73bf36,d1b2edfd2
q1a73bf36,d1b31330e
q1a73bf36,d1b3673aa
q1a73bf36,d1b327d22
q1a73bf36,d1b2fab74
q1a73bf36,d1b39cd20
q1a73fc58,d1a73fcc6
q1a73fc58,d1a712ec4
q1a73fc58,d1b37c32c
q1a73fc58,d1b344ce2
q1a73fc58,d1b379d34
q1a73fc58,d1b305ef2
q1a73fc58,d1b2eead6
q1a73fc58,d1b363192
q1a73fc58,d1a7411b6
q1a73fc58,d1b34c1cc
q1a732bde,d1a71b952
q1a732bde,d1b359ce6
q1a732bde,d1a711510
q1a732bde,d1b388e88
q1a732bde,d1b3061a4
q1a732bde,d1b3bdaa2
q1a732bde,d1b34f8f4
q1a732bde,d1b390a2a
q1a732bde,d1a72cf18
q1a732bde,d1b2f381a
q1a7260f0,d1a7261ea
q1a7260f0,d1b3acef0
q1a7260f0,d1a73ca80
q1a7260f0,d1b3458e0
q1a7260f0,d1b325f2c
q1a7260f0,d1b325108
q1a7260f0,d1b3a12a8
q1a7260f0,d1b3bb45a
q1a7260f0,d1b348dce
q1a7260f0,d1b3a3364
q1a73670c,d1b369c7c
q1a73670c,d1b3862b4
q1a73670c,d1b33f3be
q1a73670c,d1b31a0d2
q1a73670c,d1a727b8a
q1a73670c,d1b387d08
q1a73670c,d1a72d756
q1a73670c,d1b39dacc
q1a73670c,d1b364ee8
q1a73670c,d1b2ef3dc
q1a7339ee,d1a733a98
q1a7339ee,d1b36b180
q1a7339ee,d1b3958ea
q1a7339ee,d1b3bdcf0
q1a7339ee,d1b36a6ae
q1a7339ee,d1b3441a2
q1a7339ee,d1b3162d4
q1a7339ee,d1b30d0f8
q1a7339ee,d1a71dd10
q1a7339ee,d1b3c3e8e
q1a7133ec,d1b3052cc
q1a7133ec,d1b335206
q1a7133ec,d1b3a8f4e
q1a7133ec,d1a713428
q1a7133ec,d1b3c0234
q1a7133ec,d1b3c11c0
q1a7133ec,d1b3127ec
q1a7133ec,d1b3616a8
q1a7133ec,d1b36f5aa
q1a7133ec,d1b38242a
q1a712a50,d1b3b8da4
q1a712a50,d1b370c02
q1a712a50,d1b366126
q1a712a50,d1b3afc7c
q1a712a50,d1b343388
q1a712a50,d1a712ba4
q1a712a50,d1b39f4bc
q1a712a50,d1b35ac18
q1a712a50,d1b30bf14
q1a712a50,d1a73d19c
q1a71f44e,d1a71f534
q1a71f44e,d1b3ab668
q1a71f44e,d1a71a4e4
q1a71f44e,d1b3af8f8
q1a71f44e,d1b3797e4
q1a71f44e,d1b3b6d7e
q1a71f44e,d1b357bda
q1a71f44e,d1b2e8d98
q1a71f44e,d1b36c60c
q1a71f44e,d1b36a532
q1a73c9e0,d1a73ca80
q1a73c9e0,d1b3630ca
q1a73c9e0,d1b35de90
q1a73c9e0,d1b3a02e0
q1a73c9e0,d1b30c658
q1a73c9e0,d1b348dce
q1a73c9e0,d1b342b5e
q1a73c9e0,d1b374e60
q1a73c9e0,d1b351262
q1a73c9e0,d1b3c4514
q1a7180c2,d1a718108
q1a7180c2,d1b358206
q1a7180c2,d1b3c1bb6
q1a7180c2,d1b3a2ac2
q1a7180c2,d1b326d46
q1a7180c2,d1b3c31be
q1a7180c2,d1a726af0
q1a7180c2,d1a73d426
q1a7180c2,d1b3ad134
q1a7180c2,d1b32c020
q1a724b1a,d1b32401e
q1a724b1a,d1b3673aa
q1a724b1a,d1b373862
q1a724b1a,d1b2fb2f4
q1a724b1a,d1b378880
q1a724b1a,d1b3a09c0
q1a724b1a,d1a738034
q1a724b1a,d1b3c0c84
q1a724b1a,d1a731748
q1a724b1a,d1b382074
q1a7314dc,d1a72d756
q1a7314dc,d1b35493a
q1a7314dc,d1b32c020
q1a7314dc,d1b356758
q1a7314dc,d1b387d08
q1a7314dc,d1a722c66
q1a7314dc,d1b2e1e08
q1a7314dc,d1b3202c0
q1a7314dc,d1b337970
q1a7314dc,d1b3a6596
q1a724656,d1a72471e
q1a724656,d1b3967cc
q1a724656,d1b3af434
q1a724656,d1a726d7a
q1a724656,d1b3391b2
q1a724656,d1a7303b6
q1a724656,d1b3b9e5c
q1a724656,d1b32ab9e
q1a724656,d1b353b48
q1a724656,d1b334c52
q1a728e04,d1a728e36
q1a728e04,d1b33c038
q1a728e04,d1b2e225e
q1a728e04,d1b2ee798
q1a728e04,d1a722c66
q1a728e04,d1b36001e
q1a728e04,d1b387d08
q1a728e04,d1b3aaa1a
q1a728e04,d1b32a568
q1a728e04,d1b2ef3dc
q1a728d14,d1a728e36
q1a728d14,d1b3a197e
q1a728d14,d1b3c50d6
q1a728d14,d1b33198a
q1a728d14,d1b3925aa
q1a728d14,d1a7218e8
q1a728d14,d1b306d8e
q1a728d14,d1b3797e4
q1a728d14,d1b349b3e
q1a728d14,d1b36a6ae
q1a727d1a,d1b34bfec
q1a727d1a,d1b346114
q1a727d1a,d1b3beb3c
q1a727d1a,d1a727e1e
q1a727d1a,d1b387d08
q1a727d1a,d1b2ef3dc
q1a727d1a,d1b364ee8
q1a727d1a,d1b33f166
q1a727d1a,d1a72d756
q1a727d1a,d1b3bccba
q1a73acbc,d1b39034a
q1a73acbc,d1b3a59ca
q1a73acbc,d1a741bd4
q1a73acbc,d1b356622
q1a73acbc,d1b375108
q1a73acbc,d1b3aa1a0
q1a73acbc,d1b2e2632
q1a73acbc,d1b2e55ee
q1a73acbc,d1b36639c
q1a73acbc,d1b36ed08
q1a73055a,d1b37796c
q1a73055a,d1b36f0dc
q1a73055a,d1b34e29c
q1a73055a,d1b3416dc
q1a73055a,d1b3a4aca
q1a73055a,d1b31fef6
q1a73055a,d1a738764
q1a73055a,d1b38f58a
q1a73055a,d1b3bd598
q1a73055a,d1b335418
q1a72d864,d1a72d99a
q1a72d864,d1b35dfda
q1a72d864,d1b3af9ca
q1a72d864,d1a71b952
q1a72d864,d1b3bb81a
q1a72d864,d1b3bbd7e
q1a72d864,d1a724e76
q1a72d864,d1b36cad0
q1a72d864,d1b3a8756
q1a72d864,d1b3061a4
q1a73e8da,d1b3c11c0
q1a73e8da,d1b3bf28a
q1a73e8da,d1b30f8da
q1a73e8da,d1b36c206
q1a73e8da,d1b2ff9bc
q1a73e8da,d1b36e088
q1a73e8da,d1a72d184
q1a73e8da,d1b2ee16c
q1a73e8da,d1b2ff07a
q1a73e8da,d1b3becc2
q1a7288be,d1a7289ae
q1a7288be,d1b332c22
q1a7288be,d1b349954
q1a7288be,d1b337970
q1a7288be,d1b326d46
q1a7288be,d1b389a04
q1a7288be,d1b38ffda
q1a7288be,d1b3b229c
q1a7288be,d1b3862b4
q1a7288be,d1b32c3fe
q1a71ad72,d1a71aebc
q1a71ad72,d1b2f7fd2
q1a71ad72,d1b343388
q1a71ad72,d1b318cf0
q1a71ad72,d1b3573f6
q1a71ad72,d1b33a026
q1a71ad72,d1b32309c
q1a71ad72,d1b3970fa
q1a71ad72,d1b3336c2
q1a71ad72,d1b38eae0
q1a7301c2,d1a7303b6
q1a7301c2,d1b36c06c
q1a7301c2,d1b397898
q1a7301c2,d1b38b426
q1a7301c2,d1b3967cc
q1a7301c2,d1a72dc10
q1a7301c2,d1b381584
q1a7301c2,d1b3b0226
q1a7301c2,d1b31c580
q1a7301c2,d1b3a8990
q1a71b862,d1b37a252
q1a71b862,d1b305600
q1a71b862,d1b3515fa
q1a71b862,d1b32e5be
q1a71b862,d1b30e5d4
q1a71b862,d1b2efec2
q1a71b862,d1a71b952
q1a71b862,d1b3061a4
q1a71b862,d1b323290
q1a71b862,d1b3878a8
q1a71e666,d1b3595ac
q1a71e666,d1b33bb60
q1a71e666,d1a71dd10
q1a71e666,d1b31d46c
q1a71e666,d1b369c7c
q1a71e666,d1b36b180
q1a71e666,d1b3862b4
q1a71e666,d1b37f428
q1a71e666,d1b38d9ec
q1a71e666,d1b3b8f0c
q1a72f290,d1a72f362
q1a72f290,d1b3b2c2e
q1a72f290,d1a72135c
q1a72f290,d1b3577de
q1a72f290,d1b342488
q1a72f290,d1b38772c
q1a72f290,d1b3ba096
q1a72f290,d1a7253e4
q1a72f290,d1b33a9ea
q1a72f290,d1b3225a2
q1a73aa78,d1a72ccde
q1a73aa78,d1b392abe
q1a73aa78,d1b315816
q1a73aa78,d1b3182b4
q1a73aa78,d1b33856e
q1a73aa78,d1b35ce14
q1a73aa78,d1b320888
q1a73aa78,d1b35ddaa
q1a73aa78,d1b36ee3e
q1a73aa78,d1b3300b2
q1a71f41c,d1b3b23be
q1a71f41c,d1b2e8d98
q1a71f41c,d1b3c6bc0
q1a71f41c,d1b327b92
q1a71f41c,d1b3797e4
q1a71f41c,d1b3c6a8a
q1a71f41c,d1a71a4e4
q1a71f41c,d1a7326f2
q1a71f41c,d1b390570
q1a71f41c,d1a7218e8
q1a73a2a8,d1a73a424
q1a73a2a8,d1b370946
q1a73a2a8,d1a7253e4
q1a73a2a8,d1b3a5bd2
q1a73a2a8,d1b352f68
q1a73a2a8,d1b318f20
q1a73a2a8,d1b35b99c
q1a73a2a8,d1b3a3fbc
q1a73a2a8,d1b31bba8
q1a73a2a8,d1b3b87e6
q1a737f62,d1b3780ba
q1a737f62,d1a738034
q1a737f62,d1b363dc2
q1a737f62,d1b37c246
q1a737f62,d1b32dce0
q1a737f62,d1b379078
q1a737f62,d1b39b150
q1a737f62,d1b31c670
q1a737f62,d1b3b8660
q1a737f62,d1b38ae90
q1a72647e,d1b31b73e
q1a72647e,d1b389496
q1a72647e,d1b36a6ae
q1a72647e,d1b3babf4
q1a72647e,d1b3202c0
q1a72647e,d1b3259b4
q1a72647e,d1b375874
q1a72647e,d1b39d4aa
q1a72647e,d1b3a02e0
q1a72647e,d1b2fa908
q1a712712,d1a7127d0
q1a712712,d1b3225a2
q1a712712,d1b3a75ea
q1a712712,d1b34be20
q1a712712,d1b2fb01a
q1a712712,d1b3b92ea
q1a712712,d1b33472a
q1a712712,d1b38cac4
q1a712712,d1b2f0d72
q1a712712,d1b309df4
q1a72d2ce,d1a72d3f0
q1a72d2ce,d1b3946fc
q1a72d2ce,d1b3bfe6a
q1a72d2ce,d1b3963b2
q1a72d2ce,d1b3ad8aa
q1a72d2ce,d1b3b3926
q1a72d2ce,d1b32cc6e
q1a72d2ce,d1b341a38
q1a72d2ce,d1b3396e4
q1a72d2ce,d1b3aafce
q1a733728,d1b33db86
q1a733728,d1a7337aa
q1a733728,d1b3b4ac4
q1a733728,d1a7270c2
q1a733728,d1b3418d0
q1a733728,d1b32e28a
q1a733728,d1b386c5a
q1a733728,d1b2f0318
q1a733728,d1b3c5a04
q1a733728,d1b3782ea
q1a740e00,d1a740f04
q1a740e00,d1b33486a
q1a740e00,d1b31ad02
q1a740e00,d1b31dff2
q1a740e00,d1b3983ba
q1a740e00,d1b328bdc
q1a740e00,d1b2f8856
q1a740e00,d1b343a22
q1a740e00,d1b395eee
q1a740e00,d1b331e12
q1a73af6e,d1b392e92
q1a73af6e,d1b3c014e
q1a73af6e,d1b373862
q1a73af6e,d1b32cade
q1a73af6e,d1b3c0c84
q1a73af6e,d1b3a8bde
q1a73af6e,d1b2e9950
q1a73af6e,d1b3805b2
q1a73af6e,d1a711c7c
q1a73af6e,d1b36e60a
q1a723666,d1b35a416
q1a723666,d1b32624c
q1a723666,d1a713c66
q1a723666,d1b365cb2
q1a723666,d1b369812
q1a723666,d1a7237ce
q1a723666,d1b2ec812
q1a723666,d1b306d8e
q1a723666,d1b3c33a8
q1a723666,d1b37534c
q1a73268e,d1b3c1bb6
q1a73268e,d1b31a0d2
q1a73268e,d1b3352d8
q1a73268e,d1a72bf32
q1a73268e,d1b38cee8
q1a73268e,d1a72ad94
q1a73268e,d1b3c7a70
q1a73268e,d1b32c020
q1a73268e,d1b37dea2
q1a73268e,d1b33c038
q1a73641e,d1b34dca2
q1a73641e,d1b397cf8
q1a73641e,d1b397758
q1a73641e,d1b367b34
q1a73641e,d1b31a1cc
q1a73641e,d1a73652c
q1a73641e,d1b31fd3e
q1a73641e,d1b2ebe26
q1a73641e,d1b37743a
q1a73641e,d1b3239fc
q1a733fb6,d1a7340d8
q1a733fb6,d1a736054
q1a733fb6,d1b33c038
q1a733fb6,d1b3487ac
q1a733fb6,d1b2fe102
q1a733fb6,d1b3b0712
q1a733fb6,d1b32ff9a
q1a733fb6,d1b2f1524
q1a733fb6,d1b3ac770
q1a733fb6,d1b2f54f8
q1a72597a,d1b39f28c
q1a72597a,d1b3134f8
q1a72597a,d1a725a2e
q1a72597a,d1b2e30c8
q1a72597a,d1b35cd42
q1a72597a,d1a71b272
q1a72597a,d1b375054
q1a72597a,d1b30ce78
q1a72597a,d1b324668
q1a72597a,d1b318a5c
q1a730bae,d1a730c3a
q1a730bae,d1b3a2bc6
q1a730bae,d1b35141a
q1a730bae,d1b36b914
q1a730bae,d1b3791b8
q1a730bae,d1a7326f2
q1a730bae,d1b2edfd2
q1a730bae,d1b306bae
q1a730bae,d1b3c1bb6
q1a730bae,d1a7169c0
q1a732e9a,d1b3ad8aa
q1a732e9a,d1b3974ce
q1a732e9a,d1b3890d6
q1a732e9a,d1b3aafce
q1a732e9a,d1b3a581c
q1a732e9a,d1b2f4e5e
q1a732e9a,d1b3bfe6a
q1a732e9a,d1b3946fc
q1a732e9a,d1b3b3926
q1a732e9a,d1b38897e
q1a721000,d1a7210fa
q1a721000,d1b2fbac4
q1a721000,d1b347866
q1a721000,d1a73899e
q1a721000,d1a7362fc
q1a721000,d1b33db86
q1a721000,d1b3c4514
q1a721000,d1b31ae60
q1a721000,d1b32aa36
q1a721000,d1b34fc64
q1a72240a,d1b33a76a
q1a72240a,d1b3418d0
q1a72240a,d1b3578f6
q1a72240a,d1b2f0318
q1a72240a,d1b386c5a
q1a72240a,d1b343144
q1a72240a,d1b36fdf2
q1a72240a,d1b391948
q1a72240a,d1b2f0c14
q1a72240a,d1b35d1ac
q1a711c36,d1b39b4fc
q1a711c36,d1b37b97c
q1a711c36,d1b3b2c2e
q1a711c36,d1b3711d4
q1a711c36,d1b336d72
q1a711c36,d1a72f362
q1a711c36,d1a72135c
q1a711c36,d1a71bb78
q1a711c36,d1b3a4ea8
q1a711c36,d1b39c6ea
q1a73d3ea,d1b369a38
q1a73d3ea,d1b3b712a
q1a73d3ea,d1a73d426
q1a73d3ea,d1a72ad94
q1a73d3ea,d1b3c1bb6
q1a73d3ea,d1b2ecdee
q1a73d3ea,d1b39d63a
q1a73d3ea,d1b39dacc
q1a73d3ea,d1b349954
q1a73d3ea,d1b37dcae
