dataset,num_docs,num_chunks,expansion,baseline_ndcg,baseline_recall,chunked_ndcg,chunked_recall,ndcg_improvement,recall_improvement
convfinqa,2066,4992,2.4162633107454017,0.29365079365079366,0.29365079365079366,0.4523809523809524,0.4523809523809524,54.05405405405405,54.05405405405405
financebench,180,221,1.2277777777777779,0.4888888888888889,0.7444444444444445,0.4888888888888889,0.7444444444444445,0.0,0.0
finder,13867,13862,0.9996394317444293,0.21875,0.31614583333333335,0.21875,0.31614583333333335,0.0,0.0
finqa,2789,6744,2.4180709931875226,0.2761627906976744,0.2761627906976744,0.45930232558139533,0.45930232558139533,66.3157894736842,66.3157894736842
finqabench,92,92,1.0,0.9333333333333333,0.9333333333333333,0.9333333333333333,0.9333333333333333,0.0,0.0
multiheirtt,10475,10480,1.0004773269689737,0.0,0.055149948985565425,0.0,0.055149948985565425,,0.0
tatqa,2756,4686,1.7002902757619738,0.37349397590361444,0.37349397590361444,0.44779116465863456,0.44779116465863456,19.89247311827958,19.89247311827958
